#STRIP_ID,Detector,Side,Strip,TAC_calibration,TAC_calibration_error,TAC_offset,TAC_offset_error
64,0,0,32,0.4556566750938984,0.0007846479435844,-643.8666745290292,7.78691081645562
65,0,0,33,0.4551726820109966,0.0006708572329563,-609.9839497922065,6.615930893351631
66,0,0,34,0.4818134722463463,0.000527972015931,-714.994511050921,5.031379563293471
67,0,0,35,0.4544533503154776,0.0002934196644989,-529.8045186858408,2.847709035133625
68,0,0,36,0.4647144884639498,0.0004002722008746,-530.5192605159508,3.799562575520689
69,0,0,37,0.4603527577473966,0.0002147976565663,-503.426879515844,2.045937771361395
70,0,0,38,0.4635865877857097,0.0005945924865587,-538.2366282161117,5.667530767904252
71,0,0,39,0.4640946156660619,0.0005818633803437,-553.4389289274613,5.5587345949546805
72,0,0,40,0.4740094158910402,0.0007676136643285,-588.3882187813152,7.235143819347082
73,0,0,41,0.4588163921655697,0.0008146034204871,-619.9383714702462,7.987008593871672
74,0,0,42,0.4683102802037738,0.0009220712367566,-688.7432253624563,8.989824788534012
75,0,0,43,0.4550830202550772,0.0010725417362546,-682.7751767580162,10.747035058895284
76,0,0,44,0.4729898999233862,0.0007682759472586,-652.1583456758632,7.358189885250253
77,0,0,45,0.4639717986814496,0.0008453900311533,-579.3574503154613,8.124540807493075
78,0,0,46,0.4687092115107836,0.0007124219876833,-560.4864460634938,6.749455046636979
79,0,0,47,0.4622128420895226,0.0008813866757013,-629.9161686965841,8.596890666878487
80,0,0,48,0.4626692890387931,0.0005882890446525,-517.8413011279004,5.593254686396041
81,0,0,49,0.4590847592446698,0.0012238006427074,-640.7537986199435,12.046297290908168
82,0,0,50,0.4493503783200882,0.0006468371431521,-532.2651955008856,6.352459917783231
83,0,0,51,0.4562805365314076,0.0007484276391292,-530.280450839749,7.235345442422427
84,0,0,52,0.4636255386162275,0.0009395895713373,-652.2086432792723,9.180813010742725
85,0,0,53,0.4558776995190761,0.0007950989501313,-538.4829331346806,7.707291131990754
86,0,0,54,0.4569751659430795,0.0008046297557774,-557.017143810612,7.812804503311765
87,0,0,55,0.4605077119944414,0.0009418568680975,-623.5520676950636,9.208004641878407
88,0,0,56,0.4634933534152645,0.0008788850381962,-608.5842433482366,8.509288916855443
89,0,0,57,0.458699174016514,0.0006952942122731,-522.0987473460461,6.674137649572161
90,0,0,58,0.4742545902123111,0.0006736143410069,-562.5156694546088,6.309986028727075
91,0,0,59,0.4632870881383563,0.0009922932337427,-617.1295441894946,9.62945393333687
92,0,0,60,0.4667037600739055,0.0007921327742203,-573.9035086145343,7.559114771531102
93,0,0,61,0.4646785977398281,0.000707633151709,-543.802781283395,6.737433568657584
94,0,0,62,0.4582126271681988,0.000818617558713,-564.9733359910396,7.94103508404573
95,0,0,63,0.4622943634102193,0.0007950730473645,-638.91378472035,7.768755597171794
96,0,0,0,0.441417533955337,0.000525255108636,-533.2286327687607,5.252249484776146
97,0,0,1,0.4360034868328349,0.0007034690769391,-567.3300616470817,7.17534764934489
98,0,0,2,0.4321264042961832,0.0005435568860016,-507.8003969831224,5.5209048930087405
99,0,0,3,0.4351939029282,0.0009636034684475,-609.0002284871459,9.9370976999498
100,0,0,4,0.440895440115053,0.0008375579977825,-593.8798390034701,8.497511310219977
101,0,0,5,0.4393491267207491,0.0009567103526634,-632.299830677775,9.822271015570095
102,0,0,6,0.4325517439704875,0.0002783073601156,-464.79196639069374,2.796991949154138
103,0,0,7,0.4376201413037074,0.0010412619772064,-613.5634972359052,10.689019258626455
104,0,0,8,0.4371558164191448,0.0010417658930116,-612.3719505947203,10.702777111507404
105,0,0,9,0.4385170201679978,0.0014813259531061,-631.2940990029069,15.233883466733449
106,0,0,10,0.4445844667889089,0.0010283143496005,-601.8116953920411,10.364195000622294
107,0,0,11,0.4358765743363086,0.0007474029285493,-526.4887180206401,7.557325782162488
108,0,0,12,0.4355764915701119,0.0006563210573376,-518.0155042062426,6.628468294670038
109,0,0,13,0.4380396825364416,0.0008336498095822,-551.7470967971207,8.434702768241246
110,0,0,14,0.4450630851990471,0.0006674767504761,-533.4820826769279,6.620084511241187
111,0,0,15,0.4490820842903838,0.0013361022436601,-649.8385287222943,13.471069156582995
112,0,0,16,0.4556059098775717,0.0011339189559796,-643.0042195054747,11.252259792608584
113,0,0,17,0.4456396195223578,0.0005981370886547,-517.5039241319423,5.903763268343201
114,0,0,18,0.4479897196208418,0.0005964857402694,-495.7069228575247,5.828260337061374
115,0,0,19,0.4428187771721027,0.0007913397963168,-552.2145992987519,7.921023309734405
116,0,0,20,0.4466236716688849,0.0004354487182562,-492.2082465490215,4.264453937977074
117,0,0,21,0.4515290931632901,0.0010477615357992,-632.2103092795934,10.466692983467958
118,0,0,22,0.4499473316025305,0.0005321866401436,-549.855395667125,5.2398748361212135
119,0,0,23,0.4456199652737638,0.0009705965915469,-594.2684949159425,9.74368915511068
120,0,0,24,0.4456108263177323,0.0011737401936573,-608.7608853900201,11.820547286628102
121,0,0,25,0.43848615020836,0.000630226671372,-493.669733863002,6.288550847029664
122,0,0,26,0.4396461457377112,0.0010566007665559,-586.3996411985811,10.73272999423445
123,0,0,27,0.4466958513340661,0.0006378892601635,-496.2516800325864,6.251626440741671
124,0,0,28,0.4341089076098863,0.0012430920888859,-599.5523584867066,12.824917207300455
125,0,0,29,0.4359143763751034,0.0013776751857099,-506.73887305192886,13.868166061391252
126,0,0,30,0.4483027517718554,0.0005826931277747,-524.1680447962348,5.72561519318335
127,0,0,31,0.4465673651429928,0.0006795582250633,-553.8079539761087,6.747399237410778
0,0,1,32,0.4297725972931611,0.0007376236381631,-477.4266415926855,7.482212935731734
1,0,1,33,0.453746324927972,0.0008683664207419,-604.4283392901258,8.580281771274798
2,0,1,34,0.4431311385632457,0.0007313331047774,-518.303107489569,7.260590450295445
3,0,1,35,0.4501946643269541,0.0010802768225413,-643.2466970949613,10.84937118123505
4,0,1,36,0.4415360930509105,0.0007775484986441,-524.3164554283804,7.757632329084602
5,0,1,37,0.4423083249686954,0.0009410701322039,-595.1203785623378,9.51978077228652
6,0,1,38,0.4365128642615222,0.0008059968625173,-473.5618905188509,8.042564321217764
7,0,1,39,0.45273925376352,0.0009653034274353,-590.8458318013501,9.531041320581
8,0,1,40,0.4483222901033221,0.0006951566068153,-486.3552293871045,6.773187592158296
9,0,1,41,0.4448089429804715,0.0009400848661205,-524.0770010427724,9.309758144668274
10,0,1,42,0.44673180220115,0.0007027969941089,-558.6807536829494,6.983054778404756
11,0,1,43,0.4393163647132692,0.0010026988419632,-512.159121862343,10.027433107419894
12,0,1,44,0.4434229776332831,0.0006432445035115,-487.8145634748688,6.338699999653207
13,0,1,45,0.4402686614900595,0.0013193032262694,-609.431323108087,13.449666850083906
14,0,1,46,0.440286067736067,0.0008062792486767,-495.2016854022482,8.01509219392789
15,0,1,47,0.4532639073141113,0.0012103466187585,-601.7474035607332,11.96510365325856
16,0,1,48,0.4366518547673559,0.0009798460243615,-510.7705926407347,9.855648572783018
17,0,1,49,0.4395919941815805,0.0010190377870152,-554.1035581654037,10.27934479018518
18,0,1,50,0.4369153352540244,0.0014625202777154,-586.1986809894241,14.948167828819823
19,0,1,51,0.4446209751904217,0.0012641714356144,-583.4275591816929,12.689256441786796
20,0,1,52,0.4389002742294268,0.0009202552218851,-503.8809921956969,9.1947487296717
21,0,1,53,0.4424799534161724,0.0010976222946819,-605.3925004073981,11.124029674264378
22,0,1,54,0.4425889290325014,0.0011854443464971,-552.0834586090048,11.871683530263304
23,0,1,55,0.4439947276438587,0.0010019554759243,-512.9601561783859,9.916182647914075
24,0,1,56,0.435790986800055,0.000968487058325,-511.5816576874173,9.762398186848412
25,0,1,57,0.4359338027052555,0.0011621981911536,-509.1400542587598,11.704825140766134
26,0,1,58,0.4417217120320511,0.0008030914324217,-483.7032772789335,7.937061060138742
27,0,1,59,0.445669321547295,0.0008802004439878,-524.8138866755086,8.701309195841503
28,0,1,60,0.4457988773401977,0.0009785479721957,-530.1091976907063,9.68206618369018
29,0,1,61,0.4386976997679121,0.0009630658088095,-526.0497700371809,9.674426513903406
30,0,1,62,0.44206464444983,0.0010085093748892,-550.8709283352927,10.109039264129962
31,0,1,63,0.4452982352503623,0.0009652172545585,-537.4254343733718,9.57638381547258
32,0,1,0,0.4203557242288093,0.0012250913255744,-574.6782333910601,12.981934305768217
33,0,1,1,0.4292953258027427,0.001134879477666,-591.4213362113942,11.818783927059636
34,0,1,2,0.4141702832680091,0.0011271747041799,-543.3048220661841,12.039361961371904
35,0,1,3,0.4212668609630071,0.0007137565202833,-490.9402858333767,7.408632560831085
36,0,1,4,0.4231670258040886,0.0013378014674785,-599.5605504997515,14.158933888546413
37,0,1,5,0.4172813081456296,0.00057659274616,-464.5449796402153,6.006489709155793
38,0,1,6,0.4215671955792303,0.0009110684366472,-491.9662828832073,9.45211122680131
39,0,1,7,0.4228530460275685,0.0014177782201602,-527.2192929534793,14.779706153428888
40,0,1,8,0.4251031034059936,0.0013850741257069,-581.734821277222,14.53576670403306
41,0,1,9,0.4139471363331962,0.0012104397732863,-511.2959688132445,12.844334438057192
42,0,1,10,0.4231827757951174,0.0010585425429836,-553.8817535399271,11.09134021606406
43,0,1,11,0.4236830140506776,0.001039012292463,-502.9355123480321,10.751910825721591
44,0,1,12,0.4210900000121196,0.0010895194278574,-535.5882892559425,11.426445180788708
45,0,1,13,0.4254493811786304,0.0008608552126862,-470.52125086462354,8.80733731994755
46,0,1,14,0.4198929784638261,0.0016010575196096,-575.351759926424,16.98713850960659
47,0,1,15,0.4421153642726407,0.0008203683213781,-517.0138307490413,8.160899166911356
48,0,1,16,0.4172806952978735,0.0015462711464926,-567.5809922074277,16.4804459133382
49,0,1,17,0.4349051806913919,0.0016050554712903,-633.5999339816834,16.65170807163987
50,0,1,18,0.4283013826567677,0.0010447143186427,-513.7870192667867,10.72017071895826
51,0,1,19,0.4136678099863197,0.0011390529168955,-549.1008707140468,12.196590937933848
52,0,1,20,0.4204603620996171,0.0011705806368957,-575.8636944049017,12.404436736334588
53,0,1,21,0.433600141029404,0.001228815027137,-574.0548940772643,12.621927075207893
54,0,1,22,0.4218293716933354,0.0012679992812205,-511.62229580209936,13.204652191917042
55,0,1,23,0.4252046391666113,0.0010710999350189,-511.4055812238099,11.065114745818574
56,0,1,24,0.4161405483777984,0.0016477329589158,-611.7756190164728,17.78086431061024
57,0,1,25,0.4165807335164176,0.0014153103660806,-571.4343700037006,15.122772296474285
58,0,1,26,0.4216260780079659,0.0010192186189017,-482.558798223826,10.55048018621352
59,0,1,27,0.4220021923274406,0.0012891901955196,-514.6822967230405,13.428953527155503
60,0,1,28,0.4200258265867598,0.0009718364220497,-489.1326631251477,10.113167541322868
61,0,1,29,0.4276661819974476,0.0014582922045258,-611.6929367277143,15.312213920796012
62,0,1,30,0.4163184944259123,0.0013215607427422,-515.1241630510709,13.955451534623467
63,0,1,31,0.4290657769188778,0.0007765997526248,-499.186149787328,7.928972778189971
64,0,0,32,0.4555966374080452,0.000792281555013,-636.8242413596898,7.851736411232076
65,0,0,33,0.4550003699855212,0.000616110167005,-607.6193731619162,6.075193906002973
66,0,0,34,0.4815665288549817,0.0008500041844931,-712.9092891228601,8.100781828073393
67,0,0,35,0.453967204047928,0.0005643223958458,-522.2889887683801,5.473632533652671
68,0,0,36,0.4645929834342693,0.0004035053675427,-525.5668312246346,3.8270569445540312
69,0,0,37,0.460626026753923,0.0002378554456627,-500.25588777514594,2.262620432823428
70,0,0,38,0.4637883679939505,0.0004142431693452,-538.9715667936459,3.9474019756521415
71,0,0,39,0.4639821927723841,0.0005038046648478,-549.4896317057558,4.809993574477664
72,0,0,40,0.4739384487935383,0.0003951173427403,-585.9872023951733,3.722782224665633
73,0,0,41,0.4588553033976238,0.0008162639565511,-620.3127147963705,8.003261680034006
74,0,0,42,0.4682510501356854,0.0009444516094536,-690.6442601465451,9.212937752922858
75,0,0,43,0.4553645545230738,0.001181941483186,-686.1711569319604,11.844531830729958
76,0,0,44,0.4727673483772737,0.0006544814014478,-650.4571353659363,6.268968022370143
77,0,0,45,0.4640768436393693,0.0005974410837341,-582.9393375265805,5.744854889843392
78,0,0,46,0.4690991826514909,0.0005767463032664,-563.405207228475,5.463031021151687
79,0,0,47,0.4628920506456482,0.0008249461979794,-636.8051211549092,8.046569726594559
80,0,0,48,0.462982744307675,0.0003559842966586,-520.1116789639572,3.383991448955662
81,0,0,49,0.4597430914988126,0.0008021442802977,-647.1273380739055,7.895348205933162
82,0,0,50,0.449889265039319,0.0004858482352339,-534.4520233921654,4.768009597099438
83,0,0,51,0.4569050351858004,0.0002916957676079,-536.9230391940278,2.820223354584196
84,0,0,52,0.463728469530832,0.000619801453465,-651.6361526319421,6.054043562438135
85,0,0,53,0.455988136047923,0.0002413547469847,-536.6581486174763,2.3380629793950702
86,0,0,54,0.4573010178337703,0.0003913350168491,-557.6127336586119,3.797580319160824
87,0,0,55,0.4609507809182973,0.0007766651770702,-625.5135511121175,7.58894937603901
88,0,0,56,0.4638959627093017,0.0005480329181725,-610.043578190884,5.303086932570492
89,0,0,57,0.4591067900657564,0.0004422327339646,-524.5278475349334,4.24351233952218
90,0,0,58,0.4747127825487329,0.0003991852011528,-566.9126224059686,3.739311437446685
91,0,0,59,0.4638453976099511,0.0007509494676627,-618.0345643109663,7.280056108039976
92,0,0,60,0.4662581033441634,0.0003093905547769,-570.3361881267629,2.9529435995889024
93,0,0,61,0.4647622547242699,0.000321385897765,-543.7512860250496,3.0593563415505765
94,0,0,62,0.4580670981240373,0.0008021061291921,-566.4523346723869,7.785865996224423
95,0,0,63,0.462384584578983,0.0008399171122731,-633.4275315981613,8.195593216775544
96,0,0,0,0.4408896941548291,0.0005318202787328,-528.5518886810272,5.318758006234229
97,0,0,1,0.4356441373775611,0.0008046653681145,-562.2746100881681,8.2051970414468
98,0,0,2,0.4315333845648634,0.0005609120085617,-499.2762455318818,5.6941990024869655
99,0,0,3,0.4346117164233112,0.0010734613971926,-601.4410310805229,11.066590970299512
100,0,0,4,0.4406505663876,0.0008204749116579,-588.2821946327676,8.31864001464151
101,0,0,5,0.4391326480223135,0.0009985770913347,-626.2599238681837,10.243739163616697
102,0,0,6,0.4323971281803447,0.0002929987472077,-460.0221471705652,2.9425412859609126
103,0,0,7,0.4371113167917647,0.0009683540454259,-607.2852058352503,9.938571792494145
104,0,0,8,0.4370897065471331,0.0009829290898097,-609.9263394972476,10.094461358714804
105,0,0,9,0.4384076689836996,0.0013233536617075,-628.101898076583,13.603285400429174
106,0,0,10,0.4445490109549967,0.0009710450244223,-597.7369873035312,9.779075009141248
107,0,0,11,0.4356761702744737,0.0007163788383996,-519.2833425952689,7.235396619968741
108,0,0,12,0.4354001440579867,0.0006954756039111,-513.9375004282117,7.020394928469214
109,0,0,13,0.43752338070355,0.0008331572061648,-546.8423337825749,8.430548353965662
110,0,0,14,0.4450410959510027,0.000670346409799,-532.5381487035493,6.647486744242611
111,0,0,15,0.4489479026478092,0.0011842106771336,-647.2616916413069,11.936570257319037
112,0,0,16,0.4558870920770289,0.0010247487608267,-641.5500610112359,10.159461604441685
113,0,0,17,0.4461132036917234,0.0004163724502387,-515.1676173205428,4.103210112621121
114,0,0,18,0.447712739111397,0.0003391339771609,-488.28122573104537,3.310239653814925
115,0,0,19,0.4429555014832765,0.0009583419115721,-552.9270725297276,9.591196975015182
116,0,0,20,0.4466424594808009,0.0004083666402628,-486.5775350387305,3.9940419891295513
117,0,0,21,0.4512997562835737,0.0008720919420896,-630.0708785651326,8.71221660738051
118,0,0,22,0.4500920801502498,0.000502419148394,-545.7701638707213,4.940743531627675
119,0,0,23,0.4455055105434843,0.0008879270952174,-592.4233501578162,8.91247972961996
120,0,0,24,0.4456967204682263,0.0009070526406869,-609.8478272670566,9.135181745250462
121,0,0,25,0.4385223322466687,0.0005416665175144,-491.077551985276,5.401307073816034
122,0,0,26,0.4399638817033797,0.0009652754507947,-584.0440319738434,9.792938596558288
123,0,0,27,0.44634795141235,0.0003954044522561,-489.2939158258575,3.8721641657172894
124,0,0,28,0.4333934431515622,0.0009676378653894,-589.9585465164331,9.978631049318532
125,0,0,29,0.4388900219556007,0.001612528593671,-539.4693140422995,16.239589558646696
126,0,0,30,0.4482122733319044,0.0007133059755019,-519.4775118415233,7.0031628181666985
127,0,0,31,0.4469666517811735,0.0008572965229275,-554.0482658995572,8.50502526158859
0,0,1,32,0.4293433851966998,0.0006437920358228,-473.08308686879,6.530591500816971
1,0,1,33,0.4534453652729541,0.0008283902738378,-602.0174075800612,8.186410209802505
2,0,1,34,0.4428048735312516,0.0007722882860707,-515.2761165261696,7.667685959309342
3,0,1,35,0.4497961830654345,0.0010937200660902,-639.3737154221266,10.98491217792915
4,0,1,36,0.4414382757645206,0.0007498622320974,-522.8213389416676,7.480584563758315
5,0,1,37,0.442768553130255,0.0010907812312856,-597.0013658199422,11.02730063724592
6,0,1,38,0.436488871784194,0.0005780670320982,-473.8589204539398,5.768889044928468
7,0,1,39,0.4525924133487415,0.0007648569261168,-589.0561143503508,7.551405145458984
8,0,1,40,0.448131864636806,0.0003983474039708,-484.6648982629848,3.881441142344313
9,0,1,41,0.4449032195849137,0.0006695634530994,-525.9005478673195,6.632030499147215
10,0,1,42,0.4466777621832158,0.0008591281031313,-558.181152071135,8.536468970629452
11,0,1,43,0.439251001591286,0.0009060392294935,-511.9501943475498,9.06172229156486
12,0,1,44,0.4437617304505173,0.0006546965774087,-486.2191610183928,6.444330612594693
13,0,1,45,0.4400816050374427,0.0012221291411552,-608.4146189530101,12.461561779797105
14,0,1,46,0.4404705793277103,0.0008216628205668,-497.09189638809016,8.168036389403694
15,0,1,47,0.4531946644113481,0.0008264183701032,-600.7141284870811,8.169119704645201
16,0,1,48,0.4369870485711321,0.0008501051872872,-514.1317917656042,8.550490357460873
17,0,1,49,0.4398555901611837,0.000853549710997,-557.2188789634454,8.610759009105646
18,0,1,50,0.4368363965219802,0.0012587727599283,-587.7250870732577,12.87232178284477
19,0,1,51,0.4448008818811679,0.0010879233892122,-580.1696363737401,10.907950280743774
20,0,1,52,0.4391300517332708,0.0009707837578304,-505.80915934021976,9.69868923116498
21,0,1,53,0.4423983745007469,0.000956982345944,-606.7121584765538,9.70326906673908
22,0,1,54,0.4420737152425188,0.000778929040522,-541.2698954766063,7.791111298159019
23,0,1,55,0.4439879243334838,0.0006348911877191,-512.801327333399,6.283285485793726
24,0,1,56,0.4355238140431722,0.0008432354293982,-509.783973293112,8.501673830723114
25,0,1,57,0.4361161944333315,0.0009922554003618,-510.8333585012671,9.992864407319464
26,0,1,58,0.441782344729844,0.0006308546559335,-481.0895851000819,6.230325571619708
27,0,1,59,0.4454010448401729,0.0008238291162538,-521.8841601586702,8.143661786350458
28,0,1,60,0.4454450924383127,0.000702640098776,-526.9834652028215,6.952855730548046
29,0,1,61,0.4384499490411216,0.0007722052745529,-523.3286039696324,7.75685366539871
30,0,1,62,0.4418825934688977,0.0009326429534865,-550.3372144631902,9.351325862180833
31,0,1,63,0.4453930437675991,0.0010933875812524,-544.2266427878001,10.862011052925135
32,0,1,0,0.4200580857532678,0.0010792004847409,-565.6879632353006,11.42152239727585
33,0,1,1,0.4289817138097833,0.0012769969616022,-587.096932871352,13.29596289696372
34,0,1,2,0.4138435767518192,0.0010900072678657,-543.2694021505131,11.65147647924879
35,0,1,3,0.4211043844307848,0.00080142560539,-488.5749920129174,8.317435709377834
36,0,1,4,0.4228918808864527,0.0013643255542621,-597.0573755656766,14.441164470290854
37,0,1,5,0.4174955666592362,0.0005326768397582,-464.4818828911295,5.546082150273733
38,0,1,6,0.4216086489061164,0.0009395104870103,-490.6075348563374,9.743278067926212
39,0,1,7,0.4224916511431084,0.0014240807258285,-523.0213249120703,14.844295567610684
40,0,1,8,0.4246453607812236,0.0013823254638293,-577.363288586125,14.508661646554351
41,0,1,9,0.4141644940439815,0.0010748164082558,-512.0173220871966,11.401036981150144
42,0,1,10,0.4233349858831911,0.0010055253655916,-554.8662001958268,10.534324649642985
43,0,1,11,0.4237746259291834,0.0010288608065711,-503.51137517426,10.645923772876182
44,0,1,12,0.4208331634708488,0.000852340054551,-534.0472764812063,8.94141270255773
45,0,1,13,0.4251434329432222,0.00058650810226,-467.1412797884676,6.00028600881372
46,0,1,14,0.419870443241418,0.0013055718291892,-574.0653841462171,13.848891111308506
47,0,1,15,0.442310628572462,0.0007434139960221,-517.9432709898821,7.393629166968368
48,0,1,16,0.4174570183062797,0.0013592175232864,-569.4617668779144,14.486656179255124
49,0,1,17,0.4348126378519781,0.001450570273531,-631.5138029157093,15.04540020746968
50,0,1,18,0.428167335002777,0.0009148294835421,-514.7788205323362,9.392385508784145
51,0,1,19,0.4136561813905222,0.0010495542040928,-550.0799179203369,11.24101076576887
52,0,1,20,0.4206070228072611,0.0014212989219928,-576.6860575020264,15.058713598053572
53,0,1,21,0.4338484417053936,0.0010162126770931,-576.460937889455,10.43768601602626
54,0,1,22,0.4219487389904518,0.0006980075468213,-511.1632641359338,7.266094537560593
55,0,1,23,0.4257342859917042,0.0009569755999679,-514.9156282464102,9.88154165735342
56,0,1,24,0.4163386706310326,0.0015771043277179,-616.8904119140327,17.029532973278556
57,0,1,25,0.41682783154542,0.0013726723022139,-571.4508128484582,14.658537688136462
58,0,1,26,0.4212859929250632,0.0008851492143288,-477.9345912788128,9.160575395370667
59,0,1,27,0.4218933702710726,0.0010532043053746,-511.0331744163204,10.964729444433935
60,0,1,28,0.4195734109699388,0.0007195899205195,-484.6305891781808,7.488771482294317
61,0,1,29,0.4274418734231602,0.0013129764975892,-611.7012041812163,13.793645338548531
62,0,1,30,0.4160484219057924,0.0012638387596413,-511.9325905860192,13.345120412763071
63,0,1,31,0.4293404654760843,0.0008796673296992,-499.1562667403244,8.975471764147189
64,0,0,32,0.4562188829985942,0.0007813190492643,-639.1399131652322,7.736409080150715
65,0,0,33,0.4549737788600103,0.0005436824547582,-603.2092713771267,5.356181466357606
66,0,0,34,0.4817874791317887,0.0010429998160147,-705.8178343754734,9.920514135810825
67,0,0,35,0.4544753091856581,0.000891298658353,-526.8983441772228,8.644287673040665
68,0,0,36,0.4647394188986847,0.0006499415060829,-524.6203045172324,6.161152173358185
69,0,0,37,0.4604439079721868,0.0002157947900483,-498.9842403530801,2.0529969862944
70,0,0,38,0.4640746564801016,0.0006455481457696,-536.026348380718,6.14375685900514
71,0,0,39,0.463733704376839,0.0004599583583898,-544.4529819039653,4.388854427055585
72,0,0,40,0.4744760999300318,0.0008480161841005,-583.4338767884093,7.976468348638303
73,0,0,41,0.4587468200343655,0.0009429131059871,-615.0930027098868,9.236729157818216
74,0,0,42,0.4682124514405124,0.0011646136425412,-683.5420029935706,11.344239532487906
75,0,0,43,0.4550750961145332,0.0012883403445952,-676.4102959670146,12.89197929051883
76,0,0,44,0.4731911937914865,0.0006688292464258,-649.5230281498596,6.399370620727728
77,0,0,45,0.4639284903697776,0.0006618195821602,-575.5696523198814,6.355671885020662
78,0,0,46,0.4687101897246005,0.0006139813687707,-554.6692384577002,5.809381222563867
79,0,0,47,0.4627057718878804,0.0007478169226253,-628.7546711071171,7.284470477189422
80,0,0,48,0.4630815814804083,0.0002789736977911,-513.9416495341188,2.6477343432993545
81,0,0,49,0.4591816936492479,0.0007691702572108,-636.834976441947,7.56320037151692
82,0,0,50,0.4495732377768418,0.0002983188902744,-528.3390378570106,2.925736085988388
83,0,0,51,0.4565683175427533,0.0006091210994302,-528.0198674813834,5.881959151463537
84,0,0,52,0.4638328564798374,0.0008754604983075,-646.5257273864423,8.539896694191153
85,0,0,53,0.4560928073028247,0.0006129983450335,-535.877657801631,5.935879058059681
86,0,0,54,0.4581617450511988,0.0004870630433408,-560.0899787885506,4.720232613430589
87,0,0,55,0.4612431962657752,0.0004370575631526,-625.3738777051412,4.267739715071104
88,0,0,56,0.4640273696073956,0.0005017596807374,-606.1735124126918,4.84985728397481
89,0,0,57,0.4593767148725516,0.0001921087703321,-522.7313059465688,1.8415929693195148
90,0,0,58,0.4751130987758021,0.0003386978610299,-563.5260886917446,3.167674359825352
91,0,0,59,0.4641200781501432,0.0006217738140505,-618.2125025778258,6.024432469935155
92,0,0,60,0.4669738325942554,0.0007309722636383,-572.07624925955,6.9686490086512105
93,0,0,61,0.4654473695242379,0.0006635337237669,-548.2407906915274,6.313300873116018
94,0,0,62,0.4588805457299485,0.0007590004740875,-568.614797559208,7.357881398548067
95,0,0,63,0.462286375374172,0.000501007796538,-632.9114930380304,4.889136989105948
96,0,0,0,0.4414250854479549,0.0005283633209811,-524.3482760585981,5.272865133731668
97,0,0,1,0.4358762705079123,0.0008979630893911,-555.3907792398179,9.137834005691843
98,0,0,2,0.4321093057427587,0.0008057097279418,-505.4546975125409,8.179645440300247
99,0,0,3,0.4348172862542343,0.001426242707997,-599.1373276545919,14.689169368452252
100,0,0,4,0.4409070650865844,0.001091132558412,-585.5554838842488,11.049759417642896
101,0,0,5,0.4394889360565123,0.0012086768862848,-625.4321534008084,12.386736147591126
102,0,0,6,0.4328747096419058,0.000519331905391,-465.3437746789313,5.216042534780282
103,0,0,7,0.4374327524717157,0.0009760971657062,-605.3268264310068,10.006412073715447
104,0,0,8,0.4370167519022639,0.0011879954056568,-601.7213297976381,12.180694328670866
105,0,0,9,0.438756926100398,0.0016286655662815,-627.4833490650766,16.726135932754538
106,0,0,10,0.4447796190096067,0.0013117377441892,-596.5567205947586,13.199827996472168
107,0,0,11,0.4359694733168215,0.0008760089112086,-519.8407251878164,8.842793822072982
108,0,0,12,0.4356698689080403,0.0006970485460672,-516.167009738041,7.035397599853304
109,0,0,13,0.4373616213904101,0.0009549763787463,-542.8464351669602,9.658268055799825
110,0,0,14,0.4453813813668039,0.0006335175733888,-534.7717382468666,6.280575025575599
111,0,0,15,0.4488996386509178,0.0011655038553554,-646.6866490103124,11.747814008501829
112,0,0,16,0.4557885331539945,0.0008027658819697,-636.4557607537802,7.951655431367043
113,0,0,17,0.4460871270656062,0.0003700191627428,-514.021528831878,3.64569958148341
114,0,0,18,0.4480800088862925,0.0001319247244021,-493.0275231297469,1.288006785668263
115,0,0,19,0.4431327877896979,0.0006100083540624,-552.0232011240895,6.1013779538362085
116,0,0,20,0.4464053550844352,0.0003554461055707,-485.98668865582647,3.4778387071808043
117,0,0,21,0.4513659543803509,0.0007920734012058,-619.2283609953802,7.893080113500372
118,0,0,22,0.4508936270031391,0.0006361450445842,-549.5346456163624,6.249855379899669
119,0,0,23,0.445942865663725,0.0005201044944853,-590.9341229320481,5.213681328718865
120,0,0,24,0.4458422565959848,0.0006636066041741,-606.7355477609638,6.676662184757384
121,0,0,25,0.4392510498101317,0.0003077287443462,-496.1802249548977,3.066959358865937
122,0,0,26,0.4403607950795841,0.0005854598898525,-584.2217981577758,5.93450154368173
123,0,0,27,0.4472532184790059,0.0003623101454539,-496.771418470425,3.546802447237648
124,0,0,28,0.4340670368769404,0.0012137360739779,-592.9240922094133,12.505158435012271
125,0,0,29,0.4402288377098664,0.0009965236542838,-554.1656390305402,10.03783342293469
126,0,0,30,0.4490285578363149,0.0007475740322212,-528.1911154383271,7.340418482710352
127,0,0,31,0.4472525476103235,0.0005475351594864,-552.0335079208686,5.426080268383565
0,0,1,32,0.4297241197754455,0.0005352318558552,-481.8596242636012,5.4352156797161655
1,0,1,33,0.4538152496789464,0.0008350161587421,-604.8485402139312,8.25025185564618
2,0,1,34,0.4430501128007306,0.0009079897808927,-522.9324207710254,9.025324309527631
3,0,1,35,0.4503170524534969,0.0014384280815098,-647.7565255370257,14.456482522920062
4,0,1,36,0.4418316458800692,0.0010883448427437,-531.4440367387165,10.868330437087591
5,0,1,37,0.4425191789567683,0.0009081603141702,-598.8280327904274,9.189922664948025
6,0,1,38,0.4368155559445438,0.0007114218052823,-481.3928002239129,7.1063777484975565
7,0,1,39,0.4523261119871563,0.0007736816788047,-591.3643085509332,7.64688456256807
8,0,1,40,0.448041004059064,0.0007207378870823,-491.2822067498359,7.034577038417647
9,0,1,41,0.4451885865882152,0.0009117550893228,-534.0298231043346,9.041400271025484
10,0,1,42,0.4469815722681144,0.0008878047298915,-567.4163016740844,8.833319320433624
11,0,1,43,0.4398703715414394,0.0010943946447703,-524.5211426664686,10.960662243461536
12,0,1,44,0.443817088251371,0.0006785754868487,-493.8526063281032,6.68992931701401
13,0,1,45,0.4400076247710591,0.0010592477142235,-614.2655842875877,10.8163014480824
14,0,1,46,0.4404708096594212,0.0006722600636094,-504.2688908299713,6.6935287266534536
15,0,1,47,0.4534095079663848,0.00081237390738,-610.5258193473882,8.043657580372633
16,0,1,48,0.4367014634754625,0.0006646362585032,-519.1633921421901,6.696860275147583
17,0,1,49,0.4399849802164264,0.0006393179394579,-565.8547908715256,6.459906860003591
18,0,1,50,0.4366460289467315,0.0009491403640276,-592.5119557402135,9.720388978480056
19,0,1,51,0.4449247906047006,0.0008459330597394,-590.8215738254308,8.49907702003758
20,0,1,52,0.4388970383437466,0.000836229862919,-511.0175044087299,8.368537363998277
21,0,1,53,0.4424915147938987,0.0010023948643329,-612.4300572805433,10.17424035699288
22,0,1,54,0.4430123887259869,0.0006202562137758,-555.9135686119747,6.210881959280973
23,0,1,55,0.4444471002525336,0.0003666907643719,-522.0400816134298,3.632693728495784
24,0,1,56,0.4357268638514043,0.0006637438728848,-517.2216069947863,6.699940897058356
25,0,1,57,0.4359111594000123,0.0006837001211302,-517.2095356767541,6.898446276636252
26,0,1,58,0.4415107891228043,0.0004351730771417,-489.3941381499908,4.308401426137365
27,0,1,59,0.4457370471050921,0.0006337658270232,-531.9341271368145,6.274084742451147
28,0,1,60,0.4459374707747618,0.0008630799052323,-538.0851008612857,8.552001945062553
29,0,1,61,0.4390573129252075,0.0011014135817342,-536.2758188749792,11.0801668516623
30,0,1,62,0.4426048478309235,0.0008631015269285,-562.2628322273604,8.662637973606362
31,0,1,63,0.445469459569223,0.0007385984112887,-545.5682579374004,7.338352384092792
32,0,1,0,0.4208448481699738,0.0009465466005326,-575.4942387547053,10.020413529147843
33,0,1,1,0.4291941468924274,0.0009645004315438,-592.4125020093263,10.048978376098695
34,0,1,2,0.4143156935358384,0.0009571971507863,-548.3833372906126,10.231696725437256
35,0,1,3,0.4213474873185787,0.0008863259676899,-490.84280367753735,9.197903541006443
36,0,1,4,0.4230758671303268,0.0015533350436726,-603.3966429393284,16.457380572026413
37,0,1,5,0.4175390334085492,0.0005753725410954,-461.8327244644427,5.986433782615469
38,0,1,6,0.4216913436405785,0.0009257675444776,-492.1765445479683,9.602233486803213
39,0,1,7,0.4225091477413157,0.0011504410231685,-525.1205846600867,11.997021409384812
40,0,1,8,0.4248373641217757,0.001253952815808,-572.8119270638258,13.142218227921504
41,0,1,9,0.4142577693457112,0.0013470307666934,-514.3713215028067,14.29278065119836
42,0,1,10,0.4233021234504596,0.0011866249923369,-555.3823085283965,12.433980047663391
43,0,1,11,0.4240510296283136,0.0013181653206979,-508.35143651638,13.64522999310385
44,0,1,12,0.4211212971105244,0.0011449862967943,-538.906139821417,12.01607203442964
45,0,1,13,0.42555239657008,0.0006748993469648,-475.9821954581988,6.911615182729839
46,0,1,14,0.4204066050833618,0.0016677264124671,-582.2465675001052,17.699582554291162
47,0,1,15,0.4421608253220735,0.0006603503758068,-524.0583640039916,6.578657364140951
48,0,1,16,0.4175924539964737,0.0011580006928318,-574.0044642543851,12.35036946280611
49,0,1,17,0.4347544328949978,0.0013131020598683,-633.8399000455571,13.628261041002451
50,0,1,18,0.4282331929534286,0.0005518412315007,-513.5872861875005,5.663283182493309
51,0,1,19,0.4136924473847719,0.0009638472853888,-552.8930650356743,10.328560482683637
52,0,1,20,0.4205992557184825,0.0011746791940961,-580.1862490574025,12.455546735208598
53,0,1,21,0.4337509636056137,0.0009040758242154,-580.3244432927137,9.295861263983204
54,0,1,22,0.4223237121324418,0.0008387305513372,-518.1674406285841,8.73680971811487
55,0,1,23,0.4257692878601382,0.0005503943705785,-518.5510475788041,5.687383784505294
56,0,1,24,0.4161152372698395,0.0013903717211497,-615.9496114279151,15.018191533477522
57,0,1,25,0.4169755031814517,0.0008852071759945,-577.6295747551953,9.46244292048988
58,0,1,26,0.4218935495610161,0.0004929908198724,-488.9664852836944,5.107283288937296
59,0,1,27,0.4223979227985903,0.0009645714944887,-519.6419190243743,10.04917789345571
60,0,1,28,0.4200053185534493,0.0009761366511781,-491.7884464081286,10.16443439762416
61,0,1,29,0.4278066223304119,0.0016028243683081,-617.4946166116725,16.845523950184425
62,0,1,30,0.4162632120974024,0.0012568834528632,-516.8733836861859,13.279388101774964
63,0,1,31,0.4292304418425699,0.0005291781685911,-500.8103299678971,5.402715155689057
64,0,0,32,0.4544161627540508,0.000669765576238,-640.6919017440235,6.66038158728531
65,0,0,33,0.4529801181449241,0.0008103939410522,-599.8315264717418,8.012970611348408
66,0,0,34,0.4797100193929808,0.0008536999151143,-708.8842364867372,8.160485637171472
67,0,0,35,0.4524909313782762,0.0006518120427175,-524.0423749316215,6.345327843789577
68,0,0,36,0.4628792166843765,0.0005407922253818,-524.9979172665963,5.147499019521463
69,0,0,37,0.4588978369231921,0.0004922444604146,-498.1218397824889,4.697918367997685
70,0,0,38,0.4620542483486384,0.0005047412275562,-537.2568735696016,4.825998148566421
71,0,0,39,0.4621789438132998,0.0005454501420012,-548.1180132519252,5.22633482103812
72,0,0,40,0.4719488229898284,0.000765784808966,-583.6763471796263,7.241953629548925
73,0,0,41,0.4571375795181697,0.0008025149072588,-616.5875901998028,7.891633232350012
74,0,0,42,0.4664240391798976,0.0009827994352642,-684.5382384849328,9.61198778961566
75,0,0,43,0.4541086170565394,0.0012480625766319,-681.5526384345519,12.529329692632151
76,0,0,44,0.4712224433537735,0.0006649550617348,-648.871120324752,6.387984824000401
77,0,0,45,0.4626643423784101,0.0007825407573943,-579.0531559670751,7.541283863905752
78,0,0,46,0.4673476815997593,0.0005047795076327,-562.4780991688423,4.798291966847128
79,0,0,47,0.4607918432350524,0.0008599901155909,-631.1833656165426,8.416370878700517
80,0,0,48,0.4609267039208258,0.0002992945490049,-515.4227498430481,2.8548177527656224
81,0,0,49,0.4577939226211608,0.0009958952143894,-640.54987915187,9.830153365295352
82,0,0,50,0.4480665824503279,0.0005969047079721,-532.9949241460457,5.8798282367753885
83,0,0,51,0.4546639841715456,0.0003933501717811,-528.9940572407922,3.815105871721285
84,0,0,52,0.4619068267951774,0.0008368885549818,-649.4968175737281,8.202937956642513
85,0,0,53,0.4541434682093698,0.000549592447304,-535.5744832271293,5.344382771954296
86,0,0,54,0.4552942710693787,0.0006260671162364,-554.0596095140138,6.097467524299305
87,0,0,55,0.4587937685747585,0.0006308355113974,-619.9196179847934,6.185484550840736
88,0,0,56,0.461878629847603,0.0006866850480332,-608.343814182746,6.671319322327292
89,0,0,57,0.4572784818641509,0.0004885594092489,-520.137945097588,4.702213628347175
90,0,0,58,0.4728349280823576,0.0005554687836557,-563.705696714506,5.220262093772185
91,0,0,59,0.4617012675202862,0.0007743143603985,-617.3318792306417,7.540275299984472
92,0,0,60,0.4650543130189757,0.0006278518250398,-572.3513646185892,6.01062925861411
93,0,0,61,0.4628551144874021,0.0004844155312987,-539.2270122343838,4.625656063697527
94,0,0,62,0.4564654115187146,0.0007360210687776,-561.5784785236373,7.161788871121006
95,0,0,63,0.4606335013681906,0.0008114063246314,-635.4506876988835,7.950975732270982
96,0,0,0,0.4405574553060423,0.0004622068129159,-529.1585087504749,4.626657927354585
97,0,0,1,0.4349938336786484,0.0010666520255631,-562.3311836420266,10.893077354499315
98,0,0,2,0.4315243912863669,0.0007320717972816,-504.7373119968793,7.440952403371714
99,0,0,3,0.4340596042963641,0.0012102572301706,-604.2861463271439,12.500472495176531
100,0,0,4,0.4397548915176094,0.0009931779451127,-589.1342597427423,10.092031515825752
101,0,0,5,0.4385079506476536,0.0012682806529141,-630.0270513215374,13.039627016793515
102,0,0,6,0.4317428516068897,0.0005263546919107,-462.98031195816645,5.297626764445088
103,0,0,7,0.4367463157745424,0.0009952521588033,-611.1273763700797,10.231726285180272
104,0,0,8,0.4364773003995897,0.0012063534299795,-612.4702777406789,12.413228724761217
105,0,0,9,0.4380480892812939,0.0012954707579001,-631.9776007162935,13.33879620491865
106,0,0,10,0.4440658697536054,0.0012417378360084,-604.3220212443334,12.536722877929174
107,0,0,11,0.4353310788351915,0.0007317053393492,-528.5536564181189,7.411258781097316
108,0,0,12,0.4348780577627759,0.0007230177938569,-518.4604491235764,7.314516487358984
109,0,0,13,0.4368994088356772,0.0009057411579692,-552.3520293621613,9.189250314600006
110,0,0,14,0.4441063468291404,0.0008209390424268,-532.5705109694968,8.158030488669846
111,0,0,15,0.4479133834581115,0.0012135087085434,-649.2503711744156,12.265403924539063
112,0,0,16,0.4545228580795438,0.001020935542728,-642.8389790932862,10.154865839217251
113,0,0,17,0.4450721269671689,0.0006136364996683,-518.8540479458977,6.066285605878687
114,0,0,18,0.4470153959496977,0.0004225593275126,-493.3474100831296,4.13564925971094
115,0,0,19,0.4418732479026753,0.0009487467625223,-553.3152394249797,9.519237239461194
116,0,0,20,0.445924934614813,0.0004793577492098,-493.3255452565635,4.702993301983734
117,0,0,21,0.4506353850856493,0.0009606472450169,-629.720759101012,9.610304997523054
118,0,0,22,0.4485670152371924,0.0005564189535393,-546.5345862741373,5.491301457816704
119,0,0,23,0.4448298961958421,0.0009821430958497,-596.5435443218889,9.882020793025228
120,0,0,24,0.4445885386456101,0.0008838698802329,-608.3415935496989,8.920964966299113
121,0,0,25,0.4376832142273367,0.0004956385940067,-493.772013342064,4.954785123025522
122,0,0,26,0.4389117146276545,0.0009599238601344,-587.1713535002391,9.768670785634892
123,0,0,27,0.4459677946831411,0.000482594812629,-496.7062638823528,4.737866443516348
124,0,0,28,0.4334603922243804,0.0011930259395303,-598.2948490004464,12.323422093035092
125,0,0,29,0.4358447856916303,0.0023625704534465,-518.9941172704663,23.85107204357432
126,0,0,30,0.4474781321866008,0.0005723485165652,-524.1241580268945,5.63427692084884
127,0,0,31,0.4462315415345713,0.0007950382592368,-556.2626727372551,7.904221975529656
0,0,1,32,0.4291837898667596,0.0005970319848153,-479.0138189030392,6.0665596943665445
1,0,1,33,0.4530299558509668,0.0009091521847861,-604.4592831549822,8.997549338170025
2,0,1,34,0.4424711907489115,0.0008326624913904,-519.2524157993254,8.28064958855148
3,0,1,35,0.4492936224464739,0.0013051681583036,-643.998699081429,13.136407011769458
4,0,1,36,0.4407543375608017,0.0009912826255141,-527.2093043628388,9.913956951066057
5,0,1,37,0.4420231053157815,0.0012388655226795,-599.2941046695465,12.551762301094415
6,0,1,38,0.4361416433147116,0.0007704332373104,-477.162053867237,7.700442779312087
7,0,1,39,0.4519547498950114,0.00080241027941,-595.2497827860263,7.944085224304645
8,0,1,40,0.4475365577066294,0.0006936894256002,-489.3488720246543,6.775285530746216
9,0,1,41,0.4443181311157299,0.0007707816929129,-528.790888927502,7.649544635233217
10,0,1,42,0.4459266592529828,0.0006462711392263,-558.5662162698637,6.432840971088063
11,0,1,43,0.4393348009279784,0.0009703540568503,-519.7041269332226,9.719826273722422
12,0,1,44,0.4429709310314804,0.0004998433205196,-490.9018027696698,4.934012369476274
13,0,1,45,0.4398974606238631,0.0014179217943759,-614.8849566058557,14.48440509601416
14,0,1,46,0.4401372922175574,0.000910119796407,-504.7905625518619,9.069758187839478
15,0,1,47,0.452894406349564,0.0010298971507414,-607.3755601160724,10.202046465420104
16,0,1,48,0.4362027388042979,0.0007898297929234,-517.9402635706126,7.96524486117963
17,0,1,49,0.4394186059364863,0.00096137816552,-561.7211036691566,9.717812740966536
18,0,1,50,0.4364935409486179,0.0011680484050285,-591.4362445005266,11.963648378000467
19,0,1,51,0.4439206782185195,0.0009674871178195,-585.8665183240263,9.731768139591388
20,0,1,52,0.4382639893857294,0.0009481011921283,-507.0998165666746,9.493519812796102
21,0,1,53,0.4420631869276312,0.0009998527219449,-611.4286559783471,10.15605832310031
22,0,1,54,0.4415717712989349,0.0006233133591516,-554.5950911213196,6.260040132101664
23,0,1,55,0.4436334314391875,0.0007278802496027,-518.4442911576077,7.218355164383657
24,0,1,56,0.4351017744837642,0.0009711023192236,-514.9407661057302,9.811581820682113
25,0,1,57,0.4352509275248635,0.0009485995787826,-512.1978189654774,9.57510633961976
26,0,1,58,0.4406258708144657,0.0006247952642346,-484.0665756972697,6.190796009935288
27,0,1,59,0.4448545679409446,0.0006365487973998,-526.3698065519831,6.306365067565767
28,0,1,60,0.4449981877992922,0.0006310812392352,-529.4912315947417,6.254499922759435
29,0,1,61,0.4378267232539895,0.0006648186911377,-526.2920095207968,6.692046162805752
30,0,1,62,0.4413780140901017,0.0007962724728291,-552.6250323924316,7.997137728988194
31,0,1,63,0.4447882505068099,0.0006740807192494,-540.8929073703304,6.700676891173655
32,0,1,0,0.4200670559680856,0.0009913343499812,-574.3468607871532,10.511336735141567
33,0,1,1,0.4286236058648244,0.0013061301875141,-590.1710030561061,13.619805477962224
34,0,1,2,0.413872838181438,0.0012083640094466,-546.751131743672,12.925643015004155
35,0,1,3,0.4208031628807694,0.0010309222842009,-494.0593725472362,10.719987020543266
36,0,1,4,0.4224760972919489,0.001549200521161,-599.3333906457599,16.42232384256339
37,0,1,5,0.4167580280187511,0.0009223665607624,-465.4480019610452,9.6225015398923
38,0,1,6,0.421164187752774,0.0010654906495707,-495.314029597412,11.073043408505551
39,0,1,7,0.4224089323600678,0.0011914444466862,-529.9435646194147,12.44083752217438
40,0,1,8,0.4244677317056397,0.0012663270960256,-582.547524726593,13.31182841512552
41,0,1,9,0.4137793978797852,0.0012854777284744,-517.3271065318756,13.664397598504111
42,0,1,10,0.4228770486090335,0.0011147523957709,-560.2976796088271,11.705259957625698
43,0,1,11,0.4237039990528922,0.0011207431428809,-512.4034583208963,11.621540510541116
44,0,1,12,0.4206878134872979,0.0009490015585465,-538.9559686661984,9.96968095490957
45,0,1,13,0.4252873703857036,0.0006548045024235,-476.9450545561616,6.711449730185714
46,0,1,14,0.4195704536200534,0.0016728193703921,-579.8647746425664,17.779741194814477
47,0,1,15,0.4413871541630916,0.0007986615517109,-519.6725195250889,7.962766124270053
48,0,1,16,0.417166918109683,0.001293674629795,-575.0105804529642,13.814485859563662
49,0,1,17,0.4343046307738242,0.001736448519329,-637.064121896302,18.05329252126984
50,0,1,18,0.4276191353657583,0.0009416636903817,-515.3798595384952,9.681572877512044
51,0,1,19,0.4134028198017461,0.0012606356010615,-554.4762407414586,13.52311078489729
52,0,1,20,0.420342937557184,0.0014537715342367,-583.0126895218907,15.433806396344329
53,0,1,21,0.4332047824616279,0.0010243728026802,-575.8259528555084,10.53566663828933
54,0,1,22,0.4216279322610294,0.0008693753425057,-517.9979628377782,9.070630800102377
55,0,1,23,0.4249005927822441,0.0010102221906925,-518.4205988374149,10.459954642372368
56,0,1,24,0.4158369741643703,0.0016525381907621,-616.5759714488655,17.86437240252144
57,0,1,25,0.4163572000152173,0.0014419293840228,-576.6193912332584,15.433005943221245
58,0,1,26,0.4213226792688118,0.0009148886357363,-487.962926364506,9.488772495997392
59,0,1,27,0.4215736156881555,0.0008817094297554,-517.0661676299803,9.198601924752555
60,0,1,28,0.4194771029344513,0.000756544703629,-491.47999831621297,7.887218723955561
61,0,1,29,0.426831056137885,0.0012300228263145,-609.9980048711238,12.93586305426582
62,0,1,30,0.4157758297492573,0.0012339500555805,-518.9428766493438,13.058365587398676
63,0,1,31,0.4287772963983134,0.000697261285561,-503.044267971383,7.12984967251078
64,0,0,32,0.4331645207716815,0.0006410414682602,-519.4184537501642,6.512229114705868
65,0,0,33,0.4464631567400904,0.0001877831975884,-510.4345270262294,1.8471470060598376
66,0,0,34,0.4526436316574847,0.0006323187618278,-619.0171783396856,6.283037245325352
67,0,0,35,0.4468527924684647,0.0010028828748504,-651.7608419232297,10.166092794825268
68,0,0,36,0.4471357535090447,0.0002763407712955,-527.6889725946043,2.7245696509466217
69,0,0,37,0.4363349240519947,0.00089195476875,-556.5991016920103,9.069562816481191
70,0,0,38,0.4350600465209827,0.0004337532031991,-525.4331225917035,4.393077663662767
71,0,0,39,0.4351013420941085,0.0003718578064962,-492.56919142064254,3.738432962127096
72,0,0,40,0.438070188304993,0.000128731934096,-548.6303560556806,1.301499466075568
73,0,0,41,0.4343813112390431,0.0008080318091387,-579.5704935443913,8.294894593061606
74,0,0,42,0.4297978925385372,0.0005438787956243,-525.4345357657728,5.575879208501049
75,0,0,43,0.4436187745343765,0.0009312318727368,-663.0828723010493,9.531821125720274
76,0,0,44,0.4440523960533249,0.0004837066624206,-588.4407521227859,4.866809056906579
77,0,0,45,0.4419035630016443,0.000912721083913,-555.090054587973,9.160724813680112
78,0,0,46,0.4413560152270065,0.000323681706528,-546.4118227762134,3.2465199402128646
79,0,0,47,0.4397486524067672,0.0005368945258379,-580.074412704198,5.444850617062662
80,0,0,48,0.4366746565558558,0.0008376669547997,-598.2544567636972,8.588958493754236
81,0,0,49,0.4372438338314309,0.0008196914420188,-590.5632431958721,8.379624699740056
82,0,0,50,0.4464359003205305,0.0007310935316675,-628.5021540278203,7.380702004329938
83,0,0,51,0.4442593519459515,0.0008861746580285,-653.3909614328084,9.038655068288229
84,0,0,52,0.441360719570381,0.0005356317370971,-604.927962424515,5.44166230611545
85,0,0,53,0.4439000078356253,0.0006406732928974,-601.6978525314976,6.467027674629861
86,0,0,54,0.4441628847728454,0.0012730909304322,-696.3617799192177,13.108271539471206
87,0,0,55,0.4459805145970006,0.0005302762704335,-624.754069519683,5.354478269744438
88,0,0,56,0.4360929520348257,0.0006403377890226,-609.3158291003156,6.590281398033235
89,0,0,57,0.4400534265017047,0.0004847883142725,-527.4464331615295,4.85641448266552
90,0,0,58,0.4459937246339001,0.0003150828843104,-505.2654486631808,3.0990410969506543
91,0,0,59,0.4453453606071419,0.0005373572925047,-589.4639700987899,5.392123032158531
92,0,0,60,0.449994868299392,0.0004931093030072,-513.6992554668716,4.815938153206794
93,0,0,61,0.4461432441066072,0.0003551224869619,-575.2354653946257,3.546050923882213
94,0,0,62,0.4417224709634678,0.0008409364975044,-605.0270956639632,8.536542545963396
95,0,0,63,0.442229025428427,0.0005774895139994,-535.5448654518698,5.766919414490388
96,0,0,0,0.4341022278845114,0.0006033472235104,-490.16995323636377,6.0763941757145865
97,0,0,1,0.4318332764611444,0.0009320039484532,-593.7892755329256,9.653960253304671
98,0,0,2,0.4426396512699418,0.0007503694544875,-613.1231418266304,7.614799094022429
99,0,0,3,0.4350519740336732,0.0004093541606766,-481.53464195653294,4.105736628605524
100,0,0,4,0.4364128190057001,0.0006568258277761,-573.9473902949412,6.703030115853831
101,0,0,5,0.4381717487604806,0.0007035261249951,-509.1677420552858,7.049266084454051
102,0,0,6,0.4347588525901988,0.0007332911418261,-563.3534970935755,7.494394776651754
103,0,0,7,0.4425905827790936,0.0007446788389166,-584.2342458535493,7.510411846210198
104,0,0,8,0.4482992558416914,0.0008210200767468,-613.0873085787794,8.226516690273264
105,0,0,9,0.4456427548574185,0.0008281569080375,-604.6697299156448,8.332211240235972
106,0,0,10,0.4391645087085706,0.0005296315494747,-539.9802647528743,5.331129025899
107,0,0,11,0.450682697010186,0.0005539327993866,-516.1848835232303,5.404693705889641
108,0,0,12,0.4547987025711902,0.0005102428745209,-521.5469174900393,4.939228674445817
109,0,0,13,0.4323965092731179,0.00056489581359,-500.4709368002938,5.724716996106362
110,0,0,14,0.4465877508244216,0.0008217426154225,-614.1595084633825,8.267238824449304
111,0,0,15,0.4395653570241877,0.0004937501434659,-507.778420123754,4.930122719559185
112,0,0,16,0.4320056818464887,0.0006163075960823,-482.2518226268548,6.226022489804048
113,0,0,17,0.4426338908378861,0.0007265457228518,-551.8833092229271,7.274965193318458
114,0,0,18,0.4473116372360807,0.0005777102333836,-551.4842660721334,5.723666788456548
115,0,0,19,0.4413035919317846,0.0009610667698468,-621.4759741909052,9.80026709844791
116,0,0,20,0.4560113285426133,0.0005439237014634,-625.2791616914874,5.372082524420043
117,0,0,21,0.4376283183929295,0.0009522888618404,-619.9813280067598,9.78913135218456
118,0,0,22,0.447449568836167,0.0008831510102216,-610.2473656191496,8.860388800506783
119,0,0,23,0.4462604598543999,0.0007846958586877,-611.5162624489127,7.8957751541832195
120,0,0,24,0.4379035637803587,0.0006370544127859,-563.9264347403629,6.46489235733705
121,0,0,25,0.4344197609214727,0.0009931214455054,-604.1866874066619,10.249001123819417
122,0,0,26,0.4328143064458613,0.0015653738919967,-658.6761922721267,16.407112342122208
123,0,0,27,0.4514707110295727,0.0010410599280547,-643.1239859492526,10.42568243967764
124,0,0,28,0.4336408045871988,0.0009167059345398,-585.3268388856974,9.438447845800845
125,0,0,29,0.4434875183753141,0.0009522196536948,-601.724347342885,9.620805821093242
126,0,0,30,0.4312863045303737,0.0010855269184715,-608.8859411928353,11.29556880593665
127,0,0,31,0.4379969968990487,0.0009581994608778,-631.7545537420443,9.866762978079285
0,0,1,32,0.4379269846968159,0.0011709366731421,-534.1651893571644,11.804460953914266
1,0,1,33,0.4548706406976214,0.000458986110836,-519.3478343564665,4.440187239880746
2,0,1,34,0.4450553225103452,0.0005200628930455,-496.8970184838342,5.116394072492886
3,0,1,35,0.4512477957969305,0.0012770542289992,-622.6042683225304,12.738619465657614
4,0,1,36,0.4486569035723737,0.0011334167427652,-630.1855734210227,11.389836801694084
5,0,1,37,0.4354623239203037,0.0009961085523168,-570.1630079394256,10.179207715970174
6,0,1,38,0.4381872542009998,0.0007491511151702,-549.7439181866513,7.573865972618458
7,0,1,39,0.4467032246547033,0.0006613439614755,-511.8967855292185,6.503987567588422
8,0,1,40,0.4430763634169561,0.0005060294249048,-485.1215923867374,4.98744737421693
9,0,1,41,0.4453223033491501,0.0011878234016053,-634.2435582283033,12.036532986858203
10,0,1,42,0.4497891855305904,0.0006502300939386,-498.2348218715985,6.331543673587775
11,0,1,43,0.4546817810217894,0.0013377744564543,-661.825329515174,13.356284527211594
12,0,1,44,0.4465794613234176,0.0005924783448136,-518.344989168771,5.836691869885312
13,0,1,45,0.4427540191217018,0.0010670368670563,-592.4455661347076,10.776886522809535
14,0,1,46,0.4474008897178858,0.0007249230841369,-563.4309154496095,7.199644292986728
15,0,1,47,0.4420184033523334,0.0004747978522276,-482.6795847043521,4.688269399970047
16,0,1,48,0.4529429636046331,0.0012182701269378,-644.7248972304076,12.164902396628085
17,0,1,49,0.4482042229984629,0.0008190786473498,-584.7017849512371,8.158136751901015
18,0,1,50,0.4416174187143651,0.0004616849876299,-490.2453769719549,4.570645304541047
19,0,1,51,0.4480345366140482,0.0010396786366353,-616.3427864044418,10.430981744890154
20,0,1,52,0.4400408081884456,0.0006287254046268,-559.9164938406541,6.34378589205021
21,0,1,53,0.4512953050549703,0.001025544124999,-625.1310975128761,10.234339886333226
22,0,1,54,0.4471562900162338,0.0011976962335117,-645.1502654346297,12.11534551749987
23,0,1,55,0.4464259019539476,0.0005221940249166,-474.425893128698,5.0959459818334185
24,0,1,56,0.4359847974973041,0.0008601488042058,-501.5269808228759,8.647133280513062
25,0,1,57,0.4423462155578298,0.001244202078078,-617.7546712399381,12.647344736509378
26,0,1,58,0.4430574158840124,0.0004803451748255,-475.8004192354976,4.724646973452563
27,0,1,59,0.4474543361038401,0.0010545048517359,-587.4417215231291,10.526921349564615
28,0,1,60,0.4539476329462067,0.0006962235494935,-525.9419621663187,6.758763617813723
29,0,1,61,0.432582343006091,0.0007613172902644,-491.5086335492098,7.696570139425839
30,0,1,62,0.4404637590523287,0.0008012465891918,-500.349568654684,7.970986762627572
31,0,1,63,0.4415375025595306,0.0009304671900429,-521.8352602654547,9.278175041497278
32,0,1,0,0.4311466632475447,0.001157783306946,-608.1584988714898,12.049433819374311
33,0,1,1,0.4190963159542579,0.0007631069619854,-486.18452279736806,7.953454073788829
34,0,1,2,0.433001084902502,0.0013471025214608,-647.5219160438313,14.079348180228717
35,0,1,3,0.4381856624476911,0.0006634384254712,-564.066071449885,6.728511952454311
36,0,1,4,0.4244983690033522,0.0015139846996855,-615.8361255789099,16.030056339232516
37,0,1,5,0.4235540322107564,0.000919613370735,-533.7996940574781,9.584641429827974
38,0,1,6,0.4213557576614046,0.0006964968384418,-508.7244718491886,7.256638235756871
39,0,1,7,0.424689282500997,0.0007995466354107,-521.8258546330078,8.288972649471859
40,0,1,8,0.4208950246871095,0.0014185842787069,-618.641870910797,15.157784884310752
41,0,1,9,0.4216665178958791,0.0008570209497159,-479.6324540718112,8.864832898347029
42,0,1,10,0.4236623685406439,0.0011807592516762,-606.2451290854906,12.500428647437348
43,0,1,11,0.4209139711319978,0.0007947334891515,-513.874272617122,8.298321696041054
44,0,1,12,0.4252719696397745,0.0007015537931609,-507.49980852614,7.240044562997726
45,0,1,13,0.4242943423750667,0.0009076406088236,-531.2896006181218,9.438109249497533
46,0,1,14,0.4271786793956607,0.0010129706892503,-592.1832733985234,10.603245838895706
47,0,1,15,0.4264450242209024,0.0015067916825575,-622.3088311309697,15.903413198379258
48,0,1,16,0.4334601256841389,0.0018003369708321,-684.7061916181681,18.9473845760296
49,0,1,17,0.4238118562589273,0.0008662677285193,-526.7151414872612,9.009022287159246
50,0,1,18,0.4303459229595822,0.00069200400925,-533.3259274824516,7.097818336475116
51,0,1,19,0.4246050962235467,0.0011150457917172,-584.1914107815961,11.7219606142045
52,0,1,20,0.4291647829119021,0.0007919630359423,-514.9360787866184,8.112324395254774
53,0,1,21,0.4246195110555669,0.0011099000074236,-574.5754013401927,11.642923922314058
54,0,1,22,0.4320384004518114,0.0005817947938225,-516.5695091580039,5.922014058212648
55,0,1,23,0.427694543192743,0.0005988926622193,-501.648336273988,6.137577151863937
56,0,1,24,0.4288675779426328,0.0006133281848293,-504.18441868501526,6.271862135245404
57,0,1,25,0.4299604462089193,0.001147572657059,-608.0738106135469,11.975897439958194
58,0,1,26,0.4273997394742855,0.0012925064906266,-640.796685794896,13.665900124783883
59,0,1,27,0.4322499427114272,0.0011730117472052,-601.5549717863017,12.15925695741646
60,0,1,28,0.4302678774915868,0.0006426064983667,-498.1089111029566,6.541021171897358
61,0,1,29,0.4327415079437174,0.0012277515815516,-618.2412016109474,12.758470138974364
62,0,1,30,0.4268619905099753,0.0015220728589919,-635.595925673885,16.09529651476177
63,0,1,31,0.438513509311476,0.0005149527679409,-485.811240311377,5.128997149405751
64,0,0,32,0.4332019591381639,0.0005658104014392,-513.1229129521956,5.739448846922192
65,0,0,33,0.4460486898568242,0.00049163345257,-501.47930530916216,4.830860689628034
66,0,0,34,0.4524484669949721,0.0005115056770086,-609.8451156986806,5.074640442596524
67,0,0,35,0.4471881368306334,0.0008982547752963,-649.118900994431,9.09347751026424
68,0,0,36,0.4470033539562693,0.00035738846397,-520.0250728159673,3.518719340003306
69,0,0,37,0.4361326123189937,0.0007562459441509,-547.3987607749394,7.677643185231597
70,0,0,38,0.4348376308843137,0.0005835664074395,-518.6524710912736,5.904536533714487
71,0,0,39,0.4347682544403091,0.0004692371191631,-483.7303151513264,4.711733066324332
72,0,0,40,0.4376563408706267,0.0007798833618142,-535.8921368243621,7.870036685902252
73,0,0,41,0.4345434606511185,0.0008002405463054,-574.0136905571668,8.201854706820235
74,0,0,42,0.429723831197451,0.0006356638214912,-518.8962336399952,6.508549012144426
75,0,0,43,0.4433420182705482,0.0010163686644254,-650.5892520842899,10.381758194346908
76,0,0,44,0.4439088583190104,0.000658239790158,-580.9656762392998,6.61418848313658
77,0,0,45,0.4417509664344795,0.0006709521155921,-544.7926007023642,6.721215983409638
78,0,0,46,0.4410454362120817,0.0003599219825093,-538.4878620937104,3.606238898563075
79,0,0,47,0.4400061860349188,0.0006332495141063,-575.742129292849,6.4121754784577885
80,0,0,48,0.436512455488685,0.0007346015710558,-590.328054404325,7.521955659445108
81,0,0,49,0.4371846216005707,0.0008555557396553,-580.3704795416635,8.727966096719157
82,0,0,50,0.4460582493171622,0.0007047313672284,-617.976534417372,7.104341316205588
83,0,0,51,0.4437672009079728,0.0008341144828085,-644.1078261711802,8.500044104531984
84,0,0,52,0.44105240396139,0.0006692167471697,-596.1920171021052,6.790602432595237
85,0,0,53,0.4438432577801511,0.0006651348605068,-595.3553658225217,6.70552022077427
86,0,0,54,0.444219031620321,0.0012430575984742,-688.1915787651265,12.775066173224577
87,0,0,55,0.4457569440653213,0.0006361006858034,-613.6398103553937,6.410769718890138
88,0,0,56,0.4354424101488697,0.00094856272084,-596.690370254054,9.750215355040693
89,0,0,57,0.4399083626006312,0.0006111899134043,-519.4342867871717,6.113809683948956
90,0,0,58,0.44589264172087,0.000273553319852,-497.7543042982822,2.686685178511312
91,0,0,59,0.4451127242908443,0.0003919318865696,-580.3540002807096,3.927070528624321
92,0,0,60,0.4493470849961787,0.0002260383804137,-501.86335638222056,2.204970393904739
93,0,0,61,0.4460228608968634,0.0004346775029364,-570.3063154151577,4.336922697248234
94,0,0,62,0.4413380814903195,0.0007761852434719,-592.8873138721553,7.865246362073842
95,0,0,63,0.441981688411114,0.0001599952147095,-529.4941527944136,1.5964988151631554
96,0,0,0,0.43405944251684,0.0006236263821153,-482.8632681951217,6.271006433822298
97,0,0,1,0.4321530986936662,0.0010495091978727,-587.4647404392673,10.848065866807278
98,0,0,2,0.4428676738129689,0.0007791455729577,-607.6593011148144,7.893359719777235
99,0,0,3,0.4352439052946708,0.0004826427952291,-476.7292018307006,4.833473540922205
100,0,0,4,0.4365071228766156,0.0007433252184399,-569.0018354414613,7.575909964705717
101,0,0,5,0.4383695159188502,0.0005752596583668,-506.4175428231701,5.757926298010442
102,0,0,6,0.4344886470748138,0.0005576461106223,-555.7135449326832,5.6932355825301535
103,0,0,7,0.4424079823316917,0.0007040561379582,-580.4217660895719,7.097719890105439
104,0,0,8,0.4487329465383703,0.0009280744241852,-609.043731917823,9.282030254879858
105,0,0,9,0.4458434777759184,0.0008421723784575,-594.2642836632428,8.45020994176298
106,0,0,10,0.4395689429701057,0.0007399387212975,-535.6210857472737,7.434008804856636
107,0,0,11,0.4503796992010306,0.0007503157002697,-507.2955558194264,7.311264986859553
108,0,0,12,0.4545291408277728,0.0006780245836064,-513.3169197776886,6.5552926204096655
109,0,0,13,0.4323023446549123,0.0005677395377179,-490.1512290250296,5.741566158675245
110,0,0,14,0.4465290533899003,0.0008896569712767,-621.6156949579388,8.96618853778019
111,0,0,15,0.4394573520271647,0.000622355658851,-500.4959572216636,6.205719858486226
112,0,0,16,0.4319210390617369,0.0007070761013725,-475.3895870025064,7.133419602617884
113,0,0,17,0.4427644336927381,0.0006611546134253,-543.8968449446794,6.606604602110638
114,0,0,18,0.4476283592374922,0.0004481563785954,-545.4238073098327,4.431046588602659
115,0,0,19,0.4410112511910113,0.0009207049115116,-610.2630731776791,9.372040767122613
116,0,0,20,0.4560763196683205,0.0005182258663,-617.2980566156164,5.108687725886164
117,0,0,21,0.4376170610823127,0.0008607185930351,-614.5892267966578,8.837694528110228
118,0,0,22,0.4477628148498987,0.0007879525452847,-604.842724756959,7.890470607887213
119,0,0,23,0.4461147891335671,0.0008025083723451,-604.8587201652006,8.065946359548299
120,0,0,24,0.4379403677199666,0.000674186446089,-558.9258402217567,6.833620796554426
121,0,0,25,0.4346330103368107,0.0010853943218849,-597.0514497686073,11.178355236288896
122,0,0,26,0.4329112617915432,0.0013502879088497,-654.7833323913608,14.137702860639592
123,0,0,27,0.4508695202471639,0.0005855439924762,-629.2379388820676,5.8541221631626605
124,0,0,28,0.4333712382910847,0.0007634391920674,-572.193716667892,7.842703209288295
125,0,0,29,0.4432307418505287,0.0007061369921547,-590.9126506976152,7.121805746956922
126,0,0,30,0.4314959923502517,0.0012259440329588,-603.5472240800536,12.73567774424094
127,0,0,31,0.4384046165850224,0.001004463812677,-631.2302201829549,10.33236497672406
0,0,1,32,0.4372293333611393,0.0009132558874375,-526.2595092845701,9.205301015537737
1,0,1,33,0.4539914177289315,0.0004656137791103,-520.5324509925326,4.514211594649479
2,0,1,34,0.4444275191438301,0.0004396940173978,-503.5372498723698,4.33824319782262
3,0,1,35,0.4508540605424289,0.0009748729578469,-624.5936854742456,9.73705702419104
4,0,1,36,0.4480662898832614,0.0011871586947306,-631.1349975006862,11.948078675215353
5,0,1,37,0.4350046421410282,0.0009342344526835,-569.1890300362315,9.55492028662655
6,0,1,38,0.4379480358436824,0.0007187770205219,-551.200393694752,7.273088980809679
7,0,1,39,0.446161667103279,0.0006825327049267,-511.9856455275741,6.72064845075192
8,0,1,40,0.442741500134249,0.000577573182707,-489.0820310400146,5.701931327825848
9,0,1,41,0.44411213975078856,0.2269511697646037,-637.3207252450462,3048.107516549264
10,0,1,42,0.4491159883878906,0.0004630160242636,-500.0580408415431,4.517159592183385
11,0,1,43,0.4540609917274371,0.0013226064649158,-659.8568982893818,13.217297663839137
12,0,1,44,0.4462706388137142,0.0006625339584244,-519.2805901388915,6.532703908632096
13,0,1,45,0.441945607457356,0.0009323924510214,-590.1156910759571,9.429426900167682
14,0,1,46,0.4469064709574677,0.0009355489366408,-572.2880196659288,9.319878217700282
15,0,1,47,0.4420436856666381,0.0007681816436288,-489.7269888431933,7.596725172765668
16,0,1,48,0.4526288592383641,0.0012847276150528,-646.755882327686,12.843041626609311
17,0,1,49,0.4482828014119114,0.0010241131064985,-592.2741943002204,10.215414663920164
18,0,1,50,0.4412793654756073,0.0006185197176327,-494.8923729226632,6.134342148421694
19,0,1,51,0.44746489810271,0.0011667380813923,-620.877418882505,11.732207485082611
20,0,1,52,0.4396052840123494,0.0008603803108,-562.8807684223633,8.695428441269735
21,0,1,53,0.4507628606461051,0.0010196545021809,-628.0104799097304,10.193948020659873
22,0,1,54,0.4465701167347634,0.0012442236584658,-644.3705387487788,12.600392851595878
23,0,1,55,0.4460868453602707,0.0006372520840507,-478.4040383308288,6.229035330096601
24,0,1,56,0.4354969090834641,0.0008350947181269,-504.21054189723606,8.409689203511348
25,0,1,57,0.4419632608519545,0.0015072017661222,-621.7976620427037,15.34748550557625
26,0,1,58,0.4429545722514416,0.0005052943219329,-483.1840138182876,4.979415326316551
27,0,1,59,0.4470315819958011,0.0010179648895881,-591.946991511838,10.1817799735956
28,0,1,60,0.4536046859750102,0.0008085395689664,-530.4533085457339,7.862881736988428
29,0,1,61,0.4318221137390919,0.0008120534503203,-490.0411079125306,8.22124993623472
30,0,1,62,0.4400360417539409,0.0008852912230324,-503.6691990920985,8.822158929285646
31,0,1,63,0.4409454393393478,0.0010356785698883,-520.4000658792069,10.337869023092413
32,0,1,0,0.4309441056621907,0.0011781613725076,-609.4735654669995,12.270790269077663
33,0,1,1,0.4190995665971349,0.0008691428123515,-488.6878990853367,9.063602792582088
34,0,1,2,0.4326445192387112,0.0013502834124584,-644.9739484481987,14.11645334779607
35,0,1,3,0.4379694264046559,0.0008517439338868,-569.4605890795655,8.65279142352016
36,0,1,4,0.4242774785411008,0.0014457841956259,-620.2638482406649,15.3306606659811
37,0,1,5,0.4231605284306398,0.0009953365899171,-537.2864633733891,10.39151594001824
38,0,1,6,0.4209351892507956,0.0007604333669912,-510.4104706636787,7.933665799427726
39,0,1,7,0.4243653959533717,0.0009771592101032,-521.5754919031677,10.1374665948328
40,0,1,8,0.4205871626142244,0.0015335477853418,-618.4667988142003,16.397556431628114
41,0,1,9,0.4213819527641775,0.0006201952412083,-483.3037788281685,6.424764693455292
42,0,1,10,0.4233618283728182,0.0013220469999697,-611.6329777217342,14.022579549002506
43,0,1,11,0.4207427430006556,0.0009569321801024,-517.6964440659616,10.004491102991892
44,0,1,12,0.4252193235708543,0.0009834755931339,-508.5470651612615,10.15310015098532
45,0,1,13,0.4244495808462944,0.0011464461807506,-536.1664472112451,11.929826650722028
46,0,1,14,0.4266146275964837,0.0011572335524867,-593.7641958059289,12.133516972393046
47,0,1,15,0.4265406849198832,0.0015336798878009,-624.8623005664588,16.192543867923014
48,0,1,16,0.4331624580851632,0.0017624325860987,-685.3854826584604,18.563914369689943
49,0,1,17,0.4234966965882428,0.0010332963269345,-527.8488002530455,10.756784245670724
50,0,1,18,0.4299798562587514,0.0008030705308565,-535.3597470443289,8.247736864586882
51,0,1,19,0.4242632314999867,0.0012551476026488,-583.48809407119,13.203385173360092
52,0,1,20,0.428879257523278,0.0008539836173483,-516.8652769576751,8.75719274399156
53,0,1,21,0.4242966619857145,0.0009930183656565,-573.4045623313306,10.422078909451317
54,0,1,22,0.4318925077043612,0.00089542570465,-520.8403939951189,9.126141594139902
55,0,1,23,0.4273656197392416,0.000869393011958,-503.046604148446,8.919353171832388
56,0,1,24,0.4288170230726552,0.0007576702564875,-511.28205986425183,7.761046650848898
57,0,1,25,0.429924396259443,0.0013578926817997,-614.6172392997785,14.192141363885188
58,0,1,26,0.4269659760037188,0.001382153185708,-644.9322219947549,14.641678014928353
59,0,1,27,0.4320419387147959,0.0011453147195316,-603.5945233416047,11.883151026656474
60,0,1,28,0.4299593154421318,0.000587876524302,-501.3728404290831,5.992579492385501
61,0,1,29,0.4325201580429162,0.0012110520712809,-618.4492818705397,12.591943112689131
62,0,1,30,0.4265107033375996,0.0015362446070826,-637.8780336623994,16.2665686483107
63,0,1,31,0.4380008129861073,0.0006000739281944,-486.277496667512,5.984434178297368
64,0,0,32,0.4418605289565389,0.0010884209425051,-530.0709084375761,10.865078596241611
65,0,0,33,0.4582488437075994,0.0006001980821349,-518.9901191928026,5.762997127122063
66,0,0,34,0.448925116842714,0.0006973675754203,-500.4959991932445,6.807036826938255
67,0,0,35,0.4548288445971618,0.0012256661290007,-624.6297126442637,12.135095661919603
68,0,0,36,0.4519007210038733,0.0009998201366402,-629.5657442460498,9.973848499032153
69,0,0,37,0.4388993156060031,0.0009162700495476,-573.2652356809143,9.296340722014737
70,0,0,38,0.4418560195200522,0.0007089346788621,-556.9124525566076,7.118998792177583
71,0,0,39,0.4499405520591172,0.0007825030098485,-512.3242628965338,7.640882060468402
72,0,0,40,0.4466007890947586,0.0006052068625548,-483.8632482020541,5.916207371180168
73,0,0,41,0.4485875625240822,0.0013686082228682,-637.756774408861,13.777997688487144
74,0,0,42,0.4528318083688924,0.0005299433587951,-498.277464894322,5.125641409875058
75,0,0,43,0.4578984995648371,0.0013127568250056,-666.9569843065224,13.02881665194453
76,0,0,44,0.4501132528271252,0.0008526927165563,-522.4751575040838,8.341832439526335
77,0,0,45,0.4459934144901089,0.0011273667743596,-594.9540554455887,11.309699108982825
78,0,0,46,0.4500801271025525,0.000876749245999,-567.9787463493468,8.664336036731427
79,0,0,47,0.4456411056501766,0.000704318413994,-478.1931543525689,6.891158637867734
80,0,0,48,0.4562434996613377,0.001480109545671,-651.7511148011653,14.694827136616905
81,0,0,49,0.451960435480517,0.0010880079377052,-591.1165411185303,10.76172675981794
82,0,0,50,0.4448936714568448,0.0007485954170759,-491.4944190978196,7.3585101164707964
83,0,0,51,0.4513227508350175,0.0012241395494366,-622.032959921214,12.20725388839443
84,0,0,52,0.4434828949965652,0.0009263538339066,-565.9712204930585,9.286633479919413
85,0,0,53,0.4545641573163618,0.0010097061592659,-625.9529194155743,10.005609356953377
86,0,0,54,0.4504202910862707,0.001168419010998,-646.6534355852318,11.73735273005022
87,0,0,55,0.4497566695502303,0.0006526691128125,-479.1875691908491,6.328787449213359
88,0,0,56,0.4390965791495236,0.0007077717632878,-498.21744443497886,7.059647839426264
89,0,0,57,0.4457332863484141,0.0011817225553441,-619.8004328311687,11.926258511770918
90,0,0,58,0.4467201290593957,0.0005997694531779,-481.7275417049005,5.858690442435127
91,0,0,59,0.450795053384162,0.0009335272942376,-587.8131568863735,9.250914955955858
92,0,0,60,0.4571228512453302,0.0006572914085,-527.4052233744883,6.338551941314232
93,0,0,61,0.4357079521665312,0.0007931979920217,-491.4978668633009,7.961325839043052
94,0,0,62,0.4439094556098434,0.0007484520402997,-499.9064503937808,7.387250263247465
95,0,0,63,0.4447731101458774,0.0008723227006086,-523.4089985289987,8.638119969239055
96,0,0,0,0.434655069030712,0.0009833049596273,-607.275980471217,10.149028283371694
97,0,0,1,0.4227656139328138,0.0006876046762358,-489.8189109173119,7.110100896877831
98,0,0,2,0.4362701982277682,0.0013653504781624,-644.2379541941268,14.153094490752846
99,0,0,3,0.4416651716010186,0.0005289680879678,-565.8978175292333,5.324608155629272
100,0,0,4,0.427634957553488,0.0012216079422693,-614.1943902854485,12.834924769911693
101,0,0,5,0.4267970856859876,0.0009221016551574,-531.7008372006736,9.533122745119996
102,0,0,6,0.4247325613938002,0.0007885576190263,-506.4379633417271,8.146336402287877
103,0,0,7,0.4280415491547325,0.0009416970329938,-524.2447938711396,9.691394217762989
104,0,0,8,0.4240424124916372,0.0012810704380856,-618.1159601429304,13.58527795109292
105,0,0,9,0.4248548980579474,0.000674730442862,-480.0838962171489,6.927583811137395
106,0,0,10,0.426783336632365,0.0012170668303474,-607.5648624112719,12.794261140138394
107,0,0,11,0.4246596327808356,0.000825049276809,-516.7189474551225,8.544275082155973
108,0,0,12,0.4287463783909975,0.0006730534549401,-505.6867848249342,6.886856349111644
109,0,0,13,0.4278232328971819,0.0011232925092235,-534.0185374144168,11.59121283347182
110,0,0,14,0.4299094323389666,0.0010445197829376,-592.3728409995945,10.864486208488753
111,0,0,15,0.4297459827247362,0.0013059607928769,-614.2027231029961,13.653806966023325
112,0,0,16,0.436459248018998,0.0016931941740632,-683.7195021540665,17.693587239398617
113,0,0,17,0.427217308394989,0.0009350164015266,-529.2531456110063,9.651904434917965
114,0,0,18,0.433601779177606,0.0009382160599581,-537.1162211547195,9.558936535615551
115,0,0,19,0.4276410120889525,0.0011950004241251,-578.5671954228034,12.457954379907486
116,0,0,20,0.4322233854723395,0.0005901936394828,-513.2823605947584,6.000553509216229
117,0,0,21,0.4276094070049675,0.0008308549538199,-574.025541997485,8.653739580749571
118,0,0,22,0.4345373251627831,0.0005514595119424,-509.8586985344076,5.5726440292770985
119,0,0,23,0.4308800945680824,0.0009227065123203,-503.7050212761197,9.39047526315893
120,0,0,24,0.4322678879837759,0.0006930090738809,-506.7656062640747,7.034967126152591
121,0,0,25,0.4332541004468365,0.0009885557854753,-609.0532660884535,10.240178227351226
122,0,0,26,0.4305089053068385,0.0012487351432938,-638.6322347659681,13.101609837257495
123,0,0,27,0.4356931278268584,0.0012629064162541,-605.0729959123832,12.997595214973618
124,0,0,28,0.4337261274900371,0.0006026653229733,-501.5308782424527,6.090191448258023
125,0,0,29,0.4356005945867784,0.0009266419225,-604.8866317563984,9.538464634959668
126,0,0,30,0.4297230219046303,0.0013512023789972,-633.205233117671,14.185937877316322
127,0,0,31,0.4418843473594315,0.0006184981761648,-486.4040964970644,6.11413939309909
0,0,1,32,0.4322650628493886,0.000652516218243,-481.5553414684503,6.586825785833466
1,0,1,33,0.4562546396085041,0.0010489942174674,-604.7636835069836,10.308824504018046
2,0,1,34,0.4459870478357225,0.0007360030138179,-519.700028446463,7.262411938204992
3,0,1,35,0.4526820166579968,0.0013652887188193,-642.9242245637781,13.63549089956877
4,0,1,36,0.4442154771360301,0.0007758787359731,-525.218716703211,7.695819698905856
5,0,1,37,0.4452382816946622,0.001098262407637,-597.8038676351894,11.043277603796234
6,0,1,38,0.4392855296931565,0.0007306175763219,-473.9475478013618,7.245009776878714
7,0,1,39,0.4554098204601818,0.000821732941394,-593.3634718405586,8.070339657727244
8,0,1,40,0.4514083264936589,0.0006743831251866,-492.2510782123685,6.53445542855934
9,0,1,41,0.4478427377821076,0.0006510846194635,-527.0022873363928,6.408231368723242
10,0,1,42,0.4497713974844385,0.0008680868533884,-564.0615140827672,8.57723780983072
11,0,1,43,0.4428315937459045,0.0011014729197966,-520.2708575399478,10.94746740240694
12,0,1,44,0.446892201776523,0.0007983845324717,-493.9275467832362,7.817069251545648
13,0,1,45,0.4432920303092704,0.001295310007167,-614.1785311516563,13.128556334152012
14,0,1,46,0.443726811359333,0.0010273644490544,-503.4975060400732,10.152411470183791
15,0,1,47,0.4564135907619763,0.0009931872836982,-599.5147469496212,9.745834992652956
16,0,1,48,0.4397943598261749,0.0011198300841325,-516.5859548281867,11.197624925068949
17,0,1,49,0.4432415378723629,0.0008620793169132,-564.2244309401827,8.643674859733975
18,0,1,50,0.4397956333362632,0.0011968228102177,-589.3763340332881,12.160854318001531
19,0,1,51,0.4475061125944902,0.0011197420882131,-587.2381577661438,11.176381144142011
20,0,1,52,0.4419849375693888,0.001042214941411,-509.0409753015808,10.352508008991784
21,0,1,53,0.4456666804973881,0.0010281768225937,-612.6308578532554,10.362026889722058
22,0,1,54,0.44534223246108,0.0007563618798116,-547.4622271013633,7.5201284535644835
23,0,1,55,0.4475020205736043,0.0007797609444024,-518.5977415981624,7.6662650741537295
24,0,1,56,0.4389887181251306,0.0009266754128423,-517.6924345220981,9.28548058797402
25,0,1,57,0.439134343646219,0.0010701347503488,-514.6540395363138,10.712190654212035
26,0,1,58,0.4446660528344077,0.0009964013030634,-486.15058817122025,9.787712167148523
27,0,1,59,0.44871114644007,0.0009636602301554,-528.6500054461332,9.469820133766524
28,0,1,60,0.4489955547026065,0.000984092614721,-536.2430752446988,9.680725532744155
29,0,1,61,0.4417330990559772,0.0011675831223695,-530.2577564657831,11.659152801322342
30,0,1,62,0.4453865325802823,0.0011196226704377,-558.219736654589,11.15714064537883
31,0,1,63,0.4487471267113935,0.0010201322807476,-543.3255901026773,10.05652687367292
32,0,1,0,0.4232768559757959,0.0011394170791988,-575.3570719364275,11.992528541637702
33,0,1,1,0.4320818327742982,0.0013738589042001,-593.0035825060739,14.22018887737794
34,0,1,2,0.4175176445715719,0.0010383605778627,-553.2547229714935,11.02597722025362
35,0,1,3,0.4241606205274594,0.0008225423727662,-496.9716097911459,8.49096833113783
36,0,1,4,0.4258621510968917,0.0012797437575602,-601.5396961028142,13.464558459137296
37,0,1,5,0.4201388951820779,0.0007752320533216,-468.2551603204343,8.027506691315201
38,0,1,6,0.4245146756578856,0.0008694392055891,-495.7935137753947,8.965236847114335
39,0,1,7,0.4259465571737742,0.0012553081480568,-531.9622236775773,13.00463272221892
40,0,1,8,0.4285209374599089,0.0015973995624635,-590.535899941411,16.662362289263783
41,0,1,9,0.4171120225782904,0.0012201029918888,-520.0442781571799,12.873610051186338
42,0,1,10,0.4262120514008594,0.0010419121298622,-562.2153104006948,10.85938510547117
43,0,1,11,0.426992910157096,0.0010083917602446,-513.2440810467672,10.377910104078428
44,0,1,12,0.424092982771368,0.0010708735855582,-541.2832272968191,11.165406447968843
45,0,1,13,0.4289234637163298,0.0007724855671081,-481.5750771942159,7.8586413238430035
46,0,1,14,0.4229194335377155,0.0014126279820315,-581.5162387563812,14.900765317356422
47,0,1,15,0.4455970044090211,0.0008362256416985,-518.7319506921026,8.256794761166711
48,0,1,16,0.4207116138675091,0.0013682812193537,-578.3238088494415,14.498587068170703
49,0,1,17,0.4380513098503757,0.0015522588255118,-641.5686418986435,16.01589966431153
50,0,1,18,0.4313148874931574,0.0010991244310424,-519.1544702828746,11.213038724476974
51,0,1,19,0.416679026654438,0.0012402299774273,-555.4686124871305,13.202492668324988
52,0,1,20,0.4236148279718419,0.0010906977616881,-582.336307061622,11.48814025678856
53,0,1,21,0.4366931424222678,0.0010009555784045,-579.1012209772264,10.2199155643714
54,0,1,22,0.4250380284684463,0.0007891577478114,-518.7053727008556,8.168903188389834
55,0,1,23,0.4287079004706458,0.0008814481589596,-523.1047231353313,9.054960861666716
56,0,1,24,0.4191503264723071,0.001489835540521,-618.2955175679317,15.984174375310142
57,0,1,25,0.4198374991504146,0.001279588773295,-579.1964674535317,13.589611727076218
58,0,1,26,0.4252376797436268,0.0007653867626971,-492.1812462009642,7.872536672113708
59,0,1,27,0.4251841989949875,0.0011094056743847,-519.7816968877161,11.48271485078465
60,0,1,28,0.4230147749664393,0.0008185196199951,-494.2430673553737,8.467178580320697
61,0,1,29,0.4308195220861732,0.0015349175596211,-618.0343977955094,16.020893343616844
62,0,1,30,0.4195839365039028,0.0012778474388602,-523.0901773158636,13.412506304091504
63,0,1,31,0.4327904930297883,0.0009224525221036,-507.4341294510094,9.354206467687314
64,0,0,32,0.4423391665088008,0.0007670267299492,-530.2777585696434,7.648851604387419
65,0,0,33,0.4594269266222844,0.0006474867615472,-524.2263357525463,6.208314593615694
66,0,0,34,0.449523893707546,0.0006383972522233,-500.6506663826394,6.223338825936949
67,0,0,35,0.4557591322974691,0.0009909289867238,-627.5027910797174,9.79708452507628
68,0,0,36,0.4531087394069914,0.001073816776559,-633.4881976112396,10.69253591647334
69,0,0,37,0.4398289332100831,0.0008739434194418,-575.3952031993595,8.85229292141196
70,0,0,38,0.4428068314801254,0.0009446218731797,-559.7750999749411,9.471321794199916
71,0,0,39,0.4512987973185355,0.0007496127939929,-517.4732363723897,7.306036444223775
72,0,0,40,0.4474151478179216,0.0007564453260102,-488.50233806258166,7.388832721498867
73,0,0,41,0.4496986626736199,0.001243790472918,-642.0975094350777,12.502232369764474
74,0,0,42,0.4542017382431532,0.0005577098475214,-503.7008040123561,5.384428274118526
75,0,0,43,0.4588986033907049,0.0012435298025801,-667.1812746665258,12.315451464145076
76,0,0,44,0.4509267855817803,0.000782010885938,-523.582616776445,7.638429421842414
77,0,0,45,0.4467945709911483,0.0011865692350814,-596.1669947394696,11.885417109197125
78,0,0,46,0.4514091541610849,0.000611124857815,-570.6223781741195,6.025059273187221
79,0,0,47,0.4462517124057642,0.0006217802105012,-486.0255270552677,6.085914012190301
80,0,0,48,0.4571256494427616,0.0011008676066167,-650.6262652713099,10.905899645822382
81,0,0,49,0.4526959570548807,0.0007421367830332,-589.4756359114679,7.326085827222213
82,0,0,50,0.4458407556656915,0.0005144830500126,-493.549359361181,5.0488136552277325
83,0,0,51,0.4523072876968306,0.0011786546903714,-622.5652650115686,11.72944516495448
84,0,0,52,0.4441642324687794,0.0008763468263437,-565.4467314221575,8.770829984432423
85,0,0,53,0.4554296697561251,0.0009293589805731,-626.46942788447,9.192943111370852
86,0,0,54,0.4513913827977219,0.0011227878752309,-646.9998312654681,11.255542675416452
87,0,0,55,0.4504856234566761,0.0004764164427878,-477.6389959851392,4.610631771944719
88,0,0,56,0.4399786813686383,0.0006735577855412,-501.300600979733,6.709517361590825
89,0,0,57,0.4464480415341874,0.0010331052161929,-620.2271355758547,10.410645797850536
90,0,0,58,0.4474693292717089,0.000544394309147,-480.88381376800726,5.307868070064751
91,0,0,59,0.4517188947588058,0.0008515229032017,-588.1120851442888,8.42157426326148
92,0,0,60,0.4583706411009839,0.0005158964061787,-529.1089204674024,4.96334590465335
93,0,0,61,0.4363241668028062,0.0006407515384919,-491.87577031621527,6.422680300376001
94,0,0,62,0.4446514031008773,0.000601152334646,-499.84602114642,5.923416616968817
95,0,0,63,0.4454641680895066,0.0006744856051039,-522.7701636451343,6.667745870408667
96,0,0,0,0.435354131795756,0.000901073164967,-604.8538498347169,9.280455277296772
97,0,0,1,0.4234697482021918,0.0006986313210047,-488.8564199600243,7.210559490691503
98,0,0,2,0.4370726382905194,0.0011565612213777,-642.559915402185,11.96245638921478
99,0,0,3,0.442220589012977,0.0007022205967474,-563.2980974825051,7.055663920426312
100,0,0,4,0.4282737657055466,0.001201582347435,-612.7904811770289,12.601845927341438
101,0,0,5,0.4274063719339324,0.0008759020724556,-534.8942843006863,9.048968594341977
102,0,0,6,0.4252137706112682,0.0007418198111778,-504.7571685393468,7.651969330374112
103,0,0,7,0.4288553380682494,0.0008027941733188,-522.2874554450364,8.242634353005785
104,0,0,8,0.4247615174793323,0.0013861692049033,-621.1097466024429,14.684469039263757
105,0,0,9,0.4258524468366571,0.0006168447392508,-485.288197518515,6.325778812306777
106,0,0,10,0.4274159446521173,0.0011437265088995,-609.9970970082529,12.01184318981433
107,0,0,11,0.4249751558365154,0.0007101228692596,-517.0177127625792,7.349115667342107
108,0,0,12,0.4290216965304038,0.0006781837556935,-504.1610154949129,6.932544279572066
109,0,0,13,0.4279591040349574,0.0008746753160445,-529.7220060754955,9.014306073611488
110,0,0,14,0.4308750017115691,0.0008789441779593,-595.8891413773251,9.128784359707486
111,0,0,15,0.430210142283452,0.0012371769381089,-620.8788460944635,12.939473653232705
112,0,0,16,0.4372135999809602,0.0015180392780803,-685.1887462727967,15.84086806668632
113,0,0,17,0.4278346654777962,0.0007392726664702,-529.878892993649,7.621342513689394
114,0,0,18,0.4344102293323045,0.0005938670977556,-538.5980482985204,6.041283555501511
115,0,0,19,0.4281222524174532,0.0009718449831107,-579.0529569959732,10.121234382237835
116,0,0,20,0.4331671396080678,0.0006909496456037,-516.3333642044681,7.014392669304453
117,0,0,21,0.4285572544853576,0.0008069199092636,-575.3901981240699,8.388365904569532
118,0,0,22,0.4360027861190027,0.0005788971244773,-518.9880093718879,5.842074636958103
119,0,0,23,0.4314977977207872,0.0004569096013283,-500.4970384104629,4.6400438204281365
120,0,0,24,0.4327361134895812,0.0006698340520774,-505.2369960902523,6.790043625670989
121,0,0,25,0.4340653927722947,0.0010897896612156,-612.3935675627333,11.275924490868226
122,0,0,26,0.4309845747311916,0.0012865426929329,-637.4276432352502,13.479871280197136
123,0,0,27,0.4365229912806184,0.0009849430751828,-605.998771018136,10.119619846600935
124,0,0,28,0.4349153819083269,0.0006356659101633,-502.5248144596246,6.407528688459109
125,0,0,29,0.4362481030210087,0.0009618313453679,-608.4966743747225,9.89376931338606
126,0,0,30,0.4303943436757703,0.0012202980447291,-635.2101849454922,12.797178038091973
127,0,0,31,0.4425309115969053,0.0004941113612472,-483.2058934384232,4.873898433845572
0,0,1,32,0.4328028122804499,0.0005943318388505,-476.6006898782038,5.985392495716633
1,0,1,33,0.457408206592246,0.0009164206380576,-606.66929393448,8.986995804093931
2,0,1,34,0.446793595536089,0.0010268560856484,-520.6215734876922,10.116140843846129
3,0,1,35,0.4538123076201932,0.00129306551759,-645.1579404639524,12.888234423074014
4,0,1,36,0.4453329796915714,0.0008215319650962,-524.4282913981287,8.12677577657563
5,0,1,37,0.4462275574870531,0.0011517887755175,-599.3106658481753,11.55962000045835
6,0,1,38,0.4404531910567449,0.0008518231499483,-478.4928128365463,8.43309927987151
7,0,1,39,0.4568654174253349,0.0010902601307285,-595.736940435508,10.678993956640804
8,0,1,40,0.4523512086405886,0.0006807202012831,-491.48688294965,6.580988335573602
9,0,1,41,0.4488739013650205,0.0007990944747412,-529.5062654796031,7.851285279030788
10,0,1,42,0.4508128906843753,0.0008965721806143,-564.963899671003,8.839976891493178
11,0,1,43,0.443331424887519,0.0011098662797407,-518.4426209633201,11.013985060295049
12,0,1,44,0.447370807477891,0.0008277416685934,-491.9818576900242,8.092325492291003
13,0,1,45,0.4437632089345938,0.0012993382991859,-612.070740321233,13.149372925337204
14,0,1,46,0.4438988110620776,0.0008651218051737,-496.868399403413,8.533212777092706
15,0,1,47,0.4571019080088663,0.0011546163898544,-605.1521538243921,11.32673554412366
16,0,1,48,0.4405646039861144,0.0010087339909055,-514.0933127705362,10.063527408555371
17,0,1,49,0.4434958019150092,0.0008990380033339,-560.0401690733088,9.000792861338912
18,0,1,50,0.4406164058219773,0.0012875693518877,-591.44575443197,13.06445997831231
19,0,1,51,0.4486913618098668,0.0009908367265818,-588.3133115756749,9.865944562784785
20,0,1,52,0.4428218695670967,0.000942725276268,-509.7731302584377,9.348082315699058
21,0,1,53,0.4462287531096206,0.0009860558794194,-610.3683665592832,9.920128430719693
22,0,1,54,0.4461132763046523,0.0002945953207609,-544.7503908251239,2.9222039533147157
23,0,1,55,0.4480028349386546,0.0006053410454474,-516.7003790596282,5.942291126553972
24,0,1,56,0.4397227119154312,0.0009243514102046,-518.1694005980177,9.247711446617226
25,0,1,57,0.4396040219740294,0.0008965531046155,-512.7865186477399,8.961310826778426
26,0,1,58,0.444968280768474,0.0007321533451276,-481.728059868128,7.180005208974026
27,0,1,59,0.4493435328663818,0.0007362336232186,-526.6660671770976,7.221561115022625
28,0,1,60,0.4496476649694809,0.0007931799897126,-534.2514827427083,7.787933493119959
29,0,1,61,0.4423998348399216,0.0007645539507514,-527.5624520272577,7.618567318969807
30,0,1,62,0.4458754964115172,0.000675485576149,-554.0251081075992,6.717689943146748
31,0,1,63,0.4489513139953675,0.0007282970239036,-538.997054800009,7.169478156797585
32,0,1,0,0.4231784940197879,0.0009536081734932,-567.7521103885092,10.022463107501668
33,0,1,1,0.4326771520882899,0.0012385319028456,-592.8013579573797,12.80127808903666
34,0,1,2,0.4173619785724985,0.0012245871320237,-544.8100462157846,12.984109955695065
35,0,1,3,0.4245795558722064,0.0008302497397034,-492.8696870117445,8.554247823225156
36,0,1,4,0.4258862588685888,0.0013219760383118,-597.4095591573717,13.895586808262044
37,0,1,5,0.4210105823147287,0.0007826745085098,-467.8861055239634,8.087123697228677
38,0,1,6,0.4249086360670414,0.000988350554582,-492.89675227403706,10.175369734910552
39,0,1,7,0.426263961310364,0.0015017803219682,-527.7812984714598,15.532049613738632
40,0,1,8,0.4287187187513141,0.001400315482983,-585.6001065895689,14.584110882280996
41,0,1,9,0.417465671767292,0.0011066391746206,-515.2923079545969,11.654241439375925
42,0,1,10,0.4270372038504824,0.0010236892838305,-560.6498905695579,10.645176449576867
43,0,1,11,0.4274434088758056,0.0009684084090562,-508.165858803984,9.944688995832164
44,0,1,12,0.4242455744739211,0.0009062063345607,-537.4770853841411,9.43717856924222
45,0,1,13,0.4290302883258509,0.0006183469479138,-472.8331456398816,6.276704108878639
46,0,1,14,0.423721681153917,0.0014317325702442,-580.2937634147087,15.06965772266832
47,0,1,15,0.445929028828912,0.0006774583352873,-521.5515344510217,6.688345057100048
48,0,1,16,0.4207488346301746,0.0012407311498536,-572.4338889096397,13.128918196127218
49,0,1,17,0.438436873761458,0.0012525101231083,-636.9334187559982,12.898850489450682
50,0,1,18,0.4319025128550862,0.0009623437166543,-517.1805989539574,9.799981612126334
51,0,1,19,0.4171513871290345,0.0013203180990939,-555.1713292265711,14.038211934753717
52,0,1,20,0.424212351625659,0.0010698676497192,-582.6691757727484,11.253687517201756
53,0,1,21,0.4372530453984505,0.0010036037948769,-577.1243766402567,10.229402183792043
54,0,1,22,0.4255222822186094,0.0008164228494474,-516.8557820858945,8.438054901838226
55,0,1,23,0.4293311934786784,0.0009030711948877,-519.3885878089922,9.255993653510806
56,0,1,24,0.4194601840865619,0.0014701414110731,-614.8776507670647,15.749525723213951
57,0,1,25,0.4200673054323411,0.0012144451316827,-575.797589733266,12.8811158289634
58,0,1,26,0.4254867667380502,0.0009021608581133,-488.7988983219872,9.266924244691674
59,0,1,27,0.4257469473006812,0.000967767462554,-519.3226506730532,10.002455080264758
60,0,1,28,0.4233408177649949,0.0008734490531748,-490.9622839089901,9.021833347562657
61,0,1,29,0.4306328093442946,0.0012856368176445,-611.4099025506417,13.405494600097404
62,0,1,30,0.419585933908181,0.001086357474321,-516.4980887037264,11.385885306372142
63,0,1,31,0.4325596873587821,0.0007557362419446,-499.8151721007255,7.654707606168888
64,0,0,32,0.4325739302122971,0.0005496642459695,-520.927241921532,5.593438650118207
65,0,0,33,0.4456376619233319,0.0003372637316409,-511.6458463995755,3.324566134774789
66,0,0,34,0.4514917144007466,0.0003802712987765,-616.3622279137998,3.7860230075060106
67,0,0,35,0.4458992590600733,0.0008363274052162,-651.7031460681644,8.495765794332778
68,0,0,36,0.4460664574223424,0.0003331376036615,-527.9061583066361,3.29258742658242
69,0,0,37,0.4352938948932814,0.0007525760389262,-553.9714241429448,7.666199986677027
70,0,0,38,0.4339620035587275,0.0005334976526365,-523.5125688549762,5.414662631608067
71,0,0,39,0.434308296309524,0.0003357223586274,-493.435048531288,3.381965101576441
72,0,0,40,0.4373099203799402,0.0005814596358502,-551.7177018456637,5.892872593637868
73,0,0,41,0.4337945017423266,0.0007783096162801,-584.0965320232953,8.008518240224348
74,0,0,42,0.4289313520054706,0.0006278356945274,-526.9208543116541,6.451737124383653
75,0,0,43,0.4422021469872995,0.0009195579270065,-657.8447688716274,9.431837071924097
76,0,0,44,0.4427975570540384,0.0006592613984786,-586.1367827096201,6.648598232534914
77,0,0,45,0.4405373187565316,0.0005742342453608,-552.0342786831958,5.777413860674804
78,0,0,46,0.4398016280204727,0.000440919150209,-541.0346471261943,4.432776383563394
79,0,0,47,0.4389027400272565,0.000735553097755,-580.53942521376,7.47465996788636
80,0,0,48,0.43544744864352,0.0007468610804763,-596.1434936504266,7.675932799735873
81,0,0,49,0.4367530270551742,0.000927684163077,-594.7789799018705,9.503026136386092
82,0,0,50,0.4452365982020896,0.0007963627036669,-627.0667662827317,8.058769369350545
83,0,0,51,0.4430547734862984,0.0010673721923284,-650.8112773398924,10.910327770471635
84,0,0,52,0.4405133238799099,0.000869707632055,-605.9811910697442,8.8546782074259
85,0,0,53,0.443158476390936,0.0007728049123711,-601.6214656011739,7.813701465432979
86,0,0,54,0.4428343861280688,0.0012307623159042,-691.3642647194197,12.6968764277381
87,0,0,55,0.4445285769199708,0.0007434925298388,-621.7956272313817,7.527121280347869
88,0,0,56,0.4348986106060801,0.0008462341956239,-607.8924941754344,8.730555044482637
89,0,0,57,0.4389392337688653,0.0006174785365218,-527.4797183403348,6.201398781011473
90,0,0,58,0.4447396095352405,0.0002171215687611,-503.3037528891121,2.140616597938277
91,0,0,59,0.4440380136404113,0.0006701698324169,-585.9824448256179,6.739500677406754
92,0,0,60,0.4481648076075976,0.0005137090382482,-508.42257966022703,5.0317099514826165
93,0,0,61,0.4448995642415616,0.0004511801208303,-573.9689571097394,4.516567468169333
94,0,0,62,0.4400642121948285,0.0004978756184417,-598.0759743556735,5.065415251723591
95,0,0,63,0.4407598675922398,0.000271989118467,-533.3884273026063,2.723889558043604
96,0,0,0,0.4329498915572261,0.000494147678983,-490.4043249477072,4.990137192266047
97,0,0,1,0.4307137502760987,0.0008614324807561,-592.9242429525734,8.944464451073642
98,0,0,2,0.4413660394858978,0.0008026650227981,-611.7108150226878,8.166493524103865
99,0,0,3,0.4336953304187248,0.0003767544777525,-481.4120150065201,3.7904851111949616
100,0,0,4,0.4347729703673101,0.0006647303303387,-570.1906039593076,6.803674701291413
101,0,0,5,0.4366650897274179,0.0002136208035678,-509.78721716430414,2.148141859971848
102,0,0,6,0.4330336887748237,0.0006342441753289,-557.9732967237095,6.500243846803382
103,0,0,7,0.4410446232002111,0.0005461930949067,-581.3758370039942,5.524448516585617
104,0,0,8,0.4469360333975126,0.0005038481988746,-612.6353997026212,5.063396311066547
105,0,0,9,0.4440019260579874,0.000667406334421,-601.8706178720892,6.735581172041636
106,0,0,10,0.4383047098696365,0.0005102657574281,-542.062075636675,5.148639361037848
107,0,0,11,0.448772801340481,0.0004971401074683,-512.4571694567974,4.867183807819687
108,0,0,12,0.4530213251563207,0.0004373003893372,-519.4547498086589,4.247771673933259
109,0,0,13,0.4308128060154458,0.0004098521978401,-496.15002557091424,4.1647457799661485
110,0,0,14,0.4447851683692982,0.000893060373179,-610.6779741463727,9.014323003996637
111,0,0,15,0.4379983428612592,0.0005498659110436,-505.1328110467372,5.506843879993771
112,0,0,16,0.4304086357480801,0.0005617976310568,-476.50294860331655,5.689094446552517
113,0,0,17,0.4410106347718183,0.000596698084766,-548.8938823304726,5.992832937202469
114,0,0,18,0.4456768434497323,0.0005232520967753,-549.0779602343194,5.200380561468926
115,0,0,19,0.4398429975001008,0.0007609157105628,-616.5956734076591,7.776789477246534
116,0,0,20,0.454233186025658,0.0007608021509479,-619.8759909376741,7.534663176544246
117,0,0,21,0.4364714938056478,0.0011316836338413,-620.1042940240089,11.664377767769542
118,0,0,22,0.4465060056955176,0.0008220760751274,-610.5254309579026,8.265571664131038
119,0,0,23,0.4445977963889515,0.0007012909098832,-608.1265472877914,7.077703468853693
120,0,0,24,0.4368103990034504,0.00082786181099,-564.1874819443016,8.422732503568493
121,0,0,25,0.4332707155944219,0.0010186945069408,-602.8548377739102,10.537736451934604
122,0,0,26,0.4317682809591434,0.001482990211998,-659.6521132119185,15.584560239091788
123,0,0,27,0.4500117016467772,0.0009841965381432,-640.8396214652909,9.883298371125438
124,0,0,28,0.431956364037956,0.0009212663729289,-579.8677808223617,9.511020994608494
125,0,0,29,0.4419204086291298,0.0007920557768719,-598.2147393547522,8.024815604897885
126,0,0,30,0.4298187827868531,0.0009541650235679,-603.9097984880492,9.951777568270357
127,0,0,31,0.4367799137586597,0.0009680497501547,-629.3330808708364,9.990725805470518
0,0,1,32,0.4283296884761854,0.0009631264068214,-476.45417133155553,9.800416169065151
1,0,1,33,0.4519521947012275,0.0010339573451846,-601.3072479356483,10.25005819143837
2,0,1,34,0.4414986946043785,0.0009339543137123,-516.0530691415131,9.30182859751086
3,0,1,35,0.4485607214183748,0.0012499739241803,-641.9049207340887,12.595736435693322
4,0,1,36,0.4397914874641789,0.0008389205458119,-521.4114321791615,8.397737996940185
5,0,1,37,0.4411772273091516,0.0010993465917818,-596.0521456040433,11.151670006424068
6,0,1,38,0.4349886773323792,0.0005907644249226,-473.2727530545606,5.915160502318765
7,0,1,39,0.4510806023273747,0.0008712149586674,-590.2901038061264,8.632629641579932
8,0,1,40,0.4465306170826323,0.0005533933297599,-486.05922284387947,5.4132086448369465
9,0,1,41,0.4435496330738035,0.0009337820408149,-526.5806439396443,9.278739468434612
10,0,1,42,0.4453875726828911,0.0007837040857335,-559.532185475615,7.811919381843335
11,0,1,43,0.4380028323593597,0.0009789423034007,-513.3247359948575,9.821758420928717
12,0,1,44,0.4419397312732788,0.0007662866112892,-487.2353965997149,7.575552622690602
13,0,1,45,0.438905506823296,0.0011932074427644,-609.5278887025563,12.202217405551336
14,0,1,46,0.4386403569997358,0.0008846679528575,-495.47069838580205,8.827865728636064
15,0,1,47,0.4515254379314429,0.0011930968997294,-592.3302696019023,11.81568574567271
16,0,1,48,0.4350344730690805,0.0010231960651703,-508.4546505737599,10.324626249353106
17,0,1,49,0.4384548299928585,0.0008875940611894,-556.7943224805717,8.981971721085209
18,0,1,50,0.4353757061820175,0.0012440908637181,-585.031361989421,12.75734921499036
19,0,1,51,0.4433222083765899,0.0010156476435876,-583.723213012205,10.225201577322204
20,0,1,52,0.4374730978045581,0.0008847162922434,-505.0613945492193,8.87082797074484
21,0,1,53,0.4412143813078856,0.0009807266464825,-608.073454508753,9.973663384284524
22,0,1,54,0.4409466222327127,0.0010491227840381,-543.257868492373,10.52511882297969
23,0,1,55,0.4427749056437209,0.0007726467593965,-513.9805356481631,7.669558063435656
24,0,1,56,0.4343666478892555,0.0009337717348682,-511.8235638797464,9.44383816029454
25,0,1,57,0.4344251523218698,0.0009779501353426,-508.1985173393271,9.881347714447877
26,0,1,58,0.4397199416111446,0.0005863238371215,-479.4596700923981,5.815578052959471
27,0,1,59,0.4437715312279283,0.0008005845426409,-521.1717891142436,7.941691406716302
28,0,1,60,0.4441402963134924,0.0009224422445558,-528.43496962921,9.15762789185314
29,0,1,61,0.437333029737019,0.0010300417659274,-525.9258610910134,10.37923262869862
30,0,1,62,0.4404994276088261,0.0008132286232746,-548.6433239684569,8.17654593213098
31,0,1,63,0.4442301048069321,0.0008581976269505,-538.6537015716382,8.537380193023312
32,0,1,0,0.4189526018170009,0.0012371293300451,-570.9849929327196,13.142753419027231
33,0,1,1,0.4272927661289928,0.0011830309129285,-584.6805487045583,12.359752343932945
34,0,1,2,0.4126977610922357,0.0011322779258798,-541.2133689221887,12.131419589151893
35,0,1,3,0.4193022666361811,0.0008064320715799,-486.4942885836255,8.401461136230814
36,0,1,4,0.4217106323960211,0.0014469362148436,-597.3825464799833,15.359573964229035
37,0,1,5,0.4159063007851178,0.0008033523694914,-465.3050343226715,8.397791530473391
38,0,1,6,0.420079999449664,0.0007603256134764,-490.3069269598354,7.913188248611863
39,0,1,7,0.4215244431066065,0.0013422298892285,-527.1697230804809,14.036097006335696
40,0,1,8,0.4238849346674063,0.001333911019508,-582.0703532507358,14.040093270649322
41,0,1,9,0.4129594097241942,0.0010943193724704,-514.602328486114,11.648471544039214
42,0,1,10,0.4221218458634208,0.0010911235304431,-556.8721077779309,11.46900198876518
43,0,1,11,0.4225091720082187,0.0010334981194009,-505.38395726517086,10.730406006133837
44,0,1,12,0.4195212792535408,0.0010886496455889,-533.538484031737,11.454824246417209
45,0,1,13,0.4238724047500536,0.0006273486142594,-470.49269937391057,6.442189175839784
46,0,1,14,0.4181312370524153,0.0013634582431846,-569.9897604877674,14.510103259931745
47,0,1,15,0.4404565642808931,0.0008281860215411,-511.010778556004,8.258681150046499
48,0,1,16,0.4161759529232616,0.0012879222625285,-570.5415786283561,13.7723023504487
49,0,1,17,0.4334537237554512,0.0014606365571373,-633.6417427399639,15.20431041344476
50,0,1,18,0.4267994854464549,0.0010055704515887,-512.3155158088687,10.351429682521008
51,0,1,19,0.4123040196889493,0.0011072138668211,-547.8385225888323,11.891575457530148
52,0,1,20,0.4191291223174223,0.0011910088151463,-576.1875832558555,12.66189569261536
53,0,1,21,0.432592002401268,0.0011659716587699,-577.6580638656555,12.013818083039927
54,0,1,22,0.420742320856848,0.0009983067725678,-514.3544226574033,10.429324202777591
55,0,1,23,0.4242607488111578,0.0009586950484158,-516.6207206042708,9.937438415125454
56,0,1,24,0.4150091358282861,0.0016255283116744,-612.2788686880833,17.590998989633064
57,0,1,25,0.4153521696756534,0.0013840634282995,-572.0552356012319,14.834659110779643
58,0,1,26,0.4204414407633831,0.0008555167084348,-483.9348042609472,8.883598171038896
59,0,1,27,0.4207444736590632,0.0011052311877549,-514.3602639111543,11.546320193133678
60,0,1,28,0.4183476418840793,0.0008254188870435,-486.74306786324337,8.619368379814338
61,0,1,29,0.42632095659065,0.0016835679282766,-609.614217174846,17.72538975590212
62,0,1,30,0.4149105582518462,0.0011493960806118,-515.1252478732579,12.178613487644755
63,0,1,31,0.4278347602927387,0.0007303564404059,-498.864692430872,7.477755552241094
64,0,0,32,0.4559812563538059,0.0008377957239907,-644.9292908426969,8.310343091581087
65,0,0,33,0.4548082546105118,0.000655820747069,-607.442023543272,6.469244375155605
66,0,0,34,0.4817742147359444,0.0007907274442341,-714.4027763535395,7.535006170331281
67,0,0,35,0.4541440108704737,0.0006030053936548,-527.3378456750872,5.853102950235262
68,0,0,36,0.4647939781996537,0.0003804387339072,-530.7895969045942,3.610892817323596
69,0,0,37,0.4607619132992316,0.0002387717686717,-505.947993336148,2.2735452939381577
70,0,0,38,0.4640867487667333,0.0005773727466858,-542.3242811814955,5.502428743410361
71,0,0,39,0.464438280254647,0.0006498529512986,-555.960214939856,6.2071118138495205
72,0,0,40,0.4742713487962522,0.0008479770461505,-589.8360544422629,7.990722798858103
73,0,0,41,0.4594861266738656,0.0009045993790584,-626.8445016991084,8.869754648105856
74,0,0,42,0.468730796650088,0.0009072204123736,-691.5861038089116,8.8424794184648
75,0,0,43,0.4556922085584963,0.0008588048156478,-687.1319139500495,8.601881502746872
76,0,0,44,0.4737023338071072,0.0007506914350232,-658.0794080339846,7.188130836452523
77,0,0,45,0.4644496067676125,0.0005588152043576,-584.5464853812217,5.371013182330132
78,0,0,46,0.4687426263393033,0.0002944019986121,-562.334819537532,2.790086654907172
79,0,0,47,0.4628862712024271,0.000685904808436,-639.6703822195066,6.694585036344916
80,0,0,48,0.4632497434377273,0.0002636605500357,-522.5734925630898,2.506283572273204
81,0,0,49,0.4593076965928901,0.0010593881946191,-643.9847326513067,10.430149571791866
82,0,0,50,0.4494683863845486,0.000627219309651,-534.5000120312144,6.161223772906651
83,0,0,51,0.4562272728420858,0.0005623563954996,-531.1843427410352,5.438243730220461
84,0,0,52,0.4639632733411512,0.0008951510414308,-654.8642191159483,8.745240619874687
85,0,0,53,0.4562634338639667,0.0007831194900816,-541.990198903283,7.590626642407745
86,0,0,54,0.4575745405884236,0.0006160525369004,-560.4510202381545,5.97843357793073
87,0,0,55,0.4610133810109338,0.0009566302568968,-629.192595833459,9.353612850334391
88,0,0,56,0.464144306520088,0.0006375480158494,-613.7834405022493,6.171004575948199
89,0,0,57,0.459165088735022,0.0007597185260242,-525.8904030197448,7.291270222767227
90,0,0,58,0.4746617669203728,0.0004810367557623,-564.8021081438568,4.504440255166496
91,0,0,59,0.4639602515511501,0.0006920901848125,-624.0188536890669,6.716507002844253
92,0,0,60,0.4668309825163397,0.0006013198849781,-574.3740670083209,5.73726593453626
93,0,0,61,0.4644787449683643,0.0005639964085917,-543.6074314728584,5.371935465044803
94,0,0,62,0.4581839394751825,0.0008418345063509,-566.0221818673392,8.168644913609535
95,0,0,63,0.4623330093451012,0.0008040852073698,-640.3016879867585,7.858516430837312
96,0,0,0,0.4414287446918976,0.000515403710055,-531.9152366097179,5.152113516836521
97,0,0,1,0.4354178581190226,0.00087520578856,-564.013397402865,8.932549932593219
98,0,0,2,0.431541795154914,0.0004585455020844,-504.4544008938607,4.660284983162845
99,0,0,3,0.434661038757288,0.0011941554922166,-606.8160691386967,12.323884166260797
100,0,0,4,0.4405552069887887,0.0008060564534143,-592.9810914913897,8.182619593426484
101,0,0,5,0.4391463147093242,0.0009451764647778,-632.2356092533087,9.708202440772736
102,0,0,6,0.4329267800656037,0.0003697996942036,-466.9916594973586,3.7151038713000055
103,0,0,7,0.437540862418506,0.0009861985104501,-616.8959710744215,10.132940615714409
104,0,0,8,0.4373001649265976,0.0010524239959923,-617.0331495123357,10.819664800443666
105,0,0,9,0.4383538566616795,0.0013169034210687,-634.073139442424,13.556170122513246
106,0,0,10,0.4446006099110833,0.0009688336787358,-604.7230099748291,9.7705425780966
107,0,0,11,0.4358161147148855,0.0006725983538481,-529.5651460762898,6.806520798758908
108,0,0,12,0.435570092931577,0.0006333853580322,-522.1911408107579,6.402850591437471
109,0,0,13,0.4381447556893381,0.0007581663561859,-557.0136130117053,7.678033859183263
110,0,0,14,0.4453205218913023,0.0006955345127374,-539.6780826347166,6.903821535036342
111,0,0,15,0.4489470202696816,0.0011258367964272,-653.7098247211471,11.364000184900178
112,0,0,16,0.4556192665046882,0.000809479467867,-646.1919259304432,8.038037442919103
113,0,0,17,0.4456221810565406,0.0006732805730478,-519.4761184110199,6.648616152382101
114,0,0,18,0.4478203782767381,0.0004641745665766,-496.39593627480633,4.537860264357801
115,0,0,19,0.4426238815333769,0.0007116619742132,-555.2197931957094,7.13133130051503
116,0,0,20,0.4466885580113154,0.000452762344516,-495.32394639495664,4.436447426133429
117,0,0,21,0.451420668280916,0.0009239209875218,-632.9981287960429,9.233371270014642
118,0,0,22,0.4502027361207423,0.0006984938770951,-560.8684884615744,6.890104898851661
119,0,0,23,0.4455972395312289,0.0009508098924069,-597.451949977436,9.552174649821316
120,0,0,24,0.4457202399370207,0.0007569322311787,-612.508582773584,7.627289179544949
121,0,0,25,0.4383810875572566,0.0006674603825806,-495.1690394675053,6.663900859012791
122,0,0,26,0.4395480682113795,0.0009216568845388,-587.2561649780463,9.365841770009856
123,0,0,27,0.4464429670270509,0.000467252569857,-496.2803789961254,4.581926923757671
124,0,0,28,0.4334654544009207,0.0012317856363211,-596.5010379347416,12.71866459125507
125,0,0,29,0.4392026676244045,0.0009203532355731,-547.1586673503789,9.277906363471628
126,0,0,30,0.4482973102213061,0.0007012806562773,-526.1926555788259,6.894045430140859
127,0,0,31,0.4470609723835064,0.0008684603623064,-557.694679798688,8.620876751861985
0,0,1,32,0.4297522569607332,0.0007657393076546,-477.6066315928925,7.768089473790904
1,0,1,33,0.4532797551447327,0.0008723605110248,-602.0425242455398,8.624134576615003
2,0,1,34,0.4428089141201167,0.0007632845077671,-516.891085988641,7.580939171746742
3,0,1,35,0.4503352209847638,0.0010847155680161,-646.6133359311206,10.898474286442978
4,0,1,36,0.4419562806233677,0.000892612346323,-526.3654004522117,8.90120030698723
5,0,1,37,0.4425859546573754,0.0011698271948457,-597.6825870747983,11.833056692188904
6,0,1,38,0.4364817599431468,0.0007372120752157,-474.2207219718838,7.357811556691072
7,0,1,39,0.4529073987459446,0.0010429435903066,-593.8702402077646,10.300609621040724
8,0,1,40,0.4487440406928656,0.0007501424794668,-491.092685910888,7.30979332162074
9,0,1,41,0.4454762097552769,0.00079244161679,-530.8523214039926,7.847640458667893
10,0,1,42,0.446856323428381,0.0007489274899066,-558.4872242101247,7.439021156710157
11,0,1,43,0.4399590159994779,0.0008403947495775,-519.9881773544906,8.40663850951054
12,0,1,44,0.4438755999007991,0.0004944210578064,-492.7858859352299,4.872589025682453
13,0,1,45,0.4404193821508735,0.00108551114573,-612.8453161400383,11.070702416946478
14,0,1,46,0.4403535506743021,0.0007579870615308,-497.15731658555774,7.537157054665922
15,0,1,47,0.4535991047298511,0.0010479985824596,-600.9695059760514,10.350771793067626
16,0,1,48,0.4368817060777862,0.0009795152296916,-513.4059666134663,9.85290367473324
17,0,1,49,0.4397895289137041,0.0009061083219779,-557.3003767570823,9.142516288975306
18,0,1,50,0.436765895554385,0.0014418904197923,-587.3665550629358,14.746121538478256
19,0,1,51,0.4448456119833316,0.0010870094334618,-586.8351734658006,10.913597009131948
20,0,1,52,0.4393073994917698,0.0009459831016057,-507.7542405214757,9.451188125666787
21,0,1,53,0.4425810249841885,0.0011979059048798,-608.9500932915773,12.147002908228838
22,0,1,54,0.4424360573785363,0.0007778575998841,-550.005288331256,7.789014668155484
23,0,1,55,0.444762839970192,0.0009873705069016,-521.0701567214028,9.772531541355738
24,0,1,56,0.4359427262387153,0.0011695835583671,-513.1058680105496,11.789346592487178
25,0,1,57,0.4360979049032085,0.0011636039241059,-513.1828924772944,11.725099151977965
26,0,1,58,0.4411588828539213,0.0006183022599603,-479.24734796526224,6.112469111436528
27,0,1,59,0.4452295492539083,0.000777150282559,-522.6416020812624,7.686484747050819
28,0,1,60,0.4457485996541909,0.0008868807488124,-529.3887990268348,8.774672568379865
29,0,1,61,0.438483238784451,0.0008975763798541,-524.5929582195828,9.018055734296446
30,0,1,62,0.44213542105206,0.0010302294605367,-552.9716318498403,10.32988128568581
31,0,1,63,0.4454141924099272,0.0010499394275749,-536.8823636388615,10.412991308128689
32,0,1,0,0.4196,0.001,-563.43,11.0
33,0,1,1,0.4294389176684416,0.001054475508292,-590.8769196685776,10.976469435848868
34,0,1,2,0.414299088105022,0.0009880520051926,-544.6080196685682,10.553145033465697
35,0,1,3,0.4215478094620134,0.0006011844435727,-492.3175449876984,6.237917275585674
36,0,1,4,0.4231104813114904,0.0012945364289577,-597.104204408985,13.69551912396036
37,0,1,5,0.4176575908884248,0.0005451900150017,-466.9101876101466,5.677255285386183
38,0,1,6,0.4219121259707224,0.0007751449114831,-493.909354596545,8.038846735414353
39,0,1,7,0.4229192744254425,0.0012166885927382,-528.305253816648,12.68450116687354
40,0,1,8,0.4257141703415933,0.0012096795303719,-586.734967278701,12.6907292293232
41,0,1,9,0.4144288527234397,0.0011902969837586,-515.9199231385808,12.62887201774313
42,0,1,10,0.4237550094587382,0.0009522957304084,-557.9777437663338,9.973605904857358
43,0,1,11,0.4240372345226447,0.0009050797738786,-507.7490915814638,9.368151781303274
44,0,1,12,0.4216032483970115,0.0008160207088027,-538.5609450326647,8.553298591459015
45,0,1,13,0.4262939077579153,0.0006949115961913,-478.7222801422176,7.108537906974189
46,0,1,14,0.4197888649876771,0.0013908941360468,-573.6856631248822,14.755587669854515
47,0,1,15,0.4424888604571272,0.00056182973208,-516.9213833480648,5.584165015798132
48,0,1,16,0.4181731741874842,0.0012198381124506,-574.8109115355259,12.994110879653135
49,0,1,17,0.4347925263015608,0.0014845489710452,-634.1142477954004,15.407216610855723
50,0,1,18,0.4283259765652503,0.0008748935706479,-513.6155748951485,8.976725526286021
51,0,1,19,0.4134489120521252,0.0010440823418189,-549.6333655227879,11.18691072927796
52,0,1,20,0.4207354785632022,0.0013017451902701,-579.6627250797214,13.796821358633016
53,0,1,21,0.4339565840013826,0.0009162094247258,-577.3137177664221,9.40994983597129
54,0,1,22,0.4223366843404011,0.0009448642483838,-517.2313029324754,9.84002659183863
55,0,1,23,0.4257801168283912,0.0012045650884204,-518.9014560004737,12.44776561416596
56,0,1,24,0.4161896556984716,0.0017376908866409,-612.9403327505964,18.75414650217815
57,0,1,25,0.4164704912042393,0.0015442986212574,-572.3275777638252,16.508628649619844
58,0,1,26,0.4215271328822038,0.000798257983167,-483.4765094117062,8.266833640082151
59,0,1,27,0.4219941783099406,0.0011604376250833,-516.1815569530313,12.092045872600217
60,0,1,28,0.4198195834195976,0.0010445685777523,-488.72712654113576,10.874391404068843
61,0,1,29,0.4272870554290012,0.0014864286612236,-611.0495060511429,15.619311093239787
62,0,1,30,0.4160862182078705,0.0012232034704908,-513.6536011989916,12.919808688973422
63,0,1,31,NaN,NaN,NaN,NaN
64,0,0,32,0.4421181954920004,0.0010844523707454,-527.4489670742735,10.812876638654732
65,0,0,33,0.4595615786525812,0.0005141638468306,-525.2118783044218,4.929602752918972
66,0,0,34,0.4496105671827233,0.0005691933756877,-499.76845289262326,5.54655390657844
67,0,0,35,0.4557041314187691,0.0011589107832633,-627.0452483199975,11.458126629385871
68,0,0,36,0.4531374055348456,0.0012313620827602,-632.271802664982,12.257287723912718
69,0,0,37,0.4399812239803106,0.0009203780786607,-576.2359276224315,9.321126286350976
70,0,0,38,0.4427372558899349,0.0006488175336778,-556.7359444283671,6.502092206608875
71,0,0,39,0.4513902707054456,0.0007235743351086,-517.189247074021,7.050381534675465
72,0,0,40,0.4476505540100783,0.0006667533132535,-488.53942887643984,6.509365229607835
73,0,0,41,0.4494352123322044,0.0011785987792431,-637.4256982667481,11.841917140040309
74,0,0,42,0.4542961961506071,0.0006405639723879,-502.9144791889804,6.181978357528178
75,0,0,43,0.4590978388676544,0.0013267634734329,-667.6767565906267,13.135463152507558
76,0,0,44,0.4512723713346001,0.0008043629254475,-523.569273837152,7.850716912166835
77,0,0,45,0.447186512090283,0.0009782437003511,-597.1875612927786,9.792292117777782
78,0,0,46,0.4518220730648405,0.0008689950875252,-573.2346456374885,8.564468632376615
79,0,0,47,0.4465900715705816,0.0005634378398915,-488.5247391133778,5.513763311250333
80,0,0,48,0.4575412935856381,0.0013154538070757,-652.8759276010607,13.026209063632436
81,0,0,49,0.4531843152538866,0.0008971850540509,-593.6666499501742,8.855221024533073
82,0,0,50,0.4462678233225111,0.000613720457612,-495.5436695462279,6.019579368141086
83,0,0,51,0.4526465786459341,0.0012082077937788,-623.9885452596266,12.018243387447573
84,0,0,52,0.4446699246288535,0.000753346889158,-567.5838995945778,7.534758535024056
85,0,0,53,0.4559407055409836,0.000995920397725,-626.4208234818699,9.84020311959342
86,0,0,54,0.4517536407257509,0.0013957937280193,-653.724293538407,14.001409562387394
87,0,0,55,0.4512788264754386,0.0006715498882189,-482.8050293318808,6.4951568459448925
88,0,0,56,0.4405420863936162,0.0007911788406199,-504.68622134228985,7.87703028596823
89,0,0,57,0.4470505428409937,0.0010526316310218,-622.5600289463632,10.5984849254373
90,0,0,58,0.4478908966450929,0.000515137674746,-482.6462034942599,5.019864554065736
91,0,0,59,0.4522305949204422,0.0008793968888159,-590.5675064400467,8.692070586474705
92,0,0,60,0.4587257358949697,0.0006405471768845,-531.3276543397636,6.160841672497866
93,0,0,61,0.4368832057264826,0.000869620983233,-495.9628548050089,8.713573772976746
94,0,0,62,0.4451039484862062,0.0007697618074333,-502.59970291132703,7.581733921697562
95,0,0,63,0.4461718225097706,0.0010208038076391,-527.5544721805854,10.08601145424694
96,0,0,0,0.4354455620375386,0.0009210420016468,-606.4475029212344,9.487421846052245
97,0,0,1,0.4237009763191943,0.0005375292088732,-491.0352919448404,5.547497303310631
98,0,0,2,0.4374671476222298,0.0013844681231668,-646.9095185582152,14.320261864351597
99,0,0,3,0.4427103963776523,0.0006671280494419,-566.142258350464,6.699835068325559
100,0,0,4,0.4284927790646589,0.001081833077109,-616.2755886278094,11.348747776504014
101,0,0,5,0.4275755234950559,0.0008731565591289,-534.0011070999466,9.01525570920633
102,0,0,6,0.4253918914800554,0.0008231102398366,-507.08729508904975,8.491334775443699
103,0,0,7,0.4288927157495579,0.0007684040088801,-522.8440020356147,7.889821348484498
104,0,0,8,0.4248552911117099,0.0012715319465904,-619.601030309835,13.462668756129847
105,0,0,9,0.4258076907701537,0.0006934400371233,-483.8781822424003,7.109775279919674
106,0,0,10,0.4278165054400598,0.0011746679967811,-610.8514166086985,12.327542660260928
107,0,0,11,0.4254116278861277,0.0009036423828866,-521.8839648225998,9.352355732831423
108,0,0,12,0.4296155306581475,0.0005712419815803,-508.9300029824376,5.837478049417625
109,0,0,13,0.4286516064806109,0.0009037951921828,-535.9447758293737,9.312170607883958
110,0,0,14,0.4310379638027707,0.0009165681469631,-597.4310174790907,9.51915305136535
111,0,0,15,0.4311287697204524,0.0014709498358021,-631.1028030628721,15.385772415721068
112,0,0,16,0.4375620204767847,0.0016463030074999,-687.9163373455824,17.17566255623564
113,0,0,17,0.4281213100243116,0.0010542503975304,-531.6705345751013,10.865552549692444
114,0,0,18,0.4347471293705178,0.0007650167606539,-539.3111660474925,7.77754627339586
115,0,0,19,0.4286098676222896,0.0012861498961484,-581.2605594452393,13.385776475565333
116,0,0,20,0.4335293645993897,0.0008427318609202,-520.7108687817858,8.556413194049577
117,0,0,21,0.4290036745536497,0.0011258205920323,-580.3541894237743,11.704050404241183
118,0,0,22,0.4365150907319342,0.000814334492316,-522.2139668519059,8.21427310396709
119,0,0,23,0.432199184590281,0.0007307411925699,-507.50551101783975,7.420398261670299
120,0,0,24,0.4332137410819948,0.0005642481105854,-508.9046430683911,5.718084379102911
121,0,0,25,0.434537623577675,0.0010874981811252,-615.6759080293094,11.248011368757886
122,0,0,26,0.431479606169861,0.0012519498744175,-641.5478194953066,13.114054318331664
123,0,0,27,0.4369683391883183,0.0010732716416302,-608.5740689664468,11.0220755116324
124,0,0,28,0.4346595790324293,0.00051646204232,-503.5859495265004,5.210244828684718
125,0,0,29,0.4368651051878275,0.0011331106557291,-609.7254042870469,11.642265083133433
126,0,0,30,0.4308001065821561,0.0014326559645823,-639.2662334055752,15.023187491390562
127,0,0,31,0.4430478949663147,0.0004890350562152,-489.9896101850844,4.825501856690157
0,0,1,32,0.4327685582191845,0.0007099952143781,-486.45890069092746,7.166556867005983
1,0,1,33,0.4577292217027001,0.0005995303794125,-607.0942066342462,5.875792030403024
2,0,1,34,0.4472809732791835,0.0008679342861697,-525.521580649022,8.550475369926255
3,0,1,35,0.4542749804062687,0.0012765350359543,-647.1643088371242,12.716022927337368
4,0,1,36,0.4457491578210933,0.0007339523120525,-529.3025359896491,7.261472971653887
5,0,1,37,0.4465860871799531,0.0009465786109678,-601.2345214245892,9.496440130997554
6,0,1,38,0.4407674115208953,0.0008343316946347,-481.7654823963792,8.260087380764094
7,0,1,39,0.4571137988869027,0.0008662125645267,-594.7016758551684,8.477943959847183
8,0,1,40,0.4528973934321767,0.0007005943829099,-494.5786880940827,6.769623519317034
9,0,1,41,0.4494203303075392,0.0008666326217272,-531.782497856838,8.508794031720388
10,0,1,42,0.4512774679791638,0.0009414933079375,-563.8131137406946,9.27098713135988
11,0,1,43,0.4437622202267012,0.0011149779097993,-522.9266085822517,11.064964925795442
12,0,1,44,0.4479580945895701,0.0008330406369237,-498.1243934304145,8.144597693462561
13,0,1,45,0.4445439529931738,0.001369611781165,-616.6529345071121,13.849992085854971
14,0,1,46,0.4445961882705291,0.0008455568811429,-502.7317051430097,8.33803023449072
15,0,1,47,0.4577889485956254,0.0010234258317006,-601.3160338408013,10.016318244629687
16,0,1,48,0.4410572424354508,0.0011009352129846,-516.7430852088397,10.977549245435762
17,0,1,49,0.444016580430951,0.0009751458660989,-563.3583316215268,9.758417143884287
18,0,1,50,0.44072338189474,0.0013560906862638,-591.3868765981073,13.756201615780617
19,0,1,51,0.4493564962024692,0.0010979076253028,-592.1333772288834,10.925002808039553
20,0,1,52,0.4433833065391876,0.0010054037562788,-514.4506549919402,9.967329215866554
21,0,1,53,0.4469213522264433,0.0010509008004394,-614.3305326821121,10.5652117602881
22,0,1,54,0.447468642729531,0.000523551916622,-549.86502808509,5.1834235251259
23,0,1,55,0.4487691620879434,0.0007004655767642,-523.560081015842,6.874782135271911
24,0,1,56,0.4403432192649447,0.0007436729513887,-519.5595481032879,7.431913958574365
25,0,1,57,0.4398013428301435,0.0008433084033075,-515.1002039228539,8.429662121124485
26,0,1,58,0.4457481209118191,0.0005457701606098,-487.8298430754171,5.350126718331628
27,0,1,59,0.4497446012183258,0.0006920316190154,-529.2217339166442,6.785777782304411
28,0,1,60,0.4496723713551832,0.0007557466764519,-532.0759047974551,7.416413537351876
29,0,1,61,0.4426690052540376,0.000863163011216,-528.1792000794578,8.597122507927049
30,0,1,62,0.4459173056463691,0.0004209559441962,-550.7076123232245,4.182948392913373
31,0,1,63,0.4499123602290829,0.0008450528550991,-544.1577102084461,8.310533960968554
32,0,1,0,0.4237278562452932,0.0011752791801965,-577.572693779137,12.362816949529924
33,0,1,1,0.432996185088175,0.0010848141428302,-595.5255863813488,11.21088034488137
34,0,1,2,0.417644621264757,0.0011771189066693,-549.9380929271689,12.48647492124403
35,0,1,3,0.4250018126679548,0.0007944665843851,-499.44484573553007,8.189425294094939
36,0,1,4,0.4264091143028374,0.0011312316137702,-602.1221232448651,11.888262133734028
37,0,1,5,0.421368267425295,0.000783704045221,-473.4969047483596,8.10106617022249
38,0,1,6,0.4251189543690342,0.0009836386877461,-499.65909256671375,10.137115357911972
39,0,1,7,0.4264992199262378,0.001144543859865,-530.9379833500648,11.839099875041128
40,0,1,8,0.4297748449557084,0.0017931582794436,-595.5576030500349,18.670196752224967
41,0,1,9,0.4175571130285478,0.0010592731354539,-519.6188297860471,11.16368844594793
42,0,1,10,0.4279245219508865,0.0010729950225393,-568.0285070678301,11.152826621366245
43,0,1,11,0.427865111999874,0.0012507677741757,-517.3520427023757,12.857810777353636
44,0,1,12,0.4252853012834234,0.0008093226991976,-544.4997936374197,8.420678803443954
45,0,1,13,0.4296423230501464,0.0008613619919423,-481.9762549974413,8.748920665200465
46,0,1,14,0.4242284999302079,0.001413786003425,-588.0161881755212,14.888117456323478
47,0,1,15,0.4466739772311488,0.0009229562221286,-521.6784257081715,9.097131037618029
48,0,1,16,0.421270115324812,0.0015228384858413,-579.5167073939873,16.119123742545234
49,0,1,17,0.4390050242275145,0.0014761680556572,-644.3721955484557,15.206934906468806
50,0,1,18,0.4324803110808445,0.0011725843115279,-524.3867976475443,11.94406985364274
51,0,1,19,0.4175036102703438,0.0013419028757854,-562.0732139160579,14.277332119325596
52,0,1,20,0.424387728822878,0.0013638285618401,-587.4548548030862,14.35488216361846
53,0,1,21,0.438082975869967,0.0009129330122837,-582.8839318411009,9.29931787095606
54,0,1,22,0.4261110998350336,0.0010281124064967,-526.1500919211627,10.633151548150874
55,0,1,23,0.4299894314853975,0.0008211856543831,-529.0074851525022,8.421755078059014
56,0,1,24,0.419677738636515,0.0013934271635776,-618.6763277563532,14.932275208983205
57,0,1,25,0.4200899154071729,0.0012905789334953,-580.1724093998691,13.701022684910326
58,0,1,26,0.425594319393085,0.0007592456950557,-494.615958331561,7.80706498966046
59,0,1,27,0.4260545550157562,0.0010909599902495,-526.1444516953387,11.284629488091795
60,0,1,28,0.4235218212776814,0.0008249708613685,-497.2066456473632,8.529328647198078
61,0,1,29,0.4310870218356747,0.0014872793671572,-617.9670875123298,15.513804658989478
62,0,1,30,0.4198305088679016,0.0012666606421665,-523.0749664183961,13.287234691744072
63,0,1,31,0.43346530061302,0.0009237474374065,-513.3643693691286,9.365086893933968
64,0,0,32,0.4332043870859398,0.0005072273732377,-510.5840744444314,5.142266717277598
65,0,0,33,0.446000804056439,0.0002694523150545,-499.85781932008376,2.6470055841906674
66,0,0,34,0.4523211712730895,0.0004965954624403,-607.2743448227532,4.925345906040362
67,0,0,35,0.4468637128034242,0.0007478028421662,-645.8819310229558,7.570581103770998
68,0,0,36,0.4472011610661291,0.0004077638515909,-520.6692563498909,4.013494839418049
69,0,0,37,0.4355772133377753,0.0007264413315928,-541.1598033400386,7.374304241503507
70,0,0,38,0.4347965336388733,0.0004391514540094,-517.0693142497827,4.4422028517941525
71,0,0,39,0.4348904506707514,0.0002791198398968,-482.9206255271984,2.801421213202201
72,0,0,40,0.4381716528056253,0.0003277836267083,-539.728808245083,3.3066746240969587
73,0,0,41,0.4342324572524385,0.0006822185879384,-570.9925620190385,6.992593172583492
74,0,0,42,0.4295365109644639,0.0004060620151876,-517.2237242943816,4.1579311801963454
75,0,0,43,0.4432729663318992,0.0009507000795682,-651.3771674434954,9.714147018226326
76,0,0,44,0.4438492597756464,0.0003546655777702,-579.7635984154789,3.5633256031941567
77,0,0,45,0.4416206238426756,0.0004354067388023,-543.2783385839836,4.361486834820291
78,0,0,46,0.440988045873641,0.000265016610329,-538.4581186709512,2.6556625219359056
79,0,0,47,0.4396546452707737,0.0005239593451087,-573.0696102084917,5.30665432539993
80,0,0,48,0.4362948198301541,0.0006844299647951,-587.8568149706194,7.007933148111861
81,0,0,49,0.437370776539256,0.0008131671001298,-581.7921175141579,8.294588236959196
82,0,0,50,0.4461534880251985,0.000632327282711,-616.8684924951344,6.371546678252351
83,0,0,51,0.4440243360994955,0.0009411140286546,-646.5125310237938,9.589849447756476
84,0,0,52,0.4414088647643123,0.0006226033341839,-599.5240250385918,6.31710065038448
85,0,0,53,0.4437369639780784,0.0004970390721209,-594.1006848464576,5.010699744794411
86,0,0,54,0.4441655709937564,0.0010991506706515,-687.4798573661872,11.295754396242923
87,0,0,55,0.4456305735808629,0.0003755145304649,-612.3115735153589,3.7845022724922353
88,0,0,56,0.4360382271326496,0.0007358712233648,-599.8847981771427,7.558903697231738
89,0,0,57,0.4396719052704978,0.0005278660365696,-517.6612423696481,5.281072953342337
90,0,0,58,0.4459122380066105,0.0002094351933034,-497.8709713079516,2.056916476505647
91,0,0,59,0.4453919627514454,0.0005567161636359,-582.5476054227012,5.577352607757964
92,0,0,60,0.4491426760229523,0.0001360596929836,-498.3627633753815,1.32681121713208
93,0,0,61,0.4456178177409807,0.0005418673410285,-565.9360773251998,5.406116636397046
94,0,0,62,0.4410886192816448,0.0007481560966875,-589.7956329753653,7.580387290519881
95,0,0,63,0.4417316229163076,0.0006172733507214,-524.5548210185196,6.156160165595314
96,0,0,0,0.4342170284129178,0.0006801881433079,-482.47192942002016,6.83669471466769
97,0,0,1,0.431948371695238,0.0009785789456115,-583.3525830753364,10.110604180875278
98,0,0,2,0.4424607436667979,0.0007319934237266,-602.4563343742831,7.414083535155076
99,0,0,3,0.4350340972738988,0.000238044890995,-473.1120030407109,2.383143072451212
100,0,0,4,0.4361450177524442,0.0006909790807974,-564.583588243818,7.0414147628699375
101,0,0,5,0.4378880365074891,0.0003562278227424,-501.42900563029946,3.565539569091693
102,0,0,6,0.4343867306076419,0.0003003826583616,-552.1895939450054,3.065069188957918
103,0,0,7,0.442113535931715,0.0004674513651808,-577.8391859446099,4.712935769143856
104,0,0,8,0.4483306318071234,0.0007671063591748,-606.2768264864512,7.674387125313048
105,0,0,9,0.4451732511509625,0.0007778406362367,-590.3383589375408,7.809767352555453
106,0,0,10,0.4393847711718556,0.0004643194369831,-535.0861486718943,4.666323735999704
107,0,0,11,0.450271616251807,0.0006131261820295,-506.5109718197675,5.974847702296248
108,0,0,12,0.4539353096580267,0.0002982689199505,-509.5277527520342,2.885073462547077
109,0,0,13,0.4317828431316667,0.0004004938270666,-488.1269405537493,4.05324696475106
110,0,0,14,0.4458938644628866,0.0007247212792056,-610.1857190596268,7.296181333696434
111,0,0,15,NaN,NaN,NaN,NaN
112,0,0,16,0.4312611850565561,0.0004537741147116,-471.0253867499415,4.580478834377911
113,0,0,17,0.4420325856787905,0.0002894669273116,-541.6234068003085,2.895841698731593
114,0,0,18,0.4469902320963521,0.0003126618851491,-540.6188530320696,3.0925073942597305
115,0,0,19,0.4407628192059583,0.0006572739295293,-611.4071916912281,6.695962102729205
116,0,0,20,0.455290632263646,0.0006094669938723,-614.1300672949438,6.014370920208932
117,0,0,21,0.4370380330182806,0.0009731256536871,-612.7177122882099,10.00103555703902
118,0,0,22,0.447199137490679,0.0007124965047558,-602.782878423098,7.140649798002865
119,0,0,23,0.4454123222950182,0.0006114120496139,-597.9544892991772,6.145687737281808
120,0,0,24,0.4372297696131929,0.0005363179759033,-556.8548605746724,5.442527369092642
121,0,0,25,0.4339689982833482,0.0008885587453417,-595.9137484956963,9.162895306744174
122,0,0,26,0.4320515707047166,0.0012114679892972,-651.5406467723758,12.700592964346924
123,0,0,27,NaN,NaN,NaN,NaN
124,0,0,28,0.4324881773389699,0.0007407276941019,-570.1452853852223,7.621502450879652
125,0,0,29,0.4424965320796282,0.0007056296493199,-590.8692164827322,7.12842957350869
126,0,0,30,0.4304430765706564,0.0010221694743606,-599.9625776938162,10.636433975542117
127,0,0,31,0.4370707866491415,0.0009759115298852,-620.9539206286971,10.046880879142044
0,0,1,32,0.4374698788201691,0.000924991914326,-522.2051758725431,9.310102958800714
1,0,1,33,0.4539950535395141,0.0004359239750434,-515.3659867076307,4.221488429316626
2,0,1,34,0.4447873176899469,0.0007060371552254,-500.0472582286845,6.955078189588131
3,0,1,35,0.4509542552895333,0.0010831444387343,-622.1001549725119,10.81021982471761
4,0,1,36,0.4478669657738007,0.0010685683348735,-623.2419124713888,10.74092135665632
5,0,1,37,0.4354428362226224,0.0009943647569965,-570.3703325348553,10.162304974481597
6,0,1,38,0.4379976765881934,0.0005771642845077,-547.0244612204318,5.834118632269824
7,0,1,39,0.4462079019938004,0.0005542238422265,-510.4679622643183,5.454833536157353
8,0,1,40,0.4429718837745425,0.0005692110549953,-485.45090609717687,5.611904119790398
9,0,1,41,0.444970275283656,0.0012672316353205,-632.293078755744,12.845928819704604
10,0,1,42,0.44964387869452,0.0003716505812142,-499.52825356183126,3.621119268842315
11,0,1,43,0.4544363003661648,0.0009968149419441,-661.844122876068,9.957576948933268
12,0,1,44,0.4464254433375211,0.0005924808118188,-518.0374263400812,5.838331509035723
13,0,1,45,0.4420543052854437,0.0008004792671829,-587.6537137928173,8.089024575011283
14,0,1,46,0.4468182739740036,0.0007441572270646,-566.0153011089643,7.404509417726106
15,0,1,47,0.4416090320971551,0.0005152764509868,-482.13133947865833,5.0920573827778925
16,0,1,48,0.4527544937024212,0.0012082627383985,-645.5032063501842,12.07202684850714
17,0,1,49,0.4482399172433428,0.0007365167196911,-585.0738347937213,7.335821592186522
18,0,1,50,0.4415397446210171,0.0004602503971157,-491.2902580827103,4.558307101061494
19,0,1,51,0.4479872196022298,0.0010676210143886,-616.1569425307363,10.71202308384844
20,0,1,52,0.4398917042841918,0.0008113040216641,-559.8321806675951,8.188610966345264
21,0,1,53,0.4510617883456629,0.0007783620216473,-623.6397349830708,7.769112567703251
22,0,1,54,0.4472149051159896,0.001036991207408,-647.7861289186548,10.49432598142601
23,0,1,55,0.446114634299486,0.0004820542858304,-473.6768504601009,4.706726303010885
24,0,1,56,0.4355799376947968,0.0007236002603198,-498.040448609321,7.275512263844741
25,0,1,57,0.4422002866797127,0.0009516615248314,-616.7122896906085,9.674665068761083
26,0,1,58,0.4431114604262384,0.0005162215021181,-477.8487913449284,5.079232820392819
27,0,1,59,0.4474185668594156,0.0009230694273327,-587.9297696382442,9.216547107725171
28,0,1,60,0.4535794176199395,0.000583618264022,-525.4720397629488,5.669629158758756
29,0,1,61,0.4318009813923962,0.0006886933088841,-487.2515193696072,6.968349755568106
30,0,1,62,0.4399624925317812,0.0006392245628266,-496.9956403371506,6.36164526015446
31,0,1,63,0.4411434168188393,0.0007671195250076,-519.4466074232935,7.652130240988379
32,0,1,0,0.430970871212494,0.001150306039271,-607.2642163952022,11.97416702632738
33,0,1,1,0.4189224721288969,0.0006758061207416,-485.38844024955273,7.045234631738795
34,0,1,2,0.432369007617632,0.0014891788037692,-642.7787231985403,15.571057042333436
35,0,1,3,0.4381815935889269,0.0006966257235567,-564.3374685375987,7.065580307462636
36,0,1,4,0.4237389247887587,0.0011597679622945,-609.8411091586416,12.28559471159086
37,0,1,5,0.422796669684408,0.0007935883619293,-529.0821311141824,8.277323798497283
38,0,1,6,0.4207773424134221,0.0009503680032755,-506.998632028976,9.911469208058762
39,0,1,7,0.4240512604654979,0.0007340185066144,-519.0323993812187,7.616367215297862
40,0,1,8,0.4202466602004344,0.0012839117974577,-615.4855457216432,13.730535645066876
41,0,1,9,0.4208765756862458,0.0007106111949287,-475.9352187452353,7.358110389877485
42,0,1,10,0.4234810712159237,0.0013413050531571,-607.1881946108426,14.209085925781851
43,0,1,11,0.4208054284875882,0.0008489845899984,-515.8517554303293,8.870971875280347
44,0,1,12,0.4250161725576213,0.0008974876125189,-508.0562238509939,9.268804346408103
45,0,1,13,0.4240155928188134,0.000962525125801,-531.4048079238254,10.015661231133915
46,0,1,14,0.4261349276912407,0.0008093857838442,-590.6665481038614,8.4901644378508
47,0,1,15,0.4262228612035818,0.0016351771397982,-621.6345889316995,17.2649226832298
48,0,1,16,0.4331938981393742,0.0018877445518541,-684.9101891895505,19.880370295068182
49,0,1,17,0.4235285472766265,0.0008689943513611,-527.5060681576848,9.045007827537738
50,0,1,18,0.4298639873170752,0.0008409452919102,-530.286973591127,8.629361862597266
51,0,1,19,0.4243246922072329,0.001444611554812,-583.3981827581259,15.19392804224009
52,0,1,20,0.4286891327552635,0.0006840858633135,-512.5324054138898,7.011337043149974
53,0,1,21,0.4238627033868537,0.0010856395101281,-570.7997118851915,11.39932077549699
54,0,1,22,0.4313795948741746,0.0007093050052661,-514.8542864320805,7.228197810651114
55,0,1,23,0.4270582137781964,0.0005199096700486,-499.98346772431256,5.334104557136644
56,0,1,24,0.428649157212944,0.000634437738025,-504.591816736301,6.491621500950729
57,0,1,25,0.4295541764320189,0.0013567928271026,-606.8771008191102,14.168985551987218
58,0,1,26,0.4268488454103526,0.0012850581252264,-640.3131919345798,13.603260598966765
59,0,1,27,0.432127644752245,0.001052189253761,-602.4958468273895,10.912155054776376
60,0,1,28,0.4295863806630031,0.0006476174232622,-496.28722806555896,6.599804999373754
61,0,1,29,0.4318512691953787,0.0011981941030305,-611.8522444935492,12.459667395732549
62,0,1,30,0.4262519464546976,0.0013982381797314,-633.5461068976103,14.800387920911948
63,0,1,31,0.4378551790684538,0.0005426894964252,-485.3740034415793,5.412856890071404
64,0,0,32,0.4416730157664095,0.000977246130084,-529.8479411678896,9.758945217436487
65,0,0,33,0.4584783663741638,0.0004077799111913,-524.4016429474383,3.918168770315766
66,0,0,34,0.4486298562582305,0.0006481306547745,-497.5311469673826,6.32641762326194
67,0,0,35,0.454715011280721,0.0011717292420094,-623.237578516015,11.600476173204251
68,0,0,36,0.452151216994053,0.0010796765171539,-628.4402663289368,10.761874077912664
69,0,0,37,0.4388834916244019,0.0010194733565186,-571.1413427293988,10.338981233360393
70,0,0,38,0.4416092055672857,0.000752217603055,-552.923430519449,7.551226389534233
71,0,0,39,0.4503802720094446,0.0007254192701459,-520.0144723329789,7.088650229304555
72,0,0,40,0.4468025908763527,0.0007699936716755,-491.1644071006535,7.535957682760933
73,0,0,41,0.4484309881935227,0.0012381018646144,-635.3195465235694,12.461947094646757
74,0,0,42,0.453116480238329,0.0005850069799863,-502.5452705573103,5.660041070572087
75,0,0,43,0.4578737295303358,0.0012569038002819,-664.03926107948,12.467334652554849
76,0,0,44,0.4499786571368489,0.0006926641258834,-520.7291550754193,6.775688384864058
77,0,0,45,0.445992581226894,0.000922097406493,-594.0737719563699,9.24868548104506
78,0,0,46,0.4500869588770871,0.0007372647770984,-566.5209612214044,7.283460969605473
79,0,0,47,0.4452572225396103,0.0005038561882911,-487.7279047877937,4.944581578822393
80,0,0,48,0.4560373641556218,0.0011228660293567,-647.1662574850602,11.142050344773134
81,0,0,49,0.4521186393138068,0.0009707841608168,-590.7695574236699,9.598153386686176
82,0,0,50,0.4448968366999783,0.0006040308166797,-493.4883909358701,5.940074609748179
83,0,0,51,0.4513259753450265,0.0008973843148146,-619.2007536370597,8.943250652981611
84,0,0,52,0.4431317643770344,0.0006320983660748,-562.1007009837899,6.336373830990198
85,0,0,53,0.4546300668604106,0.0009117257542155,-624.6738165621848,9.030864101491222
86,0,0,54,0.4503748583015114,0.0012775268242547,-645.3571163295635,12.831095713217747
87,0,0,55,0.4497068362538047,0.0005321048130768,-479.0301133429551,5.16009241144883
88,0,0,56,0.4393029299238338,0.0007982636863288,-502.18012329970793,7.965542077280205
89,0,0,57,0.4455569952288276,0.0009880431537343,-616.3587248938835,9.968084670178715
90,0,0,58,0.4464695348585982,0.0004161072119997,-478.3836422793071,4.063875575461008
91,0,0,59,0.4506402364904318,0.0008100172459665,-585.1505652550247,8.025059439987743
92,0,0,60,0.4573203894963369,0.0005948460486459,-528.7824055767747,5.735634333256343
93,0,0,61,0.4360092204366598,0.0006738479144605,-494.2818746618378,6.762934219070815
94,0,0,62,0.4440329520072538,0.0007900919378428,-501.5713396054613,7.798959092040664
95,0,0,63,0.4448135304599668,0.0006062053083125,-524.8356143728544,6.004262016718057
96,0,0,0,0.4349681198819842,0.0009670269653705,-609.7305764286855,9.979164870850353
97,0,0,1,0.4232140744418112,0.0006862509259424,-493.5440410718513,7.094476194356614
98,0,0,2,0.4363268678227611,0.0015210747313888,-644.3718660723828,15.76572410839527
99,0,0,3,0.4417795149248787,0.0007307620180656,-566.7477979892777,7.3553402051337535
100,0,0,4,0.4280385230376877,0.0014175518452327,-616.9228436109861,14.888408904249886
101,0,0,5,0.4272101695757052,0.0011015259912391,-537.8258636381902,11.392498705856726
102,0,0,6,0.4246023672947229,0.0008239785382576,-509.0484869602972,8.519811782683941
103,0,0,7,0.4281580708266956,0.0008527751097881,-524.6343179818834,8.77463098711396
104,0,0,8,0.4244339931806652,0.0014391385430141,-621.4091191657805,15.258358739647214
105,0,0,9,0.4253810704620056,0.0007404498935633,-490.3159396140277,7.610308721904771
106,0,0,10,0.4269696893485611,0.0013310067971463,-609.5469782815865,13.991968559881595
107,0,0,11,0.4248827076220647,0.000709265535026,-524.4721628579842,7.3539844044655
108,0,0,12,0.4288216539561313,0.0006713194806535,-509.65388964467104,6.873968140637183
109,0,0,13,0.42806877761158,0.0009364755185838,-537.8186387172818,9.666027852782811
110,0,0,14,0.4300361328155189,0.0007809502502933,-594.7848061033187,8.124875262239648
111,0,0,15,0.4298343892034404,0.0014708745993408,-624.9725087110838,15.410818981641292
112,0,0,16,0.4367288312049757,0.0016439829874555,-686.2697706997842,17.178120058646208
113,0,0,17,0.4272423378647899,0.0008573113095953,-530.4723804815121,8.851646930614068
114,0,0,18,0.433473181031322,0.0007338980392959,-535.4809384884204,7.476775802846822
115,0,0,19,0.4280349638196526,0.0011119029030891,-581.9938759830214,11.58968216837451
116,0,0,20,0.4326994575821644,0.0006839286681485,-520.4560482316496,6.9569807460145725
117,0,0,21,0.4281290353726636,0.0009368387984962,-578.6684516186648,9.75568804894435
118,0,0,22,0.4356396026429624,0.0005765164083918,-525.883118794696,5.831804762144389
119,0,0,23,0.4309914427778396,0.0008481151393365,-505.3877646398149,8.632352874128108
120,0,0,24,0.4325588362198167,0.0008371036437198,-512.5242294725641,8.502877727403842
121,0,0,25,0.4334520543714072,0.001268397443278,-611.1875303347385,13.13907962574094
122,0,0,26,0.4307186651491912,0.0013774420035418,-640.5866657455464,14.451058129903728
123,0,0,27,0.4357198649131652,0.0010895807787123,-605.422578467021,11.21392726865357
124,0,0,28,0.433896956652594,0.0006991783051185,-504.7395647034451,7.067759492064186
125,0,0,29,0.4360195738697949,0.0013243411214335,-608.8989505974886,13.631015947098748
126,0,0,30,0.4301358665372186,0.0014258613470879,-636.9514019274026,14.96752905993404
127,0,0,31,0.4421940373579174,0.0005081629956491,-490.6183545870483,5.0246319531705685
0,0,1,32,0.432769105439636,0.0008391236007209,-487.7819681362924,8.47244579349645
1,0,1,33,0.4546571049852259,0.0005711756560148,-541.9589604899713,5.555817902126662
2,0,1,34,0.446546951230386,0.0008966538544432,-529.6948909286746,8.856105617828387
3,0,1,35,0.450803326376084,0.000744250818705,-573.9770810928899,7.352812216124337
4,0,1,36,0.4451894203247009,0.0009414405444566,-534.4461160451131,9.336617121714694
5,0,1,37,0.4436716302351218,0.0005837815292267,-539.2256016590928,5.815524478588658
6,0,1,38,0.4400357921839369,0.0007825534337044,-492.36073250477307,7.778733126521119
7,0,1,39,0.454611160600911,0.00059968276031,-540.4452767268864,5.83174651271644
8,0,1,40,0.4520162096946527,0.0006291968376768,-507.5701173772388,6.109228200575929
9,0,1,41,0.4484979662866535,0.0009090806010002,-535.1885738336786,8.95065227156174
10,0,1,42,0.4491533865190706,0.000472376590792,-526.0040822090621,4.634725250081433
11,0,1,43,0.4434260732643331,0.0010378216659031,-533.3035433842141,10.330783493055144
12,0,1,44,0.4473119092453234,0.0005932044333091,-508.7793301005457,5.821896749758212
13,0,1,45,0.4412709084638896,0.0005836183684459,-541.2514945065776,5.848144904884986
14,0,1,46,0.444025536463675,0.0006169618330601,-513.5074251728295,6.106285454886423
15,0,1,47,0.4550770718248987,0.0006219960793471,-557.5820935944558,6.065410057810061
16,0,1,48,0.4396802903098795,0.0007996946880247,-510.77284647762616,7.988222453045688
17,0,1,49,0.441821513783552,0.0004547607829061,-516.2206683527799,4.526103641822839
18,0,1,50,0.4379936901853641,0.0006077946926305,-520.9041387588439,6.108415233992989
19,0,1,51,0.4460973396755993,0.0005020944518614,-539.407114712801,4.974774572316067
20,0,1,52,0.442142183886044,0.000767859495082,-517.142469640187,7.638304187005781
21,0,1,53,0.4443475217893943,0.0005857092172296,-556.1525412642657,5.847633750888999
22,0,1,54,0.444839184218036,0.0005928627266227,-520.3052573785332,5.865876965527693
23,0,1,55,0.4477956004521101,0.0007525378309891,-525.8069475675909,7.405592712746647
24,0,1,56,0.4388630760912347,0.0007603648559364,-511.3983543811146,7.61055428471436
25,0,1,57,0.4391454271736731,0.000917236971229,-517.026044868264,9.186267391794596
26,0,1,58,0.4453083619611157,0.000792283896014,-496.7375520485975,7.789805727745196
27,0,1,59,0.4487644802190171,0.0006883210714578,-532.8540594161134,6.769572421618623
28,0,1,60,0.4486631212994567,0.000838674017193,-529.9646359788338,8.244870639827495
29,0,1,61,0.441744412497124,0.0006393996785313,-526.3285223682761,6.379150339991068
30,0,1,62,0.4442323454569203,0.0007460934559849,-518.3001963941314,7.388763182197537
31,0,1,63,0.4486586349235039,0.0006115295184359,-540.4499237593469,6.025859557491843
32,0,1,0,0.4215721035291224,0.0008906077830981,-521.1959914474305,9.299983357407438
33,0,1,1,0.4303784798403581,0.0009157749500223,-538.4434812295681,9.402932740737162
34,0,1,2,0.4158693217882463,0.0008376692714685,-508.1706500077757,8.841530790441075
35,0,1,3,0.4250104569132774,0.0009596568741376,-512.2000512040454,9.920120665142374
36,0,1,4,0.423842241047452,0.0009206184400405,-534.5281303190783,9.590136489426882
37,0,1,5,0.4211200027224602,0.0007691441640769,-484.4601711844084,7.974781644357447
38,0,1,6,0.4254873616551578,0.0011593236800098,-515.6537383024088,11.979856458314009
39,0,1,7,0.4260834924662051,0.0011199785462527,-531.109479473992,11.596741161095734
40,0,1,8,0.4270359941337757,0.0009231848907853,-547.7774739888664,9.572907467662292
41,0,1,9,0.4176221926773035,0.0012337219668704,-528.9996293181938,13.027224671625564
42,0,1,10,0.4250606316674413,0.0007152879130662,-518.4360046472539,7.403409635341358
43,0,1,11,0.4276460950711376,0.0011358176965058,-527.7499158578588,11.709064260433935
44,0,1,12,0.4234079692600949,0.0007760037617807,-515.8661294272475,8.058587530855261
45,0,1,13,0.429107142974614,0.0006456357960032,-491.8825491556733,6.580492928634193
46,0,1,14,0.4217497106866595,0.0008994880647915,-536.6391523101424,9.420904576974715
47,0,1,15,0.445633964337119,0.0007254023867056,-529.2327456390027,7.178627255907132
48,0,1,16,0.4185963225987889,0.0008250764554651,-522.6637584965149,8.67975849029831
49,0,1,17,0.4351708447983171,0.000842066618,-561.8455206454249,8.595106688848237
50,0,1,18,0.4316763534358422,0.0009175363471769,-528.5758602275342,9.372221510357177
51,0,1,19,0.4150879367527033,0.0005306925612166,-506.1678337766479,5.609463166479284
52,0,1,20,0.4218365177958372,0.0006665535969199,-531.4182855636393,6.971747211356394
53,0,1,21,0.4359384110788058,0.0006381261066682,-535.695978192751,6.46461842171453
54,0,1,22,0.4254628583732852,0.0008897249849682,-528.047383224292,9.219786346970915
55,0,1,23,0.4289935360781393,0.0009955952069989,-533.5844255673367,10.244500242024728
56,0,1,24,0.4155998183004,0.0006787752485428,-524.5031146923852,7.195094999258742
57,0,1,25,0.4174995928082804,0.000797755471051,-518.9300383519067,8.407426615315023
58,0,1,26,0.4253326032019054,0.0009486781382778,-503.04425679983984,9.779277530575945
59,0,1,27,0.4257649457050054,0.0011396855865969,-537.2854880142498,11.825761502676892
60,0,1,28,0.4233024600862309,0.0009836585185933,-505.5290995286098,10.194130828719636
61,0,1,29,0.4281323363271791,0.0007886542829034,-549.6649635269262,8.160353932738163
62,0,1,30,0.4194762135555874,0.0012367244455964,-525.9859676981008,12.992538502970064
63,0,1,31,NaN,NaN,NaN,NaN
64,0,0,32,0.4326801942914907,0.0005097865336187,-518.4848257585691,5.183556692643204
65,0,0,33,0.4458521655957834,0.0001266796085797,-509.7548060833877,1.2476150180525571
66,0,0,34,0.4517219294989977,0.0004014229346723,-616.0289334560603,3.9942848385792
67,0,0,35,0.44634405472335,0.0008696614403229,-652.2136772396562,8.826555225969097
68,0,0,36,0.4464715241373994,0.0003814115554942,-527.1949739088584,3.765693098272408
69,0,0,37,0.4356676307050873,0.0007446932262699,-554.1716610195531,7.579727470419826
70,0,0,38,0.4341911103910951,0.000620403811007,-523.5775601867766,6.293472921682685
71,0,0,39,0.4346415847937637,0.0004583154834627,-491.1183081713308,4.611007240272552
72,0,0,40,0.4373522021768236,0.0007294632343091,-555.8242862994138,7.398804682513872
73,0,0,41,0.4338292003710192,0.0007375499157237,-578.9667740760891,7.579992430022072
74,0,0,42,0.429179017339964,0.000557808218966,-524.7162883316099,5.726019750329004
75,0,0,43,0.4428831439267829,0.0011532480092188,-656.9669360020905,11.808355030286352
76,0,0,44,0.4432365860725105,0.0005683477454994,-597.5329302611864,5.740336166953549
77,0,0,45,0.4408938571011776,0.0006567698553593,-550.7207890579754,6.6005569770271695
78,0,0,46,0.4403767211148434,0.0004713453153523,-545.3235851180461,4.736958343023658
79,0,0,47,0.4392178544634261,0.0004810856309617,-581.9375115671577,4.886760565216351
80,0,0,48,0.435710173736148,0.0007521103533303,-594.5454395532109,7.722527430753761
81,0,0,49,0.4367058057547458,0.0007038011372258,-587.5798788908193,7.199058342657632
82,0,0,50,0.4454593021416009,0.0007122166223438,-636.6315111167859,7.21859446221594
83,0,0,51,0.443201173846812,0.0010220335803251,-648.8273600818798,10.4389698181645
84,0,0,52,0.4406509311226607,0.0007876504938548,-602.3916463583594,8.010465708726183
85,0,0,53,0.4430568882144369,0.0006446855913901,-597.9591149252249,6.514598105027832
86,0,0,54,0.4434322344862453,0.001179534633554,-694.8455151929214,12.161045874640008
87,0,0,55,0.4454573263274962,0.0007253593924585,-625.5012192410677,7.334125755130536
88,0,0,56,0.4356274510082737,0.0007997682617132,-609.4182336588658,8.240099891079183
89,0,0,57,0.4393796882993149,0.0005806090731277,-527.6579849222077,5.825499663816214
90,0,0,58,0.4455030124494836,0.0004200965349259,-506.1621343552844,4.13729351089186
91,0,0,59,0.4442533329241793,0.0006333620096335,-587.0707357266898,6.3677744944337045
92,0,0,60,0.4485249329941536,0.0003458105582185,-508.34423257370406,3.3843888255331844
93,0,0,61,0.4448484086042577,0.0005077695181347,-570.8417613183644,5.080158191291351
94,0,0,62,0.4404738684059778,0.0008884975066321,-599.9419719275324,9.034892985834611
95,0,0,63,0.4416532005758202,0.000622324853314,-538.384856828299,6.226662243572826
96,0,0,0,0.4336569749298249,0.0005406102139425,-492.0367336961064,5.452421630420646
97,0,0,1,0.4314308547232858,0.0010403707806895,-596.0569372411196,10.791846740621011
98,0,0,2,0.4420076397884173,0.0008319547994223,-613.5632229633414,8.455613497380146
99,0,0,3,0.4346315982755689,0.0004921056845549,-484.30869872456935,4.943554795380237
100,0,0,4,0.4355263860995448,0.0007797971921578,-573.1729637392674,7.972818484568894
101,0,0,5,0.4374499504235289,0.0006987338137419,-511.7560203022271,7.016833950802512
102,0,0,6,0.4336725060197321,0.0009309328581804,-560.4957665924125,9.53217915827332
103,0,0,7,0.4414241273456536,0.0008427763584086,-581.5491227755668,8.517221984685513
104,0,0,8,0.4478650318902009,0.0007445221158647,-617.1288535581002,7.473813305608592
105,0,0,9,0.4449276294861686,0.0008200443526312,-605.3445636052872,8.265065602998124
106,0,0,10,0.4385906644802807,0.0004971831819436,-541.5993335434961,5.012851887326834
107,0,0,11,0.4498334849824456,0.0005648828975628,-517.1212441262935,5.523085581953476
108,0,0,12,0.4539265813778781,0.0004981789977768,-523.2774757525668,4.833567376705291
109,0,0,13,0.4318236902343488,0.0006991603774149,-503.13448343766,7.098975310352967
110,0,0,14,0.4455534168317038,0.000855110229511,-611.6288901752695,8.618164374843612
111,0,0,15,0.4389289919270334,0.0005005583991478,-508.5929263665512,5.006256216275391
112,0,0,16,0.4310864120821486,0.0004785681724709,-479.23945416076697,4.841607717753536
113,0,0,17,0.4416302581417705,0.0006070969181235,-550.8676419262534,6.091365875022193
114,0,0,18,0.446550517293457,0.0004218538915268,-551.4036336845561,4.186568907764239
115,0,0,19,0.4403497646799719,0.0008736748355878,-617.8804422680852,8.921435802166613
116,0,0,20,0.4548364025232664,0.0006392536116044,-620.9586411033713,6.323988374444616
117,0,0,21,0.4368083733914494,0.0009687416409733,-617.3971516208028,9.971352893667088
118,0,0,22,0.4468924924268653,0.0008960716443894,-610.134061287351,9.001002217681195
119,0,0,23,0.4452889289573972,0.0007971799365981,-610.1773507619304,8.03655206376315
120,0,0,24,0.4372402552501148,0.0008283245129102,-565.2310822991974,8.421085307355622
121,0,0,25,0.4339719170737662,0.0009751835986913,-605.5231250577805,10.07720188900338
122,0,0,26,0.4322673826063726,0.0014768385773936,-661.6391270300179,15.50862902318534
123,0,0,27,0.450495628818052,0.0009404432093685,-640.6943477205797,9.43348665688458
124,0,0,28,0.4324850160590699,0.0008305050540918,-579.9635269586762,8.563713613273357
125,0,0,29,0.4425453012865634,0.0006306514528677,-597.9600706070447,6.380150400014088
126,0,0,30,0.4301720418590247,0.0009689603444154,-603.157636898865,10.096136078201798
127,0,0,31,0.4373550427576908,0.0009871655314117,-630.9003694017107,10.17806853762871
0,0,1,32,0.4283723166842451,0.0008237738030926,-476.8312352747108,8.382289588658928
1,0,1,33,0.4523366525612363,0.0010506763657972,-601.996073837181,10.408510907924924
2,0,1,34,0.4419875244598725,0.0008206010006043,-520.3745878737583,8.171664186158862
3,0,1,35,0.4492550522798325,0.0015883644348411,-644.8565345622043,15.991086935668106
4,0,1,36,0.4402747170285442,0.0009389444205061,-523.5746951966654,9.39318011427568
5,0,1,37,0.4410942213265545,0.0011579332833417,-592.9760432247188,11.740290958040404
6,0,1,38,0.4352308876819445,0.0008390496864614,-475.9441484228992,8.401519301821335
7,0,1,39,0.4512973328862447,0.0007973094178612,-589.0958579895489,7.894465513054196
8,0,1,40,0.4473961519192294,0.0006593302838042,-493.4246494948633,6.447579728450347
9,0,1,41,0.4435639868834378,0.0006469682862748,-524.60417381982,6.425727915996938
10,0,1,42,0.447041744147499,0.0013973888778131,-568.0668140006386,13.903598010930262
11,0,1,43,0.438601024622463,0.0010871252992853,-519.063196556549,10.906165548657718
12,0,1,44,0.4424666603388705,0.0008729669553947,-493.0939671031501,8.631199036694968
13,0,1,45,0.4393229469512698,0.0013483634796888,-610.4572962027408,13.778588361639592
14,0,1,46,0.4392295107165076,0.0008360409900573,-499.58651066791714,8.339083666705083
15,0,1,47,0.4529779680977595,0.0006185446411825,-604.4261806659277,6.1221709224005965
16,0,1,48,0.4354571075965191,0.0007529950044224,-509.6336180878395,7.59276076656898
17,0,1,49,0.4401420945942689,0.001006663190379,-566.0741564485915,10.168557736363658
18,0,1,50,0.4354166500110474,0.0012587030873532,-583.3519994384736,12.901233251173132
19,0,1,51,0.4443337527048485,0.0006767684286611,-583.1237963654146,6.797076871952148
20,0,1,52,0.437686101568041,0.0009006724546907,-507.5647180694604,9.03144791468936
21,0,1,53,0.4416267838299925,0.0011394252541335,-608.5867349181967,11.578047310190914
22,0,1,54,0.441136088374831,0.0008572016508973,-535.0485119936486,8.580443681002691
23,0,1,55,0.4434972771765563,0.0005975690524585,-519.9035799313937,5.929803404379721
24,0,1,56,0.4345637362741175,0.0008033444037841,-510.4417897269878,8.11856514605792
25,0,1,57,0.4348106448482877,0.0009459689864438,-511.27094215240993,9.556254279842772
26,0,1,58,0.4403698367224233,0.0006547894668677,-482.7846005718457,6.48990675091703
27,0,1,59,0.4442436426273918,0.0007531633809394,-524.2829846428868,7.468487781486673
28,0,1,60,0.4444121482757257,0.0008175645490931,-526.8670309819862,8.108665402521796
29,0,1,61,0.4373135594913044,0.0008344956739965,-521.9799721065599,8.40183576976385
30,0,1,62,0.4402207146261487,0.000610662200413,-535.5886110101512,6.126067562405187
31,0,1,63,0.4442852488905052,0.0009723880395758,-537.2064330932332,9.669057424671989
32,0,1,0,0.4191404443540301,0.0013843014898915,-572.6057156624262,14.704884471875282
33,0,1,1,0.4278938145050249,0.0013346037099225,-588.9554817970497,13.936748620189686
34,0,1,2,0.4130061782894844,0.000489160603624,-537.3050331772482,5.232519791149681
35,0,1,3,0.4201278887764043,0.000871325331801,-496.0915866944279,9.07910281445846
36,0,1,4,0.4218035122558822,0.0014511530253832,-596.685291301579,15.398601411462389
37,0,1,5,0.4162802045924048,0.0008732305576148,-469.1103279013639,9.127844732492948
38,0,1,6,0.4204571014491916,0.001131233390855,-497.1077326996098,11.780749221687287
39,0,1,7,0.4215576200992829,0.0013661314841741,-526.5681462841342,14.283015818131696
40,0,1,8,0.4250954411226577,0.0019640359924313,-590.2249239607677,20.650396443780288
41,0,1,9,0.4129979302593573,0.0010647658473073,-518.2099090698478,11.341908873592615
42,0,1,10,0.4242640684294727,0.0015747975193896,-573.1998000400271,16.528578065072065
43,0,1,11,0.4227775909650882,0.0013060430978225,-512.1015078559997,13.57177160335508
44,0,1,12,0.4199357572863382,0.0010235339824473,-532.4252273251628,10.756396361571891
45,0,1,13,0.4247278411510666,0.0008301020226035,-480.4606472107565,8.52608024795875
46,0,1,14,0.4203795328559973,0.0013849940533444,-589.7154287241967,14.723925166654263
47,0,1,15,0.4409787445914153,0.0006935323071435,-523.8304237108468,6.927398995560543
48,0,1,16,0.4163775526734068,0.001325153787837,-571.7030120609255,14.167182924100974
49,0,1,17,0.4333809714326901,0.001467856262972,-632.3006403171171,15.277589695614402
50,0,1,18,0.4272238324210671,0.0010199372870331,-517.8288949136909,10.501739107852607
51,0,1,19,0.4133913163188958,0.0017699006629768,-558.251847079315,19.002409414886557
52,0,1,20,0.4204810367645427,0.0018928018849439,-587.9756754288509,20.1099349235139
53,0,1,21,0.4326120558719545,0.0011287326342698,-576.5876458227374,11.626852357471405
54,0,1,22,0.4210914117376031,0.0009194169376283,-519.3262287166386,9.607792274521
55,0,1,23,0.4248497412441172,0.0009880131856573,-524.0725888798074,10.244052279474973
56,0,1,24,0.4152692959079472,0.00159416671028,-614.755330667562,17.250092529588468
57,0,1,25,0.4177676305199931,0.0026859641288047,-592.2437620709904,28.74894849329931
58,0,1,26,0.420927500313947,0.0008982395545041,-492.360048723434,9.333996926653391
59,0,1,27,0.4212652731984329,0.0010623241181873,-521.7183733156999,11.102459163747936
60,0,1,28,0.4192840811690923,0.0009481255432013,-497.7512632286138,9.902895018964234
61,0,1,29,0.4265070254483753,0.0016110167603759,-611.212174576081,16.96003471589568
62,0,1,30,0.4153024750537432,0.0012068595231273,-519.9322316071904,12.789041005989857
63,0,1,31,0.4286687583622858,0.0007659043735477,-508.7954232769097,7.84376930665646
64,0,0,32,0.4537081846874072,0.00096496506515,-639.5740852702437,9.608597492830391
65,0,0,33,0.4523128964814773,0.0009881437551187,-599.5032226178417,9.784227429281684
66,0,0,34,0.4791733617211909,0.0010521261385761,-709.7247557670185,10.070302165336631
67,0,0,35,0.4520042470624205,0.0007449840087786,-525.1850615802741,7.261994658674674
68,0,0,36,0.4623504448721234,0.0003988556976901,-525.1028974248003,3.800914908091058
69,0,0,37,0.4581856723483012,0.0004511199337425,-496.49383640999264,4.310559269286687
70,0,0,38,0.4611443797236731,0.0004291169104137,-533.8346924672462,4.107916078581757
71,0,0,39,0.461649789181239,0.0004194985130427,-548.1797364093715,4.024167326104783
72,0,0,40,0.4715642770181258,0.000339464073089,-584.6160367107951,3.2135580569020905
73,0,0,41,0.4566587420454254,0.0008307050491979,-617.5433916771825,8.179108685841609
74,0,0,42,0.4658076396465893,0.0010827589331957,-683.5892451474281,10.601469178082873
75,0,0,43,0.4532097932900839,0.001137021517104,-678.6464216895738,11.430096845985323
76,0,0,44,0.4705247918737578,0.0007074848396723,-647.7645829477806,6.805004444077554
77,0,0,45,0.4620967574981222,0.0006243299316677,-578.4459990584909,6.0232078736815975
78,0,0,46,0.4664108979607032,0.0005107759109905,-560.6312926174463,4.863069254903011
79,0,0,47,0.4603564416887649,0.0008195984801486,-632.739374547784,8.031367631478819
80,0,0,48,0.460511814414608,0.0002695504380446,-515.5924245538523,2.5735171944315134
81,0,0,49,0.4573919397388966,0.0008719823734447,-640.8094337310868,8.615098890083361
82,0,0,50,0.4474490078315088,0.0006003837421944,-531.7472956662084,5.920627317929174
83,0,0,51,0.4544887679914188,0.0006184320107036,-531.1469267847073,6.003347421504205
84,0,0,52,0.4616555378195247,0.0008905100562153,-650.8858154194551,8.7358896308231
85,0,0,53,0.4540295156825805,0.0006462174824867,-538.2734486660655,6.289316830399211
86,0,0,54,0.4554600105639833,0.0007536429956465,-558.5218878796071,7.344507149642558
87,0,0,55,0.4588426680834399,0.0007184043606805,-624.7255630098206,7.050717407523507
88,0,0,56,0.4620762789304332,0.000653978748148,-611.3077491196999,6.354949486739764
89,0,0,57,0.4571025043957812,0.0004363428550867,-523.2657401181397,4.204178261766439
90,0,0,58,0.4726177169402668,0.0005664218129453,-565.4934985332756,5.327736532423079
91,0,0,59,0.4616181156327057,0.0006516245511912,-621.3945439253679,6.352267596342646
92,0,0,60,0.4643974304075828,0.0005199371678958,-572.1464183552897,4.984343933580128
93,0,0,61,0.4625684531757265,0.0005144939165617,-541.8464568630668,4.918761343261759
94,0,0,62,0.456174659381048,0.0007876138283359,-564.0723882906746,7.67289640508528
95,0,0,63,0.4605694088989769,0.0010150916269373,-639.1958968534859,9.95633837718257
96,0,0,0,0.4402769126820288,0.0006321019552569,-529.2006179073813,6.331386885070924
97,0,0,1,0.4346613719549586,0.0008713303476667,-561.9352747601654,8.904406303320771
98,0,0,2,0.4309769257121439,0.0006124095942514,-501.804464879483,6.228518250849898
99,0,0,3,0.4339402275626053,0.0010331460467234,-605.4046359207694,10.676669081729768
100,0,0,4,0.4393518200162949,0.0007303600146588,-588.5948157616298,7.427379402390055
101,0,0,5,0.4379598982128465,0.001031243252247,-626.1461454768381,10.606905233571744
102,0,0,6,0.4312573912735316,0.0001918295708424,-459.5733151626574,1.931411588124492
103,0,0,7,0.4366300305681271,0.0008023850370379,-612.1496302644408,8.252981482846268
104,0,0,8,0.436138388575099,0.0008840439709228,-610.2307648148469,9.099339778056155
105,0,0,9,0.4375025379621158,0.0013919348210661,-631.6355801231878,14.34884453056161
106,0,0,10,0.4434948121188857,0.0012332456531584,-601.6719246104022,12.459819010446475
107,0,0,11,0.434757885941219,0.000684305533507,-525.4611105337583,6.935545628355309
108,0,0,12,0.4345725242598273,0.0008062857957007,-517.0944461454859,8.160170827127375
109,0,0,13,0.4366327327779061,0.0007972451412075,-550.2411716008407,8.089675389818227
110,0,0,14,0.4440250880530112,0.0006566160266533,-534.5624478539046,6.529150393960638
111,0,0,15,0.4476551159313563,0.0011651356288154,-649.0952485142849,11.782878407226889
112,0,0,16,0.45415857544576,0.0008458514719033,-641.0048491138176,8.416780720609099
113,0,0,17,0.4445851549091882,0.00044485435613,-515.5277502171322,4.399308841218109
114,0,0,18,0.446493600422556,0.0004687499494053,-488.9133085077989,4.588543433954111
115,0,0,19,0.4415729676439628,0.0008068263037121,-552.6192414770542,8.099544270950966
116,0,0,20,0.4453933567246125,0.0003341960666769,-491.1095414997732,3.281098826170552
117,0,0,21,0.4501445071705258,0.0011207267879451,-628.0995545391861,11.220020832938896
118,0,0,22,0.4486598370445945,0.0007053346816336,-550.3484064165348,6.965364175872051
119,0,0,23,0.4444639669810136,0.0008366483024291,-594.0834147505209,8.420505227099587
120,0,0,24,0.4447559981404991,0.0010348868341937,-613.0563181449965,10.451973597291492
121,0,0,25,0.4378618903036871,0.0007038466227894,-496.8711633879151,7.038181702413166
122,0,0,26,0.4387040715249706,0.0009236267538876,-586.8352613713979,9.403050954498084
123,0,0,27,0.4456768213097576,0.0005294308185454,-496.4902260432189,5.200821151657693
124,0,0,28,0.4332134597917817,0.0011912678113201,-597.5888532397206,12.310379239747473
125,0,0,29,0.4364595998416229,0.0019262233342014,-528.2143217546858,19.45830703108164
126,0,0,30,0.4473063723591402,0.0006455077328947,-524.6110754968806,6.357591907463104
127,0,0,31,0.4458918563174931,0.0008842506747991,-554.7728349742163,8.794978813076288
0,0,1,32,0.4290236198935761,0.0007893787667754,-475.78870021894335,8.018238918645276
1,0,1,33,0.4523121716698577,0.0008149019175333,-600.5225523369091,8.070659247820899
2,0,1,34,0.4421319015874074,0.0008313359123561,-516.3851547965755,8.268540151464297
3,0,1,35,0.4492637170535849,0.0014230618719865,-643.4053351709632,14.322112995791906
4,0,1,36,0.4407986432642241,0.0007541839127847,-525.6155888776227,7.539280735345549
5,0,1,37,0.4414655784243372,0.001076307664547,-592.9237992132154,10.903384841937443
6,0,1,38,0.4355181766544177,0.0005223506142072,-472.3239416121151,5.22268331844408
7,0,1,39,0.4516104200413942,0.0008068862889228,-590.1371984709973,7.985568130611286
8,0,1,40,0.4472551286500798,0.0005046720866636,-485.57760831312737,4.928097962410638
9,0,1,41,0.4442590364951625,0.0010443362530823,-527.6404820912455,10.36314710404621
10,0,1,42,0.4460827628686439,0.000826142592782,-560.7572964744664,8.224325573871047
11,0,1,43,0.4389420988334085,0.0010826006956121,-516.2305128057936,10.845516989168935
12,0,1,44,0.4427664563991321,0.0006879785425136,-489.2149147711396,6.791696053811765
13,0,1,45,0.439577634494847,0.0010801250229863,-611.8479198726975,11.03447146324418
14,0,1,46,0.4397628135923733,0.0008603983132851,-498.8879714858105,8.570294544299882
15,0,1,47,0.4526033769508322,0.000850674901587,-604.4974424716572,8.42682587259471
16,0,1,48,0.4358693090068112,0.000640410201133,-512.3847694051169,6.455359332414212
17,0,1,49,0.4391273878292112,0.0009195395253443,-557.8339726722702,9.293116178777858
18,0,1,50,0.4362589075382937,0.001231847033527,-587.2368511101976,12.612305717494932
19,0,1,51,0.4436247051424331,0.0008469316181668,-582.1193570782408,8.517821232437365
20,0,1,52,0.4383575953923254,0.0007034214056503,-507.59668222973806,7.042768641292674
21,0,1,53,0.4416341560815788,0.0011450847104361,-607.1671665128107,11.63176505583576
22,0,1,54,0.4421366405702409,0.000854554063442,-558.1940703462437,8.578254802573086
23,0,1,55,0.4435322905697978,0.000688046558708,-516.8025447808953,6.822396912544888
24,0,1,56,0.4352286506275441,0.0008046843418322,-515.512653187711,8.12883165312199
25,0,1,57,0.4352550516523824,0.0009743420153607,-511.4995814592728,9.833330360605848
26,0,1,58,0.4406195406520924,0.0004829713472098,-481.0561507994079,4.782380966945685
27,0,1,59,0.4443196769394661,0.0007059901553813,-521.303533492725,6.994892468544056
28,0,1,60,0.4449603695361445,0.0004871479409602,-531.0146852892833,4.830048790776232
29,0,1,61,0.4377850248807282,0.0007190910541929,-525.1766897782497,7.237251571704912
30,0,1,62,0.4410656493107454,0.0007558605640731,-550.4235425900922,7.592965301536189
31,0,1,63,0.4446219430525165,0.0009015740211679,-538.4242371304548,8.960531611452119
32,0,1,0,0.4197349632914272,0.0012507611878301,-572.5560327488189,13.267376638798408
33,0,1,1,0.4283064528569809,0.0012596133814783,-590.3094189929558,13.14487073792777
34,0,1,2,0.4135379453167718,0.0009509879196372,-545.7867163536052,10.178613792902532
35,0,1,3,0.4204894004623067,0.0008402881097999,-492.6399882539039,8.741441827427277
36,0,1,4,0.4224269672890567,0.0011493702446952,-600.3862641039041,12.18813544075625
37,0,1,5,0.4161726364448493,0.000506753960402,-462.9108738008498,5.291086676051389
38,0,1,6,0.4207496426983065,0.0008083976032421,-492.7599848693444,8.404711237467618
39,0,1,7,0.4221820868530748,0.0012243891055138,-529.1821416731248,12.789553376490664
40,0,1,8,0.4243850666668207,0.0012122864629842,-584.4923755704331,12.751653116955463
41,0,1,9,0.4136807218292502,0.0013310325763005,-519.1747242778739,14.157813354849528
42,0,1,10,0.4224673130411468,0.0010836055014821,-558.1414244589397,11.383843247707524
43,0,1,11,0.4230449086991469,0.0012191961296954,-509.01208315224136,12.652606632894775
44,0,1,12,0.4205523737708019,0.0011778018405922,-540.1616817314095,12.380608423918218
45,0,1,13,0.425040885217986,0.0005646303834052,-477.8556440189304,5.7917419921886255
46,0,1,14,0.419621750691302,0.0015970692164352,-579.9081582351438,16.9727097829999
47,0,1,15,0.4416582860047592,0.0007440999158628,-524.3643940870078,7.421939440500877
48,0,1,16,0.4171106694737428,0.0013001099021308,-576.0338970795339,13.888191620212163
49,0,1,17,0.4338852288739028,0.0014672420572176,-634.8855636305547,15.26199002427412
50,0,1,18,0.42727118424377,0.0009026172136717,-513.8064951661452,9.28443642948534
51,0,1,19,0.4128607677325995,0.0012876745438881,-550.5745897444003,13.819418631596973
52,0,1,20,0.4197678057073248,0.0011244575831718,-578.6410229237184,11.942603447236696
53,0,1,21,0.4331080681946371,0.001160037348286,-577.0223978029123,11.936768112015535
54,0,1,22,0.4215493171613411,0.0008847385794137,-517.7394491699176,9.232115123102458
55,0,1,23,0.4250554198962526,0.0009667955503876,-521.6475278358871,10.013827170422852
56,0,1,24,0.4156426414177365,0.001693249869154,-616.7476198969025,18.31371702402337
57,0,1,25,0.4164629296184909,0.0013519778071661,-578.0544384291205,14.471128586946746
58,0,1,26,0.4212361818333281,0.0008897292653299,-487.6644379100128,9.229111867436494
59,0,1,27,0.4212925021133037,0.0010067243251641,-515.8566610198252,10.50703067210717
60,0,1,28,0.4191171822879425,0.000732406443944,-489.6825256580825,7.639062481278435
61,0,1,29,0.4270758013646946,0.001289855745739,-614.0750923246223,13.569366530222151
62,0,1,30,0.4155541735256512,0.0011098853749644,-517.1588070824437,11.747057973953458
63,0,1,31,0.4288232659959788,0.0009537851828477,-504.9726910145041,9.756074935958113
64,0,0,32,0.4562510812673838,0.0009449013061055,-646.8651918633594,9.371129521962644
65,0,0,33,0.4549946082127902,0.0008288341432384,-606.1132044799446,8.17019518194042
66,0,0,34,0.4823238943495066,0.0009225960690874,-716.1935980888549,8.784939779295893
67,0,0,35,0.4544396254606046,0.0005169962676034,-528.4305706940696,5.016199961454204
68,0,0,36,0.4648387406483794,0.0003392092411639,-526.4381353704566,3.216158342751018
69,0,0,37,0.4616850922851055,0.0004686999477746,-510.2443345126168,4.458215303281789
70,0,0,38,0.4646174761510317,0.0006208698877032,-544.0492473031758,5.912452686784856
71,0,0,39,0.464744690846913,0.0007970214363815,-552.367731724988,7.6017665875910225
72,0,0,40,0.4747194839532078,0.0007524583195592,-591.110923209006,7.085903603257848
73,0,0,41,0.4588944720456175,0.0005153311001005,-617.4288478965588,5.049096411551052
74,0,0,42,0.4687275234553821,0.0008541399769126,-692.5441608393696,8.326881128170518
75,0,0,43,0.4559941807768153,0.0008961605503288,-685.1754589647375,8.966337324550134
76,0,0,44,0.4735076347233078,0.0007087704871221,-657.788215531428,6.789087906650335
77,0,0,45,0.46464546814757,0.0006274487598045,-585.7022736457196,6.029661818617078
78,0,0,46,0.4695602962689899,0.000418427968774,-567.248967491084,3.962867401062204
79,0,0,47,0.4631657466352565,0.0008168818064693,-637.8281166395766,7.964963799191866
80,0,0,48,0.4633076057318955,0.0002841255554661,-521.0067875898741,2.6995432248151454
81,0,0,49,0.4597050075836661,0.0010442812400118,-645.9794905031804,10.276957065849022
82,0,0,50,0.4497751840869903,0.0004921295204207,-532.7499090693234,4.8290599482626
83,0,0,51,0.457264760972398,0.0002642153735095,-538.9830165644391,2.5536848970477117
84,0,0,52,0.4639188534354326,0.0005549106921562,-652.1654043864526,5.418603545327906
85,0,0,53,0.4564697834641913,0.0005057698694606,-539.7386517827896,4.8976791823944525
86,0,0,54,0.4579599086515581,0.0005702396807969,-556.4244557048318,5.52429464475301
87,0,0,55,0.4612420661057475,0.0007243222407124,-628.482423267407,7.077581829110792
88,0,0,56,0.4641218347189326,0.0004824326508703,-611.7516893573709,4.66776298545038
89,0,0,57,0.4597685875848694,0.0003786538659708,-526.8402701677938,3.630060240769105
90,0,0,58,0.4753314510543803,0.0003689079531569,-570.3627319266021,3.453810352375392
91,0,0,59,0.464082972634997,0.0006932076605156,-619.0995525356404,6.718393926971407
92,0,0,60,0.4670734429119931,0.0007054595814505,-575.6448549904337,6.729255440661302
93,0,0,61,0.465185024687689,0.0005742439014194,-545.4350444693124,5.463438507765906
94,0,0,62,0.4587715858645836,0.0007734059908168,-570.2302692056189,7.501970837631095
95,0,0,63,0.4628243352217634,0.0008287426242263,-640.0993692201713,8.090546895074697
96,0,0,0,0.4410709722843175,0.0006453908951343,-522.3995072312428,6.443143654447232
97,0,0,1,0.4353195852828593,0.0009041450651618,-555.596758007672,9.212926421653574
98,0,0,2,0.4318826779033873,0.0006105263560716,-500.6376482936615,6.194732981921272
99,0,0,3,0.4346980646904432,0.0010524045123177,-598.706660292516,10.840889038921436
100,0,0,4,0.4405901402043768,0.000698594484956,-584.6973022670479,7.078337889684787
101,0,0,5,0.4391936344843158,0.00105702468109,-624.7988425645366,10.838372542479764
102,0,0,6,0.4325425407573929,0.0004172643953608,-460.5214593809436,4.189582934374459
103,0,0,7,0.4373933689068371,0.0011560411062969,-606.6922010259534,11.855689583949324
104,0,0,8,0.4372639387760449,0.0009288107632449,-608.3648823824437,9.53163776606964
105,0,0,9,0.4382870199368174,0.0012075996623073,-626.0762386617752,12.41136830995402
106,0,0,10,0.4444027426165977,0.0007383021430367,-594.5087316440707,7.43240754862457
107,0,0,11,0.4358158520496537,0.0007239124017667,-521.3473347710866,7.312487726898035
108,0,0,12,0.4355263941302061,0.0005231425646908,-512.5391593517875,5.277630185817588
109,0,0,13,0.4378528024402146,0.0008962000564022,-545.8782914276104,9.059716934284587
110,0,0,14,0.4451864135302346,0.0007484584413162,-531.5365119419896,7.418017764034047
111,0,0,15,0.4489903542765171,0.0013514769995855,-645.6250016672427,13.61647259218954
112,0,0,16,0.4555441773935557,0.0009357698890297,-635.1897941901195,9.271533591196343
113,0,0,17,0.4458522276420561,0.0004698424665051,-514.296527141306,4.631953459827263
114,0,0,18,0.4474659800135384,0.0002504522623115,-486.4733807144843,2.44499075600426
115,0,0,19,0.4421989584075906,0.0007077948924969,-543.5944075368038,7.081230513063219
116,0,0,20,0.4464065041816272,0.0002460206083422,-485.99720969859095,2.4071717281957428
117,0,0,21,0.4509793766015539,0.0006869386158874,-622.4800693377239,6.856109921803399
118,0,0,22,0.4497630452723501,0.0004898481431531,-544.0425679620209,4.818808772723739
119,0,0,23,0.4456327773616759,0.0008290538224661,-589.0376392936902,8.313017045040912
120,0,0,24,0.4459014767900867,0.0008204166906621,-607.1107508863478,8.253933545708042
121,0,0,25,0.4386238470155146,0.0004519982856958,-490.1665024926174,4.505208209046484
122,0,0,26,0.4400915033910729,0.0010877147845876,-586.9382697623859,11.038898662079593
123,0,0,27,0.4464615960272614,0.0003461584563479,-488.7338858320658,3.3886156087774726
124,0,0,28,0.433590522464882,0.000980842298818,-591.4354334911787,10.113465350497878
125,0,0,29,0.4386750315903168,0.0022377544628826,-530.3995234931459,22.502039099280783
126,0,0,30,0.4483378072265269,0.0007807775620177,-520.629592801274,7.665403214989774
127,0,0,31,0.4468158773870795,0.0007969859681696,-549.6978069002407,7.901791860385037
0,0,1,32,0.429557056868201,0.0008438766766853,-474.72169856169177,8.55912044287356
1,0,1,33,0.4536425226803121,0.0011587216882003,-603.1236557052229,11.448629654243616
2,0,1,34,0.4433392024553413,0.0009850491170611,-519.8661709272627,9.77825229121592
3,0,1,35,0.4504810194372198,0.0010538895287969,-642.7779860730344,10.576560400187365
4,0,1,36,0.4416050000342394,0.0008948153674003,-523.5762672752592,8.924751314135067
5,0,1,37,0.4425487898951302,0.0010971849481954,-595.7451180081656,11.094505372077116
6,0,1,38,0.4369328730160427,0.0007042190091179,-476.2910270447238,7.0245195133846
7,0,1,39,0.4530051108469692,0.0010725848505602,-592.8188329015176,10.588644380339192
8,0,1,40,0.4485552956901817,0.000871665056959,-489.3244406904171,8.494196361486646
9,0,1,41,0.444952101371093,0.0007404925959821,-525.3854293339261,7.332941526261495
10,0,1,42,0.44707032122885,0.0006819517233856,-561.4010390079677,6.774854912077149
11,0,1,43,0.4397466650504092,0.0009228866689867,-516.8259698891452,9.22980302324024
12,0,1,44,0.4437088502169245,0.0004687702405715,-487.859742757193,4.616455473228588
13,0,1,45,NaN,NaN,NaN,NaN
14,0,1,46,0.4406588035344813,0.0006796809195975,-498.0494449513557,6.755169283598174
15,0,1,47,0.4533745948308835,0.0008010221083031,-603.2683605162171,7.919344092490561
16,0,1,48,0.4369257246338727,0.0007708969190474,-513.8868264059056,7.754468010313882
17,0,1,49,0.4400512911416869,0.0007531607965509,-558.9505063837513,7.597532884632799
18,0,1,50,0.4370859752256992,0.000952171956464,-588.630423166631,9.733362664325403
19,0,1,51,0.4447641606412064,0.0009565131771301,-583.0898423971654,9.597304969113384
20,0,1,52,0.4389855875235245,0.0005708609485749,-505.4843706382134,5.704695490147909
21,0,1,53,0.4429123032315168,0.0009462781575617,-609.4440542934242,9.589302925242537
22,0,1,54,0.4422819777342852,0.0003029968765116,-545.6289277426883,3.032165451237984
23,0,1,55,0.444306291615519,0.0005675106917653,-516.118029137723,5.616555164788791
24,0,1,56,0.4363673348118788,0.0007810169750792,-516.6621603896367,7.871166391308545
25,0,1,57,0.4360553575218888,0.0008457955042715,-510.8659847484392,8.519138132745613
26,0,1,58,0.4417635534719298,0.0004638030402153,-480.5463131724479,4.580161151306295
27,0,1,59,0.4454131818424503,0.0005653709795631,-521.3257999786606,5.587924806317133
28,0,1,60,0.4457110884988663,0.000759548694543,-528.8771509281829,7.514649082152497
29,0,1,61,0.4387916711239392,0.0008751224254098,-526.1224734786138,8.789255112868611
30,0,1,62,0.4414474635258441,0.0012048468796177,-542.0792277495683,12.070535449794416
31,0,1,63,0.4457809374756716,0.0008282755617621,-539.5880326487237,8.212743859973147
32,0,1,0,0.4203167931935533,0.0011437234444218,-574.8618141802604,12.121313655004998
33,0,1,1,0.4291934792193834,0.0012373559812792,-588.7096162910218,12.881409412447086
34,0,1,2,0.4140263190637797,0.0011507823626428,-542.0116748110828,12.292280752631775
35,0,1,3,0.4211518780823434,0.0008037843319592,-489.8047751407636,8.343264310562635
36,0,1,4,0.4228987223118233,0.0012816028524094,-596.7793266610777,13.564516391194738
37,0,1,5,0.4174961002891347,0.0005689886846135,-465.62379280427206,5.925661110869881
38,0,1,6,0.4216979681362123,0.0007612273717105,-491.7654411375512,7.894744714100605
39,0,1,7,0.4232223744444896,0.0011448275994075,-528.5752150355361,11.92748497611288
40,0,1,8,0.4250747120081929,0.0012423151893351,-581.891782357338,13.03889212435587
41,0,1,9,0.4140525800534814,0.0009662912617997,-513.2164142455024,10.255366171960768
42,0,1,10,0.4233189119124257,0.0008749598785085,-555.1089652111933,9.167301879605487
43,0,1,11,0.4238333233958573,0.0010135092781739,-505.6102914064418,10.490522111380889
44,0,1,12,0.4213799064858431,0.0009187321182663,-538.2211279475545,9.634270999761965
45,0,1,13,0.4256737493055332,0.0006624402759728,-472.87840078276,6.777376978778534
46,0,1,14,0.4198121463930622,0.0013738440336086,-572.9227946897144,14.571462271526572
47,0,1,15,0.4422570944086994,0.0007641745715899,-519.8878099203109,7.60430252331126
48,0,1,16,0.4177583251622345,0.0013563015497366,-572.7292993383124,14.455510148689385
49,0,1,17,0.4347443843911357,0.0015053537461904,-632.2425455940153,15.618533806955105
50,0,1,18,0.4281972101223255,0.0007424872315556,-512.1464527926221,7.617993909252714
51,0,1,19,0.4133807637906858,0.0010040120073502,-548.3736305552478,10.75636047575754
52,0,1,20,0.4206504519746014,0.0012631104354081,-577.5950500185801,13.38398606297068
53,0,1,21,0.4334351839376353,0.0008561388095007,-571.8545182726846,8.793041211191563
54,0,1,22,0.4218818084142103,0.0008656185169884,-512.702946378475,9.01539702379124
55,0,1,23,0.4260025939662753,0.0009296177003606,-518.9667763230035,9.601630892790642
56,0,1,24,0.416094001605498,0.0013935458870118,-610.5443337001187,15.03556113356492
57,0,1,25,0.4169775440490194,0.0012182465247733,-574.323344769568,13.012976109866637
58,0,1,26,0.4216105118100913,0.0007722442178467,-483.2773191167814,7.995495256897536
59,0,1,27,0.4220546717681911,0.0008797058755889,-514.4300062357894,9.161876722172993
60,0,1,28,0.4196510104972358,0.0007684717866547,-486.1801044590604,7.998774072609837
61,0,1,29,0.4274774802376301,0.0015999360424542,-611.8216428015558,16.807372934388408
62,0,1,30,0.4162732511297624,0.0013611518113054,-515.1889167481494,14.375294740981008
63,0,1,31,0.4292731068179012,0.0009455210134845,-500.2112952521168,9.65117464708033
