6,1.2510302990648954,15.449101317344,10.860326559898025,1.5852888705308132
7,1.224132859508217,16.185226928947,10.117555365465499,2.972429432641175
8,1.2101197669227557,11.340847435075114,12.014118938012126,2.3285594248299546
9,1.2178430119050665,16.393806528848682,10.164561420749092,3.610088956988294
10,1.217967311955205,12.649710409215546,9.917625754534631,3.6210138102997766
11,1.2207220592442756,14.137249656585396,9.819023379233329,3.082390715471216
12,1.227184852474609,12.291252959193832,9.580189657171966,2.8447725641266337
13,1.2236390050135728,13.36770369111968,9.625241249404429,2.745146189277967
14,1.2216151542368185,15.679287430170081,9.744959030345626,3.1023814530678644
15,1.2214440665844368,14.680008275028607,9.633083382352451,3.4163872842360092
16,1.2199424100631588,13.000165043333846,9.574248442616907,2.941441849927674
17,1.216608506598612,15.206729895307161,9.960946607119359,3.79129140145714
18,1.2156777829999748,10.84446563596409,9.868993561642188,2.767377169930878
19,1.216578390685251,14.938154508614486,9.6893185711019,2.699329295162714
20,1.2108124449238518,14.77060189632797,9.807984558792127,2.2236891321434378
21,1.2119128331370161,13.824739087497559,9.635437444773542,2.3463519508047015
22,1.2065687572351511,12.674018103197804,10.0195217109214,2.329737224015211
23,1.2038864274540206,14.395317050821202,10.065474446009246,2.48558437256215
24,1.1991770704965676,13.125866999397356,10.243101779846429,5.086861094099966
25,1.2007489888262812,14.648216051975485,9.892070757389495,2.575326842738531
26,1.1978026146520107,14.921016898990572,9.786194199431565,2.6887909316805843
27,1.193231515324057,15.414514443047558,10.286474566136782,1.7701718861135034
28,1.194996701886628,14.381793426476202,9.58625027810486,1.459137627785932
29,1.1890484828008194,13.031065230205487,10.577242758292652,2.1312274337641037
30,1.1868464423191485,15.285686335627434,10.180370603385557,1.5231062799202517
33,1.1814092511388417,13.963874198581479,10.18583520730619,2.717351364917459
34,1.1821179293701423,15.081913929081248,10.139557680926094,1.8858684609542438
35,1.1850227619798657,14.55986659414183,10.477869543428532,2.4802754630564707
36,1.1822344778809801,13.806302463242265,11.180988725991853,2.391771183389861
37,1.1869327597347925,17.127067574819677,10.302885841853826,2.8999791483709645
38,1.1921567370363644,15.150207644018298,9.964906404702957,1.8350287593006636
39,1.1892929739565608,15.661583041999808,10.42357449014111,2.38776495008426
40,1.1884703358819497,14.87963279492736,10.270849760360742,2.6251809825079966
41,1.1878626158122558,15.206808279587685,10.834790178716936,2.3525649637571884
42,1.1927729527253144,14.232345233583127,10.040592109025871,2.2512782381831595
43,1.1910207744471204,14.822254036438832,10.127561993790843,1.9621888853823664
44,1.194492006576008,16.14182209259131,10.04202388959848,2.1926842365883443
45,1.1923259505502528,15.986112006864573,10.298818229448997,3.8357879461851967
46,1.1924218904516457,15.036891552310028,10.389102250220644,2.090312476914458
47,1.1942894711886038,16.1494994581143,10.123560817143606,2.7412600091859898
48,1.1919306370129077,14.977618693629868,10.1784274685777,2.3882648937694584
49,1.190882147553532,14.286339523542,10.933894113224481,2.0370491759280567
50,1.186823321746078,15.441886608361987,10.631993521774238,3.3419577673214866
51,1.1890421262370028,16.538894807985013,10.05658242801738,2.0392257542604257
52,1.1874861403412267,15.77816185821137,10.431692191076289,1.8535500976250878
53,1.1776591288567726,14.447671469347293,11.007079575130042,2.2363107791255183
54,1.1833610394805565,12.904021070734728,11.236870944485956,1.6351141563999174
55,1.1837442450582354,16.091466634770796,10.788973675099859,1.8629961716837453
56,1.197413399487943,16.468594240255996,10.49412171043973,1.8937676717106395
105,1.2324057582822237,11.07645728999387,10.410351188687025,2.2136318520900873
106,1.212255262783852,12.024826018557151,10.430770806826422,2.960658363084821
107,1.2014118537981688,13.132644638330492,10.31773563051571,1.7973144161159047
108,1.19668136547299,8.544731350537237,12.022375734251433,1.2524142100624114
109,1.2047881337969242,13.828323573082331,10.381293751087666,2.3830920375423266
110,1.20714520648232,10.022167065421058,10.193875772668074,1.4301755329533423
111,1.21023088899841,11.75943531378647,9.812180125185579,2.273686497619257
112,1.2136873498020773,10.334381244167062,10.024781082889131,2.6541854241260654
113,1.2086207437969099,11.315980750728366,9.568988225933518,1.6314321483952618
114,1.2063775951605582,13.927769423646605,10.315013690213858,2.2616801556346893
115,1.206645539133937,12.940225859707736,9.657184437334559,1.677338105812146
116,1.2099018552845928,10.724148659443518,9.761370918704094,2.0371352644189376
117,1.2028956891618574,13.253484527978344,10.221086442608808,2.426012408972171
118,1.2016462929675864,8.427729257576079,10.268714218368457,1.68689256883286
119,1.202327450702991,12.88750025420738,10.045920807296373,1.8725729891822265
120,1.1977888804946721,12.477969355468682,10.086233649453762,1.9140651458062223
121,1.198361442979863,11.353261227625973,10.351378515501752,1.7213947463122325
122,1.1930106078879927,10.676065599900799,10.202893746060708,1.4794823058557527
123,1.1914396299126628,12.673507770719958,10.202837253037126,1.5942391451655096
124,1.1867556310602632,10.96879729009988,10.869019905818792,4.029560740351688
125,1.1889120115454754,12.378230181882357,10.51086267363123,2.230070449782112
126,1.1842483027084743,12.473179532600108,10.441259849847748,1.2398397986098288
127,1.1800565949027013,13.49824679487089,10.693801577458194,1.755345498023345
128,1.1827091549652544,11.75102288295477,10.16191607265033,1.4923447700634571
129,1.1742321634705388,11.18694122698763,10.719092643979724,1.805839126597326
130,1.1743309743763295,13.465100908404889,10.672013631956188,1.4799512576147933
133,1.170699295757177,11.283676289810131,10.74127327916061,2.256509909556714
134,1.1717097012341033,12.711714079831387,10.945359937453453,1.650049968272914
135,1.1730442522052549,12.542323190618518,11.179809681902249,2.4284286809352356
136,1.169383248518136,11.51692149113888,11.504823185336896,1.584304518104774
137,1.1741391161543013,14.658359205281496,10.608366677517058,2.155757940252517
138,1.178201192733797,13.013194648549169,10.709464744051772,1.7066665799628935
139,1.1745804450212174,13.686006922661033,10.96874773845939,2.087077812818907
140,1.1767776703183133,12.483833087306783,10.775862338542478,1.451930634693605
141,1.1773264630807974,12.856961103950923,11.059159338448547,1.4166207649469014
142,1.1787687369986384,11.990783593222673,10.739744791496925,1.5966931961599984
143,1.176926667710106,12.940686218344128,10.941216991369052,1.5397621917560282
144,1.1817692495074155,13.574816739665827,10.368672481129131,1.483973262929832
145,1.1767171598744566,13.870316719908205,10.741502622370307,3.834287697855365
146,1.177692894499892,13.08818231729917,11.292772269586889,1.6849909942466177
147,1.178503955709533,14.256587992417309,10.641033052062408,1.5291814987206023
148,1.1786528106889105,13.048893203635119,10.596851558300592,1.7976012696849546
149,1.175996000284511,12.270861232365906,10.97662666316864,1.4945307036083153
150,1.1763902611842287,13.24965287594267,10.965704814647793,2.8861510199496636
151,1.1761959956592192,14.352556917305726,10.653212191796117,1.1953087065130055
152,1.1742233281710974,13.706290831918885,10.668076982707333,1.4653693112731523
153,1.1677449023652386,11.958047796304431,11.56593118605416,1.46379147696351
154,1.1720899808568195,10.458343189904092,11.336628415016706,1.3557781139381078
155,1.1691152860942609,13.515443118998405,11.05187210259979,1.8140456010574266
156,1.17091717730782,13.552817848372445,10.747919295246813,1.880771220130524
157,1.1858562482547244,15.658683250087067,10.403723127590679,2.108625982724614
158,1.215193965822656,15.38681950292898,13.030960402144146,0.6242153970224195
204,1.23900606443312,11.153791760914274,8.72853610193978,2.788178541671606
205,1.2090767079498517,7.8692578051980915,10.029608677454524,2.0289558917856896
206,1.204070927585714,9.35684443976394,9.877394499615887,1.6937776443091743
207,1.2052224759615071,10.989677407623546,9.47421368975604,2.0487098126849905
208,1.196321708743825,7.375546668654723,11.648283667503902,2.0399441149691944
209,1.2075950584687807,12.548830226888038,9.660777808538073,2.533649775457939
210,1.2098688961206827,8.36180755537634,9.76699650161096,2.6952030124345434
211,1.2085995878689986,10.70458598616802,9.725061905655616,2.3465812299312963
212,1.2163805106411876,8.315660985988886,9.165045314800324,1.8328370414951667
213,1.2142973743877408,9.957422024585249,9.022223313503373,1.8467174744401038
214,1.2114134512812655,12.265418987730758,9.32028519619555,2.315538106612246
215,1.2120457680591012,11.301510467877641,9.076182383428247,2.0189373674006243
216,1.212988836474323,9.194182740119391,9.203725144545487,2.792483215926299
217,1.2091516207961155,11.638053491109861,9.567268606679018,5.462783659248382
218,1.2064767907356961,7.388252166444622,9.841355742303383,1.6784565626416648
219,1.2085929810663396,11.217875582497227,9.617043661915895,2.4870479324788355
220,1.2024004901629461,11.060952511182697,9.367399025641648,2.43395099166063
221,1.2045784492706149,9.761020785479989,9.316203067788143,2.1399846099195385
222,1.1968284832762202,9.048727877643078,9.968392026048688,2.0318961475372066
223,1.1954607985444226,10.797063037861303,9.888112861603192,1.7752533247405768
224,1.1885357709147748,9.221640497273816,10.24840977658281,7.677835797910395
225,1.1888815234962526,10.817965411176754,9.448349607535306,2.5218030929462447
226,1.1869489242660698,10.654381223064954,9.756173197995894,1.692562687862701
227,1.1819924171369374,11.969991083273682,10.307253649524487,1.719071413996887
228,1.184471645187477,10.381181495292257,9.233698406411074,1.030715989654075
229,1.1773033513086508,9.530005620869389,10.414708833765323,2.3781605449173675
230,1.1762897915764943,11.939586527768828,9.980608721436964,1.4838503645426684
233,1.1697673446240273,9.827321776579879,10.242922989860297,4.0830157123959445
234,1.1731040891548115,11.092486494408067,10.042952407089775,1.2014971738840607
235,1.1736189128075767,11.246303585535218,10.104503171345273,4.386289858351325
236,1.1724734429094066,10.093916799967841,11.177405869451965,1.6094359136195489
237,1.17701752087348,12.988115429525314,9.972302782044457,3.35338179273831
238,1.1812567737604913,11.323657825655514,9.60122924684546,1.3508049898839778
239,1.1758228583513752,11.912105758932809,10.219171867582343,2.846138248469631
240,1.1771177846992267,10.5978199859391,10.316215962794528,1.4399433557725683
241,1.1791119477568623,10.856816803857802,10.323008109072825,1.090031168625306
242,1.1813914070207792,10.24414723302799,9.706006657655557,1.5852338691098866
243,1.17891378875934,11.31223798294563,9.917188199374033,1.0681233264352286
244,1.184196310360859,11.993773884349949,9.666617817559398,1.6505811138941842
245,1.177998597033267,12.3026017108331,9.931748784618735,3.813890722241976
246,1.1796348758579789,11.768910936114496,10.285257286581936,1.7082371064152229
247,1.1815134381395178,12.623042528686153,10.048384414908796,1.8916076769282248
248,1.1805381040267169,11.234272893531422,10.114128689855887,1.783146044915863
249,1.177608230668785,10.829887236083122,10.409699250702577,2.0538633517273923
250,1.1748963422611551,11.651237617417989,10.481462875527011,4.7927762861962
251,1.1772954420897395,13.02414857209664,9.79234172900383,2.0145369271255182
252,1.1767764446302433,11.971411959344083,9.684685623182983,1.305149151018475
253,1.1692955077400968,10.428731143775243,11.106948854782697,2.593789053538571
254,1.1749397088884495,8.914069945762607,11.06688347418931,1.067741917740801
255,1.1712212439457423,11.558823373878015,10.18016781121304,1.1682732064971175
256,1.173947778422961,11.151046395197662,9.88998439513597,1.455003873947517
257,1.1745252582103793,12.146360214225064,9.79381323017196,1.087807659371163
258,1.1809165510618607,10.29835823986211,10.771458480065816,2.346831170409967
259,1.1999892396473695,12.040731791839335,10.724697793535801,0.8324106937758405
303,1.2265819278372512,9.598040843125748,9.316401846095431,1.963757907980753
304,1.2111792841253186,12.42333549545665,9.057137159292063,4.619890897755987
305,1.1931449691098472,9.146369208868704,10.796697534402718,2.1563284218407244
306,1.1944914348802844,11.214979702773832,10.276206768804673,1.6822897341547218
307,1.2008441325657295,12.65050366442747,9.72316047741042,1.9808188130769477
308,1.1907735620397542,8.947209707947627,12.282298715727292,1.4626957260753755
309,1.2035000874462742,13.737757584309918,9.997443396551578,2.301412836451038
310,1.2041647901714874,9.689762258255533,10.26521380881678,1.811500450899112
311,1.2067720935172073,11.912176130919793,10.138691216255053,1.8231021234728924
312,1.213494665864024,9.815977722351477,9.497200492441033,2.229017247012027
313,1.2084738155626153,11.220621843183661,9.489500865341968,2.1521965253375686
314,1.2080031578872765,13.765355818413509,10.187398811110782,2.2698673032454124
315,1.2112767714994925,12.464736828297852,9.804136567026266,1.2712084316113488
316,1.2123292324064032,10.68365189762285,9.460838529586457,2.358228863433467
317,1.2069977706973272,12.795621397235431,10.060311522785568,4.322279942947555
318,1.2070031256648328,8.836570030846698,9.674370433654156,1.6834279483329453
319,1.2074633099046859,12.549741058178023,9.985637164781203,1.7014926130703658
320,1.2020477894703192,12.295287847362658,10.01798580610353,1.844201490413221
321,1.2015824373143305,10.813077822810612,9.91021611227908,2.0512578311447753
322,1.1942217651214913,10.61077185859517,10.188739870072487,1.5904743684314848
323,1.1906958299689265,12.301901858449277,10.287292975352797,1.4084433028676075
324,1.1832885012925967,10.841558589511578,10.816073817517294,4.791436295166585
325,1.1839150321253378,12.545343657824265,9.96845881376906,2.8410974264454247
326,1.1798382727121492,12.40971954282824,10.092864583156478,1.476013411711422
327,1.1748009330894718,13.643587628780535,10.440561459926741,1.4923671680058976
328,1.1789716799353183,12.088204598680969,9.652645863726992,1.2417424713952228
329,1.1717937664719527,11.12357977602731,10.411566429560182,3.2439573935951174
330,1.1693338937333333,13.162922948350284,10.469528720039067,1.2923180678723332
333,1.1635121411543632,11.498830431826335,10.306943425436781,4.260525070932401
334,1.1659836077627888,12.322784372957786,10.628955816397474,1.426460496191862
335,1.1669300150172814,12.734333293417796,10.73228005530999,4.250551112412023
336,1.1660695887616404,11.399198997654835,11.263311794713829,1.3117140315485694
337,1.1699358473013892,14.89453761459473,10.254720211180885,2.5530368077243013
338,1.1729831394363759,12.957683715801208,10.132046526775854,1.121476076607437
339,1.169623116775111,13.831099916199703,10.595318191826806,2.2774642512298326
340,1.1720273273477282,12.214018423596027,10.456252127044081,1.261338970337137
341,1.1704114255661646,12.860397466525292,10.763986579093725,1.0217529562448027
342,1.1752517204318713,11.957313588707683,10.098174059769386,1.911792980876644
343,1.1700653743645277,12.763547110196658,10.53400686150251,1.2337425144703387
344,1.174369431514194,14.009094518520424,10.199232938182668,1.4735946607316972
345,1.1723221455227533,13.884386771916953,10.354831480456903,4.169665456827886
346,1.1713073293546405,13.308679966703467,10.933053226886619,1.0171274858360244
347,1.1732069228265625,14.126649207018625,10.504929836196494,2.0824176096880045
348,1.173410473348432,12.908230534951665,10.641447993214054,1.325814490395065
349,1.170168350668905,12.70168025520955,10.928846402120119,1.266932418205307
350,1.169953375321552,13.06796648309399,10.672055880942825,4.415180816008454
351,1.1711157680415685,14.157600911829794,10.274051685785153,2.0320388456178717
352,1.1703896534725236,13.295184621077171,10.358311486912525,1.3540823849155403
353,1.162262079656528,12.184397660703956,11.331496022231132,1.970121808073296
354,1.1704556807847613,10.410411567139473,11.140948866385683,1.299264580240378
355,1.1663211131049316,13.011809324781913,10.462214711708738,1.575663008408553
356,1.1677886554716541,12.665856520433998,10.29014355424336,1.5074132516832686
357,1.1630259165496144,13.950822271516799,10.358073890374847,1.169979862729652
358,1.1620058357813106,12.16136409768689,11.612481828303869,2.542786144648773
359,1.1720508412283281,12.393269911660157,11.062724906662764,1.7198918381302153
360,1.2006190833358965,13.759232771440525,8.974296966988781,1.1072130749774685
402,1.2245408585852933,10.290060556526328,10.021603075602215,1.957352067566966
403,1.2033537030353396,9.894721790032712,9.68920983632769,2.120073178278914
404,1.1967256012134424,12.64912987298092,9.501892078768917,4.377269328325979
405,1.1904015991139485,9.849829241875474,11.016067461786104,1.8413358756130191
406,1.1932214453744328,11.85208486523083,10.443895090561005,2.2030542472237493
407,1.2022052059809787,12.558061116528593,10.11926506584392,1.8449692160978028
408,1.1921601976974545,9.122818709459969,12.55972106646353,1.7237522103698248
409,1.2002850252417767,14.411439195571914,10.40639770825085,2.028587910150225
410,1.2052802319667386,10.276129106216597,10.570836384947011,1.5736816463801753
411,1.20862825270722,12.429337836782619,10.015760648334082,2.158149458787815
412,1.2167772162695765,10.542131910889106,9.62409807237357,1.5641376293568412
413,1.213268446637217,11.456059110315431,10.114194693866677,2.5104751750785916
414,1.2162332576483417,13.751978838288213,10.081137861849403,1.8433863847345064
415,1.2174477802576298,12.72263151041337,9.594526882512172,2.1955889313125954
416,1.220079568935396,10.92315518510081,9.950641341743264,2.1868109997839977
417,1.2174374758827815,13.257829993153495,9.936874651456373,3.662764897231604
418,1.2151318521490075,9.045275575476875,10.017898009581149,1.3933719183759274
419,1.2145981150537697,12.88382743817321,9.887616279792555,2.240390097802393
420,1.207675265458836,12.838725523016143,10.129235885107502,1.8566895689096463
421,1.2087488322271858,11.408297844765812,9.981750154439423,1.5580121342537787
422,1.19861821574328,11.069445723060543,10.473508889253582,1.347228222889811
423,1.19485315551919,12.518170562426844,10.425346414694186,1.0375154816561045
424,1.1900296021054815,11.074144043851105,10.289805102083468,4.470003545233106
425,1.1843543168625517,12.6120015905017,10.534376314960749,2.2792698205272117
426,1.1819640935243025,13.112467130849794,10.387808205251813,1.150543818221055
427,1.1749528265873774,13.92832719856395,11.016087626023864,1.1618356160288759
428,1.1773879421294895,12.482871461862592,9.93315643441578,1.4242592666068972
429,1.1714858064674083,11.217757750311645,10.682228626495522,3.263458751833857
430,1.169454037678525,13.834390845997712,10.716194127905109,1.2092413337358427
433,1.163700996725105,11.939633230654271,10.605251350216683,2.600853293535442
434,1.1649764975275347,12.848722561457379,10.988149833140858,1.0175116183699202
435,1.1663849510872721,13.090111816253742,11.043590633235945,5.7838618885918205
436,1.16392590338072,11.99136344091139,11.902611197388186,1.0471535927017939
437,1.1685074472491104,15.496425905084482,10.206236421368992,2.7234180336413605
438,1.1686594560262273,13.519891567209246,10.393229850980013,1.1865009242019207
439,1.1676879482406082,14.078748153561138,10.81338975060046,3.359465795769348
440,1.1684130685444978,13.06440976857139,10.919494684730271,1.4235198791068526
441,1.1694715189109237,13.165416914567167,11.206977156807266,1.3451868575619845
442,1.1718140684567433,12.445929644922954,10.41614496224859,1.4014343381614505
443,1.1701071655189177,13.207732300593307,10.645395361682843,1.139485468586292
444,1.1745008789432994,14.121772753327996,10.490152346474348,1.4826873254688804
445,1.1715905592420683,14.254019929853502,10.641726027288968,4.027751806407161
446,1.1705429504361287,13.899424748952404,11.015563959246759,1.7246311689095597
447,1.1723765604145326,14.601712970785899,10.55987753928358,1.4206837582344984
448,1.169616606384947,13.381281201865818,10.68994042295278,1.6666162362183745
449,1.171006733266831,12.72068661296537,11.148134042111996,2.275205363549089
450,1.168361259089458,13.361748554028223,10.86797155847275,4.882975590631017
451,1.167779337708314,14.632399375091744,10.783739159490237,1.7640650962680773
452,1.1686799077854124,13.97502757905556,10.464993886330129,0.816596609281339
453,1.1623825550695133,12.476851230406789,11.677478840149332,1.7995902399689658
454,1.1649045412455266,11.08258438542035,11.596733348678379,1.2114124161878925
455,1.1667564232212977,13.393419047470317,10.832247128448207,1.0525160645504437
456,1.1662721925383848,12.981964674585173,10.776020450396727,1.2024826957997394
457,1.1626373474458287,14.333702394303527,10.617443277062971,1.189856666663851
458,1.156822681656888,12.479718847211833,12.123678491089011,1.3324800273417443
459,1.1576328060910848,12.659948949465626,11.855550739586155,1.0714426731185256
460,1.1784284935894676,13.252530278193163,9.430358066427383,1.8546549528019844
461,1.1982114597997968,12.746936634146081,9.767397102299356,1.146055150892998
501,1.2286909488343922,10.694243887077684,9.572559237721235,2.0269176635378194
502,1.2004867987988352,8.952594610950484,10.233081683228779,2.4257186485590863
503,1.1903946643132055,8.158347273753686,9.980707281233084,1.8281493525221986
504,1.193644078430941,11.177350159432212,9.72269049202428,4.511538966045855
505,1.187623784935269,8.452434285950716,11.068445960760915,1.3754713762856732
506,1.190718982455228,10.43208323895063,10.229837105096962,1.7692143795141213
507,1.198376422471211,11.312293326949124,10.153498877709964,1.7097472174505053
508,1.1903186535746302,8.453348681118333,12.298080196747808,1.516325884968994
509,1.2017352824191194,12.805627968811061,10.309884627959454,2.2517544495789585
510,1.207643625961419,8.611099371906562,10.315760999726873,2.0469118685164616
511,1.2083800378947769,11.064386110723712,10.22526503038396,2.6219646516668575
512,1.221287725933566,8.931144916853166,9.597284418373505,2.1253794308373437
513,1.2216310981490142,9.776976898916816,9.877331400468899,3.0210143186282834
514,1.2238848196243597,12.663740482027116,9.78434367676631,2.5297020961839447
515,1.2309433843181765,11.241444043645249,9.61290138666931,1.7874201312667795
516,1.2312179210597056,9.4203009828986,9.772747863491182,2.4709514677209494
517,1.2283506407578546,11.714619958772523,10.356357800634665,2.783068617689598
518,1.2274895980598053,7.463564419719927,10.307258109344989,1.8100370258531822
519,1.229542995537673,11.317249997151576,9.925363665977768,1.6579436102919674
520,1.2196605689193016,11.359887453182997,9.836394791810541,2.3679404402888893
521,1.2168850112210232,9.840960190124637,9.889798149996098,1.9494313079274015
522,1.207844786197831,9.212850239902613,10.226999203894321,1.5615649402963194
523,1.198473019009673,11.173953279680523,10.15969540326053,1.1325808099248986
524,1.1873880732665258,9.83596765406533,10.892383440101856,5.76602266615731
525,1.1865351455813598,11.41998538547866,10.213419491213696,2.2839272433050373
526,1.1818575821420987,11.543164236569172,10.004026277966059,0.9352032174969896
527,1.1751248351399306,12.414073398725142,11.175607705332235,1.0280989418855606
528,1.1758693205155426,11.008114134843215,9.907293062485174,1.219751292617349
529,1.1694082403568367,10.112915359551852,10.516641614282308,3.2962798930509907
530,1.1666079042094133,12.513099796093291,10.516363197720404,0.8096371242841284
533,1.1581195189569007,10.408767694338044,10.825127125453308,3.440936779874967
534,1.1616007159637718,11.781486037453249,10.507497803674738,1.3095091472235298
535,1.1625152214727732,11.868713166454132,10.628984366768082,4.1911955872790765
536,1.1599035056167954,10.781164146580949,11.928657367582334,0.9072209083628494
537,1.1674264420693714,13.709456478725759,10.696218020673024,2.8179508316059505
538,1.1689964953159429,12.099769120539579,10.275424680877155,1.1680155329764976
539,1.164971689434055,12.550396991425142,10.979739152515835,3.1493142539835746
540,1.1666367604812549,11.387805386282876,10.671571511208699,1.7057579326639887
541,1.1660670946647462,11.679108645757283,10.85624890336184,1.3000261596753282
542,1.1690384497122437,11.081655354794062,10.024926252180787,1.6650041884206355
543,1.1644550024746965,12.185826864769371,10.729904628427095,1.345867925801159
544,1.1698441260350125,12.630531281901835,10.26715279622007,1.2400821161981714
545,1.1680852719293873,12.812351140808605,10.433956744639177,6.116019584356756
546,1.1663100559051036,12.67578262515461,10.877047624898088,1.1838896983536684
547,1.1708879628807094,13.288292857964604,10.35775924152308,1.4456719819976696
548,1.1685081768940788,12.03981688621562,10.830568656613158,1.2433540061975354
549,1.1663207628230563,11.441290377679785,11.063163187665634,1.136784607738853
550,1.1667959525141118,11.953129021128607,10.595247876503675,4.885591556010998
551,1.1673981455059488,13.226441160227534,10.625361552740253,2.24991785659523
552,1.1691817241129676,12.176474387712986,10.306757902331768,1.1752116647014663
553,1.1567681854640233,11.540453755909848,11.947111624814811,1.971381929670008
554,1.1664028285372532,9.506090752016739,11.494044068628096,1.1529160815403294
555,1.1636448998065756,11.914070898317581,10.716678144503444,1.6446340187719726
556,1.1654187524656758,11.54465597329097,10.489540247994432,1.38538723450365
557,1.1610311275603244,12.954579220796223,10.522600321135352,1.1306803727949144
558,1.1544420646041644,11.329172938948293,11.857584337108836,1.1962486548256512
559,1.155410278150746,11.289941076956483,11.6277132175677,1.8184294009037103
560,1.1628196819756205,11.897905350978164,9.41168873112972,1.4040935553184286
561,1.1727031628328286,10.892485641152614,10.271176049271338,2.04484658833357
562,1.268723725950491,-1.0629355087621697,9.294968203265624,0.7158750799710326
600,1.2343322012213793,5.835589568545903,9.423034720429216,1.1102026064697919
601,1.2138652102655563,7.469483974488804,8.892638575981215,4.710993975705453
602,1.1957194302869838,5.197207878364326,10.084487456349656,2.4072465409165207
603,1.1958852520281127,4.786105978302437,9.887199736778733,2.1589324310777265
604,1.1960355371879683,8.304073237624147,9.639356521531717,3.789599184756632
605,1.1948606988325958,5.365741074190509,10.547827442111785,2.0307540631295673
606,1.1993964775180204,6.994014154575683,10.312747679149549,1.9495672180566952
607,1.2052916657123132,8.233157202427654,9.633494962281986,1.7764669228330234
608,1.199220703579603,4.707292693966377,12.069627574349324,2.1776028501745506
609,1.2106130864778284,9.873228618477595,9.97115039142997,1.9237551741386028
610,1.2161903720367906,6.062903276919663,10.22848161571162,2.047830252659183
611,1.2239872940324037,7.95992492203416,9.962433446229804,2.1843377040720817
612,1.2369405722215645,6.083934379443826,9.328388549810626,2.0727866649092586
613,1.2424641503829332,7.261360777903404,9.530681734569086,2.738976544364489
614,1.2501056873711862,9.137520411905365,9.680847861026399,2.6008931817675234
615,1.2574538704065836,8.041366604639022,9.280701040102667,2.184575008406322
616,1.2639254987659503,6.32227477474146,9.685297101982624,2.66362407820804
617,1.2584354067241972,8.74884350229553,10.395180408102767,3.002087182384882
618,1.2569675492602483,4.546947239968079,10.085195006155622,1.965401556672094
619,1.2579013586393109,8.114928425639665,9.76950775550836,2.0847722542427567
620,1.2470864350127797,7.808536041923505,9.861105882917688,2.6880014607005123
621,1.240779971818498,6.540189427840723,9.329206764090536,2.5599381657966664
622,1.2298195686476823,6.091700162311944,10.192840118282488,2.2004888353061625
623,1.217030651765535,7.6571135345526455,10.122079055262589,1.4152878208050326
624,1.2032457408753514,6.709503450454561,10.51011678984274,6.990825324856334
625,1.198103794245326,8.017570180098055,9.918503375850669,3.2028503375567268
626,1.1907557085618112,8.381895207042724,9.747708098664827,1.589205343390619
627,1.1848953381652279,9.277157831235948,10.272769363107468,1.0504626657442533
628,1.1832729516980536,7.75479551348645,9.898651409472956,1.217003526438469
629,1.1758078329761068,6.847239909531981,10.282374555290778,3.7881476016644933
630,1.1727806635054774,9.010540187399549,10.490424801579605,1.4062985325598831
633,1.1678287073882578,7.091209010944955,10.211434416554614,4.248435279620594
634,1.1688844013553104,8.047238297120597,10.632812230485964,1.2533628195966908
635,1.1685622843808627,8.329660582405076,10.586940093728533,4.736265779408713
636,1.168840376468964,7.013101091997196,11.941316489385446,1.0431040105762261
637,1.1704682751540723,10.224431437795467,10.442218372501651,4.311332251092432
638,1.174201975841756,8.570064787677724,10.037390484887537,1.0593650385074938
639,1.170671632054538,9.218270286219218,10.716851550943437,3.8714270490883065
640,1.1712437775490856,8.172895352715459,10.46953716164097,1.5879835038774262
641,1.1722918358373335,8.426524806916657,10.963992194598376,1.1964702878248514
642,1.1752948561895802,7.851164087153218,10.094611673955733,1.8356567820196679
643,1.1713993124875373,8.46333131796549,10.309380997637195,1.1020265086023862
644,1.1757314991732952,9.52947981098513,10.039910256196256,1.3632383249762536
645,1.1734055284822098,9.418464274584192,10.401175038317477,5.034316043458321
646,1.1730718082819342,9.042364405639297,11.099075094298284,1.4007214812864779
647,1.1764595885114904,9.85563285600924,10.109057401446586,2.439249485948817
648,1.1767006120848662,8.365386610388942,10.392976449821626,1.1258149095507508
649,1.1722813060708954,7.9288771320882265,10.673401026185411,1.835289961969409
650,1.1731626924333027,8.732787364551882,10.808713350734344,4.837135058517416
651,1.173157188533782,9.782620519035362,10.521433608073744,2.1811639350100434
652,1.174029358218214,9.112629350375565,10.112511030384143,1.2357115774471525
653,1.1669807833466428,7.697112041966309,11.45542680794768,2.329967161341606
654,1.1722067239315392,6.1656831575744775,11.271751096426666,1.0740169949898362
655,1.1701208062275852,8.580347299443307,10.732154177443345,0.9516073061473842
656,1.1726499464140983,8.13988639447249,10.348943647499683,1.023753901036788
657,1.168609885610458,9.721704251044216,10.165306448654837,1.19405418118449
658,1.1615840534469724,7.840893339628137,11.856088683518967,1.0923064191072025
659,1.1619354977420044,7.787631717854136,11.814293763095218,1.0106182682669216
660,1.1650933861599755,8.07589755295427,9.699353383351978,1.3771454712679305
661,1.162862157347611,7.1210817465487875,10.27851471816059,1.9634365311846886
662,1.1796094354281899,6.045288808200286,9.74417170666836,1.7949977756343174
700,1.2079455606481861,9.75044331345044,9.361493678054428,3.34125242266094
701,1.1928651614922035,11.607686815615544,9.32716615829364,3.3789927242673867
702,1.186838933313516,9.4746001523447,10.351276011644678,2.12596719922327
703,1.1889775472040578,9.155363133541448,10.154440620796665,1.526785836135739
704,1.1902996393425427,12.475592339807244,9.97274662346362,4.63508618032993
705,1.1881536778878456,9.441113676339098,10.903594131040906,1.6908335134018089
706,1.194745766312474,10.994842630752943,10.107240159460675,2.313105745982801
707,1.1986272719167625,12.340987810340154,9.827861630267533,1.5753071064246225
708,1.1948688200180784,8.910190185110952,12.222486182504149,2.0243920937533866
709,1.2081401819883206,14.101894154591966,9.984740268599678,2.2879435886300192
710,1.2159479520519334,10.34805190927326,10.191277046781384,2.497167207262247
711,1.2290629335585748,11.954088515760477,9.57891833354426,2.9758009565411667
712,1.2489259778882178,9.808153214024099,9.358857751943432,3.1839175148941194
713,1.261316703590055,10.482918418114611,9.328339739684667,2.602705428791265
714,1.2776434575939686,12.821751306123735,9.49730048404527,2.0084246358485975
715,1.2916788990351202,11.41361686800614,9.302971810712387,2.853234623465476
716,1.299052921346628,9.794800798301567,9.296708235023564,2.244216476648154
717,1.2965609878113293,12.002733853351971,9.912117206161234,3.633009870061711
718,1.2924985619902307,8.341683238901377,9.536250562084092,2.816329029699369
719,1.2891520580437168,12.064776611229727,9.536856664197089,2.5360761901580773
720,1.276116093515006,11.664026444912944,9.297077867010827,2.384273830668283
721,1.264977289839291,10.408433418950446,9.281865339587009,2.1258323431866772
722,1.2440065239448277,10.206450197603933,9.663202128718499,2.5265182789988843
723,1.2261092759106058,12.026801191736654,10.289913861902592,2.1230944706454506
724,1.2107919118169508,10.871599300252962,10.085119078647347,6.607589752995032
725,1.1981111654433894,12.214251199738332,9.8067486477908,3.09560336936648
726,1.1902666792871426,12.36049373575013,10.15570221007464,1.516366117770191
727,1.178735210975718,13.323137336646269,10.757210207178417,1.2367418413153095
728,1.1777688178175585,12.054034121926062,9.676456899235838,2.9521202342349673
729,1.169479906713204,11.52947968436829,10.392031378453815,2.6574881796340635
730,1.1679553107497904,13.49855475398381,10.431048612783863,1.3651928909997995
733,1.1599237080796627,11.566420945999319,10.363513348592477,4.164802549361336
734,1.1635253805776293,12.592582394361523,10.329654993156325,1.0148185151393472
735,1.1651719178412538,12.765617753201626,10.66248057644415,5.850101594134091
736,1.1610121888318246,11.77448658522741,11.610209050361394,1.0739932166142698
737,1.1650560310074123,15.18357880045601,10.293410359588535,4.011814976193005
738,1.1692454696116081,12.99711030470923,9.90415873276185,1.4011339239862917
739,1.1634457137821554,13.786823818225198,10.836941519759494,2.6601364937947514
740,1.1675838531458582,12.54602559586162,10.387462654618592,1.2811379671531071
741,1.166962585243716,12.8159481629659,10.792901781197793,1.1012246750975916
742,1.1687875135231292,12.222927222644982,10.148140552310531,1.5751272189289196
743,1.1664247163990211,13.256939165416473,10.334933026301961,1.0672481703220622
744,1.1734820663591223,13.51426084691169,10.151507915399128,1.2368251069934557
745,1.167731989078063,14.080145836651386,10.771450289838933,5.2295438986583695
746,1.1668803613451604,13.382216290713263,10.687016635032164,1.1436449658292325
747,1.1681396101805834,14.407506931172039,10.197848407108316,1.5575598779920412
748,1.1685221724908341,13.04832483304347,10.416149267056579,1.654774735688725
749,1.1670652108872996,12.316427702384773,10.745335652059437,2.346105852450507
750,1.1663410726897103,13.284775589401542,10.627761744076736,4.2366090464935295
751,1.1669616705269623,14.460399319205015,10.253930760209093,1.9262528424979597
752,1.1658544068482752,14.037373346166795,10.096718247785978,1.310479412903417
753,1.161841639029566,12.055402068559069,11.033632863948537,3.228134916433345
754,1.1665227072579787,10.356505438698624,11.29730039737133,1.3979575586337933
755,1.1665767699723493,12.959067749025046,10.588681620123195,0.9796886606162797
756,1.1665908417368551,12.732352194277894,10.076837571593057,1.6080035919038684
757,1.1628154277857143,13.926936476638918,10.080257962447819,1.0022334952007566
758,1.1560369260130627,12.263892833485516,11.944199714049844,2.2477113495271617
759,1.1556699522650637,12.625151777595336,11.589151486319821,1.5050157669250892
760,1.1592801613695753,12.829277645462513,9.588947875870081,1.296228018263809
761,1.1560613098327197,11.806061426148677,10.440553383921234,1.404956567844102
762,1.1596316197822212,10.55922176546842,10.246790155971471,1.7513202960573724
763,1.1710163347389237,11.459999287386417,10.753609374686688,1.2354087366581055
800,1.1954875715538167,12.249355055882281,10.406354469944285,2.528554605113869
801,1.1859032560742528,13.151294321683205,10.209162585320817,2.6561935423599548
802,1.1794744443378025,11.735802141166545,11.35666302137878,1.0399702267985247
803,1.1814809321936643,11.046500123986146,10.913669969620337,1.4396655058206211
804,1.188391242554776,13.471506623762211,10.31556133869238,3.3201637180986125
805,1.182660801394312,11.247155938782269,11.490044872089447,1.3991602495380577
806,1.1885884697633171,12.618549281647198,10.797777130435275,1.6179347729361098
807,1.193702386865922,13.918010389068256,10.467025965899797,2.577340565939068
808,1.1921533844167924,10.348341687886535,12.840008302755534,1.6476062623452499
809,1.205924331374016,15.369810459733364,10.557418664811408,1.8655405921458212
810,1.2163854315105729,11.3496294602998,10.642125223306374,1.843825624590023
811,1.2341089010723367,13.117450107227615,10.116677008090326,3.0436268778950266
812,1.2698634303904321,10.647440725979392,9.629923927825718,2.78413564423757
813,1.3019195573410312,11.303474794342717,9.423855002396449,3.8612341733996156
814,1.3300396396586995,13.679824950712797,9.543331778048426,2.613294480676488
815,1.3495735647532605,13.019260108650558,8.970888996226401,3.1355335120232715
816,1.3746707893741883,10.21651767731231,9.126070435032542,3.167881636932309
817,1.3719778967361773,12.58740909039316,9.890931609909805,2.8242433085137377
818,1.3687825343247744,8.569446074962483,9.891232082581592,3.809174841291624
819,1.355258571976815,12.463314262485195,9.848521491381314,3.4115939204858763
820,1.3350742091899657,11.828427198678401,9.611001093281214,2.9359477490466186
821,1.30808999890228,11.436954788849414,9.74527579247184,2.558522895413902
822,1.2768065382704892,11.276955138771525,9.80446516165823,2.66254365951829
823,1.246001456316929,13.11873409218263,10.238787319760206,2.6400553921896472
824,1.2182033497352216,11.98125221212438,10.85201464790342,4.953441798779279
825,1.2011264620083153,13.844387723568955,10.676094137075763,2.017818693119084
826,1.1880396574578906,13.950447531194444,11.005275884831626,2.1565018444778996
827,1.175996619733856,15.320953384646549,11.229779265854054,1.0952332005476346
828,1.173944579932819,13.965919111445256,10.419838034786071,1.4219792634694326
829,1.1657348728419246,12.838819406707733,11.25343998810955,2.391656948625515
830,1.1629268762823526,15.131869985848345,11.003266795134357,1.4423109818462048
833,1.154384462640575,13.143649983286172,11.217557002662636,3.4886449690043717
834,1.1562358496104805,14.515193416480933,11.378783297057517,1.3249606905539426
835,1.1565546493141179,14.71059304891285,11.374207131335615,3.8076355819904193
836,1.1552751492982403,13.499045809537686,12.584257215045893,1.0678949054643974
837,1.1603433186139924,16.579159886995683,11.281622323220617,3.075482469914056
838,1.1609897536406095,14.654964656852046,10.886956313396864,1.119620566975098
839,1.1595360739611253,15.213072997635244,11.5420115840656,2.4578784335192823
840,1.1608129526320967,14.477049782418057,11.239735754075614,1.221736951406813
841,1.160336782946959,14.848662606326982,11.468134369067487,1.181068543459032
842,1.1629530225709448,13.906429217888443,10.920671617945835,1.7015158885184218
843,1.159832148789884,14.368681919928468,11.39612308515709,1.1690943617453955
844,1.1634573336075598,15.378587014992556,11.051856089319974,1.284928734548856
845,1.1613841530233469,15.213092390267914,11.539456185379093,4.758143116929699
846,1.1595256032434076,15.132368063769482,11.767174024426899,1.17783664353947
847,1.1638464810572218,15.903643159210452,11.257597132055833,1.0740486452299531
848,1.1604082833436893,14.712069118174455,11.787939985471237,1.0553601911475534
849,1.1587986420891523,13.771953404247432,11.744852153100746,1.2665632463968444
850,1.158641895412058,14.597685182180575,11.602015229911617,3.578895726450412
851,1.1571466693606405,16.161827809466054,11.189241568337332,1.4353381652015558
852,1.1617220889616617,14.93443754212021,11.352953831133059,1.3262680336275239
853,1.1551717609671561,13.939255490675565,12.14000460518958,1.714561604759691
854,1.1599471148542515,12.30624144340081,12.06162462041648,1.6076142592481797
855,1.1597496450850693,14.58524142500089,11.645103554593195,1.2026212751096645
856,1.1604360193090923,14.035052700569581,10.900817148761455,1.574335939673748
857,1.1555635171003704,15.766383541413212,10.98183247068772,1.301472822791574
858,1.1486235275776302,14.243834628462118,12.714469214695537,1.073596367117947
859,1.1472659975173884,14.196375525102301,12.507218064096497,0.8976762871136262
860,1.152786640212608,14.574148049810493,10.428198243092297,1.149602887388199
861,1.1474796638938205,13.896139752670962,11.4170088266066,0.934199313648525
862,1.15015261433114,13.225484338746815,11.359984630244709,1.0189692955351821
863,1.16361351129484,14.245416670875233,11.69783854053866,2.368222642668654
900,1.2007831436579912,7.754969773533757,9.238007972504795,3.6173685811161143
901,1.1892189873832906,9.38042012069831,8.888080992050973,4.2604184639397245
902,1.1829230866020477,7.426291850368424,10.488249462765447,2.0130511554694084
903,1.1866453400105457,7.413025775808696,9.647282075610525,1.7511259093541456
904,1.1907370107401327,10.149882804208627,9.274449973366378,6.495349592231629
905,1.1837678712742439,7.606663422599691,10.509445653095502,1.1073877837743533
906,1.1909561407048064,9.18213058046562,9.961815013223747,1.6013314719559193
907,1.1982334860527315,10.261088758598161,9.184983965387113,1.9460797151913491
908,1.1954443972782594,7.147107650105907,11.797734554696005,1.6642679224560692
909,1.2101847042592826,12.119810708543515,10.11559179502822,2.772290134313166
910,1.2280812811904156,8.094431597100922,9.869064254552592,2.734366741013583
911,1.2561506149227684,10.123312299799355,9.538183543569541,3.4054994561533007
912,1.3256899917733511,7.975863426667313,9.86731950163403,5.7355528886214175
913,1.3859991016353954,9.593856268823911,10.105235175749122,4.8645073770318925
914,1.4365372552504725,14.468068415201387,11.604017519962413,2.070811852726911
916,1.7643002699302868,29.82543457329709,29.499998810848542,1.9901624181327533
917,1.5119083655747936,13.710343858066176,9.987117460132245,2.6521212295162235
918,1.4974307482177933,9.940181877973506,11.079634509854545,3.464951150724359
919,1.4841103401228062,12.915546976833715,10.36908211111441,2.5474233442015897
920,1.444018874274743,11.043441872471286,10.300102776037356,3.0282754581430313
921,1.4015948064243493,9.414043499217756,10.162067578071829,2.2084887456586033
922,1.3498213545625417,8.586531045548199,9.715484523490515,3.2453693654763973
923,1.2934680667825513,10.103564274283846,9.642185640604213,3.019715093164934
924,1.2422934183254237,8.652294411035784,9.946394363029714,7.1741152705926226
925,1.2138606811819,10.489197606180175,9.783347351841053,3.4646659296548767
926,1.1977057775924231,10.51043965366456,9.625260963019535,1.5597237980014687
927,1.1830329045330803,11.491535089900603,10.192440156034788,1.630674368331825
928,1.181432576863371,10.026983553260614,9.182562301317853,1.3413230621400785
929,1.1716699305191642,9.151747259099102,10.184261449962097,4.091321238407075
930,1.1670219433338256,11.684172479818757,10.245808458903698,1.1768502533023546
933,1.158918916525294,9.747941628869476,9.937677973948903,3.7977090355146843
934,1.1592385242801804,10.687189192817208,10.318154230006561,1.0423470618902548
935,1.160384229056475,10.837165320577736,10.510939354762469,6.762715103615718
936,1.1588566782891236,9.94885358972575,11.600986580203832,1.1630161542577768
937,1.1643848194147552,12.947012107273702,10.161254785502171,3.7990051717185347
938,1.1673820848480232,11.150881105834191,9.371756893602518,0.9964177943443936
939,1.1650354852926716,11.717030045162998,10.535434783101655,2.9668108730693525
940,1.1659629424163498,10.686191163893447,10.227544008939448,1.0957645683837094
941,1.1632669686414487,11.011095121756536,10.706077711877965,0.9939583727433509
942,1.165770121219231,10.03037335779425,9.819152499936203,1.2441557872134692
943,1.1615795591521516,11.065579125198386,10.436694195589446,1.2232226927813172
944,1.1661787811879782,11.676261271331255,9.873677896961636,0.95411882546697
945,1.162896900620328,12.082180261343979,10.18592146178098,6.034410079670679
946,1.1636154720237508,11.520340374529557,10.978732069233542,1.5013251742468978
947,1.1652216143614744,12.423080201197507,10.109335036086947,1.447406603810829
948,1.1643684148144018,10.8297532316001,10.303322092910994,1.5661522652952167
949,1.162897327074693,10.529215120026691,10.733598508069376,1.832993435133245
950,1.161248095024367,10.970669593577725,10.666415527353122,6.5906322620392555
951,1.1624161750460622,12.502627705806935,9.790353542047573,2.350994750740941
952,1.1646067536624116,11.397219115831295,9.833032150516187,0.9764304709379903
953,1.1561699288656462,10.155687441584597,11.231910663172103,3.7166173884980838
954,1.16574484406646,8.410324011562958,11.30471982946351,1.1740623663943757
955,1.163219150524625,10.927530610773443,10.561115066872299,0.9754444587895635
956,1.1637372557981538,10.694909302425474,9.808778824005827,1.0827515156640866
957,1.1600154699578282,11.881007051670275,10.13558447534584,0.9783861891299204
958,1.1531034388513541,10.130569786432503,11.828834154371828,1.1780802531948937
959,1.151817687013169,10.268697990024306,12.069583519749726,1.4285484285612893
960,1.1575706860779233,10.353308486509869,9.563973877754545,1.4102507795613997
961,1.1530855765657306,9.668292336376618,10.345465985524406,1.6386058008787012
962,1.1556481664870533,8.66735753991854,10.091117564067325,1.6433835453701746
963,1.1654809092177036,9.654866206077134,10.811650065202866,1.3920385638855022
1000,1.1954609815572192,8.5796179304793,10.141878994933704,3.2652100118799683
1001,1.185670152033423,10.052322966892378,9.87112089057236,2.4792456125246916
1002,1.1769953437521894,8.401836358864502,11.01686768441813,1.3950417936498407
1003,1.1780165403791785,7.79465266432238,10.52309994565788,1.2880555715485487
1004,1.1824241654641463,10.384843729692507,9.93493054833895,4.535236416028617
1005,1.178475888728421,7.957122564845999,11.552182894609674,1.4870850448592547
1006,1.185894596368505,9.445144834532062,10.669537942002616,1.4199875377751499
1007,1.1929121141609902,10.84339461217912,10.031874162965087,1.294046164733594
1008,1.1888748423450113,7.160435499883945,12.338852129717441,1.9709216831419973
1009,1.2062656972873207,12.347939189392417,10.474004476388297,2.510257181622486
1010,1.222002957435153,8.349087162037366,10.521951346324425,2.1466561158225006
1011,1.2705078758481734,10.284728964813114,10.65736701064135,4.736412320710272
1012,1.4023054810802076,7.11872212148562,12.34551828386237,6.7711610122304
1023,1.3833423925968364,8.895463488958342,12.211354288768163,2.4788068271279213
1024,1.2742690741897469,8.841726006359766,10.992995178790766,5.206319539848795
1025,1.2211324223995692,10.289002261092138,10.41103462164201,2.298604040600618
1026,1.197198637502941,10.756674708816469,10.263466817785943,1.473704662921279
1027,1.1814865129979586,11.846661271239551,10.992445224996745,1.0710153577962929
1028,1.1753011759132215,10.516465732732758,10.067600567559541,1.0380471225406822
1029,1.1674367151001201,9.566174959994143,10.776806018568006,2.199242398359224
1030,1.1629845674928656,11.81599040227952,11.010241113581719,0.9144240986366352
1033,1.1515204396390144,10.112936916997388,11.068972149523237,3.4086753841297344
1034,1.1537577503446663,11.414851412758145,11.197261692706357,0.9188019834846074
1035,1.1526310843830663,11.46868443747146,11.575259650610008,3.802497497002124
1036,1.1550333176356558,10.18685728254148,12.252297349928327,0.9784124847346748
1037,1.1562379951352464,13.472013174890428,10.996876693554885,3.5824065103154563
1038,1.1594919082539963,11.61985877537947,10.593220356082137,1.1058879048704293
1039,1.1561231435847192,12.335922472115678,11.428510244623332,2.531644488717848
1040,1.1582254660441065,11.208303756204064,11.159745895217755,1.0312568778531113
1041,1.1571512436488018,11.773371300073789,11.386872679063703,1.2806422604824192
1042,1.1586038456219516,10.783161478194465,10.873756136064921,1.5384376621624072
1043,1.1583123892485379,11.547829582212492,10.814715619163097,1.0561947834146634
1044,1.1581913176942937,12.37148426408675,10.652537115967931,1.4158058247463077
1045,1.1574801286814147,12.320496134024443,10.920439960005364,3.988880676578501
1046,1.156906032873665,11.772587211604765,11.482921726982106,0.86785778634417
1047,1.1592928802256601,12.750125896820911,10.812282624304665,1.2941488316395435
1048,1.1582954118885989,11.077426445299801,10.939424929356322,1.7595396088411526
1049,1.1576059724265884,10.93655169095399,11.272875432506172,1.8606696286485858
1050,1.153841191979515,11.537236039254886,11.421453519665423,3.2488706018789015
1051,1.1562550160881786,12.83307712109661,11.074571544125508,1.3996598137400647
1052,1.155547915924304,12.196195157608171,10.853399357728115,0.9757713693111612
1053,1.1518194283415608,10.575763969844722,11.538869219268651,2.885091575666494
1054,1.1561628990577295,8.895455864776844,12.008092502325288,0.9623529223594063
1055,1.1565895692592205,11.492889991319153,10.980262074804754,1.3013387499458393
1056,1.1590772412283716,10.844936497054134,10.425374086010388,1.1501572798765418
1057,1.1552440656842031,12.760198012544954,10.793639001469062,1.1292450408431256
1058,1.148288759258868,10.78015035501897,12.408039641394579,1.2986451547924773
1059,1.1449479393814048,10.901188115630925,12.270835235630281,1.4206844070296734
1060,1.148445307414666,11.373670627468407,10.48775938405036,1.1649447289552852
1061,1.14805912792754,10.481082111333281,11.292061268736854,1.885711930394107
1062,1.148563420985462,9.302832293664954,11.028405490333041,1.2399604432657774
1063,1.1616661252501415,10.776465212911544,11.330547932843334,1.5354343442370506
1100,1.2015914345902403,8.829319111450909,9.632325356801552,3.6371327922029537
1101,1.1919907282798816,10.212723045803294,9.457657198949738,3.7686174976231204
1102,1.1852961898198078,8.75771001612147,10.946605563518256,2.379215159596456
1103,1.1847397229846532,8.060206265571553,10.498526946798824,1.43512166758856
1104,1.1907334534062164,11.28001310485915,9.853489964309754,3.9407965567613568
1105,1.1855019747324373,8.585378961639902,11.385356067794012,1.2746014258429748
1106,1.1912803821060272,9.956154991325034,10.442379371466167,1.639548891109683
1107,1.199770289607138,11.141980153957396,9.924604427638702,2.3237487767994596
1108,1.1944384258548397,7.742621040153139,12.477185972227993,1.1438343928029466
1109,1.212522362413984,12.471197411393357,10.332871773237503,2.7195900733082627
1110,1.2277958542696454,8.825771065522279,10.430097234725595,2.2131885638362268
1111,1.275676551325253,10.307654204285955,10.813582181167645,3.3985566368068394
1112,1.4094874680267426,7.5071076411417135,13.271885599787549,5.181434210505542
1124,1.329230642322747,7.773755768792318,12.96951927242532,5.356738771815661
1125,1.2371072781296482,10.537127110872541,10.565589411923986,2.851310269309735
1126,1.2085770735044337,11.03886278004157,10.112117720222487,1.7484395714362444
1127,1.1898931570961602,12.193670851820533,10.875173633189178,1.7671893653250181
1128,1.1860580354703247,10.447548801893229,9.914123761955574,1.7278079092397143
1129,1.1759774013152762,9.842883264193528,10.776886783101324,4.891137335804033
1130,1.1710279701146993,12.221467006578697,10.586160794489961,1.1856467460120528
1133,1.1618886953656533,10.317603178106399,10.823921336982417,4.996779859828269
1134,1.1630876266365267,11.440003562162186,10.936644613704841,1.4364515110755243
1135,1.1617444774658658,11.700515022613354,10.677488254521913,4.335495816796485
1136,1.1603070256599715,10.417982833395193,12.273734250125049,1.1129109442451035
1137,1.1665793219295568,13.306748154502671,10.742289947199259,3.3426160169419035
1138,1.167300884912855,11.883132552061559,10.13997095859155,2.4761723118173027
1139,1.1638482834769623,12.575506317188378,11.491040129375016,2.8191579733349976
1140,1.1667908052274918,11.428234593381916,10.932487202265127,1.4052723016407191
1141,1.1637888052899938,11.622390869350681,11.123859545894042,0.9668681111865174
1142,1.166351311475765,11.030588908660377,10.631750355610901,2.3759038493352675
1143,1.1643484263881683,11.864282394607987,10.71790027955019,1.0071208729553014
1144,1.1663801814939783,12.580775861008716,10.332925638689389,1.4810060828549767
1145,1.1642915165549306,12.976884494135785,10.778559660589567,6.801565822803914
1146,1.1637587996911032,12.434998834054179,11.07306819873081,1.0402372796823496
1147,1.167695108743101,12.776448552733308,10.936488363827815,1.3093163007190163
1148,1.1644907222429972,11.818091548271001,10.574321243230036,1.4419146084530667
1149,1.165114976902623,10.845639876403714,11.085208599699614,2.051074607780942
1150,1.1639832782119919,11.966632396734207,10.676526797643707,4.865942973234677
1151,1.1635213527731947,13.29733663167494,10.82585403621978,2.1077716272197415
1152,1.1657720778333232,12.384581939735861,10.399711412101492,1.8462285660516558
1153,1.1568827625482463,11.05076945467896,11.711957936053496,3.0845394747799006
1154,1.165068338399146,9.22998387154002,11.62745401966357,0.884425816525706
1155,1.163207385938984,11.809089383276131,11.051352650838053,1.6275266095254926
1156,1.1632859395573198,11.427918297501428,10.5565855607834,1.9926945428820337
1157,1.1621508601189217,12.684631262062895,10.642557831711335,2.383956962143229
1158,1.1578917179177861,10.83527132695008,12.076663480537148,1.7430366724686184
1159,1.154510800894508,11.042986096657293,12.101620881862779,1.1277468315584058
1160,1.1585027701121668,11.236401854338562,9.780260078456196,1.1524020270046407
1161,1.1562866614429403,10.73182450720317,11.075863503924428,1.3967615727731881
1162,1.1565384882919696,9.394064555090031,11.032082079237414,1.8060753086001744
1163,1.1698673261557648,10.739983501000339,10.887135932651752,1.06270127212264
1200,1.1973171029516396,7.5240210547609605,9.960951600418726,2.444205927490444
1201,1.1853163725795208,8.887832969833287,9.976926407411504,2.7192269375796716
1202,1.1802888171480743,7.142307156266025,10.747295530687985,1.6186693459484316
1203,1.181506628253759,6.458463833410964,10.72800533874683,1.9235835038561837
1204,1.1849053571691859,9.625130077783393,10.12240231536439,4.187287794161463
1205,1.1807723027440196,7.0747221747094065,11.35550136602707,1.20759259139506
1206,1.1861111849307686,8.411750543521308,10.92878318120281,1.5644336274414965
1207,1.1917258229394,9.54726720689232,10.29515681062425,1.4569245015412247
1208,1.188613807555731,6.208852103454552,12.507391755525168,1.6787083395744087
1209,1.2035064117296768,11.001836035712444,10.919575378994564,2.1684687646878
1210,1.2201857904493665,7.279370482653088,10.560697184958016,1.6897246258163137
1211,1.2512789991271274,9.012216034685645,10.464179335056727,2.7300996812509006
1212,1.3338755519139818,6.593858587985411,10.501856518004848,4.752646420016889
1213,1.439411730100619,8.521382378332152,11.903780426660475,4.469149802993659
1214,1.5910745696155904,10.343078099040621,15.338623377602078,2.4131160303540407
1224,1.336350754867659,5.95971637628286,12.732586889883235,4.546034792665555
1225,1.2356925926225533,9.110121788858622,10.578249111078387,2.5893925384716012
1226,1.2050346426373388,9.027927767922602,10.424783205676649,1.5322456834081801
1227,1.1870062418550846,10.572140346634482,11.074318992871781,1.1221811738378593
1228,1.1807772983486942,9.22073592299532,10.131257214202462,1.4840046122159862
1229,1.17070683658211,8.599752796177244,10.874032877911946,3.3847347717429557
1230,1.1664966300347577,11.002112070895617,11.238903612031809,1.3875833817260341
1233,1.1566878146553559,8.508646497731775,11.266592232320646,3.6224914155606855
1234,1.159267830212235,9.933709226509517,11.043212937196872,0.8881044957868226
1235,1.1594831912038335,10.082046808148156,11.487291005950484,5.461461848644356
1236,1.1590699375054478,9.16009694752099,12.482924099958954,0.7340797266208631
1237,1.1602137364218639,12.26058494999217,10.852038873477255,3.7278907582920633
1238,1.1618077632578383,10.540661516617215,10.671882426435966,1.2653647512367971
1239,1.1583780769553689,10.967358594916572,11.314297258995335,2.435884645454555
1240,1.1610553753724209,9.91631006087156,11.255956572333766,0.9567314004200831
1241,1.1595244151201656,10.331144944316629,11.22809054818629,1.491795242160177
1242,1.1621843344134324,9.443417289930133,10.820965591887807,2.183240999943754
1243,1.1576094561569408,10.428391708789471,10.991026078041022,0.9905210449202563
1244,1.1626120449667494,11.164776319381351,10.776087188928905,1.0886973118607726
1245,1.1587699268835765,11.193110888299772,11.114729878979217,5.100022677028723
1246,1.1605237736899605,10.71005506573011,11.577090694891938,0.8225076778795298
1247,1.161658155901412,11.578206862554476,10.916490916447048,1.3823635805124381
1248,1.1586646341907267,10.437562272169012,10.818613718774984,1.371674529393382
1249,1.156481459873132,9.929070277153325,11.309668023393074,1.641456255669409
1250,1.1570683911026445,10.222716674554912,11.72931241863556,4.456063790598548
1251,1.1590389605107694,11.594394603472765,10.963526299250555,2.1679186919251823
1252,1.1591392704346468,10.933623153346199,10.724913301416475,1.9377403924088314
1253,1.154257519175344,9.564357392112994,11.559992794002383,3.113005762887388
1254,1.1590062657215896,7.90284115899004,11.882249566587173,1.2806199747956746
1255,1.1570690163076636,10.407515692216949,11.065132275918,1.1005858507076125
1256,1.1589047050733827,9.881829429164952,10.783710864093885,1.612184564190912
1257,1.155012468350263,11.149079622305964,10.987933213036772,1.4394318055762187
1258,1.1509127428504415,9.602573112340538,12.407614153574718,1.3923650175195907
1259,1.1516986833050284,9.454767741145268,12.293786203020536,0.7839750103602036
1260,1.1524946985627318,9.825510212903428,10.482451646452153,0.8396465926887631
1261,1.1511084456053131,9.046254555219225,11.465937752591412,1.0532275754377822
1262,1.1536367955453803,8.156901028833337,10.787330456274915,1.9767693150128771
1263,1.1659394204867104,9.558832856949945,11.405904150921508,1.6299607047260736
1300,1.1983312126114323,9.229309179338863,9.923557052466998,2.930379404745284
1301,1.186526577966103,10.37908106538479,10.083508593364225,3.3778942050317884
1302,1.1808952933719563,8.720192092090306,11.258521084061554,1.242446699990296
1303,1.180152099207202,8.157254636190233,10.583032204353962,1.4209653692031834
1304,1.1849493656135242,11.001038625236395,10.127830633896831,2.9573221715532143
1305,1.1801654965448403,8.308985762250186,11.341262181276566,1.5575876859948101
1306,1.1832771043194759,10.01162235735219,11.075699669683717,1.5749039272758691
1307,1.1895686378589336,11.673480601450098,10.255752363366998,1.5570119894652674
1308,1.1850507631630187,7.668497504753025,12.47961342658151,1.254239689698108
1309,1.2012012868487763,12.737716878231018,10.488786262884535,1.8582705664047667
1310,1.2129516164819338,8.760014877067755,10.691732292283431,1.726109807477006
1311,1.2346445031346966,10.69976185571013,10.327956393337923,2.4012260888697288
1312,1.2742346035503587,8.668627342670693,9.696895527667456,2.4517819562896572
1313,1.3255204323342156,9.04741452603886,9.861606026863464,4.267231841470928
1314,1.3929503322984393,11.616968210556186,10.571487302567705,3.5754651025222204
1315,1.4772736429449647,10.361249280626605,10.935845688305854,2.8354357395122616
1316,1.5526261639550814,10.275512275860967,10.089838514365841,3.1083466588383173
1322,1.4893787431906707,11.263876584873806,14.56719982410486,1.8294105839049588
1323,1.386609175487087,9.62574304993594,11.31664548751586,2.7863499596659786
1324,1.2823348996383648,9.124155137067223,11.044245021819233,5.474697290976028
1325,1.2270825905133336,10.800158548828584,10.551465290284252,3.2501427321456524
1326,1.2008207833677735,11.134001189317312,10.766089072781815,1.42030084228239
1327,1.1846126372669539,12.195109588852027,11.215957447342143,1.5211829562397199
1328,1.1811108618127182,10.924578677499873,10.46438385754468,1.2125656306266015
1329,1.1689437533692986,10.205831117231748,11.149354368082548,2.9838170597675377
1330,1.1669938580482475,12.345756571267463,11.22849864105933,1.5708107209063378
1333,1.156758390216035,10.292164646276886,11.198821455779926,3.6171857389436326
1334,1.1569884714093264,11.790014619982658,11.126668445300467,1.1198030822431246
1335,1.159802394185462,11.713228196808092,11.137682605991401,3.68547965017749
1336,1.1587072575518937,10.763656027264666,12.168256084284101,1.3931883255138402
1337,1.1602979536700668,13.335861551969552,11.364711010557418,3.2647358922702443
1338,1.161169242003188,11.9990620682904,10.58589524125026,1.0629998980721445
1339,1.1587744386086603,12.3919293329345,11.696019858184558,2.384639239106949
1340,1.1600335047457029,11.269703672928568,11.215616174871727,1.30753845634274
1341,1.159413141506431,11.876360501795357,11.512371809555741,1.0721023850477729
1342,1.162728522542237,10.873288977996726,10.594495914144723,1.7096749878882247
1343,1.1583455327690126,11.949505303243285,11.085374391562869,1.0832071799190388
1344,1.162520109166773,12.694335010839888,10.554647809231852,1.2087778455950944
1345,1.1602491425256034,12.815988059722125,11.313047323018116,5.465237732354457
1346,1.1580447980856257,12.404368909294353,11.527441849447557,1.0063646501390402
1347,1.158748211748674,13.154059023050442,11.19283256779859,1.401294974500915
1348,1.1594958652303236,12.009501610470119,10.931422967235221,1.4870621877598227
1349,1.15553929515724,11.328786489900251,11.554500818137262,1.8822651079562602
1350,1.1573239468627705,11.886822021143974,11.458527340049878,4.085763649188224
1351,1.1568646008509875,13.09211769015731,11.050434185198652,1.4360421962209753
1352,1.1589149805527683,12.484240563038332,10.752712739957927,1.351229831819002
1353,1.151518768832324,10.89194551187175,12.143355635501988,2.4350077652159814
1354,1.1573028261411886,9.502872504189497,11.972178646996484,1.058596663892017
1355,1.1579107958958625,11.918983196743826,10.915211449106511,1.0394746061377158
1356,1.1599531138693946,11.276973781151563,10.722257320769897,1.4547639072497869
1357,1.1548996606346795,12.925874584959598,10.831330536978399,1.4622708252224272
1358,1.1496811686487065,11.036298849629276,12.542255375731566,1.0291559821542964
1359,1.147776888259364,11.176144298390865,12.484888044310194,1.4228223456845708
1360,1.1514894649242025,11.40946126810562,10.452793707162671,1.4322492563448561
1361,1.1503758988884536,10.81992642662402,11.635475822586587,1.4228959891329298
1362,1.154264390235813,9.845116458333292,11.010832066596848,2.580536022694223
1363,1.166280415625448,11.500282998160657,11.011610694409567,2.5171453897010707
1400,1.196861770966068,7.3499379705423795,9.470784983133068,3.849537891887018
1401,1.1876387540188573,8.769775693192981,9.445428112846,3.605011486263147
1402,1.1792599735874194,7.354223958402692,10.427160656497376,1.7900618381930602
1403,1.181894311956384,6.856134567399275,10.21465349068361,1.6446152917399348
1404,1.1836944126292028,9.790590121379376,9.58420952150089,5.075127676916983
1405,1.1809247192904886,6.8857236890858475,11.20631974206256,1.0126784047978714
1406,1.1835098482955813,8.597160436540381,10.362230310066229,1.763222707333939
1407,1.1873415326572367,10.1232245857062,9.789648378655533,1.913028688914859
1408,1.183078688228241,6.215732154779111,12.410754406914066,1.325696504989698
1409,1.1974926484750896,11.571732524975172,10.237706338020075,1.5015245162212452
1410,1.205757551684364,7.589338723991398,10.686268757215943,2.613546497290233
1411,1.2192815878590468,9.287609358713242,10.123997394599867,2.061801953834508
1412,1.2462448620340454,7.460780385751743,9.484730351418035,2.2366513761632443
1413,1.2695512517614493,8.368495734841835,9.607670800181163,3.0311062850479824
1414,1.3017873909080997,10.634078360136062,9.640737989838506,2.8883412723763047
1415,1.3372054027402356,9.400468061760753,9.079926085205168,3.1419763992241903
1416,1.3694676569410722,7.124130850431651,9.69107436423118,2.662799662738589
1417,1.3851452909236388,9.022470012605911,9.583431268737357,2.676598787246479
1418,1.3945453155826681,5.848287186325721,9.125093919099612,2.670548884489117
1419,1.3975329005087331,9.546138587305116,9.220706746515061,3.081414845341444
1420,1.3821901262524632,8.839734064602718,9.576845158076743,2.470525569568658
1421,1.3637514592304791,6.840303019721041,9.336808186542136,2.8733030120161653
1422,1.3201932667677765,8.98975538457908,10.321174991491732,2.9939095870592425
1423,1.2967052913607506,9.140100544824046,10.510160081886148,3.0103798349592226
1424,1.2447632540211981,8.154561624359928,10.525670460065477,6.69444380421197
1425,1.2168123914808138,9.639574985147272,10.034171504447595,2.8968142392106637
1426,1.19866156119136,9.990169124683495,9.765736647767907,1.8131483979135294
1427,1.185945707593024,10.84985701037091,10.461594208085739,1.5387040824917608
1428,1.1815941032269608,9.5080213876957,9.689341803760506,1.2532616719897722
1429,1.1719398727343477,8.750183451581199,10.566874222835706,4.261777289525561
1430,1.1676150061134754,11.037133764683826,10.616421422897089,1.3473887770117507
1433,1.160813885426602,8.729694254972527,10.452010668457824,4.195586331543472
1434,1.1609091951063644,9.73886211670535,10.85707887170094,1.0251731689778378
1435,1.1592982846459108,10.095415607505764,10.829897554699679,5.420596499085885
1436,1.1598755643191354,9.203760108353498,11.56499080476701,1.0706760654000338
1437,1.1641743477291808,12.287274452081284,10.450903160504199,2.7818667296982023
1438,1.1656799804409106,10.353710594458095,10.131331200785933,1.2901399981673825
1439,1.1595547333713805,11.179259204938093,10.78575328679226,3.1456285444871015
1440,1.161419811143719,9.888380349734849,10.74719033987816,0.9881647430771395
1441,1.1598128687250104,10.272521950353115,11.064104412267138,1.4101344386421728
1442,1.1622752207729137,9.298492152172042,10.450046355302453,2.040457888149102
1443,1.1594655597758865,10.329139037238246,10.758059198006853,1.117725048257979
1444,1.1626267729783617,11.17146536722965,10.008966390938918,1.367297265083423
1445,1.157483042148733,11.348959613702885,10.931565193194315,5.045784915604997
1446,1.1603820367001731,10.677485041264411,10.892994430339275,1.2246393982899957
1447,1.1611615019825419,11.728990214248832,10.339250444519424,1.9450705040418186
1448,1.161345322485429,10.331124284498031,10.792147007233194,1.1822185443701154
1449,1.1580910208049529,9.611454251191127,11.12532473701311,1.504437411463217
1450,1.157497152220217,10.679860747139443,10.925232077343997,5.31862366307573
1451,1.1569342445743622,11.827521198410805,10.761830612882504,2.447878041350956
1452,1.1595836402926274,10.858952066403326,10.193125512085757,1.3611252836477068
1453,1.15113801530264,9.478022830033169,11.594408591854526,3.0345797044559224
1454,1.1570479335041197,7.833416753023816,11.757946102032626,1.318355391141157
1455,1.15694945634683,10.255811883383107,10.633934853915688,1.0690237296960046
1456,1.1596002791309838,9.878886933196506,10.333109505149288,1.2242767354040205
1457,1.1544260939067312,11.458513516045535,10.384484501876292,1.3180536729854226
1458,1.1507136530191646,9.364435437919767,11.983100367491986,1.3617350356369025
1459,1.1492931490797875,9.530737815523057,12.072369480969314,1.5550338607660814
1460,1.152930720084698,9.70190289049012,10.0150332090051,1.1006618301245317
1461,1.150620850960229,8.943564704815953,11.020807948847544,0.9575118370032735
1462,1.1533033963685442,8.084626515606107,10.639119556585738,2.104753679473245
1463,1.1658001631378774,9.70384767032494,11.236944336950886,2.7545686113530383
1500,1.1998778705108846,7.827822197549871,9.326999205829514,4.390120334342467
1501,1.1907520160421234,9.03109323465665,9.020796633233276,3.515092127451702
1502,1.1821266894197022,7.761108137024011,10.285410889898303,2.1370463943477684
1503,1.1827034955949185,7.201243149805194,10.079587591324128,1.6807935288419853
1504,1.185224035387907,10.301445323757813,9.288153558017553,5.809367406274853
1505,1.1815947510066898,7.657763499488658,10.426900966651123,1.3922134056571198
1506,1.1858747693114597,9.044247409650536,10.048378652923596,1.8585907941466624
1507,1.1912944793516282,10.541317754491073,9.043998249347755,1.4297526551827624
1508,1.1832925093197546,6.935850614626039,12.082802509262239,1.3995526795792324
1509,1.1950854799504456,12.17978687311774,9.863152162809143,1.6262782608033097
1510,1.2028073858566704,8.120742054028502,10.008814494814732,2.490122405803422
1511,1.2109087616540521,10.027808327713485,9.676135679493482,2.1230749957324826
1512,1.2306984622838506,8.089583350035618,8.885571030027748,1.724875240217777
1513,1.2418651024040521,9.432937627856225,8.819195508517884,1.5981508855730786
1514,1.259271941320928,11.869004503373967,9.50636642370994,2.2647762399034175
1515,1.2780978932881721,10.117473749811719,9.041668252042989,2.870048116220697
1516,1.2946416830076193,8.39153449732262,9.125529221086207,2.8608070613595187
1517,1.301284029268923,10.699731154361007,9.477726690913968,2.339614506916083
1518,1.313417825135793,6.266330535113823,9.674088084702733,2.197851692906048
1519,1.311699497218779,10.008349000589373,9.30827921029578,2.0872344219728043
1520,1.3018049271527214,10.463399965892586,9.0984576975697,2.6994143099358774
1521,1.2934362216865347,8.776996578254431,9.259442811360833,2.6129105480815085
1522,1.269281019098043,9.129833813369903,9.639528655768583,2.410575985826019
1523,1.2495580001340618,10.618647750646915,9.874874008451041,2.67787916341448
1524,1.224409904029791,9.144158309519486,10.002091422339287,6.234513250112401
1525,1.2095209586324247,10.741502174359281,9.70293439717471,3.3037780308845277
1526,1.195468161386994,10.888408932267396,9.587429274320161,2.203215134828182
1527,1.1849299544503804,11.612679328327967,10.491116164360314,2.338626306576483
1528,1.1827760560322,10.34209187624152,9.38502060592923,1.4068919085235574
1529,1.1742182498038531,9.551746920902474,10.103943121807292,3.6579159405338992
1530,1.1735224967758955,11.394837423388639,9.728381418032237,1.2788869004387737
1533,1.164198820545037,9.56051925434335,10.161511315997284,5.355533175748009
1534,1.1647630397554678,10.669230207596655,10.427311820372482,1.0205155401400556
1535,1.1634238629197142,10.984401946166049,10.294751178525988,3.5738141479020524
1536,1.163690289439351,9.797478658304112,11.432318237707925,1.191842287114081
1537,1.1657956921873847,13.05502146945133,10.07515100433818,4.170380913141385
1538,1.168357906681878,11.145324974785128,9.535389841616569,1.1948401692569597
1539,1.1653070007397792,11.90522959634699,10.417965890995728,4.368398683852567
1540,1.164811793470289,10.588602279739744,9.97414815777242,1.258193508280858
1541,1.1632794108055502,11.078965380952845,10.756693335755253,1.368965150687294
1542,1.1648889603475188,10.27677409868628,9.842596646482964,1.5102572137813042
1543,1.161355023335752,11.235354045000186,10.105340580707745,1.015316316786374
1544,1.1655113877927172,11.795793706024005,9.671615246804885,1.0371374603003074
1545,1.1611102707338705,11.919983182218115,10.179651858189429,9.550732664719998
1546,1.161097891416911,11.520592913419144,10.8204963850864,1.0122078858105312
1547,1.1632142081764212,12.344298972105324,10.054667036390855,1.7085690454631208
1548,1.1625725500594857,10.804009315018057,10.357081807861302,1.1718252147006636
1549,1.1604499734874327,10.408893064507566,10.674966816967395,1.8312272877647926
1550,1.1596849082065144,11.013848943035253,10.424975239521409,5.391375143414138
1551,1.1598934069608469,12.442364712452562,10.005403622720484,1.8638197190900399
1552,1.15936946759272,11.393188431548824,10.109414417137014,1.0275083917430163
1553,1.1544081275570286,10.008089295470329,10.970254228976385,3.6110640813209907
1554,1.160742087148709,8.323611811104403,11.239955353082117,1.1713657385104783
1555,1.1593939554320534,10.891376220086164,9.941295622925212,1.20265734024263
1556,1.1609007346812297,10.247749132117196,9.762471469613354,1.1391431716810825
1557,1.156527671702011,11.832427446014274,9.874307302582718,0.9613981493390243
1558,1.1518773192858793,9.973368531558434,11.71741568769541,2.629309756749124
1559,1.151835394247557,10.02197900421589,11.658485138713678,1.5796838896922498
1560,1.1556128705420525,10.490849356798348,9.2627218765389,1.4722077490090288
1561,1.1516920983621748,9.65956098238001,10.913013363036804,1.2969138519369505
1562,1.1549610523212317,8.430188771124795,10.245620104493167,1.5701176560556191
1563,1.165267210087655,9.91773294106267,11.005536410851361,1.1482388217631496
1600,1.1929796052497472,10.585069407349646,10.369138081384294,2.6323548862578225
1601,1.1835566182848491,11.65645286175361,10.364175622405437,2.6455894928504917
1602,1.1751487436861476,9.91853694390712,11.582602684301692,1.3853604339889751
1603,1.175749840851774,9.44683452100961,11.128109130127529,1.3575568552524222
1604,1.1784616988902987,12.212623299504198,10.586533140766896,5.897412445607759
1605,1.172892934084394,9.78166292061917,11.777845245873394,1.0031925003410302
1606,1.1784738858342394,11.279720388423932,10.954853114314083,2.3605489190149944
1607,1.1829244611612233,12.368819066415977,10.297478760588762,1.5217821754904939
1608,1.1744685648623074,9.3865482850906,12.748560034205052,1.2322588620526633
1609,1.1881256785247711,14.187779451405254,10.997104417227924,1.8721449197383668
1610,1.1908442877380105,10.220895654303911,10.939589682354546,1.9115153350146212
1611,1.1944853566562403,12.573123946675343,10.752701784230371,1.2127711835603052
1612,1.2102852954580865,10.145067273569735,10.48400409274726,1.5422538687514868
1613,1.2159089653682726,11.217337305669384,10.038627535150724,1.39733212033693
1614,1.2241914186179046,13.48525757817411,10.672509370377995,1.431165580172518
1615,1.2393660087435738,12.265426973093923,9.949157713249178,1.7740761832667888
1616,1.246555112864926,10.435736134124452,10.188413318491028,1.6686418703366506
1617,1.2498028114693678,12.443841738131221,10.78898364851307,2.6881342437743077
1618,1.254506182048472,8.463417538192052,10.595590652797727,1.4506529807672406
1619,1.2533850113218614,12.34450250806767,10.633292401942583,2.129516432507206
1620,1.2493077961332932,12.118513097236148,10.551216207622236,1.900291852810019
1621,1.2459857596304824,11.002416599792177,10.199716336782643,1.3931692504769106
1622,1.2316304947408636,10.742738352884036,10.660762171988226,1.9282683969131804
1623,1.2173498045347866,12.165564131413033,10.845109822426824,1.6602189064713293
1624,1.2014651441615263,11.235066492456438,11.139311668752827,5.182274879675688
1625,1.1946751940519371,12.371851167809929,10.9253211262229,2.106489886996323
1626,1.18812578134275,12.716464472602464,10.790966938573492,1.3409463518117999
1627,1.1769761542052237,13.869877896101858,11.356911188198138,1.3063822637524496
1628,1.1757133274538976,12.472029989973768,10.731237098588307,1.167851468768577
1629,1.166917577241596,11.77274987900871,11.617586796501396,2.5733921739768473
1630,1.1647963555740772,13.9177207815354,11.240666994455196,0.9366703991178211
1633,1.1584147399349571,11.595412265942198,11.453831661949652,3.569081013719038
1634,1.1569797177914876,13.091445017225858,11.541137452672224,0.8176059079730362
1635,1.1606982509237131,13.048869366384778,11.604674907163604,3.952172876863475
1636,1.1568125293652152,11.814850402534251,12.677348702460385,1.143422602120459
1637,1.1605013701358986,14.861218031641537,11.278463692458784,2.626768778044973
1638,1.161771114837688,13.449782565781849,10.707474518378238,1.4961771751422444
1639,1.1573297969960172,13.63691702578417,11.989174416456896,3.0395828189718404
1640,1.1583629175304775,12.85630665600368,11.809672956171715,1.201924082356576
1641,1.1584879043486425,12.982995049400758,11.804424375483412,1.3800736213050666
1642,1.1604939207425529,12.050459841767854,10.928628763081104,1.8540192862949805
1643,1.157866792985612,13.211752427640436,11.458374369112311,1.3684842379921707
1644,1.1602190464258968,14.03852235070331,10.86784902746956,1.024861063799385
1645,1.1570788118171529,14.057515594971415,11.37302364582327,5.145240264503201
1646,1.154812554925555,13.73241196845729,11.770529663684421,0.9870297836260241
1647,1.1569050269684638,14.572067031919525,11.177278412862098,1.5917967796848755
1648,1.1564270607170488,13.056071538045838,11.583924532911928,1.355423120182857
1649,1.1547787872262034,12.408018654823536,11.852805907050007,1.6736528539499518
1650,1.1541655180728747,13.072804136484391,11.507597934483877,3.750926307714498
1651,1.1531293411658439,14.663767222130586,11.390449723725366,1.9691547672871879
1652,1.15468196792523,13.5220318566116,11.136302110367007,0.8593962159444157
1653,1.1485139176648473,12.1908809453978,12.402634341391051,1.737430537214767
1654,1.1521259076598365,10.684604776740592,12.237857812264371,1.2324880799639568
1655,1.1534609556437265,13.020314227951072,11.464110377592483,1.1898919641391248
1656,1.153228615281499,12.544661142420813,11.403523218009736,1.2211089844541843
1657,1.148263998185507,14.355683071155488,11.3082197353032,1.2232486870912052
1658,1.1465592660381319,12.233172510000482,12.644508162085861,1.19204580045955
1659,1.1448640733603186,12.49883997118604,12.500521055245368,1.0938629713731596
1660,1.1490679701461723,12.90178728226093,10.661931953020137,1.394557210462045
1661,1.1472925402795326,12.182384177577939,11.73899944107363,0.8796251501315385
1662,1.149885644089057,11.109649078706191,11.205363908623099,2.05338640111795
1663,1.163340971740195,13.084320071002367,11.618742713733726,1.0034717800285426
1700,1.1999712001974663,7.263514354257135,10.294054757468395,2.990545269666308
1701,1.1892361561889755,8.770206551882092,9.802092271119076,3.881329181632507
1702,1.182481321409955,7.117165862915722,11.241043657553123,1.3316669106064056
1703,1.1811244193135189,6.488745222228763,11.103741160246752,1.694187997509048
1704,1.1832456520630863,9.383851443419317,10.491583794272145,4.757156065453568
1705,1.1779374076047204,6.964200227287476,11.542214730378912,1.2556904252175647
1706,1.1817040643823213,8.456620100288871,10.775993935891268,1.4195026919492746
1707,1.1843817812571187,10.052700267454377,10.49109515838483,1.2724813517829867
1708,1.1799430622652518,5.8975768339949735,12.921223929594674,1.6086122763863249
1709,1.18915910378761,11.293913317810862,10.88985417312053,1.6392789359797293
1710,1.1928210818866976,7.403338050589054,10.92590024025554,1.632854049207603
1711,1.1945221479681865,9.313612589645576,10.817348662667849,1.074007748376987
1712,1.2058256305988417,7.497053928247558,10.049122797349824,1.880838371824238
1713,1.207238136485526,8.67143140918222,10.135710596692109,1.292279158090799
1714,1.212201470326931,11.180687491152286,10.64776754698698,1.7531835099024224
1715,1.2195595362711336,9.822586671253946,10.270110993132425,2.2219070297034924
1716,1.2281737604111793,7.85626209007706,10.28555402479318,2.0339921960380662
1717,1.2271977400722585,10.121089917379038,10.841615553227946,2.926595128219132
1718,1.2302319469628,5.968017725955813,10.848499499777464,1.565218592269088
1719,1.2305292110799664,10.108832475120275,10.675827525411817,1.814141248062441
1720,1.2261787508711661,9.953646408362573,10.541142153355034,1.864481757546665
1721,1.2242496606995956,8.204717177084753,10.710071025328071,1.9798504984308896
1722,1.216167900686144,7.783346140409806,10.700882593023023,2.0475794411860537
1723,1.2080416996546324,9.87122462597919,10.866426305086973,0.7870775919247581
1724,1.1966499338289682,8.526518656615826,11.005795229597238,5.547861770787244
1725,1.1933562810692548,9.767510734855572,10.8256098424585,2.3100968913335227
1726,1.1877185177242533,9.911272913839447,10.758505357826733,1.2118917904613928
1727,1.1784145360251363,11.154151416292189,11.056791040736348,1.1875121303338552
1728,1.180000580344932,9.340441967895229,10.552376058557783,1.0862508034928895
1729,1.1739094684049882,8.32146801263776,11.063660877519569,2.927249357401868
1730,1.1725330818081035,10.579693847080813,11.17992492565173,0.866661607746919
1733,1.1637465573798451,8.81851516401482,11.167565995850198,3.889701465305871
1734,1.165442980869781,9.89122791216306,11.347823437224676,1.123959661008767
1735,1.1641598331861402,9.968150255142929,11.653351053093676,4.239025975852717
1736,1.1634297245450815,9.062505888237737,12.093941921451158,1.0525142770560287
1737,1.167902863331991,11.614530730482745,11.19231354619617,2.7616703924671886
1738,1.1682212568040213,10.144438990830169,10.59448054049545,1.3613556220539926
1739,1.1635656689282663,11.117391818950537,11.683318290017231,3.48367707946426
1740,1.1650690426196932,9.435611595368053,11.167024070159501,1.4244459800117957
1741,1.162869844571033,10.12293259856446,11.75612115170162,1.29277529717509
1742,1.1655780204725656,9.099732275018463,11.122019796699881,1.8317417190398286
1743,1.1607304321160425,10.233939471372793,11.374747289817968,2.0770377524882955
1744,1.16573245251653,11.022843810829869,10.750378236752768,1.8073082295752396
1745,1.1619464163363638,10.981981786548127,10.965825779847261,5.9167829547467345
1746,1.1626661704822887,10.643358494653548,11.543767557714695,1.350876900739312
1747,1.162534331781543,11.396008548456283,11.245430498927428,1.7143731046780835
1748,1.1617985218417501,10.136668693219983,11.552516267052876,1.2527637728482108
1749,1.1598495544352332,9.60169440736033,11.730550798912994,1.8407080603480923
1750,1.1585821652020332,10.206246432078702,11.601071534985975,5.661816370215455
1751,1.1567010276179899,11.306143389544559,11.468499366474935,1.8863889322890175
1752,1.158837944816126,10.648639409731322,10.980013455859039,1.5560791227327224
1753,1.1507231812345866,9.316976854935893,12.031756007176835,2.7881661310666104
1754,1.158491222618402,7.786691662081952,11.93517912899266,1.0639083654258659
1755,1.1580686436551335,10.052895314360741,11.187827602402539,0.9465809029622515
1756,1.1579299716410367,9.62224381410429,11.069808943919714,1.5446629432064234
1757,1.1543075274449592,11.146216782235486,11.169765055246993,1.4283416653623693
1758,1.1533969475790962,9.170011193489993,12.645985448705908,1.189261133320455
1759,1.149119502975617,9.595218129472084,12.552750215545007,1.079090278136506
1760,1.1557297346873208,9.242388608717334,10.58780748185093,2.009716043132057
1761,1.1526397214859758,8.863974742336852,11.504866710173575,1.127218458786753
1762,1.1557567862096125,7.830862964167055,11.260926254549716,1.5799430473155627
1763,1.1685757248147652,9.835648707077533,11.413306822262312,1.5845740495735463
1800,1.197470340625447,6.6209857854980605,9.63825329022343,3.1119825266433523
1801,1.1886981831614252,7.5876979839302985,9.656724992287419,4.018625802236183
1802,1.1799420378130274,6.52289296222722,11.004012520225213,1.5374803546323403
1803,1.1799494779588267,5.9509825950314585,10.324275191602414,1.4403704760324603
1804,1.1831188175195995,9.124200408620565,9.65595797162813,4.93561522511246
1805,1.17908468405664,6.131835535390204,11.166394194383603,1.1904959323500321
1806,1.1815086052248147,7.601793969669587,10.673248124349975,1.687110920973523
1807,1.1839347135069591,9.275364194202785,10.188890011062615,1.244464950478899
1808,1.1767176496891785,5.515402299954605,12.48852362018848,1.1633997609077944
1809,1.1848012006635582,10.684957018233135,10.707229982381294,1.3978034448989434
1810,1.1866139946340442,6.9164215372574445,10.597104159369678,1.6071720770814701
1811,1.1887075006605639,8.862918454933672,10.505886365476451,1.606807781925955
1812,1.1996514598661774,6.790577404273766,9.921925235524938,1.5485397715493774
1813,1.1991939245204792,8.132980533221986,9.728167148950106,1.5073171024764402
1814,1.2001796038093486,10.668461358061661,10.277623091456542,1.8384700142000217
1815,1.206424083307152,9.540131181667695,9.648599737407245,1.4673197017796753
1816,1.2100477880234954,7.433805576414583,9.817555378264773,2.1377407682517386
1817,1.2092088705331079,9.928824376536873,10.494085772176978,4.3915893842716915
1818,1.2113006628245446,5.652222274038067,10.242579513311046,1.3633167647052862
1819,1.2133680779635578,9.734016100664235,10.563994734920515,1.6171944503807436
1820,1.21001365902527,9.41745781843407,10.274899220308097,2.1971930365600927
1821,1.211190005756541,7.939941810140003,10.193638098917456,1.755384968283328
1822,1.2040095274069826,7.496714235584764,10.005114795455384,1.375498309483374
1823,1.1987155494677146,9.057181819338629,10.534300256048912,1.1838680473411443
1824,1.1905561416110524,7.737495349015801,10.711793340438097,5.837603231570804
1825,1.1878326736633325,9.358679161521337,10.667862996971508,2.2030031575390234
1826,1.1877440207186323,9.313798321645324,10.127211200486613,1.2757652767226777
1827,1.1791754605126152,10.47421233872648,10.736218517476699,1.3412569985919145
1828,1.1805818041728962,8.623046549776099,10.25379442900879,1.2850415976391
1829,1.1744376664284708,8.037235736146668,10.928202548111845,2.3517457877495276
1830,1.1733416257742566,10.169340167617541,11.075759535884847,1.153079747437076
1833,1.1647713928132704,8.102565169617368,10.73753927038593,3.7142987811457857
1834,1.1672875983452886,9.276780273569376,10.906500608547011,1.073622560887573
1835,1.1701830275171916,9.473658349216356,10.847178914589717,5.093594962879343
1836,1.1632745700377358,8.218930842442685,12.046576005688102,0.9381512448145447
1837,1.1665312362200162,11.582714707687119,10.738005546492046,3.639599469472284
1838,1.1711402954621424,9.700783705944277,10.063862310956319,1.1221156496251403
1839,1.1654972035070295,10.040560502083965,11.071760236464861,2.7075541784626074
1840,1.1659876806724807,9.011515369238015,11.027704855486327,1.2947830689304531
1841,1.1625759612368198,9.294446534966246,11.268308547956568,1.0659489530391877
1842,1.1677380817067862,8.609748499197735,9.995702683916857,2.2630666153663817
1843,1.1607762111120088,9.649135693295113,10.60337947442532,1.1237430848049546
1844,1.16539246267699,10.163196541871917,10.468477276398646,0.9892182106020067
1845,1.1602312205795704,10.379016503767739,11.015847215592549,4.650638564419123
1846,1.163372067748932,9.713900062727673,11.028702305548691,1.517337785288679
1847,1.1642695230227886,10.519898385124524,10.941504839684821,1.7000129894329372
1848,1.1607686908570145,9.317096753016338,10.85161298780675,0.9688305239683616
1849,1.1598043471532082,8.81386075338793,11.155356933608829,2.0426382575376865
1850,1.1590772744220466,9.548365097001525,10.965724506242031,4.767223975365196
1851,1.1593567244570837,10.815930295400396,10.722281040687541,2.329526602880135
1852,1.157881049772644,9.983756000237197,10.603489590863452,1.2312881125620607
1853,1.1515330961573649,8.46076139173215,11.810140590600183,2.7645070344579943
1854,1.1585031214978203,6.858222997569229,11.723516190904574,1.0473542461242487
1855,1.157304403555141,9.294926879187566,11.04643793085794,0.978745812497607
1856,1.1574575304931403,8.767940678105607,10.470624459046233,1.337786396416363
1857,1.1544044485275733,10.314044307278671,10.819943903916517,1.4713384733194483
1858,1.1493732401755161,8.63345043087605,12.34874419278398,0.9955400024935471
1859,1.1490561036804212,8.585943262454629,12.169819421010278,1.184337936003586
1860,1.1534802699998206,8.616146201742982,10.284568732267378,1.9439748908977204
1861,1.1541314547850408,8.35914912014247,11.125662703506876,0.9503172411386371
1862,1.1548894033529646,7.217152883712028,10.764727057661869,1.3808793321680994
1863,1.1667351952142184,9.17850002561877,11.100348032546105,1.8776551364595941
1900,1.198281873892461,8.945002342158258,9.571758022771872,3.879525220617874
1901,1.1895664666980914,10.226989552573096,9.315255443695964,3.8277399495776043
1902,1.1814281389236585,8.526948196073198,10.562313175750733,1.2070849530858714
1903,1.183034224763497,8.031314439469996,10.19364153456683,1.4465062965642412
1904,1.1858754001725476,11.19236180436276,9.309574663213208,5.026170537805404
1905,1.1781578727655655,8.404151036121737,11.129094189127079,1.094060514696419
1906,1.1815400841497183,10.127009977075183,10.12560192479525,1.330963211980069
1907,1.1844888067606192,11.338190159066954,9.823128927066916,1.491085789349728
1908,1.1771723630627589,7.9358055296210726,12.076308822092523,1.327398547102635
1909,1.186871226593383,12.771406742667413,10.240645849786903,1.5661947426194223
1910,1.1876066364887226,9.124296495829887,10.215720087149721,1.6598913495840288
1911,1.1910703057901133,10.991282184941332,10.04802248526894,2.1114802690219614
1912,1.1953889651369005,9.184587822464998,9.80338968041103,1.3990901411677656
1913,1.196478177612326,10.220331226769071,9.51941455316704,1.4262722105711205
1914,1.1961205770867431,13.121055550763204,9.88158047699241,2.153049335985346
1915,1.2001787161973188,11.910480925218526,9.502590021459024,1.422928789256801
1916,1.2034106082848128,9.948557876589101,9.995471598468441,1.839513787912942
1917,1.1995684540314013,12.716841165504524,10.174049361893838,6.59830052561555
1918,1.2022790291843612,8.282974873129874,10.188309608369565,1.1194536982729162
1919,1.2046805558304956,11.995394353548193,9.992461463233756,2.302200238900758
1920,1.2023425927530984,11.493133948950513,10.056153772833168,2.4155154839625226
1921,1.2020818326930258,10.388474958140797,9.990766593621018,2.288532803613533
1922,1.198978753603873,9.90860248524685,10.071926180395966,1.2249755361538524
1923,1.1964814940378223,11.450404914377149,10.264443948192497,1.7380213691337727
1924,1.1887248649798678,10.447772518093675,10.738238849648486,6.350281151169723
1925,1.1876885750672939,11.621267069855934,10.396463915449893,3.681829936090162
1926,1.1847012905847774,11.874064984739391,10.241987051224863,1.1784453814244857
1927,1.1826555701379684,12.649476868968277,10.528655396494257,1.4281011310036045
1928,1.1871180772827585,11.221480294065799,9.686741254684303,1.4925295475883955
1929,1.17697950502278,10.43096541831505,10.49560961252787,3.7722226399676506
1930,1.1752074531078485,12.75912864069758,10.571007885348312,1.1446672242421532
1933,1.169736672227,10.58594827870372,10.381112564381832,4.173498456076893
1934,1.1701414519668807,12.060481660220349,10.42204539686888,1.1403501883875673
1935,1.1709954960164388,11.79988751270613,10.573823907484423,4.83779847952219
1936,1.1669936709385016,10.93436839948181,11.546073798087427,1.4356340161965209
1937,1.1706432395365105,13.7708585096698,10.448096308946528,3.6585032826208406
1938,1.1720599195538062,12.255745790576018,10.030004622858588,1.220236055491373
1939,1.1683404870846108,12.781403381113549,10.756661569152781,3.1946610453715127
1940,1.1702851254976772,11.596907618487096,10.425576370555065,1.0399625034256208
1941,1.167558858280696,11.947832173252111,11.093370383516204,1.5158945297703532
1942,1.169632646533959,10.837992712928019,10.4254383623756,1.3808400840320716
1943,1.164970522777384,12.023755712424373,10.586799828101896,1.084934637515985
1944,1.1684896850404023,12.739620999727304,10.106432930348562,1.854393485503452
1945,1.1633439083046206,12.662555377130264,11.054524830284846,6.779372124206692
1946,1.1620675075124973,12.672847362032739,10.853005898454311,0.894096451221909
1947,1.166368161064958,13.021688555294395,10.306822201260358,2.205045029822137
1948,1.1637004830704791,11.873980500355945,10.564603069665376,1.3497591368909834
1949,1.1618904351392412,11.287247219050931,10.845891719680306,2.5858561954233723
1950,1.1611723210508356,12.025827983377878,10.665705371169375,6.02006227379355
1951,1.1617263176528136,13.185293755469706,10.616283563045346,2.2441135488134227
1952,1.1599765507943995,12.2691323343572,10.245898887872992,1.822652481581746
1953,1.1545325594313356,11.104979597460597,11.469936456135352,2.732806630601922
1954,1.1600369841357248,9.387612075978474,11.251180144894734,1.1257770834672147
1955,1.1590055718905803,11.668593112170656,10.748462240053213,0.8325876053847273
1956,1.1616790914127642,11.144732546827017,10.277269497673393,1.5303019253356684
1957,1.156624558588201,12.616389360156587,10.38713608980737,1.2960370732707363
1958,1.1513273225729814,11.091959137674024,11.917335376831739,1.4409205415166213
1959,1.153570068005184,10.815403059794308,11.678758029085001,1.3410531364245448
1960,1.1565218777440165,11.30729406851304,9.771888857668245,1.4613920748232487
1961,1.1573248516254824,10.029928545501392,11.053607582525308,1.5992912188422888
1962,1.157396460593894,9.934501351753436,10.429211049994917,1.7977846340970638
1963,1.1693860537938296,11.344193793491108,10.81689683370545,1.1669442571580373
2000,1.1951347207065541,6.78036082706131,9.73513206377894,3.8580106076879193
2001,1.184707907620347,8.475587858700234,9.731767835406831,3.089584462211992
2002,1.176081860030287,6.875107242396273,11.068247941194684,1.1338690479391038
2003,1.176449228827405,6.217641680681689,10.696084150578743,2.275358613078502
2004,1.1803233070620274,9.525051250613416,10.179366527554134,5.657963203004638
2005,1.1751437240098233,6.906976282605778,11.408744314038506,1.289040615970388
2006,1.17713073012715,8.2428761353806,10.739180647148684,1.1445733010667962
2007,1.1790273861116258,9.903884030319695,10.187906441714034,1.3825685818358584
2008,1.171701089657513,5.9869917137878685,13.108823242275035,1.610922251674497
2009,1.180377746621153,11.049437052202878,10.57273035315619,1.455412419451924
2010,1.1853465300593315,7.218567594935229,10.724123477787302,1.933867542630208
2011,1.1849889814508257,9.455233514002083,10.58304906584455,1.4790584290706643
2012,1.1895988942311413,7.359482218314508,9.95095052944259,1.4820092512726721
2013,1.1900546025854049,8.824043516116612,9.984464587356957,1.2882706602124725
2014,1.1892945024462087,11.13062405520644,10.295552419847576,1.8778975068395207
2015,1.1920712517565744,10.152788726154997,9.721766074084828,1.165274827996869
2016,1.1921833423684374,8.315465197230441,10.217763274786805,2.497240829972742
2017,1.188968637207267,10.873283074432925,10.906511605139812,5.393426829655221
2018,1.1923540555640966,6.710558287278814,10.722909864005285,1.092116907976367
2019,1.1934271280030464,10.302508954818524,10.693463343764726,2.6571257932443832
2020,1.1925820541448366,9.937140088926446,10.614755321512913,2.5564100415402446
2021,1.1932932179418012,9.1183251871237,10.14616109079777,2.680370634297885
2022,1.190386376221017,8.254328796139529,10.626333075001998,1.5066760609511622
2023,1.1872108801803922,9.734132642084383,10.733168488659933,1.6324759192206004
2024,1.183882071450927,8.392886948646986,10.954192684711337,7.220273353961191
2025,1.1845429789334205,9.744307727760722,10.68834790262408,3.1112536247621287
2026,1.183112456166834,10.234202929695561,10.352187947248394,1.4044722668699374
2027,1.178816736869652,10.91978156420745,10.881496606295983,1.5383615819026302
2028,1.1811002664901384,9.228670343112336,10.01098788518204,1.478565037250298
2029,1.1723465605759031,8.847778228791084,10.718085612623463,4.139867590245994
2030,1.1730203979466352,11.096522590651936,10.717426552957079,1.8068257523844211
2033,1.1652543895239968,8.845944099615638,10.754897100558043,4.0178029888106295
2034,1.1680984781444759,9.920760973242096,10.77104745088569,1.4200852279565366
2035,1.1681229225804461,10.327875953968345,10.854800087990501,3.9831043086208457
2036,1.165999809920408,8.94160338906531,11.947934110277718,1.019200112022508
2037,1.169179419873285,11.819025101586142,10.90563388990769,4.35918054317248
2038,1.1722666021747008,10.240736268686964,10.3621578016931,1.2275319814878172
2039,1.1654233823816473,10.883503863047343,11.136008456786879,3.9453396571648107
2040,1.167362904937437,9.792554281471125,11.060788341018162,1.0684135558126182
2041,1.1669002851867256,9.930316829469794,11.391919057758404,1.3317610268467144
2042,1.169285698151222,9.271451703676565,10.601003478365053,2.2744459366167042
2043,1.1624810888864812,10.112590909722778,11.014598060126433,1.083199091751049
2044,1.166307085786124,11.053577743241227,10.495692957247618,1.4297004930421597
2045,1.162935684243273,11.051061341584376,10.989653932172432,7.797761922204307
2046,1.1601355864590013,10.57016243436437,11.36689621054915,1.6745739713169905
2047,1.1622519713029913,11.480432548601607,10.823716061130185,1.6208419964197813
2048,1.1608929939057102,10.011993069339228,11.037311924607536,1.1612324272459356
2049,1.160647638990686,9.488162519037584,10.917065645613784,1.528226473438605
2050,1.1566422845037616,10.08205000232646,11.261807208415085,5.775740119406881
2051,1.157454430451286,11.40332554326781,10.803136581452561,2.4438062186487355
2052,1.1577092715818016,10.543169244091747,10.51929689061063,1.3553919051716279
2053,1.1505155931044369,9.16500551438036,11.96541831002675,2.7318689580786146
2054,1.1571669694346352,7.495041901263923,11.956348829532905,1.2386869961673763
2055,1.1580154471093154,10.177041450259486,10.69489281329327,1.7862690741847456
2056,1.1573877215507316,9.546185867268338,10.59806518332241,1.1561604105513779
2057,1.1532673482470635,10.874017389434972,10.798037849723398,0.8522589040311274
2058,1.1503780974906856,9.019764778431373,12.539746218249386,1.4853649410689311
2059,1.1509423615156449,9.231219537689544,12.218490628082764,1.3240497634813766
2060,1.1546970245569108,9.205070439519337,9.969287937640345,1.6464422830480718
2061,1.1527532556656788,8.807222009379688,10.92521279540335,1.4930646737547706
2062,1.154093127988828,7.368182876362118,11.34447851070346,1.2318614102496324
2063,1.1661777268277715,9.423802031791386,11.177996939460547,1.210257575325347
2100,1.1839726700928883,12.61833080203137,11.208618132175266,2.090946429468309
2101,1.1726716810455329,13.82270627526101,10.67811316656573,2.0365679241560763
2102,1.166054036005605,11.895809396671059,11.819354699999193,1.37459749173272
2103,1.1683912920464496,11.00695657628832,11.205484796088092,1.224320717876218
2104,1.1693158750968842,14.211946131786572,10.866574793550994,3.9309268698588213
2105,1.162686950776218,11.745341354727328,12.112223373559882,1.2962158895057405
2106,1.1690636654467113,13.001676922239893,10.925102529764548,1.5322815592822392
2107,1.1705830882514403,14.317100430375875,10.539474417875766,1.3744568198932168
2108,1.1604309909943202,10.84743325256868,12.995403854632459,1.1875651499721127
2109,1.1706044596759757,16.08970874911146,11.180440254513892,1.8502358159899053
2110,1.1698923186920824,12.055238894054758,11.579419260654435,1.253749659260734
2111,1.1736749730711915,14.012652532432474,10.979634054038486,1.524570756487159
2112,1.1780900086689239,12.271315053401727,10.373093397719089,1.2938828588656897
2113,1.175020669075687,13.583681320775858,10.73852387831447,1.7524661206472343
2114,1.174516420459182,15.830764608952911,10.97107471817508,1.159788029481733
2115,1.1763070009502095,14.813135246700892,10.476763493737478,1.1683286831165436
2116,1.1768872871399785,13.095916989845266,10.78365926414933,2.0371999959442224
2117,1.1760995126695062,15.568716877754913,11.358600950926773,3.5827668250195277
2118,1.1789641559420685,11.181425824823094,11.313244450326577,1.1295381570899834
2119,1.1807139225616494,15.167434172798657,10.677298876261995,1.8085846544376152
2120,1.1782146392515591,14.751738954095638,10.640018451275852,2.3531553625670854
2121,1.181654916507025,13.444455718691597,10.934320458590905,1.337666739546226
2122,1.1793126767192978,12.871057683336693,11.153268840644646,1.6315006638300305
2123,1.1781757547655307,14.66232315752512,10.97551155004734,1.7300617076925693
2124,1.172329858913399,13.383748325377049,11.190045358002743,4.4351009515454285
2125,1.173605985292982,14.629168240728859,10.813395026750587,1.960547673241709
2126,1.171580793430902,14.899616362726148,11.041322355549607,1.8774732027541958
2127,1.168722719002186,15.57331001707853,11.321023508335825,1.4463933502245054
2128,1.1729880178451506,13.901083699561722,10.567149314455744,1.5452866536689833
2129,1.1650281066295867,13.110381358167508,11.462638560574847,1.964844019095638
2130,1.1643693015991932,15.550588634933009,11.433735528526976,1.409779529063063
2133,1.160442192037766,13.422746524926126,11.586358646255464,2.521695607209995
2134,1.1622632879040629,14.713063622853067,11.333991224321533,1.533883488543564
2135,1.1607085774270844,14.653919427725105,12.07103522211073,2.7010294601086056
2136,1.1591904963675153,13.75378976574934,12.321147857391905,1.4729975590205846
2137,1.1630712725792685,16.727646844862136,11.179434190202867,2.4499531789300373
2138,1.1638906608672372,15.140706600938529,10.72441452114554,1.1509096090296835
2139,1.1581554287691167,15.682673473773416,12.071131566543396,2.5768604166753595
2140,1.1580856982957053,14.623864311616009,11.49204800710758,1.6879114250234168
2141,1.1559365749219315,15.411512302210962,11.971582284140409,1.081187777567162
2142,1.1604546868902974,13.975727616468012,11.147860310163058,1.1407938426884177
2143,1.1561133556382566,14.987389667644594,11.620822016195898,1.2376863355723946
2144,1.158111337598553,15.608667985498533,10.862013502737895,1.639582560956477
2145,1.1525784841628643,15.905241064770802,11.962977611821213,2.708980623630099
2146,1.1526048904634734,15.479145805781313,11.62484837772102,0.9861391115730663
2147,1.1521313232905257,16.323803268280034,11.624921397347887,1.1787995025569746
2148,1.1509186390042148,14.960224031522962,11.637114755961852,1.2539348793892995
2149,1.1508677279993813,14.190249441297414,11.778434324524707,1.172464960422318
2150,1.1495317837779828,15.209203882251492,11.819915178947747,3.085903470107393
2151,1.148928832450496,16.35973850863927,11.569109846927896,1.6301021541193046
2152,1.1491990813197845,15.721008495960769,11.383406212431575,1.3769241237318806
2153,1.1409532167868432,14.12799332214319,12.552640797912272,1.5699786241662315
2154,1.1468855507890539,12.398740438482186,12.759383236374076,1.108382177980073
2155,1.14670820200703,14.902936150193153,11.804556127827137,1.0920328829370984
2156,1.1483936161708084,14.404943612334996,11.63299357720841,1.2745657432852675
2157,1.1431178827725017,15.877517103986493,11.809886136979518,1.0667775013722318
2158,1.1397786166080268,14.224414907694822,12.987021864118693,1.3497703455044274
2159,1.1387723778750625,14.3932130704359,13.065271926753955,1.1145400725272143
2160,1.1431585547816974,14.830836524912364,11.287344142606711,1.6254827548910151
2161,1.139834221522505,14.384819545859408,12.112041096153186,0.9804999285734096
2162,1.144870004891904,13.35315041667217,12.07387899763144,1.5512537793375478
2163,1.1598925123187953,15.530066900789263,12.117164707401816,1.1436449852535253
2200,1.1915991795374539,9.642216325831772,9.722754003164056,4.334811237465809
2201,1.1834710306482816,11.138948223629855,9.466414653025211,4.039564311038332
2202,1.1746069199899758,9.570937474132037,10.747008173497202,2.0587244775257862
2203,1.1758621885216138,9.038461415974869,10.266150396866413,1.4328213646860177
2204,1.1769954497344863,12.133081509463464,9.717628484002656,5.252971187320508
2205,1.1715649308580494,9.02860581468599,11.16126540428062,1.9886589482133392
2206,1.1741381156626223,10.986717411723792,10.46509656284391,1.2326191442744416
2207,1.1768653206181106,12.41085075839435,10.284578612631355,1.2319805926041678
2208,1.1684361922625868,9.019595351921016,12.664853392898445,1.558466757261133
2209,1.1782165005422176,13.855027423565053,10.454674031000824,1.3825074824620511
2210,1.1758199884613556,10.295393608248643,10.559677008906103,2.3462432027302937
2211,1.1783069448373826,12.034616769660488,10.240570030827568,1.9138246366988583
2212,1.1840319746887986,10.262960192314,9.918365905708933,1.7375797046415133
2213,1.1812953891599354,11.391471061890234,9.888378796052141,1.1692127018482539
2214,1.1807523866660106,14.31339703300491,10.142202199100536,2.3913432434719493
2215,1.1814585787465486,12.91818677183433,9.76625638435416,1.3096478890501435
2216,1.1819932723501851,11.289237958420337,10.040267043270868,2.026338598413872
2217,1.1804777862754507,13.651515106994891,10.756602477646766,6.790741701345579
2218,1.1822864745627257,9.212627590174241,10.418685014849974,0.8973625682013493
2219,1.1855386499978042,13.465401334675791,10.07903713969141,2.54510267254276
2220,1.1826315153654217,12.718405879482454,10.336125251136501,2.0684835185210906
2221,1.1848244662199001,11.70983821728203,10.185950852654464,2.1359901982756813
2222,1.1847406245140872,10.764553119058732,10.547903517512921,1.0746402329841815
2223,1.1835663711051096,12.665550634001743,10.580546128289715,1.4516221724849554
2224,1.1789751436495755,11.39927705937509,10.587523325265686,6.963465636108225
2225,1.179471868457839,12.674103363766564,10.357404109073816,2.2961959476843377
2226,1.1793122054294065,12.838560624418486,10.670119542701407,1.2500703395483832
2227,1.1770420746259418,14.00625696546753,10.839554437317926,1.357316885977688
2228,1.183009519726739,12.274115481252268,9.71987352587772,1.3697101829528138
2229,1.1743251458539967,11.438865479041567,10.516530963037212,3.0018555115394685
2230,1.1740189628392776,13.566729040384528,10.851427012325852,1.1032261119140294
2233,1.167078355731875,11.713607378254208,10.799772876021093,5.218019833572316
2234,1.1688577185779596,12.689504055316425,10.659199648714878,1.1585025019803437
2235,1.1688473153151415,13.013101214227909,10.976227897420323,4.5805003977451495
2236,1.1688008271953754,11.859251850054324,11.852409148825709,0.8021301365567818
2237,1.172384393764871,14.753457362542232,10.563658281987387,3.631486767518793
2238,1.1725318045035003,13.107315885767296,10.210312906899027,1.6887816991780353
2239,1.1694822253389203,13.48967168169532,10.821896597428749,4.552853220178209
2240,1.1667229470651297,12.600587957394906,10.907189955116149,0.8084329498055822
2241,1.1669123259420313,12.903228463036804,11.18839038430566,1.0113885750921912
2242,1.1698824807225754,11.866483879480532,10.474910164124513,1.443973813617382
2243,1.164136764229849,12.953471007018893,10.798452964903408,0.9345876954011284
2244,1.1679136629444227,13.480072098824277,10.340548520377919,0.9916410871352807
2245,1.162545903488683,13.635807026134895,10.887222788779717,4.587300073401293
2246,1.162006338148762,13.360226276179581,11.360151152047209,1.2084855112995327
2247,1.1635402765804268,14.0394705901211,10.725886782986246,2.3799296407295927
2248,1.1617503740991493,12.87354503871085,11.153183409513264,1.0547098273026247
2249,1.1578110091370508,12.021456337422066,11.439677759457298,2.164508765972628
2250,1.1550461537480716,13.0901263023337,11.016562353240273,5.090975888613087
2251,1.156126389643111,13.89680759136968,10.94103278585476,2.6308909094017334
2252,1.1574235573577971,13.231545853951928,10.673400043086355,1.1545419024361234
2253,1.1508649259060866,11.739065527341126,11.840807119434265,3.2755953426251883
2254,1.15663268465947,10.24097693721718,11.789678934436072,1.0114211873152668
2255,1.1547612304934938,12.67853315352129,11.089018237362799,1.0824720402416594
2256,1.1553459700837159,12.263834917685228,10.58716054239863,0.9205357167050469
2257,1.1537661242737922,13.886980279016225,10.263755088500737,1.2747610445055986
2258,1.1491007802289823,11.735959987423406,12.387991593292826,1.4936155651512864
2259,1.1499546061900394,11.89241680266039,12.297513956852663,1.3570071845536855
2260,1.1537461318132778,12.072721738354298,9.834697926501903,1.9831728959609227
2261,1.1524802621840102,11.155513243969372,11.059591748536118,1.8252788473887758
2262,1.1563400407649722,10.405465229757798,10.773989721791652,0.9778565004835874
2263,1.1673527375938861,12.138732347486481,11.144663661761276,1.8514504758708659
2300,1.1870918805481456,10.439276731166434,10.173774730468464,3.804220879942746
2301,1.1767278675174921,12.099898296017226,10.080628679114797,3.0072752258812425
2302,1.1668858987090247,10.10846955674636,11.479663808202368,1.4311158635300267
2303,1.1667769146251992,9.55025351166348,10.782138064496078,0.9266695225401927
2304,1.1679507655642896,12.998970119474187,10.367776070230049,4.897646525019053
2305,1.165794619129165,10.087997319202096,11.4197880846218,0.9447423562539051
2306,1.1670611633148047,11.720516378929352,11.039233903901444,1.0849527434003183
2307,1.168421283473273,12.881589108093646,10.389122330003575,1.9265722729207304
2308,1.1604109140418222,9.175109447242402,13.001368936473218,1.085109239560198
2309,1.1690881631829093,14.643957385108148,10.919361649752096,1.3611577292941466
2310,1.1705990476050905,10.519530490686606,11.037895296104594,1.3842662057591966
2311,1.1699640916079386,12.599440504648221,10.505285445246884,1.4288569966887303
2312,1.1764128389364663,10.883633387201092,10.23896823652347,1.9318168865545466
2313,1.1727610662634245,11.76922580753272,10.497170221918793,1.1868583635228538
2314,1.1709819347143917,14.822908326103882,10.862590406239294,1.6810292931904796
2315,1.1753612311788648,13.258010984698652,10.34947135648345,1.4010064772416615
2316,1.1754405014730145,11.566239718033536,10.621135621099693,2.0877510740448146
2317,1.172277945352104,14.21301399968302,10.922662971035985,5.236692467729692
2318,1.177745159068628,9.865784173528086,10.936007025701318,1.0203601272891418
2319,1.1774293659085433,14.070374373261961,10.810703689589698,1.9258443058312091
2320,1.1756755026989651,13.504609643578965,10.327512060033298,2.555880842260235
2321,1.1780673912297481,12.01712482427137,10.579754357728227,1.6371967253945328
2322,1.1754720549768674,11.59422179005053,10.787612110590175,0.9389076751019174
2323,1.1754463449596864,13.294367462116709,10.960781854663706,1.0649531035043027
2324,1.172610212471559,12.152986197778121,11.088373068272412,5.194613039710541
2325,1.1739309996895577,13.200151336001284,10.727763610946058,3.930874003559364
2326,1.1740255970009599,13.14823145786087,10.653133411011538,1.2645807827426492
2327,1.1702445011219673,14.287255218653478,11.248187675199555,1.3181312120410056
2328,1.1758768605898078,12.772083588506659,10.385241106512444,1.3890107187164327
2329,1.1675936448480104,12.094337411339398,11.104277985489377,2.7102577603508333
2330,1.1682005281373287,14.205960053548955,11.13321795764105,0.9483302371509129
2333,1.1637906833336664,12.132791334886065,11.098367962402536,3.1232704073053976
2334,1.1654782904982652,13.235917641038482,11.377281947385201,1.212762713254637
2335,1.1649109741846628,13.446550444147324,11.327949164817918,3.957615287263803
2336,1.1611262004432046,12.626909741028255,12.08100048960451,1.0333465949873077
2337,1.1654227340859702,15.2036336460029,11.20066734357651,2.947784299697428
2338,1.1678188139310695,13.614133434850617,10.744633290237802,0.8973470953927128
2339,1.1613923337726206,14.157152879325965,11.406848699469636,2.682123711217116
2340,1.1640018293219034,13.165973149352098,11.202669858757359,0.926907158764
2341,1.1631640681483482,13.413013323815484,11.203080150843627,1.6006928079411575
2342,1.163255857103597,12.54138842517721,10.860834050457377,1.8267115020843845
2343,1.1592172371928982,13.680945578325963,11.234887429867657,1.0555507978198269
2344,1.163208388686665,14.278578928888011,10.858862845809696,1.945220941626671
2345,1.1572738329624304,14.410259839692317,11.1774825585169,5.2295842406670525
2346,1.1566637317009612,14.052077003987893,11.559000442100423,0.8744669772583585
2347,1.1568852816874011,14.951344296391298,10.860910081825145,1.308538220824907
2348,1.1572056765826075,13.506869436316297,11.120550198715216,1.449208171140863
2349,1.1537553294274845,12.885829508340398,11.642367893520193,2.0068063305265005
2350,1.1506271248355293,13.653958800189473,11.429546745397746,4.305957319312809
2351,1.1504935169179173,14.80021350520307,11.272998171251057,2.2593895071235317
2352,1.154620253427072,13.698088395245179,10.930442395457204,1.1165965196816015
2353,1.146325900079632,12.374885933555102,12.037780047590791,3.2643448296113613
2354,1.15017251969737,10.909866066094148,11.981470671533383,1.0183285709300225
2355,1.1499238291203497,13.384668343363657,11.056407818728948,0.9912626618480577
2356,1.15007238937018,12.992228110454015,10.877426032214938,0.9602278712670618
2357,1.1467392913690428,14.500448925988369,10.794453034932495,1.1181925181891579
2358,1.1441396599073104,12.329485458653442,12.340695246849108,1.334372375609686
2359,1.1426382044461847,12.7446673816742,12.607093432477114,1.3921379206951716
2360,1.147129056319712,13.190224977118033,10.233222798186778,1.7200936117137449
2361,1.1449958747622773,12.396490429475266,11.532481695702913,1.0856527912074747
2362,1.1505778096803467,11.174249758219304,11.331495402164776,1.3686443391901775
2363,1.1623368514561925,13.219183291716156,11.456308159165623,1.1693398102703334
2400,1.1893649638016406,10.761402641696812,9.658285425438514,3.2812899488868976
2401,1.1772839159486304,12.24996771103929,9.737561156919078,3.2261508275160895
2402,1.1701549466393446,10.824082031180373,10.558850100060484,1.7234966983002937
2403,1.1707344844737622,9.903837962826785,10.263414532478434,1.593721530814754
2404,1.1719628580168229,13.154196536116801,9.706207422608816,4.640530272895254
2405,1.1639338831412345,10.57693946648611,11.276215595250225,1.31729603409033
2406,1.169312476393868,11.973023610218856,10.281665287910496,1.3857995951023174
2407,1.1714494837935219,13.53446248718613,9.82349019276399,1.425881709590159
2408,1.16313571207861,9.983038598973296,12.271397568804641,1.712880964860238
2409,1.1719364839738537,15.182493600514206,10.133005092012178,1.7972703163771608
2410,1.1715378107732772,10.965027328354862,10.441932862817492,1.4547849099521737
2411,1.1736279906612461,13.296965581510573,10.074239845944646,0.842941656785698
2412,1.1786867265043954,11.042239219144097,9.762659181815906,1.516116889608097
2413,1.1754228444137784,12.504444336179832,9.753891249065866,1.1333753667627466
2414,1.174674570593311,14.985922251303919,10.422890051556758,1.575067311258846
2415,1.1771301535398446,13.91938585201047,9.544060899886412,1.4413273628835601
2416,1.178911388052867,12.003794577846417,9.690208283373979,2.471774421743852
2417,1.1748610016969647,15.045755652373542,10.303955526178644,5.206005183693389
2418,1.1759899849534527,10.616419217339475,10.481423118768836,1.3432387215861634
2419,1.1782813801469372,14.342216825193258,10.432447096764758,3.0084349263407946
2420,1.1776619845531333,14.2543650198608,10.0223096978355,1.6521267214527087
2421,1.1802548179057792,12.671186961172609,10.055984087342623,2.8174681832342428
2422,1.180052728928521,12.13945097564176,10.032884398832016,1.8576891681875638
2423,1.1792964127547778,13.714427579328866,10.134465574249939,1.4752833088943589
2424,1.1742570182382461,12.410109644336325,10.340573319574355,6.792167555390671
2425,1.179020808851001,13.621844381567492,10.248674292031458,2.686426598455353
2426,1.176200658198875,13.873122494754954,10.353474776799818,1.3457565554028812
2427,1.1738986113515169,14.905472082600111,10.630562641452874,2.0165313475300275
2428,1.1788816007686258,13.158079338731293,9.78775626233913,1.0845526585240588
2429,1.1734487963454774,12.372923315393473,10.515348936000725,2.7419024273178345
2430,1.1717560538370078,14.423861190431646,10.419961437922689,1.1639093957750226
2433,1.1671895483628822,12.91682532983286,10.470498816829586,3.3258958448297418
2434,1.1690956807101731,14.029213862721505,10.680599975981053,1.7713538455416251
2435,1.167154251487167,14.033804374760456,11.044483162536398,4.672123911667498
2436,1.1659137216574214,13.039719742222887,11.666499902353808,1.0785646088810608
2437,1.1714740746409853,15.797161734897859,10.2461453982933,3.3316527856792626
2438,1.1705178631772657,14.327487459048754,10.025030788608543,1.3340500352259148
2439,1.1661900299930168,14.890645339597206,10.992804368155975,3.0244510018600153
2440,1.1675547538158655,13.7051043207559,10.671098895421306,0.9529238654551374
2441,1.1662270297444561,13.921338698207501,10.7903822210573,1.0087673716277739
2442,1.168680820429598,13.233226655107773,10.16792421514665,1.5706710292345742
2443,1.1628680835129126,14.162056898662208,10.610995174154064,1.1131515177363744
2444,1.1665554826246907,14.915066012099345,10.213516077300893,1.0418462810721505
2445,1.1631331054266112,14.830774302589216,10.434765347354775,5.6173022248643125
2446,1.1592352146825589,14.63526271904755,11.114601127098297,0.9447126787354428
2447,1.1619076489622722,15.52341903291448,10.19026790850853,1.4365488265082222
2448,1.160328907187698,13.827509816693544,10.704750774455006,1.048233517946647
2449,1.1568077743267244,13.36860763172287,10.862359926446615,1.8554432309219957
2450,1.1567792294564259,13.779312378121551,10.915740580486093,5.152906268416526
2451,1.1561477067953252,15.06172898597746,10.562837946560139,1.7090765679870858
2452,1.156122282222615,14.246421186262053,10.308673220629874,1.71202326401713
2453,1.148634010952613,13.390918170014839,11.529532345446839,3.921551643669599
2454,1.152883886631841,11.509909411199834,11.474922924924424,0.9658964729526995
2455,1.1548014532918989,13.774190329244943,10.577402032286326,1.0735306313523674
2456,1.153294441298589,13.472506307463009,10.411477413764047,1.0717463480663594
2457,1.1521358991508257,14.656619905504867,10.762615097903087,1.2415457053430978
2458,1.145617481106483,12.888620885960384,12.07108633999151,1.1187257137230955
2459,1.1466528694817446,13.035514480070812,11.806114296796864,1.6914465775520051
2460,1.1504061029799637,13.262900917889269,10.0338034725672,1.4255950383714338
2461,1.147934065884515,12.966059517021797,11.038746171858737,2.0953891066898964
2462,1.1521728167870593,11.513256388095316,10.929188482655887,3.0218055821959067
2463,1.1645593709182793,13.253421962007273,11.054736434391861,1.8811383933822834
2500,1.1886496517132996,8.965221917326343,10.172723930206242,5.000000451350607
2501,1.1778954781214028,10.387945551432342,9.543054468837829,4.029877900267295
2502,1.1700270697690756,8.617791427580002,11.08651015173082,1.2372052701390734
2503,1.1719394775401493,7.887740238516866,10.75752303027092,1.1286963662336724
2504,1.173510634867894,11.243189891344981,10.258820158270103,4.708176682763229
2505,1.1663194855903536,8.274743676362995,11.248135451004824,1.099255669517302
2506,1.170095151193116,10.009845255039792,10.461567756263381,1.2106757757271807
2507,1.1709965748383941,11.538183660865919,10.258857330535736,1.0799013298023274
2508,1.1629416024141117,7.700538128422082,12.807222478174555,0.9647516372833358
2509,1.1705292901173532,13.0799230000205,10.51949301118959,1.5242313097778795
2510,1.1719719453860902,9.186004048335343,11.013499606553076,1.5755485179696125
2511,1.1714580706278304,11.337803919079777,10.366163558723764,1.6951413560098991
2512,1.1784561364548158,9.293863195888303,9.929064258571627,1.2078894804833353
2513,1.174094354488224,10.506562607978658,10.392506281368789,1.102865272694088
2514,1.1730470756279825,13.156530461698646,10.781960332722317,1.6285588950546446
2515,1.1754249409661213,11.975819192336486,9.91732390964869,0.9094847232566423
2516,1.176918903318922,10.001351849131991,10.193783229901161,2.3344998306889844
2517,1.1753263982196867,12.8592710592243,10.414865926840575,6.727853333980764
2518,1.1756837544855567,8.442536847805451,10.622119050955456,0.7741828299192469
2519,1.1795516125958012,12.337704525610127,10.340490960257997,2.0580935234260203
2520,1.1780260897389623,11.912381397866696,10.574427343086361,1.9247685488128599
2521,1.1807082713934896,10.742117349433416,10.22889847535565,1.7757421787410637
2522,1.1786470431811207,9.875768914472502,10.518151155520263,1.6161010897930064
2523,1.1807866965710672,11.647569594975565,10.993810844351422,1.1473770346954169
2524,1.1759506447036108,10.681062619709262,10.753873075516106,5.624840156522814
2525,1.1786238655912122,11.944412559911573,10.454150946273149,2.5368318052845455
2526,1.1774491895625983,12.065519722427286,10.323478880190246,1.110607466410433
2527,1.1734554015331031,13.046762919025218,10.962671880734083,1.3731428610888656
2528,1.1808416560583272,11.11163922610598,9.947735513356978,1.1464129729847667
2529,1.1763306908380553,10.234819292925382,10.263412661649397,3.1063766516675533
2530,1.172938177578373,12.590547094689764,10.806417709259948,1.4548641468832157
2533,1.1678010633943399,10.739448810083775,10.778109739491473,2.313446967201789
2534,1.1705334345184897,11.528088028297795,10.845645849445996,1.653692742023442
2535,1.1713759339932208,11.81523642036497,10.943723814299869,4.890931644798999
2536,1.1671106463322365,10.682582854491642,12.05076867659448,1.2355466460497269
2537,1.1695122412177303,13.825011690622466,10.842524942124152,3.310201983046857
2538,1.172783725638388,12.20610230582573,10.498444690701023,0.695110218245334
2539,1.1684075586541125,12.481308951677244,10.808536042681135,2.3729803429331486
2540,1.1693612422866082,11.443888535834049,10.813463971716665,1.3221141292959688
2541,1.1684811578617293,11.93376258420556,11.097392510646706,1.3872777221469441
2542,1.1707096971608686,10.832673645469542,10.410399835402384,1.6102972605051533
2543,1.1632755588487376,12.124554079894292,10.953160902720352,1.8653437893519933
2544,1.1662566032954205,12.891663667124657,10.703479836323522,0.9840433582527164
2545,1.1631025732272355,12.912883129368511,11.099737905365526,5.896685950664451
2546,1.1606692983870994,12.634549987747212,11.024430832903004,0.9726148743579541
2547,1.1643233824114234,12.91959587992887,10.51209490673482,1.2247893882723788
2548,1.1619090022236922,11.69176556541883,11.143351551788866,1.3937349853538752
2549,1.1582827450784494,11.250147682399303,11.280923427921225,1.6369001250859503
2550,1.159339844757137,11.786646763683718,10.973772886406566,6.612165577962486
2551,1.157408652237337,13.234611880584792,10.870212028205179,1.85673468008331
2552,1.157604870552394,12.15651104445112,10.41780335160455,1.474029829127003
2553,1.1503437337524294,10.7532118371703,11.553511370950297,2.714166656158652
2554,1.1564618484747342,9.23356013248574,11.835859130685206,1.0250326853862568
2555,1.156069306747908,11.647301271343645,10.979943127519478,1.2574441060791812
2556,1.1565402650436631,11.341440165739696,10.531308064398509,1.1171384463638896
2557,1.1517136046374772,12.556264996739738,10.694769905716528,1.6941521997000755
2558,1.1470981181303432,10.882428536279715,12.411446223155204,1.2502010102360217
2559,1.1470357897692418,11.135669646432099,12.30008254969292,0.847864955011395
2560,1.150967812595037,11.042604331983345,10.385145821576016,1.985118103550965
2561,1.1518070081830785,10.346276742676416,11.231248060095353,1.5159982644817669
2562,1.1518507130594882,9.428379132035772,11.119819843524391,1.7060412676268137
2563,1.1658747887092316,11.418281863511925,11.378135758928034,2.2188478288476947
2600,1.1863678960300141,9.818955580471668,9.741301519912714,3.5061642818539602
2601,1.1758687140632686,11.05690362229429,9.987341384638132,4.310618670087763
2602,1.1687250153488804,9.301704583556196,11.283246785589117,1.2773505474498135
2603,1.1662769503114818,9.09769873225616,10.520825556375627,1.2265750983438097
2604,1.1702743228312384,11.833336263205874,10.157203053351914,5.2458765021017255
2605,1.164549429397592,9.058234687482805,11.50783503559462,1.028710748574619
2606,1.1646526412744833,10.860922423277495,11.2287543681867,1.4854840382348995
2607,1.1688775934971674,12.153854288547507,10.612578821276811,1.2812439682248629
2608,1.16074508905713,8.652805184389834,12.892310272575546,1.252675015623889
2609,1.1689077119224625,14.09766581197993,10.467860089448395,1.3712106160804227
2610,1.1710897294547091,9.70448048637408,10.966455118886484,1.7537390807893072
2611,1.1715388277194843,12.114583153806587,10.432769057483867,1.9492887703269186
2612,1.1763825041272387,10.010379551635406,10.147173577883894,2.038213965047227
2613,1.1730487675173051,11.262145048317507,10.41302880613124,1.180772184806547
2614,1.171020676753719,13.801094037070511,10.816992800232637,1.8917745262362526
2615,1.171158750431548,12.942896602493853,10.098968683044527,1.4759055461017843
2616,1.1736661311939567,10.99502360933814,10.091719329172273,2.2302062252305785
2617,1.1689896683460927,13.5834638514413,10.863730158880179,6.410058024560464
2618,1.1714640767567062,9.36852398024306,10.931060904479066,1.4373329563441875
2619,1.1763400197143394,13.369892095910588,10.243534153217308,2.928333771081343
2620,1.1749595000575621,12.993324643374722,10.37606233688803,1.9144882374304726
2621,1.1778938842799451,11.603624445285034,10.68867778271713,2.369290995252007
2622,1.1765793753982008,10.71855897924022,10.29247199714644,1.3565332688204055
2623,1.1771401009370066,12.565415491932907,11.068394237653735,1.2230876188653417
2624,1.1731909245511154,11.281807161839794,11.17192792455543,6.331698792916043
2625,1.176299203067739,12.58463977216036,10.426695502293924,2.398935924568113
2626,1.1735535847335319,12.76888055724327,10.808528977718062,1.3391730547642293
2627,1.1729337300905749,13.887122887017274,11.023503844333058,1.2309642206169997
2628,1.1767828516995191,12.329532997979024,10.325435227899249,1.4970316307741263
2629,1.1716335122674457,11.265926591061225,10.910229000154459,2.9344176936492623
2630,1.1721683055345506,13.37633275125829,10.98284059554032,1.9572678637138905
2633,1.1682318414641983,11.422191408808079,10.833815839274909,4.001360637376746
2634,1.1661413777739624,12.838217094814356,11.121709277110659,1.3789786569409384
2635,1.1689019039694502,12.627176918558128,11.328895941469142,3.6439310545106123
2636,1.1670710867484213,11.686168372639806,12.066262841668543,1.1374346825312236
2637,1.1699318661236513,14.588205108533295,10.964776479901166,3.2441535507290973
2638,1.1728758222508517,12.806096850149439,10.449448283695713,0.885289734183581
2639,1.1669834584726748,13.343616785077883,11.158633165337484,2.06787742687127
2640,1.1675986566325471,12.388543590743351,11.225443830757252,1.0354260059547395
2641,1.1651985060958052,12.80891553785729,11.597199748014203,0.9747639408609556
2642,1.1676450611244198,11.6795392012333,10.627054698579663,1.5802243913436196
2643,1.162440368957488,12.695236892128293,11.394547191690924,1.6644163963854472
2644,1.1651983815017792,13.656134833662435,10.854508992367977,0.9542409203799392
2645,1.1622754194514286,13.81752819999536,10.670766860034428,5.852019839191049
2646,1.162122552381264,13.24770952741937,11.321310551447244,1.2041667666409506
2647,1.1600637076860636,14.062379677449748,11.031390606897022,1.5195677656682012
2648,1.159592609386587,12.823917732710946,11.053024498227105,1.3600740932001172
2649,1.1559650888904025,11.922966503992802,11.640543324008398,2.348684211992759
2650,1.1554779340692198,12.688947051001804,11.32126603199195,5.330968424680795
2651,1.1554870211953348,14.015289471684515,11.044155891957127,1.4757721471533438
2652,1.1550588135286413,13.352005872114013,10.85419957538711,1.1679536789066782
2653,1.1494671892850608,11.608389027506266,11.660639774998732,1.9343763538298677
2654,1.1553098338714114,10.122045900778406,11.938393968888207,1.1363430296642152
2655,1.15199388113493,12.719855238613665,10.935867120805183,1.2423604164886228
2656,1.152137507415468,12.237133964509813,10.612650165317328,1.2847557633545637
2657,1.1503076846963896,13.765605740521796,10.78385989634467,1.1107251873843127
2658,1.1485338216889476,11.481354104843174,12.238377119957875,1.287631930404619
2659,1.1441620760811961,11.929481447329987,12.429945551306071,0.8356492078010578
2660,1.1493089489898274,12.187075487006352,10.186518297559415,1.7747088471411623
2661,1.1486244441077742,11.431626633175473,11.706248254175057,1.1285938370640953
2662,1.1525171140566737,10.296446465531854,10.994117869981519,1.206520566138649
2663,1.1623728392069674,12.007836119870237,11.39429477361131,1.003106116408629
2700,1.187458161179605,10.24741475104598,9.84539183004248,3.2519471910463293
2701,1.1768130720148993,11.926954950664769,9.391046149710066,5.212502902871773
2702,1.1692751020576437,10.231032722790774,10.561709458005808,0.9155474501556646
2703,1.17199378090784,9.859137605366067,10.17575693674666,1.2083350731317715
2704,1.172072933906458,12.850125467637643,10.041347213803554,5.726982236496946
2705,1.166964823925012,10.24941167623181,11.101421606678436,1.4669348768285064
2706,1.1678812650989592,11.682095468492072,10.43334541986241,1.5750047706211308
2707,1.1701944400346425,13.259751239142084,9.802786428121486,1.3497395592203343
2708,1.162664300572507,9.93682799165346,12.472700912141283,1.487770087860136
2709,1.1719622275922574,14.793931974021877,10.277894417106722,1.2840915560294068
2710,1.1718174750780905,10.59723925861395,10.409565750389685,2.632169905006845
2711,1.1712964032955135,12.767088528882848,10.125202356208316,1.534888951939321
2712,1.1801614279339758,10.966539124404527,9.403287706369149,1.293397814957002
2713,1.1755671597344348,11.947535333751055,9.827719601260597,1.291806292498771
2714,1.1709877555984167,15.061011544854368,10.212962529088081,1.9553536719001812
2715,1.1745646352407753,13.869316740263873,9.520904036195356,1.0461079456169062
2716,1.1766680708976347,11.914729669468821,9.721530346859765,1.9745880451483442
2717,1.1713140755989373,14.77408053864691,10.425532655383373,6.580314934646795
2718,1.1746528419300089,10.121975296830403,10.47876541261661,1.0660445151037414
2719,1.178097428219058,14.239641297936824,10.30590741354765,2.1921435387849555
2720,1.1767057819893683,13.801420651441102,10.202551738276462,2.6813653352917446
2721,1.180341369314069,12.558801372396752,10.273145737470834,2.0586611846600187
2722,1.1799970122174444,12.009612415044733,10.10862712957655,0.911405864341329
2723,1.1798171387939802,13.653111233565216,10.418499169744658,1.553808328419702
2724,1.1756697906289304,12.471790822837042,10.664012258415397,8.964035366681518
2725,1.1796923259013616,13.586306456509504,10.169249237985817,3.329098460312274
2726,1.1791377992404926,13.616156781140223,10.23755575722063,1.452947597681276
2727,1.1759960428552558,14.628542137330658,10.677865998823547,1.7333643473799956
2728,1.182022452930178,12.78369473161447,9.97574398969405,1.4278167465387064
2729,1.1754003951739291,12.475712670338577,10.801167640159681,3.0989123367242355
2730,1.176679180545051,14.155897155536136,10.613510384842321,1.186761405013294
2733,1.1705329164777807,12.249338246483047,10.845430734245397,4.072006029455356
2734,1.1733361589688789,13.18593798009953,10.65531890137618,1.3825403362628905
2735,1.1709156052438388,13.811987063600746,10.957339447369199,5.239492092841877
2736,1.1724331538898698,12.460410420683507,11.580506942578278,0.9939444168742783
2737,1.174088536335114,15.286713039053835,10.521459487334786,3.5187939129717996
2738,1.1752415367107407,13.794082790915699,10.047480734641411,1.4614350557728042
2739,1.1726100477495969,14.264341800074963,10.290057092733996,2.737317922229413
2740,1.1706315591951921,13.457490225732673,10.86842884872759,1.0557419937295545
2741,1.169928826929954,13.87112742473219,10.846433270637174,0.8488027713608953
2742,1.1734125980348418,12.624258646592898,10.284397881904713,1.6837327982526848
2743,1.1673821427778985,13.473674673474694,10.60843022629412,1.2226561277417585
2744,1.1706466117613181,14.56459969759805,9.875651894538445,1.26357387928794
2745,1.1665887336968985,14.629025906728234,10.667205109359248,6.637264277695702
2746,1.165067491709006,13.997631502191872,11.23381803849671,0.933415710789384
2747,1.1667757765657212,14.46711508818902,10.413186992469809,1.1825759785533099
2748,1.163847464057887,13.44437859721139,10.762005840924582,1.3099217312860068
2749,1.160186205723517,13.09536619977419,11.002365858403607,2.2346962674500115
2750,1.159376741740371,13.66568572257329,10.76275630428735,4.782224472709096
2751,1.1590893692014765,15.053714422312542,10.393487040301677,1.8630545082663803
2752,1.1587950328324,14.003948942526247,10.40428063813203,1.060684522207275
2753,1.1511974632927746,12.71411439260005,11.635185804708797,3.2708903610926785
2754,1.156865354376207,11.137673921967703,11.489932295389,1.075776194006297
2755,1.1552952310693247,13.145935900377152,11.112347445820346,1.2006324615933037
2756,1.1566613467376898,13.016712851682453,10.13894766214353,0.9966897623934982
2757,1.153795474709019,14.306443283502782,10.41380680041452,1.156463532233308
2758,1.1485563400991565,12.537585914141335,12.142812250226962,1.2393335374193917
2759,1.148510905074714,12.644450057937965,11.935411238828738,1.8260189592088687
2760,1.1535042605631798,12.629029974806434,9.810084950277613,1.2766361887107334
2761,1.1520978865526692,12.03918083685785,11.134085937922054,2.561550588463799
2762,1.1527851289208237,10.825133396048352,10.972329293933704,2.36560125390267
2763,1.165170621351333,12.537668915874296,11.110931648703152,1.0616432406840142
2800,1.1866750395318224,9.831527340735438,9.875390963797924,3.3698048919025285
2801,1.173318558277564,11.486691434273675,10.022029772079092,4.7342530723514225
2802,1.1660176163598903,10.105743661792454,11.22063418281504,1.2629472204646959
2803,1.1704107829839008,9.230923056075724,10.276917461573836,1.0450330463097643
2804,1.1696031388700077,12.60908957167891,9.888089351318802,7.1563911213395075
2805,1.1654541313130469,9.522666996841847,11.302124678443532,0.8569451598941382
2806,1.1670556971934773,11.111170855211734,10.76257567304742,1.0975883887447493
2807,1.1684683131193954,12.763025986250799,10.25323967269422,1.1683604580809925
2808,1.1615876230137494,8.941004885536849,12.82414238976729,1.196484085730963
2809,1.1699689787433938,14.004856392930785,10.7863667879214,1.2481492457155663
2810,1.1706797450976745,10.157978572811762,10.7828524597107,1.7000684758055031
2811,1.1703457979820484,12.250244524370869,10.712320762709549,1.4069429662680664
2812,1.1773980962151336,10.706411932561746,9.728867273716807,1.4149817988893192
2813,1.171681122407719,11.930891687621706,10.038699289181118,1.4127168565878816
2814,1.172999546779796,14.386567662160298,10.312410960844034,2.0163224910610977
2815,1.1707007886537566,13.168996860983796,9.93586037720978,1.0715520961474057
2816,1.1746594065588523,11.404646496259048,10.22238884780817,2.935818529573995
2817,1.1713383432884867,14.048444445275289,10.688286743424529,6.266225280363919
2818,1.1748897989237186,9.527282241129969,10.549359431298805,1.111656688433532
2819,1.175053174375789,13.833947688511486,10.274674617724218,1.9449865193409892
2820,1.1739033590623522,13.394084490244369,10.19741033340385,1.7760793524061749
2821,1.1787396518541937,12.05891597221869,10.2803589794452,2.2160767275017736
2822,1.1770880671013217,11.4948793798989,10.537092964955434,1.0370689092959666
2823,1.1789940539257528,13.156285498297867,10.636786275781523,1.3639036687875206
2824,1.1749281685116673,11.72377475853893,11.07384191579826,7.073774736869438
2825,1.1781932655172411,12.95478637358558,10.490483401470689,2.675068721526881
2826,1.1818520109202217,12.82157135499089,10.19892039053164,1.412717673127716
2827,1.1760176198284258,14.342115817204945,10.833033049894821,1.1052418214562778
2828,1.1815823130071044,12.504086318488815,10.066303932894668,1.6946002799393627
2829,1.174442436944442,11.627929205633098,11.075417685729041,3.0388234751532566
2830,1.1727736431666727,14.12649698951263,11.029751490078041,1.178079628403346
2833,1.1725014967044138,11.893652524059505,10.462819659190618,3.519204494037953
2834,1.1722371494195112,13.165935537690185,10.557749365174262,0.9185951052223779
2835,1.1723741223093223,13.140214454762217,10.947462987518893,4.382450893979561
2836,1.169955940919963,12.59816042608374,11.820690467745479,1.1782272505537594
2837,1.1734764497578443,14.725464211093659,10.83761152980962,3.5094286238085743
2838,1.1757315742923369,13.428755558285918,10.291198098566644,1.2030668136696039
2839,1.1718080106396116,13.81050577018332,11.158472590217164,2.486555893363094
2840,1.171017061153418,12.94067748319015,10.813625327157075,0.9179193521176975
2841,1.1697121480108161,13.214268939864075,11.259094549825997,1.3404443887493234
2842,1.1721788760258767,12.185639085681347,10.351819624185344,1.2148128335893775
2843,1.1652811097949132,13.313725215653566,11.007336026172764,1.454137409933379
2844,1.1676579301514727,14.303146074993165,10.17385684717688,2.1162376576348447
2845,1.1656193154711576,14.287490979577756,10.779540054052744,5.641647207793215
2846,1.1646033616987608,13.583310359336302,11.3666734936783,2.070120656924906
2847,1.1651073283632856,14.568915615036135,10.634787253622802,1.7261054849871273
2848,1.162914051738165,13.244251542413748,10.868924378470021,1.1733219880491605
2849,1.158358267707248,12.71285472244212,10.96433751005667,2.4111836208409376
2850,1.1575506434255416,13.412823257902966,10.955299697421085,6.709126823709954
2851,1.157562599480402,14.355259949755451,11.089329491569478,2.327426854103078
2852,1.1590274056604943,13.656418899674746,10.961496492086788,1.092361999143832
2853,1.1501372213697743,12.228702919193958,11.96531626438877,3.075751530815849
2854,1.1575929661375337,10.460272591401822,11.963324967595286,0.9709678125091812
2855,1.1551633259156235,13.01539744740633,10.806755964643546,0.9406308787743052
2856,1.1558911389540356,12.50295610822039,10.428615549291742,0.9568883681600902
2857,1.151619687985337,14.133015128220881,10.656460755737731,0.9960814680059877
2858,1.147812836434395,12.16842042409492,12.330740257709337,1.1394689216459488
2859,1.146667478626634,12.519767494872372,12.033814524558457,0.8584864618271955
2860,1.152121285012445,12.585324855287524,9.949028872500813,1.0843010158123196
2861,1.151857145187545,11.78493174131597,11.131299634438406,1.290171714675607
2862,1.1527408366795928,10.625500878244553,10.92568224934816,1.7498191632220526
2863,1.1674392040628079,12.50825787127926,11.039906939921538,1.0373016245034383
2900,1.1919400598925476,10.175886750401032,12.386715012688377,2.36276848339745
2901,1.1810162430324316,11.394976678922243,12.212973188812365,3.2826102799669825
2902,1.1729828324272802,9.892025082814452,13.38875757852322,1.3578619203830136
2903,1.173319723443752,9.25952480136545,12.575759237139929,1.2813482365025608
2904,1.174387365885515,12.154023823904422,12.508919989283111,4.260509764498
2905,1.1693496894262454,9.779959798925885,13.512450622482792,0.9653747096044122
2906,1.1708961095154151,11.43432903764579,12.93849939953925,1.5228861311218567
2907,1.170947196256116,13.069163433285865,12.312898026570988,1.221374961586107
2908,1.1656377412952152,8.955930209442366,14.548259943329862,1.31055195581595
2909,1.171976447056388,14.325151099928531,13.021596075632399,1.435457100704556
2910,1.173567836074086,10.375615526542116,12.63184185738679,1.2577774639729593
2911,1.1755153767863828,12.618798018538694,12.968950436909932,1.2975352499139037
2912,1.1792400761365172,10.665352941792925,12.359464982895698,1.3013876041900496
2913,1.1763980258218854,11.583996585502732,12.527912984457819,1.0599185374448676
2914,1.1760171086064426,14.50908413168864,12.663941743523097,1.2602647779535194
2915,1.1768540670250895,13.276705110345622,12.171830513671129,1.43257642346493
2916,1.1783507780525089,11.792762705979493,12.684482760163414,1.5437892451262838
2917,1.174213144383349,14.31961194477773,13.259808018806266,4.125207423544082
2918,1.1784410889598649,9.68329138454571,12.892350335935262,1.1486718730141776
2919,1.1801833292478743,13.44140739264729,13.101855720857307,1.6257887036746521
2920,1.1786320199463751,13.19471775759607,12.806109687035967,1.9316175801049493
2921,1.1836931353533378,11.925568716136974,12.84599048360032,2.153398462588529
2922,1.1808042659506184,11.673636308050884,13.058509716291631,1.3871259729122638
2923,1.1825568452145805,13.107787737944255,12.876615675097826,1.2771440518411945
2924,1.180200709423039,11.469415268233695,12.991094560728003,5.384744587856936
2925,1.1833027564573013,13.226100169350314,12.72140065797819,1.809996118969368
2926,1.18483234851907,12.893306576125084,12.965690048680928,1.1129045423696997
2927,1.1784616075289165,14.461559673616708,13.489905915490915,1.4176236973525937
2928,1.1861716692388546,12.623069559765531,12.479778734640163,1.3827219843099048
2929,1.1793567470092872,11.603206225724234,13.260367839313957,2.3728472529314732
2930,1.1806916876908973,13.693904741455759,13.243938422277331,1.189106781030181
2933,1.1761237216170366,11.90779211521044,13.106831756523873,2.6405722908330618
2934,1.1760339597075864,13.17681203343395,12.878366719807719,1.2816400637373808
2935,1.1764070115678207,13.085866888657094,13.067368075962372,3.403182446146981
2936,1.1756379907117165,12.431761830521248,13.770877583670345,1.022540598198771
2937,1.1779408390265504,15.338256018913542,12.936183269581496,1.5624913792723263
2938,1.1818715884262363,13.38156926789304,12.636271147220567,1.341014165456816
2939,1.176215721784964,13.884987795492721,13.287682959968034,2.1138404747120867
2940,1.17676084939259,13.070786706818263,13.252816038484934,1.531925636765789
2941,1.17252096838133,13.289628631959353,13.512600654564912,1.3451077722752456
2942,1.1770834332215776,12.11866732019102,12.754047969603747,1.2433057091674804
2943,1.1703858215037275,13.623928613955801,12.995379646101595,1.3701202235672045
2944,1.1743574238891086,14.058220508306189,12.562277446016532,1.0725511597906308
2945,1.1691856710279667,14.058928393340663,13.184027615165835,4.1299377908708195
2946,1.1686042639813072,13.834604967953021,13.346020887781949,1.296156365007367
2947,1.1686574886864964,14.450195620838185,13.290787114476997,1.709053374012072
2948,1.1687223273240608,13.09055606391369,13.373767922475757,1.1754362767625806
2949,1.16426341723872,12.531402015966455,13.370240236705442,1.728214868328708
2950,1.16197890939757,13.223768246832169,13.639010072373308,4.798831186858779
2951,1.1622945596381016,14.355082860586364,13.169074229959312,1.9524351390702295
2952,1.162594344766684,13.86270519920303,13.163269412705448,1.641408325920946
2953,1.1546842714218073,12.288435058154153,14.378676119137356,2.5180879542117656
2954,1.1605186893003707,10.42762361950557,13.946738751859925,1.5333070043487478
2955,1.1603661666371847,12.805469237230932,13.480269434903281,0.9193920200856647
2956,1.1589060419035073,12.665007301786382,12.857993580583745,1.0674690130459201
2957,1.156154588440708,13.990735693194464,13.253212368167311,1.0471922166284557
2958,1.153752487903314,11.956601443593565,14.245750637538858,1.2904665701263633
2959,1.1519347959333561,12.563815458308994,14.329173317493938,1.1861037575882996
2960,1.158765079803371,12.51829309798845,12.57399225508002,1.1039898213993693
2961,1.1563264181554642,12.213316251301308,13.47767501026041,1.00526659627912
2962,1.157119309582649,10.866899557445649,13.36720514059347,1.6014859181091252
2963,1.1698807446934878,12.564753250565667,13.191287815584767,1.3955578741785957
3000,1.1872343165687194,9.406144431912606,9.859292191621595,2.7628868063782406
3001,1.1773590202420228,10.814282850094425,9.384657087309751,3.9264126761078617
3002,1.1692779622974885,9.570755480817644,10.81986386427533,1.844763099510593
3003,1.1717854029052108,8.795687809906301,10.32667576911999,0.9091430113478928
3004,1.1700552990792374,11.99237930833677,9.93709354560218,7.2804437735204734
3005,1.1646495867233497,8.968497490790483,11.45662423397853,0.7805949116621691
3006,1.1684766714732977,10.77416342162926,10.661326277208385,0.947202941816198
3007,1.1700162740770188,12.283715671395651,9.886689943291168,0.9019309930059525
3008,1.1638134035160448,8.565869579066893,12.45415822877897,1.1771042112628247
3009,1.169644023531041,13.816739141668888,10.726119462329741,1.3519983331387784
3010,1.1713956691006648,9.841872663409575,10.814903881373287,2.0242854932266976
3011,1.1742568367395374,12.00647744283024,10.482590733621304,1.772946271511462
3012,1.1782303373029241,10.097058613467949,9.72449895867834,1.3440685303571942
3013,1.1732637688577998,11.08981589139672,10.0391664687125,1.2412515920755782
3014,1.1734895942640753,13.763319452881209,10.265636398132797,1.525972399627105
3015,1.1733039193231174,13.003389370470973,9.836169269614842,1.2227757259999954
3016,1.1758993947105,10.97406017371263,9.825400971242685,2.1226632100298937
3017,1.1730335836476256,13.576403185110022,10.67243004246483,8.635320080361522
3018,1.174116094260446,9.408967770553199,10.62198666226932,1.436666135985547
3019,1.1773757090420858,13.329248105964659,10.148202371704135,1.7735470284758954
3020,1.179106222579754,12.774909021702818,10.30508529327543,2.0578165798196446
3021,1.182289419013291,11.545622776189317,9.976874647686927,2.097750857785956
3022,1.1789834472133043,11.014579498469242,10.573301687206209,1.115906695994443
3023,1.1825888583055764,12.387558563994261,10.659155245137164,1.3117045463071269
3024,1.1776650886607234,11.537005996990827,10.693140361346508,7.495007520414505
3025,1.182011643558307,12.70743587984483,10.032637437323267,2.738975785037691
3026,1.1818489274866866,13.016512935722105,10.146471364175767,0.8988557323386457
3027,1.1782713701084537,14.019469596284502,10.656862485262364,1.3536107272012492
3028,1.184962280728725,11.938833262502076,9.7666544869905,1.4013864862876522
3029,1.1792353408994796,11.586124155771278,10.48569955142352,3.735383474750067
3030,1.1780090087838953,13.519529247112104,10.582549075945126,1.3892005401574266
3033,1.1724370099232069,11.67779858033986,10.64898429462048,3.505970487519186
3034,1.1747060004522698,12.656502216340519,10.600645377814267,0.9433440947110784
3035,1.1761715088537414,12.886540671467454,10.74133207658672,4.963671112302831
3036,1.1735527580894483,11.921161800904148,12.10120439365166,1.1699337760750121
3037,1.1766124060849577,14.708302391997512,10.412102621003028,4.12113806968937
3038,1.1766930925352284,13.092160965021707,10.215065304161477,1.1971125407885017
3039,1.1743833890880078,13.488594739445409,10.808940301732134,2.8061499663601333
3040,1.1744686630264347,12.413925323077676,10.701157784841984,0.9871517675408571
3041,1.1729194108389087,12.652288984087221,10.730299124025137,1.2737128587445032
3042,1.175881466778936,11.626777171431506,10.544373015825725,1.8908872883077559
3043,1.1701485229554907,12.836951406205563,10.550582721379879,1.0673670411316205
3044,1.1735010188349493,13.199323772134239,10.162709248195043,1.0540359288585892
3045,1.1675812238699486,13.62253573226148,11.05339416009735,5.200057242085111
3046,1.1662949271630532,12.922027111528328,11.218392987087551,1.1253933113178658
3047,1.1685842841802536,13.909426174627916,10.40702536472746,1.764206640246531
3048,1.166602098273067,12.499085314756638,10.79462137518638,1.1121362254853464
3049,1.162192280807809,12.022190650398061,10.845634737533254,1.8627303502659016
3050,1.1621860535717006,12.46944454718669,11.036303512865004,5.079221539463689
3051,1.1612117894856155,14.175452729302883,10.634085414296326,1.5483624560832194
3052,1.16038143384366,13.110059276980747,10.278949819247048,0.9985936737006351
3053,1.1552902705817558,11.607541763090754,11.61548961188868,3.03302241135425
3054,1.158043692721596,9.9584988383549,11.779623389970308,1.309385140617874
3055,1.1587141218763546,12.405386149351605,10.815590047764877,0.9434720421682024
3056,1.1593891145128656,11.97581373465495,10.584641904670907,1.3942842315596793
3057,1.155444346232283,13.595870606455671,10.723542050663678,1.0695702404143832
3058,1.1522820791123298,11.60349878586674,12.297180062237134,2.780057435590003
3059,1.151752077308562,11.52409971263266,11.99388760128733,0.8916416342968112
3060,1.156474364626845,12.317714483763481,9.910530718689653,1.3163908598344245
3061,1.1553370881761096,11.323768779776229,10.926515296795628,0.9245846585273335
3062,1.15744186081463,9.994544392541451,10.65421581851158,1.1469174784540874
3063,1.1678564537606857,11.637127681987042,11.111731291588768,1.2318947420164732
3100,1.185725893916827,11.084706652138689,9.886119118434385,3.574486157039426
3101,1.1733393660864169,12.42972937410206,9.743934613949042,4.460697904135618
3102,1.1666979096755863,10.57210280100867,11.11887128354411,1.0681620098661688
3103,1.1676410368890395,10.135135109033158,10.523238400558292,0.8425439233832037
3104,1.1673796545101254,13.398487400877087,10.176306934090842,5.6925563404468065
3105,1.1635495395498605,10.456208160083385,11.383282098512634,1.7653453276791147
3106,1.1631056855388928,12.324827027858365,10.914227544290908,1.247671256175256
3107,1.1684214896462113,13.953418447928614,10.091584035734199,1.1280507203897039
3108,1.1628111848200162,9.969067529025764,12.69383592127343,1.2184082009733377
3109,1.1679090248304698,15.271862516343598,10.936125076810308,1.2535180262397798
3110,1.1675735833206786,11.30246974718701,10.514277302082922,1.6086539838423763
3111,1.1671614259293988,13.355812281975103,10.710868136977224,1.3026199888772956
3112,1.1757741619170432,11.414740411967232,9.81658897748229,1.1478045023284025
3113,1.1722195241519504,12.645609171704306,10.293192443604568,1.2525626865863788
3114,1.169881094077906,15.51610550650418,10.535025642213741,1.5166706428071444
3115,1.1699400805388034,14.350119302600666,9.954451355227183,1.1969771614483384
3116,1.1735964464187505,12.395364333023048,10.27575329122454,2.754444745521244
3117,1.1701165758605059,15.129102977128989,10.657221175000153,7.2317648717555585
3118,1.1721008612968804,11.106907220527882,10.802480923000624,0.8210795591736335
3119,1.1739022554944876,14.80230839972441,10.445010619118525,1.86826936876371
3120,1.1733471043542638,14.359261353622156,10.261559759506653,1.7070874947667731
3121,1.179807386653124,13.093875417879087,10.454918478016472,2.0254717447028523
3122,1.1775805914332045,12.360831851899954,10.49454243256422,1.2276815853229468
3123,1.1785251794415272,14.164658275536443,10.393403925228085,1.5688578038930665
3124,1.1760531802783338,12.854762245166675,10.726924885769165,7.0020680363392005
3125,1.178803745658151,14.252372051295163,10.660035053876397,3.007902129618226
3126,1.1791860322494412,14.340533425710863,10.602535395916355,1.3556472030084665
3127,1.17595926108516,15.330643724148421,10.91350414134655,1.16051477753308
3128,1.1821131102913252,13.462619410760198,9.897182173944506,1.5404939858655027
3129,1.1743420429120792,13.004609374511972,10.634272226635654,2.427229050286252
3130,1.1755647940709206,15.012097230476325,10.737211363920803,1.625314642322021
3133,1.1719304819038394,12.951247686807582,10.593183087148663,5.339204621751001
3134,1.1732275817691225,14.0763967165812,10.742828643973892,1.173946841450497
3135,1.1724632878470713,14.264637508343434,10.929156403119336,5.177479969238003
3136,1.1702244268203223,13.35443273104652,11.886157735223422,1.1388792373492822
3137,1.1743611905249534,16.118483099365765,10.426902949743477,3.8017513968904146
3138,1.1769849306848663,14.17284686053323,10.110025030244582,1.1808856312982112
3139,1.1717137092692858,15.023917209967607,10.872118786275443,2.484421852451046
3140,1.171666988821362,13.819870428168024,10.790050420297865,0.8658581518540507
3141,1.1692184267382026,14.313276355829547,11.321761936150207,0.935274968985248
3142,1.1716771629998735,13.216164414878572,10.52971598826474,1.0238128059917313
3143,1.1667049961975553,14.15564568795131,10.927735385156279,1.1882457832522368
3144,1.1723632215671276,14.783515325601341,10.146384644673196,1.1315617762979724
3145,1.1644340812449037,15.061655225990357,10.892460960624334,4.99976611878658
3146,1.163220064556878,14.947382728625362,11.205831268852208,1.449189174228449
3147,1.1661153828717559,15.361242073637971,10.58912792747575,1.8196208287707103
3148,1.1631560551561626,14.036331033343131,10.923875089510558,1.0573518236520316
3149,1.162373853080586,13.471240425742344,11.105116772875242,2.0584946831893727
3150,1.1578508963644618,14.464095541634476,11.40227770624822,5.4050422528190465
3151,1.1602670442934495,15.179310031661162,10.683892876683622,1.2285104547238832
3152,1.1585170842895234,14.719787858981563,10.532723096825109,0.824373009546196
3153,1.1524118563274415,13.211694478930916,11.915593971255971,3.078595720571453
3154,1.1570005997474215,11.485580106738288,11.764517049209557,1.0505174928143977
3155,1.1544614258551038,14.090251406503452,11.083137281376766,1.1114923386079278
3156,1.1543158258891437,13.593239959187123,10.635485637598448,1.0501213018200313
3157,1.1550868968404613,14.822194088592973,10.551999899197206,0.8841926243504112
3158,1.1505907630042227,13.073706706253352,12.21256323459073,1.0189047944423801
3159,1.1502573935035085,13.113356142318612,11.893458024977695,1.4799036049781462
3160,1.152293745695091,13.573386226678181,10.330054006691668,0.9872498040136
3161,1.1522424236666655,12.953553878736209,11.421737010331013,0.8676335359150226
3162,1.154060911437802,11.91804260943693,11.138967154125957,0.8441989640398536
3163,1.1684206636368795,13.745532465893499,11.276089431765534,1.2275343916551853
3200,1.1839478306821432,12.959402338187932,11.116081238118708,1.9501347802762838
3201,1.1718220796694,14.287581817182835,11.253609953531555,2.6824752585525196
3202,1.1642514173391243,12.800784806867753,12.009436662787818,2.1176220220782853
3203,1.1633460979726913,12.0904800064612,11.680336798826222,0.9424432360893212
3204,1.1665381785131452,15.030938487140395,11.340839311439879,3.749998952447217
3205,1.1639287907675,12.216111601622632,12.522363447339206,0.9740384478853055
3206,1.1658036953879578,14.005399435279534,11.63280003459857,1.218513896834278
3207,1.1668078976143192,15.664522164184733,11.28332652565805,1.4884745136622899
3208,1.1596471602245617,12.003402199024588,13.649400252253397,1.049912205213868
3209,1.1682186337795153,17.068467911580218,11.891745961954866,1.0917021420244417
3210,1.1683156742942122,12.881112885061775,12.133701049725957,1.7622369484997913
3211,1.1651688804373783,15.323176606771213,11.352382984307825,1.1260013404598415
3212,1.1722289677043123,13.251781748792485,11.275795506067722,1.4268284889219884
3213,1.1683354155673094,14.395313233688835,11.524436344787214,1.4061134108848263
3214,1.1674144219609899,17.254076957059052,11.700811610072599,1.8654377139963876
3215,1.168208485278149,16.106142789420005,11.259672055792416,2.4828605251802633
3216,1.169410955859972,14.304468798355076,11.365254671603465,1.8013281590148666
3217,1.1673879220940306,16.93014067761632,11.860110397881073,3.4727061178416947
3218,1.1690112572758795,12.855026719082511,11.90134053934537,1.6358115724885351
3219,1.1737344030424874,16.34305154421098,11.30532342526521,2.294063646239149
3220,1.1728336018711196,15.755228662993831,11.63918176237812,1.5306426114002685
3221,1.1757518561527123,14.694263082922074,11.560114018623773,1.852269833543406
3222,1.1736566197723937,14.292577741764353,11.517511593886818,1.2719126640798661
3223,1.1775141853851727,15.762981318171109,11.851465330436032,0.8373267123951836
3224,1.1738887689821056,14.586099405575865,11.970129242550003,5.907957149586699
3225,1.1772899663865557,15.69103836059574,11.84439613468034,1.6649082102293467
3226,1.1781556710730972,15.793601681643876,11.435534488241215,1.4462552329468323
3227,1.174346005260639,17.07417960252085,12.278187165129916,1.0678958837917276
3228,1.1811238731588833,15.04131253954858,11.248881163756302,1.2273012099356244
3229,1.1732125509747273,14.849602449250982,11.949896739066084,2.8988453350894803
3230,1.1733987904170096,16.678268547752833,12.025022260014675,1.0325028286142581
3233,1.1707405236206352,14.473024785447876,12.214928420059952,2.7755269163303162
3234,1.17103512091713,15.78725778648702,11.84263129101652,1.6787355993769386
3235,1.1718440687954395,15.860529323331727,11.802974480865638,3.451048725655838
3236,1.1715161053534742,14.79632055099976,12.688720609012682,1.1495841204727744
3237,1.1715380340106365,17.715652237279215,11.721183234585297,2.5215837643469943
3238,1.1758259765615764,15.746464590006918,11.478834028068702,1.2387875098203507
3239,1.1699884103246583,16.403583928337987,12.312451532481028,2.0046172858567575
3240,1.1697684700962419,15.462859093638741,12.033755113368803,1.2333775060417236
3241,1.1677862863960489,15.975599058585075,12.118579264654722,1.3899933870245587
3242,1.1719807283517336,14.608324474629004,11.538326215490171,1.7990380830427286
3243,1.1656049203845906,15.998431636085172,12.054286146071929,0.8350135326787912
3244,1.1686168739159395,16.607952408707565,11.3998601550501,0.980682916575037
3245,1.163234042077935,16.91681852647041,12.132621669986532,4.721171747465092
3246,1.1621644663981379,16.3937966387342,12.644783056668295,0.8446654747921427
3247,1.1632179252221369,16.92386288024095,12.09604075547765,1.933939829203574
3248,1.161331196039655,15.410394758570519,12.17374344796891,0.9166446222496042
3249,1.1565129892886836,15.183571833715414,12.412014624330403,1.3718613389112684
3250,1.158735708892427,15.904800027585146,12.251316676479785,2.972953634140929
3251,1.1565389998880435,17.06296790051766,11.869548068794613,1.5414360723456795
3252,1.1587277879605336,15.983425901753948,11.57615356227178,1.011709695232252
3253,1.1511961095611314,14.778112389672867,12.985578515704775,2.7116533287793154
3254,1.1539332488155503,13.323151313696208,12.86601072164558,0.6886043036511516
3255,1.1564209374005328,15.721454961041422,12.150451985710232,1.2204913000875108
3256,1.153368489735073,15.324850526122457,11.918120544284639,2.2245315573448403
3257,1.1517171509146997,16.478025289551166,11.929057144372857,1.3769823211118926
3258,1.1488599267377815,14.926749568262615,13.375213242144731,1.255148058692735
3259,1.146687573761613,15.048240838599796,13.374169440243522,1.0181898438169599
3260,1.1527861721989792,15.307102000067704,11.4021020628677,1.45259103735592
3261,1.151667415655009,14.49990509448254,12.114882978429288,1.0573089348909648
3262,1.1540337417736313,13.893515721700027,11.923175353357106,2.032635586388495
3263,1.1670329999163216,15.656442563267381,12.078571094418466,1.4782126789854655
3300,1.1772603951685459,13.502741653555553,11.075834337667843,2.2186701669874656
3301,1.167484126750302,14.50901800792942,10.61845323900442,2.044424537011401
3302,1.1617386096934408,12.699331630442533,11.561388684425909,1.0690575189366527
3303,1.1603130580240246,12.315699261745715,11.262269596605538,2.281875396987423
3304,1.163828574663522,14.957475882860452,10.792017346764933,3.2109452794669173
3305,1.1599824203235847,12.183750886398515,11.764964174907496,1.240429715049874
3306,1.164130810271996,13.884802289889922,11.145357170018816,1.5268821390665281
3307,1.163362386787604,15.625640262848107,10.518015803772686,1.1455523127101703
3308,1.1569581865338003,12.006739575259761,13.147029276708142,1.1917309106007985
3309,1.1649195187689003,16.924923956639976,10.98320172430382,1.7452434438199802
3310,1.1647933761109615,12.922116483804055,11.423291381284427,1.5572811977157874
3311,1.1678483535183093,15.0389707116575,10.915413920031842,1.6787769644207882
3312,1.1701193642468044,13.169456994007845,10.283881406282472,1.121095437811795
3313,1.1674908446788732,14.232476021159725,10.638975579497796,1.560609344579753
3314,1.1646036236199178,17.362001527534115,11.29081950418106,1.2614529991917096
3315,1.1678261777106531,16.00718838488283,10.394908298820445,1.774028136213497
3316,1.1680534561632656,14.126589410399035,10.569504543611586,1.629340535661029
3317,1.1663072238088938,16.804792971783684,11.21999379623781,5.691731375835998
3318,1.1692483668622293,12.512896720119747,11.360324708221482,1.3687703791527543
3319,1.1733709385848194,16.362683740797824,10.691316136676686,1.9807621845768637
3320,1.1710766612852714,16.142796049598132,10.733520662801649,1.9102539555228888
3321,1.1755697486656906,14.47895320451811,10.424589482279863,1.9522919759454909
3322,1.1777154096265168,13.910687502106354,10.93979251616283,1.9080707036180633
3323,1.1757447934524536,15.663498501253736,11.274517480870358,1.5866858261255106
3324,1.1706437628723807,14.423299053036617,11.239584551975591,6.10411611814884
3325,1.1752367621009714,16.00585290158435,10.815242169899587,2.2421128789151705
3326,1.1770436742756194,15.870491924007213,10.518666824123494,1.266227465230956
3327,1.1703927132234613,17.046220894496933,11.222619432093161,1.6833644844053604
3328,1.1785148873586981,15.063815893148613,10.572583266592435,1.4471706565823643
3329,1.1715689546292911,14.755128216798115,10.896583575424726,2.7609753599537763
3330,1.171902572068755,16.780100721451333,11.228630486802011,1.5572285875694147
3333,1.1680886412078015,14.71325345328723,11.089350139026802,2.1750226429742243
3334,1.1702019632990492,15.665931621371666,10.88987737290464,1.4117740498266482
3335,1.17118919303508,15.765265338294315,11.11221411458986,2.632782816683045
3336,1.1665723703448483,14.87559359203495,12.08085466847365,1.6810906848886829
3337,1.1729310699972564,17.55077069496569,10.90970907373494,2.587452003117441
3338,1.1752868120349849,16.031009192952315,10.34319490490498,1.2863227649878772
3339,1.1690066564106851,16.63542796530282,11.422479327262,2.853062631748922
3340,1.1684630157035494,15.697041673339553,11.2753739597166,1.5420256123049827
3341,1.1663774839085976,15.641758952740568,11.54386480975799,1.1406614330527896
3342,1.1696823136059458,14.696255470913712,10.740317708364984,1.2598677284155473
3343,1.162976247953677,15.94264457126428,11.16957220092314,1.3243348048286603
3344,1.1679464221527067,16.71555879371516,10.52629800512181,1.543002711346919
3345,1.1645541060071178,16.726457430856623,11.203990313260368,3.6962247440526297
3346,1.1618363600648944,16.46725722188141,11.823533068852578,1.892836124039352
3347,1.160838485530358,17.048144863822333,10.992669691256074,1.1732118176581785
3348,1.158961848822952,15.580907240193515,11.363429152090323,1.2928152249827605
3349,1.158271023569441,15.271568273082755,11.476060292450732,2.0404642432703204
3350,1.1567410434365992,15.84887176996558,11.416365528885612,3.967419049000035
3351,1.156821798149808,17.013250677296618,11.41299649266132,1.3514547402081336
3352,1.154787235214341,16.357748455634965,10.985422287474238,1.2824030976737548
3353,1.14814816231853,14.948415738062712,12.089786274805421,2.7838597109160728
3354,1.1520448086512654,13.375801754261644,11.832107532762237,1.0872628882583422
3355,1.150207809746536,16.064251650648654,11.491709610866458,1.2446563468249305
3356,1.1533822226229868,15.310366348280013,10.896999904739836,1.7814770029813818
3357,1.148548317819487,16.887564131381094,11.387844208019354,1.348198816627384
3358,1.1464732648865443,14.847971640571847,12.967850985698446,1.6032574128220867
3359,1.1453170552891434,14.958042256957766,12.57975962878325,1.079353181703901
3360,1.1487572707904663,15.391327609338655,10.883573370472899,1.630515668590052
3361,1.1493326595128268,15.067392452721196,11.774273190273775,1.2141467194466635
3362,1.1499644171536891,13.99451778765336,12.063621545459917,1.0808012896904227
3363,1.1647084366919571,16.01876723571622,12.17129097122868,1.7334860329534973
3400,1.1786766291542217,14.285861613903869,11.190464682856883,2.5259461221583543
3401,1.164180223949796,15.474316470127656,11.172275270819013,2.0354590657496114
3402,1.1592843082855389,13.746063283325785,11.968282001542292,1.2975639693231689
3403,1.1599049875553615,13.087253365304647,11.331595484559497,1.4669141068329767
3404,1.1588475835274137,16.210970814905806,10.827561483189841,3.4160817232967475
3405,1.1572292414524115,13.372939907002982,11.66479960596532,1.760942479694027
3406,1.1611113191012856,14.82078582653556,11.23142280621468,1.6078259928958134
3407,1.1613917556302054,16.279624681279916,10.980167787416992,1.182260371355161
3408,1.1531747851284329,13.03154431640625,13.218458199169845,1.2481674118608643
3409,1.1617733004585578,17.780749194889875,11.234490272792518,2.5617814415453792
3410,1.1639688812592284,13.825278446569364,11.083797143513344,1.621783131760538
3411,1.1630958970041174,16.07905111252566,11.11816289618571,1.850406161109678
3412,1.1678102766742882,14.22487692127345,10.667798241422037,1.5368954576674871
3413,1.1633399967215146,15.515824334917951,10.748659779248829,1.27550426008437
3414,1.1625233107738153,18.27029078469062,10.731024585203391,1.624062928192378
3415,1.1668416219003805,16.629467006654302,10.337492362620898,2.3021593334097057
3416,1.1665325003710187,14.953008927385591,10.79461601820417,1.503178744190641
3417,1.163664745320238,17.700248913083282,11.276311065469912,3.884590174197579
3418,1.1670105561598874,13.18797171498624,10.929484355570214,1.005372042393258
3419,1.1704961415877286,17.06873194469472,10.927176679969767,1.8918942552599467
3420,1.1684758736929364,16.93576035856917,11.008675630555256,1.599069707788084
3421,1.1706811189738493,15.660729659740374,10.98297285672198,1.4763032436061416
3422,1.1716325435159962,14.874289775389673,11.009518063368647,1.522474388615266
3423,1.172084127296554,16.62219826630762,11.111603379175024,1.6166280211852195
3424,1.1705968151530932,15.032732866330003,11.244493982002595,4.949403559480407
3425,1.1739659161887035,16.365609421038798,11.067983315499623,2.5260187466406534
3426,1.1765356909897906,16.498071121356976,10.477174000079696,1.6248825326454603
3427,1.1702153939121902,17.82461085050906,11.462039258403196,1.9562300050712946
3428,1.1760799834236964,15.496322709031064,10.784084120447165,1.8904240721226218
3429,1.169752943426155,15.340876994984008,10.871047268827299,2.3681778414315793
3430,1.1690018298717535,17.607418436827974,11.307222513125796,1.4584468825116206
3433,1.1649786604303203,15.15951563512188,11.238538245405474,2.755244175926078
3434,1.1662104609689468,16.49259081888004,11.329131581503491,1.412138069390103
3435,1.1664078687429924,16.923425665894598,11.2223700812185,2.9371455760288043
3436,1.1658418161328825,15.573686465525979,12.09563907694975,2.371783174386671
3437,1.1685265651580572,18.442970667840147,11.357024343147957,1.81643207600369
3438,1.173557418223369,16.77780018226786,10.553567300657113,1.471374263583571
3439,1.168229641882316,17.410698750567523,11.285133619548661,1.7463288336383966
3440,1.166630884963575,16.398056368775936,11.211625573219083,1.3844259164528576
3441,1.1657828743140566,16.566173001935525,11.638554022097802,1.5138944740429034
3442,1.1674824725510033,15.541101173772772,11.06081152069536,1.7214079604777137
3443,1.161493731339236,16.868567809750587,11.188687382061604,1.364119678731553
3444,1.1660210425528963,17.333822616740395,10.830574987815066,1.5944308465546315
3445,1.161172143584534,17.85862868640933,11.177653967546863,4.445754162013157
3446,1.1602546699828684,16.913287635648395,11.710502454853266,1.8333784590003754
3447,1.160610318717924,18.069948264326953,11.358712733216393,1.147353772414026
3448,1.161042018489129,16.57711575267277,11.610076713375989,1.6552266628211059
3449,1.1567988879683089,15.956328225345198,11.715246803176258,2.0434142949468606
3450,1.1538052662855847,16.599393202041593,11.602598641257723,3.254348351199897
3451,1.1534022945166729,17.844284586268696,11.274992473040014,1.3648777328941808
3452,1.1543275455565016,16.873860209159567,11.586272548145265,0.9913397393522282
3453,1.145154221619702,15.849777019283012,12.309629802368196,1.8322041611318438
3454,1.1526927210699855,14.02963838682808,12.279864166156761,1.0011900502114577
3455,1.1513231338162544,16.95724548063711,11.5990818488042,1.0300766776693342
3456,1.1494772393649861,16.580451573924826,11.429613206528181,1.466324681449026
3457,1.149028030488256,17.81914515975572,11.352766151930286,1.2789993239392377
3458,1.1456827164450443,15.573422511561347,12.809858569474173,1.6723049799821872
3459,1.144601028472187,15.893622074916822,13.045315427269632,1.735236386474541
3460,1.1481779839543163,16.175989057507664,11.183359212011375,1.0201950612321669
3461,1.145205136379326,15.96265835219937,12.115136720563541,1.1576440650865203
3462,1.1493901769668435,14.831906112086678,12.278237536535848,1.876616894130309
3463,1.1647898935845866,17.479969451466975,12.273898117090257,1.433279103907015
3500,1.1821879038440377,11.965337119303182,11.072793581100568,2.4299974847550474
3501,1.1684790952786197,13.500855830462834,10.978754203570727,2.66330169651057
3502,1.1635924500600365,11.44992832321658,12.012352367938746,1.2411430004765933
3503,1.1623261334862987,11.204623371431303,11.391041831513887,1.2181934997374693
3504,1.1639529461742422,14.12696358625455,11.08353633275226,3.6664972158045317
3505,1.1594121960738455,11.553440390336819,12.167196211760102,0.9633317702609759
3506,1.1629193456969882,13.14161033983377,11.417516119738123,1.1552233800801956
3507,1.164662291744211,14.509967401869915,10.94888141935618,1.1116649167549322
3508,1.1566110274322852,10.980064723048521,13.102476348190596,1.10576672250765
3509,1.165066075105771,16.32206520450735,11.205809806592685,2.2503367644445014
3510,1.165291459507468,11.842991137154328,11.898781836207426,1.7449350816924136
3511,1.1663321602600518,13.985065174160162,11.483263688473981,1.700113935915332
3512,1.1721759170493733,12.262736132161981,10.730999569479287,1.2013834873297438
3513,1.1678495278278755,13.707823893013712,10.884996360887234,1.1203789675735196
3514,1.1669093800651538,15.857563367431188,11.678697563942324,1.116588927200015
3515,1.1673353420756112,15.03971348776599,11.096742335220767,1.3503998739375342
3516,1.168681377968668,13.623603859922273,11.006559630835625,2.253711250300042
3517,1.165066180658005,15.914646608307907,11.71206265863867,3.913863227138974
3518,1.169576549986113,11.250365406604027,11.588179303551687,0.9225160408066579
3519,1.172962290467383,15.200982859135127,11.491221804261265,1.3004792878891094
3520,1.1694719929327608,15.19963270818058,11.267015756180955,1.9195470209236896
3521,1.1736738906647843,13.85840940137967,11.258104845421043,1.9745967244762925
3522,1.17454905989977,13.28232819453362,11.389183685532176,1.476885533963677
3523,1.1726113299792074,15.03772690436264,11.313493064569066,1.3225202131597253
3524,1.1704356804391463,13.427319655160252,11.711199227926807,5.321577829729951
3525,1.174475664614406,14.997255134391418,11.227174021392978,2.1723369075048
3526,1.1749999988201805,14.90807652979594,11.254758204938144,1.199307243825564
3527,1.1710029677506637,16.402774137963423,11.493012862111948,1.3055064627795376
3528,1.1779806616956672,14.16398105481586,10.935909005496438,1.187440836772072
3529,1.1708246329159016,13.64271531232086,11.647817818880391,2.15918891412967
3530,1.1722893319253274,15.634031356021882,11.676654539685009,1.0963154520155154
3533,1.1690678461024844,13.654695215106445,11.685316154393792,2.149895077602086
3534,1.1679747692842248,14.89400597518717,11.771673226292659,1.3817754004267753
3535,1.1689068184532838,14.866695434292044,11.687292304744433,3.4018494261038486
3536,1.1688878078474418,14.001834502335893,12.662713079170395,1.3474547951835425
3537,1.1715245818965023,16.809670354170425,11.530667102715102,1.5859781321548851
3538,1.1732111639674359,15.0427955052986,10.794197024034304,1.2900858603379515
3539,1.1674114416780506,15.650981372430145,11.958309146100909,2.1829190988299785
3540,1.169987849430216,14.413120717703798,11.649461249218055,1.0049459633136686
3541,1.1651923453711805,15.218696277293196,12.238916091401912,1.4244948981013494
3542,1.170933284138225,13.722870260346111,11.608932534732373,1.433357088438723
3543,1.1619573723233323,14.896994688337392,11.38167844141737,0.8435575374544182
3544,1.1687465611627066,15.485151400390178,11.371991697173906,1.0323012724079061
3545,1.161761833374021,16.198885482596936,11.754494684748861,3.103981341697269
3546,1.1629688540846832,15.27722775048006,11.79503512485856,1.4327791652466408
3547,1.1618614695292189,16.073777704401486,11.760740312403254,1.3461562593029837
3548,1.1619076168401634,14.681380520702879,11.643583558621792,1.2766885278233122
3549,1.1577568215961236,13.984820627451061,11.815301440921589,1.370455160918595
3550,1.156911767508728,14.720096377246014,11.946953822063428,3.966633014413428
3551,1.1560194400778403,16.216659085322476,11.671149128023043,1.7523363503734852
3552,1.155831551556089,15.301045682322146,11.321432556682275,1.0291298102796271
3553,1.1508331485626653,13.879755469201655,12.714076005697136,3.3795249531040743
3554,1.1551440854012234,12.102525955658722,12.806741654908702,1.0865187953485897
3555,1.1536447449055383,14.512246461900736,11.880614883671917,1.31257232471178
3556,1.152622620033108,14.656141324653747,11.604533124640806,1.440582212304543
3557,1.1530943939547498,15.747738683027752,11.605731280215466,1.3056068687165376
3558,1.1484353353741488,13.780262455486085,13.114478410893167,1.3379383600570156
3559,1.1511441664857505,14.05084052336622,12.689009690714162,0.9981129544796712
3560,1.1511556726551233,14.307222439202539,11.126038080859667,2.0736080145050106
3561,1.1500446907303898,13.722729618413627,11.744912429937871,1.2075121562860562
3562,1.15344102382223,12.921539339850721,12.188367676052506,1.5150091914290922
3563,1.1694398901919387,15.02124984766326,11.907630690554086,1.1639648682225308
3600,1.1821828750828822,13.27736052285639,10.67391721465688,2.7347140268926617
3601,1.1712754519216273,14.23628903610259,10.860047599245915,2.0215098014943234
3602,1.1652961024298638,12.352406121084062,11.941977405801017,1.4555986271895678
3603,1.164016802720626,11.869659480294493,11.474786897935795,0.9809798218620587
3604,1.163896922462715,14.926089616132947,10.97436056832129,3.997358324052441
3605,1.1599329365240976,12.047503648544788,12.256106199809606,1.108679677081678
3606,1.1639002685750557,13.672811913492694,11.40507221415333,1.2599786679159453
3607,1.1657078867794535,15.313097082467381,10.866458644268535,0.935186615478219
3608,1.15414584021634,11.58021498247861,13.306728370016916,1.1195075194423765
3609,1.1644162269599445,16.957664523006148,11.369535050044417,1.1507616788958588
3610,1.164183366833309,12.745136059698359,11.495043845739618,1.5437580315710417
3611,1.1649235877782471,15.011470937811866,11.598468540524511,1.0241545938499412
3612,1.1697567092825785,12.907857759812568,10.91754965668615,1.4811342196909518
3613,1.1670591471805807,14.283147453118493,10.91108915626472,1.4799735970622143
3614,1.166755168963764,16.992672913266677,11.019836680577608,1.279769607728507
3615,1.1674858234434766,16.27667549205586,10.52497605227895,0.9475301345544713
3616,1.1674800149240687,13.955189753319534,11.032457712042875,1.3432493181236642
3617,1.1665863302833015,16.50673815109218,11.289998119664848,3.933778423759353
3618,1.167899072341871,12.45265517420541,11.295663796477985,1.1020865394333639
3619,1.1716293341122186,16.14755613420194,11.228860675327624,1.1987067942646723
3620,1.1717422767919008,15.399019638193716,10.903912368831111,1.8541117925734536
3621,1.1737783336972623,14.466252549862782,11.24004814198578,1.8514472132931232
3622,1.171986244083733,14.174597008147625,10.915911041294812,1.116164885426456
3623,1.1734735045592466,15.550197317512017,11.297486179465036,1.315683585374114
3624,1.170812534557831,14.272835826268274,11.445595049054736,5.385238526867949
3625,1.1730562999300416,15.50422917958984,11.065789087999867,2.339330566293275
3626,1.1737311831573096,15.712572302772973,11.348397273174571,1.367856396729401
3627,1.1712213057775738,16.511950914333674,11.77007647377406,1.243120046290876
3628,1.174112630001411,15.099797174135922,10.979443610952774,1.3532645653546853
3629,1.1679680714802487,14.209389164048869,11.688904723939613,2.28694758292548
3630,1.172561823998155,16.147530965264803,11.377513145653873,0.8607450580781997
3633,1.1688749771857372,14.200563789169768,11.18403874635152,3.0599837653918995
3634,1.169713546249304,15.085573466162641,11.322523518118775,1.2158717165958508
3635,1.1709571427647816,15.569230348213633,11.461558212779915,3.503111577749393
3636,1.1676761302106538,14.678952975812717,12.583875131866323,1.255798471832344
3637,1.1690264104522283,17.47676717694815,11.739822408422738,2.372497277612056
3638,1.1748043503344432,15.625382140873864,10.850400640318256,1.047203529819039
3639,1.1698930634337101,16.431322443168803,11.62884383842607,2.173999956429973
3640,1.1694765136827265,14.984200136592019,11.63720541377077,1.081810008456137
3641,1.1689147415548578,15.734867393116152,11.83763363968537,1.5108939545392404
3642,1.1689682158231063,14.587624546465452,11.221231666723371,1.3258818136802697
3643,1.163248487520179,15.715915991127615,11.432101786325033,0.9168089464176948
3644,1.168590096008514,16.48144083967104,11.166095391928822,1.0587835100958123
3645,1.1626339490403332,16.983736307957592,11.705013674801357,4.242981816545649
3646,1.1623971684465504,16.162615439402938,12.212332960008009,1.4284315371939331
3647,1.1621271182146538,16.901832938039046,11.738038076664159,1.2977734295333443
3648,1.1615903811784263,15.37676167529858,11.905437786748982,1.0909413924194842
3649,1.1575873073030702,15.076167414050499,12.191044406882778,2.1892905681670536
3650,1.1568871722985816,15.64027307774103,12.065350172256375,3.9258997914858065
3651,1.156899712851668,16.759341998818638,11.57961274876797,1.4849132752403946
3652,1.1579439417082629,15.994493277854026,11.27337377996219,1.2630789922173207
3653,1.1495179913342473,14.56477968908814,12.388975750770365,2.0108723193186884
3654,1.1538126078302395,13.144116068660448,12.43748972607002,1.065468916327616
3655,1.1535353697597228,15.35588381488827,11.924457538543495,1.0525878083996703
3656,1.1559210584806334,15.295776848530139,11.434580768362068,1.5047255746884307
3657,1.1532212874683285,16.658308927673964,11.706747565295524,1.3638335289053671
3658,1.1489035625957238,14.711800142929578,13.14720258849629,1.2348354236046808
3659,1.1500034744768848,14.75018701574923,12.990992391252831,1.462501638816761
3660,1.1555975103320693,15.025442431303745,11.179526547686608,1.8285705958771774
3661,1.1518788884627433,14.591391177302231,11.984535929766052,1.0826918516292656
3662,1.1551278683889976,13.734466744123004,11.583208537778045,1.4395271140936334
3663,1.1670845567706194,15.844943530580814,12.089031437136056,1.1427018627421428
3700,1.1908831260043562,10.5375752075771,10.332862734405126,2.690210611262724
3701,1.1780335418283192,12.11773620381148,10.465199316751306,2.4013507902517426
3702,1.1728078301911418,10.22943888408273,11.363480656146786,1.2644135723510612
3703,1.1716866708529767,9.660305311324239,11.012722703326954,1.6406543639293856
3704,1.1721739618262694,12.856975197098746,10.385119884734324,4.465737488361309
3705,1.170984548008436,9.713690218096776,11.553625021990516,1.3112689995469475
3706,1.1703204862767067,11.464251506698902,10.92819147755785,1.67644572356551
3707,1.1721061303843123,12.985572949630065,10.525380106497135,1.0494447279858399
3708,1.1632795310074697,9.41576738250666,13.170170161947938,1.2462707654668703
3709,1.1707095097720746,14.753616611714508,10.871299319450781,1.4870522678395475
3710,1.1711665531848963,10.55182233029365,10.90659262590152,1.278088902342094
3711,1.170459902150111,13.103177073795946,10.723481168783563,1.1008206271646492
3712,1.1764115120428538,10.841408777580373,10.3523378613258,1.3233209164670068
3713,1.1719647028868994,12.42985454634334,10.324711630729107,0.8690036658325079
3714,1.1730832290627706,14.557961555345363,11.095257185690041,1.798080107217558
3715,1.1746405361698706,13.685889271854311,10.35228809353031,1.048232186112892
3716,1.177057310228188,11.774610258046206,10.365596752786507,2.0673691734114135
3717,1.1745888823100188,14.390334300410688,10.900308227337085,4.1859330527029766
3718,1.1749072738261095,10.091156328677306,11.140329230903848,0.848751007569021
3719,1.1777501491227287,14.208824787097457,10.612502567148718,1.585630818292066
3720,1.1773840418671657,13.357730031083996,10.65584499708281,1.294969678903834
3721,1.1804439359379213,12.226366251163753,10.690083304425121,1.8482522886239325
3722,1.1799627298285262,11.88160234290053,10.943313743587451,1.4349289595381653
3723,1.179346589810173,13.587848404709185,11.040787895634775,1.1384503828904562
3724,1.1787446380724416,12.044805059656568,10.986822047297341,4.899694035738801
3725,1.1812457698368168,13.233431140274694,10.851326227284163,2.5784444048833763
3726,1.1818581187108563,13.448409648141947,10.441773656813057,1.3125810727916831
3727,1.178103090790235,14.607600432919583,11.318589950588374,1.0929282708206367
3728,1.1842651146437768,12.350560251241237,10.540507514501058,1.366750502897884
3729,1.1769254531274222,12.38076262338333,11.185425072736471,3.2451839887954557
3730,1.1764397986840485,14.26921358096009,11.357830309883184,1.110084085229071
3733,1.1757845322570033,12.155516433531819,10.972703214691373,2.8236014347767067
3734,1.1758201320441883,13.100701137910775,11.334699194727612,1.2998188266284267
3735,1.175537906300055,13.531980853017867,11.177034489469902,4.340458602500358
3736,1.1737841496858656,12.44362909576909,12.291723600333386,1.7778299465851282
3737,1.1785941847102175,14.962929951962805,11.024217293257074,2.0244079909617914
3738,1.1790222686845868,13.752584748685171,10.559624174461305,1.127668367839596
3739,1.1750723294793557,14.203747599458401,11.462973541425823,2.5297409201504535
3740,1.1752785553299956,13.139552346220611,11.039908979354967,0.9911247158429615
3741,1.1722376844569302,13.510102413940638,11.502472759952092,1.0305297178351864
3742,1.1751167028150833,12.411711305622381,10.965396405447933,1.6923508167812193
3743,1.1711481069003005,13.545228698675427,11.285515225835857,0.8984729389517399
3744,1.173663417953515,14.390745385482244,10.76232293095914,0.9973404492127308
3745,1.1695821059164435,14.406695481828802,11.38193442708885,5.056415600829057
3746,1.1671695133350999,14.325118243811994,11.616166114089262,1.1199004703122504
3747,1.1677497803597288,14.716181486565215,11.200285243873505,1.7510478837538093
3748,1.1664324969402116,13.426971304011673,11.366659349754695,1.2149728468858316
3749,1.1637881007793065,12.845801336886554,11.632102856724984,1.4233594863733265
3750,1.1639204061061683,13.576898270588224,11.149424512057944,2.7251281564968592
3751,1.1642067680648673,14.537335525313917,11.153651045091351,1.7364942013580238
3752,1.164198294851228,13.862904596789539,11.073086474410307,1.0259397273807456
3753,1.1567032593964437,12.450434200276405,12.293747163009805,2.7571748811532037
3754,1.1624764586367455,11.045497012276952,11.862751726990048,1.5390729446711429
3755,1.1624023855690073,13.19114111029898,11.539141006239989,0.9176657525972046
3756,1.1627758382820506,13.034653267490707,10.783059538298392,0.9916815418269871
3757,1.1595950961661285,14.336598105072646,10.966400262280661,1.4574597853389941
3758,1.1566736914042615,12.081574758810387,12.91418850887752,1.1534414104028574
3759,1.158360928841991,12.390987008222762,12.601447893618356,0.9759883952872274
3760,1.1601981740419127,12.984513285261855,10.449389402599456,0.9809894815144268
3761,1.159318770504689,12.288086541970848,11.867392067189947,0.9534298311586425
3762,1.1620220203676688,11.054178207783492,11.396978600687689,1.032172353672942
3763,1.1757926387661,13.754493828990494,11.398640247015082,0.9013036728655285
3800,1.1802586132683563,12.708663493029237,10.553244552077384,2.7112878861615384
3801,1.1699199274109833,13.753722878110215,10.54295418916152,2.5857579517459377
3802,1.1640317551648358,11.860950355399405,11.714100717760834,1.2811489581390931
3803,1.163790934350766,11.574016968633181,11.13014719469362,1.2465575577658559
3804,1.1654444727178415,14.701710025660786,10.177476114472425,4.130826359306429
3805,1.1615883569830612,11.725750630971966,11.461667363754584,1.3504630282783328
3806,1.1627632032041124,13.46360337472766,10.855295594346753,1.2880385250634379
3807,1.162740527563538,15.044474789991202,10.256079991090404,2.207838084345774
3808,1.153852979988225,11.166370839152071,13.06305047104214,1.1906626673830463
3809,1.1640259141552123,16.28189467805689,10.778551724345252,1.3454739931776354
3810,1.1642331020782122,12.271317446714184,11.040730348730696,1.5112797889487364
3811,1.1662321498940982,14.482966210421978,10.854101377493281,1.8728993316394595
3812,1.1710097396533388,12.648933662993514,10.226444844877637,1.1353639124049644
3813,1.1680093649022991,13.849999305086913,10.313385232218293,1.570980465911309
3814,1.1650971518289532,16.36174652167669,10.794552388579435,1.2134327228189379
3815,1.164414329395768,15.50670049792753,10.243298174637081,1.2712906351258084
3816,1.1684582307596978,13.481984112839235,10.204412688846043,1.9575096955806062
3817,1.1676921519908505,16.070374331028113,10.80381613821766,4.289573885126152
3818,1.1666110144380752,11.795657145478746,10.665826753643186,0.9624248607531127
3819,1.1714207273575874,15.446441190224322,10.804008303549736,2.486513062966841
3820,1.1687184611937065,15.360484882886057,10.601398700609902,1.8420134409169133
3821,1.173130399787902,14.207179422693795,10.425338097883593,1.9106357326587182
3822,1.171184895781473,13.780395911087222,11.069019919423477,1.6070463396933068
3823,1.1721928361903444,15.004480915329905,10.907595528548345,1.2863173438798685
3824,1.1713792582664992,13.626476795930799,10.968683457005415,5.954906351099527
3825,1.1737922579579614,15.09766525149654,10.566630965942819,2.2996449025256283
3826,1.1745279806902265,15.254636010833446,10.658480003028604,1.3199387554300976
3827,1.1705855771416696,16.20487808479953,11.027470628653074,1.4667631169415776
3828,1.1757476066063814,14.611728178292708,10.170250787102042,1.4487289744452159
3829,1.1686362128605174,14.009248746643232,10.83734979313979,2.2645211724267043
3830,1.1728679658425447,15.944052821386864,10.82480158092489,1.5160075595821878
3833,1.1663029135217178,13.841486467877164,10.87512702740217,2.1033896154517087
3834,1.1680223850653682,14.816665343215176,10.91892913583572,1.7377795745679543
3835,1.168780338307573,15.291389195147374,11.015439172012677,2.0414233431738933
3836,1.169114340337593,13.869593581506518,11.884018518086888,1.5434591752758446
3837,1.1722669024396537,17.119436607562623,10.734939817326316,2.4612527457807576
3838,1.1737324362468946,15.332755439416573,10.341519795977812,1.073017324803077
3839,1.167857558027917,15.904439114810529,11.12186770529578,2.064601316782051
3840,1.1683603653824335,14.831932119275123,10.838320247940604,1.2868429812621238
3841,1.1676196201393025,15.099429096469937,11.27097894966532,1.3639385278384173
3842,1.1695395566403046,14.207484959289703,10.431246713673506,1.041212404669001
3843,1.163662948463086,15.183516533449835,10.922443151855214,1.1812483790307786
3844,1.1667787628228714,15.94631889580366,10.57070126052238,1.0548730097653252
3845,1.163964032213042,16.023919193565522,10.891515659103227,5.081275193915024
3846,1.1599157414169992,15.843682292247447,11.192558970263834,1.2840936663462204
3847,1.161156449915242,16.74833101680267,11.106643528346332,1.447331121175352
3848,1.1603508739999662,15.074463742662482,11.32773971646427,1.5394633264783442
3849,1.1583806237189371,14.729898144447413,11.13956522689561,1.3165338356510758
3850,1.155861761584265,15.268360613899395,11.359327627706557,4.451659507602962
3851,1.157815959202495,16.219561940569438,10.901277422482774,1.637259656138573
3852,1.1570571973861987,15.902491958151499,10.556515201597854,0.9253205461264434
3853,1.1497280117363897,14.414392718451374,11.823979994893694,2.720795786691415
3854,1.1568797192498455,12.73833576987105,11.732290237849421,1.1582692709133902
3855,1.1551667669634558,15.007508643277541,11.297679820927641,1.0811385369276434
3856,1.1551133045756061,14.762416156510058,10.725500871330588,1.8490695526415255
3857,1.1536663707426003,16.007626144062087,10.863967329939163,1.2223965813453097
3858,1.1499437500359406,14.097564153460702,12.01034497071024,1.521210738958285
3859,1.1505137197041515,14.477541324992705,12.441191708825414,1.5522569224643976
3860,1.1524592882944065,14.602854158166682,10.716602030933538,1.2713710334263204
3861,1.1508487991878502,14.377746217442313,11.70407155738739,1.2136270437300127
3862,1.1537352598848798,13.299324300299572,11.686236888982943,1.2020818108370745
3863,1.168719634893254,15.61844431149092,11.654783513838696,1.4821797677540516
3900,1.1822725315843432,11.900433332904834,10.604136903120201,2.096137976273705
3901,1.1693293919479777,13.359097066050817,10.594577915156162,1.6501015501472527
3902,1.1624693133272703,11.530273235493542,11.639841753348687,1.6745728530128448
3903,1.1638543192610735,11.032700081509653,10.670985342374497,1.213750286048822
3904,1.1636304345745214,14.0905677655077,10.590354556006654,4.330741806518053
3905,1.1619564653887553,10.755923268954495,11.6050942233259,0.9827062276828593
3906,1.163013252330294,12.830067097781091,11.223215496233951,1.2121214110691758
3907,1.163849133624629,14.15772261201376,10.456203591715363,1.2433963565240478
3908,1.1564358371960273,10.667407958358906,12.873046892600218,1.7116926525910368
3909,1.1639069097086054,15.573307643688993,10.96388108500685,1.6496595513441963
3910,1.1655464962654378,11.922575814134847,11.16409369969693,1.9260717411735506
3911,1.1653903513579342,13.766975077210075,10.998881545602407,1.2848035789541625
3912,1.1690642093950028,11.987256859689273,10.341164536123733,2.2987209330833593
3913,1.1664463806696452,13.344085475301075,10.65910797851172,0.7051696955441953
3914,1.1657900852796066,15.909272010587696,10.776349536395136,1.5780142450184869
3915,1.1651582046916367,14.870893438494123,10.523948481092361,1.616273853101811
3916,1.169126255106033,12.907058951331578,10.53035452358138,2.425742883841253
3917,1.1644516920440513,15.34804568803878,11.07848540643683,5.026757661987211
3918,1.165760145388215,11.168311827757918,10.982750124222841,0.9699955184285225
3919,1.1687854737762093,15.315048094116777,10.577371517033434,1.299485218867905
3920,1.168133754564399,14.813138791593829,10.787345643672412,2.3593370080813605
3921,1.1704125432712433,13.48646789692759,10.724523370614744,1.421979501506171
3922,1.1697672636387357,12.922874484740444,11.00517953310302,1.145665994346971
3923,1.1714583894642563,14.735132809996832,10.86014099800207,1.8916124630216058
3924,1.1682800954064096,13.249544553047464,11.161182169205972,6.918834185380067
3925,1.172093175954107,14.575826817865785,10.801883992347914,1.4505587946708054
3926,1.172093017820296,14.669053699469032,10.68274803543883,1.4290609385773636
3927,1.168726553787554,15.526313654840163,11.288368889155791,1.2652401940847977
3928,1.1739059338035234,13.885450843490531,10.416358391705629,1.2878751382162266
3929,1.16716117925959,13.438579297346775,11.357103910729782,2.9866861511581155
3930,1.1710517963326827,15.497605075620623,10.908304675025745,1.1382270510424697
3933,1.1655411128810789,13.242237275775217,11.033371468629944,3.04268093537121
3934,1.1661196345623286,14.718412574573842,11.075120241759633,1.2502750772113305
3935,1.1668581695936044,14.351613054854932,11.184921035997514,3.4678342689267723
3936,1.1657338670566724,13.573727698379392,12.190233148287499,1.0513536700159019
3937,1.1691635977374315,16.465076148340533,11.069171734781053,3.618057587101351
3938,1.1705776096456286,14.672748489953836,10.768316034577342,1.3374395106887236
3939,1.1660418971565722,15.472471287914756,11.136373428476094,2.967839606066113
3940,1.1679363593012595,14.226916266518165,10.845993778721125,1.252488862318286
3941,1.1661616647408193,14.767231749731542,11.239435794259109,2.2947692004680356
3942,1.1697045627412415,13.52173698897358,10.53854307935531,1.276555714979662
3943,1.1597417276387065,14.901918826910485,11.268665415133283,1.5679038634904725
3944,1.1656416528274265,15.124548481477062,10.756842692246817,1.3235661370782017
3945,1.1612503247933574,15.66118931544122,11.094887914594606,4.3288685556262925
3946,1.161331613707675,14.953719343042554,11.606194737089428,1.345063398920148
3947,1.1606709872255163,15.790934249637457,11.114922657650451,1.2464167158945743
3948,1.1599199450226525,14.617716141023392,11.241523382541558,1.0770283186691383
3949,1.1566902270938064,13.900153552548241,11.633669629463283,1.5153542296376383
3950,1.155974418746773,14.62503148705809,11.176604788645315,4.725926251134338
3951,1.158698242795196,15.761934181230846,10.968369717187228,2.170212960363142
3952,1.1556201233156393,15.338967544146552,10.870499967092616,3.2687248821374437
3953,1.1508451841581928,13.74216314086965,12.08056622165343,2.128930353717983
3954,1.1535615705229336,12.372582969774202,12.043640391237428,1.161801743987606
3955,1.1567462561976307,14.364256687746192,11.22365035602252,1.1599896885941405
3956,1.155543461788796,13.865376349822215,11.218049097528185,1.6078325641290434
3957,1.1518302848756707,15.535318161749013,11.167808123422523,1.2062207876430098
3958,1.150081692748376,13.707331558327814,12.597188886523634,1.347504205782899
3959,1.1477519939211727,13.98645525239807,12.785935312094088,2.219695748799144
3960,1.1547148885672365,13.968505807826748,10.466542604114366,1.0912998244335177
3961,1.1522722263455123,13.616775301012444,11.672371716887213,1.0698774071475086
3962,1.1540392093674805,12.70154160941703,11.501297433148705,1.4391214409985988
3963,1.1720754119151262,14.72302751620094,11.982581801032337,0.9273057579820403
4000,1.1834014377384434,14.738000344741451,10.616807116480166,1.7396737047939301
4001,1.1722992680727085,15.670282947480274,10.61602335983162,3.038951512304347
4002,1.164491203324087,13.700206998564648,11.97284906639914,1.2310176378859268
4003,1.1652592507239814,13.274333419206267,11.111737041735482,1.221268029555923
4004,1.1671637388226033,16.6795695363716,10.587581850882307,4.269147214189159
4005,1.1638428821442375,13.162216779112924,11.584354425214844,1.35004132629351
4006,1.16408938640565,15.27364022642758,11.037308892114883,1.3593661633112202
4007,1.1683407140316466,16.51830075942165,10.566374965547302,0.7910867183580225
4008,1.158524715431537,12.784606101889604,12.838672599459244,1.0242745561877609
4009,1.1653618660188239,18.28623192549454,11.043620022276837,1.492546927742862
4010,1.1650441877399373,14.345364563972792,11.267970423810903,0.9250444867607568
4011,1.1662262259783753,16.07860093557186,11.071055445082232,1.5694509880543022
4012,1.1707576670693511,14.720660049291453,10.20819008565003,0.886158408583292
4013,1.169212462057714,15.820384541035063,10.457322480346761,1.6016643843009628
4014,1.1676462009914854,18.658561359798433,10.890173499994663,1.1371790537958966
4015,1.1674624849138566,17.445271244476796,10.327939809042148,1.342222774460338
4016,1.1680188104900149,15.767573183219284,10.493574941439569,1.3118088166727244
4017,1.1639130846172898,18.159163858480962,11.269164824009717,4.3383508858041315
4018,1.1657885692829473,13.839793381648995,11.047128451995212,0.8857484188820717
4019,1.1728559996252073,17.55471406096114,10.826564445349177,1.3828296752922458
4020,1.1690350068886068,17.55238912682341,10.548632726956422,2.466426775880092
4021,1.1726332778033828,16.08999779372365,10.633664254313274,1.5429443188798557
4022,1.1730226559747305,15.440866691850113,11.01711961887082,1.9906154952081987
4023,1.173144033580196,17.046403742501468,10.885633694270537,2.371085699349096
4024,1.168067208638489,15.594780292259193,11.508998987046478,5.707288227362723
4025,1.1732245991941372,16.99663842951471,11.021506734077505,2.4107353030863896
4026,1.1721406738275457,16.826960570569923,11.075394804094161,1.3314443267987959
4027,1.1680033067938158,18.305835336870818,11.129457201388933,1.321690107747182
4028,1.1757055068654625,16.412075779900775,10.556556669019086,1.2917309528290808
4029,1.1684475606761457,15.627791560175185,11.217489835920892,2.1803050224781755
4030,1.1687948556877834,17.8036182819155,11.26432599838873,1.5884458984549326
4033,1.166254404484774,15.646620206181419,11.211081402555081,2.5794319477733696
4034,1.1668679125386898,17.103175215214687,11.169441563494377,1.3723600553144126
4035,1.167012791993003,17.172137141628983,11.314704341283552,3.8835093665205123
4036,1.1655741717753376,16.00828254007645,12.173120984736814,1.3325069596236632
4037,1.171888017927409,18.834200160291505,10.834951051459415,2.4687072805539834
4038,1.1705434961669323,17.16719279440934,10.805968280814149,1.1473317617804164
4039,1.1657225543466403,17.950332416984395,11.139779379994964,2.0772530002285543
4040,1.1694042403338718,16.686214755811996,11.06047623469906,1.071769721940352
4041,1.1654456492653025,16.924788661141182,11.565758416854141,1.2482542654507045
4042,1.167128215857326,16.14385443048778,10.65846968615786,1.230792732657507
4043,1.1634726006744598,17.34417885665676,10.764837121894944,0.9205162050998513
4044,1.1663120772146602,17.806665375505958,10.753537764881338,1.2769970699798312
4045,1.161772645835218,18.033884429600473,11.106807165735848,3.937451263860978
4046,1.1605198531599388,17.532850167577482,11.777674371363302,1.0573967744802197
4047,1.1638062362851536,18.26975345657572,11.016395217371905,1.5316461685915272
4048,1.1618133939785673,17.030257866989373,11.3668114636872,1.3520583148817278
4049,1.1573435328386774,16.63521620716152,11.45577330762041,0.9846455908054588
4050,1.1568959391887597,17.40672502240531,11.710487251529388,4.239129755816233
4051,1.1569517872060384,18.710970542570912,11.086168937885184,1.1612951928306947
4052,1.157035653540245,17.456262396414186,11.179678604421746,0.8792428504304913
4053,1.1523205465224498,16.007581428447377,11.924663128343026,1.8651792248710766
4054,1.1564712075895807,14.663774890629123,12.004817144248204,0.9953408676630868
4055,1.1569467016221235,17.19030905556209,11.211502809742434,0.7951838853802137
4056,1.15939637143954,16.515502616946893,11.015518400953662,0.8917770302493463
4057,1.1565707161140693,17.839977215680303,11.135111048015608,1.3594360041811586
4058,1.1518752392346856,16.318103548349495,12.798834181255879,1.5792765193380118
4059,1.1483323336336744,16.558247089059407,12.835857444695266,1.1335771677578084
4060,1.1553617921991388,16.783173145836088,10.776691856616367,1.2198596093942466
4061,1.153078978414984,16.1634040190962,11.763960769846951,1.5780657273906789
4062,1.1560468502093166,15.30004935204759,11.73678096543429,1.225341492324485
4063,1.1724153930886299,17.393840548438188,11.930059272000374,2.144458438989537
4100,1.1813146374321881,13.373329120008032,10.669305521369175,3.3995707959046966
4101,1.1713299356859748,14.727319337674011,10.179870375636272,2.608122952260538
4102,1.1646532436538555,12.899527793612155,11.493270166752824,1.4614318573354168
4103,1.1643638357914723,12.356640569008329,10.730554512313565,1.1193812954370292
4104,1.1667586735276745,15.548325867205591,10.233825049727448,4.457964628515728
4105,1.160733966878595,12.596489129007374,11.57793123453702,1.3323937425861432
4106,1.1655279421513767,14.030028624580096,10.567047359025663,1.1132795308770385
4107,1.165292631666253,15.781484087581791,10.320866095408427,1.1681460556970804
4108,1.1573909601244163,12.26614876804548,12.703648308778178,1.0864370664847314
4109,1.164632859510917,17.1766547560392,10.692938577548189,1.7807463683607356
4110,1.165709257065613,13.431088927473468,11.04094632178281,1.275555127430971
4111,1.165535604357733,15.457733566779531,10.457518431472472,1.0614419012984109
4112,1.1719929281607977,13.30821647975502,9.877080336919176,1.659330671403796
4113,1.166823327927811,15.059692744476965,10.373250484263798,1.3433878810679074
4114,1.167457710783598,17.20879622727531,10.36693477981678,1.9096456522067402
4115,1.166077619244014,16.418400573745057,9.881976020690866,1.2370611512580585
4116,1.167417802234175,14.517029308076175,10.124605514481122,2.1389355883931107
4117,1.1636442143858006,17.142374626240166,10.752135945312597,5.9308370399495045
4118,1.164674852634479,12.857937261489193,10.808777650991269,1.0865116499514624
4119,1.1704814859507977,16.69657214916718,10.226838353251605,2.1230895908633425
4120,1.1688568441598663,16.356303554987417,10.364345416925502,1.95459348730117
4121,1.1731618199587845,15.090704971192796,10.260783724638571,1.7567363504072044
4122,1.168745181967863,14.639193890865414,10.704676285754601,1.4032962808689966
4123,1.1702231612635687,16.125918047118088,11.12150991927214,1.5169613958229218
4124,1.1682591070113542,14.861357911020427,11.016522486729595,5.277456521119333
4125,1.1719263113921345,15.872154431320793,10.577655044658655,2.1093068374189827
4126,1.1709220502897824,16.258603842204263,10.69585121526113,1.4735282610986007
4127,1.167747458424511,17.374168497221987,10.947194906414875,1.6295378129283087
4128,1.1730766325460935,15.332247793673051,9.77906732909519,1.3868474894144827
4129,1.1665877876252484,14.650738615567366,10.824829666157513,2.1616284972937643
4130,1.1687951483643564,16.87624559081567,10.826816884356456,1.361049696507829
4133,1.1644264814750593,15.037422481593898,10.806319130960073,3.4894778728784965
4134,1.1663882840447186,15.918336090457277,10.677762700005406,1.221141434595587
4135,1.167134815121551,16.1248255565404,10.73913566187784,3.719320468191268
4136,1.165563743954855,15.02876369972104,11.844962778984174,1.5443482817397496
4137,1.169901053004354,17.882526475578718,10.866558530692052,2.5359601614116736
4138,1.1698543678351785,16.311219225203164,10.085421334609329,1.3146616328193266
4139,1.1646429864389376,16.914458133482494,11.277688127572457,2.3257954372137486
4140,1.1672767280650753,15.589469493276804,10.783061736785257,1.400009424387921
4141,1.1651024859674426,15.832080786110525,11.077756462643904,1.2738442259767875
4142,1.1674816782665898,15.110676449155438,10.486873725695647,1.3571968834755193
4143,1.1602019886886499,16.198571011353902,10.843246832444313,1.255011530535726
4144,1.166098631455713,16.88531190781553,10.43048537868378,1.443692269362498
4145,1.1590613632650941,17.322088266722858,11.280432489863378,6.033689323996353
4146,1.1604524629636621,16.76626746617406,11.407653139278805,1.6401357341840141
4147,1.1616261481687804,17.458105344522576,10.710190201486945,0.9451956426030741
4148,1.160267782316368,16.183475632063807,11.13152100839401,1.4127475962055382
4149,1.159194557733678,15.183127412374267,11.369202048012735,1.9449566496299362
4150,1.1588039946993032,16.209171410982922,10.786410032068659,4.191785105297773
4151,1.1585932947868758,17.300191662046625,10.705116506454301,0.9867899868054743
4152,1.155748311071077,16.736088530376428,10.818072978779112,0.984847759716294
4153,1.1529660433071311,15.277849227105163,11.881063635659617,2.8332505170255935
4154,1.1562414382922912,14.039326841459424,11.728676896694653,1.1637482701555926
4155,1.1602915854258395,15.720571642242533,11.029649308828686,1.92004008809013
4156,1.157710339575316,15.488999062859271,10.86178601083449,1.1514501218377868
4157,1.1550273050925564,17.119876635349115,10.706027925150092,1.2268047871762737
4158,1.1526496579856544,15.054470047090081,12.611673969196913,1.283628381014898
4159,1.1516987617591519,15.187832256976993,12.215929079638254,1.2022948316396498
4160,1.1568887371044252,15.453920157897523,10.478603911291593,1.0777334746152263
4161,1.1535645120091846,15.135155897481894,11.977324306369193,1.3707558669707147
4162,1.156725369100594,14.15986939690118,11.255312666180792,1.307600744913149
4163,1.1736948825938316,16.099085667922623,11.845125162794288,1.4792475851195062
4200,1.1847400807770259,11.23057213212898,10.878062179499986,3.174459588120801
4201,1.1727434543423114,12.608334134963538,10.143577208703762,4.867406407383524
4202,1.1698296474596108,10.606682854826758,10.912306272978066,1.7289012891742133
4203,1.1698640555910258,10.24794049652459,10.358949714881188,2.5107275341776654
4204,1.1708489012550511,13.532467225259253,9.961455635458531,4.896024066187896
4205,1.1688981950857318,10.499969807844717,10.973453167320224,2.1748207368016366
4206,1.1707837365426292,11.851787006555439,10.388646688618804,2.0654379676688452
4207,1.1728300217462315,13.937109830227714,9.960751418942497,2.1117691652218524
4208,1.1629822868408537,10.055377307835641,12.471713732734763,1.5410625520365746
4209,1.1735468066180756,15.238471588676402,10.368963761524999,3.439453307167037
4210,1.1735164306891577,11.029030943021269,10.470328987146717,2.361202936441977
4211,1.172328595805808,13.20398115931754,10.1093341701071,2.4783052262025658
4212,1.1788403393333837,11.653744462171442,9.514048855972423,1.9343272093310673
4213,1.1733599044558776,12.889862683708857,9.82734827417262,2.0208895133047675
4214,1.1712519830777275,15.664810774761573,10.235540079503117,2.592447077307632
4215,1.1722397622756011,14.53677524174652,9.957172762623692,2.508320220278695
4216,1.1746252136776496,12.414221986452556,9.920052822693473,2.7002225957679835
4217,1.1701104564645914,14.939557227690688,10.512568190425839,6.286839461520242
4218,1.1722174942933756,10.679258228792802,10.718606266024334,1.5093762653559184
4219,1.1760201105090766,14.463178888448486,10.273752435431991,3.1276484849939683
4220,1.1740597641539328,14.124296211889535,10.284053020446391,2.4268546044454644
4221,1.1763553485706069,13.078748919750495,9.887669013702777,2.0484663920376063
4222,1.1773667916429893,12.358021616712074,10.40568827249423,2.850650792017819
4223,1.1751785859868127,14.03528797036415,10.459208987359649,2.6516787515772697
4224,1.173184733878745,12.684628440197354,10.514634783458655,5.934066227822667
4225,1.1771699911148923,14.151657554002918,10.254865860022372,2.5546730739143335
4226,1.1764885836244434,14.17222999167943,10.084768148670701,2.385733384772527
4227,1.1751881822475148,15.14801620888789,10.763963726726882,1.8618225636727874
4228,1.178623302940542,13.271553208346692,9.906345634259033,2.6689486891243126
4229,1.1698335839481584,13.086302828559711,10.414601944453944,4.269225593206679
4230,1.1731970331041892,14.882709264528676,10.54806078653636,2.418309899664223
4233,1.1725666589961503,12.646118087558774,10.491179593708415,3.933070420781605
4234,1.173015828102843,13.812681199450928,10.360245052081575,2.6619458000907925
4235,1.1726320240758668,14.112533804771287,10.611955804881747,3.9804560722637543
4236,1.1716636186760199,13.122399614036057,11.708209497871177,2.100417498360795
4237,1.1761235285423386,15.668032376460815,10.417092204439454,3.5016069244512846
4238,1.1756407105385953,14.321944422009775,10.184193033498367,2.31150034263367
4239,1.1704064325645502,14.765206300917031,10.696814794453594,3.5576808770872113
4240,1.1725047889286773,13.808475373149564,10.727290618456244,2.5771282325611224
4241,1.1708260690226628,13.818534348660384,10.926835727340993,2.4686028329602783
4242,1.1726869306228667,13.1419457842584,10.331733927022059,1.8536569501874531
4243,1.1683613584387724,14.305350607944522,10.47824565649179,1.946558181241106
4244,1.1731319747821563,14.627963709687696,10.122344320326839,2.4278934118286504
4245,1.1648853755674862,15.33266942741051,10.781024811945723,4.573302159170512
4246,1.1657042914839393,14.291167301940954,11.105448214353336,2.656877195650059
4247,1.1676736043964937,15.174358667635133,10.405792954947334,1.4784023519270486
4248,1.1668634989063391,13.959978664445938,10.765076711923617,2.980541432969579
4249,1.1652243980470876,13.202944065951556,10.88298971899578,2.327525302301946
4250,1.161180609811347,14.295730473155,11.014649071260854,5.117586282148221
4251,1.1636060547637022,15.262641085890442,10.67263981835517,2.6286854490070497
4252,1.16452033271179,14.249171758276479,10.410919022158403,2.223620117585732
4253,1.1588187066394833,13.309076289972811,11.365979628071663,2.9088466270162328
4254,1.1627885283479638,11.54168394146305,11.47344622988126,1.5865578714705826
4255,1.162812911395712,14.02058436976302,10.927752545475569,2.522105513806236
4256,1.1628579387115456,13.573270024150863,10.428933254616693,1.911317603578084
4257,1.1624916708052464,15.015985064812835,10.59440503819158,2.0627294593320684
4258,1.160200652098997,12.989511850895678,12.083667852499744,1.8616498320809702
4259,1.158421153345529,13.33589534527721,11.97265843674999,2.2654743379814413
4260,1.1619877762651332,13.335276085095705,9.996868444589344,2.864277670094252
4261,1.1597575239166047,13.004921739735728,11.680193499868858,1.819712095978763
4262,1.1571790438989753,12.25833234065411,11.29763282208081,1.2272595155196189
4263,1.1723425104818794,14.340289707658341,12.13056789150447,1.6207880642424726
4300,1.1796421845251166,13.011076337729822,10.982840782655302,1.7563177773602723
4301,1.1708988736384718,13.933635106817487,10.760465320589667,2.892486139653695
4302,1.164229319350251,12.461670067975856,11.440630191030108,1.2044193404874712
4303,1.1659983118876434,11.74070879609513,10.871079858696296,2.660611367154567
4304,1.1651721043202745,15.006502298778896,10.489689826595393,2.480016392568237
4305,1.1635928903348909,12.10838626158847,11.385585093371049,1.8207529567359397
4306,1.1656341048881385,13.671694239844461,10.885534802967195,1.9426656346058617
4307,1.1666144516336747,15.235320870793577,10.444953139132387,1.675885751358368
4308,1.1592078130090329,11.799102192591686,12.646479461400313,1.0793611479931224
4309,1.1678144074321586,16.662542550064483,10.712731279673253,2.3625333434573235
4310,1.166465613085637,12.627502029859041,10.982653646823636,1.907076390540274
4311,1.1682485466638017,14.784335245458484,10.482626926861373,2.173711011691663
4312,1.1727323813217831,12.918382106782,9.877714843576806,1.503596786129057
4313,1.1670885115869285,14.1988370669597,10.112500990253857,2.0725054872322084
4314,1.1672015858232143,17.012436747905163,10.639773212256081,1.9504798247579753
4315,1.167473773387704,15.987537283117083,10.068952196303066,1.6688589743552942
4316,1.1699253215859713,13.70860313604267,10.22634767181559,2.2585958033122107
4317,1.1645597482426884,16.444927236899517,10.792573361835247,5.317256057928822
4318,1.1654926208821463,12.176331206520507,11.029207771018,1.2908662442551497
4319,1.1710882730646404,15.939653020302464,10.134918327428743,1.8896883907907336
4320,1.1695281664631667,15.55797479446007,10.460426518713101,1.9763819985626574
4321,1.1709620521916826,14.519510255427074,10.470957377952528,1.9459469815310164
4322,1.1687542323545033,13.93592015757011,10.85963222673935,2.2160784931197792
4323,1.1718628682324714,15.612021410106893,10.787744835343908,1.9644763925468678
4324,1.1670621155918663,14.16624245485259,10.865821694283788,5.1525411320348535
4325,1.1700740834682883,15.569655714859312,10.661686919178045,2.5148206323635898
4326,1.170361588405392,15.613060526880236,10.526066194542073,1.8492764018961676
4327,1.1673880683286562,16.433127915865708,10.977171449608756,1.9910118026138808
4328,1.1729314860257232,14.900240788575065,9.670852017185341,2.121242045522408
4329,1.1650313033185242,14.531706687008064,10.693217666218034,2.5735322276084176
4330,1.1667857488385334,16.603221188204763,10.911953787161833,2.194818550328173
4333,1.1630044947809597,14.342996671256888,10.472653430767533,2.4613794299900227
4334,1.1655178542712328,15.515092766514831,10.687115486440476,1.7574506057436927
4335,1.1649808291774832,15.622211109330157,11.00178102703641,4.145212877310926
4336,1.1661309612998243,14.180810229318991,11.975367843777411,1.7805878032921965
4337,1.1670413609692574,17.491390070280392,10.983472770887275,2.9628157812523637
4338,1.1684919664544366,15.840041123932233,10.490523508530751,1.6992195106924355
4339,1.163084612018638,16.375708574028582,11.220349056971715,2.2669769076927664
4340,1.1674697341196671,15.198600480408226,10.69359393363748,1.8886035745421452
4341,1.1669568850250815,15.371620720092775,11.419777223983065,2.1775762334516977
4342,1.1662342212626284,14.698392622324096,10.632275518655332,1.4747011661637666
4343,1.1609590106403822,15.485981502729773,11.014743727931805,1.8867576758211801
4344,1.1646515603285421,16.059383523832,10.692535731458104,1.859353528154883
4345,1.1616019558489108,16.633844431022546,11.175381725512585,4.160726934230395
4346,1.1592046854943645,15.956740343754094,11.570861981145514,2.3600315733658737
4347,1.160907090004428,16.901247678135018,10.695382310181252,1.225257538072583
4348,1.1611300073337993,15.46152382166832,11.108251248932394,1.8261368098335669
4349,1.1573421566456379,15.024355606672229,11.257242665517834,1.6486364967293083
4350,1.157987875698701,15.572290650800241,10.982698187735414,2.29321691350435
4351,1.160185507043911,16.7580052341154,10.862092195747726,1.9258914243532286
4352,1.1582189368744604,16.06887470898286,10.904005118507373,1.2763489509120163
4353,1.1518962115783715,14.6145642239198,11.824487532428243,2.578493183276748
4354,1.156497787997245,13.304338576938754,12.022677705578669,1.3640036987355388
4355,1.1567021111341242,15.373340911605343,11.167469859367689,1.432235286218494
4356,1.1591287336889562,15.209856813165251,10.806784326671385,1.5789751627266482
4357,1.1566537954233451,16.52484005159381,10.84127914029298,1.7656254868346155
4358,1.153495214202351,14.822078079459624,12.545047943182862,2.1481447351082306
4359,1.152321721956848,14.998600683222557,12.238148996764002,0.9829945017544683
4360,1.1561763488916943,15.223811461414735,10.365148993525228,1.906644989786882
4361,1.1530029143076281,14.926667296908713,11.714799029668995,2.2727046717906556
4362,1.1570632693363132,13.386980365041412,11.77942344118636,1.2622286461651662
4363,1.1699153093956198,16.052260282340427,12.174536189406629,1.341348726795443
4400,1.1830542857867312,13.708682502849678,10.592396902336434,2.153706475351995
4401,1.168831982700602,15.417087353203158,10.405261022350457,2.0982946684093506
4402,1.164421606952063,13.375875492249765,11.217776658060073,1.6568634065107057
4403,1.1646586588910866,12.721683228052408,10.929556452144249,1.2968820758305157
4404,1.1665483229130549,16.063845331581707,10.03307849545003,4.175639330549527
4405,1.1621675026494467,13.086404710962116,11.36434043200142,0.9451935366145534
4406,1.1664378494191678,14.483673300210505,10.630738889911436,1.7005382873670527
4407,1.1701912431583457,16.05731593833906,10.206336906328607,1.681466687706419
4408,1.1580325261387827,12.642126120259212,12.61009758637642,1.4450663927909526
4409,1.1691151821456465,17.877829674499885,10.388666249049118,2.1156216453508367
4410,1.1661452067934333,13.91396810525209,10.949255298113433,1.705141104551039
4411,1.167343325081655,15.91597248278431,10.547010782152807,1.6415214459006526
4412,1.1747157712241947,13.7548593481264,10.073859248545759,1.2520816265851835
4413,1.17082581675007,15.019742698012905,9.907275461885382,1.3684418542613033
4414,1.1689954776769775,17.950457034552997,10.346600036810655,1.63825850983599
4415,1.166525790804911,16.71510911693799,9.986315676383587,1.2502863750032362
4416,1.168293428367173,14.805032628919271,10.217773982416405,2.1227662076239673
4417,1.1658250735852036,17.449879259379575,10.660546261610603,5.4828191413713725
4418,1.167752853836498,13.019325319521418,10.762333158169175,1.1900494667025632
4419,1.1689462928567154,17.019596368923057,10.579252533026848,1.7933595139028877
4420,1.1680522310532186,16.78644839589005,10.375704866104028,2.577220860325265
4421,1.1715236231648496,15.374380009366961,10.269118185066972,1.932767050852913
4422,1.1696370506087983,14.767003757790706,10.466572257968167,1.138322142102045
4423,1.1683870241450647,16.546659123856365,10.892819332106225,1.3419312187588701
4424,1.168246308620014,15.165513407211915,10.619979656981686,4.689683681481921
4425,1.169614672904521,16.532253020031344,10.290453398144116,2.7330271032065943
4426,1.1671288103722428,16.731540959154028,10.42913754349811,1.4438679272734365
4427,1.1655396353391543,17.525061488670374,11.09801774357014,2.0320806025071834
4428,1.170221451860852,15.959340215133212,10.314613774595664,1.1310974627483341
4429,1.165032481803495,15.419696349593048,10.82106337483638,2.9187220385147055
4430,1.1654623216242532,17.46940146842676,10.707518806620792,1.893676400183238
4433,1.1624562248316022,15.085563672141133,10.888764874607984,3.4551894327951667
4434,1.1628244941096568,16.36029459463304,10.747657633099404,1.3046592388333416
4435,1.164000276901483,16.69312251261828,10.857814280761188,4.195430282517902
4436,1.162729696838152,15.44476874883522,11.67201274948823,1.5367978442959915
4437,1.1674894646334424,18.278309526872736,10.859619014360717,3.585495011925181
4438,1.1677661620683844,16.87458202056573,10.16943198283831,1.3685680006503151
4439,1.1640467894250903,17.109965807361135,11.027533745595544,2.1346188647755535
4440,1.1642696282199216,16.290627821532464,10.970249581040578,1.1420031328385551
4441,1.1627547188408054,16.31232472644923,11.36884459279674,1.292992702581131
4442,1.1661440916536672,15.643639864039821,10.267502134721923,1.5595602662138082
4443,1.1585489723618299,16.981287674513535,10.830539677428684,1.8336918284631365
4444,1.1655833076142115,17.090774474658883,10.35695487142526,1.4026124067484116
4445,1.1603405663322561,17.467636267360326,10.988988377775764,4.83993329707683
4446,1.1579965858223353,16.822392600858482,11.128493015645486,1.1147830710081548
4447,1.1624069499793073,17.497393666433076,10.656262202370648,1.3160211916900022
4448,1.1597618386209227,16.311384758254217,10.82698023973199,1.6571646872419095
4449,1.1578160124275985,15.822812254885008,11.053646152076848,1.5963154024192374
4450,1.1567685057142625,16.83068073210354,11.072080647040815,3.975653490396451
4451,1.1601910227360432,18.10960794893893,10.541142328176042,1.2437264416489886
4452,1.1607566449824545,16.399768918827554,10.405996943369841,0.8583288778480171
4453,1.1537622407149246,15.690433942238723,11.64512761826274,2.876536617172852
4454,1.1573365919410623,14.064090923452639,11.854054851265783,0.8262406841388685
4455,1.158403379464031,16.25963191548201,11.211073152565602,1.7335822143439892
4456,1.1609483138574024,16.04428400355285,10.591882382597671,1.639049724962466
4457,1.1585026916521932,17.09647057796711,10.864297347305875,1.7307828894390678
4458,1.1544691451666926,15.610530112864057,12.306714785588689,1.5065045605950538
4459,1.15313521855218,15.992443083912537,12.210954726486237,1.3473601899997303
4460,1.1586296571935144,16.079038262676196,10.180826861539723,1.236873305228677
4461,1.1559310170681794,15.398195682608781,11.548337546039157,1.7631073939141668
4462,1.1578099828780337,14.666153770457294,11.378988308042574,2.1756500864142927
4463,1.1726867626008888,16.918021860092356,11.789192882613415,1.895832245861342
4500,1.1821811247328173,12.284469612495744,11.133081805289304,2.420247589610283
4501,1.1727745238942962,13.267053655303002,10.733548629257209,2.277695474550924
4502,1.166433095110072,11.811420779315233,11.52500860623544,1.9781936384412064
4503,1.1712616127380053,10.954610234524921,10.938083358739359,2.3204986367254015
4504,1.1727408337387801,14.002326634449487,9.936601703084971,3.976714766500939
4505,1.1689590758852773,11.16943117256225,11.383355374283047,1.5847243633680512
4506,1.1735127325057133,12.688076694560786,10.47696118408386,2.0935461130082156
4507,1.1733205499675399,14.171162556520278,10.094007481647843,2.3359577575212493
4508,1.1647309427284094,10.786725277344672,12.581373577920356,1.9338405003566561
4509,1.1756106887249151,15.652246630057943,10.452979146709636,1.948436626602038
4510,1.171720486227347,12.337493206949834,10.9290284759105,2.8148944174071526
4511,1.1736370661007414,13.80501345296168,10.67543581032258,2.2347406154064617
4512,1.1776234278319788,11.979548746942122,10.182154855238036,2.0113137729345354
4513,1.172288023867986,13.399808765932338,10.020708013502697,2.068109590434338
4514,1.1728757637520775,15.64261984298652,10.36752884308625,1.6565816853120023
4515,1.1722176922693361,15.051504148510112,9.63821338373251,2.1433263492780807
4516,1.1744222732210452,12.788139480913946,9.957099237539088,2.69194140242103
4517,1.1700009565017537,15.600928590864186,10.74481654268288,4.580619880426738
4518,1.1714769335209747,11.07018269312162,10.69097454799137,1.740747266124637
4519,1.1717771549226468,15.368684811087572,10.421296674258892,2.0407183546648855
4520,1.171662066060617,15.051464959836792,10.409932084311896,1.7924303174927179
4521,1.1733096068158722,13.606894267730377,10.325064535138955,2.0238269613221616
4522,1.1744610766980257,12.804362894639324,10.720093873572324,2.3840878154200857
4523,1.1725267016229999,14.873990675271363,10.767836841604625,2.2554532550303033
4524,1.1694911256914142,13.443995913982455,10.823036179552467,5.032665112293369
4525,1.1722413160621874,14.761597270080973,10.498765843614366,2.575417353155896
4526,1.170580774344712,14.900720839956712,10.523061865509284,2.5706007097959183
4527,1.167125849228255,15.864632472815302,11.194465510446893,2.7913460613049303
4528,1.1752905447707085,13.803011527249675,10.046527321418893,2.7716930059393747
4529,1.1669798770310345,13.32485397777108,10.892407088824589,3.1940528522777223
4530,1.1681486252201956,15.916280507401696,11.039825509804134,2.477233159216889
4533,1.1656191999599494,13.174496540636522,10.738462724756852,4.9451145716295315
4534,1.1653571254526272,14.544954864395452,11.026277522504387,1.960682073045155
4535,1.1673431220539228,14.841495150477275,10.572425517455738,3.8216935186253425
4536,1.1625027830483745,13.98000518596131,11.929580102058447,1.555273278480267
4537,1.1697690147059459,16.60442761404484,10.843115148519294,3.6567007134883287
4538,1.170945428744402,15.004551451392253,10.22479623232317,1.3058966010228081
4539,1.1644747991948599,15.552633813486485,11.065546140308816,3.0055352807286297
4540,1.165976460733601,14.601935011282706,11.19465322607034,1.8624360882823177
4541,1.1667596175275117,14.766931640214326,11.07088857977993,2.0358192615043302
4542,1.168885473812073,13.895185206124912,10.818470131332768,1.550514907533414
4543,1.163713878113836,14.727619800245824,10.805964359176736,1.52016753372733
4544,1.1694281440188787,15.275703847352357,10.560335072305982,2.332150640901718
4545,1.1635527406944157,15.86107847273511,11.20114100480719,4.872846781985794
4546,1.163672170164429,15.259456166716964,11.123430120844851,2.1786629649551523
4547,1.1654395171329208,15.923801165533378,10.862780303719232,1.159464820164439
4548,1.1665929115462228,14.39248795988395,10.828109304910337,2.509506223679779
4549,1.1624874096692497,14.040673707079716,11.457591143363976,1.9601322058414536
4550,1.1621497296409888,14.850384608844648,11.268994816138928,3.737237015999342
4551,1.1621183647669426,15.932878923734153,11.009811771495976,2.0813959992159514
4552,1.1623805724109455,15.232636079147456,10.558578210471463,1.7881341016347256
4553,1.1564893168100434,13.735079851951982,11.940354457758566,2.9854735845712517
4554,1.1626589090730945,12.32055308507856,11.834969801224737,1.5915217518035731
4555,1.160906074973113,14.735085369279115,11.414218006456613,2.0601998129526926
4556,1.1622474757361099,14.440856986736128,10.585534633949136,3.0473970099210828
4557,1.1600763506728806,15.764280642228625,10.657091153182302,1.6528760608800714
4558,1.158607656650081,13.684859085752647,12.11725683106909,1.91125745325302
4559,1.1570351376890846,13.990853799582744,12.185033845032388,1.1145115017419744
4560,1.1604916351554222,14.269984606186139,10.441018734714651,2.39458509592393
4561,1.1572277148000765,13.812464929255832,11.57989416629171,1.6197634100235252
4562,1.160634158270075,12.959996202565458,11.426677123574423,1.487562017860778
4563,1.1738134809695946,15.100711230434138,12.456383652460309,1.620663709308138
4600,1.1828965701230032,13.145945648544556,10.860141427263876,3.621264588919656
4601,1.1738867589879236,14.374070036065165,10.421886419344602,2.8804433064707577
4602,1.1671363026356991,12.468447091940769,11.731070926691054,1.0942415728707189
4603,1.166910462151693,11.976692103044332,11.173219087843485,1.0608965070242937
4604,1.169852261094754,14.872052934893938,10.83530277792096,3.5630301832211737
4605,1.1674111359174026,11.93517328071779,11.723851559413324,1.3099432852584532
4606,1.1661420129531819,13.955701815797878,11.417476345877803,1.4442236503346713
4607,1.1706245390521257,15.486631687833285,10.622720197388778,1.0235734932858487
4608,1.162409425278545,11.64123480200521,13.24164260057965,1.3048911857624694
4609,1.1707896153778068,16.909519958655956,11.212330531164527,1.3961610348634026
4610,1.1698452718450445,12.639411455449054,11.3224669551115,0.8863085814799064
4611,1.168691399838968,15.26405388019597,10.99812789376693,0.8427375710860238
4612,1.1764913257262135,12.996656723186447,10.17788263673333,1.163688479206618
4613,1.168883065086687,14.657549409342193,10.640857921029447,1.0180477396879102
4614,1.16747828610219,17.035263774767532,10.93674578624278,1.3078958408478905
4615,1.1685120732371048,15.836082596336547,10.424501543072909,1.0163727146095518
4616,1.1670991476068493,14.087541270197903,10.527374876545087,1.9370284977437435
4617,1.1656713983945386,16.56443196860427,11.059977864690646,5.615316906580202
4618,1.1656512344096965,12.4064822999527,11.12970372578738,1.4546449436179165
4619,1.167562894118879,16.38116371369719,11.010415580340297,2.866121234442196
4620,1.1644400676939444,15.94353560493286,11.071101869241618,2.567501068053377
4621,1.1677481419026974,14.481175755210998,11.095485660971226,2.5821840722142437
4622,1.1668292562703535,13.879766499273758,11.090490373500185,1.4559369968362073
4623,1.1667121507047788,15.67403217444131,11.543290083188765,1.3650474675647084
4624,1.1644587021670023,14.225779889716259,11.438837791760726,4.648590088987517
4625,1.1681188298368121,15.343298746429076,11.106515912644632,2.1500885373943577
4626,1.1676790766057572,15.794812398354566,11.035736717836567,1.395941512761307
4627,1.1635296441361214,16.646756621935832,11.455387891997898,1.3002984573721157
4628,1.1686445121647562,14.833276109510289,10.8468937764136,1.5673838810372673
4629,1.1638599278039945,14.110589771458912,11.393945385611914,2.6992439250629787
4630,1.1607389072185967,16.360007258672017,11.07861235761222,1.1361004726675332
4633,1.158659163176733,14.28583090732853,11.403173407534815,4.799343708704788
4634,1.159368547205064,15.415792198452067,11.371385673948222,1.2991376699773067
4635,1.1601073873260022,15.548711426250998,11.737583208284414,3.51494200984519
4636,1.1594585241103614,14.608551504559491,12.534421080899307,1.4348887402715886
4637,1.1642062668405426,17.519324660745713,11.088808994930375,3.005005496026469
4638,1.1649182427162468,16.094286987707076,10.935264228287252,1.09921737119364
4639,1.1611275708188036,16.256482889741633,11.796608655165473,2.02106741146634
4640,1.1624185711275015,15.255189246164242,11.338788924658589,1.8198741978395856
4641,1.1602779052100642,15.832103258610237,11.680226886207667,1.1706170697278886
4642,1.1639038032958189,14.898316707454041,10.921526647415154,1.1845220923880837
4643,1.1591970556616025,15.486350707902812,11.446745074137189,1.2693871105007497
4644,1.1635199244556003,16.434376713929908,10.61576106138753,1.2742202867356422
4645,1.1592511316894185,16.461353409045284,11.154663745531904,5.192634745345558
4646,1.1587379323143527,16.08784755759798,11.759135172207447,0.8940690582579072
4647,1.1591303141648648,16.999802813764067,11.454146428835022,1.3885136455741556
4648,1.1581721335523314,15.773518740691593,11.355689119721815,1.235235766490234
4649,1.1596249483586663,14.858404007514322,12.026524703148281,1.7659716243722399
4650,1.1579314009831914,15.977250713089479,11.480181737187207,3.987271503961506
4651,1.1574953645462251,17.056870495503688,11.377010150648703,2.040216894707677
4652,1.158481389264493,16.04693194242044,10.99597328412368,1.1644859794542053
4653,1.1530295898622989,14.865135316657483,12.222379472519314,2.4308095222465766
4654,1.1595542515449098,13.123604927952005,11.85268550351506,1.144213004490779
4655,1.1604239759525234,15.51769310703225,11.593462074801417,0.7874129507830888
4656,1.1572248105269216,15.34066881646114,11.138305359854547,2.0423468324759337
4657,1.156438902850984,16.661330294357523,11.313160519938029,0.983096331172337
4658,1.1518898946997684,15.343170572218137,12.729453403306877,1.2651668201124529
4659,1.1523689584646881,15.094802459189886,12.425495459390943,0.7205021682888967
4660,1.1562660782696335,15.339238690314334,10.775476192092423,1.0906327163337268
4661,1.1561009226036487,14.666800288542577,11.604022866341348,0.7052015213677881
4662,1.1558390210493035,13.87185164756804,11.897051976989511,1.4175038932831274
4663,1.1744227549222408,16.3285123318096,11.684959357117876,1.3784112890230795
4700,1.1813321051171277,11.927332039078147,10.60753902059843,2.3179760398124465
4701,1.1724850933026698,12.785619029137541,10.125122697319425,2.0599866012504906
4702,1.16702586230685,11.106679377269089,11.329831188031193,1.2770012333591614
4703,1.1664078301228324,10.727710405129846,10.789574536846462,2.110807657602625
4704,1.1715120344737964,13.592801136416263,9.923734495690312,5.446255053894237
4705,1.1682102860504946,10.560298123587966,11.1362335918085,1.2147702770868933
4706,1.1717207303373902,12.247724425356214,10.520005043602776,1.3089455305005424
4707,1.1728845127047745,13.818490746674733,10.01123828043524,1.2377856620030319
4708,1.1671767331767915,10.188795325202712,12.44854509124525,0.980695423584352
4709,1.1727324436315725,15.488971138475875,10.38499619418288,2.522448921246501
4710,1.1743380142524622,11.148091188968749,10.656252246358322,1.8165407007608625
4711,1.1739769644999256,13.430617116053174,10.322396067733942,1.9746780212081143
4712,1.1772497377423754,11.656591140256277,9.633679174855171,1.5614667228118957
4713,1.172627136171262,12.850130621646734,9.860218932162823,1.5372999461209695
4714,1.1689862609100425,15.708553545680358,10.333741915127115,1.9701554380220072
4715,1.1712494952679875,14.392573384319553,9.670444875412626,1.6277135306501516
4716,1.1717062872121295,12.353813811249337,9.987616137318609,2.2592754329187996
4717,1.1670960089644395,15.068627074867873,10.29133196843018,4.727729086103472
4718,1.1662293763202742,10.94726474925879,10.64767536745537,1.468551482809473
4719,1.1705588311435233,14.589561907931305,10.366218860045525,1.7410794941549346
4720,1.1684487898228897,14.540928813428497,10.32329547157629,2.651273441000334
4721,1.1689709825718302,13.197600830597471,10.326489572692006,1.811744514077967
4722,1.1688138401499906,12.374860210427151,10.434913212933754,1.7460865190972483
4723,1.1662784676453362,14.431847061229764,10.487026499581988,1.8779655077241717
4724,1.1652941360813573,12.825126183265795,10.981544444686783,5.133976227811009
4725,1.1690549485709762,14.079056204273337,10.41573611559269,2.7809622216289682
4726,1.1658035424458781,14.404233498792642,10.322767393799529,1.4573132597162968
4727,1.1655365016247536,15.095411946803917,10.577674698395985,1.586738381435437
4728,1.1700787934704315,13.385052111629594,9.864137452160758,1.947935448444396
4729,1.1621947818324774,13.040979120727451,10.693302479750912,2.6347532465340113
4730,1.1634144023568234,14.77960677262794,10.514699047684188,1.532670954978301
4733,1.161394988498841,12.512977706352718,10.466819760044803,3.4403379913387595
4734,1.1619266866785787,13.8341642883733,10.978354324061435,1.605354712133647
4735,1.1601698278685684,14.293829688542264,11.036771095453334,3.765746056216877
4736,1.1598755646824563,12.888016559138245,12.07744615189598,1.264014168994463
4737,1.1638227797330447,16.222611962134675,10.971379084708516,2.90528378690404
4738,1.164946236058795,14.447746011946302,10.275370489452824,1.1728777837147666
4739,1.1605213102891752,15.124583239130603,11.065183266107718,2.4232751449992063
4740,1.1650498848879671,13.636066675419887,10.637051511644298,1.6597033294906607
4741,1.1599729782131725,14.204885490764163,11.11526851090092,1.7219469187333587
4742,1.1657005996453293,12.922378162856367,10.191073177280797,1.5266541776342153
4743,1.1600139487425292,14.23570385463346,10.855725045156456,1.4840441218553695
4744,1.1662105590411356,14.850662420548966,10.159955220725347,1.2558057747684999
4745,1.1610745717189772,15.121293382040495,10.947225652256254,3.6614537626501447
4746,1.1604655445356515,14.565524173021,11.226857091059939,1.6499643049440476
4747,1.1621110076147503,15.45779308205892,10.528887684438777,1.3592177561690826
4748,1.1617980377275183,14.238676055362811,10.711836178859912,1.5249024959821775
4749,1.1594944223620625,13.582973978798318,11.003873838480343,1.7009211469356982
4750,1.1595829073744182,14.184950672816223,11.093789217168922,4.3335613438469816
4751,1.1609509540664888,15.371766583628462,10.794038996977674,1.6247992694642104
4752,1.1613978471331283,14.605755173593543,10.324614621824526,1.228918636581116
4753,1.1547583900081395,13.247276596762172,11.868820657513977,2.7088415181746566
4754,1.162693505122747,11.824192872192546,11.825302097664906,1.2005539768451021
4755,1.1616343326229668,14.134811255810067,10.769502415320007,1.2691497842582828
4756,1.1621786175876763,13.686799751953963,10.406336201714378,1.5185369661321841
4757,1.160290224394079,15.235325917616239,10.292326103613066,2.3435044646083374
4758,1.1559190247829882,12.902173233772455,12.287634676375195,1.496913111184951
4759,1.1539095760257476,13.826683373748452,11.94427198351328,1.6654068436648408
4760,1.1583381220943951,13.756020631027694,10.328380706339434,1.6978424820589568
4761,1.1525688378236265,13.60968215396387,11.32444814280467,1.4724151381461725
4762,1.15967160739758,12.303183147965315,11.358883745011038,1.1793146882670775
4763,1.1730879035738853,14.776443825997847,11.761977195717716,1.482968600121502
4800,1.1821815359348429,15.120986907873613,11.11040748509492,2.1782300715695677
4801,1.1709636421798835,16.233213575234675,10.570191394568685,2.6691334305814802
4802,1.1678715483783357,14.430991842138068,11.382636513967022,1.7134350735009
4803,1.1717289087047844,13.736820481146662,10.573330239999505,1.5844076636255104
4804,1.1711475894810734,16.943472446444947,10.459402681237743,3.558850575582947
4805,1.1694782161982606,13.97981490526918,11.614724353856607,1.2407238549062805
4806,1.171998599809905,15.891554910349539,10.726057515541976,2.2033128975447234
4807,1.1750953244390419,17.009595256537665,10.02650619540033,1.9792725568294047
4808,1.1647324653474056,14.195083068104772,12.77494209465579,1.914976005311007
4809,1.1749767939386955,18.710696089582722,10.491710787785218,2.533244068724942
4810,1.1744890273042201,14.771501835415012,10.726535086936433,1.6670875575101243
4811,1.17426842962492,16.981327677287773,10.662580654824783,1.9168977826517444
4812,1.180498578887947,14.858187525278211,9.926399118549837,1.2399762258799532
4813,1.1729648137080155,16.319819245872996,10.430575673952285,2.0367793316713776
4814,1.1715790849207406,18.945230585726485,10.720083688228362,1.8028874282145526
4815,1.170786818125624,17.89656719469867,9.87074175402718,1.456346767473412
4816,1.1734485736610107,15.640244573954636,10.127099589413609,2.0774065657705876
4817,1.1682778807868766,18.48101660732506,10.824639449045241,4.76660583653577
4818,1.1679959371371351,13.958996916938615,10.98904937881547,1.581435283297741
4819,1.1717871436317626,17.709799788918822,10.571481655784533,1.774845097216765
4820,1.1675899961646328,17.76233576465451,10.465081887681926,1.8438868144552847
4821,1.1707790602912502,16.419812408830367,10.49579503707761,1.7039229339548527
4822,1.1681836031317543,15.989580646835758,10.880186579384851,2.3273658805158397
4823,1.1691590803209393,17.363071698704704,10.506005078896877,1.7803734273798892
4824,1.1647128876652832,16.229095699528465,10.959537830068415,4.5869246282567735
4825,1.1689239921877868,17.441662895185466,10.706041295110168,2.577376357021579
4826,1.167698815162681,17.953688213337013,10.803501530179368,1.6722020410914948
4827,1.164859211103513,18.66845165770366,11.170297483771883,1.4757197461524751
4828,1.1695737263577375,16.935987353306437,10.15313906389921,1.170664147626489
4829,1.1618185711500335,16.285082498060582,11.067261093602237,2.5291456753011334
4830,1.165192011239419,18.13159616564556,10.98894206325029,2.1347185303489282
4833,1.1575282438735088,16.54562821629964,10.847518506362242,3.1977818643543845
4834,1.15867078612411,17.52484278464107,10.89070930026129,1.6640316887477529
4835,1.159510073418431,17.581713574247,11.454251670932635,2.73926557089523
4836,1.1591612603061388,16.39786062010195,12.241104561849621,2.0864354253341304
4837,1.1639847036116688,19.433801390752343,10.840468678335847,2.980451891897962
4838,1.1658245699607344,17.54834603262118,10.496569939141988,1.290063605247319
4839,1.1618620339012529,17.980145024710794,10.779584386560243,2.4300233321754185
4840,1.1630701964101222,17.116547783523945,11.223226244236532,1.6332249463301636
4841,1.1602264343924453,17.649278499687842,11.287492864642955,1.5738716311367476
4842,1.1630387353517357,16.396414065929644,10.934590894479845,1.2015200787805498
4843,1.1602377468289753,17.8579084696072,10.855376465068234,1.4629099221271515
4844,1.1638622792217503,18.42570751019058,10.407340836036044,1.4230217057706862
4845,1.1597248462345353,18.630521590358406,11.315769010550463,4.124260742702768
4846,1.160033366304938,18.3522647228425,11.380800673606648,1.7290497952137889
4847,1.1620137304694433,18.79169737777661,10.911471844850762,1.2679581446814003
4848,1.1627390224525245,17.673059174552474,11.278801505359263,1.5173153071388137
4849,1.1608281145182842,16.991305887355566,11.129212469415037,1.403891521613576
4850,1.1606693324451258,17.655686976695474,11.228732174247932,3.6471879096142636
4851,1.1620699562957508,18.713547833212175,10.982623873107858,1.8151390405865995
4852,1.1649170971567366,17.77999744243903,10.658607224484175,1.7376564825138212
4853,1.1552372146629537,16.985276059669374,11.677038897567213,2.317871906596093
4854,1.1618351213558578,15.31550411045039,11.76699410340109,1.6110378245106338
4855,1.162196967229583,17.605159071799317,11.034913801168766,1.5705685107458764
4856,1.1618021426490859,17.181737781014743,10.48949810875521,1.818493922189502
4857,1.1612142053684456,18.41917318931015,10.821438240734283,1.3246679992485888
4858,1.156100032670313,16.572959620521424,12.266578525404153,1.469477572354427
4859,1.1560169352293819,16.662579246431473,12.26692742315192,1.5762672089805874
4860,1.1573492405815584,17.315506076938103,10.437590835012552,2.0476829151514804
4861,1.1525284509720166,16.979167298204683,11.674786235754148,1.7794301763701912
4862,1.1535341971210276,16.41836738530034,11.544002054286958,1.3669051252389275
4863,1.1707503989201586,18.49261906857115,12.3209304547068,1.103008837815958
4900,1.1854306352921222,13.087223410894275,10.923516827612538,1.8867528756294678
4901,1.1732199748997956,14.274338465464966,10.771970261225539,2.6429548909741234
4902,1.1727100149360061,12.057342762582461,11.485267863044347,1.311551351382777
4903,1.1704811947381213,11.618314482780878,11.378035507405782,2.113904888953518
4904,1.1749948316413537,14.807010324868367,10.626250509551847,2.0637908402533163
4905,1.17151036162551,11.670906790248978,11.803391216591365,1.1626881231886144
4906,1.1748712544251436,13.418251875599571,11.158925943627198,1.5588113154688645
4907,1.175458217928528,15.092583611152456,10.792359714783977,1.3609806950479093
4908,1.1667053207078855,11.75091279368676,13.102863424926998,1.4787212358681596
4909,1.1758197663153143,16.67635361117749,11.004071432453173,1.5970564047754523
4910,1.178240139168526,12.42215837277326,11.075107459985473,1.5399309271471364
4911,1.1740322061242339,14.519712014712661,11.127256137889644,1.2877870786721053
4912,1.1809021057295548,12.639190277837361,10.64538082061937,1.3516260102910835
4913,1.1732411811028611,13.72538286953987,10.740599337749403,1.4918598938832128
4914,1.1707767325822473,16.75940857366451,11.092606972911451,1.097628449774635
4915,1.169846510511856,15.427302919294078,10.341683573161527,1.3731715367855157
4916,1.1702913044892151,13.530152946901445,10.904397669013902,1.7771578982575211
4917,1.1646596121842316,16.583726500626433,11.431352609839646,4.911638786828573
4918,1.166767824856122,11.831897535282666,11.015622429019013,1.252210895246071
4919,1.1718016129009907,15.797716260535335,11.118491292945617,2.020082802669723
4920,1.1666788680594884,15.378060190987828,11.268342350776674,1.5298582732462733
4921,1.1701375699173762,14.44230673209353,10.889063538222713,2.11390784145561
4922,1.16739994901798,13.791928860571767,10.937966672252006,1.6821520506654304
4923,1.1694396374633402,15.420831200933677,11.162099976082695,1.6316875117875433
4924,1.1630437375841023,13.897520623393644,11.670665322055553,5.692101726736118
4925,1.168772066974299,15.169132968793887,11.109586395513515,1.7767171924350287
4926,1.1646376144298716,15.328622956155469,10.895603233117685,1.3389300255213838
4927,1.1622641316082019,16.729909481801442,11.712289291694933,1.5637252827998704
4928,1.1688982042985023,14.739504402723659,10.564485356582448,1.4352669033609622
4929,1.1619325611034275,14.160166588679964,11.652832432954758,1.98352312311434
4930,1.162005727486477,16.07727792586078,11.169725765771707,1.3636455468828779
4933,1.1553200053000372,13.916746728232285,11.406743896042476,2.9781026824936223
4934,1.1590796669326848,15.167940342710034,11.382053641474535,1.341617267317944
4935,1.1593337974180424,15.46641533708653,11.506786611692055,2.8939694415807904
4936,1.158204094590994,14.183775065269554,12.502330072219863,1.354390850063836
4937,1.161115604041391,17.225413227623523,11.484054976747878,1.9723460214828874
4938,1.1647347547269078,15.496885923196194,10.774157289415227,1.4233452140995964
4939,1.159597738476021,16.06441267307235,11.730470459442216,2.176280522371956
4940,1.161267467873329,14.678686488423036,11.516199675781921,1.3268009549845743
4941,1.1591404484939067,15.444698949509615,11.61072891451911,1.418392903072505
4942,1.1640551231023766,14.159511275415085,10.91245992849639,1.0530146128310465
4943,1.1589348777535595,15.314039442402123,11.459098941384429,1.2614899867810332
4944,1.1639729283776166,16.0383626489542,11.100680180653054,1.1892432873734025
4945,1.1599348954177298,16.164787545506954,11.597221761834959,4.694713133427298
4946,1.1604184438605853,15.65998519499551,11.684818849609698,1.0667461538515588
4947,1.1618585181578454,16.776623387719106,11.483784077871617,1.453145487303178
4948,1.162868184331754,14.993426489688604,11.563642920980385,1.6771356451450434
4949,1.1595051203299118,14.57206455992746,11.911698531759063,1.7440160269177978
4950,1.1599725523392097,15.400798498822347,11.409543760143727,3.679101490028973
4951,1.1604470811918115,16.541749781151843,11.300856532167453,1.4361239697221213
4952,1.1618015763014768,16.003777909567308,11.385811830244815,1.1413772527115242
4953,1.1570674097218128,14.501258172383997,12.134355203945397,2.0371974697196933
4954,1.1610779180197015,12.91705228774518,12.007047941986677,1.4335183243632006
4955,1.1625609157107213,15.113799136351489,11.537522354997149,1.4347736321670044
4956,1.1632559755885468,15.159655657038185,11.085936189619684,1.5496279456680913
4957,1.1631565063234603,16.047931640753475,11.228931984258226,1.6121871161646255
4958,1.1552158582801457,14.43762950573514,12.661707138979146,1.2705726699985471
4959,1.1549034911784513,14.724219245909966,12.558256776854773,1.242776547555043
4960,1.1594798521733902,14.79290606391461,10.808549785415455,1.7865158720446268
4961,1.1551011838723615,14.283010144766331,12.362082461156751,0.833175471961949
4962,1.1598937146134378,13.426831973051323,11.732268929954207,1.194076692912422
4963,1.1720095035710811,16.25590560172272,11.870075852310487,1.182785714822589
5000,1.1857448773695238,12.954910060100959,11.122947270576617,2.113969321588774
5001,1.1733913763515091,14.426949401071454,11.149476224428286,2.6262629104719863
5002,1.1683935723547538,12.613184965004688,12.081300285571501,1.7667072818908331
5003,1.169020782861346,11.824256316162796,11.573905160018056,1.344259216847369
5004,1.1746319785600272,15.115612428653048,10.985245705128449,2.023855929904038
5005,1.1712401608747596,12.139176428478248,12.107207594148734,1.4566091277425552
5006,1.1731213017501454,13.8243519467053,11.494110632998128,1.7205064699316084
5007,1.1761215306535113,15.485224916005789,11.063486191850767,1.1833873651161428
5008,1.1669251430931107,11.77067960646493,13.221242229987528,1.0524709995327333
5009,1.176836628148734,16.82540046925386,11.057467185401922,1.8838699144609146
5010,1.1762340179236062,12.489260605706358,11.541730509298272,1.6338078894768304
5011,1.1766719665410583,14.958162395773275,11.376889734374897,1.6084954932937843
5012,1.1789050434589279,12.766568344313544,10.768817815076915,1.1811724499091094
5013,1.1747194341953344,14.34324593354689,10.913671161603636,1.0329612470810976
5014,1.171296907511411,16.96131257636319,11.358004516765853,1.775860066797834
5015,1.1697474777232495,16.072739135348346,10.857444865385741,1.0947719234167175
5016,1.1718674891102738,13.7588624784028,11.273657412202745,1.5154003461702537
5017,1.164382314174292,16.410828948989106,11.671426810491196,3.8403323117354757
5018,1.167349535623007,12.056225158253085,11.464909215588941,1.1501569103499114
5019,1.1691577354830658,15.942276975155167,11.38801504029556,1.3671038346276339
5020,1.1668042196005526,15.794070345516293,11.137002806878309,1.5037592243780558
5021,1.1693156674068965,14.404317099081643,11.392866120710321,1.3850956443716995
5022,1.1655318281756164,13.928310782185235,11.57373061852776,1.3568508889503499
5023,1.1654579681998631,15.652621685480067,11.570325436403436,1.4873482136994098
5024,1.164232010140881,14.242976078980922,11.544106569838824,3.1677412230855406
5025,1.1654752245894666,15.590305881058686,11.396001956780752,1.922282148612522
5026,1.1634195970674095,15.769932220031416,11.064604017418212,1.5436919645499145
5027,1.1614079169242062,16.99293758958154,12.089438265294923,1.1700250433263781
5028,1.1672394248832754,15.126426147809426,10.821890889091886,1.4142402825733722
5029,1.1591926314515597,14.214523319924426,11.711272310224528,2.0369968608895177
5030,1.1606549535704298,16.29976222491692,11.575961514278553,1.4523395412678075
5033,1.1537610559282183,14.198189698671685,11.468672592445856,2.556897467429976
5034,1.1579089580402973,15.528942120822988,11.463242420026948,1.2144548524274998
5035,1.1561090394003501,15.818829581635654,11.821466980275623,3.2849038801938386
5036,1.156911224055598,14.610814047088983,12.746268007139856,1.4970789430319755
5037,1.1612142513789505,17.116085036069535,11.762175828361432,2.2354522134800785
5038,1.1632961674741409,15.593469326664904,11.276026695389463,1.427869984189321
5039,1.158617961084099,16.274974549867125,11.978571509703109,2.12513567402862
5040,1.16130459349945,15.052780777392663,11.75319460897809,1.3236184065125778
5041,1.1592803932618871,15.303206254398065,12.264390375424611,1.4404745799465095
5042,1.1617595375565546,14.266728209035001,11.855505881530084,1.401576719877831
5043,1.1569163192351797,16.02558056581688,11.579515275986164,0.8673090101481251
5044,1.1624825190352541,16.31204997101209,11.175311154873544,0.9388891264908181
5045,1.1597715397480155,16.619488325120194,11.673414049048896,3.552741409291759
5046,1.1579133514850934,16.21132543497948,12.104382354961526,1.3960092173878236
5047,1.1640288204184923,16.731975917717513,11.339402579883055,1.5841565890561167
5048,1.1610528435358114,15.578812034083725,11.61105031258069,1.4753463374808884
5049,1.157761590989752,15.260264838280289,11.984213730164761,1.91012955733044
5050,1.1602475809113042,15.808279892916474,11.838545886140917,2.6252959391700794
5051,1.1605550829340046,16.732654459454665,11.648628780216255,1.1772736873695535
5052,1.1631198144969606,15.982308876651809,11.41133235098073,1.1098464485254305
5053,1.1540618585929021,14.75442319225935,12.245221441417613,1.6669317538967727
5054,1.1613538818047777,13.153717025213293,12.081104543819281,1.2859227229425332
5055,1.1609274745030724,15.684976280300527,11.61584215355956,1.1413462277821083
5056,1.164203566454578,15.407648914929844,11.378566986292995,1.6469783577309958
5057,1.161569103752029,16.53210163100924,11.394320068567835,1.463299585208688
5058,1.1541980561743272,15.039712293820825,12.937297984373272,1.4455937479134926
5059,1.1547016231911704,14.741023244253318,12.725196642766436,1.1971227823906718
5060,1.1587494681215884,15.289221411217884,10.965220414827948,1.3391667391821702
5061,1.1559620211781911,14.393284183521114,11.897666396161362,1.2564759505148242
5062,1.1570044841247742,13.747083385937039,12.055604962854561,1.171932043986832
5063,1.1713988862670346,16.154541195350966,12.095664134781673,1.2445009399241695
5100,1.1878676470006209,10.865414580984352,10.890009656616456,2.449195162323251
5101,1.1794335535682305,12.246684838151607,10.062929504045801,3.4668233614518584
5102,1.1793119218927495,10.445095873377138,11.170252139063125,2.39965249091915
5103,1.182231846286748,9.957832734694913,10.535508547116796,3.1838514483805205
5104,1.1854725050771984,12.825945462276787,9.990731553868141,4.401418831898065
5105,1.1825676941611005,9.991524600120384,11.067380480894775,1.705584970864251
5106,1.1850006942451128,11.923105993816582,10.386448232226655,2.83854698082685
5107,1.187893441902395,13.380953104771141,10.040426554810612,2.240311280954837
5108,1.180161320245364,9.599870489947854,12.394038481272542,2.4090002063896154
5109,1.185836541457327,14.786110235239962,10.491193235754357,3.4010692671130736
5110,1.1863918318245426,10.592548114084613,10.573829325378126,2.0499208088027707
5111,1.182020930666728,13.02614482811998,10.405756944781144,2.0919244340756817
5112,1.1898669804256357,10.711293426724735,9.9585216922254,1.8636479009416222
5113,1.1851420073332115,12.129511090429942,9.958364569362173,2.3910464527366195
5114,1.183407578654688,14.509513478033655,10.529749157129794,2.261794445908502
5115,1.1809320674307262,13.554827022157,9.73889973364295,2.392163107114575
5116,1.1802562531045402,12.067100903260096,10.183496353916118,3.1054257535248175
5117,1.1743593155957412,14.67387713511838,10.760638309636212,4.908964112958228
5118,1.1771211399606456,10.135266075817222,10.575522238075532,1.9940491847260355
5119,1.1776611377930457,14.032633819427856,10.329408673588873,2.4190814245283017
5120,1.176010397114805,13.732824596722356,10.526438233211788,2.5718344477606587
5121,1.1785236183751349,12.500029830924614,10.390407435112976,2.0737785132607365
5122,1.1745906015084566,12.06042661072387,10.662629569414596,2.1510470490087426
5123,1.1743009767379216,13.360861385618183,10.535969222825,2.2969320681817065
5124,1.1728168585626837,11.984911962631905,10.514283799652825,5.641607739970132
5125,1.1737401904015694,13.431412468263115,10.626105213832542,2.4397895471797644
5126,1.1749311290393933,13.44432252283838,10.063980187660889,2.4641948847860453
5127,1.170159835157691,14.379793692522892,10.80673037306367,2.1012914019631026
5128,1.1738323586386399,13.034841798546784,10.07940530968716,1.8042560489612893
5129,1.1698135107793957,12.144570052880598,10.511417639966666,3.0122255760936443
5130,1.1699525232878163,14.10544370286146,10.688490953669996,1.9124211708627372
5133,1.1662532266506231,12.06472227153153,10.837973206676025,3.4414699134295597
5134,1.161572740050208,13.256596535338616,11.051829129812047,2.369599140171642
5135,1.1648992422723858,13.157327381756767,10.938782921394635,4.7844764838740685
5136,1.165555946842897,12.105537614245296,11.527101176373897,1.917837217142139
5137,1.168133208390025,15.173416179945551,10.768778255981175,2.99316016274963
5138,1.1706108804593678,13.460390374483739,10.032829902063357,1.7744053732356304
5139,1.1671999806315345,13.909866937852723,10.823109591791281,1.8940256894085552
5140,1.1671080504078273,12.925369653536187,10.971204930884083,1.884764042688218
5141,1.1680536820078775,13.163405966251178,11.116066412688944,1.6277998798753337
5142,1.1720367111299497,12.319337430255631,10.609764578676147,2.308266176687119
5143,1.1661365959583543,13.383356204156259,10.784204056645901,1.8053143698580916
5144,1.1717903215700014,14.034891111186152,10.386112491969842,2.040868372397624
5145,1.165366266969544,14.546584957508,10.71706233921716,4.643583803818672
5146,1.1684011687582472,13.938971000549047,11.218258797341317,2.153727203936488
5147,1.1700964890375376,14.86069937209749,10.86735703424775,1.572377559139674
5148,1.1697573270763393,13.452581711767515,10.834717687658504,3.0049464750355033
5149,1.1662494258628975,13.00183923596066,11.128725049070647,1.2776154049030237
5150,1.167733122043279,13.684071666635516,10.95810506358728,4.2152490329754695
5151,1.1682139629445822,14.995617158757193,10.753958703710143,2.0063110770791637
5152,1.1721519924776538,13.911005243955023,10.590905202819734,2.857502177677952
5153,1.1663826727285451,12.653603254691184,11.436441972900989,2.371600922104856
5154,1.171331253186621,11.052014652404415,11.537394121217016,2.116410151503392
5155,1.170411457507726,13.583787285469944,11.016127102544322,2.1160247677441713
5156,1.1714627986387738,13.311967009171978,10.266544093275378,2.8828608611369355
5157,1.169192765262356,14.367886748902762,10.53714352442811,2.2593652171532335
5158,1.1651114070814506,12.673850768295926,11.943199926054477,2.5578028673220543
5159,1.161768162692072,13.020701358390635,12.078223220722023,1.4439708528408481
5160,1.1665184520491365,12.639384688827638,10.383374372416029,2.207651857629336
5161,1.1640911956444164,12.288528639000608,11.381775859159314,2.7615227707602497
5162,1.1608807752129173,11.366465507279962,11.259565275291267,1.8709996788914727
5163,1.1718906436214696,13.869118183526203,12.430638051745676,1.7453060683417538
5200,1.1873700479155411,13.091997488526143,10.915955844781985,2.4357933708591397
5201,1.1756045874941856,14.4984393719879,10.428117750469937,2.6968231420677125
5202,1.1734858168014732,12.65272093476545,11.456214428783502,1.4699952693014222
5203,1.1768026346790896,12.160053750058236,10.893586743728358,1.6534153787578674
5204,1.1792743292238872,15.405973389232097,10.28126908201009,3.2451116081538025
5205,1.1766754777434705,12.378041319416255,11.579429568643004,1.5331682493350887
5206,1.1787852144927573,13.960436528723593,11.220784489777206,1.4478936975402545
5207,1.1821824904868,15.203422911096744,10.609150492064416,1.8414850667530553
5208,1.174154172829675,11.675469573264929,12.721916958958214,1.542718124461587
5209,1.1791829691682316,17.075980430854745,10.843065506484699,2.273273145780631
5210,1.1797418531955874,13.052957590863121,11.157221313145298,1.6343423974511535
5211,1.1779708650031995,15.144927547653488,10.833039831394608,1.7159459256136937
5212,1.1847583642731643,13.188565063036611,10.362975696325728,1.5484769025497875
5213,1.1772153813786457,14.33934115603631,10.415088358572392,1.8457234478597897
5214,1.174556924982278,17.107556543187002,10.797367114719751,1.5754063433919847
5215,1.1742154206410913,15.879022035507907,10.22080872107623,1.0530341281275453
5216,1.1721346762907352,13.992349197486801,10.663487257664096,2.082435964790746
5217,1.167709513893817,16.64796696467665,11.208578208515856,4.639038271843281
5218,1.1689189039777814,12.419302428091964,11.078076125771727,1.0121973735430945
5219,1.1728004370215286,16.146838647314404,11.120849843072694,1.938612652158991
5220,1.1693171384156356,16.138265341431104,10.891855865543516,1.6318863419354703
5221,1.1697564985259543,14.890243146706672,10.710885193843353,2.1995784936080063
5222,1.1676375422328436,14.207876800664765,11.04133319529016,1.8779197237822158
5223,1.1685152458062928,15.639473837755412,11.082997974797028,2.3083334465739944
5224,1.1662977828569843,14.320451145693298,11.30028989047763,5.7405400496082315
5225,1.1679508880237177,15.52960273024137,10.856482862218831,2.328519498563167
5226,1.166012756637104,15.829935535648946,11.042092284903708,1.3138965714406001
5227,1.1611576019013752,17.09086123248668,11.535254343127688,1.9884044837503976
5228,1.1665985589214618,15.194171473148693,10.88384623665397,1.6275303544420243
5229,1.1635053550026775,14.17274587716632,11.418723967032433,1.983792587358729
5230,1.1601872704540521,16.54090114603836,11.081942963452347,1.6739093355236125
5233,1.1579082206482982,14.356465967657803,11.241659598024343,3.723708533270858
5234,1.1555690798888156,15.746801218438838,11.28536954413409,1.0800139042666075
5235,1.1570185898226126,15.746018931181359,11.405824151421042,2.647166162457324
5236,1.158049601185375,14.395969170043381,12.508227419314084,1.043202471850565
5237,1.161662126209892,17.440190939583797,11.437643825843997,2.8441501780617275
5238,1.162639888003486,16.201397765577045,10.891282386966262,1.289460238585845
5239,1.1592364885093813,16.63326091311205,11.190100944003223,2.877300435174631
5240,1.162148898943946,15.364315054426061,11.440278697396051,1.2807782771047984
5241,1.1603593848371494,15.688753903579153,11.479088933033022,1.9612405886060182
5242,1.163242139975253,14.775307723594459,10.87899066125203,1.5113099913430408
5243,1.1594771749885413,15.90694694694142,11.123991452171822,1.2576031185044887
5244,1.1642087544395687,16.689567141955543,10.727776266458571,1.2913261350155036
5245,1.15668642542149,17.16876107338992,11.697246690453747,4.471197821389986
5246,1.159784965597539,16.324732543637626,11.581789401277147,1.2991649219701806
5247,1.1616442557743092,17.23776588364399,10.957328791855767,1.087296416435414
5248,1.1633933952733209,15.63872652031367,11.516071032599708,1.5137723184822576
5249,1.161097228551498,15.354248084377797,11.485557215034417,1.5637264672297673
5250,1.1624544215422419,15.68028701351739,11.72755745001619,3.83362996536874
5251,1.1630470817918686,17.180645954296065,11.124381564366798,1.2924958246820708
5252,1.164123032425984,16.36474562478497,10.97572620662635,1.408351878763107
5253,1.1579306230409385,14.931418599636455,12.171141876429374,2.324979870357372
5254,1.1653360361411893,13.485436345485736,12.02529506997455,1.2653785287390724
5255,1.1651981703562675,15.842154456920067,11.28902651233909,2.1033843898075313
5256,1.1664681217465536,15.398982552518754,11.021287178111619,1.2159600047463477
5257,1.163730178235143,16.830869995662752,11.060683742320148,1.516260458180938
5258,1.158977716781506,14.951279797384084,12.459088525199855,2.8800542697003637
5259,1.1563870672651644,15.362513226910341,12.502382694151317,1.3423903643061643
5260,1.1593736581897094,15.41889983335881,11.093595368169863,1.4057542522674968
5261,1.1551351266983925,14.684586454046228,11.811878647147198,1.3177751129643853
5262,1.1573110801816908,13.852400030615193,11.786236631246679,1.968918688861225
5263,1.1713927931819035,15.641045600428654,11.92054339690537,1.3894712410079777
5300,1.1902984812299668,11.516487903810482,10.56773084392407,2.7357869327277835
5301,1.180646966607691,12.834557883948177,10.189097205770613,2.9278279739491846
5302,1.1761264954535509,11.271824048755093,11.115562466838718,1.2433527810192606
5303,1.180020073289842,10.92704448217147,10.980979459395003,1.9189366325311117
5304,1.1852433344140296,13.735538452018162,10.179077942619342,3.7182164312110166
5305,1.181330577513098,10.799051289933152,11.439037961550444,1.3384651248707498
5306,1.1832122182627312,12.531231943598224,10.595727876867183,1.5614109093514306
5307,1.1841050788610634,13.920942374212908,10.197439021186925,1.0388152472349463
5308,1.1763272150698008,10.362824339681643,12.758210978630647,1.3202660185076138
5309,1.1820254040331915,15.625068979196842,10.481749731564687,1.827438850212539
5310,1.1834524107542062,11.443886475056097,10.88610726164825,1.6851887210248644
5311,1.1810044295535056,13.564988879053663,10.580270256179643,1.6329786774143351
5312,1.1859604569114555,11.62305809813385,10.355329238999854,1.327924281186812
5313,1.1789506606051954,12.980164677536228,10.309871177257603,1.157287188541934
5314,1.1793178184433915,15.311595505093504,10.49285763044527,1.739771049719166
5315,1.1774421228088998,14.648987974390092,9.818741961489636,1.2494930000585178
5316,1.1765848742034806,12.705149324962134,10.42696551884561,1.754832611491307
5317,1.1710164425247442,15.250044035236987,11.017135871630563,4.650346966905588
5318,1.1725182843795732,10.707276902478949,10.954525666766378,1.16265632724578
5319,1.1736431422284748,14.419123606345511,10.631910388622723,1.8537735987173494
5320,1.172184647246214,14.327110430880058,10.647187057138893,1.1434742194689003
5321,1.1737259666491853,13.05498854175286,10.865995029737439,2.3166167222807936
5322,1.1694838351011285,12.497762415490513,11.035110764800024,1.3318358499036924
5323,1.1704015621402633,14.113585685550559,10.8843156791551,1.570295387335208
5324,1.167555531041197,12.740359899867514,11.011405448929338,5.12526360625768
5325,1.168499049272955,14.293081800107126,10.959583279576634,2.659334193645772
5326,1.1681085261216968,14.439148468335151,10.679091160546704,1.0450459551083582
5327,1.1611683603694332,15.532331993928679,11.386981624604372,1.2050309778457218
5328,1.1699752688288387,13.41255574612507,10.617125586090296,1.032011804042239
5329,1.1609744974850333,12.815726579748091,11.134867910045338,3.5676259343805867
5330,1.163429453209924,14.9453498199274,11.034886574561733,1.317408361929066
5333,1.1567619983156638,12.94602445504503,10.625826307681443,3.733746782375049
5334,1.1594018228217828,14.001032090525644,10.960251513431034,0.9643347877409709
5335,1.1588676930671893,14.264671941794907,11.22150602959528,4.150111420960321
5336,1.1586688639870941,13.260044555707225,12.260340995251964,1.143807460614527
5337,1.1619536273456355,16.037093656221483,11.028515124369102,2.0589860088733425
5338,1.1641292059331778,14.263224194812548,10.602888840937206,1.077596190955398
5339,1.1609329701601185,14.730004184207784,11.271232848713638,2.101644915592163
5340,1.1621818751379944,13.635188396996607,11.189208464934678,1.230047682754114
5341,1.1615516175761784,14.346984406288296,11.393961813252494,1.6649043158193069
5342,1.1626755834942377,13.38710037764216,10.765216964905719,1.2394281841840753
5343,1.159220312404683,14.68825101026146,11.006241388081303,1.4679735469955673
5344,1.1629176830837156,15.060389283533741,10.494404135173049,1.0542921276492594
5345,1.1605516732836367,15.348136866213515,11.127702864881478,4.116354667363134
5346,1.1619012026081368,14.734031552880607,11.293967914814864,1.328320738340375
5347,1.1644432450574602,15.356853505507406,11.245866375443788,1.7527770339010977
5348,1.1652489686254526,13.894078069153306,11.188365765288653,1.4335585498858405
5349,1.1647344014692167,13.468043121114372,11.277121354314016,1.9608018806245315
5350,1.1622099899582752,14.264182205410481,11.26409614489103,3.2775436991265035
5351,1.1637060895781648,15.52829054234136,11.084671072758724,1.8229173055128756
5352,1.1670779214467926,14.623600854261479,10.57019871017836,1.0548026897121436
5353,1.1613584655897218,13.669680947057966,11.692661589769372,2.531358039637495
5354,1.1647512577904042,11.980272783791897,11.76978254544021,1.8165045618463083
5355,1.1671729479548174,14.226173951874644,11.207352561496332,1.7892726849264189
5356,1.1691600546123857,13.471385751411113,10.655252167868582,1.2341343926712174
5357,1.1665713395528008,15.055963071419795,10.875261501021965,1.2928416898443702
5358,1.1597593095427083,13.43705053728511,12.508568731853007,1.6361395183468235
5359,1.1584564187300246,13.791124007950208,12.1858429179805,1.2009985758754251
5360,1.1634247337523262,13.965511361273403,10.287366204975351,1.711603338253461
5361,1.158077820257397,13.125897599318323,11.611970402123562,1.4130207890543305
5362,1.1584819040051806,12.009631385934325,11.341325135619963,1.2915267537194335
5363,1.1723932071984018,13.745876546997165,11.963749448304796,1.5183980326850413
5400,1.195857775850548,13.085841524492421,10.032616456495123,2.8472383581019547
5401,1.18481312106578,14.835744445055123,9.735879829469551,2.6240360079322484
5402,1.1826060487571006,12.997881361124755,11.014199358064623,1.7232805089601184
5403,1.1840361143934495,12.57926085896843,10.257571947883266,2.2299776261601507
5404,1.1893805747185642,15.621355979742246,9.914497525030194,4.144173542235811
5405,1.1859566245891773,12.43581000410429,11.05783408353316,1.9448286152010867
5406,1.1897927101418286,14.130931693120452,10.389829652500312,2.045921009044667
5407,1.1902872974790661,15.903462533277112,9.979241195635646,1.867787017064611
5408,1.1794735297707166,12.023990202490966,12.490547984152835,1.786356053782889
5409,1.1893422267882774,17.06848032384589,10.074531792557453,2.2059455130002665
5410,1.1864096750889133,13.477080284284328,10.275453702948031,1.89136063253385
5411,1.1854781482290855,15.395546980895821,10.111024031431796,2.1618489821232676
5412,1.1913631768572528,13.120075547527973,9.80820141986253,1.5330534737266106
5413,1.1874435733194477,14.51659729716263,9.987862023326176,1.560493578255838
5414,1.181380276940177,17.453437712207958,10.13380779753928,1.6753518686736026
5415,1.1810950124252166,16.20514870825573,9.690160027490542,1.2792607788605241
5416,1.181270493053175,14.403529811315899,9.881754499951102,2.3059574668560194
5417,1.1750016431018162,17.05187456933021,10.589960075572156,3.9138921231070416
5418,1.17558602354315,12.629798832703601,10.595413968731448,1.7054112682315912
5419,1.1774152557468145,16.597084904381767,10.443894171552438,2.0687218096835283
5420,1.1751939208959872,16.098954663446516,10.256307766472103,1.5375903539372673
5421,1.1767260401083286,14.951140531527694,10.288681792999538,1.6731464199520791
5422,1.1719372960883205,14.339027152330994,10.783858174493123,1.48866148964228
5423,1.1725463216541967,16.277948576589882,10.380814111477257,1.6386121473249768
5424,1.1688466956395862,14.647205865987003,10.662159838434157,5.032684388477497
5425,1.1727621179877779,15.918263962687904,10.456648328682299,2.868230461425866
5426,1.1698589452786141,16.065070847982717,10.619964308141942,1.994453014130133
5427,1.165202905498924,17.245038720724473,10.877081275657106,1.058277284754737
5428,1.1734664789080411,15.20531255572663,10.227690588929494,1.4817896041703407
5429,1.1628098311161603,14.619638443490985,10.864651053484668,2.158279803382295
5430,1.1643003905881288,16.67042267405759,10.721503186720417,1.7560651250248676
5433,1.1598692090868745,14.754103467059416,10.623807633512442,3.5585198285410216
5434,1.1595241171359012,15.891889203997646,10.872732793596223,1.5133723646348867
5435,1.1599030393662437,16.194363642959743,10.739356656189617,4.728831651402307
5436,1.1613600384294955,14.82602470910778,11.861485002988385,1.4465816797826585
5437,1.1623289705752864,17.858552751348803,10.772596762088194,2.6292374120899673
5438,1.1646877963007973,16.38459598007032,10.226424990048303,1.5805313614839407
5439,1.160588431942015,16.905328475875802,11.013744418915575,3.336689101589126
5440,1.1639763446357185,15.60840833943427,10.839000886803632,1.0327559973541849
5441,1.1616771308430576,16.153994482558147,11.06314204932118,1.1709179310608742
5442,1.164813743782562,15.27643580888926,10.514069104409291,1.2038198158417577
5443,1.1619349369773437,16.464098644316188,10.738042315377001,1.2321525019558308
5444,1.1668908631513155,16.686824530437352,10.32918819312458,1.2112808769389218
5445,1.163429557555084,16.952135219136057,10.885708611250825,5.288751989935665
5446,1.1653178933727668,16.19725458415664,11.24651652292218,1.544668195601092
5447,1.1655784695051759,17.613578786729878,10.686753713339474,1.2517504771855585
5448,1.16747976569521,15.894844840943199,10.91078192371848,1.8185051158158045
5449,1.1656171430956643,15.118900559464015,11.434672896253279,1.610786329681101
5450,1.164885935399407,16.15925985647305,10.98980415076174,3.5776448631261437
5451,1.1650214408271444,17.588853363972117,10.742456629599417,1.782777941227231
5452,1.1679286176827555,16.56039168656537,10.469728442795008,1.4433623301330305
5453,1.1619062247826937,15.518947246709319,11.284005688684905,2.2068525483618804
5454,1.170141866762405,13.983927974231088,11.464947617696376,1.4052417048837804
5455,1.1701324163477302,16.141104319921034,10.510791959196444,2.02555016188457
5456,1.1726072005692074,15.510388402120531,10.243964418190593,1.4603867926567784
5457,1.1659564219167713,16.881551591120605,10.492437028475127,1.619826263446458
5458,1.16324856012233,15.301969675838762,12.18527779496712,2.439138755770475
5459,1.1609200548103114,15.486223258713347,12.293329348050795,1.6044346574090407
5460,1.1642079771173504,15.745250303130645,10.167363904856174,1.565529038737911
5461,1.15824948309043,15.272543212838327,11.17324807817603,1.4539778925391575
5462,1.1595340803481462,13.91449020517838,10.87331326924865,1.9035641155391583
5463,1.174068539602868,15.562591026621735,11.212915055143966,2.3859472673405158
5500,1.1972315459069098,11.505900662070216,10.378860898068458,2.0800495900122864
5501,1.1860794454067805,13.115601059026755,10.394777535460234,1.4448519496089984
5502,1.1812967224228181,11.415222737447861,11.23020128030112,2.0984528015917094
5503,1.1874725023946127,10.752419943301849,10.579195233780151,1.6404065239553454
5504,1.192719302595582,13.544534792036371,10.080114712798142,3.0817447906972504
5505,1.184988183419215,10.890702327941064,11.501793949772074,1.597809228247376
5506,1.1883773088676266,12.413636879200808,10.88734749688723,1.3410948176178132
5507,1.1900058914530778,14.195522039926399,9.96168231996,1.319550785049547
5508,1.180038627995745,10.353017312384678,12.541496874522762,1.1430771879738326
5509,1.1859242062338597,15.435833400185665,10.579179728399843,1.4652191993169537
5510,1.1863385443045953,11.50268716670761,10.813431331920025,1.6993863331114312
5511,1.1859720390463768,13.553014454081762,10.6244278188451,1.3434303965137386
5512,1.1891606237956658,11.71447991978275,10.430524237396167,1.084816249179765
5513,1.1847421643630867,12.973392673359548,10.18013620627268,1.4565427958526693
5514,1.1793726059396794,15.849589116688037,10.540950154344419,1.0778845459658575
5515,1.1818528939961848,14.556836711822815,9.84009723926637,1.4448886976703064
5516,1.1817209215305051,12.64091234492217,10.145344811017772,1.4646520420565823
5517,1.1762888348078486,15.249783664399082,11.083429170492543,4.514511826606259
5518,1.1750411314479352,10.722301103960287,10.719379435381397,1.3300232297512171
5519,1.178021050111017,14.78540466149075,10.53381973411745,1.3079664675996825
5520,1.176230897365038,14.282138746479935,10.548095663954712,2.0317432121344643
5521,1.1747819926518792,13.214218644061095,10.407332891235788,1.6031057785582312
5522,1.173269177852825,12.552546419939372,10.67002354751829,1.0702492398272103
5523,1.1734187465563677,13.85896314345206,10.851390967525539,1.3033950588758896
5524,1.1681222683405788,12.830045334985236,11.068219759710418,5.663683041596627
5525,1.1712764894006995,14.115176955061873,10.633498888780931,2.4205414304669532
5526,1.1699754649572467,14.317342310357736,10.833791417803752,1.3951333158219212
5527,1.1656393044626143,15.56056691896649,11.428538896595189,1.3250210750352283
5528,1.1701966385012428,13.428855129487609,10.634260177669931,0.9529575933686876
5529,1.1626588409425203,13.00173737312838,11.187077339329305,2.0440823136924067
5530,1.1625046986787833,15.138211464422154,11.240030898044596,1.2577862596079636
5533,1.157791104538376,12.964466087032791,11.047946002507047,2.3673526556391455
5534,1.1607525313651255,13.92797513369002,11.111383115046902,1.0684792366887088
5535,1.1584145857327013,14.215884618617379,11.782007388930857,3.2227717791615205
5536,1.158087043036931,13.032240270159305,12.098595315341278,1.3670885624965061
5537,1.161238391986486,16.152916571193817,10.979057088094732,3.4271458137623085
5538,1.1651576981775391,14.225792290114175,10.541606373871467,1.0738909849263447
5539,1.1608254282498889,14.831661500096732,11.31288921298226,2.5249045782526225
5540,1.1621130525758034,14.009613498560983,11.259597977735218,0.9009725477990891
5541,1.162262429636476,14.084221430298566,11.28739426909301,1.1469099646093308
5542,1.1633411021732762,13.33825921924649,11.171772694809594,1.1479198937411808
5543,1.1608105268271838,14.617373585921008,11.127403650738398,1.1733608453900082
5544,1.1659493933135892,14.860658569168711,10.788820217560279,0.9443828374603677
5545,1.1633635688011734,15.522213902303134,10.748166098042471,4.606947515687318
5546,1.1616572325480519,14.810380295773859,11.689342944200918,1.1908566625491286
5547,1.1667382864577078,15.559496884030182,11.032992390351714,1.0381490982662924
5548,1.1634070360036017,14.098299904952581,11.101060442833429,1.177381405911576
5549,1.1651524006565677,13.524671850711105,11.578943782963647,1.8178386556824855
5550,1.1651138079747296,14.500696795906038,11.191357509979289,3.473202279236676
5551,1.165217854790843,15.762472535093917,11.020659488052596,1.0336384005136758
5552,1.166494506637669,14.729141252390377,10.81636120702387,1.1544314977198626
5553,1.1615335157121922,13.585730698505188,11.653114883860686,1.5586540914214975
5554,1.1686861881171096,11.530131401978378,11.889985636241981,1.359562611050182
5555,1.166990962019564,14.498214234500844,11.023279387230739,1.105043091897162
5556,1.1685824904639237,14.12786823271075,10.808022436195602,1.618075325359899
5557,1.1673030052914064,15.26973271548092,10.792928284144011,2.570236029056706
5558,1.1618195426959994,13.295802453082946,12.556961697594263,1.6293468735706513
5559,1.1607052471966,13.371230556499011,12.255110716827641,1.404252306853935
5560,1.1615749454741686,13.921925957472858,10.452020750055317,1.1516101240953034
5561,1.1592336121223166,13.19354699516472,11.335142325148116,1.5485389980160316
5562,1.1591798860946423,12.396843419888967,11.230795857241,1.0725340366435794
5563,1.171289301734904,13.921444979302624,11.939750654252322,1.372951381077973
5600,1.2019347622196648,14.344137451391207,10.656115137159956,3.008741987143867
5601,1.1897163772151076,15.960071882755026,10.07365039370887,1.9654207123303244
5602,1.1857493965543844,14.164151520869886,10.927739691039337,1.8092923986321823
5603,1.186529403280379,13.994953266021346,10.34674221627606,1.9822109381969737
5604,1.192435824708311,16.641794810014467,9.807541033406748,3.182195214507145
5605,1.1879445397503796,13.710710520731814,11.047110724194075,1.716361775832228
5606,1.1908347563845036,15.335007081998047,10.558471930246446,2.348371383670794
5607,1.1884169320730393,17.19435867499934,10.376837104114355,1.968610498403397
5608,1.1819173215056302,13.178893738938925,12.554949955027727,1.4210928737370982
5609,1.18737993053801,18.509549083997154,10.578701411770766,2.698318766575537
5610,1.1891989707466628,14.167262372980867,10.910814542732476,1.6182456512553767
5611,1.187130041633719,16.735533798306864,10.145531055514077,1.450835849321592
5612,1.193200607856465,14.408058006667648,9.89713451682579,1.7511140921875485
5613,1.1853500990358754,15.826084417602008,10.253395321499822,1.8652975555803433
5614,1.184455827652029,18.187244623240026,10.470127255488002,1.7890907251141013
5615,1.1818658800624662,17.566611849159955,9.994660193495138,1.481018485772337
5616,1.1845347783502942,15.408720736969917,10.024794656554105,2.0395425585596336
5617,1.177872820551,18.310271633412885,10.77325461410588,4.450238649876667
5618,1.1773417908269095,13.830296780816493,10.915593959914323,1.3872238098302088
5619,1.1802637118524693,17.573298375776865,10.443137392347323,1.6056984853346636
5620,1.174157190947651,17.450715850829162,10.726211183424747,2.7648380597966584
5621,1.1770915717237413,16.07963500812738,10.469163985876573,0.8466108173694666
5622,1.1761911142756858,15.44522818299257,10.685946964142547,1.673478993239057
5623,1.172893844274161,16.96486789923659,11.083718043289782,1.380239070825767
5624,1.1676561588284575,15.711595031879193,11.138232093831796,3.652554908226288
5625,1.1708032436239417,17.0778218309868,10.60126238759702,2.4922769095070807
5626,1.170769406805561,17.505021683972924,10.424305549723615,1.318387754019454
5627,1.1639009421619846,18.105505962136483,11.203333138069956,1.3912514490199408
5628,1.1699244632289596,16.534575654945392,10.456925787572313,1.0891924242395765
5629,1.1637135524746607,15.87644822365743,10.972330781249815,2.838149234678404
5630,1.1620188986796764,18.051613719330014,11.007069509917974,1.7642476500123299
5633,1.1579637405929575,15.891684062469015,11.281032219665668,2.9974419691881184
5634,1.158636205310949,16.906946455413845,10.87570251817712,1.1815818436279897
5635,1.1596066300306027,17.057567832046825,11.244782090183994,3.583892021970088
5636,1.1604818694004824,15.718631774023141,12.169539077013662,1.523244344833152
5637,1.1620076619715665,19.380500050223763,10.984325265426934,2.5690416359839197
5638,1.1642307965213359,17.232722172235324,10.437976874992193,1.3990084461828087
5639,1.159843256230064,18.14474604701621,11.096195171807365,2.4369730417564495
5640,1.1630485758375233,16.640148637210274,11.216952573708765,1.1887608191829364
5641,1.161509155930575,17.341419401634997,11.356411957050119,1.1364457918829816
5642,1.1639320341693187,16.256716496256328,10.77247003707346,0.9792328630474912
5643,1.1602178569585246,17.41408029926544,10.874444342379968,1.3631509177539767
5644,1.1660232530823567,17.857122503175674,10.871794899870007,1.1802823769789792
5645,1.1601433467812283,18.28034044458036,10.830213220297189,3.523138807047475
5646,1.163958125125082,17.55906264121741,11.441645902918655,1.5238367727538977
5647,1.1624822537423498,18.558629412718364,10.786005390721755,1.3159977228592217
5648,1.1648542934660697,17.353858853976234,11.052873043263281,1.6761866957708407
5649,1.1629353616925877,16.61674892535188,11.537761615704765,1.4678045014620993
5650,1.1657453055183824,17.20220362895119,11.264799940534594,3.334221546887462
5651,1.1661366733727128,18.574774415106294,10.893747584246329,1.3795597122769596
5652,1.168581616993209,17.528108394905825,10.553469249235736,1.2628288347566337
5653,1.161326465056175,16.48375654475892,11.660704717327667,2.586461502617717
5654,1.1657289339900652,15.177811645130143,11.634978712979041,1.4862290454374543
5655,1.1699917024195046,17.349598294600618,10.912346751812436,1.5415497998842684
5656,1.169193115949783,17.0459279977603,10.919433667901087,1.776670270478788
5657,1.1675125095175514,17.99311070227884,10.825939817079332,1.4299579916043723
5658,1.1625894365039098,16.486866745083546,12.32733347125075,1.3424065279125275
5659,1.1580419544352998,16.67966819669905,12.068210080199844,1.6112029764492792
5660,1.1626935432651073,16.70667188491224,10.441306625890316,1.4234703805954418
5661,1.1573623443169097,15.994569830758126,11.279470645733056,1.8979194931195937
5662,1.1650024717146112,15.154498553958293,11.237308520935656,1.3255140905093779
5663,1.185371952680566,16.07076238796745,11.618004058804013,1.7106689480775177
5701,1.2062569928954372,14.466350661322926,10.224475877049136,2.751083735333685
5702,1.192259669007597,12.265716664170943,10.682516115183963,1.8815370090515349
5703,1.1920014867703586,12.259323121551276,10.410113760838595,2.611997241790026
5704,1.1970934044723367,15.310423137087145,9.716514511871981,3.008702852922293
5705,1.1919763151439997,12.174165148534524,10.470191278448942,1.7849266609224932
5706,1.1948252308641854,14.114894661777155,10.326816888014234,2.35629927707284
5707,1.197077353584415,15.171782961894943,9.694239304844366,1.8701653182595726
5708,1.1864191012506375,11.556371397371555,11.926172356862935,1.3325336943278279
5709,1.1937342081007862,16.507826455304933,10.417502665928712,2.4861513136066975
5710,1.1936461783539591,12.665173692905853,10.3834531043223,2.091128615580273
5711,1.192010742658725,14.604099789508673,10.216754981464714,2.009868824863832
5712,1.1974924650588676,12.763984864883433,9.559560060313167,2.0051639243615016
5713,1.193473248150991,14.02581434620356,9.725897863191081,1.770069659922016
5714,1.189826450996021,16.660506020456936,10.325630548472466,1.8617284895822377
5715,1.1881381357074006,15.701711840284695,9.60766106598878,1.9256915197368112
5716,1.1884138512080633,13.618432420696656,9.888057237918975,1.8526378270064408
5717,1.1831102623897338,16.42758166495764,10.21356264259372,4.708573369496388
5718,1.1812777512865624,12.135698555953734,10.23157369731582,1.9337679255128417
5719,1.1850522511249382,15.807187538270247,10.574427576497024,2.3194032642502047
5720,1.1820843660684828,15.222845615027522,10.321752462320275,2.4368881179537536
5721,1.1831100969596304,14.452657580354598,10.222731165026588,1.7037510601875256
5722,1.1795016962175144,13.606064702850748,10.21466249592084,2.5403157001475
5723,1.1788497923190167,15.366471004767037,10.607283832399531,1.9654735660035085
5724,1.1742321948216283,14.026977211726713,10.607345379395834,5.493486727207008
5725,1.1745710331934214,15.243061444937704,10.574167740714568,2.0813856365926093
5726,1.1755571000856044,15.358943439672393,10.222296136618127,1.685537009190235
5727,1.1711288274503995,16.462689979096698,10.618025482159698,1.949623742620313
5728,1.174760882013358,14.744955243184947,10.02809559531928,1.3076424803301618
5729,1.164943589979347,14.286780671642555,10.829116397536312,2.8870858425593133
5730,1.167710190147809,16.37455677128449,10.566277528155508,1.7320405893495374
5733,1.163570146360207,14.034174787573315,10.5759569831777,4.617315741532665
5734,1.1631174044659938,15.324535253600834,10.770376860649868,1.509324137570313
5735,1.1625385448785264,15.220151241910346,10.862340980406621,3.6513511176010858
5736,1.1613037411352691,14.010919182555122,11.791027973337531,1.18166422325424
5737,1.167769919204886,17.12078347477576,10.543421480437761,2.0862531073669057
5738,1.168490798873773,15.395312453485603,10.092417856843348,1.3970678789305553
5739,1.1660934035977735,16.04287684887973,10.78805269823303,2.225378545981925
5740,1.1669924227874136,14.875706165674703,10.736779184289109,1.2684167366037222
5741,1.1645915391116382,15.643014746421143,11.244794635280506,1.029797417005425
5742,1.168985554493664,14.773882632762556,10.1888484333641,1.5092995198287937
5743,1.1624217979500657,16.082454301434158,11.056373926056724,1.324352299952065
5744,1.1682532493025601,16.217009068303692,10.204933613573395,1.5359775388335828
5745,1.1630563139004937,16.973535303267393,10.660214754738208,3.4102881299075003
5746,1.1668619569433656,15.815949371132193,11.060576542913333,1.6054869663714304
5747,1.1681773746772783,16.728533699208796,10.454484239066419,1.3070982416837276
5748,1.169061184235043,15.474328308086623,10.8275826695553,1.7182264586239868
5749,1.1697068268975948,14.688974343022831,11.091896328547657,1.7531827500545796
5750,1.1691322167383456,15.769524478862259,11.082458058543478,4.491920386489598
5751,1.1684870526013607,16.866869132038826,10.598333608125014,1.4758220320392217
5752,1.1711479606512964,16.021772170074403,10.506938015167211,1.357989471584362
5753,1.1650113557168316,14.909397403170246,11.524455019686444,2.7530461608718504
5754,1.1708599520172323,13.351289849165328,11.491140995823105,2.1592461108860856
5755,1.1736807495304658,15.379555850323374,10.39467932539779,1.8006769128755866
5756,1.1719532765598644,15.311019450438735,10.481827518418775,1.640156270592929
5757,1.1710992331010173,16.357236845993437,10.462726784784527,1.9186431115441673
5758,1.1654674564992575,14.877847291203407,11.862513971859759,1.5241973724891373
5759,1.1635729279744613,14.826585779670769,11.901372817915675,1.8963397989560689
5760,1.1658526799402709,15.232111015852047,10.06091352300718,1.1170123854009133
5761,1.1657715924047638,14.540727698287146,10.896878231244838,1.397691570903398
5762,1.1844744085799825,14.128093422084921,10.568788617610446,1.7028547414809858
5802,1.2071604738973847,12.808819874781367,10.691548678968042,2.035103698316391
5803,1.197616309300701,12.644564400049653,10.31984027922345,3.110431118170477
5804,1.1997822796102011,15.999322429052961,9.36174891983134,3.697757103173616
5805,1.1978336996513337,12.27449186210772,10.822913107731845,2.3249541824315414
5806,1.1966642057210144,14.32172567768496,10.326551520882859,2.7294447555656043
5807,1.2005753411202935,15.56600738474203,9.566283165793488,2.4436908775467683
5808,1.1895080213367781,12.607062812854258,11.888726576605668,2.0573558340033236
5809,1.1972110472997106,16.97742109400518,10.271833349552832,3.125576357103958
5810,1.1982822839480218,12.922025379256908,10.311424934397207,2.1013194817333645
5811,1.1944432879381954,15.514492355821778,10.070245118321,2.963207359196099
5812,1.2006838263807404,12.971114019602897,9.419377616998792,1.673895862549095
5813,1.191961722392827,14.556467659670629,9.883105616027049,2.335342579649464
5814,1.1917002589076469,17.29681928232558,9.84188581245078,2.5319942045394126
5815,1.1923355056767921,16.382244031218345,9.215688336438975,2.408294199658967
5816,1.1899032090757327,14.23718316788492,9.960615926291744,2.3475804579366537
5817,1.1851013278480458,16.959289419730037,10.419488886943723,4.559398277366779
5818,1.184382041064199,12.53725366184288,10.223963134449487,1.9489552348824215
5819,1.1867459037769856,16.353438110259212,10.035181817964684,2.5512633744656608
5820,1.1843537091283451,16.033892864491513,10.235948457615653,2.07551759064101
5821,1.1838785257104267,14.99489153089483,10.255503096376016,2.070301875190914
5822,1.1803201125360603,14.118808922118394,10.664620792013414,1.881254454763011
5823,1.1811951989547451,15.94734984218754,10.506537645467956,1.9048810488958046
5824,1.1774282720502967,14.488821448483035,10.42618392282667,4.492044115043734
5825,1.1787840773131295,15.843449643003547,10.315124080435405,2.577898181018075
5826,1.1778171388891947,16.239827598710807,10.112839565173077,2.0827286949663475
5827,1.171122586635803,17.048638580732966,10.746421665192424,2.455092377139277
5828,1.1780238694536527,15.13401695841061,9.77089034966881,1.7308173013081505
5829,1.1691249694169057,14.41766423834191,10.529204423267007,2.6718470761741306
5830,1.1685570465144297,16.81994243395026,10.527609370602793,2.664712247315017
5833,1.1637188152193099,14.44466935542525,10.633863092189594,3.462219879586784
5834,1.163085514148565,15.870023744998269,10.834049966793577,2.5442738415651456
5835,1.1636760640167538,16.08385315960531,10.615635697805102,2.8047458950326956
5836,1.1627426926110027,14.686621954002188,11.872487507692858,1.4281446688317017
5837,1.1645092243377173,17.995150729258,10.656877386788654,3.0874428139254895
5838,1.1699352300619428,15.86977663376715,10.285468305116114,1.6742000109995956
5839,1.1650024178825065,16.89281869769365,10.85913485291349,2.418665037673714
5840,1.1688767105733309,15.241249029256247,10.689571803795216,1.9698455395576389
5841,1.1667314951518393,15.721310232419889,11.228437079588046,2.087890233275053
5842,1.1694233449859472,14.833980403125992,10.484605171759942,1.7205074530631486
5843,1.1647890052779124,16.032066277873383,10.625471849219073,2.6013372792132565
5844,1.1711377434477435,16.74170330585594,10.23997589570445,1.8220115297691406
5845,1.1677655985874862,16.85320184267041,10.48798058505195,4.249696972484112
5846,1.1691071937318112,16.29314720691185,11.096604280899914,1.862308215535795
5847,1.1706842535015938,17.037855138978344,10.496949697663894,1.5827493007125373
5848,1.1722377872328167,15.850902079998487,10.880720265933428,2.434030248706685
5849,1.1692004128563087,15.46045635441124,10.882527083618145,1.7235256767633684
5850,1.1695946645145934,16.32877875801548,10.527038580458397,4.439860540962902
5851,1.1711826093783442,17.39326359847391,10.562536924494173,1.9133708892411847
5852,1.1728394068896062,16.284829349826058,10.214737824858588,1.5991700690476625
5853,1.164234838270407,15.230913161245496,11.875846526332019,2.910565892045857
5854,1.1739381347952695,13.380510283967972,11.392773726623142,2.028473885068107
5855,1.170788721150576,16.339927955635545,10.783326330684165,2.315945757220056
5856,1.172384185502979,15.796591505929682,10.078771815126444,1.9376063193303756
5857,1.1694428002459085,17.247686925917424,10.14573472886129,2.088326953231901
5858,1.16508666095157,15.008534055549683,11.658996929814274,2.0780533069909812
5859,1.1617322195564157,15.49503282178459,11.633232908307837,1.7418104958817502
5860,1.170634941034823,15.447584296353646,9.939610509122621,1.9144216370482763
5861,1.18517525500797,15.474115947222952,11.222600484707472,2.488565952899488
5902,1.2390144936116338,11.182786176379157,10.32874515800526,0.8677218615019587
5903,1.2090863230834308,11.167039529404093,10.19584405014384,2.2042451791679873
5904,1.199031179943556,14.297468517036062,9.88452534037264,3.1611145750683955
5905,1.1961766157077294,10.656951678449829,10.712920996152958,1.5220077440245645
5906,1.1935183386772967,12.563478114641455,10.393281857675024,2.584391324777339
5907,1.197888857060436,14.082846303003175,9.924979512631579,1.8704691683011483
5908,1.1865696062327262,10.139075742419719,12.559000418409225,1.4295709110452826
5909,1.1948713559136515,15.134436767789042,10.309866089739906,1.4980461851740603
5910,1.1939427234881999,11.373346063677952,10.279447890149836,1.7858706526049895
5911,1.1926010285179296,13.485734258582493,10.412662047822286,2.053936198899182
5912,1.1994391692226167,11.42406222095396,9.833998469644051,1.421683686591699
5913,1.1936010921029057,12.610982734843862,10.051808960956963,1.4851251422983809
5914,1.1899052661490512,15.315534861196802,10.404544206034558,2.686230185590507
5915,1.189215713283637,14.118226591532322,10.198087303754187,1.6132138666050249
5916,1.1887993095257972,12.492176350920316,10.151376609846286,2.883121274209071
5917,1.1860379892746156,14.94643281336481,10.081517299218822,3.301256548181854
5918,1.184508547651784,10.767543132250216,10.477502019441694,1.4769143199409513
5919,1.1845767860006695,14.563080396597782,10.390530222086278,2.7888502271835613
5920,1.1823512056173184,14.276085801949757,10.386856582254913,1.7386096217716254
5921,1.1844534803894409,13.252497752243,10.227998823215556,1.4840255767536428
5922,1.1808590189228776,12.33093924543017,10.598934647723992,1.565121587071271
5923,1.1802153718369381,13.771831534698876,10.411537677903377,1.2875241956096497
5924,1.1760609037739949,12.623698944757209,10.758974894524654,6.248105074780079
5925,1.1760912650464768,14.033607263019547,10.639523032224256,2.037121779299408
5926,1.1762122260683463,14.015013697096977,10.379316728777056,1.167199741978327
5927,1.1708437413050181,14.87669900608579,11.124957893193255,1.3683711792244186
5928,1.174788661096076,13.312081129441774,10.18249434434806,1.2524425385058349
5929,1.169481956760177,12.690180088559615,10.83358287348059,2.2147301533943358
5930,1.1686925732454259,14.966500669523938,10.486113224038451,1.3987947170065314
5933,1.1630309158308467,12.40636017592316,10.493862775814588,3.9282363270224354
5934,1.1634114882630326,13.798721262987632,10.915724436514196,1.262427051233576
5935,1.1637850241816892,14.147444199614862,10.774819617139057,4.2820409773237005
5936,1.160622509651931,12.987833926374291,11.634250058235047,1.2224018025672794
5937,1.1663360425510585,15.959322921196641,10.537432047601525,2.2687980556204206
5938,1.1685754583016381,14.374414244875544,10.250103940782182,0.8789123637569853
5939,1.1640042518836122,14.745019804004277,10.971198229516107,2.25413273379556
5940,1.1657405767905273,13.584534409280764,10.708017463095317,0.935578239774953
5941,1.1680735860534606,13.779236329323014,11.03395393769838,1.0192674080036757
5942,1.1689138083335238,13.549440030104792,10.696555921872736,1.891274302625098
5943,1.1630580578821268,14.432429756223128,10.746104713300092,1.5259094025337534
5944,1.1691484960017766,14.702880494761567,10.637191388440565,1.125372790797208
5945,1.1643252066998797,15.363946689243651,10.713483908819637,4.264505039079425
5946,1.168048106431313,14.741006933883257,11.067979473079486,1.1429092616086491
5947,1.167541985601312,15.434342682022601,10.812112699471458,1.3590965856404915
5948,1.170228649314126,13.704083781820502,10.641742004840301,1.0759053842572779
5949,1.167421548175468,13.66460177584654,11.031033548062819,1.403860171664525
5950,1.1671678701131085,14.13060589329232,10.8452527059141,4.240233160660704
5951,1.1688662510835954,15.641221494006928,10.333872152081486,1.3153578499353935
5952,1.1691294553161486,14.597409843103827,10.748515884020241,1.175688388564656
5953,1.1642973105537309,13.29790254547209,11.590595429605061,2.5613162080293335
5954,1.1701653902267137,11.727432933372581,11.530505855433178,1.4123405809095133
5955,1.1727807853061571,13.961895924669495,10.793779250635676,1.3166173955471414
5956,1.1681104447853214,14.024508366233743,10.479153274185089,1.408475281020642
5957,1.1694621922988109,14.951125876319272,10.321065614121801,1.1672888611078998
5958,1.164626792142768,13.165770809994395,11.587245083169666,1.458446402708546
5959,1.1693463215967645,13.00875325619124,11.595734242806104,1.275322036801479
5960,1.1918872010224955,14.29199323288312,9.860444553180985,1.3007324572827843
6003,1.2409335122121252,14.21272712822933,9.595507230179912,1.6893822499768891
6004,1.2195472060020947,16.23821238919931,9.689640076288361,4.785456853126805
6005,1.2044759121870772,12.649417872628463,10.496668395033492,2.6700570994149864
6006,1.204325854958998,14.071558390649349,10.264760923988296,3.533839303242948
6007,1.206387630172788,15.576705311181149,9.669066034293184,2.9035301381324374
6008,1.1930128903547634,12.59988207761922,11.838859666607735,2.3071294523706944
6009,1.2038531603390155,16.994657484147922,10.236558517482242,3.1386280243631006
6010,1.202335305540318,13.081941417270492,9.954963559582193,1.960759583000803
6011,1.202613778366631,15.097477873128614,9.790392515551392,2.692641879049179
6012,1.2060696355861389,13.507738260704468,9.520917951008858,2.162672227957825
6013,1.199130890176381,14.803943070661717,9.581510855479726,2.023751333512895
6014,1.198751538840319,17.25641541045746,9.877190812603882,2.368699185729976
6015,1.1995664251518694,16.225302145146337,9.119979514319544,2.402448738281736
6016,1.19972500840155,14.447290977144283,9.785216043510657,2.4014780641874456
6017,1.1932919233984247,16.986023631865525,10.171350894100623,5.190958013318394
6018,1.190658707960083,12.969239353530174,10.281035442133815,1.8953205028174007
6019,1.1966418231921243,16.547820969809287,9.923080031765203,2.0627055217080636
6020,1.1933933944275774,16.170710252128643,9.957147480633633,2.3300891226401754
6021,1.192329412467422,15.133230824765956,9.920578644975437,1.7976587568478257
6022,1.1901008502338775,14.172386208684362,10.108409048870675,2.2921259957169955
6023,1.1883416317877844,16.225005899266502,10.231539838848066,2.453341214779732
6024,1.1851960257776815,14.545203385946701,10.267959945888984,5.6422152303966415
6025,1.1859623194962454,15.530116740711085,9.923169405694775,2.552321363894433
6026,1.1853905546715895,16.062682385221667,9.821967474140743,1.7813207680964749
6027,1.1818851978097236,16.592508917437033,10.577237715131732,2.3220915960957913
6028,1.182723426038379,15.464986230667515,9.764127514121245,1.8785319637749132
6029,1.1755800808085706,14.857352532032726,10.289556667859852,2.475178811052037
6030,1.1746471669334062,16.916078490352415,9.88251920091583,1.991832430259011
6033,1.169335018210939,14.394994758581056,10.18509678197599,3.386257084239842
6034,1.1685141434609854,16.16208141202461,10.470302923021888,2.386653953474023
6035,1.1698045617991937,15.733592160745875,10.692468532420518,3.733423431987106
6036,1.1693707531591757,14.67365577728126,11.627204415201009,2.254446248518482
6037,1.1721684408818824,17.980128059624395,10.482473463330978,2.8842908070089597
6038,1.1751869231819672,16.331310488319037,9.891807580370346,1.8046866082528208
6039,1.1713685903963735,16.8695091334525,10.614572937859311,2.251033016455431
6040,1.17320036484214,15.449401864982583,10.515982696171704,1.993449759273356
6041,1.1728229119286468,16.015041941909562,10.71525527341991,1.7420808537706125
6042,1.1755100538112955,15.072209580010028,10.256970280179209,1.359281713091217
6043,1.1708550452656152,16.212462750452804,10.622633000686221,1.4907732255475885
6044,1.1774816297227744,16.586938935711945,9.95554289781282,1.480496997585139
6045,1.1728459248355234,17.002357612685373,10.477459462315707,4.714581529376597
6046,1.1756573875932934,16.280805963428584,10.698560158304408,1.310515685152198
6047,1.176972689381865,17.395720582207467,10.440906241214618,1.608939197552136
6048,1.1756580746880099,16.15500283363635,10.765320534544664,2.422247141521961
6049,1.1734134083542125,15.439626965030262,10.565385399605562,2.4730370032932156
6050,1.1747547863916736,16.262078131215702,10.468465730696403,2.985586625474524
6051,1.175343038297591,17.413986114747306,10.03491888660629,2.1984614254312804
6052,1.1767622809535998,16.71030791222087,10.382500803248929,1.8066154876481113
6053,1.1675466369229983,15.462099217100258,11.289374047406298,2.44883159923834
6054,1.1745650216146881,13.773438642208724,11.037415068166927,1.4767587102679303
6055,1.1753238739465932,16.110613734454443,10.436282760511416,1.2975660234042845
6056,1.1750906236291905,15.906809620212378,10.371644855532104,2.4584254922988107
6057,1.1717215604450806,17.2619563907998,10.34065381871467,1.8979073281171865
6058,1.1738596459954624,14.752938623504656,11.587437182326259,2.1287094112059934
6059,1.190249850452379,15.209245720945336,11.615135166725873,2.8186685694852476
6104,1.2449461122616103,18.709846232850413,10.020787310464476,1.0281301305944999
6105,1.2224612476999945,13.020125406752596,10.617609544234536,3.0708738292228404
6106,1.2154011935354616,13.813890696612901,9.827600990918535,3.155901200483957
6107,1.2110149549265417,15.518575723603906,9.27033911945427,2.7406845597741407
6108,1.1977651222791659,11.994388628305545,11.846782888221927,2.140128493576152
6109,1.2081563472434507,17.10282929538018,9.768978045514958,4.025198017065085
6110,1.2119282107769966,12.886788704117258,9.860578277233609,2.328292968843606
6111,1.2106318825968163,14.570580482861875,9.587693424690483,2.891886655509188
6112,1.212955746325567,13.341491147951615,9.187565419576458,1.8340038061134363
6113,1.2084263060224147,14.535689496872791,9.144835983835943,2.69174187202131
6114,1.204990403788654,17.231189883906396,9.555135482502127,2.7213259727272394
6115,1.2073109812582279,16.105524619379498,8.99276604509187,3.016757066190891
6116,1.2069940710514826,13.948548951334129,9.413352336293611,2.2760681979357678
6117,1.201656245649697,16.726893515536577,9.761619114778924,4.652391611880559
6118,1.2020934911133945,12.108436499784805,9.895581106886825,1.892618957885425
6119,1.2050770881362975,16.0526119970871,9.581299845725784,2.264868744856363
6120,1.2008594012028335,16.00297835951534,9.48953936694539,2.5072637005535987
6121,1.2011855124264024,14.77304789705276,9.448500699549657,1.918144748636148
6122,1.1981222466736534,13.977878317911799,9.771990778337656,2.0551172784791825
6123,1.1932463327923104,15.796906319032727,9.780889107000126,2.7007607661776847
6124,1.1918209468784013,14.382780818510392,9.978487464608596,5.970972911722034
6125,1.1927337536438627,15.864512586935138,9.978626304676098,2.718713220783803
6126,1.1920974814897671,15.670086225134284,9.683771433693789,1.7109153582715408
6127,1.18657500483346,16.78501654292486,10.33137795179956,2.3872327359061396
6128,1.1895065051790457,15.188141918816013,9.661121933790437,1.7467777628891763
6129,1.1823599720248323,14.602230585734869,10.16112724923335,2.8251807266563023
6130,1.1826042858177632,16.49184494225535,9.996580107209494,2.0496992781052077
6133,1.173699067315841,14.360712876638246,10.236681078759569,2.941163232605112
6134,1.1749778910739037,15.410498832739114,10.11572039668445,1.978535948704161
6135,1.1745675969844915,15.74958889488912,10.13006571880538,4.375986660941041
6136,1.1730630581879598,14.286179959306283,11.223607104655075,1.6629080196270334
6137,1.179422390198121,17.860042186229904,9.892788798203364,3.0140152085768617
6138,1.1800164511291094,16.044087455139575,9.919613416030543,1.4534526767350198
6139,1.1769154970370104,16.30526657922293,10.522965499361051,2.2204145137330866
6140,1.1769181123205552,15.469323823776127,10.222801744431827,1.706257093195774
6141,1.1768930883888273,15.842721101576219,10.537771927166654,1.6591459218363633
6142,1.1804010653658337,14.95580637084776,9.922942890703036,1.6950345513509797
6143,1.1748154232766967,16.07309991857381,9.970326559360737,1.790136143606427
6144,1.1830101991938982,16.273116638353155,10.061218578584764,1.8509236505181228
6145,1.1788841763236495,16.6297781228818,9.956780512794625,3.847587231750706
6146,1.1787833991958594,15.866426612702758,10.520217483965427,2.0991209438504144
6147,1.1818336798613698,17.055072010978556,9.864792979531092,1.254561270625131
6148,1.1806737426973077,15.74615689622117,10.32678980298243,2.6929024181785794
6149,1.1806629341459485,15.184750609791045,10.469984648549419,1.9406021966641234
6150,1.1798786097066722,15.786147867053868,10.283028472492356,4.0802623373870865
6151,1.1814587525008118,16.972748464459155,10.1208560600848,2.3123557610849397
6152,1.1836205203754748,16.1540497285768,9.740697870948987,1.9363161401177569
6153,1.1751099638998803,14.785956316667091,10.831464158577237,2.5041241690616762
6154,1.1783497329276202,13.42702331101646,10.760153990863714,1.5595026235694103
6155,1.1814944498635627,15.6268704144787,10.188155418013906,2.1331486874350616
6156,1.1792469512238661,15.802782551486393,9.964983664925514,1.9200624117543579
6157,1.1810583543533755,16.810769091216194,10.08286375627778,1.6225431625789963
6158,1.1924703681416702,15.491372238883313,11.590195729787379,1.992456177801973
6206,1.233979528855868,14.237828515562098,10.040583073793112,4.456366426017242
6207,1.2200086826460257,15.412582946709133,9.109119726267656,2.7934078555694737
6208,1.211008675889977,11.221241521710104,11.470341852773254,2.7557325270557405
6209,1.2219423255613449,16.354686743527246,9.531385970229662,3.3293318370998466
6210,1.223146940216306,12.583244982732735,9.641193710827098,3.0337844525714015
6211,1.2216715792325061,14.68636206448289,9.439051832545108,3.721466538274962
6212,1.228666944085855,12.947476834800163,8.874295043443047,3.388212800596309
6213,1.2215579174659674,13.992224877001554,9.40901040361628,4.031612548515376
6214,1.2205412998064076,16.672035106378253,9.284331638605028,3.2366125080880006
6215,1.2220354746145496,15.658004322368267,8.98206923225913,2.514447801135347
6216,1.221745887633968,13.904572317885895,9.283875072043282,3.459687548475023
6217,1.2151028430659732,16.289011986999252,9.42991082439963,6.422295813817239
6218,1.214576189230219,12.143858629741922,9.66373408398583,2.8448385675624537
6219,1.2168985950779319,15.737977092097912,9.487328985283051,3.047736289338483
6220,1.2119232072883144,15.693770809748202,9.531936295820785,2.343843160645673
6221,1.214813171273478,14.35589177078285,9.424646867587903,3.377898381006296
6222,1.2124717216094487,13.533853686027115,9.674306863926047,2.5238627355163143
6223,1.2089684429475789,15.555477622305066,9.466380894167502,2.3634128936157524
6224,1.204378741761496,13.74226479049938,9.790251511641332,6.384126512168807
6225,1.2071928861495467,15.047259169587534,9.267946238857633,3.2913476553356467
6226,1.2025885135257328,15.788248495141843,9.521264706096913,2.5944450864147774
6227,1.1969873688533477,16.44637027063885,9.875303222100806,2.96201416891952
6228,1.2018883231919466,14.7719885301433,9.315708809563384,2.618212697630012
6229,1.1942427528112478,14.116751109592464,9.832722149754328,3.3844992729269294
6230,1.1945012927557024,16.11931841858378,9.70776873929582,2.8422511555775114
6233,1.1851691803634892,14.130622887976935,9.79799659507536,3.4524507466184295
6234,1.1853743859991914,14.988364212306816,10.0911439353441,1.8904536489117458
6235,1.1846155211395557,15.263090893775987,10.378481738099092,4.552637904897339
6236,1.1846548793410903,13.939312629309102,10.873766289834549,2.2667793225574773
6237,1.1891366148742886,17.19736159407698,9.582824217822427,3.2866206407712557
6238,1.190851934720792,15.789870369041092,9.731018912833315,2.6403872356066955
6239,1.1877596204801957,16.018767868079266,10.179851856522337,3.3362259805832024
6240,1.187947093488628,14.932522602321674,9.885659241059399,1.4026745019692384
6241,1.1869895331385754,15.039356614170712,10.047311011423501,1.891133104830163
6242,1.1922453166124547,14.608852557558203,9.590407249493111,1.6630080281257804
6243,1.1888607816474144,15.464466283873271,10.241778079600008,2.0324156837885496
6244,1.1941812213861183,16.199891200645965,9.320757187868173,2.1346987157838067
6245,1.1905290991401827,16.4872168465883,9.881298218482671,4.872626298594364
6246,1.191293853120791,15.755352018310965,10.173958455282346,2.850496790496066
6247,1.192268645796454,16.732757360699235,9.74312733830763,1.7459938911448611
6248,1.193729517278283,15.397758471808952,9.73611885773638,1.8613496200593918
6249,1.19053652728177,14.771282940005081,10.124922504564763,2.1817750028534912
6250,1.1903887810686666,15.63084685275386,9.912524934903825,4.978590408752167
6251,1.191675927568463,16.70750553846453,9.726407526952995,2.5415296241598817
6252,1.1903147357058361,15.985196108913746,9.888027505320837,2.13228119826474
6253,1.184561097007497,14.403699059311652,10.914731876657903,2.4201901193659165
6254,1.1892040835273803,12.753286624247522,10.978639677677176,2.024712893635261
6255,1.1879806704706253,15.43322284548595,10.14049992453711,2.2020137015120955
6256,1.1898209743796404,15.422268498722747,10.040652321399868,2.9105521411339095
6257,1.205527196904021,17.274002946819653,10.576364567528447,2.5017308693525435
6307,1.2441734915793963,12.366955657456137,9.433090732109513,2.3760551545641118
6308,1.2241973725764754,7.316665888091253,11.890283548763026,1.478856879905079
6309,1.23251769377806,12.870737760560779,10.141682875710151,2.3288741306123297
6310,1.23298509143734,9.040170904085953,10.423248251752177,2.4635975278742
6311,1.2340533090407915,10.894486263245941,9.772050457646536,2.095995372616154
6312,1.2382315328475584,9.067254497768477,10.025490957764472,2.520047687003517
6313,1.2323457380001912,10.478603180927676,9.957929431016375,2.1789719468237405
6314,1.2307950830691017,12.89216108039402,10.266284528258366,1.8979289556253154
6315,1.230359133282626,11.878487882568074,9.588928814109671,2.111142340256143
6316,1.2315245149904144,10.082572292826546,9.773098652198836,2.395823639400158
6317,1.2275581529153818,12.339218814266852,10.201939007174532,3.485054554448703
6318,1.2240116269043675,8.287487208572607,10.36919804832342,1.6651806516917231
6319,1.2299181180804026,11.968261721251096,10.141531597629918,2.0835404851688613
6320,1.224491614234994,11.842514142765324,10.182093649595421,2.2390679854670616
6321,1.226480541334941,10.473326103079254,10.298558767379593,2.0257393711571647
6322,1.222795614542581,9.513494899419275,10.345110650173138,2.037753313745396
6323,1.2217266304937113,11.730118788007859,10.189732216808133,1.563885250835574
6324,1.2144820661895643,10.023362258970376,10.382688449834731,5.343774002933122
6325,1.2157603530167878,11.449826238578426,10.227733987853876,2.5768140824819987
6326,1.2153326068942771,11.796987647303169,10.228364575520944,1.9596699809115914
6327,1.2098501373644726,12.770570818918735,10.365347574094603,1.5482647143181674
6328,1.213743131735723,11.061607098450725,9.83077768689729,1.5647137307021621
6329,1.2035555344389965,10.073229523883803,10.386859055184773,2.18681219211479
6330,1.2021379876826337,12.480642528704028,10.520219712561639,1.348541367246545
6333,1.195528705956302,10.27806446249666,10.45434022219951,3.589922501732293
6334,1.1936907639807484,11.584514455065015,10.422887874093094,1.2081136567540456
6335,1.1962545236693494,11.525643759420003,10.716703036838306,3.8840888868284136
6336,1.1946366443549898,10.039847045253957,11.539555015629583,1.2442886079314384
6337,1.1992313570873654,13.466630473272081,10.266585328922764,3.1618592958803085
6338,1.1999899459859709,11.955328902390322,9.97616964323441,3.018872175161368
6339,1.1991880528800938,12.110801866104325,10.909896458908179,3.0261998625155226
6340,1.1995284231682892,10.914025726138048,10.494485032447857,1.7682596939681157
6341,1.2006759576220636,11.134942810534785,10.707546899687461,1.444821004373215
6342,1.2044995962482314,10.815967390167827,10.288200883840135,2.4035468379320273
6343,1.196184056329814,11.812997434714523,10.522949592875918,0.991148079690318
6344,1.2043652119227373,12.469002357977418,10.201076594573735,1.4554166013262517
6345,1.199757948794928,12.792627155612198,10.568620097502329,4.450064074474587
6346,1.2013747287771817,11.755273855874243,10.669218780552663,1.3979999061955741
6347,1.200366673355472,12.888392315079784,10.639955929652308,1.5462528547896972
6348,1.201442983556818,11.60903288940594,10.42153853720454,1.2027134115081453
6349,1.2009534345504602,10.773838664265238,10.89772158815154,1.48865543815415
6350,1.1992684387272117,11.88968991273674,10.727414876118184,2.7051328132967494
6351,1.2019376319706483,12.928626720763944,10.225738581640702,3.065066452550341
6352,1.2034511154963887,12.10154429702197,10.234434191823325,1.308413606643763
6353,1.1960238071066858,10.729855308644739,10.805997630909024,2.8929885992022255
6354,1.1991545921397813,9.307159208803524,11.20720007987291,1.3528648133618464
6355,1.2041156338033225,11.720200233171415,10.22733013238939,1.3247918777097145
6356,1.2193363184441894,12.024297002641354,9.691438183325285,1.6563015337146982
