7,1.1791143804791793,24.17193840349013,10.830290886116806,2.627639990011662
8,1.1726800165746638,21.145407398642227,11.017297240248652,2.20954134251528
9,1.1648609162306216,24.2603478215191,11.420825616492136,1.8998996369765877
10,1.1695139848711105,21.078826446888453,11.77328362730353,1.8867698915653581
11,1.1674095625349254,23.43935300012126,11.104415692718385,1.901992008755173
12,1.161481908643553,22.660293033207214,10.576425195675979,1.999686515093787
13,1.1666815484339754,22.191678724610973,11.385317433303983,2.362393413148422
14,1.1569575188951609,24.04977083048439,11.13387276579644,1.595905052249133
15,1.160364684674886,22.44929775524545,10.615208453465787,2.2280613350619984
16,1.1548580611532693,22.267709755755313,11.402677995964462,2.0382735090698922
17,1.1546757539660975,24.104227719148017,11.436318934651037,3.245731700730494
18,1.1534348034391833,22.35427490486715,10.620857053047006,2.111985603855985
19,1.1459450994490439,23.932604866223254,11.305588059901423,1.8428766529727103
20,1.1476027446060466,22.59430904653539,11.2678676888037,1.634202096963705
21,1.1517168727242075,22.3889235958362,10.847348883477483,2.37212187902357
22,1.1487028979102716,21.89186396790698,11.162179798035949,1.9012984303741112
23,1.1471765025650886,21.86447042866267,11.494414364958676,1.4167993113004709
24,1.1414174621849222,24.916900798033254,11.090960128844692,4.137859476458368
25,1.1324083298416796,24.451862118602463,12.279046651483915,2.0162462010947255
26,1.1384586500628078,23.532505332749775,11.421218511821415,1.5095240090989062
27,1.1422268131198727,24.888233959974404,11.341071991147446,1.5913109552480005
28,1.1397152480850141,22.894217050495975,11.639140773527618,1.4869019219582125
29,1.130240061354811,24.00449587085427,11.483958837715257,2.8353794018524434
30,1.1356106895990912,22.96932519364369,12.104490311767677,1.2576455156960722
33,1.1423904617784966,21.006861289203748,11.009147814083281,2.583656189264935
34,1.1414014852012324,20.595670881802775,11.631112259531458,1.6560362592461362
35,1.1443147111474574,19.046220308868662,11.788540635820873,3.2137201046313497
36,1.146794958123747,17.854027386244855,12.186152651961187,1.928214573893294
37,1.1459235881449685,21.355517640770913,11.611644573241474,2.3614182717467203
38,1.1514283833742487,21.69840008785075,10.563743854850626,1.920256600575929
39,1.1541127549120453,18.293498114733477,11.545814466713761,2.316129831772692
40,1.151476910477562,19.629134457204106,11.265014597739464,1.439661576745795
41,1.151559808576019,20.207324470963037,11.632498168314497,1.6978849319659435
42,1.1515025047840985,19.490268583440958,10.830367005822925,1.5773082009209298
43,1.149058556427494,21.630749370136105,11.376385815797434,1.9832875953311175
44,1.1555462220414745,19.244519174759414,11.265279093543663,1.9678426215561244
45,1.1493333758609436,21.223548486241476,11.162968128594661,4.679215522985411
46,1.1593510745426343,19.80513669286572,11.527014237854335,2.2186411707192852
47,1.158597296112236,21.10405785739215,11.129055689207561,1.7284520717258507
48,1.1621564853533235,17.411290053287747,11.658681051668488,1.9808002188156262
49,1.1582253475567226,19.514581392320654,11.2633633464756,2.3983677338170315
50,1.1562413245552952,21.09512127433505,11.625463455082247,4.030136441994966
51,1.1683623803918233,18.423691356036265,11.181400370958631,1.9292490614286923
52,1.169537691310149,19.91334169176096,10.509809980324302,2.6400436404055903
53,1.1658435584719373,19.357659471481487,11.781976911906495,2.0686660507233836
54,1.1736215453583185,16.023371424172343,11.545799921815956,1.4466096672273216
55,1.1672328549916278,19.378093711126557,11.230576132393454,1.780716215843895
56,1.1776468754533929,19.49511870548295,10.789596967164513,1.7942199621691244
105,1.2184561655409913,20.067891431367883,9.741032776794263,0.8618498867872864
106,1.168432081041094,22.148728250128258,10.659040798510548,2.2070355610205388
107,1.1555976889378172,23.854674814142033,10.713575895072607,1.8515402845222473
108,1.1593677185907723,22.084669184215645,10.859370066802928,1.5070850724671654
109,1.1526012083983745,25.109605432918578,11.663637462350124,1.4294474674686182
110,1.1572291130843992,22.16461513516839,11.178430505082803,1.5093104968800664
111,1.1540327190589545,25.18678392846764,10.723993221073766,1.7476181049100414
112,1.1486607067380126,23.91918922861328,10.765890006015852,1.4705586572127594
113,1.1520224257690288,22.99559078140857,11.543484155988981,1.648821920165246
114,1.1430048343114543,25.46714378148577,10.979543524861576,1.5193127342525339
115,1.145325489826948,23.699496839454646,10.863161094573817,1.4909755067261121
116,1.1410728940167358,23.095514637764552,10.818778387019243,1.2766011294842936
117,1.1441195198915983,24.96712172753432,10.787597108427457,4.499622424148212
118,1.1427361579915019,23.270419727163507,10.887511534878024,1.5730384210669917
119,1.1337641363790079,25.074430637115128,11.53007373223284,2.105826569898605
120,1.1350330647126063,23.730414763152996,10.991245007923673,1.4206177085308735
121,1.1422874090906008,23.41857026362656,10.656714241450624,2.011576181165125
122,1.1374268872004174,23.053636665692128,10.932104682145532,1.0216393493071498
123,1.1343055143152652,22.90881607344797,11.493499322344013,1.1354203650592893
124,1.127490874099114,25.65932104925679,10.87534396532203,6.36264604476027
125,1.1255620553488273,25.136966475711173,11.626037824754246,2.611976238424521
126,1.1275861350524146,24.429354391187132,11.417121752477339,1.2483187408846927
127,1.1314205553775303,26.131520345159927,11.073100928751888,1.162583269246702
128,1.1286068186153562,24.177245096056616,11.32582953719979,1.4799597716471211
129,1.1180667179736423,25.085416212056746,11.476496860107584,3.5146369344726516
130,1.1234891820148594,23.92914512094521,11.834015248455483,1.306145971489764
133,1.1313501830785648,21.794942415304718,10.804059738574333,3.183911057092814
134,1.1313535388614284,21.324868513030584,11.13449042770881,1.702784483795178
135,1.1339407730183508,20.261333759042436,11.191708983020288,4.435557092508643
136,1.136488715417231,18.75484322681604,12.11359578057128,1.0470757531490786
137,1.1340681314874128,22.461750643626633,11.041559992365743,2.5007696344434813
138,1.1407409802204769,22.568704904922768,10.265554050209314,1.7842498726995726
139,1.1435566402940684,19.27205740673771,11.763161058307654,2.4763010960957117
140,1.1403982231247276,20.45596988355198,11.320960620221282,1.6221619903787772
141,1.1414929729191752,20.76554372629992,11.389472884586624,1.4345697397877388
142,1.1425714288614215,20.55977741068312,10.717418564787286,1.5639499213450117
143,1.1381112124557662,22.872971990802274,10.73857232138563,1.1885067525343405
144,1.1425467772283977,20.688198281315834,11.274195665042283,1.0470937768179847
145,1.139857627832735,22.585368881104237,11.037973802171644,4.011896380180435
146,1.1498375322494496,20.214275257053952,11.360634938571673,1.5477085443872016
147,1.1448224572307133,22.120935276125103,11.081032055209814,1.5935963804450006
148,1.1495180341052142,18.492509924970175,11.440251715560526,1.673339206802618
149,1.1450463275293108,20.465635743546407,11.583377182419884,2.027767380444761
150,1.1459026625687594,21.766591121767313,11.683799659086747,3.5786791414024246
151,1.159425451216761,19.46870086214369,11.17497657141679,1.8497520704479566
152,1.1569422395268498,20.43432372587969,10.512700401120947,1.4764240125125339
153,1.1562901100435872,20.120708733533647,11.629907980839285,2.192208529215553
154,1.1633759858027017,17.039667025022972,11.343849595749111,0.9779512261813103
155,1.1567061825493685,19.447036076578797,10.77085889118386,1.6292121245789366
156,1.156758316785588,18.77281195283203,10.692995063273573,2.2345010477761074
157,1.1681003854713479,20.58539337360063,10.811839566114958,3.1202455002966056
158,1.2256835901736192,18.748227368819688,11.867723318086675,0.8153814368085709
204,1.180963970708343,20.398372055329688,10.567104570729956,1.2341382575325386
205,1.1629309270596748,17.371251549691557,9.632560143996388,1.3051869127248104
206,1.1492613353172907,18.065262998733058,10.111264492135463,1.2738226953652236
207,1.1482116555686277,19.533357375685874,10.471005325453778,1.4366718251874038
208,1.1515922435643677,17.780239298955667,10.393333882821501,1.3989874266094875
209,1.1421597255136589,20.564251234364033,11.050359797863642,1.1833949440030875
210,1.1456779806100643,17.67080135564539,10.73853944574183,1.3358102821054814
211,1.146695066611833,20.00972783852812,10.603405075070357,1.0737158782371221
212,1.1401215755562615,18.735041793893505,10.414833203256116,1.210571834810172
213,1.1397625606217727,18.939718316956412,10.942547563227421,1.2622256318080813
214,1.1332355559191822,20.20322545715015,10.807026065231048,1.3229874924025917
215,1.1357325047590328,19.03177636921472,10.61947194924689,1.2434381374667796
216,1.1302552118000762,18.395061553725157,10.660587076809952,0.9634478202625619
217,1.1344326853735267,20.392162947753935,10.62184864369825,2.6795587938136194
218,1.1327110947732897,18.26057213800402,10.827784687634335,1.1683091745042475
219,1.1245183858839614,20.253684348109445,11.092193282702974,1.7019371721233245
220,1.1253118518038518,19.110143166155382,10.758150423589857,1.0746778493218105
221,1.1314146720681535,18.45659166848732,10.956744309069736,1.8634927393234977
222,1.1266536853215956,18.376049211377946,10.842247293245885,1.1771759070425474
223,1.12534533519611,18.521610174151803,11.178470758417683,1.1733407132227525
224,1.1203374849280108,21.07605253931783,10.733594888646486,6.101751757941595
225,1.1175359596509897,20.307829646394318,10.902873395804173,2.6544591800191215
226,1.1195556716946,20.200822055569304,11.065263806738997,0.9656820478789027
227,1.1243231934356477,21.250739014713883,10.47189563635249,0.9748148201419153
228,1.1193802324503497,19.4724125313622,10.811089229017945,1.268173677858791
229,1.111560280768323,20.269271979898505,11.208239759276962,2.7241077332979486
230,1.1174569596621937,19.235017036351874,11.627394566534544,1.2293834288723242
233,1.1239095719023877,16.97236802425775,10.825382368929834,2.3544170681409184
234,1.1222988087386876,16.9639389529671,11.214046375002908,1.1915593210841637
235,1.1252482767191385,15.468345418187004,11.42079305100578,3.3013902427553554
236,1.1267828243889513,14.209842165504453,12.348592657712022,0.97702337514957
237,1.1260470918053627,17.50973196478648,11.439807933098477,2.0695593414741658
238,1.130209716867442,17.929338719520654,10.58052215753374,1.4576257143914462
239,1.1331559087225591,14.526001850538146,11.483597742196645,2.3979110168165727
240,1.130904438303718,15.788681824634349,11.110154519361908,1.2885579558564992
241,1.1304390396216468,16.651086917797894,11.526967286540035,1.1099042567691189
242,1.1316075145536617,15.839316029797992,10.310616880944108,1.5740307024875444
243,1.1293359558797005,18.27043619990146,10.82362719779018,1.174449067916369
244,1.133912359394343,15.86101301530794,10.7564881691124,1.263085180053323
245,1.1311918019024234,17.626047163508257,11.193761884799638,3.568747691203778
246,1.1402321194016396,15.74076662010533,11.462265629835409,1.365138429577131
247,1.1359973408246589,17.06880558425049,10.560410595007435,1.2640492312515927
248,1.1388980267374915,14.085816536854944,11.054376792119177,1.6954497761337446
249,1.136780731561215,15.904607335763389,11.308677761175723,1.07576942947358
250,1.1357436242027819,17.26036732700979,11.441408423710296,3.0676404663896366
251,1.1504565202266461,14.26843092700046,10.95720736851675,1.3190870387406701
252,1.1479358807603919,15.666928891243476,10.420401559603214,1.25285786280572
253,1.1481674611384964,15.337497145501903,11.397954825976425,1.6916322441847909
254,1.15357412021812,12.453592870924663,11.37313259954275,1.4840445914134013
255,1.150295597210778,15.57998201684719,10.772266098199747,1.7305603762129484
256,1.147793285260108,14.770162314138584,10.84840851254759,2.057027946123207
257,1.1451694416728997,16.669375862186772,10.47985711980087,1.8410271695122573
258,1.1733719577632824,12.153485848565166,11.995708515142008,2.0491832676424684
259,1.192228410548856,16.404860740304226,11.104279180590112,1.5358454648072537
303,1.1769318563767692,21.42452548021781,9.784378741521735,1.0502728625599054
304,1.1481816640868854,22.822010294566905,10.725646710094516,3.2495494293154508
305,1.145631629428538,20.609331142335694,9.789502625238207,1.6450233511587546
306,1.143493044206055,21.91180827206117,10.20371375455283,1.471177098680609
307,1.1422381552901562,23.35232375246455,10.432247594776088,1.8676240671258753
308,1.1466668267410156,21.384566016959514,10.373073339173677,1.2087804502348771
309,1.136875485819266,24.365689315074423,11.691150677202101,1.5045340007178414
310,1.1371688296153626,21.65351966878648,11.269487752337097,1.6834797526011953
311,1.135691339347946,24.20523805974826,11.08424450534216,1.0826646024017736
312,1.1325575810876052,22.21491022618558,10.755426956607026,1.1032563792998278
313,1.133431314469929,22.532725463650515,11.07073931068899,1.2889476951719712
314,1.1264812634256445,23.90884261009781,11.330028174871419,1.239355349003648
315,1.1288685394043243,22.850825740072896,10.841291097748368,1.381832543617735
316,1.1256516265972907,22.24178151277474,10.71401043246348,1.8111469182811761
317,1.1276135423729057,24.122801465661556,10.76060017531767,4.070691175026325
318,1.1255368318690444,22.233343739883157,10.89187600821089,1.1863689257587267
319,1.1183149889161443,24.384243402956127,10.981156077020474,1.6630091976884616
320,1.1185751766360394,22.936256238816068,10.88094098563597,1.185247482195031
321,1.126907297187706,22.01788517446882,10.390947033458232,1.3217003591607053
322,1.120884434755502,22.11737682434181,10.802492032685045,1.0584090294914767
323,1.1215575252125765,22.05022033254612,11.160685811730112,1.0591703219130262
324,1.1143889722480773,25.001236450360103,10.93760773880021,5.045940940203025
325,1.112526084623179,24.269278621903194,11.388378983839106,1.4649602191229778
326,1.1132283807980248,23.977723218340767,10.955333478194875,1.0343407711001316
327,1.118351856952141,25.102962060475246,10.94269622307949,1.0200467805989548
328,1.1143409941616818,23.19352434650733,11.311838763572842,0.9265429306583479
329,1.1061417711321442,23.970700976537632,11.056520310155323,2.25803235329434
330,1.1130217270657499,23.49324429500221,11.34508144468845,1.0821433226806494
333,1.117361556649377,20.645349882481565,11.212762730627063,3.381290907365972
334,1.1156798862799724,20.49101089628856,11.43268268555394,1.0580344707972857
335,1.1204122008875044,19.351384382908833,11.432009512378556,3.2232398354636675
336,1.119457816071997,18.451885898485695,11.99857478472873,1.3646620001925107
337,1.1215158542895851,21.558719229019488,11.123873563421434,2.6317192865173062
338,1.1271758919408925,21.823872050371396,10.301678811943232,1.1490885685996362
339,1.1277967173906898,18.57250860974809,11.915521407850347,1.7868499798766355
340,1.1258755444235276,19.551064414563236,11.012907861340587,1.3656132408120334
341,1.1252559219068383,20.351294053740528,11.76269481550169,1.2472912300906913
342,1.1243141609136087,19.452495865630723,10.621527794783137,1.5908435920401138
343,1.122416275485325,21.845490558927384,11.25951234471693,1.3791277270399145
344,1.1284835136472686,19.375359019921362,11.208410478431102,0.9581144669215209
345,1.1250288958353187,21.662578882123103,11.369781495708096,3.516698595453596
346,1.1336077497974713,19.67775724648721,11.817992542573908,1.7454145479427554
347,1.1301522645619202,21.155974647730684,11.28256685015852,1.3847859546883472
348,1.1328322795036267,17.662751315335672,11.40622262408442,1.9605748729639592
349,1.1313588782487731,19.293767838591087,11.584007347399556,1.6117886560099814
350,1.1304591406637914,20.896062384603844,11.772984417899114,3.004284071090233
351,1.1428143507962842,18.744411624077042,11.071472188394672,1.1464065171742805
352,1.1426140207727344,19.342131437237388,10.143353973277447,1.5467849717515163
353,1.142851819314859,19.481208529149395,11.431149214946219,1.4013189608846242
354,1.1500215952749755,16.387430808584828,11.237677756595618,0.9465474422866904
355,1.1457098803228216,19.28544481862902,11.123981944736254,1.5874538546718062
356,1.1451562673814157,18.378027849175183,10.86963766577698,2.2425300942186808
357,1.1419167986672847,20.24142987884706,11.231693291938367,1.6763580886008742
358,1.1570842011363387,15.191466845267625,11.880851620006357,1.403255998491994
359,1.1595909272638338,18.47168539043086,11.462068336084032,1.5581057496919535
360,1.1975153237544882,20.82767164113823,9.701192619540604,1.0581443270724642
402,1.1809262125102773,22.90984474966586,11.120376215495755,0.9635128194180254
403,1.147544052047828,21.64230228354767,10.492261519654662,1.6414658267707753
404,1.1315578053998387,24.49234285352429,10.96491820580085,2.630385181510749
405,1.1381341299078829,22.595041527846757,9.827411706835358,1.7989788202531143
406,1.1352596247027658,23.46827312310322,10.998282966051352,1.6635583681172774
407,1.1358542402032543,24.484499192018394,10.704560860693467,1.2077546020397505
408,1.1396342107670587,22.352393009729123,10.745549473209557,1.5655992484101504
409,1.1295239015204528,25.911900597600365,11.520629925858097,1.4527992837839687
410,1.1324679368032287,22.935754465770927,11.02646465404215,1.0221778891368523
411,1.130680933016823,25.69677190664431,11.451494327857342,0.841830239223036
412,1.1258675081795457,23.669514676767594,10.865841411206477,1.2586149424543822
413,1.126792495129457,23.806935804612404,11.54491328883665,1.1235859183074917
414,1.1194286270090799,25.414016179392195,11.331457805996033,1.0281575182451221
415,1.1221935211387364,24.443712299754772,11.21725976822819,1.5838104934866208
416,1.1195721816624418,23.479809228523404,11.243536604519964,1.5340166048834993
417,1.1212732904497842,25.26021627654256,11.238896342215767,4.4374725170444
418,1.1207688284215573,23.746287794216688,10.83885802044433,1.2031691863053418
419,1.114103761916859,25.4807066600854,11.182479757840134,2.028998737411992
420,1.1146087555779967,23.864675901485416,10.979562683633171,1.3647128371967143
421,1.1204464999071413,23.455980772040704,11.093228454700752,1.6628843153459822
422,1.1167499051147207,23.484675875972,10.713883041936159,1.1090745278239666
423,1.1150173400318044,23.72881483828149,11.481777703766618,1.2186564524928172
424,1.1080751196409542,26.25110712359343,11.571351278694879,4.84879563825599
425,1.1067449212529228,25.777232573678837,11.487876542885394,2.4868044822177655
426,1.1076202336445709,25.16747813249609,11.734483903954,0.807860377418395
427,1.1157281508410615,26.29186779259643,11.030827717067238,1.0427523313866747
428,1.1088210479820302,24.950425060409305,11.584729964067819,0.8520378520956213
429,1.1009772431951343,25.610101011095807,11.30910458827139,2.5438375956682053
430,1.1099944171264413,24.668025589341713,11.356589501473469,1.1734715327109697
433,1.1132632248323686,22.364402887603156,10.545654486936217,4.034925273632858
434,1.1108762122890028,22.204917639898103,11.622567950546252,1.1519705668155997
435,1.1147687299135296,20.85137849068296,12.18550782482751,2.927790754997494
436,1.114978949764392,19.57898893139681,12.435037411522721,1.222143867020355
437,1.1152821267113224,22.466247129959694,11.962127534674417,2.665326330607313
438,1.120579689945714,22.849236700371343,10.6424882741697,1.5493886545544884
439,1.121259454330119,19.884899082647298,12.186717867973272,2.3526016096512254
440,1.1200692371408332,21.121417407013045,11.390715517681851,1.2044991714983806
441,1.1172731615635143,21.852454025886644,11.776315328448774,1.5875855554832632
442,1.1191782765326883,21.062226546234537,11.134044361578377,1.3164037760976424
443,1.1159530272841989,23.12493572750403,11.366540302879287,1.6776328757667074
444,1.1203066711415166,21.629021890732282,11.457378355280827,0.8251093357842505
445,1.1173246167012454,22.825884411576407,11.670185522392305,3.9215619093097454
446,1.1275777415863322,20.493675333688298,12.02883385849463,1.3398586137494046
447,1.1246775471246406,21.913157626001833,11.59526274911894,1.6527554141546394
448,1.127447365002763,18.581070257278416,11.312695418039782,1.1915622891844173
449,1.1246368979441228,20.90715729566594,11.655118870677732,1.2130504547968752
450,1.1235173638824596,22.278980956851978,11.809129495027072,3.9873148226862676
451,1.1385733303694197,19.66288338762154,11.516447139331417,1.4018121043785137
452,1.1370137435819336,20.663583845696017,10.807239261944012,1.2030490304406263
453,1.1383797379994391,20.713520552039334,11.612352682294375,1.8697187072865136
454,1.1432973544452623,17.465343588093052,11.560068065974408,0.9731520063473178
455,1.1403904509851859,20.409048474746854,11.15736484308227,1.5688363878284433
456,1.1389492671254144,20.176638417490153,11.175374454089232,2.0729882946840505
457,1.137760258531639,21.389750413892347,11.2102453986269,1.986951565910267
458,1.1529243535759914,16.99784102487142,12.127985580322774,1.3857292944893227
459,1.141270255534791,20.224257687372926,11.597457110983887,1.5865267078167644
460,1.1650379490089782,21.50192022732217,9.924213550100832,2.3884860162239243
461,1.2004948967354085,20.42520391901474,10.25735337765596,1.508817573783578
501,1.1846352632446764,21.69087164856547,10.884873143698277,0.6807422463650368
502,1.1451786244039157,21.932689928181286,11.315096074191613,1.6572673281625618
503,1.134257000609272,20.597958957520813,10.56843600470236,1.2273226522317486
504,1.130142018123484,23.397596522214222,10.896304036138869,3.1087336603470157
505,1.1365768970096934,21.026749933846073,10.270433833099792,0.9438626227513205
506,1.1342804986943347,21.965286697727404,10.722539277059,1.5819955635334104
507,1.1335176914103884,23.552993215818432,10.895807152179293,1.102327119957824
508,1.1381961925470587,21.18829697715799,10.541962681518442,1.8623670904260645
509,1.1243375882168674,24.822515936309802,11.900182864326164,1.178100881225448
510,1.130785759939676,21.539898924216708,11.068964716011633,1.0685038642652873
511,1.1303463880546631,24.023571613606265,11.178155120284332,1.113722850386226
512,1.1228999531981767,22.769848056166865,10.612144627855947,1.0890722690447912
513,1.1249680595203053,22.173916732000656,11.141687120241782,1.2007721368795108
514,1.1165973772772482,24.47016588648493,11.263029856240095,1.1601335059698987
515,1.1218289859693318,22.94003333287518,10.747225715796976,1.2786608615063748
516,1.1160022357317774,22.34131379334851,10.986280695930244,1.2341235552952146
517,1.1180468060377962,24.27883969726883,11.203099836327986,5.508437189248929
518,1.116550541166085,22.186469871501682,10.644696012992885,1.1503685202224554
519,1.1109705863096186,24.07784593576097,11.379792648110648,1.379809379526087
520,1.1124966677698462,23.08531152974292,11.1159633365349,1.1621922971763465
521,1.1169826293297969,22.039793155088653,11.33222849381708,1.1455986857869165
522,1.1148782751313144,22.13015313381238,10.73736813676853,0.9395546414244866
523,1.1130968124498462,22.329813855416248,11.436533743954843,1.0510745730852291
524,1.1081171854624028,25.008554283042177,11.049822700300313,6.663045622186324
525,1.1040683541633234,24.50403086597575,11.387285571245776,1.8681652788916723
526,1.1061033257862742,23.805208201210743,11.512633600814983,0.6464057341770197
527,1.111640700930015,25.019019065004702,11.172543583760286,1.024348578464759
528,1.1075574772979608,22.991397867299373,11.392201689348482,0.888726997422476
529,1.099040392218425,23.808285414825193,11.628538040394984,2.0644022728865576
530,1.1066408864448878,23.167654709986017,11.480414791604012,0.6343623821654073
533,1.1107615079330762,20.812954892751083,11.122196840776134,3.2578738615435383
534,1.1087754120229436,20.69383208620512,11.6398851353342,1.3008092493573034
535,1.1104357794082738,19.423684941511308,11.461367155930308,3.9988132163411017
536,1.1131898753406964,18.446043564919094,12.52872534484439,1.25908635239719
537,1.113884767746424,21.709184735043856,11.312189687234392,2.4864582802337942
538,1.1188548146066128,21.800834124669617,10.778546227844998,1.183484493809158
539,1.1196995283405944,18.434732060110182,12.319795542385435,2.8830321098032257
540,1.1165557805321216,19.764050038511776,11.723978668542124,1.3173107175986682
541,1.1146150564205897,20.251741299019017,12.08450148021649,1.3643903314495136
542,1.1163791788702373,19.33605027014065,11.075238367759148,1.2361111667391516
543,1.1128801684058522,22.101715394228464,11.280688346791077,1.5312120022997984
544,1.120122547100691,19.85271585349264,11.183493550328263,1.1350793880475298
545,1.115433961482608,21.542808567658017,11.399588037681458,3.6902607948361856
546,1.1238423291604356,19.32401749769189,12.119714521742274,1.3041468623803583
547,1.1204258305792993,20.729226422599712,11.35650276280086,1.1583455065530908
548,1.1235328613397118,17.58335263305143,11.601863691978075,1.4980624386589152
549,1.1195280328521673,19.59668155295008,11.381557969255315,1.072742523374754
550,1.1220910884923991,20.56163389933841,11.951262193261902,3.9101146628934957
551,1.1356764978504315,17.727609511350796,11.26413337891277,1.1073720204461914
552,1.1302529965681758,19.854435273615508,10.965315154796318,1.6508409018258587
553,1.1343235746827949,19.881553058151184,11.686920336927473,1.8006580015143796
554,1.141507500172316,16.323626048050766,11.695201820065227,0.8449865865571715
555,1.1365751987740418,19.462531814048386,11.235879778716034,1.10588364218292
556,1.137526047120865,18.706093108476527,11.320394674568428,1.5605778702572914
557,1.1353618193850226,20.465792376997314,11.291987111759434,1.947397265192732
558,1.1485989030416295,15.955288360912517,12.38955788290866,1.0073753765742006
559,1.1409642943694152,19.065536985606084,12.072745647067908,1.1242746456798345
560,1.1481816608789763,20.276977429323292,9.730244948921444,1.9300274237137396
561,1.1654332882532183,18.08835083990082,11.073404036966357,2.123463175232074
601,1.1439080577462326,18.63542719798762,11.019820778116403,1.6588471109310665
602,1.122739579198301,19.557566471910263,11.465440878213155,1.166763407075215
603,1.1278658718786456,17.923056418173363,10.583966019823842,1.2217692114640584
604,1.121186573737504,20.48104831930361,11.428021573400088,2.0912330105383807
605,1.1298944613131718,18.057144476875205,10.01072800647434,1.506123419876477
606,1.125793179869666,18.92206950643718,10.613917773435197,1.4098768441692717
607,1.1246782049595752,20.57083894512304,10.704846530627623,0.9228359826419672
608,1.1291981763525372,18.338490310806197,10.484250662419702,1.5181184965198187
609,1.1185232326388392,21.596819896483762,11.768306605286924,1.1471445869139039
610,1.1202535813487304,18.338722042770144,11.223937329153406,1.0593886858473183
611,1.1177912874663891,21.824177089270556,11.022696962937628,1.185531430233845
612,1.1138305370407373,19.80961825980955,11.310539630467442,1.3829594770138722
613,1.116379852935809,19.27892611159878,11.658875378985872,1.2564496978072206
614,1.1095855576370925,21.456246146243174,10.968591716410401,1.2616085348035129
615,1.1124590777814045,19.37549900468565,11.127351950902007,1.1759341157229255
616,1.1087498554406323,19.15142211069176,10.956624779911785,1.4116920397862913
617,1.1116987990206144,20.829175771693958,11.286904057802586,4.661946752458275
618,1.108891105888799,19.48194835896594,10.945473394792153,0.7765121740931703
619,1.103308466689624,21.15532186314598,11.238463578470096,1.4249889707034074
620,1.1041581379764422,19.68722305639472,11.469260555748704,1.5434268071277446
621,1.1068603423399936,20.017622122173684,11.12444014513585,1.6752649071323509
622,1.1060372446897748,19.5043031309471,10.832916427469826,1.3259878436622554
623,1.1067165149071205,19.19746833857208,11.596312864008828,1.274223542737233
624,1.0987215571426296,21.787876245308563,11.763197273103435,6.001313479719085
625,1.095649422064953,21.419355647738104,11.80689907107981,1.9772966704164983
626,1.0967802066891186,20.537876639145463,11.901131252273807,1.2531593665284373
627,1.1041801501252733,21.878010059471595,11.41985243629034,1.0170662223539582
628,1.099944810703103,20.474455780380378,11.602093770128482,0.8747853728148498
629,1.0920812030285532,21.198100617158932,11.615081284049761,1.8407830659746323
630,1.0979291960831996,20.213053532467626,11.822105440072493,0.8362057121870136
633,1.1028442019356681,17.76266831810638,11.513644924676646,3.7678248520098494
634,1.1015040566564134,17.735182538388674,11.98933899312964,1.17450045040662
635,1.105638702609349,16.525279553760715,11.719360239971133,2.708567235308748
636,1.1047046741721969,15.45226447377564,12.740567560231572,1.069546832623372
637,1.1041798631953716,18.465239628965854,11.56384700756449,2.775461774314817
638,1.1078287389234447,18.7277840826866,11.162429828254417,1.242408014069609
639,1.1115241658587969,15.512120851927927,12.041509696588445,1.9532013735405263
640,1.1093114424378052,16.98665301890354,11.427136804943187,1.1692960247181146
641,1.1082127047181731,17.640805499667078,11.956996606212376,1.137372987514316
642,1.1098023600360225,16.130752873354187,11.484359741126873,1.665431070584051
643,1.10459870350649,19.032205123609163,11.363791469632558,1.0610574280561644
644,1.1102783135085958,16.801906372129228,11.35246642575912,0.8763973225753795
645,1.1062249628915424,18.340622831450286,11.694047088983782,2.3896608941225086
646,1.1152932584596278,16.333075203026162,12.193640287508435,1.2094714160721667
647,1.11122946824989,17.894934209982036,11.43040971013627,1.2575484206296268
648,1.1135531104248275,14.258523914143739,12.145310598831134,1.3666014256182215
649,1.11023916908701,16.252253027785674,12.09573333379538,1.08754045693161
650,1.1107651784326358,17.90986529795053,11.845464283994257,3.370476297869342
651,1.1274601635141113,14.680201731364486,11.045879609439709,1.391306645496568
652,1.1250660243896125,15.784451786266741,10.970039489142925,1.3274470531031222
653,1.122838085140551,16.830502522880426,11.729950593832264,1.7336062709592204
654,1.131903447824575,13.557870020541314,11.619845679160175,1.0628403635362558
655,1.129055751120768,16.811913414717072,11.19342775434585,1.207421822833978
656,1.129456024470412,15.870103230292598,11.737480284940307,2.392063225585761
657,1.128375491404541,17.581005274076,10.9886118202857,1.0836212183077216
658,1.1436116160115364,13.26587053761247,12.675372284333255,1.7064188061500989
659,1.132010754681692,15.99890946150629,12.165519626149955,1.4203299813778385
660,1.1413911190611103,17.605017345157794,10.291498554907506,2.2071382927205314
661,1.1423354141902775,15.321100348816788,11.254567070421652,1.329105126765651
662,1.157270242864741,16.225475074469394,11.159285375704135,1.4327383688400874
700,1.1493101013322649,19.77822604442336,10.466810800426032,2.3617333238183265
701,1.1320245809257863,21.26873828283855,10.93349511041827,1.9970320537371686
702,1.1266487610645575,22.552182197874227,11.505792384955875,1.1574845785787244
703,1.129954079368119,20.668707961177898,10.540449792469502,1.2099071469466203
704,1.1268908422087964,22.695708891248557,10.972517546199386,2.039450061372096
705,1.132426964744183,20.76444068723992,9.792920906745286,1.2682157605771562
706,1.129876359057863,21.380591864823177,10.370963691519117,1.2489828789823096
707,1.1270307898635845,22.83162287987761,10.73396713582393,1.1681435041878547
708,1.1329038391727813,20.764506187253268,10.205627117335533,1.2774367123309158
709,1.1212437050962063,23.994468556425723,11.937899812828865,1.050635410510346
710,1.1230383264212342,21.31917548472986,11.047119926701669,1.4171841441546467
711,1.1206739537199222,24.146223003176768,10.741626237607429,1.0378958497498973
712,1.116597600148903,22.275511259102224,10.3938321133009,1.019237436150066
713,1.1190837801530917,22.384972224689005,10.973050263701861,1.280088372359707
714,1.1130198123478268,23.928462508709348,10.914683020593824,0.88354105123083
715,1.1151901971323201,22.49604600549491,11.058837505733882,1.2270230319540791
716,1.1119211316543227,21.74034713273728,10.846303321102342,1.3600414425615712
717,1.112560905205136,23.765440561779812,10.599498142156811,5.393754877220809
718,1.1128011230204342,22.26603957182357,10.474511449959977,0.8587125858265341
719,1.1069159712610588,23.83542839266183,10.80155878668299,1.2051557345616952
720,1.1097545589457982,22.222144941359375,10.869586578528779,1.8028626275365474
721,1.1132886079386979,21.58025371951438,11.001313963936433,1.3346741898248755
722,1.1114893583200642,21.876877378333226,10.766555580285457,1.242077220441345
723,1.1102965003343417,21.912474597848217,11.397794754840833,1.0965549412234967
724,1.1057850733430437,24.81986615014907,10.928018816425828,4.70072484658765
725,1.1011543600200306,23.920580985188792,11.480518928270731,2.4273292460790183
726,1.1047801608747383,23.178855140492317,11.337105426317645,0.9095243389582733
727,1.1096579657214884,24.717373197026262,10.77235360949055,1.0445119444625222
728,1.1054268462505505,22.81703005536929,11.241527008091442,1.0347400436480423
729,1.0969524456070223,23.704263764673932,10.85818614997907,2.7375153524127924
730,1.102881509002494,23.17160921441035,11.429780595483704,1.2074512421927068
733,1.1085467762118184,20.341507311981704,11.013877775170705,3.680581082561075
734,1.106204857000314,20.057541977665707,11.41149247401273,1.080358856119024
735,1.1089008809685361,19.355392192779245,11.36201513651706,4.3959072182870464
736,1.1118281643578452,18.00211343895639,12.529756627996022,1.1694869132809382
737,1.1088296345035364,21.314979738210823,11.319100694106435,1.8026450835552206
738,1.11439840203417,21.58640353207263,10.401480111521803,1.7090203821924081
739,1.115523943096782,18.12703435857586,12.026907346585654,1.6205074282724998
740,1.1135129305488531,19.509663170445982,11.876032475044655,1.8415151536981458
741,1.1110539362165017,19.77583876712381,11.970889309414327,1.0276377744184184
742,1.1123652207248567,18.986998188996974,11.046490797518668,1.4771217646481871
743,1.1097581585334229,21.543789180274917,11.438639134006173,1.4909268671474472
744,1.1148856932239544,19.039744237616993,10.77156291334854,1.2091776439379909
745,1.111705987585731,20.860545051637203,11.328011188371994,4.041654122286257
746,1.1192330613609858,18.396022193270444,11.991112531846051,1.0182866297322668
747,1.1154506391636727,20.589539202322015,11.048060950771234,1.4578396897977863
748,1.118734008244338,17.105406485284743,11.792942381426363,1.6510896321355
749,1.1153216212335588,18.779522522150042,11.88619461279261,1.6913730449073248
750,1.1166850738449974,20.363883582453912,11.678853830876353,3.3179102283686768
751,1.128724740938771,17.546907680004928,11.493834502577597,0.9758797889968481
752,1.1291967499781603,18.57648413386295,10.724931674634652,0.9728027135723425
753,1.1308355492268372,18.85675372652493,11.491608469064213,1.9362082907269622
754,1.1387537326534993,15.83572979536374,11.474680412562968,1.0528949266837475
755,1.1336289179367363,19.023043866132735,11.445118291874074,1.2187047024057351
756,1.1321702873671922,17.92624569491505,11.122742197170624,1.593385801294981
757,1.1319684909306835,20.310187998177305,10.943214045679818,1.6026415225445902
758,1.1479432454984149,16.062146951925786,12.253187058283022,0.9503165758676908
759,1.13671266123238,19.05824639699496,11.623333031004897,1.4194566835461337
760,1.1443016483340958,20.23760693383926,10.291998152252896,2.409110480472209
761,1.1465676500053559,17.979234678550746,11.037385789619755,1.5882973862521663
762,1.1433479145588177,18.4222983609481,10.591184350509193,1.3975415258318338
763,1.1676733658332081,20.229151732844166,10.915414725335006,1.7280093662255458
800,1.1424815171909295,21.7643588245565,10.308612676375638,2.7783007039116
801,1.1321345086537704,23.44614247598434,10.886867230979684,1.6858796909262694
802,1.124154564726467,24.658479756302313,11.672831394250377,1.3543264637486367
803,1.1292209937646873,22.640208839328007,10.56078785427017,0.9044012226717082
804,1.1236543673385806,24.8289697308796,11.532784486712112,2.5225513263335784
805,1.1305259061559696,22.078053835001125,10.36720516692459,1.310633706982323
806,1.1265437509915632,23.85739992429663,10.862661364316317,1.2955931639592972
807,1.128110084626956,24.73682862791524,11.170622406938177,1.125688755321479
808,1.1312636033318502,23.151485092091786,10.351270297786584,1.9746502480212667
809,1.1210976576703175,25.86205248414622,11.484986118182594,0.8090618194696945
810,1.1216794702377728,23.444752940172332,11.319799697997418,1.1701018588642438
811,1.1212995313399068,25.94963915248256,10.942289689243283,1.0984976592993794
812,1.1167067047931551,24.253054813508903,11.262216623631053,0.9189979674965594
813,1.1171695719555517,24.071387583081062,11.956191104945873,1.3360552069878464
814,1.1117467524403057,26.340412681691404,11.21953813395279,1.257414728930539
815,1.1139969105774035,24.413677208846714,11.274314318020144,1.1159575462171223
816,1.1103210495441243,23.915759813585566,11.417083692742978,1.327116250720793
817,1.1138349320343284,25.683394490322822,11.11023151124299,4.5031980602216395
818,1.1104546803154431,24.076896492743668,11.078125474643599,1.2477931284350323
819,1.1062778758664567,25.739369956034942,11.558891635340059,1.8688353262357036
820,1.1086635272105545,24.544959044647452,10.821841705972293,1.7830832324525248
821,1.1145399033304528,23.59586247619132,11.269495939401153,1.3128220385239442
822,1.110870907954186,23.62041311335582,11.183308593750496,1.2233006449239654
823,1.1096945188640281,24.0282437623898,11.515422757972459,1.020937723597995
824,1.1059148170406858,26.674745248198246,11.464582593534438,5.37315583353409
825,1.1024949479606372,26.100018736937937,11.41560882684871,2.178107741113371
826,1.1042288891399066,25.560156516701362,11.854642593824376,1.1925940630926082
827,1.1102671793683896,26.827586614750995,10.9553510705101,1.0438374715569612
828,1.105459708067237,24.7632288163057,11.50974099599837,0.960930122478536
829,1.097519492069298,25.900379613461414,11.193048107117999,3.2506127390854274
830,1.1029498972291372,25.007005446303737,11.942438269329994,1.3460540981489435
833,1.108321344531664,22.42870403984668,11.63272305657396,3.5826226453624885
834,1.1058856517349172,22.489591548831935,11.974054105300821,1.2300228984331896
835,1.1119172538712232,20.878334211515867,11.719764319205057,2.960158092036577
836,1.1096783072079652,20.151003944228666,12.4475211360135,1.2453583829134132
837,1.1086348745133374,23.35018670730873,11.433953432552002,2.60885991854253
838,1.11328687770604,23.37418973028291,11.016316394279276,1.6088202440323909
839,1.1161446799015033,20.408681403670954,11.90197780516104,2.3096627592769874
840,1.115090611068405,21.220596035051035,11.878369729675708,1.2740422184106306
841,1.111863639556676,21.96851863817735,12.289017382020925,1.278596197840955
842,1.1132913653375254,21.01776009741066,11.577784753428071,1.0876994685593262
843,1.1098620636699892,23.398354467272437,11.567446894363659,1.1761698373322043
844,1.1130216580979944,21.46288288590521,11.140625038579891,1.1399219098448268
845,1.109769809395296,22.921461226880194,11.97197489529773,4.217413663063038
846,1.1198368479336693,20.96921985083798,12.237403308428533,1.3411863933509052
847,1.116397824636552,22.337090301410694,11.499187939622955,1.455027397170862
848,1.1188240022323535,18.99505428237382,12.13553700179903,1.6706306552863344
849,1.114145592198523,21.281214943106036,11.946391091121582,1.704414056771385
850,1.11586064939771,22.425633632540148,11.767158001634176,4.074055736315837
851,1.1305877712434098,19.502203978483912,11.497724289500216,1.201110692895606
852,1.1281991698959715,20.30840947859562,11.141993921771524,1.0151878450783154
853,1.1291023805899505,20.473966973532264,12.163805373125118,1.715589067301072
854,1.1372269325152293,17.56113975452978,11.9648688082782,1.2565310956595175
855,1.1330202707388342,20.522030535052988,11.635535305900067,1.5588313135346192
856,1.1342877290323128,19.906561615839138,11.542199916524009,1.7440082757778763
857,1.131361233931565,22.337309398695353,11.07854086595061,1.713281844985372
858,1.145759014415694,18.01821479160735,12.517352589939582,1.2902394847290106
859,1.138972761828935,21.119811161776997,12.024485556594271,1.1528575188452792
860,1.1419970732397087,22.619205494490146,10.46546967336742,1.576008132468774
861,1.1449252962887977,20.03632801110502,11.697235421342164,1.3544614648648268
862,1.1398304876445604,20.62096161558727,11.020473720556554,2.0733801669872562
863,1.1577232021650625,22.772857031724808,11.503222041698217,2.2888057279678846
900,1.1326643440154067,20.0109254019706,10.164395499689789,2.1845881063222965
901,1.1191298337494386,20.85151153203894,10.772441188839878,1.737026349301196
902,1.1162434517233824,21.976850125645253,11.869331657794012,1.3225590159463247
903,1.1205915285688564,19.805813035363432,9.936557105937645,1.118859988325587
904,1.1139788848240044,22.17450600419358,11.10656868968117,2.6663376982838622
905,1.1224753575836086,19.779915314338233,10.17366083543285,1.5811988644983104
906,1.1192162940103838,20.888032988247254,10.302550039760472,0.8643525709616041
907,1.1161309481572725,22.137466862973493,10.784117940487778,1.1133876428024556
908,1.1221566455605954,20.005559153947857,9.944379794232404,1.2803484448523084
909,1.1104581223094978,23.35151804858293,10.994683370263491,1.1352764602542065
910,1.1127727447144329,20.239047834921426,11.022673557497923,1.5240374139263526
911,1.1141160853983827,22.791031564402587,10.909838789418684,1.0023957580855147
912,1.1081549187678594,21.06718032795851,11.2191688064767,0.9105802338131409
913,1.110970604892573,21.312450678331675,11.493175912051672,1.2674728589503874
914,1.103897356592279,22.779559047726234,10.945688702843366,1.5884637076257442
915,1.1048076436465781,21.55613940899381,10.849029067918744,1.2032214143350113
916,1.1040052204397277,20.93118767883494,10.91552946424618,2.2250247873401126
917,1.1060223369435689,22.853407591604334,10.823258534481623,5.085899697426772
918,1.1044255317895975,21.199374657626528,10.781609167988936,1.1923776759533118
919,1.098217447340658,22.9307150557776,11.238901733356956,1.8612810218475844
920,1.0995132869762185,21.737953986136613,11.309914464103079,1.7504126010490302
921,1.1058628283989547,21.0827449290096,10.913710002127415,1.2187182640495624
922,1.103344893930919,20.760423462038844,10.76741003252936,1.358119500625555
923,1.1021508516997895,21.264205356718527,11.479690899219616,1.278855452780983
924,1.0965344369420749,24.266247799364937,10.779968812281052,6.891667798401604
925,1.0946325688027898,23.357979788600314,11.2493347350312,2.2882672450776704
926,1.0960953168277514,22.731177934756595,11.685438090757943,0.864315948283461
927,1.1028203125714142,23.667342254370446,10.69906653872682,0.889701387584494
928,1.0978337406082292,22.077714259629538,11.444472065600497,1.5251121699257009
929,1.0895890252832308,22.66546319234539,11.01624434526796,3.741204917450197
930,1.0962354760259798,22.148367687351474,11.38578876312485,1.3715834851772857
933,1.1005092962240106,19.73797068973252,11.058608909736272,3.6130483712892456
934,1.0994849646051823,19.838345486233838,11.97912389974332,1.674545322686563
935,1.100942301000331,18.223995239318697,11.618902245286039,2.953260303155695
936,1.1026908941926354,17.06202029679439,12.580281278272546,0.8724074390175988
937,1.1011463860219022,20.696889537360267,11.587732829605548,2.2051886835895362
938,1.1072478052760684,20.725431063646536,10.53366335718616,0.8673364710150836
939,1.107153601165837,17.254227766219064,12.262735869531104,1.6894799599476924
940,1.1052356359301603,18.747613202541068,11.41293337384097,1.3537660866686212
941,1.1034908860273576,19.585164942617915,11.641469406073076,1.2124887519988339
942,1.104829472268013,17.988239615736873,11.33844485030519,1.0716007098753597
943,1.1024399236959124,20.421826268257146,11.459097488970388,1.1720692644746133
944,1.108354541952599,18.37349220221082,10.981042306469385,0.9043871138084129
945,1.1033403285351662,20.24885073709708,11.634839825453295,5.73870462617818
946,1.1092144308172143,18.559213276713557,12.103658984297075,1.1898828247499145
947,1.1076849830243054,19.38107361051953,11.044014869236195,0.9203525877612937
948,1.1093731775921252,16.183432053650286,12.066196411850402,1.2728914093442218
949,1.1053474146965407,18.216089702084233,11.68874714980228,1.0210999180729967
950,1.1060074890485092,19.71647110166968,11.758912916820469,3.547977041470838
951,1.1190368586679098,17.059352775406115,11.280658174662845,1.1282454047944341
952,1.1183693187660821,17.894287765894063,10.421002311457245,0.7495963798875648
953,1.1170895183911482,18.1677223732205,11.710066570831831,1.5307885100689629
954,1.1279867627645819,14.649548204219416,11.533244348924823,0.9086818152954232
955,1.1232212186549728,17.92088932528498,11.125159880465969,1.2740655413474558
956,1.1249767433817095,16.80851566707952,11.325265247931034,1.701774003008083
957,1.1224411300813757,18.719381018105317,11.409168616748067,1.3087527153674057
958,1.138260268256959,14.740364238702368,12.164517653180829,1.418016526977217
959,1.1276143670170533,18.432689253972764,11.896203032385904,0.9671622791334404
960,1.1369114947453334,19.60211526423512,10.126746279638652,1.7664520445629437
961,1.1356790111992967,17.40855583728557,11.539364360860226,1.5333994383819702
962,1.1329508864285327,17.976492180752988,11.115343017039352,1.0397396412532285
963,1.1521568673625744,20.017531526628733,11.583798603977995,1.5272350492845224
1000,1.1375530874596147,19.86466126370585,10.452168506325702,2.2844518211880414
1001,1.125791104375955,20.740521255128694,11.322006894375454,2.1710110547069443
1002,1.1206610858095494,21.475185083881204,11.590984681402073,1.3682768937310867
1003,1.1231617480522513,20.025924578582135,10.634329974842288,0.8109609052176994
1004,1.1181679976607286,22.17520285750164,11.278175332665656,2.3202672820285666
1005,1.1261235346078067,19.72214656669366,10.15756545787924,1.1670739776128807
1006,1.1194651487352583,20.755023793664908,10.637460434726236,0.9369944146446335
1007,1.1208629550797007,22.044160433745947,10.715031865935288,0.8129361189476648
1008,1.1240337077796452,20.089587304958428,10.1306399203113,1.907533617728547
1009,1.1136202845308758,23.774906553086716,11.276133056025357,0.9294658660146955
1010,1.1143960341476329,20.409646857662793,11.202159224165381,1.4892424980853078
1011,1.1136933522603014,23.19933725352288,11.010070479639474,1.4783942720991385
1012,1.1094582452136676,21.501031965478944,11.025625409542911,1.319260233616001
1013,1.1124756422388513,21.118305921898855,11.766023185039149,0.9346162443413214
1014,1.1068474945085567,23.406210384413836,11.403820663617656,1.1864042652523992
1015,1.1094522232416115,21.73035695401804,11.104349495478965,1.0523178700573514
1016,1.1061974928978742,20.67861449596657,10.973716248995023,1.3762567358135993
1017,1.108288691520438,22.945677275861247,11.021868611806081,3.458973948558155
1018,1.1083494051377758,21.086774086662412,10.647930850263172,0.83076685765804
1019,1.101084300229039,22.937207845834564,11.454794125231457,1.6608397538362685
1020,1.104790146395655,21.773142961347233,10.601855059778819,1.9065723413341005
1021,1.110665744189596,20.97035162224392,11.246493137193225,1.416085059902951
1022,1.1087049281670924,21.175340753588028,10.711482075557448,1.0454189269246899
1023,1.1082242184980018,20.72573610799775,11.265946897125195,1.4993224786791037
1024,1.1008669358515384,24.110419742824813,11.317373419525742,5.75601434524788
1025,1.0972525178021688,23.35541125522488,11.658882977734196,2.0259036086367614
1026,1.1010628252391441,22.677682089723373,11.497394573863586,0.9727020746779644
1027,1.1075647974180305,23.842346180423032,10.717010230976436,0.9438916687132409
1028,1.101693458336757,22.030923096856643,11.243114488052948,1.1245162979411716
1029,1.092949060906234,22.8799388886707,11.754993680232479,3.1408577425151165
1030,1.0985821017266895,22.114941175540224,11.799971724145308,1.2802842835309085
1033,1.1046923846634833,19.615666934425896,11.417452542586974,4.483525581018216
1034,1.1027709824217924,19.58737104776475,11.738126544936717,1.1183023971228494
1035,1.1054096965090974,18.197009082600466,11.622998777526485,3.958946113742401
1036,1.1083567834406878,17.039996078350953,12.182700324899372,1.2010272531076742
1037,1.1062215681585417,20.219424552936935,11.693008133858136,3.4876380269198477
1038,1.1098010673523786,21.143565377784707,10.870082152143,1.4940974632049453
1039,1.1136504387980837,17.21082928982866,12.284602840136623,1.5468733893698434
1040,1.11022472547581,18.78788666710084,11.890527309738724,1.4376530793431272
1041,1.108680787432519,19.33201533490662,12.117392759664305,1.3121249411350135
1042,1.1077026974088102,18.56635055218659,11.28229973134162,1.2256812825166115
1043,1.104801269963949,20.94141077003164,11.56870186424827,1.038931420499931
1044,1.110731298912561,18.18296975033068,11.31659824378493,1.01588892372218
1045,1.1065755246753715,20.423139518872414,11.659233535808964,5.902165927155202
1046,1.113906027465879,18.19992005996006,11.925119260171689,1.2308248522730125
1047,1.1107447603354765,19.513416396285763,10.964233973381674,0.9117865478807504
1048,1.1145712347365144,16.236784413786847,11.885025731989218,1.403373617133981
1049,1.1087959432088528,18.000682077223818,11.919816064760777,1.1364095431172558
1050,1.112149318867423,19.43071917528625,12.066414345598792,4.305689746523158
1051,1.123856025345849,16.355078374219335,11.625536758480411,1.9905421997126447
1052,1.1218046874348035,17.926554105210304,10.81237234898328,1.293654175008089
1053,1.1223802858887821,17.705427518324242,11.670183141777835,1.927001853099524
1054,1.1308999324499107,14.926603227452972,11.764895686855342,0.9401382458970742
1055,1.1265973550808563,18.118976127159222,11.476939842099533,1.0813276194331294
1056,1.1259744989023308,17.200222636155065,11.393896259326864,1.4600230167702382
1057,1.1236404586162936,19.268031926349884,11.535760210330292,1.6267402953018446
1058,1.1412716698307594,14.972114407757276,12.34746984256955,1.4691959269442465
1059,1.132530103925241,18.076156330547562,11.883641370189403,1.198912071780219
1060,1.1402683188917968,19.364936378685588,10.186545532245908,1.2432022450358127
1061,1.1396822861720304,17.53203285999958,11.08868713559027,0.7579839339485861
1062,1.1367880932988939,18.084446166544918,10.957898243752174,1.444572528140363
1063,1.1539266490609417,20.56641571948549,11.6383521121358,1.5814994390376227
1100,1.1379517955203824,21.364804565566327,10.32520857802552,2.1801442755960245
1101,1.1241492687539676,22.429577778866108,11.056884678388702,1.6291366877085292
1102,1.117968619215042,23.639117396068823,11.42838365105121,0.9409146921552545
1103,1.120789142483859,21.543403927541654,10.27031839640978,0.9525625961975196
1104,1.1165380873406021,23.83765037874654,11.404677679780752,2.2543906989825833
1105,1.1264167081266003,21.69291698870454,9.828346886367985,1.0811649966850314
1106,1.1195406241160482,22.67169720889788,10.572248335110693,1.476730783568798
1107,1.1194963171931953,23.872607590846584,10.809760357538575,0.9978048597672243
1108,1.1230391857415651,21.768154041052185,10.240993534976047,1.9138045796442715
1109,1.1133193727373902,25.11473739404788,11.50503345037178,1.536714874011627
1110,1.1133190929450643,22.45859130812844,11.409577168309497,1.0014242365107084
1111,1.1144485756343765,24.575423446980327,11.291947792030571,1.0996547800042793
1112,1.1111779492502365,23.456502937740193,10.919113309884803,1.2862975016628622
1113,1.1135207672005227,22.840464568508278,11.576831965688347,1.0751437299890216
1114,1.1060146472818486,24.888746705794322,11.133528097306003,1.2150136763432553
1115,1.1097059891518155,23.424439707137733,10.877522190057846,1.1606759719648443
1116,1.1055965446474492,22.677243046736276,11.343553773290617,1.3738082006089871
1117,1.1090040209786216,24.626341315210325,11.065380655757014,4.9486800205715324
1118,1.1093631210119794,22.728303292432216,11.166525820351918,0.9774430276290057
1119,1.1016265026011594,25.00363044532378,10.861318691224737,1.3402518905318308
1120,1.1015772825082042,23.864630288718757,11.082151585980215,1.6246967612058105
1121,1.1091120082078765,23.021257279763972,11.21172498921133,1.6082944589680732
1122,1.1060534296334945,22.822506406931797,11.127679170814117,1.139269201987008
1123,1.1067121566442297,22.9855796274034,11.361198135259226,1.300489774099001
1124,1.100191067385089,26.097889339357497,10.932910648013012,3.9562642338804332
1125,1.1004320085799777,24.64647827847649,11.728720247854124,3.048684513064339
1126,1.099674882216544,24.87515676314295,11.546141185089907,1.3400012266935144
1127,1.1074888424740663,25.650554781483446,10.774510775870802,1.3752809282535883
1128,1.1027980669107016,24.0526234788565,11.35891753874805,0.9753609690993469
1129,1.094794901611625,24.648770930532105,11.633318766496252,2.807979472564464
1130,1.1001946464529102,24.155895488152076,11.60780827128772,1.0756057933937266
1133,1.1054043987296862,21.428270849082296,11.65595423344067,3.2899392781480357
1134,1.1039702085955974,21.543030030346287,11.826778561345273,1.1833015321989948
1135,1.1042285861726762,19.873451098865903,12.314422299321079,3.3829064623641054
1136,1.108746106046951,18.702936109818367,12.661183130659676,1.0813929015569441
1137,1.107285377673038,22.010369880796137,11.669236316073185,2.292616712429222
1138,1.11095885315523,22.22263899462667,10.804118417692884,1.9842776834281026
1139,1.1127593273369194,19.21235143194913,12.023890990121128,1.7217314790202636
1140,1.1119922185830842,20.130417796723986,11.868567170028998,1.2641444725061637
1141,1.1075350062325464,21.23283567703452,12.045748880225455,1.3494344207310944
1142,1.1068675340987528,20.09262517559197,11.406816888326997,1.5261473610808245
1143,1.1039478009715973,22.54951753042179,11.653243594861584,1.233890825653496
1144,1.108790569680205,20.52680839256971,11.369391584272828,0.9183988505591224
1145,1.1044228483924878,22.11625648677443,11.591839985274982,2.992011874719838
1146,1.1144449307975974,20.10011629871236,11.666587081248588,0.8538068498862118
1147,1.111472764086351,21.235266093682025,11.127781914576044,1.3566018406806084
1148,1.112901086841163,17.916284318531677,12.15214099155282,1.0445405103129959
1149,1.1089531238426147,19.95499318473972,11.444863098854176,2.3384890034817913
1150,1.1101967258194267,21.569239785519212,11.89002842116334,2.9675016049205114
1151,1.1229252086766122,18.78796447041177,11.628017015693384,1.1224985791430722
1152,1.1199835508011518,19.711386982507857,10.853985966878167,1.0409186959895127
1153,1.1219217436873559,19.750916972342424,11.919033083597872,2.613456389381355
1154,1.128244342111898,16.42539638604143,12.005293595832052,1.0362604041345396
1155,1.1244971604681957,19.542127851462364,12.024250617380766,1.1040636703819418
1156,1.1277712477723243,18.417186463571934,11.569235069417227,1.8402439845156748
1157,1.124141932714105,20.738932992636624,11.703147653246022,1.8034036994008458
1158,1.1398723643046875,16.665976942427385,12.733150801254466,1.2301355162567786
1159,1.133545705396752,19.616855968550595,11.50039265651541,0.7524384301440273
1160,1.1382696047163805,20.9097526168758,10.473573428602313,2.286158053080468
1161,1.1377464456119193,19.0418562347332,11.363033245133025,1.5571610866520678
1162,1.1358407889358149,19.765371681812734,10.74693635765615,1.0447712111036178
1163,1.1548913689430185,22.201584289301376,11.74032861162888,1.7294231205824533
1200,1.1320953498134438,17.688167375528398,10.595022855401126,1.682282046166528
1201,1.1202949559414346,18.802044999961524,10.971140232969747,1.2975466595263592
1202,1.1143352234804427,19.19672047025976,11.694691629046075,0.9077177198258032
1203,1.117087550646654,17.378602826629066,10.941974912258244,1.1569460805428757
1204,1.1106074097862764,19.931626100118134,11.17724761710543,2.4679039980308284
1205,1.1186583239693682,17.455759195623163,10.332128535744829,1.0666001352687218
1206,1.11368927143597,18.798874925905153,10.562075789041192,1.1800636703279985
1207,1.1144138329194986,19.34837386839938,11.178799906438961,1.1825152318865464
1208,1.1180469423546635,17.634475799331767,10.655615630318943,1.592763360608801
1209,1.106783400840782,21.12799872389365,11.94417306983463,1.0731863520759735
1210,1.1093089412813109,18.069754258891486,11.331691834600615,1.4235593730214198
1211,1.1084560438241862,20.936847290571873,11.348881888689103,1.0091258092780653
1212,1.1058020644919342,18.863833584602933,11.044575486085618,1.2227063159320897
1213,1.1081127133872977,19.34224810308814,11.606532190180372,1.3550595420310945
1214,1.1023546074263102,20.80977123511687,11.448284189116203,1.2600890843050563
1215,1.1045509486822722,19.25633186275343,11.10934219832928,1.216435023947453
1216,1.1020741362644677,18.705115228870728,11.153878424588433,1.532321670374394
1217,1.1060935107895664,20.8064082939846,10.696948674906844,6.093499864115809
1218,1.1039220195518975,19.17742579186484,11.31669436273955,0.9116648990929113
1219,1.0963819298457964,20.660225948884552,11.373890468062477,1.639668905869854
1220,1.099689267937943,19.29562219734649,11.135083321878032,1.793511982339621
1221,1.1054907409270616,18.722201005725143,10.96852691863391,1.2976724146692762
1222,1.1028767517168505,18.794374832616196,10.96920096219614,1.1610341858209732
1223,1.102866777151607,18.77493253594116,11.123571370667634,1.2329294009921312
1224,1.098155152775685,21.677236623583806,11.039011118162517,5.646257401162312
1225,1.0961401409975748,20.737925833727484,11.421310306852329,2.2011593468086788
1226,1.0960323738072453,20.488021808992645,11.752510339500368,1.2689796396763242
1227,1.102872199923875,21.419936706841725,11.07089779806593,0.8839064104081007
1228,1.0972299743768286,20.435754664188355,11.489085249622875,0.9980149837141132
1229,1.0900194719775564,20.596427578898023,11.334578181866261,2.2325078534457825
1230,1.0951883634737285,19.87679484095224,11.829940138622723,1.5297470766247339
1233,1.100865882275745,17.397722506098724,11.512060050040171,3.283303038102683
1234,1.1005096292667536,17.029761603825936,11.835405680100079,1.2497581527993937
1235,1.1035011800015229,15.833814287627016,11.60279950436629,3.5621514715113056
1236,1.1047433857433147,14.816217160071636,12.464686718958436,1.372518841151066
1237,1.1038416155990447,17.91609064129995,11.591747992888916,1.7447310434564836
1238,1.107776671955805,18.552104969166802,10.436092023712632,1.6696973706485725
1239,1.1085161242525934,15.113184655135838,11.956001554840782,2.2927315792364116
1240,1.1049828182770416,16.674419814234682,11.958641406246583,1.1575829179615835
1241,1.103714205704393,16.858358405774993,12.199788459106745,0.9761604757604838
1242,1.1036682267084648,15.948818989028542,11.36040875007108,1.5039180001338568
1243,1.1002260974973272,18.444908114415792,12.10335918751619,1.3932588226068439
1244,1.105360630803694,16.72280382904696,10.930305977759879,1.2046306775109084
1245,1.1027289961736557,18.094846648279496,11.334346486252363,4.27447142347643
1246,1.1099541869563947,15.744878459703807,12.269326788326127,0.9885666587994371
1247,1.1064514111977717,17.33341014826768,11.632306437819752,1.236002914172285
1248,1.1075029451217444,14.005256175175083,12.057645186053767,1.2942433008734513
1249,1.1030601879106248,16.142585182436846,12.128400080945264,1.395091324399299
1250,1.1042991598314191,17.374844444695125,12.405299949838003,3.4571927041840618
1251,1.117111146892158,14.643264141924258,11.595996082261994,1.0806479797507011
1252,1.1153884853265443,15.854916981743532,10.79252820697933,1.0937338184337104
1253,1.1155638137113018,15.94290523565064,11.558918710131252,1.6001714548987322
1254,1.1247537735474398,12.212558182526918,11.922393138582462,1.4193792044464568
1255,1.1215423253294796,15.639815001075617,11.468615034880953,0.8034136986176285
1256,1.1218275670167173,14.574169477688617,11.495574041721733,1.7535517436584127
1257,1.1196702374051635,16.58804596692031,11.329008662449066,1.6883415926879723
1258,1.1369618043828844,12.520214356511412,12.370412822978818,1.0252334227452549
1259,1.127871353413818,15.930358637832391,11.898448176635382,1.0409113616999515
1260,1.13198881915279,17.163113276847017,10.53429296548147,1.3883897330153154
1261,1.1341285904648264,14.770760231320573,11.646261740943338,0.9031733216986387
1262,1.1306310479301216,15.345791832297307,11.239490417654617,0.8735972763012259
1263,1.1475872873050497,18.658701570098955,12.331004199846406,1.3129336631852062
1300,1.126367811873432,22.378054261553544,10.478243815583332,2.102919375037513
1301,1.113286258974684,23.806029512425532,11.136762282585334,1.5371579554604866
1302,1.1071902784301035,24.338069275637423,11.851066143873775,1.160011140528457
1303,1.1107042737841155,22.212749643568333,10.589328290491567,1.185262859311024
1304,1.1051197200896774,24.472272940250193,11.214801882069837,2.5056310408810787
1305,1.1131281634419172,22.126091323237024,9.707096946734627,1.164467430911944
1306,1.11057501440864,22.806742119447208,10.479156355092586,0.9345431512946402
1307,1.1103499914557835,24.256150626948205,10.852952304993748,1.0095197013898562
1308,1.1119321374664066,22.5129884606987,10.036351501904262,2.1842864174511147
1309,1.1019013720525128,25.882258020737353,11.355074907667685,1.239289928504007
1310,1.1033168180922173,22.47805799810473,11.480485495176437,1.4434288077442545
1311,1.1043137698521996,25.3101356386179,11.427783857240332,1.1385356101213324
1312,1.0999797498463588,23.387293865261153,10.96778560285428,1.1768375007349654
1313,1.1027418349689027,23.48601096077411,11.266257437111362,0.8682483750317217
1314,1.0953775516785753,25.65931218675647,11.401664395689314,1.428041398841294
1315,1.1002099422959168,24.05412926384355,11.37943165983285,1.1697427518604033
1316,1.0960027244955597,23.234071534503226,11.706774276391247,1.4695368157456281
1317,1.0989668561707002,25.23539174601151,10.679482404307535,4.571085277615875
1318,1.0980205817697433,23.54090197549396,10.858548291787285,1.4815587347382873
1319,1.0907820717831787,25.657220672451817,11.570784357479555,1.2267537020650865
1320,1.0941988060001815,23.91943110908755,11.201593218887902,2.0371043018810426
1321,1.1006525831296938,23.32581756506679,10.971146762234936,1.2683803365023296
1322,1.0985158031767746,23.32427424604199,10.981181559063787,1.2500712374342242
1323,1.0993344807068723,23.52705512301258,11.011739071739877,1.2350076504021508
1324,1.0910922490357722,26.551264658705975,11.457374144324548,4.866308463732302
1325,1.090122561696043,25.668141372666373,11.491688026133717,2.413260255201118
1326,1.092019237438372,25.307420143110768,11.577091655803043,1.305375503243281
1327,1.0977727790956213,26.348929694053652,10.851806986242176,1.0017489182663346
1328,1.092801252270257,24.789997062177385,11.358930622865143,1.1518388839807472
1329,1.0860596293015192,25.018627699763435,11.39993629393077,2.814294474424793
1330,1.0923475044600706,24.458129691550255,11.49006316576411,1.2571772363844493
1333,1.0977942367902314,22.123989987944217,11.22318025014317,3.6045595014812792
1334,1.0931116724237893,21.785919249625277,12.021389707742536,1.0409798637062586
1335,1.097618796630992,20.906809199161604,11.763425064574696,2.960120066054733
1336,1.0998758281470922,19.540933215098566,12.767122865451482,1.1080076694488605
1337,1.0993315056847666,22.69457777821603,11.935012403259314,3.4097565335109676
1338,1.10084136045442,23.27458857026169,10.96369287465018,1.4830715864586654
1339,1.1066481907011758,19.653284429441516,12.290120689066677,2.5266895591580063
1340,1.1009599519939435,21.177668187152268,11.564776623519672,1.028958182485173
1341,1.0990466472734506,21.907739510793984,11.71714617885878,1.0815132534279113
1342,1.1012338746896286,20.56635357502486,11.02395653040015,1.146487672633691
1343,1.094340428080032,23.359783842458942,11.661516452052537,1.3097248381022244
1344,1.1021575761661049,20.98712279559392,11.575690902041616,0.949582257257763
1345,1.0975414500162182,22.239397133665623,11.699368339096456,4.796215084042233
1346,1.1044231300062182,20.590683214491538,12.201216162180417,1.0728445499153736
1347,1.1010420200680289,21.991894599241824,11.350856450521034,1.5329178020286263
1348,1.1032211342251268,18.912169768306093,12.259941180575215,1.837097584219737
1349,1.0991404820195523,20.51263123285797,12.00818309939327,1.2883415110871248
1350,1.0993240363265482,21.867540383908587,12.226812256265905,4.202115080040335
1351,1.1131259563291247,19.117244868310653,11.321347745812679,1.2278316525603192
1352,1.1113870816029785,19.91236993911637,10.88675490620584,1.2006393438147307
1353,1.1115470588602638,20.252126192846767,12.188688068664247,1.3184339679648263
1354,1.1191878056015807,16.639291360065126,11.852008593018251,0.8705585702402922
1355,1.1149877771776595,20.327908963115956,11.706660911178872,1.0319283641921408
1356,1.1148330521496772,18.990193746067664,11.5183327949418,1.9227083317244884
1357,1.1119407152176919,21.217698430937293,11.297159783969716,1.2951653050768974
1358,1.127883019859447,16.811236326471118,12.40905068123021,0.8282053598828699
1359,1.1196504395904545,20.376896518019514,12.355601964541862,0.9667213477290472
1360,1.1248480107699854,21.6732846158495,10.115884194999754,1.73082819954987
1361,1.1285056842723555,19.588390416567034,11.499401357769964,1.0694334491416493
1362,1.1247323097427375,20.207991702598196,11.201253536955864,1.071985758408066
1363,1.1434451947849007,23.240975784475832,11.946093478958668,1.117319141972577
1400,1.1270947336370447,19.657244992477143,10.434040742145125,3.1807854717456907
1401,1.1130682858992982,20.114565846800588,11.161941886747938,1.5888517638349775
1402,1.106034196523645,21.258020841841187,11.486498070465313,1.156896772412061
1403,1.1090241194505202,18.760736716865967,11.167001944571757,1.0905172781037402
1404,1.103482095643963,21.367022269698666,11.641647024890574,3.191775722185363
1405,1.1128121695099098,18.905944784560248,10.170399688031667,0.9011386973870316
1406,1.1073156554627877,19.95271604158222,10.69265233884343,1.2237271937453367
1407,1.1068811103643101,21.095939875099347,11.068993264783323,1.020202550696156
1408,1.1091867483905538,19.155340224234592,10.491679521914861,1.4292324159219034
1409,1.1005410463510235,22.42431288880455,11.93284104133532,1.4308043117438378
1410,1.1052468461285063,19.032984201289135,11.357429137854165,1.5020103898592279
1411,1.102580660996069,22.050702331256748,11.328275024459199,1.2416040556484766
1412,1.1004891822302594,20.308056226990924,11.166229445702767,1.0345448708079972
1413,1.102788959053015,20.360201426132317,11.749040411438571,1.0864364876115713
1414,1.0970629895412347,22.14946627466779,10.937405806684383,0.9537029594426019
1415,1.0988158056546717,20.53221999172181,11.259043492958915,0.7989067050260328
1416,1.0976363934363045,20.035948071574015,10.915833735476289,1.776838744849915
1417,1.098965152725628,21.939969083753514,11.059226430369401,5.492774848001582
1418,1.0973948103580526,20.595433265877325,10.935387699585094,1.48377549353822
1419,1.0919735969551954,22.337934920209552,11.32475925223169,2.1027732840107185
1420,1.093999006271189,20.86781878514517,10.987630753505538,1.4496120681984783
1421,1.1002933096013425,20.292607890151917,11.163163949050523,1.441786400004948
1422,1.0985327118518864,19.874388964333924,11.37555707613076,1.2961001981909672
1423,1.0972617860764189,20.12613632304278,11.683851864833768,0.9029966773059428
1424,1.0928439249896629,23.25468515444314,11.281767369762045,5.584886378295345
1425,1.0900359353547282,22.40155558809801,11.572399032350846,1.2913709801412958
1426,1.0930026870265135,21.524573149519863,11.401862314102411,0.8563596711378019
1427,1.0991456226653706,22.887062620215552,11.112352124613004,1.1531102628885408
1428,1.0960899452565611,21.147300948435785,11.200001885150465,1.0228365331029172
1429,1.0866279403705277,21.965524358853678,11.316337800656449,2.6651557661829965
1430,1.0936238910057139,21.413453585248565,11.48423751685517,1.3147877893319497
1433,1.0994346848913752,18.668570962728907,10.953288611337069,3.2616936265795364
1434,1.0968290133198308,18.75092004850102,11.561923890365845,1.6130227895350184
1435,1.0995710748789815,17.14824547940664,11.880502949915694,4.736629567117962
1436,1.1002967876682475,16.555297176097042,12.25441426262101,1.1848345279282388
1437,1.0995142331566068,19.402479720075604,11.716768998163179,1.9191123443793772
1438,1.1023208780472482,19.877381130153324,10.609345513082284,1.043730017658563
1439,1.1062339498211846,16.355074150974577,11.837756145182658,2.58123574747778
1440,1.1027006770337449,18.172880211231917,11.642158087477712,1.106940720142517
1441,1.1019911075550046,18.368429156649427,12.323143917767194,1.2166752355098442
1442,1.0989974439231505,17.43312193121507,11.22517474785908,1.8567546236506463
1443,1.096775552666201,19.85326303860724,11.128661207553257,0.8104503932463042
1444,1.1019005608869608,17.305590515620853,11.345139380541449,1.3447532734989747
1445,1.0977495050025676,19.331566185980375,11.41485695716575,4.129156224328046
1446,1.1073192566582344,17.24651321987611,12.109309621446402,1.7148573189835281
1447,1.1009287759329742,18.857289304767797,11.167003762214435,1.1115020893612433
1448,1.1048695477740784,15.57941730880421,11.793662979744383,1.0705398786059144
1449,1.0976853959522188,17.080892902719572,12.178062188495188,0.8864762598195546
1450,1.0993942621114252,18.763049321553577,12.012288377511242,5.08771733422558
1451,1.1126391897142975,15.649036395299918,11.280750722634656,1.3871724781674994
1452,1.110314883640475,16.923659769657487,11.129777390136352,1.5746595307132623
1453,1.1107659285009057,17.133993665213623,11.953138892855375,1.0973187720571933
1454,1.1190964778060404,13.947702708579634,11.74069781819882,0.8495408453634937
1455,1.1153347261978368,16.7438185483989,11.338558999906292,1.2639713590682768
1456,1.1134310197411121,16.33625417150025,11.41178669154203,1.6415046208608064
1457,1.1132217559794766,17.977719347151528,11.430786567592543,1.411550978231284
1458,1.127445658155235,13.521506256780697,12.291532326863267,1.3950219124342227
1459,1.1209956435992616,17.048150017093022,11.847054910945753,1.2843297952501629
1460,1.1244183233289913,18.470480206921398,10.326577332122126,1.062806988178479
1461,1.1272938770861638,16.582467390242368,11.417659659141165,1.2162763096944351
1462,1.1242275281610719,17.33079191474504,11.2701560978949,1.1897607152069543
1463,1.1451931007842542,20.12221607529977,11.367266099570854,1.1376607096158946
1500,1.1193658386852177,21.18356166532015,10.662365942452642,2.0575074438590346
1501,1.1093902772911244,22.342886258146535,10.893201404361317,1.2187309398266732
1502,1.1019463518088661,22.965630158559666,11.380403616175327,0.7742815954363709
1503,1.1040266015657487,21.106713760561455,10.484639847400457,1.0967459600168936
1504,1.0983616983697164,23.1317760500859,11.3735351760277,3.4148591343726777
1505,1.1064166661685007,20.739935219248512,10.153379840484929,1.0453635043463623
1506,1.102973222711924,21.610004444865318,10.398857725803346,1.2573139691766417
1507,1.103454450395206,22.618503717222943,10.820323391457157,0.8515778343419587
1508,1.1049928743783195,20.993844813832663,10.513040240627669,1.6350613179594788
1509,1.096528893657384,24.47759394980325,11.654660335100651,1.061968849852599
1510,1.0993524720788623,21.096283807584182,11.04330580570351,1.052357973072525
1511,1.0984161866127238,23.768392413768073,11.39926527433657,1.4442689038870973
1512,1.0926489036852036,22.283585259734245,10.945437136743706,0.910753198123111
1513,1.0968976341507217,22.117641680546654,11.282881400585792,1.2144144403293498
1514,1.0912621219385983,23.87400758924397,11.147850334968112,1.0601454608255008
1515,1.095463070538577,22.024003282098008,11.343469281327264,1.1908885537199012
1516,1.092005499015205,21.742495562009033,11.176820316039025,1.4200372302385598
1517,1.0951822715005592,23.545903816305266,11.17665071841352,5.923771983179364
1518,1.0946459619881712,21.953438728884418,10.80194876272912,1.1411035754109213
1519,1.088113248680686,24.278608022058357,10.834537651288597,1.6569772887391894
1520,1.0908733633911205,22.749973267805967,11.058206468313644,2.2971691179612805
1521,1.0975153164613367,21.91775218780272,11.304133584989192,1.5979568145249632
1522,1.0941456446264404,21.91126210456106,10.663272024474486,1.2097866286860404
1523,1.0956092978987675,21.623335908201557,11.631855599338788,1.517135748700642
1524,1.0866378010047586,24.939760991070848,11.280637281444966,7.6007522543103025
1525,1.0874313699061025,23.890911209088486,11.607698929069715,2.2859094503599082
1526,1.0878154715911983,23.447597476859265,11.669746943611663,1.0363696943015703
1527,1.0967650692075546,24.66534370033207,10.602917545576082,1.196229795967903
1528,1.0890476222427645,23.125161845506724,11.36737092486482,1.3369524873154164
1529,1.080752544849275,23.85043840149439,11.652681576794603,2.7242164871495524
1530,1.088631630753666,23.230305583868244,11.537016170584637,1.557291396241552
1533,1.0950022500382408,20.20690662188845,11.238238007095614,3.7328117501703537
1534,1.0950327726829878,19.996915876566458,11.947137705463962,0.9956550555244933
1535,1.0970163865131684,19.162985390514496,11.983803223260065,4.182854124498882
1536,1.096331015052151,18.418745960075398,13.08445624576502,1.4835087197011638
1537,1.095322691467831,21.628274226764223,11.537827101098909,2.040338534013083
1538,1.1011983969160721,21.8808168328475,10.5693627116349,1.9328599416644547
1539,1.101358564402251,18.196468483600675,12.056364339555543,2.492270317912437
1540,1.1000337143469432,19.925622134792757,11.554098829951448,1.4280476326872256
1541,1.0955740367898068,20.551665789890997,12.104132612126403,1.1273403951908894
1542,1.0967468168944925,19.207291922369816,11.654185788183087,1.3886317515425255
1543,1.0932327605111085,21.594109088557715,11.682668239407631,1.3227462357644617
1544,1.0975027412570812,19.62794854777644,10.607851061547768,1.1235018408253832
1545,1.095620603771362,21.309516519602177,11.250783948802642,5.974324046823431
1546,1.0999633001527778,19.344989602408166,12.001127979362085,1.1319523466454624
1547,1.09694388826818,20.330845280838254,11.745434372430358,0.99527088051646
1548,1.100227964117878,17.356011799682936,11.53541297942047,1.18304151732299
1549,1.0946199361888467,19.096711786536815,11.831393540054975,1.7258238735909872
1550,1.0940442345762305,20.31905381043361,12.178523587896791,3.4525183773114683
1551,1.1093969825089505,16.981667756204725,11.378807524790592,1.8387255713094743
1552,1.104489947434721,18.86151668031605,11.071066685783551,1.0984080271901706
1553,1.1038594130380766,19.230606852282605,11.905710735153779,2.061417898431781
1554,1.1132040563432406,15.329942197159985,11.766467623469552,1.3588358588354603
1555,1.108136508821021,18.4581693915907,11.202477599876971,1.0124027222912408
1556,1.1107446060080735,17.73060457310213,11.621606865511326,1.1104229695163468
1557,1.1091719480491335,19.706124446672938,11.229854256642053,1.1269261744490109
1558,1.121920116072321,15.283330225719736,12.349744001019106,1.3870023497894708
1559,1.1134069245492055,18.583441451731893,11.993790456212485,0.951941086163497
1560,1.1207988253458794,20.52583109957574,9.971332887326323,1.1730257886413182
1561,1.121219628772506,18.019521636213096,11.585935398743507,1.2051742724866514
1562,1.1227126817214645,18.68915848318478,11.128122642545781,1.0456426615025312
1563,1.1397575679114134,21.688807202506155,11.73285542956706,1.0971375795653682
1600,1.1195911893555985,25.197528321119506,10.666814593480586,1.6199338971662587
1601,1.1063123195181668,25.913233641422185,11.369852333777699,1.4574147535883168
1602,1.1008093067726719,27.04568141242016,11.82427680201203,1.062245025431255
1603,1.1038929675577678,24.83895600219624,10.779419093648464,1.710429131604481
1604,1.100342646123009,27.29964595373028,11.367763667332497,3.76059400411809
1605,1.1075118999440665,24.865969032380868,9.932744417941322,1.1215746180276538
1606,1.102153223612905,25.689764506529045,11.008579919682848,0.9128194938851643
1607,1.1041270533879053,26.79729457958722,10.980890271728853,0.9316639400343627
1608,1.1055631261086165,25.140803059045595,10.284212911456835,2.025741001862796
1609,1.0959753596428492,28.341562113911817,11.940115812132252,1.0749722117077203
1610,1.0988298227186373,25.163758974528527,11.575151099645117,1.5967359914514254
1611,1.0984614358809197,28.069420391900163,11.388015336651623,1.1623719403289547
1612,1.0943316705465518,26.467471991118952,11.241436183057402,1.1673557497690763
1613,1.1002092501156353,25.98528605539301,12.084884824578102,0.9879019894529119
1614,1.0899368789870758,28.41934512069064,11.62127432305647,1.420536377875714
1615,1.0956915568758445,26.925537441912343,11.030441197722535,1.2829292001312231
1616,1.0933340056943432,25.942470194425717,11.484078534491305,1.6993624505676377
1617,1.0954963098480046,27.822292744468466,11.143117866460466,6.725150215688697
1618,1.0934154948153934,26.2545281009468,11.221814786149732,1.021490000708444
1619,1.089303086551016,28.178781198154518,11.509919860804416,1.5674454047865023
1620,1.0921004661436553,26.702437815800085,11.47134484434377,1.5133429698311163
1621,1.0972558941969968,26.59127305023114,11.237969123858072,1.2621639398838271
1622,1.0974276428126173,26.402784836421382,10.802565561099293,1.0436144091758952
1623,1.0962320260236216,26.151750127527176,11.454508504064979,1.1707402871716253
1624,1.0900631848236153,28.705346153354,11.519027240444943,5.527990423975094
1625,1.087474958701692,28.4222473980018,11.662112470487639,2.5069893278797837
1626,1.088567072588819,27.914263617150556,11.726288741043104,1.2319349538642455
1627,1.0952986648820027,29.148784228050022,11.030523065886443,0.8473979199218523
1628,1.0915157166513771,27.543501590085526,11.592515470182938,1.1242101710842958
1629,1.0834653594555297,28.092973955165768,11.484326202136032,3.1616876136051384
1630,1.0898521104893493,27.165620461721097,11.820444844606385,1.2506364131928251
1633,1.0950657467159457,24.727770944516088,11.372767531419388,4.353717750062909
1634,1.0937772138376491,24.713814081579013,12.18080482853183,1.0672682233668254
1635,1.097500992090632,23.351142175004135,11.895387112872733,4.0761905944989065
1636,1.0975263731025533,22.95126077872291,12.798002792043043,1.0896633498304769
1637,1.0947751498291385,25.551861030492578,11.907702858203203,2.167819913073877
1638,1.1000931017964508,25.839789229485827,10.915499328543511,1.1122693279110438
1639,1.103306337242489,22.31531906573306,12.21167205589899,1.5307763132657153
1640,1.101147248536235,23.586221759196462,11.916919841134598,1.8641225155114138
1641,1.099219312980534,24.40030424401197,12.045155788530321,1.025530614850005
1642,1.0987316289057145,23.447172959068542,11.556352392985557,1.5750098182892942
1643,1.0931439522065656,25.730339858550437,11.48029831638618,1.0243794926492116
1644,1.0993035851652544,23.640967717503795,11.472978591712145,0.854551010455243
1645,1.0947132726968127,25.421008160318863,11.759002958409473,5.043531444445311
1646,1.1032695792268576,23.38267484077057,12.34119351938346,1.3931845745429585
1647,1.0958250878795628,24.752466181195437,11.53771002935032,1.4142309108280804
1648,1.0999883147319955,20.7551745876571,12.349864656915804,1.4206966211228222
1649,1.0942464311628106,23.67851524112425,12.424537422126644,1.4394033212522612
1650,1.098938322673924,24.395055748204243,12.235487773909249,4.302700184109039
1651,1.1068671603461904,21.84023196614417,11.674444686857171,1.1777950649393096
1652,1.1057791351518176,23.039110843770896,10.90135505607843,0.9801402262753268
1653,1.1059278324755508,22.988037655267927,12.027470531461812,1.728155918507372
1654,1.1151753938752151,19.598205672657336,11.769609618113984,0.9342241682319894
1655,1.1092702853429015,22.838676028778877,11.789247281178772,0.8350822801005001
1656,1.1104067876510393,21.90809751715855,11.879473703110817,1.5036090048659057
1657,1.1064785931695402,24.051648125726445,11.410570484660752,1.2950899437406154
1658,1.123381726216686,19.576161318796768,12.762851244627557,0.9801720923954153
1659,1.1145192345764308,22.92908618810284,12.008979976061577,1.0571483641241517
1660,1.1201791036697037,24.276157992984942,10.654456908794288,1.0250056226980129
1661,1.121337855697731,22.311338407848165,11.541130817422538,1.3628484394645577
1662,1.116921353320731,23.038196070001177,11.0315209617202,0.936614590198814
1663,1.1373353762445437,25.91415680080629,11.815776840100867,1.460045201243104
1700,1.1287990174819493,20.41568531874571,10.479428242536361,2.278799207916887
1701,1.1177407778484965,21.760633741149874,11.253109261133632,2.2647262180762833
1702,1.1142044369047266,23.085793230372545,11.627893077036918,1.2399353676611018
1703,1.1168257419889152,21.309083279389064,10.973756231254438,0.9844149422328544
1704,1.1119853019893586,23.135462273196897,11.731839557851426,3.163640253027957
1705,1.1188706072467853,21.113089830019838,10.627851372827285,1.3791763994299273
1706,1.1146487805995844,22.004986935927782,10.920283654057036,1.082841142528192
1707,1.1128069078960305,23.558878319875845,11.182447505667833,1.1268550181950694
1708,1.1163197632597768,21.65074797591698,10.815662648174001,1.8962245491554783
1709,1.108766829984777,24.86223708398774,12.108058436943256,1.2681232841892702
1710,1.1124386183834034,21.289760088835152,11.350928593518159,1.9320391310208176
1711,1.1092941211488199,24.461933490480277,11.36275743570542,1.0894213203154492
1712,1.107009974594121,22.506182492686314,11.257186367130368,1.1744616350549546
1713,1.1102893595863885,22.694406612113607,11.281996253982253,0.8644415114297139
1714,1.100200752941515,24.458035802950018,11.710051426921376,1.9046008251109505
1715,1.1077623762382949,22.937107297291924,11.610463611103997,1.3421398852446387
1716,1.104906445274491,22.23653862920452,11.613513524604066,2.4645005079312523
1717,1.1076591409144882,24.12437394740681,11.073174788527293,6.065551090785178
1718,1.1075430615796327,22.665710386351464,11.031157961875174,1.2132077366198968
1719,1.1021912193245473,24.463465819212274,11.654989509146818,1.395295641074772
1720,1.1043578165331716,22.705619303060786,11.252509676255697,2.39913126073305
1721,1.1109731322982122,22.56103058013526,11.337912661033151,2.323772146334819
1722,1.1080934435436203,22.26136198125254,11.128012707648752,1.298823698009394
1723,1.1076387751034025,22.39388536480072,11.656798194872248,1.5254075087837173
1724,1.101533890293478,25.147493619997462,11.971648897963815,7.417602393580831
1725,1.0989783955340808,24.723742045849058,11.774535935927922,2.992172786625978
1726,1.1030859821238237,23.731299669036005,11.877880581208922,1.2177471864957858
1727,1.1084832694983988,25.180083982185774,11.175259227909473,1.3661961027698606
1728,1.1044495467629722,23.3509508446716,11.885223767104314,0.9336345173285645
1729,1.094226879210084,24.495998408400883,11.628722839531779,2.5838606480225845
1730,1.1032131337837967,23.16364437744236,11.604769904116557,1.1285216429461835
1733,1.10941812781385,20.792708699948054,11.64774942329533,4.091596589938685
1734,1.1057847733924997,20.749339633656504,12.043864596184232,1.3928803065513276
1735,1.1078674436479254,19.73297268968916,12.312603723435025,4.5118635062279235
1736,1.1073946740257108,18.666697742825523,12.83867280151171,1.0984152438393964
1737,1.1078742863719333,21.87107239412426,12.212085968071955,3.405882964545264
1738,1.1101299534890587,22.12727244189668,11.173889500701867,1.3927279658325682
1739,1.1157481460244343,18.79417255740836,12.323580222549406,2.0652231406364256
1740,1.1116490383713906,19.995439644441714,12.222789733248225,2.0064829820604837
1741,1.1090173724068266,20.603804959567366,12.250982387935926,1.2591729633131143
1742,1.1098067060325574,19.475859576570414,11.776422220094267,1.3011173215321412
1743,1.1065539592149285,21.97639992262405,11.353446881096447,1.047256698377572
1744,1.1112866624466466,19.742622817332926,11.754500602197115,0.8432195446209899
1745,1.1069733268261142,21.28863823590255,11.416060901875984,3.8923839972145164
1746,1.1133930842184168,19.68027662260593,12.447471589021482,1.1843340918865533
1747,1.1109573611242636,20.823030661136542,11.43318451604531,1.4340392896266343
1748,1.11163356647259,17.40758169624713,12.268271695272718,1.9027700174116133
1749,1.1061733695804237,19.4169488631756,12.147838270514779,1.4171505475441337
1750,1.1064576057165065,20.697852440862587,12.418581731519756,3.9513557619581943
1751,1.1199481131788673,18.26129837229869,11.946942168955028,2.3989514482924084
1752,1.1191400430576846,19.009569149960313,10.881583019452943,1.345103115592556
1753,1.1169460756315004,19.61031043732675,12.10816334746261,1.625817068724456
1754,1.1262521149935278,15.857864803573477,12.055914689752676,0.9643891385882118
1755,1.12061159436445,18.903952091887955,11.89396466847691,1.3178912583790934
1756,1.121073551888283,18.163367864448333,11.711303398314575,1.5991940789321109
1757,1.1186432196508482,19.99943807454269,11.702926276576155,1.5355811741977863
1758,1.1343831155811692,15.73106602694505,12.805030563677454,1.191579317300977
1759,1.1256187522552756,19.424781732745206,12.200358277266819,1.4792145317910013
1760,1.1310816802928236,20.204620173373453,10.714262908258336,1.5944356449320842
1761,1.1331391355224887,18.341536554726495,11.374370562979434,0.6997198669736111
1762,1.1307727031990147,18.393036195372822,11.327107149976708,1.219799662490756
1763,1.1487138102212782,20.792427638460957,11.3828218448365,1.489517368299855
1800,1.1258095789660612,18.486032840925215,10.01137302956081,2.776263090547063
1801,1.1153212581343943,19.499324062107263,11.132105911562498,1.9850851515814676
1802,1.1109135298387276,20.902710481264005,11.603538607404875,1.1943764846563807
1803,1.1118108412731904,18.910617535037943,11.18981228339152,0.8554696590202847
1804,1.1063566719548303,21.07591726061088,11.400633179838792,3.3471129790950607
1805,1.1136954090799902,18.77839438245534,10.589542726573276,1.4103153207768004
1806,1.1102453386788629,19.644164521036956,11.109673065972563,1.0581340258127465
1807,1.1097437572638538,21.03352664712936,11.289926071266786,1.240101039932467
1808,1.1132025680895763,18.84585516256705,10.963986140711423,2.0397914485657234
1809,1.1026226127880023,22.440933839548347,12.288579859699611,1.1828252859982902
1810,1.1056083254971463,19.698538759341524,11.925218325034788,1.8887856589923908
1811,1.1056535186048029,22.452437742921695,11.53938652844262,1.1098870044279534
1812,1.1039043079185131,20.233871180825318,11.702568510706895,1.4434171851970303
1813,1.105405133964153,19.998995472957112,12.076465866723987,1.156980542800445
1814,1.098501860852925,22.40835037804659,11.380256920247271,1.3867292999889311
1815,1.1036034441233427,20.533502931722246,11.668182231000605,1.1194746118561325
1816,1.100161745736912,19.812632019535037,11.511771384881623,2.2265809899925753
1817,1.104439123209209,21.901444137312993,11.44238007427377,4.6790161985687355
1818,1.1031501734110662,20.210579508835448,11.487326653106846,1.1720599504835256
1819,1.098360690280387,21.99609921695508,11.744805314080983,2.7956047125177332
1820,1.0998029265485096,20.871589852273008,11.575607178257286,2.944870346544147
1821,1.106173781052324,20.38911908363037,11.480893758264443,2.497155988515377
1822,1.10479346544026,20.248130126223366,11.56453296886155,1.358694406355313
1823,1.1047392465517665,19.98053865197038,11.598639513758446,1.3082954379026719
1824,1.0980506721954877,22.997117092175976,11.816349007685753,6.37464467455522
1825,1.0966917757826122,22.263084070858767,11.407025616856993,3.323115537985323
1826,1.0990823736070825,21.483363089842605,11.764465508515775,1.6008081313389342
1827,1.1042347112339017,23.10725678809806,11.432232689285616,0.935458105646204
1828,1.1006006501645555,21.130370277760626,11.774209201695932,1.1419564651154175
1829,1.0931971845663757,21.78071221437801,11.84423089697416,3.5047500605393687
1830,1.099359117819012,21.420940749623384,12.028685017315762,1.1282703211947716
1833,1.1046647744424858,18.737552722617004,11.464421932294925,4.0425776096453365
1834,1.1014298009331178,18.78812683096566,11.904889749302452,1.2711117770237932
1835,1.1052412836655785,17.229974076141556,12.002783286241124,5.4992215132764795
1836,1.1078450263137565,16.064789464632497,13.054272094189274,1.0816946937848393
1837,1.1059687905574236,19.054726199207284,11.777662139476138,2.5134129950651465
1838,1.1101095417787805,19.67381445257693,11.032391617595493,1.27988133072243
1839,1.1097605283559884,16.3729337611948,12.639490749138815,2.2051277468849344
1840,1.1098651627934595,17.536572523513033,11.826333730945235,1.1818325062903865
1841,1.1054813278347422,18.35980891019673,12.597773830523849,1.371799174650727
1842,1.1050745469549776,17.86090749494716,11.725442807546584,1.6286092056771007
1843,1.102316790579434,19.78916597836334,11.929482801638658,0.9790514059028946
1844,1.1077546805024947,17.637668511870608,11.724887859992073,1.269184806473605
1845,1.101440433145743,19.378389425956428,11.963071805856467,6.641190981472616
1846,1.1112558827294658,17.316908227334707,12.55273556426045,1.0810594968136005
1847,1.1053454959405447,18.76261891422869,12.061763772253192,1.7128806753905341
1848,1.1082579058673319,15.368497989613326,12.332945667704553,1.3410243948940457
1849,1.1023778299546336,17.137162384252825,12.305404497916603,1.0502138128604739
1850,1.1026703073431265,18.471015631132513,12.64608270281367,3.72368836609237
1851,1.1169524021857955,15.694540164901614,11.984943122298422,1.3785490017194502
1852,1.1143066403557622,16.74205522902537,11.371276296095097,0.851763661480413
1853,1.1161517588086334,16.72951037332364,12.394408027230925,3.240481078950248
1854,1.1215764898667828,13.649853752266274,12.116414041609252,1.033181762999032
1855,1.1173555095501195,16.910085724842364,11.544318328516677,1.1387902266339536
1856,1.1180026747288907,15.805785599533873,11.705850378810059,1.4266911220270553
1857,1.1157256152693342,18.032864476963567,11.616882021449614,1.1370310310482559
1858,1.1303044949238403,13.382335347159144,13.084044951922309,1.7518800425526497
1859,1.1219935524948794,16.87688733313304,12.508074818369089,1.334224846946812
1860,1.126984777473038,18.272806185974467,10.940508399887044,1.7053815884413615
1861,1.1283285671451095,16.002767681982156,11.917674480167507,1.315570599307551
1862,1.125277079866315,16.280650311494693,11.385159757987058,1.145749761888449
1863,1.14218645256849,19.360910429043244,12.079463895921725,1.2807314818407718
1900,1.1220998664982864,22.443189937605673,10.509613568518857,2.4193881998699447
1901,1.1091296352064453,23.35819766475506,11.73151328457573,1.3724538080215898
1902,1.1030676581644039,24.394873255302223,11.978770503837493,0.9331303908476457
1903,1.1054023298884559,22.00950978274147,10.779944234569324,0.9138821872958238
1904,1.0980730457515477,24.2531286298282,11.502997844069245,2.231173960450818
1905,1.106962949140114,21.92376029214891,10.346783312987514,0.8751790240036705
1906,1.1040747724882467,22.968581456754478,10.85986412007642,1.0291712288676214
1907,1.1032464820864092,24.420841225189605,11.004790837559838,0.8294212878462425
1908,1.1077872732805336,22.050821619713172,10.808869580634994,1.7075575479412626
1909,1.0975191674884393,25.44471897910388,11.663638662812998,1.2944725019744345
1910,1.102871457710244,22.508654794354577,11.324588467626635,1.6304097237243127
1911,1.1006329928462468,24.87022542380017,11.391495306832377,1.057239075603468
1912,1.098127964705508,23.15489121115828,10.88614719054368,1.0792811583790844
1913,1.098088752069216,23.444397817261834,11.746107784923565,1.3542799072297909
1914,1.09373143383716,25.19660643772347,11.234127619606644,1.211148538073925
1915,1.096647637093129,23.930216416305502,10.862048791295926,1.2258516993404973
1916,1.096178691999443,22.752705881406758,11.192404820397561,1.4823048549089688
1917,1.0997475837754418,24.827634974941052,10.8264308136449,5.472180626926952
1918,1.0968527316161776,23.450435736671878,11.089034939306986,1.0786036850819138
1919,1.0917484497590118,25.219468288854408,11.748355085117035,1.3982386333593761
1920,1.0965217567645975,23.80271870385414,10.75992847643553,1.6941855295371504
1921,1.1026305361623845,23.227299978552725,11.028257310895102,1.5853561036779606
1922,1.1000658137239787,23.14230468004395,11.002549476018055,1.0950833977551033
1923,1.0994113742295624,23.661213154397796,11.245215447799367,1.1002205485016068
1924,1.0931598837088945,26.038536280873647,11.713083499333973,4.373803181534113
1925,1.0944081128082803,25.37836327160681,11.476949321197466,2.0292209767309313
1926,1.0935777326881415,25.15348646539957,11.610783392084487,1.4306314405888922
1927,1.0998866728717893,26.54388554750322,10.865236852201035,1.2807310538983971
1928,1.0956701552826082,24.264446485453544,11.398626475621235,1.4178341292286365
1929,1.0880231619864746,25.254462236646514,11.519265816661479,3.0626376852643737
1930,1.0949088418522155,24.422851212223033,11.681652692519839,1.0402855197233782
1933,1.1008178610124917,22.014153677441723,11.433711833203724,2.9536470602805767
1934,1.1005407657388706,21.409215892022903,11.827571892617325,1.3156409062308219
1935,1.1026193506062667,20.41439012662273,11.675932835557719,3.0375827802002533
1936,1.1018033328477064,19.407096667629034,12.953336874569914,1.6052976768035256
1937,1.100991147498052,22.446032003518372,11.835179486179753,2.8262046754460894
1938,1.104676932423297,23.22694584626756,11.276237029482987,0.9919218571658895
1939,1.1074364896779754,19.47357394947851,12.387344085458684,2.26593391102823
1940,1.10398852680151,20.95496026428667,11.910486699065983,1.1364798561456328
1941,1.1030267526586413,21.514537385793837,12.011415464813593,0.8497424713728918
1942,1.1008670463068944,20.80117955433078,11.574853980470543,1.2648032022889761
1943,1.0971164745301394,22.97131226058727,11.906710657205007,1.1543978089258597
1944,1.1044922309301048,20.43695590982241,11.043601786991173,0.8592897757030579
1945,1.0989748241223614,22.11600410007397,11.91617664239535,4.718279352878804
1946,1.1074617627092118,20.072106536223334,12.026587112671226,1.168344930668821
1947,1.0991833361803498,21.876288326175846,11.66377530220726,1.7835825130208207
1948,1.1039147052481917,18.56112901281526,12.021601945612808,1.037123360846499
1949,1.0999988219217198,20.187149991425,12.38972718022104,1.355099846652233
1950,1.1004506016326359,21.676533719783976,12.119789965167001,4.366597883890549
1951,1.1115899978563808,18.905300097135417,11.965585109595755,1.4998460807470295
1952,1.1080785356806977,20.005484610003442,11.123418591672735,1.3277417615201093
1953,1.1102578256445406,20.1299951641313,12.063674324324987,2.104680063282285
1954,1.1178403061930144,16.918869858563028,11.823021505451434,1.2820210552352724
1955,1.1108592493927065,19.888768768925182,11.835518949722845,1.2868238868857307
1956,1.1117874655276307,18.992744575600938,11.492026386783136,0.8383099945007073
1957,1.1108392499394584,20.598522349951708,11.583342721473466,1.1630807408621688
1958,1.1243041803298988,16.6294515205935,12.752316288296527,1.5457022163778642
1959,1.1165369969935781,20.000008937030476,12.175331089980038,1.0035759945497238
1960,1.1220728940961324,21.425509150277005,10.545058947857223,1.4264395610019251
1961,1.1231839979638072,19.33795209057112,11.604386157911911,1.0291179491311846
1962,1.120785172965019,20.180355369365394,11.312593636859066,1.2735480966717483
1963,1.1406557037525058,23.359297907026367,11.827177060890948,1.261529225188721
2000,1.1269044979505893,20.488391638992002,10.018476160402926,2.251819442463123
2001,1.1127301211967937,21.57390799703924,11.679825897433195,1.7198740008492002
2002,1.1072063835551078,22.600639915285626,11.880559945142764,1.2949738322115767
2003,1.1124780471188331,20.672484491501493,11.288560618638835,0.98991139535053
2004,1.10470439103513,23.102829170323904,11.907053383104993,2.893676211035169
2005,1.1141734112859736,20.68229624856854,10.187862266450205,1.2998292064347647
2006,1.1084030833472978,21.787783203051024,11.407982688786197,0.8929682624444297
2007,1.1089909299748153,23.37194322340339,11.612371655343434,1.2032810976498496
2008,1.1135618253195265,21.216197065042017,10.918403303293218,2.2354531220116365
2009,1.1041051124371692,24.14480684284303,11.995769974873864,0.9948271161313339
2010,1.1086913972778298,21.460311527376415,11.804330845354665,1.6539366020435038
2011,1.107635505732956,23.7811756931907,11.530848601872789,1.1937315013429795
2012,1.1041329087586433,22.46059936043427,11.188109996688867,1.243578899075616
2013,1.1045563175921502,22.141189690439656,12.130945326761527,1.0576003349655
2014,1.09978902646748,23.937239615184435,12.025455633294976,1.6720546802290035
2015,1.1022868370854948,22.59754426270774,11.563472532325523,1.0387875136995484
2016,1.1011953945476969,22.100586712592413,11.616791550239482,1.6830961793105255
2017,1.103618484487305,24.028677611632517,11.411430622931684,7.302274677637642
2018,1.1040597063230904,22.362365814039652,11.106813901089936,0.8910386947438225
2019,1.100424306813916,24.23994235507367,11.593102192977161,2.226370488336732
2020,1.101107147322971,22.65774504048994,11.608256343796198,1.5983744344313382
2021,1.1085524402534161,22.18590367813869,11.395069283903366,1.6561855787836433
2022,1.106003213155756,22.089642298780145,11.281521816999598,1.208617350694408
2023,1.1042033297334843,22.511879411624715,11.6621090729227,0.7498408381602332
2024,1.099512476756537,24.912136130271836,11.937012315200265,6.971947168602109
2025,1.098323713035237,24.182940795360878,11.810137444804893,2.4283048097579885
2026,1.0992852431500943,23.829817256664082,11.899123897656613,0.7857867983336011
2027,1.1062233556607415,25.0007943550892,11.43539125982071,1.3102334142170524
2028,1.1028634610750268,23.405902728393187,11.538467539097612,0.8740279212337188
2029,1.0952293637240813,23.87780521227245,11.657708274542227,3.1703733570942076
2030,1.1009786205024268,23.40539169221345,11.986326473143974,1.4321757589727226
2033,1.1046856922703785,20.957986703140524,11.606623061434485,5.630207295653282
2034,1.104729930876981,20.80176351943982,11.67584702339417,0.9183640460281574
2035,1.107831201309675,19.233205817017907,12.357058377131349,3.452625777509473
2036,1.1070322490974027,18.2644289472273,13.19995554696176,1.4643740862699632
2037,1.1093109200156586,21.189675121938482,12.05631526441544,2.397457084477604
2038,1.1118932444655294,21.487413832022384,11.106107405205709,1.9743042196223997
2039,1.1129866480695971,18.934129585855306,12.42751734289607,3.0184448018432266
2040,1.1108515605946494,19.580010743194837,12.0523740340574,0.8816477186862532
2041,1.1073184309906563,20.20560299048701,12.737524866398562,1.2915872892697091
2042,1.1081356155894604,19.26370653773752,11.480301816692318,1.4362582686911736
2043,1.1048418093289107,21.785391117514152,11.704500829264507,1.4034911977014166
2044,1.108710073729069,19.749808413768914,11.304152206563561,0.9270848514112839
2045,1.1037792344314796,21.570362540098674,11.879614027814378,5.310298305849416
2046,1.1107974673765504,19.543955788205192,12.267489512782777,1.4667808007241667
2047,1.1072704846506876,20.59316588303121,12.021217400498859,1.9584367854721365
2048,1.1088303975679445,17.701856177378563,12.217210748168446,2.1209298548762905
2049,1.1053027203735462,19.43776649962095,12.124846496786882,1.9705829085617574
2050,1.104592031807217,20.222622740798922,12.71829538449568,4.620881335751731
2051,1.1182612901364182,17.50669713167381,11.66871081260779,1.643773778645802
2052,1.1168589821926393,18.919875327812942,11.25832868934672,1.8156416137593816
2053,1.1150171594835516,18.864155909754807,12.099155822872145,1.7735910191821056
2054,1.1211668720874495,15.832465726582955,12.108799351866796,1.3197960100926247
2055,1.1177101248196524,18.730919306179022,12.049355827449434,1.3726501737951164
2056,1.1194717768386493,17.88746746298714,11.790800715548166,1.8626533097537317
2057,1.1162080386472977,19.44644074685713,11.869016104235472,1.5230964469878556
2058,1.1300021709290191,15.593556044279484,13.018653229758185,1.1522657672885246
2059,1.1219742108540398,18.82611875799062,12.288925621484518,1.3954163202791319
2060,1.1264848519142328,20.444379786214025,10.623433920062567,1.4828004776005468
2061,1.1302603475340602,18.13177534553999,11.548092584990941,1.4501264891319512
2062,1.1243823626893275,18.648461931818385,11.560578074492405,0.6728869249477001
2063,1.145195782093224,21.077883579536618,11.759940691312405,1.5740236675784813
2100,1.1261785830565936,21.945478163549296,10.465304941743426,2.2763079746575365
2101,1.1153123855912281,22.82839740326032,11.803215674125193,2.238257095322761
2102,1.1089025217442254,23.79827041130933,12.459955503931926,1.3849334086198517
2103,1.1135020152920148,22.24742300613992,10.929421394903516,1.1380283802221092
2104,1.1077616177715013,24.514315521414154,11.844123314045524,4.5765437746815225
2105,1.1160114944073898,22.078091938864237,10.671869292431658,1.226191336077273
2106,1.1131965328338047,23.177277719435082,11.017799632385723,1.128823668654948
2107,1.1117558845531728,24.642043220332017,11.426669829329255,1.042328889915357
2108,1.115627160030424,22.30197089024886,10.882389984996708,2.2544834287373448
2109,1.1053895545588133,25.855641515684642,11.805813706742617,1.1152943101739121
2110,1.1109718616149327,22.55023249694905,11.429666471251604,1.8385374965424701
2111,1.109620931712459,25.3305491699119,11.387443044254795,1.5304515896745137
2112,1.1069619142462284,23.867118318666225,11.029057200720185,1.369603885452667
2113,1.1091330909756112,23.701772588538365,11.70563651451372,1.081082796968874
2114,1.103367982463725,25.70903006640574,11.473355415651984,1.1435155546658755
2115,1.1064991944846603,24.266920274079844,11.247708662155082,1.1755988524344698
2116,1.1030608042977443,23.24894203832891,11.655991385163778,1.8985825240854963
2117,1.1059170192117576,25.31329489133799,11.38778890186824,7.415764989107935
2118,1.1071664513522361,23.525879073321352,10.948233211509875,1.135052782683678
2119,1.1010161730172177,25.686032685582028,11.534224391698212,1.8420557342265187
2120,1.1049909486064744,24.14058615520918,11.203017768811383,2.370070866691309
2121,1.1106083004938252,23.6824727171187,11.72083684079184,2.0794368961528717
2122,1.1088017270206807,23.346074186948307,11.444873501426855,1.2859389393041443
2123,1.108088757221582,23.461839777268185,12.029494479687598,1.0037912469491508
2124,1.1038499780123854,26.34809358231699,11.446465701194967,7.730352602626192
2125,1.1020102597051336,26.091550337136265,11.475640382926462,3.2665620846983794
2126,1.1043227623459029,25.27899788415302,12.047937345617159,1.159304200885183
2127,1.110294056568836,26.37957553107366,11.126555274837013,1.1093274852562884
2128,1.1072944681227959,24.51364856659064,11.302792710508044,1.0519761951301654
2129,1.0987460543959064,25.339371792285917,11.50714745479202,2.3557553382582905
2130,1.1066805471582535,24.853754504539683,11.943228522500995,1.264898267030385
2133,1.1098660817886423,22.297557920472467,11.775539890637472,6.263378676614192
2134,1.1099059196880523,22.11924965673216,11.758755998729733,0.9902226265437792
2135,1.1096363847647888,20.690528043504937,12.05755819527298,3.3337640364259227
2136,1.1110921393090152,20.23875435419965,12.85711227455842,1.346421169457065
2137,1.1116736926950606,23.20326393348205,12.282449417880528,3.1812434663010336
2138,1.115779820600654,23.01332980917712,10.825891029796026,1.1631532094480934
2139,1.1159508393994138,19.81094990094507,12.273377073408188,2.8404993288816933
2140,1.1140296036120603,21.406231758692183,11.679777383811272,1.3737400083843871
2141,1.112206023023847,21.664666315340675,12.499612287633736,1.160996738433776
2142,1.111362691408811,20.79243926466971,11.473259238313291,1.401361476525763
2143,1.1084425143525087,23.22031249080058,11.562531691120846,1.1793315563976305
2144,1.1127255591545584,20.940577904967885,11.702291297887767,1.374761777207492
2145,1.1070190925686303,22.90962069127391,11.784279965042833,5.4890582185544785
2146,1.1166909694252332,20.78300192745849,12.181522915805886,1.2977067598347134
2147,1.1127820203682384,21.855071308174402,11.752400548199939,1.4613033453992965
2148,1.1127036866593472,18.687229653265277,12.727094397753076,1.3455830506069641
2149,1.1095237940288598,20.798938407472356,12.142085243072732,1.8155111530375727
2150,1.1075392002717797,21.915317772364695,12.457853840043265,3.7102540743452943
2151,1.1216288316545382,18.935612161304086,11.624929335871677,1.759634399241948
2152,1.1202696478635696,20.37068482371753,11.275013318307273,1.163199542316569
2153,1.1178667541056917,20.350165763763776,12.494761028136876,2.02400634969557
2154,1.1241807537920907,17.27673131514007,12.304520643225741,1.0074857303202764
2155,1.1207150001738289,20.196524433890563,11.505131781692485,1.3424815522342117
2156,1.1250600522866798,19.45036684669631,11.554704603897632,1.4468173396232658
2157,1.1191601223875713,21.132760334786422,11.838175028080915,1.549489751204498
2158,1.134325217712292,16.867214618599274,12.942584946784429,1.06182822494999
2159,1.1224881900364378,19.83775156829523,12.77497989049285,1.6459457136177085
2160,1.130544786791916,21.078345836364498,10.839183190335177,2.874950783433161
2161,1.1331767564096216,19.152982369888505,11.272153364175404,0.8658417571831469
2162,1.1287541019704908,19.673021557549387,11.46374666622727,1.1582619716301037
2163,1.146674225961342,22.295203675510002,12.490101327898502,1.831173167444769
2200,1.1140118247449198,24.818102697496798,10.34265262136186,1.8092747279284846
2201,1.1030480156245859,25.90545168935984,11.427561065530893,2.1707893799160702
2202,1.0954059178146995,27.057881217093417,12.317107021078412,1.4176757468287855
2203,1.101411293048373,25.26714330090073,10.821661810189314,1.2091879245262382
2204,1.0951925738030728,27.729236828688666,11.728864052535986,4.737672745048443
2205,1.1051010427303583,25.06166998055573,10.334984847513526,1.4434789089622593
2206,1.100029459092189,26.175031349328563,11.114986677072912,1.1575519612233762
2207,1.099065151348955,27.436783515255097,11.340979221451814,1.2135325817532254
2208,1.1042474574765704,25.483851432605938,10.715115397641151,1.7791528249467827
2209,1.0958766588384734,28.78595082910925,11.986989686326714,0.8757323628382727
2210,1.0988974447568454,25.35142589995785,11.458779356683118,1.7498130050893832
2211,1.0974133222552445,28.504783267549744,11.582469534743407,1.6488183119865452
2212,1.0937867043199663,26.401729973935325,11.896086638395365,1.0618567781825716
2213,1.0978352864201937,26.43661729810063,12.420881209916477,1.1570412247064985
2214,1.0911505055766375,28.306880549652604,11.831282489854573,1.430894413211748
2215,1.09468180008801,26.997885743115276,11.246572771701791,1.3416075182077114
2216,1.090609751149643,26.478887727962757,11.68824809888507,1.5636247570142383
2217,1.0955335660563368,28.095487640753234,11.335127352298166,5.413723089629156
2218,1.0948351965867529,26.692052452676748,11.259975579954679,1.1361215827651023
2219,1.0897510446194603,28.576439285647798,11.923033828176797,1.9422648512020333
2220,1.0919742303780384,27.14566166390417,11.624050436184072,2.353726046282696
2221,1.09839708523809,26.840817705666712,11.620330370989674,1.737777175121908
2222,1.0960799721938017,26.421557302476966,11.288065200399034,0.9303655842873845
2223,1.0956989521808533,26.403753345031852,12.077324981822649,1.2800981949883818
2224,1.0934896192896244,29.459339597173603,11.54780894606458,5.4854075850304875
2225,1.0903753249423729,28.890825321735395,11.733618742725426,2.712875692522474
2226,1.0923566784663976,28.23837955616003,11.814143511172194,1.3822321806596303
2227,1.0991385025547489,29.31720037334664,11.2527477394955,1.3911117515798317
2228,1.0944927796537136,27.67769554499659,11.642759664032024,0.9927670601157139
2229,1.0876107216655821,28.48337104236309,11.636438479262221,3.8877987618194654
2230,1.0947758580739428,27.816689366915238,11.595408326359058,1.1053818401842268
2233,1.098852395289267,25.196880930149632,11.569345734060912,4.699449129273068
2234,1.0975703246589212,25.19388502032511,12.021437167139009,1.1511753169854984
2235,1.1012701093575414,23.891307042352654,12.68899448807105,4.659002665905177
2236,1.1003728298591526,22.645337219134834,12.978234011544892,1.2122016568525253
2237,1.1006099387180606,26.103619997650977,11.812406545933301,1.7127510503587215
2238,1.1037009124424315,26.367333148169187,10.86943903153411,1.2141353279623477
2239,1.106894603988678,22.409348176243082,12.421261808043598,2.7371412934220887
2240,1.1037830630289376,24.40973117467069,11.80965020564308,1.2379261457162722
2241,1.1018727018520977,24.851360365193965,12.166037916023258,1.2201209767080519
2242,1.0989660274280102,24.268090457108872,11.6059072283787,1.5123671702185129
2243,1.0970891826953117,26.367185071033077,12.047678722538812,1.1542612594343662
2244,1.1017410570677744,23.87198630443692,11.680093484868811,0.903919349482702
2245,1.0960455632577508,25.842715908279228,11.874744686014322,2.5361168264401943
2246,1.1046588805300535,23.24304866795881,12.524428531133792,1.0310519822588156
2247,1.0987895437890576,25.487622608713238,11.58970454734048,1.2799920153306763
2248,1.1011552978557766,21.993959418205648,12.358971940922533,1.4880067704588371
2249,1.0969236671721887,23.6052885962955,12.236086689494195,1.1686295646728557
2250,1.0967734617647924,25.003843202866342,12.865427401652727,3.950899627674485
2251,1.1085716199486635,21.982391622853335,12.09358525578073,1.4862774453454355
2252,1.104124649145832,23.476592697272668,11.805292813183412,1.2097863530266053
2253,1.1083366866305668,23.169409714533163,12.311925119268178,2.1404576319940847
2254,1.1136953922045318,19.898783554858664,12.555467206788183,0.7855490277339315
2255,1.1082942898007437,23.261925180103454,11.8152616248678,1.2077130090875232
2256,1.1087442418940816,22.338176732455626,11.83098662749545,1.2685322049296952
2257,1.1058229403717659,24.0697655674291,11.849244217948543,1.2110349689916613
2258,1.120890868529489,19.624638962762955,12.822371484894672,1.268675926483513
2259,1.1119820362594073,23.282523606920307,12.422699628910573,1.31430217012129
2260,1.118650477575048,24.458998305094166,10.913453219463404,1.7637460362480657
2261,1.1188940384062354,22.021520769054682,11.976011958549762,1.0552324190580122
2262,1.1169269898624121,22.89408069990007,11.310743686925735,1.3176334265071956
2263,1.1372837089346928,25.447901575569823,11.478147978184136,1.13328839291354
2300,1.1131463130924755,24.74014184615,10.327986834010087,2.2431847970806804
2301,1.101046841208513,25.65702621917858,11.419228376205616,2.1822424916743652
2302,1.0962326829672282,26.561039129692777,11.761420586452148,1.270452270788729
2303,1.0982051647545874,24.544001203843493,10.823137403347795,1.4850628233506802
2304,1.0943985662581746,26.79103645525122,11.290834629743273,2.412827349618576
2305,1.102869608421135,24.344900870183153,10.367069835647552,1.5943895162236246
2306,1.100533600109687,25.549472137690422,10.863676761658072,1.084586752812387
2307,1.0971525342630155,26.741969931059977,11.279422153894735,0.8604826650390898
2308,1.103025119269315,24.370819670764302,10.640539759737788,1.2172338983092044
2309,1.0933218436075303,27.93194011940551,12.046900522602785,1.1561723775565325
2310,1.0965589549993264,24.84038245273562,11.52294157255916,1.562940920653346
2311,1.0959970367721006,27.61328844117952,11.648249154526372,1.4107808119838199
2312,1.0930904427089054,25.567758771311258,11.134566986973292,1.098663859346253
2313,1.0954006954358138,25.870518565229208,11.74200583607587,1.2470410845975157
2314,1.090458237666752,27.59064775881743,11.389564756063024,1.326932464603898
2315,1.0946488791437268,26.13247594091363,11.231211942391832,1.4400975429078686
2316,1.090142438345013,25.325007387512816,11.712528931664263,1.509609581266842
2317,1.0946900790285734,27.49893545329986,11.359616651859273,6.753807401321772
2318,1.0928392339696418,25.97014319857553,11.706062982258363,1.0662404562748498
2319,1.0889429657462737,27.928170511455416,11.75512993560029,2.175192958041051
2320,1.0926054958415279,26.33689296610969,11.415939148716303,2.4070764488522722
2321,1.0959999799891533,26.01132296226426,11.731506504025857,1.6037877547828991
2322,1.0971095324301914,25.866238797056994,10.730711934317808,1.118280650360757
2323,1.097763875841588,25.50791783976464,11.820241358759572,1.2165720129941833
2324,1.0914215477941522,28.62849341554164,11.479413483009719,6.004649990249502
2325,1.0915529955349863,27.788586193335675,11.675592406206837,2.1753146250599618
2326,1.0909570894937692,27.25118932346451,11.83749763055534,0.930093898168872
2327,1.099532075851287,28.549559022677467,11.158232035110803,1.2801101592810837
2328,1.0940497087867864,26.985248783721257,11.93174376506244,0.9042047292235151
2329,1.0855526763883778,27.707400769982147,11.707635317024337,2.8488804425274195
2330,1.0934099403109838,26.584031403787908,11.982675053959648,1.1222822086219995
2333,1.0991565296054713,24.798469209290005,11.305017306177378,3.1274881509236887
2334,1.0975660827431453,24.28617398886238,11.62498317277982,1.3190312679403333
2335,1.0996023159950166,23.280397257397766,12.257401907696716,4.212520568185094
2336,1.0997581758293775,22.490425991006088,12.801437525045284,1.1693596243604927
2337,1.098723639954945,25.279182303299724,12.107821930084558,2.3830651941269316
2338,1.1051124758999096,25.418078206130993,10.996104568399574,0.7166280427043482
2339,1.1041588885323097,22.191610350338447,12.444378366934433,1.8376435981381083
2340,1.1033774429105636,23.124498768743038,11.765921293521433,1.3155150429407678
2341,1.0997457127226604,24.35961457972949,11.989961883357422,1.4664273536492998
2342,1.0981147598542331,23.382454258564024,11.594242365597106,1.4782272503385652
2343,1.09562129472083,25.951674910648585,11.739028758594964,0.98809795604267
2344,1.1009287432263382,23.3359042751077,11.68213626657854,1.0813396963939936
2345,1.0962788727529342,25.07940594005447,11.67042899960099,3.4592209481733462
2346,1.1029133885992162,23.04610882552453,12.070529643752844,1.4961344683588942
2347,1.0997107248036855,24.308534263255726,11.592077838590443,1.0076736805890008
2348,1.1011203955822504,20.84381322601354,12.525133667855068,1.2845335842140453
2349,1.0925221537012062,23.007770650062866,12.531369283215495,0.8786515023995292
2350,1.096526876567856,23.771470015541233,12.388596921500632,3.7523519312534415
2351,1.109467721019496,21.5716371552979,11.423141871117812,1.537147740336525
2352,1.1056508222304569,22.463903810161295,11.50455226977358,1.5940342587548118
2353,1.105497519794969,22.437834263507572,11.87398678802299,2.8325181922724396
2354,1.1132047719781544,19.25880423114603,11.980125266688905,0.8859283787617416
2355,1.1073083721681347,22.427089780384446,11.871466490895852,1.3085829953426469
2356,1.1069978183180127,21.308602919771634,12.06429022781081,1.3591785011010866
2357,1.1066195704307809,23.204724529452992,11.665935658414263,1.1263673898539839
2358,1.1201143016665513,19.071340875399834,12.567364205431755,1.299584202606181
2359,1.1108152116513281,22.211160786299146,12.23646334471545,1.3415670022001351
2360,1.115752554707848,23.878383983352744,10.571926267188854,1.572406875102136
2361,1.1169797118991487,21.507358286512208,11.833363958582854,1.2249895045327286
2362,1.1160121834909782,22.40872826260006,11.414837324270941,1.0387010988733107
2363,1.1334446548015376,25.523129837734903,12.416902844457814,1.2314470529216393
2400,1.1122360975398127,24.25397283676525,10.268214146087818,3.1104006969491547
2401,1.1023956974650313,25.552178033828493,11.32198235432492,1.02270186068387
2402,1.0960140474285427,26.704339303754683,11.78689921750167,1.0029793254855872
2403,1.0995710496030182,24.663785338237194,10.580677230977676,1.0692734903340428
2404,1.0955083615146726,26.70160965087641,11.67402223577157,3.0914533983355375
2405,1.1029550337375507,24.342858040520575,10.56010406650849,0.9759000045442039
2406,1.098783960039261,25.657590649637342,10.825165971142932,0.7202451647764921
2407,1.096849962713901,26.820460738002946,11.378768089761861,1.172603392266651
2408,1.1034919770903677,24.38291163002951,10.758013937135647,1.8112624232798085
2409,1.0937600947979988,28.045834557181944,11.588255934715031,0.9769321141233117
2410,1.0959992480994467,25.52752223944018,11.074870144387939,1.483250335785828
2411,1.0956238736283583,27.745521798002827,11.342370055205937,1.466494474812252
2412,1.0926685482316503,26.091072700988207,11.062257592083032,1.3585273925168735
2413,1.09607342201786,25.78490879976781,11.479187539556694,1.2257321237466938
2414,1.0889078058762078,27.537709570298492,11.79792223412509,1.5994087095118363
2415,1.0953751857142975,26.033641102380617,11.239070232122634,1.1115444700544992
2416,1.0912759588140315,25.748412427539336,11.293052088685279,1.6109866238448582
2417,1.0950543880091252,27.448852872943146,11.24765859223629,7.75977499294852
2418,1.0944834455944794,26.03202759069896,10.771099302690379,0.8535990996088884
2419,1.089117650573625,27.71801262990524,11.55033862008358,1.964320548370726
2420,1.0921786042983948,26.52891020141778,11.205418183245598,2.5198528132556475
2421,1.0984646462749572,25.88165950732285,11.006139868561336,1.1361337462469963
2422,1.0968250797379804,25.878227137732697,10.694974078328247,1.2482446711187178
2423,1.0975389501797894,25.64203267639396,11.667680408163877,1.0048863578319076
2424,1.0922238155210817,28.603374459420422,11.559571438088833,6.285996831649443
2425,1.0905222019222676,28.18329665342885,11.533650978027111,2.3152830667337008
2426,1.0909282770918913,27.59988359432804,11.808072944260783,0.9981509369656042
2427,1.0991938583703804,28.58733937512321,11.077318975076642,1.2213332434530342
2428,1.0943151585047195,26.947411053517047,11.788893979380967,0.8464980334181165
2429,1.0874654836406432,27.771552902066563,11.42234078645997,2.9267059151926413
2430,1.0955259857984216,26.75279235821671,11.459552477079901,1.4276666840086891
2433,1.0981910809544433,24.895576134113426,11.506907294353962,3.855224087154754
2434,1.0967155387162522,24.467021665588874,12.371549482021322,1.018840241851335
2435,1.101303158721014,22.715766170409758,11.974179297844316,3.0924156427731346
2436,1.09941924561248,22.2106039818456,13.008249872609948,1.250348907275397
2437,1.1000675785565432,25.284648383540397,11.896640799336954,3.072333359778955
2438,1.1042595178437247,25.621679226029514,10.815828431469024,1.4874833658341857
2439,1.1064208744008526,21.76473451419019,12.173747675005423,1.4706850728377214
2440,1.1030677378902194,23.603832526250137,11.898360563955668,0.965881730555066
2441,1.100716265198163,24.42496996133476,12.435129800571186,1.3348012369006823
2442,1.10217461579195,22.78192971988799,11.772462875542292,1.740101559443267
2443,1.0953572226124562,25.665493131476772,11.80650674798172,1.2215790415776804
2444,1.1033036265730771,23.316339403727753,11.278122384199257,1.2137517056470724
2445,1.0963560366811516,24.96727804414801,11.819925173806602,4.699835471490882
2446,1.102449302542218,22.959085553624387,12.332852810364614,1.1832811472197307
2447,1.1001145281930267,24.229559147950248,11.520958102311578,1.0854850975938228
2448,1.1006821982854842,21.03067922276087,12.280445410649383,1.5340216825571875
2449,1.0974060516896202,23.119936681099325,12.133440568686291,1.6352415660593056
2450,1.095081902743229,24.352385080698124,12.118139434713179,3.366657542413381
2451,1.1085520143478718,21.334058736171453,11.64231955316106,2.1429237010122746
2452,1.1059255697585282,22.513770802422492,11.020531657294761,0.9000245011717898
2453,1.1058730509359682,22.592080400613966,12.065145342340662,1.8903684719942164
2454,1.1134828722954813,19.282135419113274,11.628206879725054,1.173919521670531
2455,1.1065263313848899,22.152816558344398,11.795878163369343,0.7323818433699265
2456,1.1077083702070687,21.62252758579901,11.152908757959773,1.7682966879023918
2457,1.1059823870790602,23.291558927075613,11.254515032835215,1.3116694233303587
2458,1.1186330605699084,19.104166674879203,12.933442353514753,1.7205447423054385
2459,1.108571384975082,22.739834119457466,11.864760259928183,1.3005628062797039
2460,1.1158215681724328,23.811969128416386,10.263670562128741,0.9535951722295684
2461,1.1187778659052503,21.91716096424133,11.803039045078103,1.0034340937630357
2462,1.1178389956066985,22.297393482011525,11.187998079161618,0.9461560368230734
2463,1.1297753473602414,26.302997694141403,12.255002493808211,0.8557802338537603
2500,1.1150813916603128,21.530374651757388,10.177876809676793,1.5626295000467199
2501,1.103868926625469,21.946377095849964,11.66656025148316,3.0748854887164643
2502,1.0973192527825122,23.024906960219003,12.035776915602629,1.4635065453394136
2503,1.1030561436745852,21.145586371427395,10.790043467067589,0.9674405022908056
2504,1.097506845828526,23.24006211839929,11.818772529383445,1.9007656360848797
2505,1.1053242495107187,20.95159246325254,10.179788690916112,1.5331928395937535
2506,1.1013660732068806,21.996119862771295,10.557909607070876,1.2094517616137814
2507,1.0984692364954043,23.404651447665533,11.577304719514036,1.1409633932604746
2508,1.1058923405261138,21.012094553233062,10.980620309266104,1.2738707330491288
2509,1.0945223643867945,24.492440427506942,11.985024370606931,1.2676036587768966
2510,1.0993207802186917,21.224039632399933,11.600714174869212,1.0851769350343328
2511,1.0984024137467534,24.19768976857745,11.588990652284304,1.109263175607314
2512,1.094687156887444,22.41201311248372,11.424057935316137,1.0169877469116788
2513,1.0990034140876717,22.51261843453952,12.046198011136639,1.0146297967154079
2514,1.091574956783975,24.38022902922574,11.610874578033563,1.8898027051085282
2515,1.097128915527383,22.727137272127575,11.494431177628435,1.2721310209686583
2516,1.0922779429859895,22.167123413666303,11.659821660361075,1.6115747191621577
2517,1.097902788358266,23.671543662313752,11.175301196541119,5.17155036527171
2518,1.0970128070910252,22.45969753351384,11.32070558971486,1.1456350001434397
2519,1.0926769100244733,24.28244021925726,11.726828505988584,1.7320498201552226
2520,1.094500331337759,22.586934190391077,11.559259692888574,1.6970133429893437
2521,1.101588402202521,22.342205534730947,11.443034959870399,2.0004697242077447
2522,1.1008559183850717,22.07395158615419,11.235780614131311,1.2606717639585423
2523,1.0979500685886228,22.355797625685486,12.000198248207555,1.3214772154627388
2524,1.094805247066017,25.557043519886864,11.501244381851341,6.5779235850409545
2525,1.0931353751601167,24.39388949398532,11.56566414632294,2.343902195871395
2526,1.0940405916422729,24.14055857029516,11.440255984941093,1.0598064650901344
2527,1.1009958449667123,25.301061899363308,11.070780998703178,1.0154313402008512
2528,1.0978056687332451,23.383086668427698,11.605638657044198,0.7931145122025215
2529,1.0897608115223347,24.290767065916537,11.612820315198086,1.8185458898911726
2530,1.0972086346554681,23.617257837549953,11.716064618611155,0.9270571446643912
2533,1.1023364892702403,21.190382849992258,11.25408466901189,3.193269598721414
2534,1.100452051970455,20.836966449070225,11.878528750610752,1.4984545814111188
2535,1.1013677860683222,19.64921089032186,12.225899071184914,3.654692659775465
2536,1.1050895441193733,18.656161471477017,12.504661836072435,1.276652100336149
2537,1.1023107103594683,21.523437733972354,11.714059845187817,2.5675117330828305
2538,1.1052453195878063,22.09370715786647,10.979430406993187,1.1707437849754336
2539,1.1075382093772694,19.03385542018142,12.208305662308526,1.9029724626097158
2540,1.1044435863216333,20.014275753739245,11.877304373132095,1.3147469777443188
2541,1.102648632889616,20.68270555436817,12.38726589644469,1.1645992520931185
2542,1.102284903971716,19.408046735318212,11.762413657944457,1.0825510238216924
2543,1.0975605812546754,22.51463531487691,11.759238506429703,0.8080246801399941
2544,1.1038470101881719,19.89347565058115,11.626032357157541,1.027646078937762
2545,1.0991135156346663,21.26619249856258,11.454203641264854,5.051570040162592
2546,1.1068013817095488,19.649418565517944,12.338855080750257,0.9718028639222422
2547,1.10041040521255,21.264491016998942,11.726772018091395,1.1322122876088456
2548,1.1017143738107853,18.002245991084436,12.16393131018646,1.905035731659917
2549,1.099733508297697,19.512138910237315,12.206830954908472,1.2035846688093568
2550,1.0990581501133287,20.65867772588207,12.270318810751784,4.430614276726791
2551,1.1099156951875597,18.133285120884782,11.705372856482205,1.7567155520019508
2552,1.10756381305492,18.886999694808175,11.007498389476071,1.4849282465356286
2553,1.108195569607162,19.171468807515044,12.41554854522958,1.7247583195025897
2554,1.115206399227274,15.726383474857093,12.136816580037788,1.0978690266205828
2555,1.109127933881472,18.816551423125453,11.709924420592772,1.3056865955047396
2556,1.1087506898145054,18.212608547464928,11.792496576187139,1.5746570574049181
2557,1.1064444326947067,20.061746343065234,11.894865430675901,1.2710685288309456
2558,1.1198679832758764,15.843245986406265,13.0506592421026,1.3011169315029207
2559,1.1114786805927295,18.80382202017276,12.204220349079828,1.096627104576347
2560,1.1197544129440709,20.254739263862604,10.431102154160412,0.7413152884520193
2561,1.118783980094032,18.277380945121553,11.84072443281693,1.2274614648404352
2562,1.1210238517959639,19.056534817999363,11.371167506159068,1.073451674795976
2563,1.1344827785829368,23.14729359405474,11.979766523703976,0.8606955938401208
2600,1.1161045770315836,24.214976016430516,10.597465990454593,2.221854605962585
2601,1.1073902096956572,25.159164193659848,11.577701619808948,2.9891912581757696
2602,1.102553126672952,26.385809964171653,12.103256888661848,0.9950512375714451
2603,1.1024177519739842,24.701268369041408,11.359072822337938,1.0279097856881223
2604,1.0985664578851642,26.883819691083346,12.146836100988734,3.2985739241133825
2605,1.107454962926446,24.588945936856064,10.708952030152261,1.692625187909772
2606,1.1041309175206924,25.31305665288119,11.439997300377557,0.8670239973706432
2607,1.1049659555316622,26.866003772849087,11.863479893098466,1.345168495962156
2608,1.107980820811519,25.29116527850265,10.587862313996139,1.8743397828360209
2609,1.0984908663179793,28.614642023889104,12.34388933616972,1.1059623642123453
2610,1.1023670820313998,25.23109343019243,11.601678354977803,1.6183455812052892
2611,1.1007988263100725,28.156460453703524,12.271138837542162,1.2023975390805433
2612,1.1004522313347986,26.15161346268556,11.613855550663876,1.053884080124216
2613,1.1012098907996926,26.206655023647368,12.419038792750868,1.1268051099566467
2614,1.095216019774036,27.75443598131342,12.132689975839941,1.7292321791406162
2615,1.1000373698039205,26.465201150797565,11.777764782057467,1.190934593548327
2616,1.096631954842272,26.006406457673084,11.589259312614763,1.7726521142013552
2617,1.1006458468794935,27.825916070712896,11.312000685108012,6.466838982347124
2618,1.1000833640755336,26.26433395558874,11.684954062445243,1.1256998260769404
2619,1.09545642337578,27.91794290209031,12.312476861369065,2.4537242620786786
2620,1.098963411955184,26.624842472096717,11.316431762845106,2.758594644056496
2621,1.105109272931869,26.22971634836322,11.473652208726095,2.140887976049832
2622,1.1030717377731492,26.09209106963324,11.455400850677956,1.3658908486431287
2623,1.1038744066711117,25.978200201160274,11.724583338967916,1.2151405578203063
2624,1.0978308763904643,29.11275420642101,11.88337327435497,5.545994248103181
2625,1.0958414153457645,28.34381150850724,11.938845512379896,2.5008655764156185
2626,1.099306496848003,27.598633684121268,12.277363076673819,0.8179489383264682
2627,1.1044194798979243,28.938001724126682,11.727669190036561,1.0576408206060048
2628,1.1009918521347144,27.51919915750791,11.889146845342943,1.3612600940214703
2629,1.0950964733212842,27.794405002772134,11.570994497686987,3.133456940654521
2630,1.1017560905169554,27.042988729218344,11.959611725270753,1.3716991259372935
2633,1.1062251415457889,24.903383076552206,11.637844937716293,4.341936824155935
2634,1.1037900716712763,24.7951017800924,12.397229451467883,1.46191251823527
2635,1.1061453460728048,23.55640304490513,12.489278186800014,4.333517405556422
2636,1.106594836258065,22.556795055099208,13.157574380657925,1.2977803970697839
2637,1.1060232632268032,26.062825251503615,12.295330427736959,2.983472556992394
2638,1.1113029830547139,25.916375984666967,11.221313136960505,1.6807781269830213
2639,1.1128823187358647,22.54235297524361,12.38808953615747,2.3709128639039068
2640,1.1085195196250108,23.877943511233077,12.415889042595484,1.6191547855901651
2641,1.1077749706816,24.37347656777059,12.560421181956071,1.1709150171341351
2642,1.1056649274615553,23.65708013435023,11.737245913857391,2.4900054877294684
2643,1.1022648876213665,25.92883173157552,12.211958372082846,1.479604334800464
2644,1.106108227980916,23.5625752445665,11.921389558677983,1.1585000312228746
2645,1.1014953806825654,25.584478336390877,12.28364794392749,4.158238933076322
2646,1.1097447373595501,22.93628742298233,12.762400033045045,1.2056105247135225
2647,1.105467288877204,24.751380561342792,11.770903344970828,1.3332770329412382
2648,1.1060671620451215,21.274040610696947,12.659359275959204,1.4343443545579115
2649,1.1036308192171551,23.298390011680933,12.566687227056592,1.780250407330045
2650,1.1011256098566398,24.35029603416332,12.622901400234166,4.365719552223198
2651,1.113269618793966,21.593452367157738,12.31300648155722,1.7470605973665743
2652,1.111767366017387,22.608375971353862,11.297756738359496,1.858891713026629
2653,1.1129852431655807,22.947412972120908,12.405584857932926,3.176926151656306
2654,1.1164440683871266,19.786959593387714,12.431834058234152,1.4367416880944783
2655,1.1125369751508736,22.562835919775782,11.794122573715004,1.4205886184081162
2656,1.1139791543416326,21.526415950584152,12.163569069903225,1.5035878737752455
2657,1.108035256853343,23.70780197584021,12.128824005670662,1.258712424442961
2658,1.124601340949004,19.60803866103259,12.63506075159009,1.2063519333699657
2659,1.115974936113833,22.701344125986743,13.078294546113744,1.129594954777265
2660,1.1215814103909605,23.661513380972828,10.953635477152014,1.2567917245312403
2661,1.1228723598748436,21.434024437083274,11.927815752922077,0.8064920234628288
2662,1.1167689868115136,22.878100660499307,11.46732363355121,1.224711881732797
2663,1.1378506594000175,25.27518260744086,12.289528440579014,1.0840722616114213
2700,1.1140608937296441,22.186256888014388,10.344508688734939,2.4706383638644787
2701,1.1013952110291043,22.539909512746853,12.120216411351128,2.6811210434594326
2702,1.0961934696179865,23.937423428083168,12.010535379147088,0.9794755475409826
2703,1.0992092344499833,22.29319132178853,10.756701689444196,0.7733471014389023
2704,1.0912007963223458,24.32168338133102,11.967984950742633,3.617466545158392
2705,1.103020835778293,21.633050971168416,10.312809651569614,0.8112960277547975
2706,1.0993765864650638,23.123848962852357,10.991411913165997,0.9036382244986516
2707,1.0988699080044027,23.88303793893575,11.287799449401897,1.0594818503681656
2708,1.1029621563236816,21.755323879060754,10.604307831127212,1.1506118986193699
2709,1.0942098075487716,25.36501296270824,11.76845711298983,1.4174189662513472
2710,1.095594216308628,22.25946786721088,11.882909900510972,1.762513477379099
2711,1.095125664585198,25.24480678251492,11.706324694140642,1.0272004436364117
2712,1.093342534841852,23.429894709801037,11.297517333516309,1.203300047308617
2713,1.0963551634095687,23.424766324381952,11.889384528900564,1.0470215228767323
2714,1.0896673355069149,25.515077881766018,11.52059800817903,1.9600245282251858
2715,1.0963675126800307,23.603717602692633,11.100972057688171,0.9522769417895269
2716,1.0899572929716783,23.06351579378519,11.694248316475056,1.6936082144190383
2717,1.0957019784730648,24.645820817065374,11.236682528079042,4.714011771666937
2718,1.0922068769380064,23.37996058741003,11.580421592401786,1.3126404121942878
2719,1.0897503547113847,25.314547621196155,11.77087190442794,1.394680273212644
2720,1.0928549107702976,23.847037197969,11.375758409469144,1.0667954237704944
2721,1.1000414978224358,23.157517742739127,11.137640778887008,1.7362323741987624
2722,1.0975673678927589,22.90249100665809,11.135743056900209,0.9416619719388046
2723,1.0975621946054481,23.148145409879348,11.919384665944978,1.5324691193700977
2724,1.0919999644031169,25.871471697437332,11.581248044362905,5.389299125446613
2725,1.0916850631449788,25.390056569015883,11.739838881649025,1.978760081722972
2726,1.0928984393712369,24.946655654408342,11.661082279014392,0.7694449163603211
2727,1.0994875279437948,26.03394870109184,11.363042273695687,1.171759559002778
2728,1.0945186098807949,24.400881661166967,11.72412000718211,1.0637732944753369
2729,1.087725403253426,25.4573501858385,11.527958159624466,2.27624728196172
2730,1.0961398190417766,24.29887219310743,11.83267533232022,1.7816956130594432
2733,1.1000366096725172,21.80381315535403,11.41727569395847,3.1474771683953047
2734,1.0997045178782432,21.561405291760813,11.594798020005207,1.1617534024011402
2735,1.1000590113763467,20.556354058891362,12.110218659764621,3.417253700361158
2736,1.1018347422399999,19.773532137933813,12.422958567624574,1.25103641465853
2737,1.1019976321357603,22.485380966202698,11.614946476525256,1.3801280717555586
2738,1.105445847073462,22.8896199932278,10.628517277251394,0.9554570300898707
2739,1.1062514000942942,19.705173334546718,12.05636549889134,2.1242478163098752
2740,1.103329405322143,20.801042698147903,11.906817004761646,1.2787719221669804
2741,1.101618744123006,21.489617276192156,12.204984734940073,0.8572512392691074
2742,1.099093219048607,20.512115515162357,11.702941485731834,1.6797220655537017
2743,1.0970713134384658,22.75692783080959,11.942674482988183,1.251799185754696
2744,1.1011504896967235,20.935965175197982,11.452463449837955,1.0576133567300416
2745,1.095361644130359,22.407508499424846,11.924631333485886,3.2293630905092043
2746,1.1034111377707851,20.462190518360742,12.533635110409096,1.0801836998312846
2747,1.0986625344925964,21.800106653727312,11.804005059476951,1.3885898304423774
2748,1.099477571023945,18.903231548611156,12.085058201921154,1.330054846804014
2749,1.095442844923483,20.37528739855046,12.02712935370937,1.24094285528676
2750,1.0950394938528052,21.69071279188419,12.498833911862896,3.8445440057364344
2751,1.1080681161982833,18.666755342267507,11.712024348089505,1.051674232894901
2752,1.1056552283133336,19.895482389602957,10.903063038012936,0.8151040248721247
2753,1.104707452867169,19.803218868101915,12.44696185026978,2.510058141509972
2754,1.1126334703179943,16.621761128688203,12.01167673637605,1.0028557548858448
2755,1.105705147048886,19.749533975164006,12.00663223663873,1.3655248795899315
2756,1.1066137254168353,19.15204736835312,11.995782847990114,1.446361582664857
2757,1.1021984473240103,21.135868411153016,11.830825145309984,1.635638461159976
2758,1.1168783038347352,16.362238919489492,12.723977717383603,1.20774445935423
2759,1.106524744513294,20.326777005516476,12.341842355583912,1.3454228247561015
2760,1.1139347070854415,21.404332224639994,10.758382379976057,1.2556020448003529
2761,1.1174429078456414,19.3850400680968,11.84749872968901,0.8157906104873701
2762,1.112194884054849,20.502915466058823,11.807107431032584,1.1260034742588043
2763,1.1315175206478167,22.796135135964285,12.405616433797022,1.438157826678386
2800,1.1265342918981367,21.044396108851444,9.918832997195596,2.0216636263767214
2801,1.1142861331143992,22.24551443607456,11.603695948129767,2.0913913885407123
2802,1.1111898002048648,23.484662837946008,12.228809401649714,1.053023711814936
2803,1.1121530825854815,21.75749008705073,11.525984176690741,1.218069931022692
2804,1.1092099326346743,23.990907725620133,11.95537439150785,3.4267514815958147
2805,1.1170790541043465,21.736498599135277,10.386883811014359,1.439770574029779
2806,1.113106533237944,22.94766693285881,11.026891071638442,1.1127867226722694
2807,1.1133706415744231,24.018064757689807,11.836746817501057,1.6019719722644348
2808,1.1176246791280713,21.655267937181364,11.213840186216549,1.9501802388638037
2809,1.108518110173792,25.39540323338647,12.553704555091002,1.3755871339554755
2810,1.1102183975452184,22.267034709800964,11.74567240205453,1.622813564308759
2811,1.1095396931016885,25.10413832437994,12.119254896746778,1.29299167692634
2812,1.1075510289859738,23.14723439007884,11.504206491784451,0.9910496293037035
2813,1.110726973815415,23.295255222420302,12.207895186280178,1.2595730037829989
2814,1.104890634062662,25.043056075973556,11.962371659713394,1.5853756212841554
2815,1.1082474744221913,23.996308475528252,11.854885854280221,1.6582624718371473
2816,1.1050554405005237,22.86850540668011,12.028758389531728,2.65794045281756
2817,1.1101359100301254,24.87931607409699,11.665146282183386,9.401032705383107
2818,1.1095837490464624,23.19647596227554,11.623789153916785,0.9365316370093952
2819,1.105294974549892,25.285620645469585,11.878391134806904,1.9279026381504945
2820,1.1066867945418732,23.8125881907404,11.683495097481453,1.7045545272420874
2821,1.1139733596145607,23.21192032901717,11.720085803132969,2.3904393607718153
2822,1.1126755655440081,22.968063424627726,11.601317381196122,1.240518992838666
2823,1.1108989511905125,23.302654419619554,11.953780145563822,1.0984700016234215
2824,1.1074864171750218,26.10908853162511,11.875350578281646,7.731943683216621
2825,1.1039218593928521,25.414194483741888,12.04842660283825,2.5074218445467515
2826,1.1082376020716396,24.72045573874285,12.078564712397306,1.2967677876903925
2827,1.1147773203606017,26.346005203161617,11.142986311017555,1.123934291304772
2828,1.109175235649148,24.333727798096362,11.95100245266315,1.005648234927283
2829,1.1004022593179545,25.49423855208057,11.952065858565598,3.433916034048653
2830,1.1095619911042065,24.3064721094516,12.342559520686098,1.5607670120620427
2833,1.1127853935591423,21.851347528558453,12.090447706252684,3.544190127490825
2834,1.1119775185930303,21.941471677408803,12.388308915343814,1.4847961575516897
2835,1.115216288248275,20.915007735079477,12.058017086079898,4.33197895450201
2836,1.1183479680263855,19.6087607939097,12.850288035221823,1.204479742819213
2837,1.1157948549731844,23.040917396970606,12.060160690503455,3.4830599589327638
2838,1.119021632829541,23.11223015682188,11.363748606941158,1.529406886611272
2839,1.1190045963511246,19.55854311774217,12.587629913404204,1.933972871045019
2840,1.11790547695926,20.681239592318555,12.211852696856612,1.310485347644676
2841,1.1157654321404686,21.573212414048246,12.263755888015515,1.472695295037371
2842,1.1145766465284332,20.804873026934192,11.693748989219507,1.6932694407838729
2843,1.112131154535767,23.070758382524428,11.942021253551413,1.2985709049007512
2844,1.116529345251393,20.760741425932444,11.744589467829842,0.8468818877708424
2845,1.1102660287336727,22.592988088154918,12.291815976082328,5.080919911346282
2846,1.118996303420714,20.697721127802122,12.445000845304282,1.0751894478067363
2847,1.1138095334374476,21.904461258787915,11.950949129687395,1.485838608035111
2848,1.1137304338767315,18.546729435801144,12.972003090586984,1.5734006255224502
2849,1.1104762313366354,20.388131650350097,12.811669591032691,1.8705422952310222
2850,1.1072930209510747,21.780099111074758,12.772674009461946,4.213999903223183
2851,1.1221302058340314,19.097190982126154,11.93985467783291,1.7711393856627522
2852,1.1183178788879322,19.633345298965416,11.505730232584702,1.3359054449355998
2853,1.118799420483241,19.897276233308002,12.537759180215545,2.1770986118036757
2854,1.1259319604252813,16.83040684962238,12.521073971290491,1.4000588714214217
2855,1.119910370817108,19.87010833722238,11.917091167340555,1.364239177135948
2856,1.1210208909690276,18.844508177175513,11.682853563457735,1.4201295646432772
2857,1.117612878626841,20.653189453501515,12.127692042131976,1.6431848092175683
2858,1.130695855520352,16.6129629752769,13.253322063864431,1.1460260676634653
2859,1.124162896803706,19.886197499121735,12.540361187624544,1.2586743278230415
2860,1.128840856828933,20.8914946423996,11.16140990349849,1.5849617731151375
2861,1.1285280955623547,19.26088969189257,11.787605157267372,1.2851473344182722
2862,1.125129202496094,19.35709811289388,11.7912969372487,0.8621208843906039
2863,1.1405682613571357,21.93547766719307,11.930887080596573,1.3293378989106788
2900,1.0949831216625991,27.41150585125556,12.605192200093668,1.3149818620810478
2901,1.0826704967208869,28.413810848811178,13.878961878387987,1.105628896152003
2902,1.0795052675176675,28.664507818858816,13.862742815022797,1.0086817251921392
2903,1.0814250428059096,26.93023301130253,13.037749259358339,1.1783034862875095
2904,1.0757375638707314,29.16875128379387,13.804444137246778,1.9045761161922965
2905,1.084812189405492,26.91780659418549,12.488668901028,1.153763264191963
2906,1.0830783864548383,28.175059864706864,13.05399976886076,0.7967076453872135
2907,1.0825856904569022,29.31398662580048,12.857238743685514,1.1919862193676933
2908,1.0857106346803216,27.155083429192494,12.891240909704123,1.0426160968673246
2909,1.0801025968182303,30.484159400157615,13.779104493828626,1.4475635318685665
2910,1.0814309697873838,27.63770547231223,13.435420118518723,0.9801156647400714
2911,1.077722118646772,30.412199514828504,13.572349010113173,0.9634345306313549
2912,1.0768566474653902,28.528732006571374,13.106673197392817,1.149364371957563
2913,1.0794501979106697,28.68966360523686,13.522772630824404,1.2408901007836892
2914,1.0742194498872817,30.504647465236715,13.62395716625519,1.005136079671957
2915,1.077580476285753,28.786787310980262,13.06073297747991,1.1302525652106745
2916,1.0763372533874573,28.019041436310648,13.31490671948189,1.4110008251628492
2917,1.0799479477184253,30.004490764232276,13.398654312681964,2.4605991950053303
2918,1.078671775694515,28.728172099457126,12.872358785469432,1.4291478165683198
2919,1.072161149968919,30.524121033437247,14.09109112590896,0.9770187275982809
2920,1.0743385998977208,28.77764971301441,13.285807174172847,1.3046705931990603
2921,1.0834857453943703,28.146376046390188,13.393860522020859,1.4286219493291192
2922,1.0799768072556102,28.758864320147843,13.015937879696711,1.3510562021113068
2923,1.0808319954535337,28.410934850992163,13.502861391426213,1.0391931394774627
2924,1.0750835506023533,31.187381858687164,13.410271300971036,2.4237041230760017
2925,1.0741799757418977,30.953770896501823,13.714398645042243,1.4540023709093992
2926,1.0788070929059441,29.826298788209343,13.596727347950267,1.0354929666686365
2927,1.0855487848626622,31.19561113933678,12.659012396393512,1.1043513063099661
2928,1.078153821474266,30.03772774693036,13.519868266630203,1.0366536889960525
2929,1.0717605425159678,30.210971976330605,13.86208773131536,1.268201335773685
2930,1.0787085231005349,29.792542601501786,13.390050962578051,0.9192130626305204
2933,1.0851017893757442,27.042219096211387,13.177023671571463,1.5712016694509467
2934,1.082950194454383,27.118494854771896,13.469275092333664,0.9643978596691714
2935,1.0853567270298898,25.85943814427154,13.576969482510737,1.9036494089550742
2936,1.08765589158077,24.82536768396858,14.47311863553717,0.9833413363723598
2937,1.0861566413050923,27.84297825734088,14.022413146116042,1.595939876592898
2938,1.0894707060892608,28.464530821018503,12.830257529744756,1.706393098103196
2939,1.0908284256517133,24.78230145515117,14.065291694356793,1.5687499271050493
2940,1.0893346424403234,26.474866650631583,13.389063568379074,1.3737440203203755
2941,1.0846356635051781,26.918983100323594,13.920620300318042,1.4120182832511987
2942,1.0836745198630986,25.985530861783197,13.138834437562975,1.325944286284235
2943,1.0803399338433872,28.881442216916877,13.414590559959771,1.1208369711275128
2944,1.0848865955882234,26.06446032999398,13.535178697277361,1.1282612890816723
2945,1.080914796261246,27.744194216704514,13.758694549820977,2.3085598545377257
2946,1.0854819102840128,25.83876665770319,13.98351398394835,1.1675468872008605
2947,1.0825994026104286,26.771916488695844,13.838639045932762,1.1848482734966632
2948,1.0849135260259137,23.833663816142618,13.631297216572602,1.4629368079050065
2949,1.0804303541811306,25.59015473658156,13.95303072462233,0.9606153891235899
2950,1.079965202591081,26.574746804331575,14.007786520093624,2.1076995180185145
2951,1.090187717941398,23.92915886883701,13.43277872064919,0.9494648202097832
2952,1.0887785098007934,24.963986670432636,13.373560935266235,1.3588753048511404
2953,1.088772284132177,25.199145221433323,14.066729481735265,1.2674913452716214
2954,1.0954405738347108,21.526723209150727,13.802269521574251,0.8576506407573362
2955,1.0876834924367458,25.023105077679702,13.665037402238458,1.1277235693443888
2956,1.089175508003127,23.974558856559103,13.665053574270855,1.2772845352819358
2957,1.0887742715670072,25.832392272753378,13.434666593827524,1.908734377395142
2958,1.0991816100988787,21.35161634415708,14.267472999256192,0.96478325385505
2959,1.091125051187074,25.118476018125776,14.317540256138091,0.9234046360409671
2960,1.097477470040404,26.514294011579842,12.66369987632612,1.0993715179512766
2961,1.0940155690862807,25.608758554287956,13.59046794811214,1.0261272945596944
2962,1.0960927884718503,25.708944539640324,13.584988309970278,0.9618990064674154
2963,1.1122983813443217,28.476758842523463,13.818025608800994,1.25784154032977
3000,1.1080418585045373,24.04493985137364,10.822305716396592,1.8284466313752479
3001,1.0939073341958592,25.196806498933856,11.627651712047456,2.2996416064667065
3002,1.0926731931988216,25.992948781309803,12.15116280943125,1.122414071462271
3003,1.0942247870398383,24.14610492980905,10.966796295954689,1.029208739794586
3004,1.0887194352110234,26.184725437071286,11.642677401245766,3.1478455410687944
3005,1.0973804161833804,23.968695673822136,10.197188681607345,1.29564104947355
3006,1.0940032980726468,24.76394628755885,11.143575900730697,0.792165839216028
3007,1.091866401600551,25.86634095003263,12.07725373575319,1.0179165632315839
3008,1.0977920037098152,24.19384023383665,10.816966360891946,1.6672114531918896
3009,1.0880345621860814,27.922478120569835,11.979105426227324,1.0485797980532012
3010,1.0925354589711873,24.280887426715754,11.877538734642753,1.5698007322851713
3011,1.0911605647955922,27.298619766995795,11.85621725470682,1.3937001277005245
3012,1.0881345894272905,25.269434711505408,11.39992774460174,1.1319311166020978
3013,1.0906818802759333,25.18770701395578,12.353250783905978,0.7115509310236995
3014,1.0837397699549312,27.491018851017568,12.08073842967645,1.3942267383067308
3015,1.088196583829076,26.097372882298778,11.381790532833723,1.415978415660826
3016,1.084977604898571,25.244143976419647,11.50757009832702,2.242899420647231
3017,1.0901407425770302,27.07922553934093,11.164362294489914,5.38228081814431
3018,1.0884917989912277,25.49267050887742,11.114385170805186,1.009624831630866
3019,1.083199240224332,27.432779599398156,11.923411397831714,2.2175425881707844
3020,1.086768154210824,25.469658229187033,11.639273440355128,1.7731213623286708
3021,1.0928621139545778,25.317352153738835,11.860042486506758,1.264796127651024
3022,1.091531470555827,24.965181080575213,11.077264828623296,1.4298654962948076
3023,1.0933298290617857,25.26393015665189,11.294274037195482,1.151370858853501
3024,1.0873666464754896,28.08031121836044,11.707388081555688,6.908323320663889
3025,1.0861866619812515,27.5299292315159,11.629556779660863,2.657717551818462
3026,1.087619973963137,26.73169250517716,12.073977565546038,1.4421324895235703
3027,1.0930224053044173,28.33244508257681,11.15196645470014,1.0597152321950811
3028,1.0911739739338173,26.667155760968665,11.447375503779169,1.029415964320632
3029,1.0822833524753825,27.478377828685677,11.498779400021968,3.2658944286623774
3030,1.0899696575496964,26.72449029254355,11.703873666730896,1.4173851699857674
3033,1.095550320258069,23.914621447673245,11.876699966482834,2.986846079332283
3034,1.0922712954501252,24.125313451013067,12.312134461003351,1.594906455448431
3035,1.0962406276674599,22.73986486933983,12.165633119199446,4.245924854383497
3036,1.0966078898707938,21.695575913741028,13.023880302952813,1.4867074685891024
3037,1.0959466344077482,25.093842274998597,12.201323326738981,3.2235910927386846
3038,1.0998580445742734,24.93443995999874,10.88166108379129,1.3438107227380334
3039,1.1001228074641556,21.97671763682954,12.561175733729579,1.9870321492644596
3040,1.0986284097397379,22.92356218251044,11.953828342159934,1.2740536503865683
3041,1.093137788403036,23.59576095897935,12.679402396461091,0.9299169330371932
3042,1.0940378000867104,22.439846339541276,11.567887963539421,1.5368516279079885
3043,1.0905131684884923,25.380068411645045,11.580916015173889,1.0005069429771212
3044,1.097025297745742,22.678415432394075,11.609844621038295,0.9739941359293824
3045,1.0890955120095909,24.624078363337322,11.826477314066178,4.65419775295458
3046,1.0982336323111832,22.390412394902974,12.507665963358411,1.084736599339844
3047,1.0927774050043295,24.094570016823777,11.686388795429364,1.345599617988222
3048,1.0930173179821572,20.61934692165319,12.456694406691957,0.8962531181360311
3049,1.0906259378986585,22.30005323845445,12.232616904258578,1.6623821884231353
3050,1.0903891603085492,23.595722108032106,12.377781629368734,2.887479849080371
3051,1.1020287146191154,20.3363249559929,11.975620561076163,1.7871289315484038
3052,1.098265982630293,22.126790287600432,11.200497241884808,1.2247895642478714
3053,1.0992849004182046,21.630042400585804,12.618005164188968,2.1020745302033172
3054,1.106160751807304,18.597453196995623,12.222130948553579,1.140246097101147
3055,1.0991393433761718,21.579921101255092,11.753705521669024,0.9100083158289152
3056,1.1023986941744361,20.796745502063875,11.636023141052934,1.4126523918309333
3057,1.0979945732393417,22.922720785745206,11.74705609329779,1.5114323001855416
3058,1.1097983387469796,18.344412079148064,13.236157501310249,1.3572947952398458
3059,1.103960649198211,21.715787498854148,12.515372220627496,1.0970800412521757
3060,1.1085458442792089,23.191200715118384,10.983056849511485,1.2772952084135014
3061,1.1084519642220365,21.448038250469306,12.082927174153562,0.7979222910294176
3062,1.1075000637417636,21.952085932538562,11.761055897571433,1.246370325438436
3063,1.124825731418954,24.602784744795528,12.487454567487156,0.9294859308251171
3100,1.1186551693449402,23.51116230365697,10.621851507375336,1.8864093634386232
3101,1.106584441062054,24.309630863193746,11.453351453732143,1.9274029402568067
3102,1.1014192974227568,24.982707881318014,11.921611198147284,1.1030821493729261
3103,1.1040464992942132,22.980713986351322,11.102999543393539,1.006220257587179
3104,1.100535429728339,25.46669277643366,11.886171038365688,2.400683205472006
3105,1.1077622052207972,23.26935118980333,10.568390760759906,1.0322492321933405
3106,1.1028497378242579,24.48124382983154,11.367718897645489,0.8731747094261066
3107,1.1044367457020814,25.337203246349723,11.480792303579591,1.089096838984575
3108,1.1074178479560586,23.573974012717816,10.807458011965604,1.8635110356018292
3109,1.0978538141289125,26.685409698551144,12.211142029260388,1.04560770796886
3110,1.1008534748829586,23.712562511946707,11.749225280155093,1.666493402011621
3111,1.1008512656074618,26.306949206243182,11.84433629059997,0.8657718989366225
3112,1.0991828229042062,24.875812851526366,11.321172283037441,1.0749656766969644
3113,1.102443866724133,24.640601225027392,12.168038925656182,1.3867098893873953
3114,1.094167434770547,26.547887059357432,11.931508689852695,1.768601514840147
3115,1.100506371085308,25.30582288687984,11.45825992115515,0.9932324497840158
3116,1.096477056815723,24.31864854607828,11.683869189689867,1.9153160959653215
3117,1.1009840060514884,26.38839231257982,11.468468890215362,5.85675529377484
3118,1.0990426082751668,24.52175839870088,11.267624136301652,0.7954541456935422
3119,1.096063689321445,26.548819770212333,11.673748571460173,1.9701833450177695
3120,1.0965645532771733,25.435217665538428,11.510294620228919,1.59707090743564
3121,1.1048069566167902,24.590879900722786,11.745010748122592,1.4518028807599117
3122,1.102116445856023,24.512325419098627,11.369966652407287,1.0222411067255734
3123,1.1025179374406064,24.487795512221805,11.57204176244912,1.2633774021317823
3124,1.0966214643862557,27.70629753232731,11.644037558716537,6.933202089575926
3125,1.0975818685027015,26.92015210261459,11.44235254627614,1.99465064461341
3126,1.0985847776310145,26.210886894240808,11.746878796803454,1.3313301448101702
3127,1.1035911774982499,27.74381226114499,11.456267943875645,0.7877350077994627
3128,1.1007501212453563,25.906252074037656,11.794766565740337,0.8342714329926204
3129,1.0936047726250573,26.668384486042875,11.647437396115587,2.846424062017366
3130,1.1004777246240112,25.471610383458472,11.732063251905391,1.178119075123721
3133,1.1065355155404044,23.294411900239364,11.274399955370273,2.901320819596921
3134,1.104305626769076,23.312537775548076,11.539005884978076,1.264307219323889
3135,1.1065430748508838,22.088304560237383,11.610018455781018,4.358953811174474
3136,1.106656964389752,20.886301837112978,12.708577926871097,1.5606334873948835
3137,1.105731153318524,24.454863442540194,11.889386083774793,2.6449681947100383
3138,1.1094698673109331,24.379810399716867,11.007244692354881,1.3139377808221222
3139,1.1101233472927325,20.607253190922876,12.961520066543052,1.8475524220473283
3140,1.1084410828649682,22.210200347194476,12.123790103242461,1.4765578862944722
3141,1.1067400867713382,22.61139339279099,12.433048033667713,0.9301409552257813
3142,1.1047908132939939,21.894143311211725,11.831247951250724,1.778020635393958
3143,1.1007544121957846,24.696289330228524,12.053835997792268,0.8070462449277146
3144,1.1058865067734793,22.176578078809957,11.533253481088366,1.3779865621361844
3145,1.1018074632175934,23.754860387122598,11.818002074151089,5.068971384236229
3146,1.1075507600585932,21.94126920655022,12.874547322096747,1.2435660223103464
3147,1.1043215746408113,23.06176053335642,11.732222724536596,1.529932358938498
3148,1.1048710289145929,19.854402744390022,12.787287406233725,1.4201801373001148
3149,1.0995119331771004,21.777702505327547,12.442961764900454,1.5500963662275937
3150,1.100650333964091,22.92578416160734,12.329780631804203,3.689545775537624
3151,1.112240513030814,20.250051466942846,11.931404708047701,1.4409744941468796
3152,1.1107647325805996,21.38044877478389,11.365768853134943,1.2271891267312591
3153,1.1096921413090037,21.250055456572774,12.393119389956526,2.2215140449595423
3154,1.1149940709733372,18.158964928587103,12.409886511040717,1.0613711657058416
3155,1.1104072183785578,21.220950221942264,12.107456143229006,1.1538807185453102
3156,1.1117759801431955,20.057546910561477,12.061874317214054,1.4027552838337183
3157,1.108927714205703,21.653322478782698,11.880365802971722,1.0989511491006434
3158,1.1227857847579557,17.650662536325044,13.019569586517152,1.1387946241938864
3159,1.112835791944658,21.23421959744423,12.804435359035919,1.3605812895627216
3160,1.1158059629551367,22.75247443083582,10.68055167379588,1.4005964089708316
3161,1.118309238331195,20.649677879257126,11.652963413352664,0.8735346189803406
3162,1.1159204441929707,21.11963121678453,11.419863159091197,0.957779594329488
3163,1.1332602992010379,24.15289831009508,11.723298667793378,1.0394541159656585
3200,1.1084102023867415,26.24492881196675,10.954700391036416,2.206414209455193
3201,1.0984575354684958,26.86802097843981,12.065325578983215,1.4631475797212974
3202,1.093835403988228,28.189674208058253,12.30944433291823,1.362827794708159
3203,1.096201245040516,26.447354607631365,11.275076914514727,0.9531714899388518
3204,1.0911237799598863,28.4766857021699,12.27420238444445,4.138586716714454
3205,1.0992336163783687,25.963351809436325,10.882806101175605,1.4488321144300986
3206,1.0966937260991172,27.126590276560634,11.35779269893066,0.9235579194247369
3207,1.0970023552917263,28.358123079771637,11.772914086023748,1.28946756943237
3208,1.0991080825907886,26.407967203081295,11.228073159390672,1.836120843357655
3209,1.0901962156790617,29.441627374933216,12.06967756083719,1.298374394380358
3210,1.0928612528132151,26.569106162463807,12.179297087585004,1.8736427285023551
3211,1.092747634236299,29.205415094279868,12.33201676746398,1.429102930954896
3212,1.090224646975843,27.530978168112117,11.461842697725228,0.9397701882769961
3213,1.0929146707819704,27.61428276618713,12.476121535413133,1.1185734578764097
3214,1.0858358663801244,29.553548138478995,12.163564300048044,1.737950629945518
3215,1.091656621626678,28.09118251308332,11.757377645700187,1.11768199199373
3216,1.0864424734754565,27.252349303431494,11.767362704426136,1.8491501162036288
3217,1.0920960043628898,29.28629267819038,11.586892779726872,4.746761323243107
3218,1.0902550145175067,27.859022471861383,11.651393586201023,1.107842536292003
3219,1.0871613511412563,29.427249899676813,12.019051061270039,2.258701190453392
3220,1.0883678931050846,28.068452065522635,11.959526880214568,1.3498424530601085
3221,1.0966248792356093,27.405615772892702,12.117292319715615,1.841524808669351
3222,1.095572151499808,27.218471664593086,11.473838074877728,1.350726687148282
3223,1.093335073597571,27.468313558889697,12.007655346293326,1.1041599705012004
3224,1.088214311494764,30.576663388295238,11.672689799082228,6.119330847001211
3225,1.0881667814977032,29.646415190946474,12.142950289252948,3.9045565281862302
3226,1.0886397014948435,29.10234365157318,11.961453621908472,1.30208636788616
3227,1.0950766364623934,30.923487543015064,11.505385304779812,1.2843496187495362
3228,1.0922118036102966,28.229596331918877,12.237554532565287,0.9877463499167768
3229,1.0838635826558265,29.655542559447,11.751444321680287,3.026459099608596
3230,1.0909185496702711,28.6730509396959,12.192430648916316,1.4805411383388436
3233,1.0996064366191372,25.934254972191088,11.77240347208667,2.832321290941449
3234,1.094679372805668,25.79954517909087,12.032854416518878,1.1373366153177666
3235,1.0992123058549492,24.840990700769833,12.028440641492466,2.767846516864508
3236,1.0979740667525766,23.75522701090897,12.734133721460433,0.9346901613266664
3237,1.0989881518963773,26.712330550765564,11.973191181545014,2.6224905109971086
3238,1.1006631319479103,26.946472774119044,11.458682346083426,1.5087717722901306
3239,1.1026794869466703,23.852367357277867,12.636798998790153,1.3391185600775493
3240,1.1011896142791746,24.75629637612743,11.818304193334729,1.1826476493105254
3241,1.0986098564742444,25.466277651631927,13.11332169105188,1.239224926329225
3242,1.0980772380889348,24.33571683529018,12.288687639452178,1.3161551399636529
3243,1.092284406244758,27.26013105605629,12.012694154540236,1.1657725227869118
3244,1.0996851336674114,24.92156229906882,11.572547411625818,0.9472521806824892
3245,1.0916737849291798,26.77683957960949,12.009817058872937,4.104940081068043
3246,1.1009045217751208,24.515046034850766,12.542051635641805,1.2707134130554465
3247,1.0948461751248155,25.84859798552249,11.99501387432868,1.6166498608323518
3248,1.0966671149082556,22.38616186541615,12.579221675948546,1.300717646270728
3249,1.0911433831286714,24.52464268554221,12.55709301945655,1.82503949806111
3250,1.090281414389953,25.8673464129479,12.38128047694134,2.9986633408505665
3251,1.1051221232387733,22.806225237155953,12.097524489759902,2.1484522878582353
3252,1.0997750504682755,23.929458627963538,11.904659153182253,1.8464403632631858
3253,1.0998727211698676,24.153477889911592,12.598012684839281,2.4610873589487436
3254,1.1074509208227419,20.748197653515437,12.178825167329846,1.162865452144616
3255,1.1027878836852967,23.63494000522674,11.972718618570273,1.189426884237453
3256,1.1023240341724951,22.769877965198067,12.288993150207844,1.9070716797556722
3257,1.098635968809743,24.797724984127296,12.543300177833004,1.074958153357772
3258,1.1137071500899187,20.51856682333418,13.282401017914578,1.9332042965076657
3259,1.1042228462027202,23.883884481152926,12.992208984605416,1.0244656729947759
3260,1.1111921219565635,25.072666566258757,11.285789729900245,1.3408270559343112
3261,1.10894902072454,23.119743039692178,12.380581430097218,1.3368027945886634
3262,1.1064377974928854,23.591367955332775,12.051809529956621,0.9628313735759101
3263,1.1249737230073973,26.939254571127083,12.15761455493077,1.3518743384802838
3300,1.1053887827810756,25.427916333289286,10.663427429968426,2.164350497333996
3301,1.093796146347396,27.157304678828865,11.297161840562177,2.378598153307503
3302,1.08950842686067,27.853958221522202,12.332155116894418,1.1618472333262855
3303,1.0929203348263836,25.850636625330047,11.410387046810392,1.0744895798846121
3304,1.0849400993850926,29.044859885665048,12.11230700461055,2.983777710149714
3305,1.0962068732645318,25.807371792697996,10.766176806109495,1.2973658348442674
3306,1.0916675402613154,26.664195224053902,11.658302765008518,0.9422477988858037
3307,1.0914460847340632,28.139953126444475,11.765967056451585,1.1752611853427986
3308,1.0946300941137255,26.345940762207782,10.907583729631334,2.301598021736163
3309,1.0872815476840925,29.11905509590566,12.365299765230915,1.3064463144815435
3310,1.088275360389364,26.620414155415656,11.827484796793113,1.652037111008336
3311,1.0890589261278139,28.995112552148623,12.059369978306979,0.8210750914037482
3312,1.0837762047960013,27.52784723253918,11.832400285439894,1.0648669759806126
3313,1.0897872299261364,27.565507075158955,12.493161973878408,1.3496280966476086
3314,1.0829958883569761,29.346726113778292,11.995645538974724,1.8000159574879402
3315,1.0879910010464773,27.557200078658816,11.413815674830998,1.1901524746473024
3316,1.083307219775678,27.550669207993014,11.77267651630772,1.9926921141665623
3317,1.0877366928898233,29.222169240929105,11.705412503107167,5.435284972476995
3318,1.0866680766065215,27.721691762766227,11.62925542755947,1.2241074465543667
3319,1.0824521449198288,29.4036083055342,11.561866713945577,2.042149234533736
3320,1.0845422292853906,27.908340810839782,11.536568496595892,2.2015032731661504
3321,1.0899141038998201,27.67172197670437,11.631614134766137,1.4747381148304322
3322,1.0877464102417371,27.3600499111566,11.57913187868696,1.5527305141616223
3323,1.0875872910524342,27.41858319577817,12.156459473129386,0.7076186190533313
3324,1.0827760046922303,30.545872083416707,11.917001119427587,7.248237436389568
3325,1.0832355137635727,29.747800147617266,12.07279422939657,1.936721257081201
3326,1.0846626899683258,28.998650836136623,12.213663783866812,1.2339166203263647
3327,1.0924796382959867,30.300303165599722,11.50656336205351,1.2119211314931146
3328,1.0878648387993803,28.681580029530227,11.970324543377929,1.366918523830642
3329,1.0793322671589227,29.706285474000985,11.956320894428652,3.1749553790734564
3330,1.0870126160598794,28.726337800655926,12.211325281239125,1.5796199156780046
3333,1.091116988733311,26.151734034014222,11.744466461014383,3.422427180719395
3334,1.0905157931497342,26.450184169661142,11.938536249505962,1.1080001580518295
3335,1.0915862321349092,24.759231662872267,12.257800870817293,3.5879888062656002
3336,1.0934020072869801,23.793039621423866,13.048598115000537,1.1674138675512378
3337,1.093199428696867,26.932331008077593,12.403936517525832,2.3369902657070063
3338,1.0957897158427425,27.179635519866103,11.102424359548522,1.1455914130515314
3339,1.0989657147448146,23.710695244729198,12.691091500673252,2.0311051495330887
3340,1.0933841432312572,25.022044267812984,12.265336697955373,1.5793865058500276
3341,1.091542797836298,25.860136972787377,12.417165480343094,1.0482349792444137
3342,1.092130483582232,24.274210665681963,12.161872700970171,1.5326184347038962
3343,1.0887704158700122,27.39649589361379,11.871418923762766,1.2064467039367088
3344,1.093186840251553,24.755674366026145,11.644953173326408,1.274170531138319
3345,1.086581301710597,26.788418425335376,12.084172176275478,3.847850508164767
3346,1.0965602301511421,23.86146727086488,12.70551387560983,1.0631553028166543
3347,1.0896237673826392,25.718643949698095,11.732449245637358,1.6359427126809933
3348,1.0911751383277593,22.62869261352466,12.799750541503732,1.3458222969373126
3349,1.0880213073716745,24.262977651524228,12.2498594433254,1.9359850245788028
3350,1.0846779684435424,26.180847565252105,12.808879598663664,3.985204784937408
3351,1.0988571295535396,22.700918468194658,11.963113672763003,1.9839542646398907
3352,1.0962943731770753,24.07747005625415,11.15859756307262,1.3742244532052754
3353,1.0955532799106684,24.137588086603277,12.674640183334517,2.013795564125344
3354,1.102243055474548,20.661784474819854,12.79855264475768,1.0597683614905042
3355,1.097440407026988,23.92925824624717,12.207801388903821,1.251598912067487
3356,1.0970671157692713,22.960218521948654,12.19521682285201,1.4723891384039578
3357,1.094939739827057,24.647214824614228,12.081357642648639,1.024890067012671
3358,1.1081613897170257,20.458631582526568,13.185647037492178,1.0055056794415116
3359,1.098149865480309,23.75102001785941,12.744339760165323,1.3334910981645667
3360,1.1049844165648357,25.19304134440178,11.136016506283791,1.4256833890360803
3361,1.106349518397329,22.720529952648747,12.122543558583219,0.9100835312312098
3362,1.102240393454674,23.852911591772486,11.80284879729247,1.416294660222277
3363,1.1183488904419243,26.478263221485612,13.294861686746316,1.4951182557348133
3400,1.1016693425444324,25.434044854367443,10.435400066631233,2.553256352863074
3401,1.0904995064024061,27.347075829955557,11.728211414413588,2.1114696100777777
3402,1.086966394460488,28.277124055232967,11.740760089443507,0.9691748064338365
3403,1.0898296045672142,26.349115781550157,11.274290529176938,0.981592209879755
3404,1.082704503705826,28.859661414422987,12.497068320758865,2.1527107977748576
3405,1.0933678927112258,26.11493321238784,11.020033352187415,1.680050784111993
3406,1.0885765423461589,26.953572290882153,11.477018800034184,1.3725035186652348
3407,1.0880184193109632,28.320290880085388,11.65926176826968,1.1199148193284414
3408,1.0921004942281494,26.152825317962648,10.993633412269046,2.059208004748163
3409,1.0822490870497352,29.904334601736885,12.10577725042174,0.8929693946665097
3410,1.0846130545506236,26.553830643090297,12.2614218098573,2.2776865870466887
3411,1.086907380700157,29.23000825970732,11.470371131673767,1.0430422821165504
3412,1.0811583521242873,27.61089398794154,11.530310884992815,1.1049392162154592
3413,1.086833960177058,27.436518690493905,12.028608823251421,1.1588486552119475
3414,1.0768738875830006,29.659022468742357,12.432349209104508,1.9894300681657648
3415,1.0830025129447487,28.037067890037207,11.899758206106448,1.4316078995385386
3416,1.0785468252941468,27.348271122020282,11.64552710423967,1.7779822946033772
3417,1.081556748415524,29.290925318594635,11.741199587490737,7.120763877899493
3418,1.0822184905772103,27.58768658694717,11.83140948737288,1.389898662246066
3419,1.0786236679679622,29.129946015321366,12.27372794716898,2.546981784467811
3420,1.0791825290586265,28.165083500400755,12.012993486769524,1.8739357952918578
3421,1.0859404955332692,27.766863322020303,12.265301022356768,0.9105252990864554
3422,1.0841095468948445,27.67349428816095,11.36040114435543,1.0690505111761803
3423,1.0852617969683425,27.411695068382315,12.052720983054387,1.1280904377101995
3424,1.0787348878987575,30.68567944912463,12.189896869447077,7.287331978297447
3425,1.0791649522974829,29.682082214330897,12.255247901365975,2.535550843202922
3426,1.0804959642448164,29.436819970201196,12.337224552124702,1.6263487497365359
3427,1.0872040368705245,30.141743465113993,11.735674593793222,1.4699702925789278
3428,1.0824226725500998,28.87127395886319,12.142487246632196,1.1624072403637788
3429,1.0761476812250823,29.72597593317582,12.192905307681661,2.960398621195244
3430,1.0832132668027734,28.51724789947839,12.37681391006986,1.1986618561937572
3433,1.0874371231862674,26.427603342991063,11.920152516368516,4.578590313538491
3434,1.0869418253985634,26.232868726386798,12.420640452451288,1.2619945164029693
3435,1.0867832648984646,25.217492733029964,12.536321513366575,4.3581718354038275
3436,1.0899766688595969,23.924889448749504,13.190416517548968,1.126774238439441
3437,1.0894177774298308,26.666610660981085,12.290520625376969,3.1874618143492333
3438,1.093154092068676,27.26922240994684,11.369055461752371,1.4836045085203717
3439,1.0940145331417348,23.85533019619277,12.96770956762368,1.5957373107733726
3440,1.090228836953298,24.826842706784266,12.469997567783917,1.2814368133306349
3441,1.089505417061988,25.470934710959202,12.805834763232621,1.1659553362472186
3442,1.0867379729523892,24.793233451984904,12.032521608340831,1.583601348589687
3443,1.0838402807756993,27.25969101911988,12.07590054815891,0.8998178587748568
3444,1.0898362959413874,24.611932774713036,12.163006090887638,1.1907579784020335
3445,1.0829074674126447,26.74389443742897,12.422259114427993,4.049486521962956
3446,1.091561674518402,24.258265423668806,12.498128554284495,1.331189586830181
3447,1.086503756566446,25.84512442025531,12.275503204819637,1.4101346787729814
3448,1.0875305015577463,22.698032771092226,12.459175796301864,1.9143721109088372
3449,1.0827686477766723,24.071229271248395,12.574989475698354,1.3876825854924382
3450,1.081869724007141,25.555423444835547,12.986254256567484,4.406369850272374
3451,1.0955316237122452,22.67894162021413,12.373087727140495,1.2692591700841918
3452,1.092990247877228,24.361654879132193,11.314327513040766,1.6255860923155754
3453,1.0912685763128471,24.019149397304687,13.109391158503993,1.6447027175047357
3454,1.0973288555041045,20.59287583379829,12.914181462667239,0.7884011511619744
3455,1.092172300586055,23.7185355969983,12.819297046011046,2.0573795778458965
3456,1.092499914431649,23.020177331458513,12.436156821985785,1.7005685891507423
3457,1.0914626288079259,24.814584450808983,12.27760570508388,1.8088626448449525
3458,1.1050909484576292,20.388868671978244,13.062816498859215,1.0938199697217466
3459,1.0958183197653046,24.11154717230856,12.812894750410125,0.9932136947521426
3460,1.0985936513249754,25.527369851482486,11.663152605543477,1.574190559901852
3461,1.102181636390021,23.007429699893137,12.209252903695386,0.9876689084599781
3462,1.0947873890936348,23.86427792786972,12.242282866692602,1.1585173148143633
3463,1.1139659818015974,26.70019648649896,12.526080943627399,1.2393340924533855
3500,1.1052234300248844,25.765844427161813,10.397420735043568,2.491226231121436
3501,1.0931740594082642,27.61229142753337,12.102824734365706,2.249120199809402
3502,1.0917681450132604,28.751884651141182,12.417284197680058,1.48995924283318
3503,1.094069677713625,27.01501969706401,11.238184535822494,1.3032573245590655
3504,1.0882559203364786,29.631368136306932,12.076034642611233,3.7171275745735266
3505,1.0954259069947359,26.43564173967855,11.054764904039084,1.565728980302258
3506,1.091679510331486,27.740981688847025,11.513442482020686,1.0906302362019236
3507,1.0913040130157752,28.850974493116833,11.981333394944532,0.9958065333331524
3508,1.0949867975751906,26.969274741731592,11.566734568381705,2.2745553790383926
3509,1.0856686178013797,30.49580956538853,12.770281308891287,1.2148708812561482
3510,1.0906774526917222,27.32163179565207,11.891699557218038,1.894100464108837
3511,1.089125447919386,30.253672842717293,12.042605491732827,0.9278533814843577
3512,1.0842303261903588,28.34817325868099,12.028881080119529,1.1575195106720255
3513,1.0876358975317093,28.387776291583357,12.170815695016296,1.3168869090234918
3514,1.0836633767974488,30.407030350639822,12.046537869703927,1.9134747432252759
3515,1.0854470638808762,28.868052996819742,11.765376326279803,1.1935390084944135
3516,1.0831416902547375,27.976676672548173,12.138607171607816,2.1421239335711904
3517,1.086509577267206,30.186386393680735,11.839460734125252,7.748508855472037
3518,1.0865464035248156,28.208272055104704,11.697262771047917,0.987838022997476
3519,1.080893923099631,30.489639652465236,12.068498013740198,1.9285515632416381
3520,1.084298418109712,29.052010215022715,12.062310352340223,2.240004003978767
3521,1.0882818843524686,28.623532705030524,12.170203413042074,1.706192295955776
3522,1.088614586234966,28.051377678598346,11.661119972092298,1.226505026976144
3523,1.0872456606356873,28.48010363855589,12.424972379550491,1.2228403006452646
3524,1.0832598050092537,30.98273606009405,12.674977704841828,7.7085065960764965
3525,1.0804580630990708,30.90629054757222,12.103045006034131,3.320561239157374
3526,1.0840519608121841,29.97478401087497,12.382837854839197,1.0078331588027523
3527,1.0919266921376578,31.387668621074933,11.674333318353922,1.115731604816851
3528,1.0875428958263407,29.335553669705796,12.082515236732107,1.1711349324535958
3529,1.0772080700226816,30.64184261085648,12.546652222423663,3.748630246215974
3530,1.0858225780262152,29.378693764025563,12.154903272906312,1.2873944902317926
3533,1.0920988186631289,27.262385035122904,12.226769651250073,2.932129370822526
3534,1.0891092277205168,26.570786943572344,12.323453216685346,1.4822999661284695
3535,1.0911243330328477,26.016061917882293,12.583564456714756,4.35673898635388
3536,1.094639736444142,24.730324846436822,13.350188869467122,1.0746664689656176
3537,1.0944516844702272,27.59842937730482,12.670826398785664,3.329158170400304
3538,1.096152565113838,27.926274295984054,11.435586626021042,1.318363972750449
3539,1.098772595999947,24.53971548793184,12.728812496534253,2.799982140509995
3540,1.0955878474404543,25.67901228685127,12.473355149782066,1.3789226417823355
3541,1.0916321328457368,26.428082505176658,12.71448726872246,1.0006858928245885
3542,1.0918425238307097,25.458783578692902,12.120749642287766,1.8214791299334576
3543,1.0864852489059762,28.165482694872452,12.429901804506537,1.1877476451854105
3544,1.0944415003155845,25.77659831341677,11.999611552400458,0.8185204589869924
3545,1.0881278156461582,27.379538512899966,12.582357310766803,4.95150974742648
3546,1.0948123505846155,25.326635020084893,13.195336310766162,1.4573387582976773
3547,1.0896890133012624,26.37042002348678,12.40366544845834,1.4394496147587796
3548,1.0895726876554945,23.64313696726174,13.187645947925686,1.8561970077140502
3549,1.0875360506492207,25.086856619845452,13.176431072717085,1.196477983325623
3550,1.0865240477199323,26.63515646721855,13.13910464292808,5.68685635313029
3551,1.0964495440489872,23.714443817268574,12.594977501595448,1.4248696518217079
3552,1.0953128406978696,24.687568528998234,11.878368753440919,1.082719068074873
3553,1.0942884695165531,24.676640423329644,12.910508000644395,3.7388166329438888
3554,1.1022550112224485,21.514530874750974,12.941926779328396,1.4304522195908387
3555,1.095903236336745,24.57001270260306,12.40604589254449,1.1402479233319618
3556,1.0982152888103416,23.68755659915421,12.22604186670617,1.5842786996699227
3557,1.0952698640939773,25.339084218363467,12.479396385800023,1.237723381781599
3558,1.1099999444446689,21.141290351954602,13.295344628624978,1.137157789334859
3559,1.0991623904001184,24.31058891248955,12.94628643073985,1.0881949736047825
3560,1.103954945626579,26.159004351711392,11.075700675178897,1.4421870189883974
3561,1.1046538736915394,23.63828806110553,12.67349185490504,1.1500528105058303
3562,1.1029631817862928,23.87659915037041,12.066248559649091,0.9166476295105288
3563,1.1202658459318855,26.187689661053643,12.581424427136017,1.129411475997775
3600,1.104884389284045,26.410457862950413,10.610887651492376,2.3852472312401543
3601,1.0929909277330319,27.87037468846686,11.517742312008798,2.1031432024362533
3602,1.0879559274008663,28.814296193181026,12.403495085331652,1.2113365780171117
3603,1.0918076992685801,26.800051262292506,11.292811084084985,1.3079734608330786
3604,1.0859858769380004,29.20837410143621,11.908934176823,2.3814012933055433
3605,1.0938100952714993,26.391244875283327,10.752078289817408,1.0146205672656066
3606,1.0897564640978894,27.506866557069102,11.21401384532905,1.0111519142139458
3607,1.0898663461859335,28.58402793883969,11.604829575703631,0.990827184355409
3608,1.0947740619052526,26.466870642953673,11.28833214400836,2.0224040694128096
3609,1.0839726048214529,30.16923914037951,12.407827594035727,1.0760419271829107
3610,1.0867951808224623,26.853414039490847,12.236343735584702,1.4844875623320428
3611,1.0860374268590138,29.764112320938704,11.76063345143768,1.0710297167214162
3612,1.0830508103313317,28.355919059385215,11.73337594884847,0.8755804758495513
3613,1.0864156485190288,27.739881927361097,12.181743627112903,0.8543361856293885
3614,1.079473607861654,30.453854738739164,11.979393039033239,1.2024723391758767
3615,1.0841734714879339,28.478323629713824,11.565226989414382,0.9384029515550338
3616,1.0820116554791048,27.984503384092744,11.718913113072624,1.7503481118479884
3617,1.0856085372293194,29.60247660334632,11.316297168986553,7.033467307459558
3618,1.0831991651503072,28.473854541085128,11.747669946596636,1.092809699703746
3619,1.0793089906202427,29.873045794194578,12.242203597191802,1.4331991875353756
3620,1.0820633175262628,28.262781867421015,11.877252501475926,1.9079142628111623
3621,1.088001896376139,27.92651937810959,12.03329433354745,1.8063168880487985
3622,1.0876152889329176,27.358962571206224,11.29747386223863,1.0500806249035999
3623,1.0851207455104468,27.8852596762803,12.63815018563688,0.7320604545911966
3624,1.0809171533634163,30.89263131474053,11.714599857392725,7.294247817989785
3625,1.0795217638469277,30.340331879242257,11.689361759422884,2.811183115006352
3626,1.0813261143221518,29.28195183116659,12.591641199292456,0.9477878205097736
3627,1.087917509432375,30.995344092520742,11.263913691116748,1.2285786140968542
3628,1.084273773489352,29.163399529409723,12.049350678154767,1.1987395227498268
3629,1.0746213049236326,29.99712568709034,12.105321450745473,1.8172665695932941
3630,1.085267139841321,29.185875250801278,12.434671111762544,0.9480464491937223
3633,1.088904720832216,26.55727232709076,11.805277633663396,3.5121004751809966
3634,1.0854889245945216,26.609711177992903,12.135232385114346,1.3704359536730528
3635,1.0876263456240638,25.795341833804528,12.66295601310204,2.7427412347529243
3636,1.0911273568129916,24.416379224260332,13.31489289955582,1.1401318232768476
3637,1.0898214588414559,27.42681200395888,12.506107142168212,2.7558985735931762
3638,1.0932378934076643,27.48667303149047,11.405180472238019,1.3422768194378651
3639,1.0946196430247055,24.3115805124171,12.772896911958147,1.5628765347248887
3640,1.0931509983732826,25.254194152275048,12.485003812858828,1.2952508611519857
3641,1.0891201652795146,25.775371574096624,13.222552478020342,0.8177163369576864
3642,1.0892981090468177,24.738157262998428,12.055070344012677,1.7257373295827618
3643,1.0877830296246118,27.554555134947464,12.185549818959068,1.1029824508073245
3644,1.0894858978676873,25.43211839703116,11.728407787799565,1.026537775897785
3645,1.0831279032900316,27.351233816124964,11.972722174343282,2.5075916729380676
3646,1.094585460760744,24.73180770652764,12.718063352722776,1.3717361567241104
3647,1.0869189235712724,26.204688116916326,12.317274625135706,1.7122985568291864
3648,1.0894736086895063,22.591270880762792,13.05612338699579,1.3987056179124657
3649,1.0825907028666297,24.96076533909639,13.230855579505032,1.3753232932512387
3650,1.084754014293236,25.862666327198024,12.925115352102022,4.592511896126572
3651,1.0948837657074273,23.45855398004762,12.374368746344826,1.2708777048871196
3652,1.093987746360842,24.208409692445525,11.445387829497585,0.9931897306311613
3653,1.0936136252113748,24.39162278925242,12.681691264470153,2.261697345041675
3654,1.0991539743657341,20.912923037919107,12.81340343799181,1.1567743954854472
3655,1.0945215292756891,24.142259599441605,12.610088138105471,1.564004820882357
3656,1.0944290118270346,23.39939235129383,12.19465139264372,1.9611970171165964
3657,1.0917988763178557,25.10635601863678,12.360694528907166,1.5361664809649236
3658,1.1067358624942527,21.001740776921793,13.111762157729398,1.2301919615770254
3659,1.0948219503692882,24.937602673713524,12.83222406446768,1.1425056944875893
3660,1.1014509093845353,25.982296923457326,11.169773836632018,1.4281989319688062
3661,1.1019497856515883,23.685347573098642,12.121056032908225,1.020929701057722
3662,1.0970052211086168,24.430953781005858,12.17232318168974,1.1289456791044423
3663,1.1146938420033816,27.53636235925591,12.589208470331062,1.5769753539041973
3700,1.10850990454172,23.38694648943328,10.38002713442074,2.7865814035422343
3701,1.0965690401351218,25.691912899717703,11.904677537725282,1.4069831672823592
3702,1.0934789291531704,26.527024346873155,12.484878467235028,1.7710417239012937
3703,1.0978257404390233,24.63865693649374,11.892357183132265,1.286269518656192
3704,1.0907174092200556,27.29070249958913,12.26175427225441,4.609302738108225
3705,1.0988930291541752,24.573490658410915,11.063550702242942,0.9927572505800758
3706,1.0952859918616071,25.487992874984176,11.588901290372464,1.4259893511579644
3707,1.0936709113487266,26.75677804521613,12.027872059791495,1.1016849293188578
3708,1.0952939926997676,24.899399254254288,11.740634885322283,1.755405512619905
3709,1.090459805726777,28.12466801424569,12.282975196702575,0.8866123370303708
3710,1.0928270008109213,25.3770172885075,12.374327545204197,1.85051933457454
3711,1.0924067124566272,27.970340322727235,12.45576148724764,1.4824869357848343
3712,1.0877604129983347,25.97052352253213,11.757779974123418,1.250374433040132
3713,1.0923689464689252,26.187443022686672,12.154874816597806,1.3211694626866157
3714,1.0847022216979056,28.036669521740126,12.374385826639482,1.8627056696808104
3715,1.0894806841321185,26.69111314601114,11.464408478577061,1.3952575733371804
3716,1.0857371336069583,25.92411194813147,12.211302434520343,2.2899010596014806
3717,1.0884540420983462,27.85308172853817,11.934726919781745,7.59833934418906
3718,1.0878145906914105,26.10224005587223,11.633225781073628,1.2856779763476618
3719,1.0854009354258458,27.613598497411203,12.42178484178977,2.8728726463453635
3720,1.0868760375306388,26.50320253585619,11.730612954973429,2.955913126225244
3721,1.0946646491791918,26.066674649686256,12.174715347633033,2.5805073745262095
3722,1.0912637216553032,25.530008113896102,11.726174872357838,1.607500143327296
3723,1.0919148084854056,25.82737698023164,12.321463412827983,1.0108706870165463
3724,1.085902382984003,28.98397982014922,12.01702258326024,7.656053510708546
3725,1.0835221307976113,28.233607531037563,12.641649633441066,3.9506393574644028
3726,1.0871888480103649,27.66878927187399,12.486205615468766,1.0611866913277503
3727,1.0931369602808774,28.979491526699388,11.535213003541768,0.7638664142302357
3728,1.088862120908196,26.9021831276276,12.139780679980086,0.8684738740511618
3729,1.0801761202821345,28.182883945258048,12.274511013693337,4.326821405806179
3730,1.089575190107512,27.082174877552674,12.506616791236622,1.5388568885211327
3733,1.0955745212753991,24.697680265005843,11.757872462588413,4.075852943666442
3734,1.091817778676726,24.382596707858138,13.043117372843733,1.3941593101959793
3735,1.0939572260118164,23.31700046168573,12.907225917656813,3.2010325808608076
3736,1.0962470820642298,22.36782779723687,13.260018283686787,1.087634264675737
3737,1.0957642847985016,25.538531400547615,12.774148648883106,2.991216742654762
3738,1.0979084509704498,25.419057925172332,11.48649526148439,1.1225702913490923
3739,1.0993984174864135,22.624776908516964,12.925682657861595,2.398742044027882
3740,1.0951275526702275,23.921362902817087,12.331049105631626,1.0750059784883659
3741,1.092896937016384,24.34985337465181,12.450403938018004,1.1367884474778691
3742,1.0945549568789945,23.149797338127986,11.96743972082952,1.8872789828928458
3743,1.089185024461662,25.78041051469451,12.167429435323623,1.3021413940241615
3744,1.0947941939322825,23.41843649779434,12.13968138634181,1.6618766657274577
3745,1.0888354381470555,24.669992837486582,12.893288823238528,6.760751204729399
3746,1.0975730389338385,23.151967337882038,12.932818848025576,1.7752696194334323
3747,1.0932794403442936,24.372281228501517,12.033289753719405,1.1503022715601119
3748,1.0932302877240154,21.377868250983436,12.705025054952891,1.2532312444969855
3749,1.0897194723056407,22.882160330580547,12.911318340356193,1.3304055553543608
3750,1.089389448221752,24.258966323350343,12.911247303272043,6.862511871297407
3751,1.0993632953671744,21.46157837474329,12.775204129723896,2.34812703339567
3752,1.099800064019253,22.38905855492593,11.628813698874065,1.217469188639191
3753,1.0984086550548073,22.693886833720825,12.70776504478575,1.976342797586932
3754,1.105328563224487,18.830710794258007,12.867823850497633,1.2418956877947058
3755,1.0996560659906922,22.777554342367484,12.261224931420205,1.340876104388829
3756,1.0992549358420225,21.350841943130504,12.36118665026651,1.3183349899191974
3757,1.095642710889319,23.47367645126918,12.558838416660905,1.1994259256374473
3758,1.1112828441472336,18.969335129651952,13.581364295390246,1.2940840169499073
3759,1.1015329463370587,22.623652656877262,12.75200001354559,1.086621675508222
3760,1.106599067075594,23.497202113782052,11.070791325154527,1.4082171761490994
3761,1.1060712718089298,21.111601845975212,12.319573916389254,1.0778888536690958
3762,1.1036487279370064,21.54970913290191,11.98850990393493,1.3118786487992158
3763,1.1223577041551331,24.008985956574932,12.583533630712356,1.0985051663001841
3800,1.1033546991666412,24.639781127751018,10.81491380838423,3.3332240247624036
3801,1.089928386872821,27.04762898783801,11.767789407069708,1.907022685509088
3802,1.086646220792949,28.241141300644138,11.821884160533093,0.9964271822161156
3803,1.090265920902477,25.494199900116282,11.432459001075845,1.195911634066221
3804,1.0826821986481174,28.206688208731133,11.97605329179415,2.1602974477537464
3805,1.0938368428710405,25.5338699286072,10.331081233599969,1.388131824234908
3806,1.0879771110540226,26.466421071127176,11.079715529736102,1.0548540391580608
3807,1.0874930248952357,28.073010265327035,11.758241820554353,1.4742228737952403
3808,1.0920635796558733,25.541624042664807,11.125774426362641,1.4454664996516149
3809,1.0817156169825468,29.13105878320937,12.512731653620573,1.5432415013403358
3810,1.08554599958864,26.284887199135277,11.78199457956877,1.7397409685532546
3811,1.0857507513683453,28.302830331409606,11.870078299972185,1.3379578755195132
3812,1.0824193052070266,27.063216958944945,11.207804423688854,1.212435726807563
3813,1.083964535842591,26.64643461252096,12.302039939404048,1.1762671077497757
3814,1.0781330511858709,28.843015101039462,11.696913950386623,1.579389414185553
3815,1.0833862208783869,27.733650539072077,11.46768499903451,1.097395136051362
3816,1.080287096354788,26.835167640425222,11.681896064471445,2.3142521227500685
3817,1.0837682100075587,28.89125084134035,11.21194359796104,6.439166004950872
3818,1.0831906064849481,27.346614612126015,11.157013331411116,1.1634190823043429
3819,1.0791493057602703,28.864347397672944,11.686070210120972,2.0870001734687476
3820,1.0785349395528576,27.602998676523484,11.615086305233454,1.789472727662266
3821,1.0850857857511726,27.093841012018487,11.96535725249878,2.40882432163285
3822,1.084049707220943,26.707901749948057,11.255744042577165,1.2046464473655292
3823,1.0844744324989117,26.950410999139613,11.90442011933952,0.8370975740052043
3824,1.0786013106957344,30.08065633987924,11.756152775905568,7.1895584523528555
3825,1.0766268381817208,28.926626090308723,12.342564233671983,3.1021083326091303
3826,1.0789873574191826,28.48455608319036,12.385974008065592,1.2474065294583327
3827,1.083925700306644,30.01205641024207,11.491859475364281,1.595498702472273
3828,1.081190068486357,27.91257942634898,12.315381949358628,0.6813639415441312
3829,1.0753936032479607,29.055305398245306,11.683516234713627,3.5090211642244946
3830,1.0824191140684671,27.92434257746005,12.202327197717832,1.532222058206969
3833,1.0859718098045323,25.225085065580597,12.105181186419209,3.366059900536966
3834,1.0835427091090515,25.875316918357356,11.797366133331519,0.8523420279404567
3835,1.086209100825075,24.36763145721324,12.485676342909395,3.104341079230063
3836,1.088367725892711,22.81694401789495,13.359947092965928,1.4762304109207927
3837,1.0883361433206193,25.890144657275897,12.672747376068452,2.089696947712554
3838,1.0908334910956121,26.660257493857443,11.272963648682495,1.5217272514804137
3839,1.0923667707760631,23.095537095028035,12.918240661985587,2.1067842634618628
3840,1.0885928825422582,24.555560624804173,12.429005828992432,0.9775515830151362
3841,1.0859661257682078,25.041596468682545,12.667245116224615,1.0806871930381037
3842,1.0874586451742185,23.816893462960135,11.871382700300815,1.3938826389317276
3843,1.084486423658053,26.16446267019978,11.999319365514417,0.99641225520211
3844,1.0880198086856037,24.48764960681441,11.60690456688942,1.0334397798292594
3845,1.0820949748662037,26.305009334729206,11.973959212666522,4.576729805794885
3846,1.0914737734169195,23.655527341874127,12.807276281524539,1.0165753047974886
3847,1.0866654215383251,25.31862003527216,11.898050188032446,0.8995867999946663
3848,1.0868520707433569,21.919345534273692,12.565694036652665,1.584706556535013
3849,1.081213988619783,23.960428034157232,12.523443782950904,1.5198863348411604
3850,1.0829410513752167,25.16926475883591,13.078434477463476,3.426779973495716
3851,1.0932414219323232,21.873630831832386,12.71470046099145,1.621988282913413
3852,1.0909112229058242,23.425808657956075,11.642487537236915,0.99330659655607
3853,1.0921929610098144,23.541814087841903,12.54217821583749,2.0370585340821603
3854,1.0979540914051933,20.134333201990955,12.645012138250175,1.012237206707888
3855,1.0929128551437681,22.957303075764234,12.40414473636931,0.8408014838151553
3856,1.092310778562129,22.580954498794835,11.980707299384559,1.8754617569675869
3857,1.089710862587041,24.401216918402312,12.520410995354329,1.322048576745213
3858,1.1053145576505206,19.903781096076898,12.972506237446614,1.739837224092748
3859,1.0953720464853869,23.47827719247092,12.406336036699004,1.074042224315022
3860,1.1004164888364403,24.54553267494059,10.633302111044657,1.3644696593472878
3861,1.0990269575846254,22.49194016769657,12.155261461008577,1.102065922944975
3862,1.096799684636428,22.65109423554637,11.751810878859672,1.053588707416006
3863,1.1141794360040087,25.892099831982588,12.783426938660199,1.2249281985832678
3900,1.1007936812499006,25.814135818440324,10.211355176346618,2.6186109481669306
3901,1.087805340322114,27.626866923382778,11.339866854566795,2.4917758400386707
3902,1.0798941260474557,29.108511741341154,12.449391916533878,0.9691867137319082
3903,1.0857805058380021,26.457749050017114,11.100943292167125,1.034263073092464
3904,1.0794260973613508,28.9301486337848,11.868868837542069,2.574288104890605
3905,1.0879794993571106,26.278782979257883,10.903531954480018,1.1602498064669924
3906,1.084742532861788,27.35200606788346,11.292084938787392,1.1218963441883194
3907,1.0816933543716876,28.731844141973937,12.1015071854933,0.8426103101665338
3908,1.0884574558645308,26.557454856713743,10.986521754307812,1.9008370763496336
3909,1.0778527695023137,29.924856974874327,12.14126105850757,1.0499548089103268
3910,1.0835064809529107,26.577888700388623,11.718434633584618,2.411502041677138
3911,1.0810606411294381,29.681780669099865,11.666824930823086,1.0789142073721139
3912,1.0763713438324887,28.1853318527234,11.46566072358462,0.9250978003656196
3913,1.0802305348024956,28.057121873425864,12.411459947705529,1.2027395911198235
3914,1.0725929279531368,29.822676741110996,12.141099751648413,1.7245430818836374
3915,1.077893252377873,28.397028460935662,11.576454981686265,1.131632055844298
3916,1.0746152821411736,27.724100531024707,11.576690350198717,1.9607389433775562
3917,1.0772681962946464,29.566638273903358,11.52586875116342,7.145214173954155
3918,1.0768223625342113,28.098212805940115,11.324602055956532,0.8114799855604884
3919,1.0728299491019788,29.77844433667437,12.147741274987508,1.677215178478263
3920,1.0753360724590577,28.293214630807903,11.71484850838984,3.379235990494151
3921,1.0809226362450362,28.073369579338213,11.673635384992858,1.5037864006874135
3922,1.078693381689357,27.60403048162246,11.365500584350315,1.3897084399482407
3923,1.0785458913246497,27.64439889260819,11.823575869217027,1.3496346599023454
3924,1.0742395802358826,30.711581500211786,11.855122520296835,5.618669125896965
3925,1.071750479834366,30.206324951733844,12.114451225814383,2.138282901350275
3926,1.073866587211372,29.404437669052825,12.109495828465539,1.1284507678796505
3927,1.0805594501264273,30.99527791242618,11.6127079832268,0.9548600428422507
3928,1.07765632279132,28.752208834617665,11.665053239121272,0.9819592896103183
3929,1.0698584903514357,29.700341073049124,12.041267981704024,3.261073683964231
3930,1.078794242667708,28.910711954989342,11.634538276474135,1.6152848542873846
3933,1.081704107684582,26.4095728482253,11.371880566120065,4.165117509299298
3934,1.081017192317484,26.166249798155565,12.112815565062732,1.2171441893877681
3935,1.0823726131601954,25.289379451336405,12.062292286639984,3.6815386963531846
3936,1.081924117502024,24.420543515091115,12.998162650364076,1.4237790319280625
3937,1.0834425844079396,27.156228810349933,11.916759837258025,2.8541251513484207
3938,1.087111498820524,27.36439081878578,11.20081599106399,1.5642182854948476
3939,1.0867746279234407,24.0028153267629,12.789462649415308,2.392363554351781
3940,1.0846604368293427,25.43436974867163,12.183418065220756,1.3512528891085436
3941,1.0832264396971014,25.731385589620203,12.766091724197214,0.8949354947341378
3942,1.0837464898402271,25.003454463285536,11.678724791439397,1.7327574285588703
3943,1.0789854708466677,27.522052607765342,11.872523140153747,1.3130723548759176
3944,1.083708125244187,25.24455854712782,12.149947379341958,1.1662746924760417
3945,1.0789937341919433,26.788996238059706,12.17663099069574,4.366431841557136
3946,1.087159717241303,24.493039198882858,12.31916356139982,1.200426112856301
3947,1.0820120723564055,26.21124192848475,11.666470991785223,1.1762986298571019
3948,1.0828771186119246,22.540897798137653,12.75512973601362,1.2054267571985815
3949,1.0790682191304546,24.57018835766594,12.514855207821777,0.881376125191178
3950,1.0773094310435296,26.357068583809244,12.765260220009388,3.555843382306505
3951,1.0900869053588427,23.082711816415916,12.110963851707401,1.7263426939292443
3952,1.0880718788152328,24.573601459746186,11.125187381594037,0.9562584555622984
3953,1.0868399964720477,24.0545112223599,12.570535290126669,3.021142914717716
3954,1.093085301000209,20.901263269389677,12.547848009025433,1.2002086707173996
3955,1.091192460261357,23.905189293272084,12.22034486031571,1.2700159814987504
3956,1.0887419115548251,23.632559428080917,11.638392722595217,1.525967840887554
3957,1.0870393290770222,24.851475035936613,12.180877109820377,1.458370267782967
3958,1.099756901449747,20.857775780578677,13.231708872227658,1.258297470004199
3959,1.0888619129411798,24.352568698043854,12.67231392372297,0.8977506663551659
3960,1.096317386010406,25.234362343119404,10.972103632050885,1.5108319010240852
3961,1.0964568668891248,23.46087367838575,12.282060694655586,0.8840839786506874
3962,1.0942163339367323,23.41717314498695,11.826806528542072,1.1356107494328995
3963,1.113291467005275,26.801478437941718,12.357538160066614,1.2225573735998316
4000,1.0993361417656118,28.991312350990295,10.722740205660166,2.595599596779906
4001,1.085585871515018,30.95005894689819,12.122654661105145,1.6482299014577215
4002,1.081481700536055,31.929050630221752,12.075388258087258,1.1144921435852213
4003,1.085661066066443,29.45174461132967,11.075049321609658,1.0899690695901474
4004,1.0779596359893262,32.03326088951694,12.303881937901647,2.604827466093529
4005,1.0877406671406098,29.178733490320244,10.817758542809285,1.242017108341124
4006,1.0833520400395455,30.59621924003231,11.390763300453758,1.3254507944696725
4007,1.0830580573906667,31.849636220252474,11.467739993574732,0.7276645982765949
4008,1.0875772982790655,29.74104900054239,10.804601747582067,2.074069977704823
4009,1.0777240978802856,32.73801099917864,12.465489473594564,1.1519107547105574
4010,1.0790313885648182,30.279848495911196,11.77830248013503,1.298310145857513
4011,1.081968751286927,32.723515916703526,11.980136267238152,1.21970265249101
4012,1.076859786870203,31.2163242220778,11.52178237333417,0.9062526095721962
4013,1.0813662364481667,30.9759642686378,11.737556587780936,0.8415388035809773
4014,1.073304622819463,33.00056600088126,12.00594785723805,1.4690228394969003
4015,1.0786966529779145,31.458923082499453,12.093351409185724,1.5340226149487657
4016,1.0751514272632472,30.876272553323602,11.68520223250858,2.207609645262671
4017,1.0765408267458578,32.92489467413484,11.468229475645243,5.618058035872692
4018,1.0762868598492832,31.301577108789193,11.517719935438782,1.4056168157949749
4019,1.0728168341775375,33.12468006081268,12.006256842267403,1.6827821022313079
4020,1.0733706443774085,31.650511003706423,11.972125240742693,2.1019907668180418
4021,1.0805081481072059,31.22723632765635,11.708172683689028,1.222714866795301
4022,1.0798012724992252,30.718695460058164,10.908649299154511,1.1950360682722445
4023,1.077095284797443,31.008703702798275,11.896634745962821,1.1225251360824753
4024,1.0732272862724483,33.65207238722754,11.820123944018247,7.635453487235526
4025,1.0712625731253687,33.111587038367624,12.359967313291403,2.2537295535222834
4026,1.0746783182388033,32.15228176491958,12.273340394004286,0.7919780373293863
4027,1.0779822365639926,33.983862076128865,11.452828829084948,1.406044323563323
4028,1.075858984660512,31.948949197850755,12.201069465208345,0.776746180103572
4029,1.0683293459224341,32.999697510099715,12.209014525986387,2.4931047529209627
4030,1.0749872415412838,31.639566468981506,11.995099970632626,1.0445983545653934
4033,1.0822223845042183,29.52623548471347,11.629120199344621,2.6734393844335274
4034,1.0782480854746366,29.721298717881005,11.793608798732869,1.3739340505883078
4035,1.0813135568424035,27.80636427217083,12.542655799799386,4.001772517931908
4036,1.0840666310492446,26.88365256062918,13.320892994798987,1.4580846753498222
4037,1.0827218868087496,30.006046795352916,12.294762792050735,3.021640521701332
4038,1.087464238358577,30.24014436850398,10.97950920330298,1.3312877390441047
4039,1.0885405426553323,26.987631319206223,12.497045865926037,1.7706818741074222
4040,1.0846921117334993,28.279364672440455,12.24664238192782,0.9202669203415843
4041,1.0833911858579932,29.25378034906663,12.42752955467535,1.0378265012360817
4042,1.0828706649729765,27.921554417974157,11.723091363945734,0.9418762065967557
4043,1.0772148112614732,30.62048091671709,12.077787919947044,1.0628133608318198
4044,1.0838333864813356,28.3833248885446,11.97521346082685,0.9768024556899486
4045,1.0780548392005196,29.982465639675244,11.80692259983978,4.691005567908955
4046,1.086599728457263,27.603975873544826,12.94715036486267,1.111716983454832
4047,1.0823027354815957,29.30801948376701,11.569271576647532,1.0205325921392963
4048,1.0804343865823651,25.92445149503925,13.224197815109902,0.9827833155639927
4049,1.078745921499578,27.57727400690092,13.131228309625286,1.6051229075636535
4050,1.0766494367841073,29.352074724574567,12.736100667239189,3.5035327687556106
4051,1.0883715023468155,26.43398975812993,12.502921465164395,1.5946000334597545
4052,1.0870546378685646,27.348200333765703,11.708394322271813,1.1066691232797667
4053,1.0862098246478937,27.678455231727323,12.535301992727575,1.8139063826682802
4054,1.0937999830320364,23.8750691736757,12.27630672971714,0.9261230314865593
4055,1.0895214169631622,26.851844036233857,11.997477920900307,1.3505050009011004
4056,1.0899279866566325,26.429693948043905,12.16833290936167,1.4148044186322184
4057,1.0864533427407426,28.23595587670061,12.118584851200577,1.7619453874844997
4058,1.099552313200848,23.586027699029575,13.099265306722682,1.0619404495590357
4059,1.088851676288372,27.389483451532314,12.918422473627214,1.0903154364880898
4060,1.0958435354530136,28.589237683957023,10.971393128004307,1.5716910037313871
4061,1.0967147322303166,26.6092482764659,12.179486560712808,1.125887122273988
4062,1.094726934855252,26.797403490834697,11.602581541680477,1.1519911723106182
4063,1.1107984218082723,29.939890625413227,12.762256363879784,1.5905853999295856
4100,1.1076081833488678,25.672880942291826,10.26438555766556,2.9348604739319275
4101,1.0941617620250164,27.962296121193823,11.682538529895254,1.8805965082320826
4102,1.0934661708818656,27.96283474413308,11.962419979163956,1.3358745445373572
4103,1.0953950421304308,26.109823207225055,11.021999120645521,1.0503998876640015
4104,1.086678432633406,28.994498375503266,12.078388434227577,3.1476669566178668
4105,1.0966850972275426,25.901286861035732,10.32380761036071,1.2426036119942327
4106,1.0930992651447307,27.022406275407924,10.816329373939904,0.7777351987116071
4107,1.0899435604563772,28.45893155222412,11.68398862536998,1.0854975943774061
4108,1.0969187072100277,26.473805532812612,10.396461121321666,1.621030162557381
4109,1.0872560460290701,29.676756846913655,11.89376279660228,1.0067004028614468
4110,1.0893821600750653,26.81054056619706,11.315779968282397,1.580761422442046
4111,1.08910036448908,29.41708437708933,11.864462837920039,1.159420713378274
4112,1.0870790606578797,27.50861302627339,11.53203302564118,1.098578432770541
4113,1.091219430655374,27.633493097011737,12.251231120960007,1.1862706012565798
4114,1.0825419173706237,30.021387293043457,11.57400978025434,2.022521280278524
4115,1.0855944172128,28.064513770418557,11.612817959945488,0.8096498713832911
4116,1.0819325933128048,27.64129657135596,11.615113494427387,2.352247526796248
4117,1.0860640743355319,29.722900772287495,11.523278576649934,7.634473973387964
4118,1.0848316256427017,27.96226765474891,11.384088249326865,1.18864748160886
4119,1.0820681381883197,29.664158411201022,11.72150010952483,1.9853311021456743
4120,1.0841830367565821,28.109995103332114,11.3057945493481,2.7115991603431246
4121,1.0900645579620885,27.449540584012123,11.509894249068594,1.7031522353094537
4122,1.0858575047018266,27.525854682217467,11.30287596971461,1.2100682740871438
4123,1.0861689383849666,27.628183071998947,11.706063431269492,1.0869469196261257
4124,1.0821369175000148,30.422038378935557,11.57491722067743,6.914574165505362
4125,1.0777246017695674,30.204005794759397,11.71222023810581,2.4885513652526674
4126,1.0819427497745888,29.071367897279288,12.084405129904173,1.298343306741245
4127,1.087937508233429,30.635664496758984,11.225613573805928,1.2824097956685794
4128,1.0845102390943393,28.83067953968597,11.705551472824222,0.8702417203237047
4129,1.074585490240328,29.71003920753511,11.974420971155196,2.9696203611572884
4130,1.0848337471837322,28.716840424657143,11.7705307409514,1.3742060660322435
4133,1.08877553107585,26.298462608939435,11.15357961278963,4.009123454350719
4134,1.0869261828577894,26.13935690691271,12.161452795326325,1.268493945610235
4135,1.0886823178233098,24.952631444903094,12.381106439974559,3.687904510627874
4136,1.0904175162788836,24.038908520911548,13.182154388792359,1.4709631598105493
4137,1.0904441433578766,27.088707156088745,12.490611765264275,3.3068209342409203
4138,1.096640004678671,26.50789732345563,11.324300229769683,1.2497011167180787
4139,1.0980924978356745,23.925818615586735,12.291727055423918,2.139186591319445
4140,1.0953586707885417,24.987188089030177,11.829294814776667,1.2773826217497195
4141,1.0914504661632762,25.55879893457596,12.477453492397686,1.1979391185159087
4142,1.0903270812870818,24.739729253601524,11.664948389709147,1.8355775859096122
4143,1.0861878740659827,27.254624134656567,12.086713260762942,1.1738315105185684
4144,1.0952829592096864,24.84099925412816,11.34420893262595,1.4591842303157805
4145,1.0892779228677638,26.821694559277343,11.788834068916257,3.8960977667357635
4146,1.0941708022358478,24.934593864287123,12.341260489491672,1.2487234495866992
4147,1.0904135303198026,25.804111712329004,11.969411143348971,1.846590622566744
4148,1.0895941848784925,22.74284258602015,12.98408610623923,1.0841439462946099
4149,1.0869446391268471,24.827197693607786,12.131189322390572,1.5666972296343082
4150,1.0866791273520795,26.154268627893842,12.333962586052726,3.2303524470883604
4151,1.0981479345279328,23.198679629086406,11.886987728050203,1.7065180487362386
4152,1.0963119983638667,24.290212367938192,11.392170561306989,1.3443955269017616
4153,1.0988238641871255,24.091349068036735,12.269040897704775,2.453700998250546
4154,1.1026999377553788,20.922478694430072,12.602822094118437,1.218379028636976
4155,1.0976042080876645,24.117591690836175,12.222567416805301,1.2347326035037958
4156,1.096322734286746,23.543414901505482,12.216149618655374,1.1166130013745028
4157,1.0955751007508152,25.18249853025819,11.623542755776695,1.1910677003979029
4158,1.109099601297459,20.644056340570295,13.015565937120485,1.3036440086746595
4159,1.0985139654112166,24.256129650642347,12.691050235808616,1.1886302341218187
4160,1.1056839761649166,25.26556053555949,10.590358577036353,0.9813342618620299
4161,1.1064137943994066,23.284530133251547,11.731086901939255,1.2229146667339232
4162,1.1019434157783288,23.974110711208098,11.47313606065981,1.2068150382470175
4163,1.1215262069720464,26.68249128305876,12.160782354023063,1.0418560133402788
4200,1.1113751793311915,24.312642548694818,9.91759273497063,3.056921878414842
4201,1.0975280648141468,26.443180081933455,11.636944032482685,1.9771668124030886
4202,1.0953152121974545,27.239524463154666,12.460633187704904,1.2061518602169092
4203,1.0986749048531788,25.334501573206932,11.214701532570782,1.5363702582726504
4204,1.0905292456909237,28.03831944750629,11.694861636732377,2.6825793812147163
4205,1.1005110682100556,25.315522712196916,10.612881626178826,0.9960168272947343
4206,1.0966857816520599,26.535764671926618,11.403297267430089,1.1075353997670254
4207,1.094628737371887,28.086392167982698,11.454859877143125,1.234034654859013
4208,1.0975944000465714,25.698380100298255,11.140056006113308,2.266689788279848
4209,1.0903259940057661,29.24233352079734,12.164742539830835,1.2142581713062799
4210,1.0926557033719222,25.875626631094615,11.946010153893214,1.7956811189117825
4211,1.0906471809788962,28.927398516068546,11.730152954275743,1.4944447227680209
4212,1.0897606897873713,27.225218156750255,11.3411736984382,1.0992319298918725
4213,1.0919419354567985,27.077370878050722,12.24573616254971,0.8584736190236405
4214,1.0846909743359958,29.136576066820428,11.718317360208303,2.479609003010799
4215,1.088128554314924,27.74447146902871,11.607758280339436,1.4890253865060277
4216,1.0855594887491187,27.028435971092758,11.738491544281302,2.3075270213228225
4217,1.0887918841934578,28.790513540645474,11.907413485434144,8.525607647553981
4218,1.0870373313897226,27.377573176081583,11.273777473128273,1.247365155573721
4219,1.083768599130714,28.87481995624272,11.930862574202136,2.427041828915439
4220,1.0846194270847453,27.428012876731113,11.907595995522245,2.45309948179562
4221,1.0906075288616417,26.79267324833666,12.139515455808548,2.2998962421912106
4222,1.0883349426752953,26.788208879481445,11.32926680083374,0.8650730247577064
4223,1.0872196813557085,27.264248211115625,12.353039582166534,1.5201874755813733
4224,1.0826196461255373,29.608712066935247,12.203259023006519,8.500286210864456
4225,1.0812543738409097,29.33290334535254,11.837969100096824,3.2672063519299477
4226,1.0845931456648572,28.751566907456528,12.272871093742314,1.273308263642571
4227,1.0888859560757578,30.21800749159946,11.627960887991135,0.9430090390974429
4228,1.0852397083855165,28.28131163736819,12.190093665587058,0.8983423536696113
4229,1.07754766208865,28.96193192445417,12.165234723119704,3.9124393637675716
4230,1.085222671067163,28.10661055467792,12.08464619777143,1.7648870858135624
4233,1.092995072282558,25.224417994037132,11.907497690057125,3.128497759904717
4234,1.0896323739700122,25.45239306649544,11.82745150849488,1.2655094510591975
4235,1.0914238883678244,24.321567408759847,13.035517529840856,5.53646756972125
4236,1.0931194036069696,23.409842790546872,13.02787212744175,1.565330314655822
4237,1.0943209940260026,26.34139719617005,12.080660877052596,2.364613842600969
4238,1.0971451338102087,26.575660514002497,11.12669400135306,1.6382678515710323
4239,1.0984050837965063,23.092168090117777,12.666265991572082,2.764574861813801
4240,1.098084492624508,24.600159650340885,12.497127700506734,1.0780139023350455
4241,1.0929983690943488,25.501672154569224,12.795001663883683,1.4449292990712783
4242,1.092475026427285,24.471562506747308,11.844942180405415,2.155999199995516
4243,1.0890849389576331,26.93251247218584,12.169893672361184,1.3543312526771718
4244,1.0959556169023965,24.690422607874734,11.735989914021054,1.285634214797149
4245,1.0904147988303865,26.40312776441207,12.374262231930611,3.880123634481284
4246,1.0981109688056496,24.05069877585977,11.996693720080513,0.8924595407074392
4247,1.0935886185433583,25.474373622525192,12.17206867851133,1.6742028456414393
4248,1.094504544446165,22.473171630371095,13.080172800042373,1.189826702707301
4249,1.0893704011547067,23.898097508802355,12.716675533409687,1.4289886219024586
4250,1.0900411572494086,25.139633863893096,12.468839291817154,3.996333488026734
4251,1.1021990677239857,22.637763639231334,12.174347183846837,1.4493297207153415
4252,1.0986903511885917,23.551356517098565,11.585398707568471,1.2576693882522592
4253,1.099936148186086,23.695298141552318,12.588021912990403,2.5673537521522958
4254,1.1055233060291996,20.33107658815589,12.8145784277902,0.9734091545340215
4255,1.1020386630050125,23.322976261211984,11.995122365666209,1.1927201040826174
4256,1.1002392272547064,22.934625665351142,12.077966247163273,1.2659703957196602
4257,1.0991554085752242,24.25628736497625,11.961604255307417,1.6880865455303258
4258,1.1127466782790287,20.034160091647998,12.808972710506058,1.0879190017786327
4259,1.1032808005631698,23.307390038763383,12.540942765908609,0.9645474821554788
4260,1.10836516678222,24.78312615335576,11.10870747739347,2.077445991671756
4261,1.107380250657315,22.606448829864036,12.176055248434018,1.0248251095623633
4262,1.1020966662944558,22.990925507589903,11.8730055301914,1.4280435197703443
4263,1.121426896122737,25.806028428180117,12.291381335695421,1.311304880174735
4300,1.119781405816151,21.595977388257463,10.26132537419149,2.3948555624715766
4301,1.1070544038438122,23.523380231395087,11.608053264701887,2.069337340481915
4302,1.1027054511238086,24.77728834478339,12.385203227528608,1.2233421276401213
4303,1.1045415488313761,23.014459931238825,11.429102916900279,0.8860959092586672
4304,1.0982919631473886,25.805864528026774,12.052998711307422,4.302596092007105
4305,1.108086875524082,22.884638930115113,10.988306643814344,1.163210364091763
4306,1.1024310907094585,24.23084235311383,11.516951910056976,1.3910619900554233
4307,1.1026065781956909,25.43970320273928,11.880869470796272,1.3078036259274117
4308,1.1047226758741269,23.619328988911064,11.224707215747992,1.827854037380748
4309,1.0970411259755297,26.869732202764123,12.601208197928749,1.3876845920992176
4310,1.0993492037719392,23.734188901287553,11.806129141947846,1.4749565028430367
4311,1.098021918039875,26.41110378425993,12.629532773884813,1.1468894700436214
4312,1.0959168044923415,25.018075922998953,11.809614810107279,1.0621982215855088
4313,1.099302485039525,24.669673051830927,12.322603193903038,1.4240179899482912
4314,1.0927061999425391,26.6039645764753,12.413154119632923,1.8314904589508596
4315,1.0942911985887802,25.35803080664123,11.775583310817193,1.3017148908965355
4316,1.0913390718905274,24.64287362938444,12.512504028372435,2.3205021694146817
4317,1.095484534802548,26.324241377654555,11.923065361868822,8.182325005181196
4318,1.0943465251686841,24.738423741716055,11.962157004849947,1.0480813235678965
4319,1.0896729069086992,26.39629612971524,12.033323501055026,2.0417683920976515
4320,1.0901620765440037,25.139601559860857,11.855847971921524,2.427015862318027
4321,1.096076385246394,24.81284546599212,12.112881626456785,2.1341114322213364
4322,1.095422730655177,24.482761490121966,11.701997218612222,1.164287743847604
4323,1.0953436181937637,24.592994103201544,12.101815986377089,1.1453128461998918
4324,1.089748377747496,27.615584107951285,12.275780019214952,8.066629433007407
4325,1.0875359568856513,26.519276901948412,12.189723158781684,4.478744462324991
4326,1.090181974606437,26.074429253428377,12.172283221597548,1.2955231499572235
4327,1.0958026818914612,27.584114714390672,11.56212791141261,1.438025817347455
4328,1.0922869111362568,25.51930866294766,11.903771587294514,1.287529316825789
4329,1.0836762859783944,26.780709471185933,11.907368695802614,4.018433143221599
4330,1.0938305086841449,25.6837652622736,12.33624571081056,2.343303123993402
4333,1.0983920030436978,22.882420116919487,11.635131527255167,4.865536800044843
4334,1.096341411376478,23.1856247713154,12.439653356854365,1.2854316399280044
4335,1.0975988179341427,21.9169121503842,12.93374412638027,3.3942715071449605
4336,1.1012509594377322,20.673039363652567,13.549596789966433,1.3217568954183125
4337,1.1018445369212488,23.640625452377897,12.808447591629522,3.069792928989552
4338,1.1053223291484102,24.42164740843347,11.62012299019175,1.4744967989283972
4339,1.1067537607520959,20.53495658391771,13.065545929150364,3.4518457269123246
4340,1.1038071426815277,21.950469736959008,12.405211499508594,1.471591304923222
4341,1.1005053853381677,22.70530183842774,12.76209223717503,1.3021034682676114
4342,1.0998468772112453,21.63665747177777,12.19815727198865,1.6905951111839286
4343,1.093651740126158,24.499522818157626,12.378839112469985,1.503139265128045
4344,1.1018445655848992,22.349824000809246,12.073698774102615,1.3408958226572678
4345,1.095275009839672,24.530462070652863,12.125648490380353,5.196952694054625
4346,1.1054652378200687,22.125440396913326,12.783196173753165,1.6336826671862041
4347,1.0994306195403156,23.312332943500728,12.24086964291023,1.9301378491838164
4348,1.1029482750214088,19.940556676990195,12.555132331685982,1.815274524867945
4349,1.0985810556786628,21.82488615621697,12.570340897012773,2.1442892267656113
4350,1.0947879492169752,23.390634452295163,12.617805060675197,4.80127006462495
4351,1.1091523845026583,20.28039186422344,12.192638515515865,1.9670147596121885
4352,1.1057103852421266,21.518921229120334,11.884134922945123,1.4950684401775236
4353,1.1073242913245487,20.797106086534658,12.832309214020544,1.5533398937568936
4354,1.1146702472700518,18.017265608854018,12.66210341196184,1.4282263645397877
4355,1.1093170275977136,21.139391205204646,12.363500331568105,1.5444927040649543
4356,1.108456300580681,20.316889493705148,12.323667342504333,1.7443532703346127
4357,1.1057246712596147,22.10917223306791,12.273595337025482,1.318570561380486
4358,1.1187958766989161,17.858187579364905,13.448478417908492,1.2478132824437456
4359,1.1107930340098473,21.09724140004625,12.81634289036925,1.1222250103777418
4360,1.116182188746861,22.31856222113296,11.035061706487674,1.6773365624335355
4361,1.1172088359928418,19.607735046139137,12.33750973870782,1.1144661620538812
4362,1.1126648842717928,20.370780751288308,11.569082402647243,1.524642665689812
4363,1.1292261085829263,21.969220304112955,12.525182762638881,1.1325033812109637
4400,1.1090129391214214,26.103642378126892,10.645546267452232,2.4287768601666557
4401,1.0945906114777522,27.971854475630927,11.777062424636355,2.8400659664285226
4402,1.0916034579925156,28.442855002744466,12.569180385654603,1.1223745238051743
4403,1.0948817116025045,26.401247791073818,11.057981340988484,1.193373641326379
4404,1.0890338960659594,29.107482446757107,11.698279382110082,3.572550261873454
4405,1.0969759882256824,26.243517429257317,10.425817952660454,1.4606395572589501
4406,1.0926266346727338,27.398691923821023,11.03892113283628,1.1620227319312477
4407,1.0924906555137222,28.833719920362178,11.203086926213391,1.3069228821765302
4408,1.0962600109167497,26.787792530252503,10.817385019926851,2.2134300286930664
4409,1.0851425939183188,30.371914466712674,12.079940491943068,1.329220192378049
4410,1.0898196518146084,26.936203261894462,11.862867499981007,1.9296456992349067
4411,1.0891465589579603,29.777424951643212,11.783964701681079,1.3193122368668364
4412,1.0852373063911676,28.028901395688994,11.747184925479248,1.1479592426847605
4413,1.0864651475867628,27.949662622464004,11.969100745301944,0.7862348013186414
4414,1.0802465677351232,30.331924566684233,11.841275361751492,1.367808462567217
4415,1.0849522994025793,28.69138342032631,11.77313557201267,1.1937199162610637
4416,1.081558685362801,27.88512215366169,11.437182228619653,1.9596294850699871
4417,1.0834654446589385,29.873085533601024,11.542687777091006,5.595763268030265
4418,1.0823145543946293,28.47060649112425,11.396545687307444,1.348517636728088
4419,1.0772007482180626,29.70664543157148,12.355141820731143,2.5179968215083437
4420,1.0802662201404116,28.635209444766797,11.711525981646155,1.7006085784720752
4421,1.0854025676852628,28.091168631910694,11.558934923568245,1.4945477016710502
4422,1.085900783293106,27.747483805285775,11.026552678438893,0.8778856808323563
4423,1.083114569498161,27.959685673122998,12.03847530037616,1.2712873426505473
4424,1.0770580005216797,30.624939201775913,12.290025848457168,8.3855860341226
4425,1.0768748859212214,30.278093968291227,11.93080347754944,2.6776684894562433
4426,1.0794913758643954,28.98388875517839,12.41498973782795,1.305134806369908
4427,1.0841928023896388,30.824600581557313,11.453546500089459,0.8774220483310917
4428,1.0803233171095075,29.057762468157872,11.854151972273172,1.493757668208828
4429,1.0712929712643537,30.000926472069498,11.962051819105158,3.6992048253476497
4430,1.0807193076494175,28.78702252566014,12.098461456212075,1.2391061171064934
4433,1.0846600166302651,26.684032492765525,11.658788176128349,2.991501487823463
4434,1.0828285593296707,26.43467819927789,12.317979932394792,1.1679438715166386
4435,1.087538505520994,25.078298512888217,12.570859063845013,4.48496826589149
4436,1.087304632843196,24.181906372909115,13.200728372605814,1.2549975825987068
4437,1.0893758914515832,26.88298704534959,12.263010846615916,3.0760160513231813
4438,1.0934736529012168,27.842292378345803,11.326709881291434,1.6813264604606182
4439,1.0939620231661051,23.84223320415542,12.698262515804746,2.1671541311680875
4440,1.0915456744638594,25.108654596662767,12.222929529327189,1.2229957046056996
4441,1.0894286558317074,26.37649149370547,12.253970107552696,1.3778693837083362
4442,1.0888468524626984,25.135471910902062,11.717241941756974,1.6605122835393362
4443,1.0875364777651646,27.234636696046362,12.062724914691428,1.0547767292720174
4444,1.091460474113738,25.19651300283893,12.086279924929894,0.8741386820116664
4445,1.0848934229436533,27.3887166464711,11.818624823555268,5.558374615828918
4446,1.0949484587677463,25.102882676768942,12.511202254100425,1.0526354073035922
4447,1.0893985865745208,26.464837569785523,11.475078046263272,1.377029851312413
4448,1.0907666174511588,22.56287372228092,12.919686132752283,1.160023757470803
4449,1.0863470182559827,24.86995344728349,12.461032616295359,1.332404851851724
4450,1.0846763640743773,26.42183814744628,12.997945702734917,2.905532790247146
4451,1.0989185632494254,23.518841974613277,11.68638985336935,1.2691256299539289
4452,1.0958338051254564,24.24977501565193,11.578580343080356,1.2983021240635688
4453,1.0950450749642007,24.723364093613824,12.581672109909196,2.663494003398505
4454,1.1009926557682816,21.419869178457382,12.76885631995932,1.342882253326808
4455,1.0977823320306415,24.43766967599347,12.08451043252103,1.2005758433905669
4456,1.098080269888778,23.596871882595337,12.42167124877314,1.6416647606017751
4457,1.095652435273109,25.1719561847954,12.113109787012434,1.2335953025584718
4458,1.1101963293195711,21.024847114021178,13.042356257940872,1.1309252841570059
4459,1.1011045392475611,24.600588125720947,12.464779248302726,1.00473316210584
4460,1.1051334568178042,25.48383298319667,10.359275423210022,1.2798214917827357
4461,1.106596578260018,23.70942057170949,11.586825368395305,0.8004890347472052
4462,1.100898110034558,24.06397970077593,11.669025478508589,1.129698324204836
4463,1.120589052800317,26.691081357064363,12.002277752759891,1.3086116172597948
4500,1.1157597879126087,24.136776324445076,10.77775140207966,2.8589853462577914
4501,1.105074837646464,25.53065195463324,11.23277122326968,2.5144322813745705
4502,1.1009733101373476,26.50099106192311,12.11824417849081,1.6841682994868394
4503,1.1042880898133225,24.83899347653682,10.777922951980548,1.0629439968994503
4504,1.0961001544595712,27.43932446317875,11.833533649428515,4.139231809490386
4505,1.1058507552284764,24.64594548025448,10.338193907855139,1.2083993549187513
4506,1.10133002648714,25.97965402765928,10.78095204609862,1.1232053566198863
4507,1.1000769097153216,27.192112538790756,11.63214067381312,1.2890220690510035
4508,1.1032305306407129,25.174781174678955,10.52737915940525,1.7948513671056832
4509,1.0947182931364707,28.492909930540538,11.677685284680562,0.9385393069715873
4510,1.0977452495654025,25.093392243552497,11.387811654848912,1.7039945915079389
4511,1.0956515305884318,28.11616571730004,12.234677654275215,1.2198542715075495
4512,1.0906072414621908,26.531525860902253,11.815921057241676,1.1848503410860618
4513,1.0955920679892412,26.24908055797709,12.169377560951785,0.9248889275870328
4514,1.0894200150411075,28.262022644893005,11.743881918160243,1.3311771789950704
4515,1.0912950967067114,26.80344065906853,11.467405386633784,1.5392971697837217
4516,1.0905697847533578,25.702169392603732,11.832603407594155,2.1333615884922392
4517,1.0928894212888658,28.191235948745355,11.255037552295066,8.39599375672541
4518,1.0896993813269857,26.271162117641666,11.615445999217638,0.8168316142073718
4519,1.085880279641558,28.328432806746417,11.877488014956473,2.6127164676155075
4520,1.0892866909705259,26.526236755696814,11.476161030343587,3.4545566995972146
4521,1.0945083401976496,26.303201772422746,11.481019001998549,2.476421409683095
4522,1.0916744280858246,26.235491221327695,10.763809004202301,1.202088220246723
4523,1.090360927449528,26.034228030748775,12.257350917973204,1.1229478449633798
4524,1.086639438597149,29.111044330277966,11.840153664151766,6.63088229829616
4525,1.0850740849963716,28.508586992421424,11.825930758737805,4.044287381750875
4526,1.0869942463841384,27.88654311301371,11.62357611718831,1.296702734534991
4527,1.0922317122384086,29.053191767451267,11.314470357234258,1.5400157065910711
4528,1.0891547751902362,26.99490307495328,12.228452010050335,1.3579413459419885
4529,1.0786508410748412,28.221723536719395,12.024288245363389,3.907591960729902
4530,1.0875995824204368,27.14694300771419,11.858096705079344,1.342950920223239
4533,1.0930831256555138,24.589190375934706,11.607495836701357,4.317260017569047
4534,1.0922764027075405,24.646201715878107,12.187545451216353,1.0584943267687152
4535,1.0945867636319864,23.743155588765507,12.402889126729184,4.355095264617145
4536,1.0969446112418546,22.480791636340605,12.814205797645911,1.1461038937123276
4537,1.096306151965189,25.637566888286166,12.16091359447175,4.142668186765817
4538,1.1004064402279112,25.90874310811856,11.195197814324356,1.2797828660851212
4539,1.1008265304808964,22.745798259408737,12.387539526068213,3.2470784581349106
4540,1.0991168993965033,23.852358438749366,12.055901990593014,1.2035873991406665
4541,1.0966434220713226,24.45712024968446,12.32595059636654,1.0797082150765922
4542,1.0992060566143744,23.23638230695625,11.494058376019073,2.1366714780559852
4543,1.0935855493756987,25.869488157642945,11.5572214360611,1.0158140776722424
4544,1.09905137400949,23.846986215991834,11.551599651542412,0.9610286668586622
4545,1.0928225142855184,25.6932339219129,11.686563530579635,6.231116396270791
4546,1.1022923107306675,23.11115157021547,12.22953589225991,0.9117941287768995
4547,1.0966648805246306,24.560709347040717,11.705726426971975,1.5796107930094585
4548,1.0997517249296629,21.387020976109063,12.429084418448486,1.6406332585273404
4549,1.0961102751654168,22.972192542991625,12.07845199310915,1.3357807457940185
4550,1.0940596824775757,24.39006520082035,12.734368002636081,5.338822916153814
4551,1.1046780460798806,22.196659228933253,12.28333179591921,1.4398796465560384
4552,1.1040692734374995,22.646630136149664,11.369655829948526,1.208550359950327
4553,1.1045934073322763,22.6382704328026,12.128625510289366,2.58252883927181
4554,1.1122670416760885,19.746835002997017,12.191799309287765,1.109664996049516
4555,1.107744135738757,22.69387987398271,12.137722754901402,1.5014991930177866
4556,1.1060936955073566,22.124856259492436,11.86939902498743,1.6062179665548626
4557,1.104371470500993,24.082966878101026,12.122836238304949,1.2101244882654778
4558,1.1191706993499861,19.43348343333245,12.87551980083714,1.383679694165493
4559,1.1094797607608846,22.631245124302385,12.572112312494184,0.9419468240749491
4560,1.1161136363658513,23.886766861350782,10.313099638922425,1.0966309490868256
4561,1.1154231683789901,21.65549223913384,11.709578169359265,1.094634132848015
4562,1.1105383364168029,22.344022094110425,11.275578272578045,0.8546233693842231
4563,1.130285700795394,24.84097815236726,12.584097014788298,1.272066413834912
4600,1.1152894583357098,24.82839693465789,10.590201165557811,2.4699740708521296
4601,1.1041248707433446,26.26353167981327,11.7151427110169,2.0438359303247013
4602,1.1019099259081797,27.353888385762396,11.982857699623128,1.9326929763816583
4603,1.103682809348899,25.429712131499375,11.232514990696904,1.2576453330030384
4604,1.0969844920419405,28.039017552557144,11.697058743833779,3.8758625474775705
4605,1.1057760710971654,25.319859520727032,10.29669608341297,0.9987477837469028
4606,1.1004718159134728,26.56025333040137,11.386001435275377,1.37827454045235
4607,1.1000307009191723,28.20371818788453,11.263469087986595,0.8850804282365142
4608,1.1048331165936274,25.94899380827845,10.807689045253108,2.781763879898081
4609,1.0949779159917021,29.238376222341454,12.182225325096777,1.1023038040465305
4610,1.096581843965927,25.820445893064306,11.929233265158233,1.6860234433069152
4611,1.0955694524835198,28.84344998079381,11.794259827139086,1.6806657033952457
4612,1.091926946756359,26.803094604008056,11.355055707101437,1.2499518851820817
4613,1.0944497983373176,27.02879052279437,12.012917168226545,1.1122888792871561
4614,1.0888555381478826,28.815393619750814,11.791754355776227,2.012983858211654
4615,1.09127257259802,27.459168102977475,11.31542874633859,1.090763539404688
4616,1.0878179345112622,26.389242824563382,11.545605389170207,2.2727194555832417
4617,1.0906749144507448,28.60262712447086,11.359949628867923,9.514379410252127
4618,1.0894126853046284,27.198953060634157,11.454174056414628,1.334261887847062
4619,1.0866100135648085,28.623373794701244,11.996294150991684,1.8545448381715488
4620,1.086944441639042,27.149793510189056,11.555236008330823,2.1630272845418257
4621,1.0933620049531607,26.683227785934836,11.909039233962302,1.6737689345513371
4622,1.0908870581925076,26.596650397718598,11.544027025335549,0.9455097476202579
4623,1.0906730532641888,26.769559585858243,11.638916372735316,1.233996015086728
4624,1.0841740488533662,29.404498556657863,11.994490399022762,9.269638066334412
4625,1.0809180468510216,29.091086825103854,12.270589633795499,4.192475159539792
4626,1.0857388936882215,28.46518472862775,12.25689251294993,1.0696068221700232
4627,1.0900328715239471,29.96756067222149,11.124531186326058,1.633021397467061
4628,1.088029838428373,27.94508292177793,11.891885028768847,1.1914876282518352
4629,1.0797615411116306,28.79256150529708,12.017675787714998,3.7546599412914827
4630,1.0861355724007196,27.774320219185935,12.381755344059863,1.3361210750726722
4633,1.0915356056245753,25.45930533346486,11.937872083945486,3.6257156443300036
4634,1.0897501486947356,25.24527999641047,12.431074189190682,1.0356027399408225
4635,1.0951847260608016,23.87411416820181,12.27521854634624,4.809645722782852
4636,1.0960573045309618,23.202169364817575,13.072062019507431,0.9218922614623789
4637,1.092976124919657,25.858490746841003,12.427157686330162,2.70526759901512
4638,1.0982287889089213,26.355805544053606,11.010866756275007,1.3503205362754178
4639,1.0993434104837572,23.044751511655658,12.780236402732253,3.392556541504763
4640,1.0996785728191611,24.123860527825244,12.128243362812656,1.4076946878663452
4641,1.0963988503903537,24.65547528231359,12.588321886975482,1.1655749332524212
4642,1.095139303337279,24.043325885931573,11.890584023784088,1.5796091223786977
4643,1.0941552982805378,26.62965251539913,12.042114288583928,1.1745713939176974
4644,1.0969678899729887,24.438466711469122,11.993782930816465,1.305345752833544
4645,1.0925638756609266,25.71420444315626,12.136248187456784,5.1441891864057085
4646,1.1000475275420756,23.875188774606634,12.633266854242756,1.704519826357909
4647,1.0960489928307606,25.388243023234438,11.823411208039206,1.5073110144507333
4648,1.098177176481166,21.793508873478153,12.429962991883096,1.4205957417867272
4649,1.0954595681078287,23.768166064413734,12.018441359510764,1.7481608924629575
4650,1.0945731791833904,25.24738674415026,12.625957185224214,4.991829919997241
4651,1.1060192785011227,22.52850306340153,11.524131188716954,1.9485149670771722
4652,1.1041212931629913,23.367417967379208,11.364301923001412,1.1037610006697602
4653,1.1021249141876333,23.5715204922118,12.645652991382477,2.5280737048447346
4654,1.1104635694031788,20.466763802571432,12.65824949832779,1.2121635063005674
4655,1.1068498579619093,23.359103633780023,11.787421756530634,1.1044260562460229
4656,1.1077431105618396,22.839534050149588,12.114676479976929,1.637575731327795
4657,1.1028602425146312,24.718245185274917,12.123999650394454,1.3256216471201594
4658,1.1188945806466306,20.057796085468542,12.944006642323517,1.3188169684266648
4659,1.1092189059779012,22.97862344862259,12.81789331837572,1.0418712357181747
4660,1.1148832231121297,24.542929824660366,10.882659887405792,1.653589310141633
4661,1.1158918580217545,22.28952896975297,11.735367079114651,1.0137540811350685
4662,1.1095201941262485,22.857268933616446,11.642883395934385,1.4078480257818187
4663,1.126307274026653,25.686623301890258,12.263799848214902,1.2152056541070106
4700,1.1175538141998642,25.297917530664627,10.16343434004261,2.073675861385339
4701,1.101088687288455,26.815879866557395,11.197533605566298,2.548113741310869
4702,1.0985790637782535,27.98816648526016,12.372878055721069,1.4107286553753824
4703,1.1030104389187672,26.165901378642157,10.708671133852578,1.2339217063557493
4704,1.0968161741082767,28.455860004392363,11.60962589526201,3.863188998104494
4705,1.1031099057379554,25.735893047649146,10.40126694708524,0.9629878594544997
4706,1.0984827635926722,27.292693229511585,11.082676891330928,1.3969506633826743
4707,1.0977742776535677,27.989810208717884,11.451967909805177,1.1537550287215417
4708,1.1007539346450368,26.267804316723566,10.994062152867802,2.161447141828707
4709,1.0906109495081895,29.6981733462032,12.066418013003966,1.2443840814620384
4710,1.0943981370123796,26.621334884863586,11.617828140841558,1.6441724616162374
4711,1.0931660055530723,29.128663633740135,11.506893827534082,0.9600042109063986
4712,1.0906728652337851,27.22526669324127,11.626835902149125,1.3253348345861202
4713,1.091321696785133,27.415028326828523,11.97219622879344,1.1478076198654126
4714,1.084911043095851,29.1126187701521,11.963047820564341,1.470099486354755
4715,1.0900544964615437,27.875638777555654,11.492611073003433,1.317562093443547
4716,1.0845867366799755,27.060083173800013,11.442386694347935,2.1238772430304484
4717,1.0880419055523436,29.018632518267943,11.142569921149116,6.308567255963059
4718,1.087041004665055,27.719296881401743,11.613869438325121,1.5764116107701711
4719,1.0826726892795753,28.999133197369073,11.730326254611413,1.7293270812307708
4720,1.0844905925476207,27.784359995047414,11.451986400792913,2.4204328644902073
4721,1.0890293639184587,27.20184976647025,11.967069749507457,2.3418026633207853
4722,1.0862854302868166,27.165778090144872,11.33036605786974,1.268895323829712
4723,1.0864208723842848,27.444566024647077,11.723163997266902,1.4211709207917849
4724,1.0824100223573208,29.98029539043222,11.712107228925065,9.22842453230556
4725,1.0796584814334547,29.632696745493316,11.506560144942753,2.6631478932500516
4726,1.0819308077643983,28.937332584924114,11.70825208932536,1.161224939788934
4727,1.0858829370907614,30.1899276757247,11.545001740498318,0.9070329239709107
4728,1.0830771598195448,28.247336977389132,12.057061906614228,1.2844946053225985
4729,1.0749809303684923,29.538588990778177,11.655942028548306,4.767021433058038
4730,1.0824941823571406,28.239560621814192,12.144940025008815,1.4624294736343306
4733,1.089672525017976,26.010500293857277,11.262477369518747,3.4597704668548985
4734,1.0868072665300683,25.687921967820575,12.028977319131993,1.3984766919436924
4735,1.0892384419600634,24.498748566351132,12.340552976010958,4.909812457291409
4736,1.0926759315483077,23.47339864286817,12.91768266197398,1.2115604838722902
4737,1.0922967141910338,26.93409503382425,11.63106483499262,3.1065123994014234
4738,1.0968479405608265,26.623981465913094,11.279687535985046,1.1192441779146394
4739,1.0976678358226957,23.377895411830576,12.726061672079759,2.64615084249554
4740,1.0963722695546527,24.47125589051328,12.06291477886212,1.4365132918029153
4741,1.0932431644835825,25.25388319954668,12.250104970197595,1.0318346665356655
4742,1.0929193478265413,24.239659134309804,12.048046227540855,1.7999422811071608
4743,1.0893773291649782,27.067728067952867,11.574346372445033,1.291600244046822
4744,1.095447353064526,24.617741225141987,11.175860468783917,1.0696767405023155
4745,1.0895115633519747,26.662156787526662,11.909897977757984,4.379681513247861
4746,1.0984362563723316,24.035808453760904,12.384260624688304,1.268763963330525
4747,1.0915824368962002,25.46693160999691,12.06112057196104,1.2014317530083956
4748,1.0923757289280636,22.149096536774085,13.205783241910986,1.8028690876687614
4749,1.0918954247271324,24.178794971823695,12.259001597586188,2.2511375475295514
4750,1.0917510994641295,25.6557436649112,12.42566886263478,3.556539747882558
4751,1.1042501387287904,22.58070767435981,11.80450015840837,1.2564048244682438
4752,1.101061041582563,23.951525850769723,11.197776718442372,1.210063882984671
4753,1.1009735797748992,24.354455159529596,12.218344460047188,2.2059732465145996
4754,1.1104110160099616,20.678422793368277,12.156577953989819,1.6028866380312365
4755,1.103743836484957,23.847232124368027,12.001168393297148,1.0142432264558656
4756,1.102515124417907,23.380549961359172,11.934016700747598,1.1004512042282677
4757,1.100105228596127,25.104331084971772,11.788610326028438,1.2437273207671111
4758,1.1169856775124118,20.373127674399324,13.244995047884641,1.192952619816704
4759,1.1072415784816176,23.783580366025884,12.329571539810747,0.8999839618388406
4760,1.1141078458860245,24.978237567393055,10.562077756104985,1.1845097149084562
4761,1.1143082279910113,22.796133802601094,11.640719736302886,1.0228384893585665
4762,1.1087822385222852,23.367909776437006,11.405859544247317,1.2617943487879968
4763,1.1255106319570423,25.836876575595596,12.185739063209057,1.1214091943187725
4800,1.1176217669534672,28.483020070017695,10.587730952278426,2.6725763106075853
4801,1.1051062838952301,29.740800322486226,11.794500525167347,1.541682725991323
4802,1.1007376234607131,31.236054653854364,12.19976789011019,1.4285917456956827
4803,1.1048016937425118,29.23512239857926,11.054520440497427,1.1101230794946022
4804,1.0977125033244288,31.586148916207954,12.037067033694473,3.0991122541018172
4805,1.1080245065232388,29.39479738451605,10.209579083306524,1.5325497728863988
4806,1.1043281135663536,30.19970452428255,10.825327710860718,1.3464064955481025
4807,1.1021543738584123,31.6326457924885,11.339307214623012,1.3505726371611282
4808,1.105018407927711,29.24566134475733,10.509001680501239,1.8450866545828992
4809,1.0936637896274641,33.01780676351129,12.2144527708008,1.2738621123324596
4810,1.097587676798764,29.39623046152249,11.692066231521142,1.6370760654240337
4811,1.0975031952397831,32.11320676951387,11.659678030039302,1.4744700420437031
4812,1.0932387018732679,31.03907273516384,11.617378445077625,1.2291798150651114
4813,1.094083883509257,30.72396154009814,11.8436908285248,1.3143082220417996
4814,1.0877393273709839,32.43325032253505,12.03593492995039,1.5329520645208001
4815,1.0908352345242216,31.074187064426646,11.121292399747647,1.0745392222183259
4816,1.0875168307916978,30.15035472968306,11.448260109503986,2.071925468449211
4817,1.0904480613413543,32.331876930852204,11.345333795966773,7.399862397275714
4818,1.0902259568228008,30.6140669491581,11.156066648738681,0.9286801283313361
4819,1.083978846615471,32.634715634223355,11.761863217047509,2.0862191469283116
4820,1.0855660676585308,31.135144332206036,11.746055540106276,1.8641795747760825
4821,1.0917157646075057,30.434447878725987,11.517040190707366,2.414397545062212
4822,1.0881495124469558,30.19752948568977,11.728184602648355,1.3022241592556234
4823,1.0890284696635795,30.491048788425676,12.205597229186504,1.5428613373557014
4824,1.0839332811976778,33.25469248488967,11.640596876179066,6.591375746358802
4825,1.0827319738615668,32.739006479233,11.584230077637256,3.3684399298061702
4826,1.0834751181064235,32.110630882286685,12.250407318694782,1.0692132845739024
4827,1.087909361410623,33.73186275205325,11.382066732295328,0.9541007752916696
4828,1.085246376873515,31.418841198737532,12.063605919502313,1.6438799351179467
4829,1.078232465839101,32.53720974930331,12.191811668842885,3.721781791905452
4830,1.085363887188784,31.25789565769014,12.0407548645524,1.4128938367305104
4833,1.0939554504376627,29.033295141125418,11.50240661755759,2.8010277569380166
4834,1.0901074002803526,28.705795839231357,12.514753493100784,1.1271056432880182
4835,1.0907191499302853,28.151099072621346,11.894825192183127,4.797932574837564
4836,1.0930609245990495,26.340288530238286,13.08773036685236,0.9861630634046864
4837,1.0937104266425928,29.557084379527538,12.167278149062017,3.41127597461145
4838,1.0985769120029494,30.124570474358638,10.97920112351253,0.977356357896856
4839,1.0983553442594767,26.698960380307003,12.291104781564247,1.376359391601524
4840,1.0977877543307217,28.1381779017861,12.123263761478286,1.4451538529523416
4841,1.0957804730067622,28.84909578773523,12.341510526593266,1.2567052616406789
4842,1.0970026380514157,27.36145235232536,11.236242536388449,1.6181115746806285
4843,1.0919547670439613,30.30917807674667,11.724877659651739,1.2398394551599883
4844,1.0981872043830718,27.89453544254701,11.640225594811614,1.2033699283211188
4845,1.0918305250712674,29.87662582195547,11.856690974490395,3.572022509058494
4846,1.0991190504308193,27.354519414722642,12.645062224002828,1.186603850979476
4847,1.095365729644389,28.50233233102906,11.82400863953524,1.2830776522037965
4848,1.0982330241045675,25.37939698278232,12.437604861410863,1.634609794017657
4849,1.0949301694671947,27.140247403875197,12.516030796638413,1.6071994021556029
4850,1.0922151781622547,28.8712386895031,12.679948893170234,4.864373378607363
4851,1.1047075080704982,25.88464632085808,11.928107453261486,1.882834752497408
4852,1.1033631873196978,27.213736363490074,11.473500427631983,1.4650480632865917
4853,1.1052977074221964,26.7474066783963,12.38465671568641,2.8188051797143454
4854,1.1130679459096469,23.613627899404527,12.140731346064268,0.8128920890369185
4855,1.107168309907176,26.911905113580758,11.888368773358588,1.056823131037041
4856,1.107072213158067,26.494272591496006,11.955835067033966,1.7150265157058855
4857,1.1057008517933147,28.289088878357912,11.640238656938042,0.9933172709138789
4858,1.1194222441623494,24.094866362186874,13.036150660105367,0.692816131946392
4859,1.1125422605760809,27.28392438469395,12.031856628940174,1.0568379106633348
4860,1.1170570340891786,28.055988779497177,10.70697480929824,1.5665894286962674
4861,1.1159349947797712,26.27681811184134,11.571341406858666,0.9876170630485239
4862,1.1117263147146637,26.56421801871063,11.20409986062403,1.0868561461127508
4863,1.1279605398972257,29.357649328041646,13.034267341652251,1.4055270644111115
4900,1.1268886082108573,24.70168852755948,10.210661738172911,2.753322693412726
4901,1.1144416501143346,26.84261595292309,11.21710081204198,1.878616670759874
4902,1.1110099806101128,27.681992169767895,12.144389019167226,0.993942179587609
4903,1.1142878629696902,26.142895211700562,11.061736606578577,1.1840099614126403
4904,1.105761675632437,28.561126047721526,12.02602003709427,3.220530835874243
4905,1.114916822783652,25.94899601375713,10.635661068075105,1.0790991102518868
4906,1.1105078513782347,27.19228830596196,11.417536365896924,1.0709106181831083
4907,1.108975963586913,28.430296765143773,11.492318536101285,0.9610137166207661
4908,1.1118543784752872,26.24196940284116,10.809840452622382,2.9226058974967466
4909,1.1023584826131099,29.946836345057154,12.308998577356592,1.0253614411904985
4910,1.1066827519550078,26.462656930130308,11.926392990314755,1.9415542951523355
4911,1.1059618859701204,29.192633832860643,11.815885961896093,0.906099070422751
4912,1.1002579256945246,27.483060631408556,11.439305460020512,1.1991862768916441
4913,1.1018387273676253,27.338716714133838,12.164250440665198,1.2156347798289104
4914,1.0950488034162722,29.479222386873833,12.278566550474904,2.334974912138161
4915,1.098302143431498,27.892965903537217,11.729730505474038,0.948341658936215
4916,1.0957882891501565,26.98432618375911,11.345024020124349,1.8115344258183228
4917,1.0972124530802179,29.26986318003584,11.444383851902378,6.213995109892572
4918,1.0970337061024564,27.47426229219545,11.383073525260553,0.9262949951580653
4919,1.0915246698296923,29.108124573424025,12.042882161771303,2.723996742049424
4920,1.0929042694192317,27.772966260860713,11.619124558507231,2.2515476109246575
4921,1.0976598829012816,27.04127631614523,11.87131469630502,1.5962805389918462
4922,1.0979642476072278,27.142295246925478,11.259279372627317,1.1947089548037653
4923,1.095590259922929,27.251226066739953,11.830347623326166,1.8029264918694383
4924,1.0908199494308521,30.134591104611026,12.0097518792271,7.264526712431052
4925,1.0890136899073166,29.491198248435204,12.03223472390504,3.0157670417661544
4926,1.0894703944610595,28.60864129654479,12.376223164988684,1.2305096876800619
4927,1.096628237771241,30.137397332419827,11.26407989973332,1.5240362842271342
4928,1.0933139234654417,28.151448013657408,11.98105695690499,0.8470693841993615
4929,1.0839939837222463,29.448821310831136,11.797528578415449,4.388665549466894
4930,1.0918514833200057,28.336625775416277,12.324705664232253,1.4882465221119823
4933,1.0976962367593863,25.947515381320027,11.776592794989472,4.228231302386359
4934,1.0944809575855299,25.898057311986143,12.167237885780922,1.207385982816822
4935,1.097919401760428,24.73238207222655,12.74044554853849,4.619812923388988
4936,1.1024229903544192,23.441947779275456,13.070823990292153,1.1200568455690463
4937,1.1011304523280043,26.73520945445685,12.080965660187521,3.152302328998647
4938,1.1055716384657972,26.82317852978141,11.41458237309246,1.3883451844024162
4939,1.10501515857259,23.59936369895221,12.642275553522548,1.8085290418336417
4940,1.105153992342681,24.584955528147855,12.470679803315111,1.1942580918079921
4941,1.1028702916578164,25.608563819518565,12.455077925688494,1.1390731223984238
4942,1.1013485372643288,24.563629000283242,12.08516285999566,1.3756690381676622
4943,1.097654316292215,27.247977799481927,12.274029629293732,1.1895274756480223
4944,1.1039609757480573,24.535926932236123,11.707045284138877,1.129464788469461
4945,1.0999533138925712,26.364989387021982,12.022803356000788,3.607961582069034
4946,1.1089899020715566,24.187762372857033,12.32202841761938,1.3415955305909413
4947,1.1035582406225786,25.381693034117646,11.912373134870755,1.8578604005425492
4948,1.105210574043444,22.403680889016616,12.710739849083069,1.6777700290050799
4949,1.1015645897157953,24.36515671676871,12.392272401473607,1.6173924261009236
4950,1.102488289690418,25.689700034917653,12.461422319941097,3.228597885810787
4951,1.1123566172455501,22.930688281425937,12.246667438658035,1.1089913008311125
4952,1.1127030269485794,24.382680603155308,11.375852395294961,1.3303997219248178
4953,1.112870372420199,23.937213752478065,12.580816516183871,2.9363448920407254
4954,1.1195938052249867,20.803162654535956,12.478555663443293,1.467659655454887
4955,1.1163452167324655,23.805720765662265,11.968827793532459,1.067342715405805
4956,1.117458704089745,23.037267719415226,11.656236569107772,1.0968908591816964
4957,1.1153629673516179,24.92555068671766,11.595795064202024,1.4704704838167368
4958,1.1275415625351595,21.187467366667903,12.988185024036461,1.5219816117088931
4959,1.1193047259691022,23.875124476877613,12.455127479520714,1.3063920691824555
4960,1.125631116141778,24.916922963006595,10.788188367499815,1.749534172278362
4961,1.1254738008937917,23.13000588377404,11.997392329966695,1.2271768126819294
4962,1.120812445630489,22.977473949954625,11.728461915580484,1.7478584157550008
4963,1.13858248419732,25.54538721870279,12.497395443362148,1.2065001961470212
5000,1.1161856292586936,27.832748977384746,10.753565082729446,1.7564671802578238
5001,1.1019357121316975,29.595149364723905,11.228508676842996,1.956830415752918
5002,1.0988759436650715,30.09449764935381,12.052005574730059,0.9788999532553548
5003,1.1011761148337087,28.165424791000174,11.335551027071721,1.4099068908217323
5004,1.093998678092391,30.742491667624588,11.511423078781228,2.074305493872566
5005,1.1020200221329262,28.41182133107109,10.177879860454155,1.692470356480149
5006,1.1001041807198941,29.10595263298821,10.918382917900578,1.4229401618970388
5007,1.0964196230273744,30.58551075419385,11.207355352094282,1.2892113266481624
5008,1.1016499784837044,28.131709726775572,10.743847551895932,1.4074845305245307
5009,1.0903583835208646,31.79875321075953,12.277447606741132,0.9774581557893206
5010,1.092136154952012,28.23464303475525,11.380061078037189,1.650763565940045
5011,1.0915961303532733,31.73102910313267,11.71030048624421,1.0894557501509394
5012,1.089934467858173,29.669946914912092,11.088417202600624,0.8663151036308112
5013,1.0899335953856426,29.577764706862304,12.019414763680938,0.7422469131027998
5014,1.0825261390403729,31.442800864482614,11.925696248399545,1.0021919963582415
5015,1.086219164146918,30.07161115055168,11.74521752962444,1.1853948302202775
5016,1.0824021738464034,29.102822211859262,12.076401114901689,1.52086206168927
5017,1.0850588434213326,30.921000721972586,11.680509336828452,4.4940647783471785
5018,1.082833032970389,29.88981490348753,11.011388041231818,0.8351268354070543
5019,1.0794812483414242,31.22637994313147,11.727581805894564,2.625725393662857
5020,1.0810437692861206,30.08213185266603,11.442373099529608,1.2625086659144444
5021,1.0871045753266957,29.42060032170711,11.6086482833617,1.9703359838500056
5022,1.0838963859079336,29.510487146578832,11.305052924100643,1.0714136300218335
5023,1.0839792357995732,29.147508629201333,11.7658324749298,0.9586411560126028
5024,1.078933798405494,32.12519239396766,11.72483280102472,4.770817223602591
5025,1.0755551583864003,31.756097562198455,12.03815362735115,2.1912649700333673
5026,1.0763335436633112,31.252366045313888,12.18150406632911,0.9715373356311104
5027,1.0820488760211515,32.60064196254384,11.111528248020207,1.4761863791705687
5028,1.078584846338826,30.453047051249783,11.885733022840542,1.0761730304871124
5029,1.0715411153394887,31.33616164142429,11.793968986817726,1.744319463352398
5030,1.079962016780193,30.363777526025736,12.28509132624339,1.234891768818689
5033,1.083609063675307,28.020213391655815,11.794516861963825,3.2192004467188475
5034,1.0849965699566533,27.446340094242135,12.389802905677513,1.688415176308243
5035,1.0842120891859406,26.771149718733383,12.144173156001898,3.9567614986277246
5036,1.0882873365716557,25.64985432072321,13.087890825022463,1.3877660374460883
5037,1.0895944985757715,28.617240884449107,12.01924919459849,2.4779831630598914
5038,1.0916987511305152,28.927552014618716,11.670417918182329,1.2077602027795948
5039,1.0939905589363919,25.22223295840374,12.602178311020628,1.339770348352604
5040,1.0912594872937138,26.922989445761562,11.805769127945144,1.1777696589541224
5041,1.0892165413167711,27.607043691071034,12.459769409686762,1.0171668924110733
5042,1.0895295357433181,26.788992175882946,11.403951538597534,1.52726033568167
5043,1.0849144609502617,29.1669308593368,11.96821936539022,1.04177275481352
5044,1.0896429966886974,26.826987947808867,11.81217536567796,1.0710902791228802
5045,1.086850544552917,28.798633266617614,11.939640645706012,4.336378397352596
5046,1.0940904935655564,26.87714785954265,12.584211072833698,1.4254365562968756
5047,1.0911393301994892,27.92245107122165,11.729263317231712,1.1057448743366904
5048,1.092424448768242,24.69239818129224,12.498447811730225,1.0392442317780268
5049,1.0917291798563142,26.103826668494886,12.075435736268735,1.9185634257038147
5050,1.08858272800437,27.936355471794222,12.407323075275794,3.0853470683922364
5051,1.100463009286673,24.89069603294822,12.234244748109308,1.0370861407988397
5052,1.1000192044262844,25.9266699401056,11.558485788903873,1.1210145987750462
5053,1.1023413932630626,25.850067682427586,12.3820990616688,1.855176058120712
5054,1.1073577379245132,22.70644022280107,12.481157576817624,0.8030747749820427
5055,1.103045290896405,26.180126684552352,11.98957441888791,1.3248831269642614
5056,1.1035485711268718,25.202246759584042,11.923982907380175,1.4553869381262712
5057,1.104416465796047,26.96816952003892,11.757111353064273,1.4092008646762815
5058,1.1169821086794973,22.784268912659442,12.623167209707127,1.145154768593945
5059,1.1070377006898042,26.3289071035621,12.430724550652538,1.147354818894331
5060,1.1148329543167443,27.377910683273097,10.785446761530352,1.7349959529021115
5061,1.1113844922874145,25.77244965182217,11.619108652334903,1.3568068909306295
5062,1.1104035582993896,25.788449229699328,11.727423332847252,1.174817873323507
5063,1.1272979833604877,28.731491325632206,12.953603550352653,2.290692797447136
5100,1.1280663187828142,25.223434245565315,10.536108293269148,2.1150946919621463
5101,1.1151179189963165,27.605856532742738,11.271380448843018,1.9010296497333725
5102,1.1101377402318124,28.404829395789026,12.59523665181047,0.6988322500794719
5103,1.114613652250531,26.8772795357084,11.241260255644693,1.2230389680990343
5104,1.1088284885358792,29.297245132832405,11.91268401901423,3.2168019152627036
5105,1.115357642124941,26.390447663083084,10.768885555687168,1.68903543251202
5106,1.112063274190545,27.613295697338987,11.35845890976437,1.079540719262052
5107,1.1100010328675713,28.969824268396895,11.902319389367648,1.2270330958574651
5108,1.1134033165933706,27.463026638959047,10.84742888170161,2.332289015974503
5109,1.1044114378846923,30.232414625989545,12.394969554170018,1.191419784412703
5110,1.1058412050295339,27.149726305034612,11.911367075765135,1.4348283700101938
5111,1.106561707818056,29.7407289358105,11.628527886565216,0.9006537344472967
5112,1.101168177748087,28.03343629088295,12.077978470449361,1.192227771614205
5113,1.103797054253488,28.14525658149888,12.278438126017546,1.4715511269506871
5114,1.0947521469600623,29.94744355201071,11.739743352228725,1.6493997087370609
5115,1.0999445328326574,28.061820623841815,11.732278509666603,1.2067242737347206
5116,1.0956856423740577,27.82742808401372,11.702571280053569,2.145469317057271
5117,1.0964675670657706,29.911371165359938,11.378736934511668,8.423371654363121
5118,1.094215941355459,28.34128179564581,11.613358127836975,1.009702400509891
5119,1.0914946301083155,29.578516922433355,12.181092743002665,1.4089974577231235
5120,1.092490286608214,28.14336927476209,12.041136508745744,2.3718635859390487
5121,1.0978406674952614,28.225012022966155,11.558832678132344,2.3740984394817004
5122,1.0956577519298618,27.79325166522148,11.54037263974439,1.1709735812715951
5123,1.0951492601415063,27.914508886008374,11.831004881533493,1.8011321946029477
5124,1.0912128574404771,30.44662379546567,11.946282355308549,8.47396268428121
5125,1.0878254180916322,30.01771304240724,12.502762889091391,2.827692436467811
5126,1.0901094363338544,29.48670098906002,12.096561384354386,0.8819512616727931
5127,1.0950653109612363,30.991606229186715,11.719046456222728,1.2282871054327218
5128,1.090245695039338,28.713371312322774,12.237616733940452,1.0558157644143544
5129,1.083161514706315,29.679331541759762,12.476901189582026,3.788422396345767
5130,1.0908779700603854,29.00627397047231,11.939389719086304,1.429861288170538
5133,1.0971747932657836,26.014944226853853,11.967976050700377,4.514740200380297
5134,1.0969765811317194,26.422963091913022,12.16329975224976,1.7603656094436986
5135,1.0980381824718364,25.072543294468232,12.173520198754554,3.496431469456663
5136,1.1008515618083596,24.110553900555427,13.384310103646536,1.1438224285974177
5137,1.1008145392320383,26.825500210653164,12.837794111707012,3.6040385117859945
5138,1.1036791467079472,27.318861928303043,11.458092330865478,1.201966311309118
5139,1.1044268439699751,23.946463666722927,12.694468747814048,1.9953914317668118
5140,1.1037534012502206,25.37572558569592,12.204793414218848,1.2444848950924836
5141,1.0986362518182438,26.295826594670903,12.94292898910667,1.3406667814198518
5142,1.101451889839205,24.982346307694307,11.967037601271736,1.5439776359088349
5143,1.096615178891449,27.74281338018748,12.386694830360792,1.3948703447694255
5144,1.1048429658482086,25.154503107010513,12.256734407294871,1.0967209666890176
5145,1.0967806687149353,27.27806326739042,12.378149463212967,4.639004343527495
5146,1.107260263180442,24.837651187602756,12.915608119809106,1.513092953420249
5147,1.1026956784024537,26.416080517340614,12.33871024804716,1.1958701294204637
5148,1.1058440776136353,22.76652939654071,12.862742946808241,1.4904259557805846
5149,1.1010500152117977,24.96937012010891,12.831840188927059,1.6170200956313516
5150,1.1018005044195351,26.666952829211723,12.63462719829938,3.2150452193857344
5151,1.1143956188268027,23.582085354585015,12.220125990655987,1.3167342875379398
5152,1.1129317285740077,24.32260817163113,11.542159227097795,1.5354919703903651
5153,1.1144404669066732,24.271039155135067,12.211608856376895,3.1111204222037685
5154,1.120158129195933,21.26130552718084,12.616673504078392,1.003243885706166
5155,1.1171945131900634,24.598472385350934,12.215999575431265,1.1724493350496843
5156,1.115874139825998,23.70581562626413,12.361556742913264,1.5179091273235332
5157,1.1154631563879416,25.61357812124156,12.180089366960884,1.5510568105533067
5158,1.130386539283867,21.14813004310094,12.924715967398981,1.1803930079932807
5159,1.1216575118099696,24.424887628904024,12.881551960689194,0.8057662488581424
5160,1.1278053842173643,26.018518215870156,11.304244805052878,1.8293039331640344
5161,1.1262066594182087,24.077829552910092,12.0457826203789,1.6854960336725149
5162,1.1237487487762094,23.58913367718113,11.603404914292522,1.3045352632762586
5163,1.14101128972875,26.07608596135067,12.534674669528561,1.532523982633405
5200,1.120006199902187,27.711438623434805,10.489251656525274,1.9173682932124991
5201,1.1074163950994742,28.811912842028114,11.33457933871178,1.8022690891723978
5202,1.1054254206452319,29.589044626335067,12.227883872931603,1.0468222062270223
5203,1.1084232933984224,28.134758209604065,10.763154258095586,1.3458841770864667
5204,1.0992586845768193,30.85498274468385,11.747657680687936,1.3252113079058452
5205,1.1104274406742234,27.475271791220564,10.69527299223166,1.15435350087718
5206,1.1048149159100522,29.100280787277732,11.076230456924938,1.1842751896131474
5207,1.1032977859987951,30.442653786968386,11.125270556764583,1.1971027413497495
5208,1.10745153331004,28.301470685442993,10.469838016423616,1.434725666565149
5209,1.0954568239317977,31.708049763542753,11.999290445343735,1.2833025254087238
5210,1.100915090993538,28.833751676314794,11.326446937364738,1.486404260308573
5211,1.0980821838572512,31.17200977853472,11.522898106101374,0.8721577854683398
5212,1.0949989399273132,29.401402224849974,11.606522933604012,1.1372504507624797
5213,1.0972298228506243,29.422248889387355,12.188462579280419,0.9230193906174042
5214,1.0877915086439116,31.3658308985165,11.888280223601047,1.928548923086212
5215,1.088395250989162,29.837743720313753,11.592973207100536,1.0996587696232507
5216,1.0879338254641402,29.058169289704917,11.507858356887489,2.3617756080873162
5217,1.08904598946946,31.237127649981957,11.758690797695916,5.8452384375118065
5218,1.08735821102918,29.730967786232757,11.132453770045885,0.7911171690643416
5219,1.0818572818256027,31.06569271185559,12.114518566668973,1.6132181036049285
5220,1.0845372767525197,29.878103351224084,11.602311452166864,2.495951033636513
5221,1.0912259304660066,29.39963938611782,11.557502593513147,1.849877818838336
5222,1.0868951842387726,29.483750128994778,11.245722260153288,1.0111535115485342
5223,1.0857309283561023,29.322458670415237,12.234035747923633,1.3162998193068352
5224,1.0805741312058674,32.24986235211782,11.623663255859677,5.310788032601945
5225,1.0795345111715302,31.627205903577266,11.870639309503126,2.387630304378494
5226,1.080961027753324,31.043500473743894,12.119486139535612,1.0631692719995127
5227,1.08659594254043,32.413247918755,11.426309790599449,0.979602195882162
5228,1.0843271544922124,30.417716207622284,11.614298640667677,1.3317012678073066
5229,1.0734522674972522,31.383813033601133,12.158890729077928,3.056968906930191
5230,1.083050877054012,30.36674295235516,11.880095490965633,1.3402282659973164
5233,1.0908154218880066,27.683847591888146,11.202888941478003,2.785540594813523
5234,1.0878118084091721,27.488520490481704,12.013115707832515,0.981884679175627
5235,1.0888480705256989,26.50834943539214,12.674516706598997,3.9653520555776853
5236,1.0911202681369288,25.304125854152055,13.283883367478655,1.176404839862983
5237,1.093497448230692,28.42985941108684,11.938249242327988,2.7573176933988197
5238,1.096854782562104,28.73117081178627,10.88621347753149,1.6212575111774714
5239,1.0985424692553902,25.37216933298358,12.596526230221826,2.0683876477614582
5240,1.0970206086615004,26.699255573284272,11.987360911536163,1.6079079839106332
5241,1.0930104861961656,27.067191147075743,12.850561513526408,1.011891333082132
5242,1.0942024357034883,26.63759278371923,11.444485249657657,1.4939213830374403
5243,1.0893657906541037,29.28002059357019,11.788921545597873,1.0930635476667947
5244,1.0962140955224784,26.707159395212702,11.419137505968319,1.4097524726011026
5245,1.0914868295482048,28.60593643493478,11.629864018308563,4.2790572884026075
5246,1.0979929481852355,26.209750960041426,12.874683696171846,1.359355047949679
5247,1.0949078815202233,27.826245900321965,11.673772532426261,1.0836777975918606
5248,1.0971308651387774,24.301864641447125,12.622671545016892,1.1377551372847692
5249,1.0943256680395799,26.146824630295455,12.717264120449249,1.4706736463367887
5250,1.0954087521627032,27.896053428010294,12.406282541553692,3.1946165266862114
5251,1.108180526769507,24.842648872781435,11.788798193304492,1.2829838785888792
5252,1.105206958222723,26.065122017697714,11.144586477017342,1.0626185978079914
5253,1.1056017047593218,25.585512574372387,12.914794156400992,2.1384481617565285
5254,1.1136238465358415,22.859473716198647,12.306790964014755,0.9923317591482761
5255,1.1091207845421849,25.59639624413455,12.081178314345127,0.9924729942565813
5256,1.109637285957798,25.429990038768267,11.570778515335947,1.5166082405223766
5257,1.1100432743298014,27.065656767930367,11.708896301806616,1.059566027280036
5258,1.1212677623095564,22.757577774738408,13.13329183716867,0.8251195266709741
5259,1.1147560534633294,25.860779769005557,12.493635762737565,1.3625817677649499
5260,1.1228966991869476,27.145468941669385,10.464795432805369,1.1828937092158147
5261,1.1193567197131116,25.562203336994568,11.824361560515774,0.9634200093507631
5262,1.1163724691294479,26.45733305828051,11.220810252903576,0.9872571834367952
5263,1.1344660834850153,27.74969813790306,12.155905941836986,1.6662287631480526
5300,1.1172906067989883,26.941915570282635,10.277302842078713,2.2405565243130847
5301,1.104878224405023,28.229341931486648,11.590758783388598,1.649403515462023
5302,1.0996685937430377,29.532477571131036,12.215161127270498,1.4760320361018
5303,1.1039998613397746,27.302153884871203,10.9287598944777,1.204612653978788
5304,1.09780813312314,29.80003304950955,12.113187801544688,2.690858987414796
5305,1.106596777829111,27.586589921396754,10.083136603485434,1.0859314322083689
5306,1.1037209637723877,28.40264116046034,10.552181046485506,1.0712714873655507
5307,1.1006881736798952,29.511082859919373,11.36858802357082,1.3287679896380233
5308,1.1028518174290969,27.318956856472038,10.85488546619302,1.806405577637116
5309,1.0922965136536718,31.389538216006315,12.187263396933984,0.9144969705244475
5310,1.0968189166927433,27.875978612900468,11.932938846441367,1.2736820563259879
5311,1.0957916145945314,30.542785897762652,11.790079607325907,1.1859702305166508
5312,1.0905926296599278,28.789792948535695,11.51480186525436,0.7326709408566017
5313,1.0938524392932005,28.943679690283012,12.018151892057451,0.7507306838620674
5314,1.0857684269698893,31.009207538135342,11.595551938725695,1.494561606256169
5315,1.0870085300997703,29.22204739323913,11.408177922057796,1.1071881631061196
5316,1.0857534561511757,28.368587401281786,11.939828974484781,1.564216925411914
5317,1.0867947422831614,30.35867260288995,11.475460847742116,5.577032464330502
5318,1.083909993788626,28.953195886561414,11.153459669161641,1.5319890280244954
5319,1.0798685808787731,30.89143106376261,11.660271623628137,2.2377138998437243
5320,1.0809185900204394,29.472483872649427,11.469078866279112,2.0342559064713837
5321,1.0859032953567844,28.83382875352096,11.876282879027546,1.53479091924262
5322,1.084673574212326,28.679549290633343,11.044129993537025,1.2231760449750528
5323,1.081642008621909,28.900331713807606,11.959383815189616,1.1176486259197778
5324,1.0776982127306733,31.531410304416852,11.68834263595457,6.950800666296654
5325,1.0759047350308792,31.0784507864399,11.694457343286647,3.0967887491020343
5326,1.0776828553730144,30.264922030965757,12.090586858648054,0.8000962089358709
5327,1.0813719542027993,32.02608223471169,11.389549971192594,1.2785678447753597
5328,1.0787317959108842,29.989311089814684,11.723771495558443,0.8381618738915434
5329,1.072004988464874,30.48110948976212,11.71346816063724,3.8738460599951994
5330,1.079081184909305,29.990449676712508,12.126109018457015,1.4492492817390572
5333,1.084563684929299,26.964335798603205,11.622209873058297,3.9603067427497667
5334,1.0829020406536685,26.93720897923274,12.158510562485798,1.019063913946021
5335,1.083432241860919,26.204231428097167,12.07788771543438,2.6641836350538375
5336,1.0872036878255877,24.722951585154256,12.730574492984546,1.277665967287936
5337,1.0877098726705736,27.83332736573372,11.945190431104338,3.167907811702669
5338,1.094531768430954,28.339322735842174,10.695156041106696,1.369706328364808
5339,1.0923570677114978,25.257787525015953,12.783488673022815,2.434199613129329
5340,1.091855256580609,25.94908407703464,12.10585114488369,0.9658939026430858
5341,1.0884976680207474,26.7559117104474,12.574770245392653,1.2962654334723642
5342,1.088169101142165,25.687521257817323,11.754106695271618,1.352079558200519
5343,1.0872541351752525,28.572599189958815,11.804995821716375,1.4528596172041919
5344,1.0931607740635048,26.02790949674366,11.720823049986725,1.0588133083095699
5345,1.0882612631206583,27.968158820920426,12.014448578177571,5.449321571518402
5346,1.097596067662632,25.53835364952327,12.697448554917262,1.168001593832065
5347,1.091086737505703,27.1152902356099,11.955401388887706,1.2473769870535625
5348,1.0944371492048872,23.751260159615175,12.353907239253944,1.6119685647014268
5349,1.0921367870037753,25.560966049955194,12.772520204681822,1.171473192837508
5350,1.0905176937131957,26.966663691399376,12.664135575883682,3.3884511731466445
5351,1.1024006196544953,24.269703903197694,12.257601051888953,0.9539592967949496
5352,1.1032724657743072,25.28621285125336,11.379860598898945,1.2353100197884848
5353,1.1027026812798746,25.350672135097064,12.085023642895562,2.2373886480443823
5354,1.1104665511724967,22.1784744796213,12.44336802269875,1.0850972071819682
5355,1.1090588522083464,25.255026140400883,11.75952740176419,1.0885057894693109
5356,1.1062631150982503,24.64516374229753,11.624283330984147,1.3876571002677214
5357,1.1066452227073351,26.22084570347936,11.942991225034696,1.7862492100700411
5358,1.1194946247615987,21.935084170979863,13.161743885175996,1.5860569287626636
5359,1.1133692218650748,25.17738292941064,12.61275598906712,1.1265683291701651
5360,1.1179652638193383,26.3304524665605,10.681298517295653,1.5992966009044587
5361,1.1171685331720664,24.762813346520808,11.811233089949255,1.3664608695827516
5362,1.1128342199959576,25.2353481867913,11.988088266817952,1.4694799769951792
5363,1.128072563167166,28.691462186634862,12.19736350376231,1.2439340502808325
5400,1.1196386784280543,28.564472039615097,10.624892414886643,2.2713311041288886
5401,1.105332898274497,30.46749764542785,11.771835841283284,1.730789282737157
5402,1.1013735242983436,31.449551290848312,11.88380318542572,1.341503520379823
5403,1.104069994292432,28.92299952356673,11.070952113132748,1.1125482772644206
5404,1.098009315869061,31.454006432378584,11.979506926441973,2.040259900428437
5405,1.1076419697315385,28.489646427311044,10.709134585920333,1.345569991396151
5406,1.1043958125061315,29.97636963657361,10.936925159788315,0.9282061378152346
5407,1.1020997513497635,31.263604772478676,11.635260055701117,0.9272455390162878
5408,1.1071901105864066,29.00007250058621,10.5736163581762,1.130056493924637
5409,1.094547643011139,32.59260822810087,12.289212321482287,1.1615835736814535
5410,1.0967689139434307,29.559185896012522,11.787435371539075,1.0604612007893908
5411,1.0955794708952427,32.43566610141633,12.07135896210584,0.9533463063532712
5412,1.0909067714091687,30.797113993285976,11.522368964613461,0.9248938071822099
5413,1.0955027986874406,30.374893734578084,12.20805478746795,1.1397411432559355
5414,1.0863072646738334,32.407178901477536,12.261092170445764,1.126429546549934
5415,1.0872802227544514,31.35478888785143,11.725851380120105,0.8766572787171807
5416,1.085440410882578,30.056559036114688,11.742448319449151,1.6226007168137304
5417,1.0864985197095605,32.47290442093175,11.207702623378964,4.312084917564248
5418,1.0842118182769789,30.718843435686797,11.447236506932628,0.8589612952116876
5419,1.0793311885353212,32.216389788971306,11.737880002933018,1.3764930113698461
5420,1.0805751462576334,30.67643153182066,11.639078238186212,1.0537186605667639
5421,1.0857721005507202,30.57151160140012,11.975164729048117,1.480439784129408
5422,1.0833736612965277,30.187675035116836,11.379647446793447,1.1343593486071788
5423,1.0835447229944783,30.351342260925716,11.858463009512365,0.8608834652862868
5424,1.079579192530977,33.11131884435065,11.675500366417888,6.29017345817197
5425,1.0753163894283306,32.747197823491504,12.159961994146357,2.508943032702421
5426,1.075381927938655,32.219126595852714,12.119833024548422,1.2486712372901958
5427,1.0807926499081117,33.707695955539876,11.24268580652764,1.4831585750740137
5428,1.0800993290675178,31.339500857629535,11.999860099926813,1.2690676866421395
5429,1.0702116402103607,32.24155703707094,11.783481818429125,3.1729935480376974
5430,1.0783336717267717,31.360168263259617,12.21706678736439,1.1321707653579711
5433,1.0844924124703144,28.909036862534048,11.752255932684427,2.7364094067560933
5434,1.08312512465833,29.0070397683199,12.674669293621454,1.2943769834426955
5435,1.08578260361764,27.608835565231278,12.668541562981988,2.988646200581587
5436,1.0894063685019058,26.297204473426667,13.22686503642104,0.9572088489249387
5437,1.0887702713069969,29.488558020089684,12.006552438495515,2.1013526840375922
5438,1.0910914304607793,29.952599777364714,11.58334091853888,1.336327777184716
5439,1.0926369008428902,26.436439059250063,12.635225458839178,2.5881110004366032
5440,1.0932759373395182,27.842504638230672,12.131107706391083,1.2426746550802272
5441,1.0888908684987244,28.906333905776172,12.666546933613702,0.7805425847441092
5442,1.087730473642768,27.93859345273521,11.942213350578367,1.055753146019314
5443,1.0873908614407748,29.990663836659795,12.253961744665025,1.305928757675236
5444,1.0923946854317599,27.842847610508105,11.7161311791122,0.8264530726313553
5445,1.089026887291869,29.733113026896508,12.08118795759129,3.74720438424154
5446,1.0968566704354612,27.007109258889873,12.412277669647384,1.1275468639714938
5447,1.0928521973899639,28.845693587104602,11.492162868246982,1.1122132206787345
5448,1.0928940789624044,25.661263443962856,12.474066110957583,1.3926900916623226
5449,1.090744204915198,27.62123473898955,12.431316778178765,1.0353695013828943
5450,1.0917721200517645,28.56612432362743,12.732514071447032,3.7501745725706623
5451,1.1051160658089787,25.927733936324408,11.472814670132486,1.0531872800458602
5452,1.1011732707363173,27.554729249524637,11.24497137058797,0.9953900371071228
5453,1.104960941746636,27.030671209586785,11.980264843979372,1.3192585873751967
5454,1.1126297809970265,23.631234805611623,12.142839036913509,1.0066263603782792
5455,1.1075265147770603,26.78558762296437,12.022078235902,1.005849056639423
5456,1.1081248847333989,26.19287148807167,11.792221332503019,1.3776004649659224
5457,1.1075834259099573,27.70994806422725,11.777282952621066,0.9729872918922202
5458,1.1210097921690338,23.83087167653988,13.294343784557922,1.0216384638536253
5459,1.112666692049225,26.956217130872513,12.551182716069455,1.1097029154383078
5460,1.1174000120714631,28.502187864122803,10.760794251451609,1.314467306155415
5461,1.1213495897924057,25.96001316213515,11.162488036502921,1.5345529894439365
5462,1.117610665741077,26.598616241740398,11.73529902058176,0.8436882236032851
5463,1.1349745013929124,29.525082505753865,11.756828385962889,1.838934971039799
5500,1.1280897046510816,26.994867430391462,10.318497935958167,2.2154670852839367
5501,1.117322955972666,28.55041618785977,11.437013724089125,1.2169592005301588
5502,1.1139031660029397,29.776586115572453,11.929183975572219,1.1360557140774246
5503,1.117021195669898,27.76617984285625,11.217833472865017,1.19099045869387
5504,1.1109390307060916,30.247947134919624,11.711549260337236,3.624599617479685
5505,1.120160570568748,28.06756503465976,10.616796750628538,1.1318635766300393
5506,1.1163263780841761,28.633082076549503,11.09240230545585,1.0893024722895697
5507,1.115754432553526,29.99060906301583,11.031806838507606,1.2348047438715186
5508,1.117864040356081,28.206804241793833,10.529985839788475,1.8500980242256462
5509,1.1074008562984083,31.48602634210608,12.209481786354496,1.4783142269131502
5510,1.1112928768139854,28.057130962884305,11.453223012802155,1.3686637970072915
5511,1.110340677372628,30.860304581394356,11.331823360025414,1.3808772949940205
5512,1.1053737273045654,29.286215269316052,11.198122157285969,1.1018351618797249
5513,1.105466352891598,28.94580324894068,12.238673858768248,1.312857731678103
5514,1.0976579017478567,31.102675741749383,11.696290097933778,1.3179727427098544
5515,1.101989587855223,29.646650244089116,11.456556503339394,1.4034601384828826
5516,1.0962241888125956,28.831867100361897,11.324918436944808,2.456725244339103
5517,1.098601878036572,31.269801459774822,11.195004483804352,4.670577541885362
5518,1.0975453374144828,29.492646589493877,11.48753857545046,1.31897162093597
5519,1.0908030959754123,31.05733781336064,11.968211591884984,1.0860268497522243
5520,1.0942356534905415,29.57910932318972,11.525958764950927,1.3880917832123483
5521,1.098167452054437,29.270049515743334,11.208080132423497,1.464403075972228
5522,1.0951536283672485,29.071096700399554,11.76383311038237,1.2463447000861019
5523,1.0943777823956802,28.867619634647987,12.016360461661172,1.0180905191920961
5524,1.089027430877524,31.674923344217397,11.672603208219504,4.861972020905175
5525,1.0858349704859587,31.008818040948807,11.840960479376825,2.3160662325139794
5526,1.088632204022037,30.247677580102586,12.065130331525047,0.9686730178316048
5527,1.094484832126616,31.75435559871945,11.721220722074923,0.9862335990252731
5528,1.0907108978904752,30.22088065721305,11.781554902580615,1.059518153679852
5529,1.0805068480691435,30.910870812448866,12.263554710813178,2.8585982170506883
5530,1.0890643278783976,29.888829271892163,12.425551059324805,0.963703919014604
5533,1.095717314525146,27.343564675836,11.955215889015573,3.4640662763375243
5534,1.0945838413811715,27.590601495706856,11.840654499042488,1.2406269058004786
5535,1.0975899516789034,26.13867310271077,12.51012281742099,2.3488452683093275
5536,1.0977021850725668,25.517279950675967,13.58656390623417,0.8017505043472846
5537,1.099117987119998,28.20106545292458,11.989348422935157,1.7452365258936993
5538,1.104473388458698,28.337155264587906,10.45580429118502,1.078483341997799
5539,1.104295652383219,25.267633528623207,12.49003282435336,2.3241580552500958
5540,1.1036500934058286,26.399204010463027,11.834749649688108,1.1773948052102015
5541,1.1028934612474075,27.099732161360578,12.152197599747064,1.11355417761715
5542,1.1017774555838677,26.136780552627386,11.967442026457714,1.1984071162946153
5543,1.0970829113299303,28.98788178948741,12.0923741784441,1.3501892034709875
5544,1.1051646861513724,26.68208673105529,11.82789339130482,1.2399087354741198
5545,1.0992482977872864,28.24471222147939,11.653441503898685,3.6014862733790927
5546,1.1081235009750432,26.132775774046333,12.430197862627944,1.0155939576951554
5547,1.105126741811354,27.641332867008465,11.734470967939759,1.7234098330039094
5548,1.10652552744557,24.04797067310536,12.429523112252028,1.3705820118499898
5549,1.1056788420386292,25.783563342545747,11.881896251704358,1.4667010243582626
5550,1.1026818313643845,27.44696860749848,12.612951962373646,3.5736420560200246
5551,1.1158101721832159,24.77151267138678,11.947016091227741,1.6660450538952256
5552,1.1169460167664678,25.660204628297254,11.230936253358815,0.8691899748678085
5553,1.1173851205538798,25.766436294970347,12.38178269869177,2.0732910887149814
5554,1.1253628612066309,22.76965797152513,11.716113321933419,0.9293736111562774
5555,1.1220702140819654,25.67533469643767,11.689912286181542,1.1885384806766073
5556,1.1212711123015056,24.86051733847224,11.666177233222145,1.317872784116462
5557,1.118671266759559,26.97299116671589,11.934234206375566,2.080556893898693
5558,1.1362833287348197,22.633339300492064,13.00776550739495,0.8951239686605855
5559,1.127290980832204,26.18245147627065,12.275926522615077,1.2406952587104418
5560,1.132753934691664,27.232626491311922,11.058717649004219,2.398178774621715
5561,1.1327704006284078,25.1495505729694,11.410278264889016,1.5647281893833995
5562,1.128539129530528,25.042151709066154,11.047296370499424,1.0334984389368005
5563,1.1484697727976834,27.186324930250358,12.13741407029724,1.6269688943109377
5600,1.1316995244170727,27.742804483351904,10.916730582998547,2.2127387523181126
5601,1.1165373921495096,29.738780220485584,11.085489412359655,1.8233802713090728
5602,1.1120205621106793,31.063047727102756,11.86178241811467,1.6601922421377562
5603,1.1148265236848214,29.350451976394073,11.323590595711417,1.852448383228275
5604,1.1109147011911005,31.735860370636463,11.394507673108912,2.8795492139182857
5605,1.1195963075167168,28.911098048877754,10.674009231156509,1.4582485516057435
5606,1.1162357959776783,30.422248344735134,10.929361190593607,0.9907149920273635
5607,1.115081460654113,31.292038722220493,11.059964792502214,1.4592651419750302
5608,1.1171244462255896,29.243168418250743,11.617603389314302,1.8060123749619152
5609,1.1069156058646177,33.26882939728827,12.27319262262017,1.1873070810172999
5610,1.1096796461471197,30.143490477804466,11.775583391728182,1.3274654674048434
5611,1.108174356927832,32.54905676681695,11.526399380194729,1.3334464866407993
5612,1.1036224090973399,30.688412302636937,11.879933621597242,1.3809888101753802
5613,1.1071114216122737,30.994481165963748,12.128888552884733,1.2295937051711434
5614,1.095958386411108,32.87755436606414,12.012927851689167,1.2896724357519673
5615,1.0985857425419474,31.292911833541567,11.735222011837271,1.2712867480647596
5616,1.0955455820481546,30.48268197465407,11.83162857890993,2.0286121830758828
5617,1.098462457304172,32.47981907083217,11.308105602226494,4.448357834771097
5618,1.0949453265681748,31.088199543819563,11.215208488461146,1.0984095991901028
5619,1.0892847810330049,32.96634193045185,12.206435265987077,1.981034175097073
5620,1.0904198439674206,31.31050653018494,11.924437069665942,1.9061742467811542
5621,1.0972891302580399,30.945229412548304,11.66847104528678,1.8308626439081483
5622,1.0930685589480928,30.569844614099043,11.70972108173273,1.1284557688315262
5623,1.0917271695586277,30.750598918518588,11.974270235451446,1.1196399490430136
5624,1.0866163328134875,33.303580128190895,11.973129020646898,4.6784668762316555
5625,1.0841193046647712,32.959663746887024,12.248003146701187,3.0592924050962074
5626,1.085921279513132,32.09292876265044,12.078525886365542,1.3854458745835077
5627,1.0926643878862214,33.672397511305434,11.331715838778475,0.9350661423635093
5628,1.087623897298273,31.624548367759555,12.020837476243333,0.8002506621165937
5629,1.0793778671186027,32.47754664333496,11.445746774964423,2.601178429283162
5630,1.0867263015765645,31.807246155459563,12.283184370461495,1.1839323750674122
5633,1.0954999069270754,28.870242008777648,11.906055499522243,3.8029590906172865
5634,1.0931046255049888,28.99931843717336,12.156531865897534,1.5269362261102275
5635,1.094956781357308,28.17180121024596,12.046082310635176,3.8773529074092568
5636,1.0962650268590977,26.48490355478312,13.407020696933046,1.0788001040501511
5637,1.0974268416395114,29.785767424468496,11.620167947635915,3.1171824319048493
5638,1.1019764369807086,29.98794535985847,11.17254028785702,1.3792857971526031
5639,1.103143033728239,26.89854526227787,12.573681248243226,1.7917789178280725
5640,1.1018265945492134,27.594034302012933,11.84192917668982,1.5465462953507678
5641,1.0984528210653897,28.72118837656108,12.379659156150778,1.340090877214505
5642,1.09808266491776,27.83400900330835,12.182956658824278,1.2818776592372996
5643,1.0971025963623953,30.5070420496373,11.795512118079992,0.9082713646673548
5644,1.1035113744349758,27.98305044331888,11.873127451748253,0.9269140446931263
5645,1.0986716968006782,29.88041367366362,11.77152923979244,5.116853651754881
5646,1.107959694652134,27.662410503179384,12.910019546042772,0.8402079167050123
5647,1.1044434288990796,29.052067351014337,11.581122189710047,1.524180149044482
5648,1.1072670951953822,25.641103340377462,12.383068142085296,1.2786111222691865
5649,1.1040471833742982,27.955499051098435,12.777294843534849,1.432454913430501
5650,1.1024568883731438,29.318463151680252,12.443660911168438,2.227666352562402
5651,1.1160427333902203,26.061708074627294,11.92645627120889,1.1526296966201937
5652,1.1173867931074737,27.027341288060057,11.313280577534517,1.1641357143901985
5653,1.1159745034933863,27.809924429248678,12.4332687306346,1.6608352813497074
5654,1.125897673967449,24.40155696947057,12.252219847589075,0.8472938378601858
5655,1.1227792175445597,27.342856322245822,12.14317055852657,1.1715286661145026
5656,1.1227820915648703,26.35145605769416,11.87863677185314,1.8238814843269688
5657,1.1194815062369097,28.7838532543552,11.87690755550444,1.579952196953531
5658,1.1355413692226348,24.374446804297513,12.455347786171865,1.7091300081802372
5659,1.127161510050228,27.263470710471754,12.467004577681257,1.0550192788145938
5660,1.132690554369675,28.79984782298506,10.391594767477445,1.9573529370491884
5661,1.1302362615386115,26.383760918988024,11.822890592111499,1.3382700785739199
5662,1.1306886622274426,26.31837143197896,11.447385306766215,1.60199697442245
5663,1.1504982190292172,28.57016275043296,12.262231167201515,2.1095678246363105
5701,1.136713789075995,26.418515607493273,11.090030332819287,3.21197089768955
5702,1.1176457513064282,28.49333837599179,11.614219417313485,1.427269808283921
5703,1.1221839255421255,26.893673326930344,11.119969496203689,2.184050783329865
5704,1.1151201129422426,29.996834040032642,11.721066284175588,3.21852447381682
5705,1.126907686100051,26.9203551585778,10.518659300062751,1.5452983606839488
5706,1.1219578008448374,28.049273093006086,11.435985314884404,1.193352466099485
5707,1.120689068211274,29.572777628095864,11.307478419284347,1.3909627428483458
5708,1.1256604004497988,27.242669291111643,11.071318895082618,2.0408139855938465
5709,1.1139939661591307,30.85485059376268,11.947053456033819,1.0561167160397182
5710,1.1161388775025867,27.84833606073516,11.681699395245227,1.9684217965578883
5711,1.1161202695774533,30.437024898728694,11.968948552771247,1.2311352527371282
5712,1.1122428966191844,28.617278945571872,11.531142306045888,1.1419886092498228
5713,1.1137932484118203,28.60849370757784,12.165633972078673,0.8949149385614356
5714,1.1040840474772784,30.87479556696369,11.990235873915534,1.6065156702690182
5715,1.1072903609421578,29.2794192284059,11.36333039951372,1.2425358203717536
5716,1.1025489051443291,28.256628790808822,11.353929318535913,1.2162191996638143
5717,1.1039396189100394,30.21817697353493,11.511251549867163,6.643637491516044
5718,1.10220469663222,28.76631954488093,11.234877754757616,1.0074451001832294
5719,1.0978542283344404,29.88553717864993,11.786468342581454,2.179826766813252
5720,1.0949983069011837,29.082614061222518,11.52702727699173,2.404958126990277
5721,1.1026989708688462,28.431502610820854,11.394700346981416,1.723286198995812
5722,1.1017474093775166,27.902290184633085,11.130674097869264,1.2670428165856389
5723,1.0970395138213997,28.42749563346496,11.968100601030793,1.2326177780190355
5724,1.0936708249116727,30.708407288007887,11.4712601098428,7.811909685315092
5725,1.09159200697377,30.333441079794383,11.841604624309872,2.676316336201155
5726,1.092218584745314,29.821522265354705,12.059206822488312,0.9183062664165146
5727,1.0946956182157945,31.238497594904747,11.811719638194614,1.1510938032748677
5728,1.0925988093724006,29.395337356392925,12.183401999862093,1.01362489596029
5729,1.083974687397805,30.36971977266342,12.120635034429844,3.213315456160386
5730,1.0913185984739187,29.56435891683719,12.341125247990215,1.0628365395996342
5733,1.1008373160689444,26.661765996732488,11.553457495840684,4.789161630998089
5734,1.0976172059829603,26.666870923371476,12.12919490129507,1.135924902053538
5735,1.1010712706861512,25.419273695948835,12.189377057501083,4.898531671670893
5736,1.1034530949374501,24.803356935988848,12.887203082794972,0.8712565058701321
5737,1.1029734530577593,27.36721590576936,11.740873384964663,1.9910509069990883
5738,1.1090821310816832,27.461343663689455,11.083477962798378,1.6339438609081227
5739,1.1081035832003343,23.951242863998075,12.592793972307064,1.912270360989785
5740,1.1087124652448965,25.553332508297633,12.156076352275708,1.4477425888303896
5741,1.1064571277115247,26.82384316044658,11.997665834553924,1.5995594400288
5742,1.1057114645032837,25.274143841742788,12.011609364241965,1.3425491210723814
5743,1.1040551293270433,27.955748025874936,11.489216831945193,0.9740065658147204
5744,1.1110991839684985,25.70376458821803,11.359505186445936,0.879108373541339
5745,1.1060466881191484,27.551995619920152,11.970294961694963,3.6610809060055494
5746,1.1151813248022806,24.993877419520835,12.413258757044098,1.1631057311162323
5747,1.1123698572814908,26.89246288826645,11.530253525928519,1.6311183834148022
5748,1.1138721009924055,23.69910972696936,12.015235624683706,2.0620566778520746
5749,1.1108352470162197,25.294142216718214,12.508144721530584,1.5273354873768668
5750,1.111503001903416,26.792163890480914,12.3072340894582,4.800394708989597
5751,1.1258860975517797,23.782607491443326,11.957761882968947,1.153986381743769
5752,1.123837504688231,25.1818027330057,11.331944317758527,1.1534839963503531
5753,1.1219254744699025,25.02650041989659,12.332561483257429,1.861091660115677
5754,1.1333937990978604,22.095825056497098,12.114388447407888,0.9725030568774244
5755,1.1296886789631024,25.45405741505655,11.553741655977174,1.1262406704909962
5756,1.1300423096511472,24.419555406217977,11.728665406255656,1.9209113944945968
5757,1.127528604717108,26.215693782386353,12.131440544897723,1.8200739602360618
5758,1.140891519915948,22.11961918003304,12.930324159801826,1.6154136084796547
5759,1.131836597826141,25.111634716738543,12.51122726356631,1.3607168342006442
5760,1.1382940056463606,26.398814356791537,10.708114473819801,1.9186151635681208
5761,1.1415621795928175,23.73615081652932,11.46246260039575,1.5007260729190608
5762,1.1528273027360671,23.515315127324808,11.68814329936813,2.3335584954586985
5801,1.1622885081027863,28.01013496369088,11.08938327822211,1.1487717127307455
5802,1.1266595400690889,28.459169444781782,11.858932729880054,2.289295704339669
5803,1.1202299645029095,27.600032925337537,10.809713752274167,1.4657311509069613
5804,1.114480150483715,30.442381676411433,11.513965991810343,3.8472542870504345
5805,1.1213333321900518,28.625010790686055,10.964221329383571,1.7366935607384377
5806,1.1195501195584359,29.3963231286788,11.335565097916612,1.705524322410056
5807,1.1185655650956123,31.229176175739564,11.727523159340501,1.5828193107375168
5808,1.1220753845316571,29.035610830036063,10.840250966652325,1.9750551247910346
5809,1.1104499661884206,32.79558773486509,12.62135766551089,1.3391476067249504
5810,1.1134214964152689,29.75979176239915,11.941876569656948,1.6831895783521689
5811,1.1125755540677065,32.17560841146653,12.066826087456954,1.0844761844680761
5812,1.1079075863299797,30.31000492903162,11.619603205344749,1.4737494323438138
5813,1.1095260333651276,30.357282862407697,12.496485639413597,1.2942195558692324
5814,1.1023981586752238,32.25478949550297,11.967886865593266,1.551811008444433
5815,1.1041521948835498,30.12993680640239,11.71370063796469,0.9564759136444078
5816,1.0987869382032618,30.042919342545275,11.677056253589324,2.0725349358116456
5817,1.100473077806575,31.86911224671632,11.787577439294665,7.257489632919425
5818,1.1003668529919304,29.96448480088297,11.477914274191377,0.9056057116941667
5819,1.0953576440594792,31.718217186059928,11.95656879153469,1.9635556522700173
5820,1.093136538602949,30.55547481175241,12.006457068445904,1.7443663989052374
5821,1.0999395077023781,30.17566067696003,11.677308844082136,2.1505019642956187
5822,1.0959973909226624,29.618638108004692,11.776075366135073,0.9682826587336928
5823,1.096312257074558,29.67721131949589,12.140874691399528,0.8632653040859211
5824,1.0909424249776505,32.44445115158031,12.107717295425667,6.8256653417090085
5825,1.087374010369527,32.07558768688308,12.366453381470995,2.4584831873759865
5826,1.0873890526629826,31.251643173054692,12.573690840386954,1.0912892024349459
5827,1.0934690779077305,32.83556722412478,11.729764651882586,1.471283419219137
5828,1.0907885085570643,30.441741013564194,12.268807809000236,1.061012037582722
5829,1.0831212436226925,31.875426596500443,11.908383057330619,3.738365081412779
5830,1.0887916527019468,30.879757816973147,12.32650737392189,1.0640032550873506
5833,1.0970907426550236,28.142941823351517,11.940816137057439,3.6117654719899845
5834,1.09521564038678,28.58581062130134,12.279128866583694,1.464149726530547
5835,1.097226983625523,26.96294610951815,12.929124268665312,5.032446293598374
5836,1.0989950519790017,25.616039863619942,13.462959145036962,1.2274947161586216
5837,1.0987537322899166,29.00908538377605,11.956954850927763,4.544660699213209
5838,1.1042463305365573,28.99231407073792,11.243458412692513,1.830834763381828
5839,1.1049073436099626,26.049901118297104,12.134192484579787,2.5100564860208596
5840,1.105749776016543,27.053824695857518,11.820902121851379,1.3349125993738846
5841,1.1026231199814382,27.987412858519217,12.658436358625016,0.9429061967352446
5842,1.1045581319288873,27.06070864519665,11.547830340434587,1.9476434898232562
5843,1.1007341949141,29.500360620388882,12.138386135314992,1.6632416372812664
5844,1.109265128729557,26.911987577696905,11.730987594705972,1.336891736490453
5845,1.1038491336739478,28.59113131081118,12.529746557797,5.0514150219930265
5846,1.1121165318413224,27.17008344480267,12.47677175401144,1.5508616245445086
5847,1.108606123674766,28.478077332400407,11.970204642618528,1.4731995238188265
5848,1.1113542543696686,24.81132060891487,12.517517112105642,1.5899682130643478
5849,1.1101511706979479,27.02274941580288,12.455606339255125,1.3948075524038828
5850,1.1076100391544565,28.405823227807847,12.761975430035507,2.819077041005042
5851,1.1230051271612858,25.616343471672366,12.263319889194216,1.3965000618819872
5852,1.1219593623332267,26.823091590680388,11.665379528182132,1.6849939534346763
5853,1.1223094159510412,26.948327862626215,12.549047512481996,2.1923214834355407
5854,1.1294064381322728,23.674885145249046,12.504982309728883,1.4952591997394187
5855,1.1261967568116198,26.797717893986277,12.077023293337287,1.0317952823371614
5856,1.1244300854264588,26.34852667214219,11.825111810925854,1.78257576414144
5857,1.1261413754753096,27.391975853841046,11.758969934153098,1.7906333414333357
5858,1.1379365719177839,22.988705173538573,12.791359798648394,1.2496222513437942
5859,1.1273208027572321,26.563694098478017,12.206851342575103,1.0907879491209675
5860,1.1354306406786712,27.077625669770672,10.231358435070456,1.3653783879560986
5861,1.1520935240010832,24.38764076359972,11.898751814715233,2.538821554239785
5902,1.1527293010569255,29.027300994085024,11.609968982487477,1.029768800046625
5903,1.1264123484807687,28.07463615325008,11.155371435065176,1.4071796178869185
5904,1.1099363724896105,30.66176305429143,11.52217241752922,2.3708837803709337
5905,1.1189492627409579,28.077897364845885,10.53382352487737,1.7984090706157199
5906,1.1180997299443869,29.37621535538041,10.678507803609241,1.1873791011070804
5907,1.115762348038849,31.455068332902087,11.276117835523658,1.402692962476951
5908,1.1229120178977967,28.881108876423305,10.775952855524084,1.693146131113877
5909,1.109298871652072,32.46961978650425,12.069286593931082,1.5620346744999472
5910,1.1132577912711281,29.57210560519503,12.015346712316315,1.0832908875309029
5911,1.1119813915836096,32.14837599052038,11.667563789721592,1.2426554893290016
5912,1.106837414808707,30.3894280599789,11.012312938046536,1.423553666310561
5913,1.109907997866022,30.186636604250765,11.842815407833555,0.9632215317230942
5914,1.1006936002279335,32.09781243482632,11.677911681753338,2.123837129189961
5915,1.1009240481813307,30.586194413442854,11.51209652945626,0.9405432073396691
5916,1.1004354849089846,29.717137802740634,10.90691240705815,1.5152297432948043
5917,1.0995653532124487,31.98872273583564,11.324394983736967,4.561228538970724
5918,1.0956160118783502,30.62491423088321,10.968620322605394,0.977518376369948
5919,1.0920561216504976,31.90215798712781,11.607543307086221,1.6583312833061157
5920,1.092443250348837,30.71546025249919,11.268706872602483,1.0297438579324976
5921,1.098086281641207,30.192088290991123,11.344609160495486,1.221307040531549
5922,1.0956510456645028,29.748491873192176,11.102798743124422,0.9263010443349058
5923,1.0944547311396522,29.977896820292063,11.635006620341924,1.018009349062806
5924,1.0868087226915004,32.794324983229096,11.436739345622636,4.9493277909185345
5925,1.0867779992752047,32.21221242047681,11.77201688369095,2.8526652430062978
5926,1.087491030860399,31.561557738458873,11.376601436639147,1.0550476700633902
5927,1.092575629364316,32.851039698056844,11.075394174437234,1.18705129993624
5928,1.087253343028883,30.994907895341996,11.690688775108944,1.1379324415607883
5929,1.0801094629574242,32.11416299806791,11.714203901717058,2.4478642695384267
5930,1.0866216314278687,31.151600367627797,12.195850161264008,0.7813752383142187
5933,1.0951516226508724,28.131426739659194,12.015505418582528,2.782568848205693
5934,1.0937340565202527,28.682534517676988,11.837018864821887,1.0947795519065784
5935,1.096541174825496,26.96573603601128,12.09131224191208,3.5570567970832236
5936,1.0973679929811553,26.014147885367105,12.982738044822613,0.9351179969298201
5937,1.1006285601302186,28.786149651090454,11.79098664506526,2.3702676785642596
5938,1.1029478753092086,29.725150624265133,11.045095226166252,1.3629158581797034
5939,1.1078731220070874,26.098798117799127,11.844292891408298,1.5737455583890834
5940,1.1034874688160246,27.270878620739996,11.876449223860229,1.4768372516276096
5941,1.1013927500112903,28.05757167237961,12.203347072239815,1.2025540093862166
5942,1.1022462950941159,27.190432044156672,11.341390371728108,1.3845531152215713
5943,1.1005135826837091,29.209198387768726,11.561454585777302,0.9842302694473835
5944,1.1078958522725109,27.41910105792443,11.633076087676464,0.8529574721873526
5945,1.1052558627134748,28.859286463839258,11.543464138210576,4.954839243839676
5946,1.1149311688098782,26.718902198278155,11.781646666959732,1.328721941247754
5947,1.1084650378278194,28.35033707330319,11.543727176593368,1.7307148936115235
5948,1.1117292111663999,25.233537414617413,12.072389264810294,1.8565603444167773
5949,1.1078235165850456,27.106572295103607,12.273083720325157,1.2762231411718556
5950,1.1081922282239647,28.30712260853773,11.690678911229577,3.365992536764972
5951,1.1216034874226777,26.14351018080033,11.537373279910886,1.4458180295834477
5952,1.1212781263086136,26.84448771591905,10.902619306087216,1.4813459771811868
5953,1.122791322416927,26.60483149236129,12.130605233119484,1.4437450213764769
5954,1.1310691174876275,23.675229261289672,11.631484882718524,1.32927459282072
5955,1.1236409064871955,26.858967540624032,11.72848253444363,1.3993256163660355
5956,1.126979511264718,25.902704320254205,11.641694966440783,1.8397833026327848
5957,1.1231378988225968,28.088540997272823,11.478869903911276,1.7223943929224383
5958,1.1355150118364945,23.132832434160598,12.522387865031169,0.8010214520681826
5959,1.1273126922849923,26.480627792492825,12.232697300138318,1.5103019139746923
5960,1.1515052493750066,27.810663464907382,10.235960628801823,2.3107266605239665
5961,1.1547495155019938,12.438225397423631,27.701492871164834,0.3286582888066591
6003,1.1534427963087974,25.568281386513636,11.23627065675898,1.1722092720407413
6004,1.1276554124298839,28.459915108481866,11.427656438204282,4.2198356041212906
6005,1.1260590916812026,26.473697443943863,10.727551180217725,1.6330684056815998
6006,1.1254237348768712,27.850624026626527,10.985532267768013,1.2004726071720122
6007,1.123237322234894,29.811908297696448,11.372792035319202,1.6052922378966652
6008,1.1286077205980376,27.100586912131643,11.118016226128194,2.8154250441422763
6009,1.1168107258745303,31.219698074152173,12.632557903795224,1.5667607329037516
6010,1.119909653595576,28.13548245610436,11.95863176816876,1.6000233387312621
6011,1.1185204239942144,30.640167456525116,12.042891355866644,1.73116617431725
6012,1.1151787604753025,29.0846589583388,11.764491116344654,1.3666644014195608
6013,1.1163262774854457,28.90666325820629,11.861092895721841,1.4906152125422463
6014,1.108744941151537,30.62227081131437,11.793873883092202,1.5122476514377947
6015,1.1127738259733768,28.893905440126208,11.510220016823839,1.4694669362090833
6016,1.1052050744873352,28.394912593809327,11.738493841876616,2.152958911561205
6017,1.1057907010189718,30.736787312438597,11.522546666632746,4.526013704231354
6018,1.1052586109201723,29.0855546985319,11.29469632347053,1.1146653780212563
6019,1.0986172531343226,30.32092995350454,12.457904900381632,2.1714438044887494
6020,1.0986993994390624,29.079607348485315,11.839882173062687,1.6164941776730484
6021,1.1073796819571218,28.58973372282269,11.639032768131619,1.772591217504938
6022,1.1019006517238448,28.307174075215293,11.469741957151182,0.8447109650304148
6023,1.1025245408123128,28.506348135947224,11.971053974589264,1.0340950781493141
6024,1.0947989980517001,30.969891742448546,11.832310083667894,5.358746298184588
6025,1.0931435141342125,30.728567148272834,11.828761865769955,3.192805938039079
6026,1.0936019021991834,29.826501697606677,12.177217748985456,1.1455485712696998
6027,1.0983173604064813,31.29547301267471,11.089517026677301,0.9215650665389172
6028,1.0956770427548426,29.308427341094422,11.994599312054774,0.9703004351250363
6029,1.0885362580461424,30.426644791669368,12.168810880641919,3.0542469690123473
6030,1.0956084034536202,29.39418586164108,12.508999890163102,1.1561542812258057
6033,1.0995615908960503,27.165865236507507,11.756334783016968,3.784730070746559
6034,1.1024316293062706,26.701151055546234,12.125861428255128,1.2221081806966723
6035,1.1038284366349376,25.58874794923241,12.50735433228812,5.251771196776067
6036,1.1061819682724379,24.341524325919508,12.969648331402182,1.4645272208347562
6037,1.1076479290356571,27.722056889687902,11.990863170772016,2.5744448680292233
6038,1.111850222896117,27.814670156895417,10.888899949342097,1.9940101577722291
6039,1.1128097616964094,24.702256890844833,12.31121839975876,2.866297196654987
6040,1.1121612426287264,25.79162842755941,12.372273041143833,1.7677903138872904
6041,1.1096719648368867,26.36801167217121,12.3724222267292,1.7566069411421212
6042,1.1084232932417075,25.701854893029378,11.172065513568633,1.484865524637111
6043,1.1078552238901889,28.247779844485283,11.680601587636904,1.1273708688111164
6044,1.1150604384193106,26.0329664396788,11.382511371864673,1.5896568554849593
6045,1.1079608609104876,27.84177447448224,12.012863426100056,3.731875031783486
6046,1.1197096874082053,25.446317495170963,12.438277866682004,1.620862032818019
6047,1.1168282082743257,27.04670601142075,11.870878510967408,1.336874190933753
6048,1.120044649346956,23.88351504434255,12.353527666978612,1.5494623399383387
6049,1.1161287276288403,25.73718634875418,12.037186986965793,1.3453422082186277
6050,1.1177354920876272,27.180349905183114,12.227803146738223,3.363130125332095
6051,1.1294648032551569,24.459323845997208,12.178572948919733,1.2003827373762743
6052,1.1309276643580382,25.257733874194813,11.238415226583562,1.384218216257262
6053,1.1296316365701025,25.524246735667866,12.492954488930415,1.5777667691613433
6054,1.1395698320703866,22.240115093302894,11.764417345807477,1.5389998971256673
6055,1.1347830608719558,25.482066858495077,11.86208213629035,1.7443960605480318
6056,1.1344550833497558,24.17433231358818,11.485778593049798,1.7635153456340127
6057,1.1287469964015746,26.552187709011733,11.619558091327432,1.7158120593252726
6058,1.1452935357200678,21.08084721304058,12.48331585203584,1.3292990922176522
6059,1.150173600503423,23.877221107175437,12.019299391540612,2.0429505222982183
6060,1.2047055350089113,26.318962770469053,8.416660048170908,0.5255588583708567
6104,1.1590852788938508,28.37480032488764,10.980546642436124,1.1754292153828918
6105,1.1461375724768985,25.352840684826923,10.563598720575456,1.8276665700576213
6106,1.1333759361192084,27.604580672502063,11.223342368224355,2.102888019951893
6107,1.1351759302273323,29.669539587216942,11.18536577268828,1.3113997174009455
6108,1.1392687689634022,27.113293418600822,10.683124725071474,1.625662643626264
6109,1.1290769979538497,30.4767276644961,12.410154561924564,1.1326452149960717
6110,1.1335308017431143,27.50119559953046,11.820384797023669,1.5999528649395653
6111,1.1324261462918297,30.408198310101866,11.108758457073604,1.2909693757066065
6112,1.1284624033018058,28.945658453918476,11.480392642268315,1.2885308028508802
6113,1.1289735418517988,28.846062106587883,11.59254709765266,1.475454744019063
6114,1.1190762662289528,30.4582389179073,12.089397465642984,1.5467346084838098
6115,1.121990393054934,29.090129516847913,11.678291930774112,1.5098938688157029
6116,1.1170386983922032,28.3198931788427,11.977696380828458,2.657435062835127
6117,1.118917213648999,30.033872611804696,11.466640339687169,4.516362199725127
6118,1.1169142708645874,28.17181678960764,11.696765111058982,1.1608952341804528
6119,1.112404936879752,29.87436202415295,12.22985764365886,1.854353655236461
6120,1.109724684834503,28.93140877773714,12.202608537996387,1.3613576922381492
6121,1.1196213495569718,28.463877649661065,11.380854412343238,1.706549217907713
6122,1.11467326065351,28.09230482585309,11.815295244295086,1.3332798681662326
6123,1.113375308113922,28.496935106808944,11.741113152750344,0.8892545250317142
6124,1.1084003263375408,31.201123408242932,11.942399010073176,4.586914448592647
6125,1.1062451477435937,30.321683184442428,11.712321808878512,2.367228785984485
6126,1.1086447532957338,29.40631704060376,12.00608866955611,1.0461494147530201
6127,1.1125071961464743,30.72427546284525,11.308198344025762,1.0612697708692822
6128,1.107003137571844,29.11760001404366,12.103048573662262,1.4655168514585917
6129,1.1004103620723278,30.14691116049538,11.526032617903635,3.4000408033345466
6130,1.1078300103381085,29.40947224659512,11.680931095679002,0.9426970304862867
6133,1.1142577879449924,26.46342836786692,11.53126120196318,3.6825869381352545
6134,1.1131466830989505,26.228152935790284,11.86295235047167,1.4409671075574284
6135,1.116078180610594,25.441573149437705,11.82019598045143,3.968460347033427
6136,1.1189871458934109,24.05055050563659,13.125953772513354,1.3211104975033265
6137,1.1192836025204935,27.39249396541331,11.544763537455738,2.06957726635522
6138,1.1258446741412933,27.424808400186215,10.90813630935324,1.4522413939123706
6139,1.1260813340723952,24.41217600699769,12.108833845950553,2.7942498919360195
6140,1.125316685505237,25.283543509457836,11.653510570804553,1.064989468514965
6141,1.1227110094754176,25.989454075434317,12.113511196333901,0.997074301543712
6142,1.1270310376742072,25.20183735990773,11.270565858984586,1.8335373293077502
6143,1.1219694634363233,27.664184656112038,11.42425083009831,1.6137300732421187
6144,1.1292073078087195,25.76938054044467,11.783179556003711,1.6443140633778908
6145,1.1256713157035552,26.905093663127914,12.003185004958965,3.4990668778715754
6146,1.1337784456143938,25.59346321282562,12.0447217204375,1.5446290829876859
6147,1.132786365807869,26.848815716068923,11.855114679488151,1.3575711709953562
6148,1.1327119546344904,23.259181664753992,12.225487400040926,2.1682265811966084
6149,1.1326609548848343,25.172885244148222,12.106544809456613,2.069305904443949
6150,1.133022671646906,26.817740528715042,11.960890139825885,2.4014526429131964
6151,1.144835711773834,24.30148980842825,12.269952013391443,1.3357459536337373
6152,1.144944598432435,25.44943665936844,11.095793907443946,1.6458870672826085
6153,1.143876429827094,24.818687569584778,12.04641960457856,2.201428867262601
6154,1.151849824360029,21.919999968003737,11.784152526921774,1.4832017713667858
6155,1.1465565079675049,24.927948941039897,11.63124036515653,1.5626223756428732
6156,1.1455913449176087,24.289732777543232,11.133058105148908,2.144858000218327
6157,1.143578902875677,25.337115238705273,11.30636259396105,2.4600725894892435
6158,1.1677246371578043,20.7478306274447,12.465802740975926,2.1445799720645735
6159,1.2284480078595932,22.628044343432922,15.250100767407401,0.8540877618458879
6205,1.1905396007108797,24.4624148137113,10.217495996781818,0.7491332394511206
6206,1.1492478236941526,26.543090124501227,10.887787206484381,2.247069188752678
6207,1.1382141704953037,28.68302769398116,11.26572446602473,2.1992896872218513
6208,1.1437377147711785,26.48440516423015,11.704186367516757,2.067631765624843
6209,1.1355146522935324,29.85984263759882,12.389871859226865,1.6955168809676495
6210,1.1388956448468868,27.12155826507608,12.195983693358293,2.214908896981587
6211,1.1378334713524196,30.318303846107202,11.596659956012761,1.5366276072149248
6212,1.1359082272210639,28.12255582181737,11.451160116192568,1.3986789778056437
6213,1.1364855790759099,28.329928726566614,11.907232908837283,1.7491842600578382
6214,1.1280502798469232,30.226148935077333,12.022945621018128,1.2407806055280615
6215,1.12970544251026,28.896241817986,11.254701855544639,1.5056046918197987
6216,1.1254895699376082,28.190372462448057,11.716903054093581,2.0956584644156333
6217,1.127410661671921,30.270572370841375,11.362332497701528,3.5637836419730546
6218,1.1273518738883048,28.438071735469453,11.012921080793932,1.3053952222562872
6219,1.1191536328583993,29.92656671714014,12.238243900352304,2.282309789873439
6220,1.12080163744114,28.512982951563565,11.832896308335114,1.7997790295687512
6221,1.1264001986329573,27.995627406729763,12.173288658265117,1.391264916562088
6222,1.1224707205956226,28.068317134026703,11.40541561205219,0.7776268027881048
6223,1.1204688083232899,27.772435512510217,11.807168327876635,1.392619313087206
6224,1.1169566560070034,30.29305907450195,11.61971414481121,7.5049900152626465
6225,1.1127613276691446,29.960815922497417,12.116739403752128,1.8187415392667263
6226,1.1144785207806966,29.128295814606563,12.088096440759886,1.0247318703786754
6227,1.1176143498039977,31.16969746532329,12.04265462809136,1.0875906512721363
6228,1.1156598854739694,28.70377669106485,12.084626565862989,1.2390663398766175
6229,1.1084659379501658,29.841973271939327,11.858424658646458,3.7103654945269313
6230,1.1151726682318017,28.931897172482575,12.217985100721238,1.477480216036221
6233,1.1205893697703064,26.265563526041216,11.56071746052843,4.032311349375577
6234,1.1213897883792772,26.24418170154081,11.864147826887653,1.6956221070201034
6235,1.124059261241704,25.151606674508603,12.124590376053565,3.413173713142817
6236,1.1264165166831142,23.728251629585266,12.988328809810941,1.5742785200126428
6237,1.1275938931106613,27.283038563115888,11.879087466704158,3.31254805132853
6238,1.132050853179652,27.453748079216684,11.094356869385727,1.6556154132936864
6239,1.1333178085494864,24.31546720962902,12.08007190925207,2.5249543161541594
6240,1.133552714362578,24.926010194001552,12.164965076583128,1.360442708931977
6241,1.1305348769973038,26.095920436751797,12.271524663772247,1.6661614344575462
6242,1.1334998469342434,25.474367867270765,11.81826608946631,1.7257764429747002
6243,1.132742904133206,27.64416793185465,11.376339158357766,1.2485248985757555
6244,1.1354792021530997,25.52995110709798,11.663333234852367,1.6665113314865303
6245,1.1324902058140545,27.344917494511012,12.08118459193302,6.020576509447604
6246,1.142096204185647,25.184966099406445,12.116299247795402,1.4469081844675191
6247,1.140295896460651,26.75753848704423,11.693736733702957,1.5453758086706997
6248,1.1451060896083647,23.46617086208855,12.12427845656475,1.9149943888130427
6249,1.1407257017005248,25.38102405647305,12.190940759019583,2.0455257468060264
6250,1.1434348275786264,26.499981832520152,11.981400362334465,4.093019570342392
6251,1.1525388856042948,23.81951775844641,12.768033659327726,1.770173225007325
6252,1.1543712349895743,24.974708661382653,11.50692485035764,1.8148705609976055
6253,1.1538737593740223,24.896147067617633,12.232585683688699,1.8973222542117567
6254,1.1611667581374843,21.676585095632745,12.041346683117439,1.901142419652888
6255,1.1538596248999176,24.73135370414218,11.529067616723246,1.9715344718314958
6256,1.153072856346666,23.657081320896747,11.382882426621517,2.586656024418488
6257,1.1661868206161479,24.57346629574657,11.058212442568978,2.477769718692949
6306,1.1990458073688326,30.309679198529935,12.61307147793575,1.090589783489683
6307,1.151028867423946,29.346117628425162,11.307306471756707,2.5990253606959928
6308,1.145581721487059,26.774092153862615,11.843862077528348,1.4567482620871537
6309,1.1374109137536144,29.917573920089097,12.167140877262806,2.0804032060334268
6310,1.142619522775323,27.10289187869174,11.739970327142277,1.5917145881642178
6311,1.1400210528541639,30.03537158969834,11.796120011820026,1.3760228176269977
6312,1.137483794278802,28.142875366311355,11.070137655505434,2.3104377465235655
6313,1.1416902154469861,27.881870205684343,11.581960997857498,1.87293730905735
6314,1.1301815904924826,29.936947624770955,11.931509938544357,1.8630732400728922
6315,1.1362314694393267,28.385455474143733,11.328697650367268,1.599067314808621
6316,1.129742604667476,27.695670253953114,11.482608840661763,2.363783000248896
6317,1.1319454371892013,29.614887097977263,11.922324270921312,4.268432004429726
6318,1.1297127517777672,27.935623276972514,11.559100621931579,1.6520648203380304
6319,1.1241611683583728,29.6814158373598,11.710403382137262,1.619791418132862
6320,1.1245450279504157,28.770773391699954,11.587642246533504,1.817727427542231
6321,1.129769678826901,28.30488481206283,11.231852044244405,1.5242459580621026
6322,1.1262315281044213,27.400150291123566,11.589300705689151,1.470152066202873
6323,1.1265119788153248,27.32759278254878,11.64770608978631,1.2906943910086524
6324,1.119200912932027,30.626962215834084,11.807071549765613,5.233186633772154
6325,1.1180111950630696,29.880470140431253,11.98895455298288,1.9757150228062141
6326,1.121006340952949,29.0359584811157,11.868094830837775,1.375603301452163
6327,1.124002197311662,30.981480456101355,11.663255979918992,1.4500635087408105
6328,1.1196822933778368,28.77811798328382,11.931718389875094,1.6116721966393779
6329,1.1122368747792435,30.060304813964677,11.189101322200015,2.036718176548991
6330,1.1185679389147034,28.68811670679152,12.176702544200841,1.2001966222596654
6333,1.128193492766227,26.321452280714148,11.433461254099551,2.7969617872820174
6334,1.1255407790441123,26.263534402790857,11.810358784424277,2.3647849593790227
6335,1.1304209593204984,24.71454069725599,11.963634302099381,3.0085433732273383
6336,1.1320968069752777,23.357335048816825,12.505864450403873,1.6575093993264456
6337,1.132061174889611,27.250759469956762,11.319507287581843,2.1729976477831916
6338,1.138845573299644,27.531250589783273,10.773309450602078,2.1259715147569187
6339,1.138472016998622,23.98735479922156,11.769607826975447,2.1081103713606786
6340,1.1411697281411326,25.255857396411542,11.283587556466689,1.531744339721404
6341,1.137965394460013,25.965335307263164,11.86341518652241,1.8799223875684157
6342,1.1383047154726669,25.038932302282387,11.665451710158665,2.122041783467793
6343,1.1384953504229751,27.161880626600254,11.525379172860067,1.1846090804305311
6344,1.1439230170042767,25.18957612284903,11.678446069930096,1.5854635351160773
6345,1.1400117359192117,27.008885819288324,11.634484011824876,3.6456094721436263
6346,1.1511441824574147,24.426593289338857,11.712684120838398,2.021149163436828
6347,1.147040894162229,26.665341564747948,11.68510721164801,2.7155723581271456
6348,1.1496221089089518,23.282037168415787,11.740443290719817,2.465060267867652
6349,1.147831060655861,25.368050548922426,12.181913953871062,1.9853798505708844
6350,1.1470823479499832,27.002387516104427,11.859938230603408,2.143508406119517
6351,1.16002076476394,23.760908713238955,11.92611234567436,1.6805221736916078
6352,1.1598020809024547,25.105943937305582,11.19699591336138,2.9552812167911364
6353,1.157604349806297,25.033953795952435,12.017674513648451,1.9473431115735882
6354,1.164542766402029,21.813353506946505,12.018432274351136,1.5215928011099695
6355,1.1595335494683534,25.045770918144264,11.43384665167593,2.6010860159168008
6356,1.1736766906547687,25.059061087444817,11.438796438466975,2.12492357149784
