6,1.1889923850220068,7.950508658485971,11.353570941573764,1.007950970538214
7,1.1539914238149906,17.52186075937023,11.164038546726868,2.8382921211983274
8,1.1473995667031438,35.27313736935596,12.035717522731689,3.637362971447786
9,1.1482540837517103,10.784026994938907,12.039206876545965,2.0271086397147218
10,1.146665517595276,37.56968537648352,12.14668594562902,1.733183122626791
11,1.1492397914343178,7.576730474482942,11.86587754034892,1.943057012803785
12,1.1501781274596072,29.91089127342465,11.134857537933648,2.365920798915142
13,1.1492453374897478,5.45621037858438,11.577039758020668,1.9942354052879705
14,1.1443350518691484,39.637936502660125,11.616653690053361,2.228568949437422
15,1.1505608607612203,5.067650755265222,11.031087477727441,3.591853774239335
16,1.146336446339838,40.69597318647107,11.472142943433283,2.44918735276373
17,1.1445754414519327,56.97235411195455,11.306469932613405,5.850379261838668
18,1.1485258005788583,7.360947325695676,11.273457991970973,2.3984949219983376
19,1.1443305622041713,43.65427417739846,11.683975861703155,2.9711607767562214
20,1.145402980513891,41.24185671998429,11.19858369211522,2.9880348132863754
21,1.1456837726324356,41.76600270393603,11.315105514238066,2.180262711946432
22,1.1498866932931469,10.82419757340851,11.42829056790584,1.6428345024623732
23,1.1485099643512349,6.621510997382586,11.986495251090645,2.040787283161805
24,1.1400913512537483,60.81525204329048,11.534496836082308,5.637583949573589
25,1.1448760409557366,46.37623729500864,11.564859818990266,2.9857556413628963
26,1.1486423288244263,7.304490915436912,11.96508277498878,2.641588362910827
27,1.1508606924862257,7.747562035879759,11.492671712642109,2.0193440954900708
28,1.1489817974145111,7.176564380331194,11.814686662672294,2.725194740508171
29,1.1454047093280186,49.230201681828284,11.531190139742233,3.6329416380362654
30,1.1533527237333563,12.825555306418043,11.875698303037785,2.0189156683074754
33,1.1433474894688442,50.071252272947326,11.179307985581787,4.004177645148649
34,1.148013668033548,8.323306012369951,11.29739140994373,2.67099199319682
35,1.144045465706959,53.18084928925772,11.345486688376912,5.0060613233611315
36,1.1426535930789259,8.995742086785354,12.018651202320461,2.4623738001146362
37,1.1465636669305768,49.134577210972715,11.095543505187935,4.167890331446185
38,1.1548358459931332,4.447079766246548,10.253096098585393,2.186307549168778
39,1.1475161740170905,48.60540991671639,11.055496444720294,3.35880152480509
40,1.1536758319887057,2.8372906190798415,11.035735165605885,2.4252716690754896
41,1.1545135463195983,11.731600021829012,11.140613880231603,2.3189396828370668
42,1.1555803889581595,37.60722156177282,10.933616836065175,2.3303447001903637
43,1.155422016446504,8.207531697551369,11.070800658167176,2.370035821501212
44,1.1583057763103206,3.7607376467075166,11.273788161338073,3.0243228450974526
45,1.1477537586980953,57.551444490018554,11.476705263323318,5.906169548102279
46,1.1531004597816574,7.1661225835917355,11.318535715026128,3.222835119249144
47,1.157269255517315,37.34653883404022,10.474176756564722,3.0757895276540963
48,1.1578221842080327,15.745627678641197,11.25426374154974,2.8527478137637603
49,1.1524597030305326,41.07144439138387,11.57461961232543,2.300428142007005
50,1.15148791337042,56.67838512468284,11.381903073334925,4.330771734911213
51,1.1474800453899354,39.59208220721119,11.829354324505108,2.8254193998740313
52,1.155572437064077,7.219566805096986,10.376255285255215,2.0476019653184285
53,1.147232189547103,48.546051172512335,12.031157875325823,2.5024600657700247
54,1.1421654074994465,29.922288665754337,12.196125429164526,1.6888425866929297
55,1.151265267313446,9.730373863946841,11.072837162081123,2.1670187790140587
56,1.160065710690884,18.20920240497541,10.413425451040984,2.384110686275633
105,1.1694367459690542,8.579212487076415,10.869969197717895,2.2414500620623157
106,1.1507574538335648,6.0168064941635215,11.31065096494163,2.6206633638754195
107,1.1412540288070256,17.18272935121675,10.959720214669735,1.7600895009463207
108,1.1427858141813854,35.75716785531509,11.272485170619092,2.121406844093299
109,1.1407260074662566,11.457220562772697,12.017775339311234,2.0290733548245927
110,1.138272138867289,38.801077560548364,11.686433806225505,1.7571179043685679
111,1.1388751281299054,8.737172675313285,11.330644867032293,1.8145190682913
112,1.1417437943212059,30.760174588059943,10.814961045839153,1.9036302312298639
113,1.1426847806835483,5.88797660564224,11.375583038178705,1.9668015701408619
114,1.1382319406626833,40.137478977600914,11.434451822561167,1.982101215654647
115,1.1418262380601054,5.954448890837295,10.292818353530883,2.236976680182392
116,1.1384208561885718,41.56054735648428,10.88938165747812,2.923714394985614
117,1.1365698077262758,58.351950141923886,11.361281670023683,7.328354482955585
118,1.1378383515821697,8.459219033308047,11.115774491833584,2.3312428424441123
119,1.1402474120655284,44.31841770928543,11.206582916280036,2.2032505791363453
120,1.139011961164986,42.02748598193848,11.22728124920724,2.215172824019992
121,1.1419331452654404,42.24790314910643,10.716313908350264,2.642583050426173
122,1.1423241917009017,11.462904948423118,11.591595539073008,1.5244888152055438
123,1.1419932094656713,7.170410156846889,12.032643092541084,1.6957986224824877
124,1.131507433956452,62.08486063283375,11.29278996018441,8.761313067791024
125,1.1353897806625715,47.55218646194114,11.847000078843827,2.7090169265846287
126,1.1418594804733935,8.12883092200541,11.83820899261777,1.8497328935002086
127,1.1457003161736183,8.701980456945213,11.585273135178918,1.9482246886493282
128,1.142415342378089,7.924071797031611,10.95899770323641,2.7119640413436046
129,1.1368761027875487,50.225382632326856,10.794291778682629,4.8441129116264
130,1.1430654650798722,14.50985063592489,11.668638934310241,1.8836246234923701
133,1.1385245422014283,51.19803308355796,10.76917904409741,6.033092917797099
134,1.1422289993117098,9.025304397974576,10.939603079885373,2.1802427524030152
135,1.137909980624086,54.462705760473135,10.813579343794803,6.102753437906572
136,1.1357240891507927,9.806318821891946,12.044283277153053,2.4659183348543916
137,1.136984002835737,50.27200475426554,10.671420706253436,3.605089254571357
138,1.1473897512399829,5.0778305044252585,10.325201378619449,1.9758690720088514
139,1.1406963723812216,49.40445802073126,11.067930751584877,4.323492464064719
140,1.1487572627906628,3.3949502865786103,11.025069059982844,2.8180865670973403
141,1.1467852461208448,12.681825922292855,11.44091892923259,1.906412406249002
142,1.1478505006860273,38.27637050986842,10.559049119867067,2.6024695496745016
143,1.1473284217856008,9.150258431396693,11.18236015118816,3.270935069033418
144,1.1489887059062531,4.532663158532837,11.090000797733552,1.687814050498065
145,1.1384544033979414,59.12140039420742,11.0702863899904,5.89260641405994
146,1.14684584795758,7.721228169932111,11.438426917153887,2.513813613765509
147,1.1502056731257837,38.20236031966832,10.020981952258069,2.4358722757557962
148,1.1488222194571094,16.1816797697788,11.143668613778607,2.9444840969842163
149,1.1453398647899073,41.94883827320852,11.317277319551673,2.7021823288115923
150,1.1470404586978844,56.99431453394954,11.084441175152465,6.161766122651407
151,1.140789944354486,40.657030426810856,11.511325514750993,2.1299347158187625
152,1.150186531704081,7.58556191864453,10.539647796586362,2.7536840699852227
153,1.1365325813389482,49.88447198275488,12.040792698742887,3.239849550792954
154,1.13524096098299,30.367461991503003,11.78562903045301,1.9359818131505562
155,1.142950411585312,10.360204675892337,10.857565640040754,2.208071209640753
156,1.1419346651318527,17.41353097296675,10.32327482532378,1.967859262545969
157,1.1558963930774895,14.054557048024655,10.764024964899846,2.372748119533453
204,1.1553610702870263,51.8415038525293,11.05644346930704,1.8729175945735075
205,1.1418912815682245,5.595600895014759,10.542249312689005,1.8367601902319377
206,1.1303530756241744,4.624325124006492,11.289581611376509,1.735982266342412
207,1.128960964025233,16.44977072148813,11.056818981092597,1.5852348388827138
208,1.1279988210048981,34.992901039794766,11.566461788747835,2.7788680249822835
209,1.1271187332537602,10.824519448861212,12.000620433933282,1.225398615639375
210,1.1233676631068061,37.829224400033155,11.663777306055156,2.5998076624593542
211,1.1253228297791806,7.271388786771403,11.841412841481056,1.7022319996980237
212,1.1272480474897908,29.78196478753637,10.925496865828118,1.677078171301118
213,1.1270576418324545,4.618385659898544,11.44612502639458,1.1757462529301939
214,1.1219668636275564,39.76691027612252,11.642087289305824,1.6204735472855831
215,1.1246678825936067,4.775749599350714,10.425417967685163,1.3866543593889193
216,1.124596962416792,40.649330576708564,11.105250497261755,2.4375983695549275
217,1.1210789108296244,57.73799053107868,11.586543040250639,7.262866580821705
218,1.1252495535819405,7.085633647668733,10.783970590006163,1.5517221442121383
219,1.1248579177275067,43.59693861540538,11.636300267041793,2.7636921027981103
220,1.1242087444219724,41.25216167818141,11.40282282443807,2.3529844393641572
221,1.1247544252263106,41.29571768463696,11.168011620620971,3.0104164668588824
222,1.127983391252487,10.346240759885843,11.660736455044907,1.515837623960593
223,1.1239941754512965,6.999834833361657,11.858340733232735,1.6510764281179857
224,1.120522088104166,61.0041641449023,11.31061784707546,7.115786144457638
225,1.1224739363469338,46.63251856583096,11.460295258975327,3.2537813177674186
226,1.1258462942003002,6.859800470305727,11.77749365548118,1.7174452367971285
227,1.1298876635676791,7.521287514307074,10.901597024898726,1.3130769449123219
228,1.1259433496802613,7.179120226597443,11.096814517652401,1.1895947736956565
229,1.1241865783121134,49.32805164714688,11.246096563836327,4.683724133118754
230,1.129255029459384,13.389136956062316,11.926651770325863,1.4539427128231788
233,1.1226392928584366,50.30262091859316,10.67963989227392,4.907566069290373
234,1.1238408627768504,8.588403767543866,10.642979649653057,2.523902234826007
235,1.1215814238101969,53.87678114729745,11.097302340547124,5.413112284061436
236,1.118014662994354,8.513022952102645,12.067958153279939,1.7006446557976511
237,1.1224795111876342,49.430055395195744,10.60840846273722,4.43166869172984
238,1.129813828276836,3.965133481705476,10.318930503243521,0.9440028395714237
239,1.1264730116842698,48.74851293577852,10.982606809848654,2.7090683822600115
240,1.1292162678014093,2.1705396966492208,11.064574900142574,1.916522476309586
241,1.1297343022011765,11.671007805937354,11.719809776093891,2.063835382907078
242,1.1321962281543787,37.63179691489433,10.622896845310121,2.3028096263973867
243,1.1320464878913519,7.861746247619397,10.778213532382997,1.763763620359743
244,1.1334639529550703,3.1660146877233353,11.24686964448738,1.8301816265106223
245,1.1264856582319345,57.94626255374,10.939228163177221,6.886923812945761
246,1.1294765056634417,6.698402295419354,11.440839999432955,1.5927013858748833
247,1.1327014356780418,37.868563185079765,9.93773380551817,1.8853495258823814
248,1.1327848612690385,15.659675338844952,11.027384560296566,2.090740054252898
249,1.1300903846344126,41.24926789127902,11.347486798272197,2.0781411300114283
250,1.1308104077795915,56.51817859010811,11.259303240348997,5.69244126635121
251,1.1281704794428982,39.54594862929986,11.819042999799574,2.538240267142507
252,1.1337604840247084,6.665102214001793,10.692846165135643,1.6777650651502662
253,1.1266195980138787,49.03507485279952,11.710725000152385,2.7765921433482226
254,1.1218037166370727,29.559245009678325,12.005808992634076,1.2081226623616286
255,1.1312645203623122,8.921360256304812,11.079101229829705,1.780405334135003
256,1.126345313918418,16.549637587675317,10.815266503526587,1.2562513240507238
257,1.1301843003919192,12.468828770549727,11.060661066957257,1.2715475153664295
258,1.13930465470759,6.160255253678513,12.377469059076565,1.8718182119738713
259,1.147523710297884,19.116639794429773,12.695905541006772,1.0877014478153852
303,1.1673732755721773,8.10054439187006,11.592561733904933,2.0596181592055705
304,1.13850044277552,54.195759317615824,11.372257718211845,5.009216694303724
305,1.138073332427724,8.30885481710736,10.845679442831008,2.3248968620028365
306,1.1370015275118053,7.744168604589533,11.401027123716988,1.3251356526042406
307,1.1350791991383766,19.37994615319894,11.542002161843527,1.5217649231535895
308,1.1338601084455298,37.952510739206815,11.526062334312234,2.4137478153192276
309,1.1333297101539321,14.048365549334738,12.062126393933196,1.9067294997267976
310,1.1301938237923614,40.96258822893782,11.659659751680998,1.8089639600398248
311,1.1314049181560049,10.327440858941653,11.835333662255076,1.4504642063156705
312,1.1317285495153917,32.80992745353847,11.418922896734033,1.5647779007937799
313,1.1334344445025528,7.88576345859532,11.521398472685512,1.8005058897428343
314,1.1322624918280768,42.39456334537116,11.383536175960044,1.988153299578813
315,1.1312743652323602,8.11667784565735,10.377638964733496,2.0448788865312646
316,1.1318029195194026,43.68816556146257,10.898274845625318,2.6390197229125096
317,1.1253775838659206,60.782526609128155,11.512888164103114,7.555356274397218
318,1.1310395831901636,10.103459236465135,10.825644110484319,1.405200773229693
319,1.130676718296225,46.71746539350555,11.776318188953642,1.9992916662288411
320,1.1297115615475493,44.29904717596145,11.568547891972106,2.0157168111261443
321,1.1298025830329805,44.721659150732464,10.761469149632267,1.568811045782505
322,1.1328251822624607,13.616636704601131,11.187644096380279,1.541711162525452
323,1.1330126741982212,9.863235290578125,12.007797185797255,1.5431053487060777
324,1.1240299564381684,64.07466933161963,11.806925540935124,7.641333578936694
325,1.1290856374125282,49.379587937454374,11.658111244716794,3.2778054726253996
326,1.1315477821953734,10.197769171712535,11.756811536060164,1.5048104747427389
327,1.1354320207694175,10.783004207784908,11.551827091221147,1.518185533586178
328,1.1309387493574237,9.953829153652974,11.49674163972784,1.5922546461653968
329,1.1287117483534443,52.33674602599457,11.193449599634631,3.564280119112839
330,1.1366711537851442,16.382889313059703,11.789796097206947,1.227556383001937
333,1.1264788627492772,53.39368021708978,10.727250608099578,6.262620084311035
334,1.130465868102064,11.174553974570303,10.88074331845469,2.3842894165585937
335,1.1254875932031108,56.50151759866979,11.711134476352072,6.244515601869535
336,1.123950908788692,11.705725341153455,12.648108637773833,2.2158318905311694
337,1.1280471971884196,52.49608207037423,11.474969225994474,4.223155258782477
338,1.1357706026569638,7.219686672410098,10.518958478680647,2.3635944036477503
339,1.1301948366702919,52.10740941074358,11.115460465315978,4.181201054208873
340,1.1354253338228304,5.058501455307764,11.066990861604543,2.2403992630848006
341,1.135661805845261,14.84987600161664,11.568320309815427,2.188341241515763
342,1.135087048692294,40.92151132643939,10.234477218814853,2.530988521689338
343,1.1394848092603846,10.841240999214826,10.922181228709455,2.764841521156162
344,1.1395892527026645,6.56236638652266,11.467390680434528,1.5119690793182328
345,1.1296606952702533,61.34359293849819,10.87879924018594,7.169220941027504
346,1.1358853260207726,10.05251052121988,11.302026526027118,1.8622153957608347
347,1.1395843582229355,40.37376756414668,10.178207865615287,2.825425387886328
348,1.1375571327116725,18.713539018412995,11.05615289904466,2.3996441040695746
349,1.1350242216440183,44.63758552125149,11.775705800525847,2.8701290742902303
350,1.1377498720689025,59.329215007916005,11.136700644106565,5.243003980256388
351,1.1351104983689393,42.488743996789864,12.024831408080372,1.7428561348248406
352,1.1415685097596833,9.689940638032082,10.774334799376296,1.9917461657494775
353,1.1318862120982434,52.021616404380836,11.730898680457406,3.2637813606415538
354,1.1293794494216125,32.52691255644827,12.169578485227103,1.3919434176501635
355,1.1381044187863307,12.011181779119624,11.312668985701846,1.558437308514913
356,1.1346061078047902,19.58696868997362,10.830165761738387,2.7068761632456204
357,1.1340942793981794,15.29256723234666,10.555857251759729,1.805078746001555
358,1.1308415610155795,7.890188301463163,12.28175229782119,1.6095609290269406
359,1.1404655148975111,11.509260014324987,12.2441271988869,2.7668477469314725
360,1.2019158113486306,16.588710863807396,10.737476427000724,0.8926316527932389
402,1.1593374967847325,36.00314185436355,11.175011944902332,2.011199323783824
403,1.1393200639846695,4.5166087991909425,10.935905548442493,2.3556481578845476
404,1.1266185605270769,51.7235870707323,11.09551632902479,4.524245264920088
405,1.1304256564990776,5.806095657380804,11.012946273746655,2.0357265179531474
406,1.1297034497985745,4.711243600731312,11.314231398757501,2.004236693072216
407,1.1256694858745608,16.978077163059705,11.306698768024333,2.0501114077914586
408,1.1272952402273866,35.40277987334545,11.238166174095467,2.7089393990854975
409,1.123714243008257,11.027547904566879,11.927243881763895,1.3474330330684026
410,1.1237218749189757,38.26937925278996,11.896679889780513,1.946376926833765
411,1.1243899668337134,7.678907366066877,11.558155807052568,2.0403735403341807
412,1.1243638198166483,30.21932559122717,11.122878924939176,1.420896371791595
413,1.1240788796159404,5.178152590631389,11.68960388194099,1.853255243514537
414,1.1204907416484264,40.093274332805876,11.610701584981193,2.128931086497419
415,1.127431594209289,4.866477097243462,10.10832151857505,1.6238239836007629
416,1.1217486623416368,41.47219615347179,11.431085956097755,2.3382601680729382
417,1.1197743594561556,57.896744890826014,11.526172716075733,9.051118424807443
418,1.1223717384193401,7.180869941649986,11.128656963449542,1.1749042750265946
419,1.121810604170689,43.953155328454336,11.96272244611695,2.7641348196111997
420,1.1213615649813016,41.2786525760443,11.725877224090993,1.862672437727796
421,1.1220035863655735,42.173028255814465,11.30208995569221,1.9719926650809254
422,1.1253002252897255,10.906015210798557,11.445697449604676,1.078319416080376
423,1.1249450195279447,6.746948541914854,11.890087079633682,1.2231414723500509
424,1.11643597456936,61.54030032116065,11.2930209034657,9.796930046198664
425,1.1201895195308575,46.85902333325676,11.678862825085314,4.432195431102282
426,1.1239753250972755,7.441340538961061,12.001146047379587,1.2451959393206573
427,1.1280010631334465,7.756880661095027,11.344182928545127,1.6408372056483136
428,1.1239781920043928,6.751531341875458,11.346366434867988,1.4763426971432392
429,1.1205032575590343,49.66531206284515,11.201964031871833,5.44672013435363
430,1.1290649853003225,13.337499764793703,11.806717919832764,1.3447549787570843
433,1.1193758821354707,50.69950546171712,11.23313252189381,5.310286111046663
434,1.1208362723082959,8.28482885463118,11.033483142341112,1.9091227910211352
435,1.1181093009275027,53.98943017701019,11.325641862781493,6.701630116021357
436,1.1143348594418556,9.335236113059285,12.40746915731594,2.204069726806888
437,1.118711848757057,49.87706022561046,11.525395812114818,4.548596980785368
438,1.1255122879479502,4.564692452735196,10.508687775523295,1.800188895494503
439,1.1215302733791235,49.30272803775716,11.557652057250426,3.5553237913191302
440,1.1279984779305154,2.1016575065765397,11.508460684952821,2.1671167759651753
441,1.1267642935806792,12.041015745621019,11.936718004698312,1.731788831611211
442,1.1288698603483964,37.94045549693785,11.079364078501161,1.927789148623702
443,1.1300548506696872,8.0114889523654,10.92041181063658,2.4341431157554685
444,1.1309233597350155,3.2698021339008876,11.591650376383601,1.4986315813814595
445,1.1218025215666239,58.561951265858596,11.417760067346732,7.348484850021864
446,1.1268492965910542,6.673095838435133,11.613048404291078,2.2108645070764696
447,1.1339900710188875,37.47661889454519,9.745863126837254,1.73465693597283
448,1.1297442482563014,15.603963386839865,11.368856777744274,1.8707894547461945
449,1.1294393185266014,41.190505845103125,11.531072807088126,2.3740569374778793
450,1.1282002061620184,56.39519661116208,11.92979784983558,5.490790524839641
451,1.1266396107492298,39.87711592175482,11.83532710592036,2.4403179492070337
452,1.133674988305277,7.018366688211998,10.818897662217603,2.048763626390656
453,1.1267119025237482,49.061354248514256,11.834002080276408,3.3557578181282346
454,1.1239294330817897,29.425134961262426,12.342737114354458,1.7436935379535685
455,1.1307155600421366,9.08347089738079,11.414516841917417,1.662056483405274
456,1.1293260474517062,16.279802114538082,10.916787807957343,3.0092299920604546
457,1.1289563725604361,12.347656083544088,11.189652157961998,2.2094967326964166
458,1.1227074956222538,5.562929978966409,12.515722146512354,1.8230736119269033
459,1.1241575378391047,7.8137389603296405,12.177041981372007,1.6265501758214955
460,1.140816922818966,14.134118337619729,10.2605016683438,2.1513117503352643
461,1.1748052828094038,15.585985733612626,11.331881976564853,0.5629763348525629
501,1.161049720329041,43.91565687745653,11.68864172201482,1.5171263672558657
502,1.1422227059286219,35.78077470784414,12.027980277932171,2.4107956420105143
503,1.1376570083010136,5.5122423430017315,11.435273717730052,1.730748696784438
504,1.131743005659378,52.68466524329147,11.77577228202349,6.7300974876890125
505,1.1395618268179228,6.608641376553715,10.873546950068864,1.4310727700417247
506,1.1373319160488753,6.464940042957651,11.331553665062847,1.35730437521041
507,1.1329974223134573,17.65637118315357,11.912512470094164,1.8206147405520579
508,1.1328202363794944,36.28497845843868,11.651288124650831,2.6554518320702294
509,1.1314398478961618,12.296420326544194,12.611210448623531,1.0318293620306762
510,1.1304825712494684,38.83159900184677,11.995870521456073,1.9421501366194913
511,1.1314348717307847,8.465436341448738,12.35148240102413,1.3501267041262666
512,1.1313240326501757,31.055826258732825,11.154457990797615,1.5558094116488392
513,1.1308846728791602,5.797261687103445,12.119015242397353,1.5584426895811792
514,1.129049111618292,40.70122562817774,12.084426073573326,1.9087510624284547
515,1.1300623051266163,6.217252154635026,10.864360115722945,2.470706052505511
516,1.1276141129542891,42.19710956192611,11.663778720148295,3.5469413071390448
517,1.1234962028285504,58.8335202069408,12.180312620903852,8.590866229279829
518,1.1279062198002305,8.356000230597742,11.16417982798222,1.4759441485671885
519,1.1293387589281898,44.73460236446049,11.86261667956052,2.824366217310724
520,1.1267075445516221,42.51668897814488,11.640628634520148,2.8870910497735527
521,1.1288278960105593,43.13043506690839,11.617578053483294,3.149755215101553
522,1.1322123203368264,11.718215266838458,11.568274210916014,1.2674273562753209
523,1.12944180953605,7.762196913700109,11.9826675499046,1.7834665318464047
524,1.1212232554459878,62.78705866378967,11.478287232464547,11.510824799912706
525,1.1267405525435779,47.71037373896069,11.953607835919263,3.7707842255692414
526,1.1299921144814113,8.340326820907206,12.083807187053514,1.3939980965881855
527,1.1325085399865398,8.960138651580337,11.742827585913588,1.1914611981411334
528,1.12797101462983,8.186747954426083,11.914140256961156,1.1856335175955308
529,1.1248369340618098,50.82651352457659,11.387837465830746,5.805044235740949
530,1.1334444621963595,14.770222220856688,12.087582916215718,1.669524777828465
533,1.123729045905213,51.32368319781504,11.36778043818926,6.479304501912561
534,1.1282896783695837,9.028640228978123,11.610792226615294,1.251610829311148
535,1.1244200305221939,55.13457260618709,11.629030934161172,6.412351414488013
536,1.1217901772599306,10.190944951907369,12.440323266551191,1.9939888016789797
537,1.1221648687456967,50.88193133191917,11.29368269583755,4.409398598951493
538,1.1310913604686583,5.282992902862068,10.664188879424886,1.5613245687904653
539,1.1272353164587645,49.731082101346864,12.026964675345194,4.958961772933596
540,1.1336700092938767,3.5667500999847426,11.4860113750198,1.9969748729260477
541,1.1318031462838576,13.018508131524307,11.907722260423805,1.6400779136093206
542,1.1345330683637052,38.659516062731484,11.164968144863737,2.0999779631857187
543,1.136104277882545,8.910413858996337,11.654518578947071,1.8438009815428824
544,1.1367788336937938,4.2131033109474965,11.745499525241025,1.6643471435195758
545,1.127816274672915,59.794859834806566,11.71603637446589,8.399962585427453
546,1.1342766766185752,7.663094589976409,12.170831125262024,2.1317807767206283
547,1.1381297931550611,38.371735360829064,10.568757237826803,3.2293305930132696
548,1.1352536105795148,16.893809328674507,11.95387980845318,1.6676557326267571
549,1.1315494380015605,42.470325174289236,11.719315973036162,2.727481977717044
550,1.135335541425087,57.5203216641661,11.87249833403156,8.000591468514187
551,1.1328146997178066,40.81728306279526,12.389011434933753,1.995575750593786
552,1.1410011849743609,7.838092346109237,10.921593065341202,1.6943030790718097
553,1.1326073076932424,50.07226274305143,12.279428362771352,3.4864829741151264
554,1.130048013923964,30.500779402883158,12.418834769400384,1.6519773663613861
555,1.1390262037262795,10.42392367671317,11.165030180484521,1.9170455843421697
556,1.136681752688066,17.45423442712733,11.326648473551458,1.8881969002596173
557,1.1397199946907575,12.96921299313345,11.36564717057735,2.3746016631975078
558,1.1333723715011996,6.331755221956843,12.728120556758727,2.2602595302598756
559,1.1328339938785315,8.640399497022223,12.565887323856156,1.214152486997281
560,1.1371349215765576,13.77313862517042,10.166842832946696,1.677719712122336
561,1.1460888306061954,14.3630184369084,11.236359868931206,2.360927905707496
600,1.1818413324973311,42.49216461528708,10.307441553568548,1.2692079019154272
601,1.1367187593361996,45.859933505681944,10.992007119743613,3.190751930083629
602,1.126397353737353,38.09526760921007,11.686232702930203,1.2202366024463307
603,1.1299225756022209,7.192532691226018,11.059378089376414,1.7450076184312147
604,1.1191236034810443,54.98445904904397,11.240308353672177,4.282245999680964
605,1.1296050283720704,7.512166253585184,10.767028065191557,1.8167713001943955
606,1.1273345905518126,7.087149482561363,11.173041956084331,1.508662765938959
607,1.1243593923592434,18.747588680994962,11.569204623449046,1.0963194119760946
608,1.1233756491082478,37.63731500182359,11.179240007232863,2.5744900935704833
609,1.1231647318066253,12.891302448177571,11.949962895011682,1.4123835160643226
610,1.1187857701226218,40.45585118355633,12.074730799544607,1.698464388525476
611,1.1200297236093617,9.733656656776812,11.829677737546875,1.2295152343534224
612,1.1214178248993132,32.022137010293825,11.159656064476634,1.131094619019346
613,1.1218912185888867,7.049558768442172,11.388420094180239,1.463463762559282
614,1.1161511138424314,42.10664778941202,12.038931682429329,1.7326630381021826
615,1.1188241858958115,6.930816620983311,10.169162816545668,1.5343674956321354
616,1.1179567888335231,43.301388155953454,11.615793750442418,2.2816172244033504
617,1.1144133974249424,59.979564771680096,11.56357698119273,8.835638499330862
618,1.118657187265915,9.362499265831284,11.159797797134495,1.1723216884219698
619,1.1205175592120253,45.95311347580683,11.462787148859704,3.3746997704702215
620,1.1171903710699413,43.59052880063847,11.55558676150431,1.8334692443556677
621,1.118262842633657,43.99336174905356,10.933710051710596,2.665052220183014
622,1.1222767716789426,12.709753500823576,11.414887916678538,1.318977469257211
623,1.11809077902014,8.915992698229672,12.296284922557312,1.045426816400808
624,1.112058277824657,64.13032864365273,11.833744015400079,10.65951690820323
625,1.1170760170212557,49.16823717307484,11.739346887722537,3.3482286354861044
626,1.1197269735991322,9.255260374447221,12.343118135577551,1.6537562795093994
627,1.1231109633810294,9.701449808082058,11.568921944422861,1.2111969142750452
628,1.118280579992891,9.174958745607283,11.635994383015559,1.9425249243427138
629,1.1148733379830433,52.16961259239751,11.618461346858894,4.12524497268051
630,1.124170657853445,15.581970952495245,11.613590739504488,1.1543907578113592
633,1.1152597240859743,52.80698790713954,10.727067733018345,6.762070519552642
634,1.1186474514970735,10.150232278842136,11.093360079929777,1.7162598852831719
635,1.114544049848509,56.073437876214044,11.439824477432254,5.892379756258039
636,1.112165956973103,10.857679399244496,12.242671552039015,1.3532581828972237
637,1.1149698612823644,52.20025453366287,10.824777257585419,5.122058349314899
638,1.1227604730312302,6.2098345678095335,10.387221657928118,1.065040415370243
639,1.1179315169929163,51.31052459618375,11.708711098898048,4.531008558176694
640,1.1235212055276915,4.021898817275122,11.194519508299575,1.571821974745979
641,1.1215115845231773,13.721834131359968,11.642860573699702,1.4495819230126012
642,1.1236760445821494,40.066853555051196,10.763628864450018,1.4757199094467006
643,1.1273442329493881,10.005153090371238,11.146328255500725,1.7430015272238497
644,1.1271373676792242,5.127570253558487,11.22509044837368,1.2517797609901011
645,1.1189912883175759,61.00747293363525,11.20903967449048,7.9646796477033694
646,1.1252449138738385,8.604801952184305,11.477387870145959,2.080169819999293
647,1.1282575197916354,39.562795935304734,9.891401253514767,1.6185100269429973
648,1.1250661313106225,17.984662717682653,11.560971831075573,1.7128980653093233
649,1.125425436179538,43.44390527315086,11.382183097558272,2.8920118867242253
650,1.1274850781558972,58.69543646946053,11.361065160799855,5.773721024523984
651,1.1237365207960044,41.995476831295925,11.983426161546193,1.5087880632003134
652,1.130450499320845,8.585066737956529,10.9303850512587,1.2961929076665037
653,1.1246632581280107,51.125095885532744,11.862330086795161,4.076349181533224
654,1.1237789319865892,31.635484397251513,12.036919594251813,1.1322300593414427
655,1.1298366176677157,11.436762298577614,10.914174249497643,1.8306316294218397
656,1.1275136753073913,18.282634444032993,10.869751375283299,2.1809020470620983
657,1.131414351186141,14.245818697500097,10.582735073964033,1.7293196716713632
658,1.1248068841919712,7.338157993516614,12.28080272498761,1.6980444488433792
659,1.124902693669323,10.30604206592908,12.300979557145562,1.6320852309481246
660,1.127062500604733,15.820191729621756,9.958966030694855,1.8671332949637218
661,1.1257720067989072,16.221828272733163,11.140121808981247,1.646890597399814
662,1.1385985493461557,36.49148982012185,11.320101184646433,2.068848785353166
700,1.1448337493562384,44.184926978980855,11.468942435968701,2.985548515841844
701,1.119882879744595,46.74542467552721,11.689712484837713,2.68786377018098
702,1.1205753370836302,38.56344415039767,12.07083334691282,1.622810542345083
703,1.12272642277857,7.031168135901745,11.54066985698564,1.5860247272694112
704,1.1180084742879923,54.88458279500148,11.58881247670809,4.448519862349872
705,1.1245879907382144,8.104373343540347,11.167160878918967,1.3157237182276758
706,1.1233810663394759,7.453682440105343,11.616940718074064,1.2974062639348258
707,1.1176703885254227,19.611628697085678,11.80265268448468,0.9889496551518699
708,1.1192799186735582,37.430925456341384,11.907272591556332,3.0608790990741253
709,1.1184899907647885,13.579453688876459,12.129671411655378,1.1031899909768488
710,1.115616111356933,40.62065895644092,11.858081032115177,1.27749069614346
711,1.1150435367599454,10.014184126266597,11.97014522367825,1.5755500540779714
712,1.1172038581491384,32.696862242491115,11.221735727288406,1.2605130401129527
713,1.1143314623825988,7.491796432017118,11.81020768438453,1.2437282817589326
714,1.114372034331856,42.38671215440754,11.849481033144597,1.7025363445879547
715,1.114979823656422,7.228967166859529,10.424012780415659,1.8823506372475791
716,1.1118940549122518,43.70152669528126,11.925360642937335,2.597458828830581
717,1.1115036652903332,60.500640369056654,11.866994368172284,7.771402224405853
718,1.114716913937408,9.683751074556836,11.160950935049408,1.5822272975118463
719,1.1126540519832206,46.76763609179711,11.730891059457607,2.2197293445761233
720,1.1125731947021624,43.664410807849634,11.645450110730614,1.8271200357446271
721,1.1141167745708225,44.42285170709933,11.771931564389984,2.1069502968467306
722,1.115908970422018,13.437870985376748,11.247382835998614,1.0418836010375145
723,1.1140905251661797,9.468757114941265,11.909780332760507,1.234553908334056
724,1.1079893973297226,64.34063329915234,11.430892369008744,9.435350726052482
725,1.1081281768959954,49.86151465292854,12.233592329176137,3.2612044639976583
726,1.1138880138656693,9.605987911036907,12.11439048158608,1.3211000913435846
727,1.1136417721542948,10.299111883757872,11.968215389232064,1.736896456123582
728,1.1141947889612303,9.567455039461034,11.91791198097104,1.3136377779596313
729,1.1117250481104908,52.690002055259235,11.509259746374909,4.84707306226229
730,1.1189510767395643,15.933443180720348,11.852028583382525,1.1628620174424387
733,1.1083931897538386,53.587584050394135,11.023589977393296,5.267024639058782
734,1.11229441808399,10.663775462460569,11.309955152869572,2.067363509214555
735,1.1085531490000886,56.83290083008363,11.689028226400943,5.303325889537358
736,1.1058244910185653,11.392393592981584,12.752301374047027,1.1012465536215057
737,1.1084731501111147,52.712600843877766,11.504406473279936,3.829207635700288
738,1.1171079593949047,6.5487447882063154,10.836411598862462,1.4537375668797932
739,1.1119191883464643,51.527474929825004,12.027026508000018,3.254128093236531
740,1.1179468996817647,4.745813543894949,11.361185591751086,1.669683002607921
741,1.1171244341989175,14.045733965527655,11.830608856456985,1.6902559934512844
742,1.1200498548005207,40.42313960063068,11.370976217921157,2.3801217195656235
743,1.1197838410118608,9.979204261162055,11.411532305405908,1.8891067179108705
744,1.121821124753538,5.643020853743457,11.793405562240348,1.6589778173680323
745,1.113189655480854,60.89513377796396,11.390619958942025,5.8697699061835955
746,1.1195474942044603,8.788218699074628,11.71001608269665,1.262731292386422
747,1.1231290389626267,39.98744212638354,10.031854854238624,1.7883648118241622
748,1.1210492145686768,17.87073841952932,11.991267639758727,1.5040573205399084
749,1.1188263529724594,43.89615962907356,11.708142391563925,2.1344081531240953
750,1.12012930089898,59.71854142392476,11.835006076759484,6.0266398145687035
751,1.1184956825178776,42.30151354244601,12.075509258424265,2.5201757085386065
752,1.1273567242070406,8.866411152543485,11.090513916903609,1.6573478928384249
753,1.1203508597638807,51.48875745990954,12.109870848685548,2.778751367662693
754,1.1167208393284793,32.37108319332414,12.277388103327452,1.1476146938418674
755,1.1245735700769726,11.636371924977055,11.183585387365836,1.3057291999325662
756,1.1246380278694548,18.645716062651182,11.203645009715913,2.1037612769871803
757,1.124874062956505,14.771874730659947,11.496600225392337,1.5337113234156141
758,1.1197408703057472,7.7063394334203315,12.925679931687226,1.8988229698643255
759,1.1195473441093067,10.670340874639862,12.747143112686542,1.2876281429191776
760,1.1220476339008154,16.25847323131177,10.525689809166252,1.5147520155199747
761,1.1185254064621395,16.980740910186128,11.454054473048297,1.4805512876224194
762,1.1197552832332207,37.10842601251576,11.94271970937405,1.4901683254900613
763,1.1393138521953965,18.754697647143175,11.744106746774321,1.8523856123255085
800,1.1489456168339103,41.77908383781103,11.374371660344485,5.0157498027751375
801,1.1262415064303468,44.25071034057414,11.581423994197436,3.435686093853346
802,1.1286412547489382,37.01967048665315,12.271787171980836,1.2447339558849282
803,1.1322391226332036,5.726854557502726,11.464138718178985,1.8529973816248144
804,1.1251286929964184,53.18811445738266,11.732747408851878,6.543128875967295
805,1.1330498639740718,6.6675465373744665,11.066948672938608,1.3071900622068455
806,1.1316032946443157,5.890915518174876,11.238954692880966,1.425320556324232
807,1.1283323998398196,17.43261600708271,11.39277413171455,1.2189904530620332
808,1.1272368031987858,36.09693439260823,11.531737305027606,2.2601719829814257
809,1.1261263100345527,11.893089530290895,12.533013606193142,1.3438586988017467
810,1.1247347286010845,38.64942599474282,11.946867676006738,1.868280685135245
811,1.1243439937344313,8.235650891934576,11.944727497688454,0.9220366246556081
812,1.1243973535429843,30.880230605135168,11.11741487334697,1.498322902999086
813,1.1253658317405502,5.570097852800709,12.231082360734524,1.5652492246071188
814,1.1215494086880158,40.53984336181551,11.71868003737534,1.7578639333095867
815,1.1241459988970064,5.64004938105169,10.288419818672706,2.075640541215057
816,1.1202421771941622,42.24395569219888,11.697498820589315,3.5739827446049843
817,1.1191533620531542,58.985112834320425,11.61992457449742,9.658630824607279
818,1.1211929575731148,7.882200250663715,11.29747192700409,1.369629482539115
819,1.122114686966072,44.352938170447025,12.162143772022027,3.187923352447129
820,1.1197708021163657,42.26152894639319,11.4868634160431,3.6461703465794573
821,1.1208736137607318,43.103444767793164,11.169131077071661,3.4205272134657156
822,1.1243707559856688,11.254814385716921,11.642890526030007,1.4133024428740857
823,1.1234584111491288,7.458184032122502,12.14419064430769,1.3007398565948196
824,1.1139006565019618,62.62861321147182,11.853312624447229,12.846256716626476
825,1.1191078845320732,47.58154318377442,12.394172250605699,3.450645740299022
826,1.123898406710815,8.005048568811628,12.027889156459837,1.2036623998347287
827,1.126284548970688,8.248268634014524,11.654250053538467,1.4163646745186182
828,1.1227687677873275,7.947407425709057,11.773331302873368,0.9285837735544916
829,1.1189752565177833,50.707803874563886,11.506115268181565,6.292995659105271
830,1.1251367634280611,14.258049653521029,12.028245548690714,1.4851452103567258
833,1.1143659023261006,52.09874171558118,11.18361464416674,4.422684546298181
834,1.1213323798503676,8.972414562678221,11.49092087265572,1.5414353444589384
835,1.1156582159841346,55.04424724441185,11.924971149942602,7.129802947641327
836,1.1161716320899633,9.687250584466714,12.880761915864849,1.8328369694582296
837,1.1169283281635178,50.84347535748752,11.360133605886627,5.420180507994551
838,1.1252284769320444,4.999281158672861,10.683079113593083,1.5737716893221745
839,1.1201774938448572,50.12057667548199,11.838440121748427,5.861406725754471
840,1.1294477419941296,2.7158234495591698,11.613159434630928,1.3920608139050192
841,1.125725154766229,12.146857696429528,11.664776434155465,1.5478341875763666
842,1.1255563357982112,38.43080911186391,11.187792791837563,2.47189366523956
843,1.1288616874438067,8.452719343528566,11.33265301085785,1.7769720953494568
844,1.1309780562063565,4.018415806071662,11.706248696612896,1.3965524053237677
845,1.1202019245792567,59.425681486683196,11.729069017323102,9.748968425736562
846,1.1276737707122817,7.529943900894316,12.015679017381952,2.0653528002222763
847,1.1292444072840475,38.35975702476137,10.323312260772699,2.8690315401997615
848,1.1295232437876612,16.25560190908337,11.947216273880652,2.269530179756116
849,1.1270851806340398,42.32994071382036,11.918564977557665,2.3909638565844458
850,1.1309312462874221,57.074899692131844,11.727268198760916,7.499487078870874
851,1.1275738561547877,40.19346926133902,12.18364700748441,1.546942897948291
852,1.1338446194410994,7.40802711186797,11.314339319933238,1.6751707967283695
853,1.1261718586867,49.96780652228648,12.417366397499228,3.3942344135975935
854,1.1265825903197813,30.112989167012174,12.487551323749571,1.3557192904952113
855,1.1333847981390592,9.763588203597767,11.573568611273975,1.8840417748751455
856,1.1341541512065834,16.70525473196522,11.257280045574927,1.4846630097963136
857,1.1350989614825717,13.019588158244753,11.429681372329249,1.717196654710683
858,1.1305564916442028,6.074256559135118,12.579433161055679,1.9130570774602385
859,1.128998049697285,8.914838000442835,12.657527177816885,1.7256644277946103
860,1.1335219961995389,14.392210726831944,10.4899696299562,1.3501513824658888
861,1.1280550755751815,14.503475917725773,11.470207227539348,1.663721536459218
862,1.127147412500877,34.536357565095,11.5892872700173,1.900692909644963
863,1.1428373126213478,15.550262703497102,11.636303688576303,2.209920398915786
900,1.1491532190183191,43.82538823709347,11.209714526969606,4.128924813181092
901,1.1269037021044892,46.05561541153631,11.210928197606089,3.9611120578344403
902,1.1274924458309135,38.503089021079425,12.102347517576222,1.9535392857889107
903,1.1320106174064914,6.6656355449815585,11.286419600327507,1.681699526167586
904,1.124841730102395,54.18991488349204,11.502632683207542,4.7745668058816415
905,1.1334748514646522,7.592007660967831,10.616088207422898,1.8131974952930858
906,1.1290356304100508,6.983466312266158,11.47536143900648,2.121683550750936
907,1.124932360686723,18.673155242575316,11.70261254504201,1.5149077412807583
908,1.1266604048491966,37.239750518699935,10.969130071011577,2.851928185663711
909,1.1241840295019645,12.83285725929358,12.475193077677938,1.3620903222966696
910,1.1224673340635223,39.87577892509895,12.105323166683306,1.8830237795623432
911,1.123061164551526,9.438892525146452,11.823631744888576,1.2669880891216638
912,1.1222188267043336,31.768417193606485,11.181835094680123,1.3476834952798942
913,1.1254617102695141,6.6727234710598955,11.33848233389297,1.0633369136750646
914,1.1213114348445368,41.589724656932,11.839972707234601,1.972951582656825
915,1.1214307766140796,6.443005226956913,10.481989701305562,1.9489842040279253
916,1.1202897865614156,43.34647111752816,11.05844547414843,2.3423926015125343
917,1.1197626603826107,59.46140844506245,11.403634961378426,9.503550322988573
918,1.1205425016434285,8.972599865271324,11.063512097493811,1.1724491930340135
919,1.121862213088436,46.00958786409408,11.558686847153716,2.279438300855762
920,1.1195911286804898,43.599154981361366,11.3045927818261,2.0755099309510183
921,1.1197811623641065,43.914485913206995,11.273210309596893,3.280782098281655
922,1.1227308980571766,12.718937741464648,11.29489307761723,1.8359108966950337
923,1.1211968236332603,8.770976411571286,11.91946209219063,0.907526784970271
924,1.114237036352211,63.33423523501187,11.708988962670011,7.913449437268306
925,1.1174999238419039,48.81436776765483,11.936543919524874,4.1284246587813485
926,1.1220331927024927,9.265205187368345,11.931057716378044,1.6572007717826456
927,1.1277243636095342,9.56261527566068,11.638240353595677,1.353955964559947
928,1.1221275221406037,8.637524367690196,11.294237289977081,1.248333313359261
929,1.116978273459466,51.471191450647744,11.577998602755747,5.194008411640656
930,1.1239110167148554,15.535392028415357,12.03991343296963,1.7873157660922379
933,1.1173091752781001,52.387088841930264,11.173708708676557,4.820252485208028
934,1.1224244493739375,9.790404618655952,11.176796059625032,2.1115211524795803
935,1.1155868402191196,55.850029440382905,11.61054405520442,8.128621491550067
936,1.1149318838934275,10.500477105791623,12.834880704320335,1.8127172930778643
937,1.1155134536946147,51.718176495410155,11.131856034966736,4.619773985488729
938,1.123696260261797,5.832745321003438,10.631785900882164,1.5448956010959716
939,1.1193159409683988,51.08091301727413,11.3815233906135,4.005735418439875
940,1.125754782170239,4.067372570064527,11.73495110991847,2.1467050432798747
941,1.127716485923149,13.369213943501,11.23283577819522,1.3499208369041007
942,1.126126812021698,39.41347592160527,10.626618847215113,2.3095755020071005
943,1.1280361340140275,9.435851765306952,11.07863410904483,1.9138655342679245
944,1.1292999616600596,4.931471060610516,11.694327836729578,1.8365443524218117
945,1.1201300603234976,60.432623250460466,11.14546914882786,6.494333489999041
946,1.1247282698792533,8.610389112337444,11.523792162447071,1.907159741996185
947,1.129367142540574,39.40398085879051,10.457619258533578,3.013498526127671
948,1.128454648955924,17.15992403697524,11.967414503281478,1.8749469301119628
949,1.125050004736859,43.40627070699217,11.832753197759526,1.9262044372696008
950,1.1261594176072027,58.44332073617609,11.57093498145921,6.161604165424804
951,1.1251187746543034,41.93959120981806,11.92539658315976,1.9188940080939738
952,1.133889675118668,8.450043970008597,10.711774025369781,2.0348687915470167
953,1.125245395778334,50.86721097847325,12.120889110650621,3.3869228658206603
954,1.123971614053716,31.411467736511376,12.131655878416147,1.2933495917610796
955,1.1324473540337079,10.97661706894809,11.125290153774444,1.5389331269303832
956,1.1328378198124216,17.917672766311636,11.016432750825453,2.3604268539569855
957,1.1344121060967582,14.266877633412868,11.118744388365943,2.0858936009756746
958,1.1286409476809194,7.307712069261423,12.98158422012964,1.7189270776101062
959,1.1318780493811982,9.724764571510056,12.392052407880318,1.1816441160545916
960,1.1310568340360914,15.273136259306979,10.025170373736938,1.41580707628852
961,1.127114906468667,16.195657319888795,11.535334441577257,1.172103649658681
962,1.1266439982405034,36.29074983812179,11.496855704901984,1.540391299708826
963,1.139335496431597,18.757916069540837,11.821890231137209,2.30956146688312
1000,1.148614887267574,42.396864336959254,11.529218354591176,3.9038904931527707
1001,1.1259365710425568,45.20031327624663,11.477793438353586,3.622483124331403
1002,1.127171092509351,37.68205386534572,12.290474221633877,1.8995750203265103
1003,1.1322727761423432,6.200249653477667,11.28830644658771,1.461680933686948
1004,1.1226264172461622,53.88711670222392,11.876074124940697,6.7281014090695335
1005,1.129836171511428,6.8576802659801395,11.294172687355825,1.206252046879814
1006,1.1276978938338722,6.420287062616918,11.460895685228447,1.2234784971161705
1007,1.12452143123561,18.161588835296637,11.634625006028735,1.4594573591708473
1008,1.1257964566071543,36.581301298946464,11.846974360693414,3.0686693862602983
1009,1.1241674084031863,12.264367601473843,12.534998438045312,1.4798193007059564
1010,1.1211407189724578,39.48857781634783,12.008897378919555,1.8552649420827396
1011,1.122474684419156,9.204857494183441,11.944233907461815,0.9680634934724985
1012,1.1213429074700472,31.422521205930487,11.602219168696827,1.4428063702952765
1013,1.1224098908010485,5.94541119101698,11.91158031794899,1.6034038936749664
1014,1.1206784161093266,41.03724467939282,11.884809191782546,1.7146282775159387
1015,1.1197403450427337,5.952617995146647,10.88469627274097,1.6693950947186724
1016,1.1188641436089244,42.40619801961356,11.995759693299501,3.2885043591173178
1017,1.1151768387070828,59.45838435534478,11.767306031047866,10.13959536766029
1018,1.119838853241832,8.204082380020756,11.517970865157587,1.1850116071941375
1019,1.1192772385759873,45.05358408187091,11.65801496708553,3.541840884037923
1020,1.1176190405508035,42.538346292396575,12.125975241097237,4.799337907799348
1021,1.1179279294994764,43.169737022137674,11.455420814275454,2.8320297734240323
1022,1.1215152893711495,11.79411186584425,11.610555387185707,1.4723122495495353
1023,1.1192831623345854,8.281123458989132,12.286960841378127,1.0652350716629182
1024,1.1123672367254949,63.05695887731355,11.740679406351799,12.66199246185216
1025,1.1173878677361873,48.22037730885371,12.294314744341092,4.490106475456413
1026,1.1210196365615388,8.60094187670211,12.123069570472733,1.5907380375972646
1027,1.12418192830023,9.044525152309031,11.637205801164162,1.39859151739599
1028,1.1202570757945083,8.531449933895688,11.754584171890585,1.3189548111238931
1029,1.1171875375073486,51.03942546426423,11.604898098041144,5.301360553515798
1030,1.124311345133053,14.808497757154663,11.992818005331593,1.0159865307937332
1033,1.1140254345178817,52.101946526190424,11.263315538479821,6.536716642608946
1034,1.1201391573654431,9.145009592275564,11.660962218925011,1.628870859247827
1035,1.1143470616195421,55.55056740189418,11.477040424657728,8.297350376725687
1036,1.1138540347944246,10.160966231425848,12.979642230932146,2.0622910155460232
1037,1.1150762570333714,51.06497980245215,11.612212202953978,6.7327981892144075
1038,1.1247762312563547,5.602203191235154,10.688095469909317,1.6197498236581165
1039,1.1175175277070997,50.54306171639519,11.891214624702695,4.91671634765952
1040,1.1233452822124388,3.2832685002608093,11.606497927391507,2.049582955424952
1041,1.1253972049032122,12.930280930530975,11.767820664669697,1.5654256913046998
1042,1.1239612161460282,39.05298564856751,11.369442301177758,2.626495503654519
1043,1.1254360926304154,9.040188563050345,11.137229453727732,1.3109060118958575
1044,1.125639774790591,4.910032864193432,11.889146572943188,1.1021046938011314
1045,1.1180174058196897,59.814556109213235,11.512836497033271,10.2406143433781
1046,1.125683596323601,7.791758809776883,12.064089041186122,2.1578527945659935
1047,1.1271003972205027,38.777725584317864,10.49928587566047,2.2775078181718666
1048,1.1277484896629004,16.779544319545543,11.76999919925884,2.053616681703043
1049,1.1250819497040154,42.552698026032026,11.687600343329974,1.9880770780079038
1050,1.1249890069441628,57.98351353524902,11.966292246454145,6.272908674259285
1051,1.1229849833062213,40.98739857450311,12.077262442526983,2.429038250294811
1052,1.1316147442534066,8.171286566316741,11.053391071337176,1.8796475499155454
1053,1.1258553363904436,50.023000419125864,12.565698304005558,3.9771322778928755
1054,1.125613970743306,30.594270595967565,12.53830279620527,1.3870483432987892
1055,1.132274700905241,10.114820473665825,11.430339177182804,1.499016596353063
1056,1.1323075953207433,17.43920349865717,11.16249942498071,2.093967290192487
1057,1.1343023706948083,13.00385645240913,11.296144799211035,2.1954533882796285
1058,1.1305049114435104,6.332445909685305,12.824816156595364,1.7131594024034547
1059,1.1295834056826506,9.143680144126364,12.477820750007842,1.7299976327954365
1060,1.1314364306783804,14.710682645931813,10.613313342593672,1.3316683925774446
1061,1.1272390415347642,15.255802159710292,11.92360935416055,1.3849636500548594
1062,1.1276996754311777,34.713322103563435,11.835982643013196,1.6906214248926785
1063,1.1408410020128263,16.393371271203495,12.021944274057857,2.535063847710267
1100,1.1446738405738532,44.164436268243485,11.032962719016172,3.040849091586808
1101,1.1216926118359574,46.60945029401116,11.493301012168278,2.437063763116841
1102,1.1205888455647055,38.511867957623885,12.14418065079469,1.5519351502735654
1103,1.1281732125181365,6.784779087287616,11.22521945546204,2.4940063033153113
1104,1.116219008480332,54.4061374681849,11.2808008739256,4.541821221781488
1105,1.1257885868226305,7.486671995938224,10.760263175988849,1.2572302225208332
1106,1.122179265362985,6.876552529970159,11.1363438196585,1.6772489824579568
1107,1.1199431661974715,18.600409875548262,11.243196395130093,1.3188845833307052
1108,1.1178640411335938,36.991531395495734,11.38000545957889,2.728298939136337
1109,1.115952720287473,12.819002289892152,12.161402367266723,1.3326256762626367
1110,1.1144111502037821,40.17866796531393,11.86865513466612,1.9716240401287315
1111,1.1175417719638816,9.14104563156117,11.760075012660156,1.6731935137809457
1112,1.1142984376047067,32.19317160132071,11.344522116291417,1.3613574286552328
1113,1.1166564797181602,6.441739369783156,11.406139635945017,0.8855968429714739
1114,1.1153111522261525,41.987953026037104,11.393288328715895,1.7643258408052043
1115,1.1150626278405982,6.518218026232162,10.144278680787101,2.019158758790671
1116,1.1146357874790567,42.77179552711752,11.561676998235498,3.4695239730112797
1117,1.1097641082650025,60.29205368875582,11.485265806056876,9.636862110030183
1118,1.1130131928204825,9.190223497811619,10.815907278511412,0.9378820198574778
1119,1.1138777285322392,46.10586825835631,11.548345683799425,2.153037037181844
1120,1.1129096716161437,43.3810382577828,11.460778890044807,2.765119049784633
1121,1.1150428069642822,43.84155870245524,11.080854753835402,2.688959328671265
1122,1.1166741599262362,12.86421533947987,11.145391430591916,1.1489130012413629
1123,1.1120702155333024,8.783407122870107,12.27337969789744,1.3234492602201622
1124,1.1076331601771345,63.451874897791036,12.006470080254612,9.809538869759903
1125,1.1134958428470996,48.67102334289697,11.949157630015032,3.624233423529576
1126,1.1170725282215035,9.349852646862182,11.893051859690548,1.3096330286026152
1127,1.120563511426574,9.339564706653968,11.392385544626208,1.264671937720635
1128,1.1148211998057345,8.958909259284727,11.474554542826661,1.158454857354347
1129,1.111432973807301,51.835325929482444,11.55740100908352,3.5779950711465864
1130,1.1202424641394308,15.077039290148457,11.99944855396393,1.5269411031050493
1133,1.1105228481660816,52.698362086985725,11.086555827267812,7.032293318299034
1134,1.1157316613195782,10.004799905512446,11.190583245200225,1.505979276003239
1135,1.110310157483291,55.85429763862881,11.428748405021134,5.994874794404315
1136,1.1068697225298423,10.686583262664444,12.56833465112915,1.6445445808083594
1137,1.1088278232587023,52.09924665610371,10.787761020573207,4.3089135270623276
1138,1.1185361746083833,5.729277190375344,10.494629566047351,2.014371388733103
1139,1.1135254818740037,50.97473066023853,11.688973619226433,4.041970589551249
1140,1.117800342690953,3.9758914783439185,11.453172002781821,2.120682603441661
1141,1.1193689850888762,13.505501564264216,11.770268922375957,1.763261202173104
1142,1.1181510436344608,39.907828643708456,11.074579512752166,2.403095378470274
1143,1.1205961367939052,9.43017724883859,11.220477548798925,1.4706492083582172
1144,1.12238465234519,4.761791042800393,11.24530027204654,1.2002509672164587
1145,1.1150492659702587,60.31332214171592,11.467207964610283,8.209701045319076
1146,1.1198391751522287,8.215357865063957,11.85418237729885,1.7823245304714717
1147,1.1241887086050202,39.10798672676098,10.158828755499787,2.7539349537715285
1148,1.1189422715356345,17.5270946871949,11.859361927174998,2.4231219571858524
1149,1.1177857676938436,43.49634279367667,11.645538405003231,1.8753753549555379
1150,1.1213691234416077,58.831850619621605,11.55657291920025,6.765731855539047
1151,1.1196282968627722,41.50086002297077,11.694622682255778,1.7562464564282496
1152,1.1265579442906426,8.311945079292409,10.682488413133688,2.1167475935143454
1153,1.1207995783741407,50.9758472153135,12.032851716274275,2.8460065397281475
1154,1.1185890506364131,31.069749727631343,12.134766651953537,1.3652019708588445
1155,1.127789813409569,10.794193699683607,11.093756137867084,1.9884712232220305
1156,1.126865537560066,17.84471392884122,10.79696363760137,1.8335474642672989
1157,1.1270143068503486,13.970598806311186,10.805424798457258,2.252274452889254
1158,1.1229533687518265,7.010153180033903,12.898840720414986,1.4466633686582497
1159,1.1225543795917545,9.8062531176446,12.568491522513689,2.5430010810010764
1160,1.1276485547636248,15.017321304286131,9.967559019887618,1.39213024577549
1161,1.120817101472424,15.976931133556056,11.915428380353514,1.3702903922151934
1162,1.1214145691547972,36.535099530446914,11.572140854458251,1.392144544022944
1163,1.1398179505601571,18.01952231975109,12.19135755026959,2.08625079642732
1200,1.14484593198032,45.34925788786492,10.572524246983756,4.239142491328572
1201,1.1232228921549172,47.63150948331577,11.260855804378593,3.5391561332404935
1202,1.1230909837441991,40.05700481517398,11.74404935298917,1.3687671876718919
1203,1.1259722735826285,8.391582637553524,11.098354928385888,1.1654150518383832
1204,1.1172087507170854,56.17152928122643,11.234496084812777,5.354574248782501
1205,1.125060196426912,9.188284428201998,10.585377465027012,1.538998317018975
1206,1.1219164897366902,8.521929526644564,11.094678917964565,1.5633800808163083
1207,1.118983647834417,20.11116069210242,10.982609145617424,1.4708205934612228
1208,1.118933182049236,38.92861000849187,11.048890761276157,3.074270781949855
1209,1.1168145500351907,14.48865204608363,11.977221362733294,1.521004407739389
1210,1.1150643690572317,42.02804959604024,11.588159336088951,2.546353863109425
1211,1.1168006691378267,10.76140554555858,11.757246552092335,1.6819444829211765
1212,1.116382963456701,33.68711099360329,11.311476048367046,1.072340900065115
1213,1.1178503658007553,8.359042987242914,11.319711108928285,1.7336093285775191
1214,1.1137582521331484,43.591727278003425,11.133942268737314,2.092054989687471
1215,1.1163494820390696,8.187535545863932,9.905586463562432,1.6337442627322367
1216,1.1142862890339642,44.78383142369073,11.068959262806901,3.220635499098927
1217,1.110606337509616,61.844483308361006,11.590345302071059,9.828278334387427
1218,1.1141491016389138,10.693166804932735,11.14933648318076,1.0122690480535608
1219,1.114375000314467,47.47065495451373,11.58345333792342,2.5905602639033525
1220,1.1120509684152897,45.0411229817093,11.130410223565452,2.8552409448654923
1221,1.1123913233523657,45.84155642509882,10.9228258539752,3.067989318944194
1222,1.1172978510927654,14.193702014032052,10.995880218795612,1.3199079017188944
1223,1.117109189458493,10.091403588019618,11.589414478945036,1.644320332801807
1224,1.1097789776907172,65.22073145369528,11.311334991861662,11.139981726473584
1225,1.1118736023888627,50.613845550754895,11.491042552732559,3.808299406988783
1226,1.1184662498361537,10.50500036868619,11.606684654738542,0.8432280170703822
1227,1.1205461849949487,11.000212768150114,11.067964343598641,1.4762323703471623
1228,1.1166119414278244,10.268891125628771,11.375358030716603,1.1400252184176907
1229,1.1119724936271291,53.53149931525497,10.943038839188967,6.817517121274973
1230,1.1201125164192838,16.80682955820632,11.491319435549784,1.5805508775474513
1233,1.110124421321829,54.47052547436551,11.059081168117128,5.01708770502491
1234,1.1153756624702882,11.513904010645149,10.917717775799833,1.6508584461331486
1235,1.1100860134386477,57.60728654786011,11.318768980609802,9.065435329319701
1236,1.1084323019274243,12.022992487865,12.308281771764948,1.4236204977381335
1237,1.1110256467235486,53.496074898892886,11.029283254150268,5.608838521740864
1238,1.1177154967930578,7.315868293741199,10.234938457346262,1.5161981316270718
1239,1.1136293602583913,52.628927496601506,11.669251271359101,4.2005500590147875
1240,1.1200897135741499,5.109400960359832,11.52318888987435,1.7045004359638556
1241,1.1169358563338252,15.083525715652609,11.564072682064046,1.4386699343560714
1242,1.1192016091797041,41.14135573848108,11.090282129403148,1.763705681533805
1243,1.1174106273745872,11.090404380526943,11.333877487696368,1.2499204782258415
1244,1.1224530501345031,6.389183673077541,11.324054852637666,1.125857943617073
1245,1.1154344546441908,61.76646351814404,11.112907684700147,10.468707046246347
1246,1.119629735179388,9.606588667902944,11.672144564132088,1.7686521150109877
1247,1.1210679487423172,41.02202545510264,9.908405806502884,3.206859290309808
1248,1.1211045633903214,19.017490396603435,11.232057455145794,1.9289147954380927
1249,1.1181672927099637,44.66612325986747,11.579960882140467,2.52432524548071
1250,1.119936354551696,60.349022676255395,11.236727959335603,6.797622424502303
1251,1.1187765402595113,43.10909137113956,11.837588275713586,2.129981304521757
1252,1.1261534001347182,9.988749166622847,10.663290848991894,1.3734817689517076
1253,1.119016899603905,52.45831286867863,12.103606657292522,3.8687365204289668
1254,1.1200210016461072,32.9856176338121,11.85467347658633,1.401238338323705
1255,1.12740783667842,12.355554183136272,11.368555561993562,1.3217036424398114
1256,1.1258014909854406,19.8214107892654,10.479188500967132,2.198458971532309
1257,1.1264389444408183,15.52333408475992,10.976620802923819,1.5555070045075563
1258,1.1245387826259396,8.43835209472563,12.592201983489739,1.3659980006468806
1259,1.122830056233397,11.448237454667321,12.540875389343991,0.9313467850593972
1260,1.128212691705505,16.76081134885262,10.455862038531198,1.752833091555488
1261,1.125080718269247,17.442126802265886,11.320810793085913,1.6170624201853532
1262,1.1236308714518608,37.696487168466994,11.143571994966202,2.4987573718557576
1263,1.1391859441757468,19.328222449912225,11.674476978760454,2.1468617506385947
1300,1.145786126700291,44.05273852529757,11.332161771050837,4.383451019118293
1301,1.1225019804639422,46.67057346452768,11.313532295113001,3.0798702460735243
1302,1.1231995136963202,38.81397471426965,11.973190493034068,1.5354635574807993
1303,1.1284077467638889,7.041349794704804,11.42887354176344,1.3393778786301676
1304,1.1171203323663563,54.69198667067971,11.815703796362733,4.570083369268695
1305,1.125622802726679,7.945052816339039,10.835832837865453,1.6102703868263961
1306,1.1247277415902044,7.215223248542226,11.422490012035416,1.5487008635212887
1307,1.120987109239008,18.591555384975205,11.636484137586345,1.2953323773801033
1308,1.1205869670405342,37.12741147436019,11.563712663200029,3.2279252335307
1309,1.1191515310032856,12.96512142141767,12.119082362731456,1.0720970006948285
1310,1.1159355223314773,40.252345257643796,11.810459122739546,2.1343558325451633
1311,1.1175678456173153,9.396339933151765,11.911659655040213,1.8005098070545582
1312,1.118181605182013,32.281750627589076,11.313137873714108,1.1971058570122155
1313,1.1179803857326043,7.221108987376584,12.094236977839797,1.099885979367473
1314,1.1164164985981502,41.984593372559736,11.896498595476274,2.166718629142783
1315,1.1185941785901206,6.540139444720115,10.207556880547209,1.2726515887559444
1316,1.1154037857416317,43.389329615736045,11.471627491270594,2.1145351801070613
1317,1.1109059834958919,60.30645351913727,11.51979018720924,9.54745103200086
1318,1.1165250321861782,9.083293264581744,11.171621502259505,1.1731288007990317
1319,1.1159830807603845,46.07132263711843,11.721431513329412,2.9779587306659465
1320,1.1138701291352286,43.8785318609932,11.817448225715982,2.6724612097930676
1321,1.1155986371758884,44.14008910752706,11.183168479487378,3.094106309703365
1322,1.1197789200511066,12.56325459897259,11.512639705086434,0.9787316175608154
1323,1.1193847633915892,8.788546667833966,11.71406015407158,1.3053318411925892
1324,1.1111797401700763,63.62054462968944,11.458453398135749,10.77102315872491
1325,1.1156794886218442,48.66701120555195,12.072694922558362,4.635001116866793
1326,1.1191300974272764,9.182286005967063,11.902430947311794,0.90806547561007
1327,1.121559110827185,9.70765880237189,11.083478286173298,1.0676952638390789
1328,1.1188970469656634,8.800078046818356,11.577671411379743,1.0827892628430282
1329,1.114467975017315,51.76113642353632,11.389941159350538,5.891672234531896
1330,1.1226572405433155,15.459712475975811,12.038904103447821,1.120935584891046
1333,1.1123181238897801,52.88146493469927,11.558084599905362,6.849600717086321
1334,1.117606040681324,9.837731233443426,11.492346153009555,1.6843909217269384
1335,1.110880920802447,56.45278062894208,11.498034084383427,6.495462855303748
1336,1.1104074712383833,10.85178935383996,12.956304299830528,1.3948908426348083
1337,1.1127458449513339,52.006009462893374,11.293224076039433,4.201894478647536
1338,1.119903452587732,5.805621671281432,10.2316625501621,1.7591467632810645
1339,1.113565861196683,51.547514237197305,11.97982743896276,3.2554424879952375
1340,1.1221287754374398,3.8358557778750493,11.374326277595465,1.451995907862418
1341,1.1203656425129018,13.642758959321691,11.753868129821685,1.5871422746615438
1342,1.1227603547080678,39.64205373832835,10.674968615883365,2.260342837594519
1343,1.1219001770220103,9.605785155593242,11.330151339036256,1.814024545588659
1344,1.1243146388571903,4.996328820977909,11.370112639878549,1.2430008689758103
1345,1.1142393540258047,60.40776997673034,11.392897359029808,9.184558582086051
1346,1.1204375908439497,8.320606426680651,11.854895321436194,2.062943676505193
1347,1.1243604743750972,39.47616232026087,10.23336316376138,2.27112172157977
1348,1.1231857090539967,17.17464278909241,11.800866818665737,2.6140449793966907
1349,1.1189127096755849,43.67311036947009,11.879069739383876,2.3862459255011688
1350,1.1220749434602115,58.66049460762141,11.865483084818786,6.798218072785538
1351,1.1227923206628185,41.72241202443272,12.088699127457813,2.5815389313440233
1352,1.1293566987605457,8.134324078939748,11.143054012603251,1.6156437040272005
1353,1.1218552833570916,50.99872392262365,12.272575339206506,3.992098497322867
1354,1.1218213507329486,31.111424073086738,12.604289625714703,1.3029917497231136
1355,1.1293035695980889,10.94094351615604,11.091465855654716,1.513817774648023
1356,1.1287954892373524,17.883045956080935,10.872088608953154,1.8305309317395606
1357,1.1296830903787674,13.917649523704323,10.893172091759194,2.2162701193018695
1358,1.1259446141670444,7.251892633095733,12.82520919078014,1.3835013980378477
1359,1.1251729116306273,10.02538822128657,12.386224446158112,1.0440029450178858
1360,1.1271050530125752,15.831419575037746,10.211357848437306,1.5574988642492784
1361,1.1246022331710963,16.16676891039483,11.72478916266521,1.2655798405683432
1362,1.125967827697821,36.44754494730033,11.522045116692336,1.6896269835959947
1363,1.1391513531975546,18.63951726763864,12.191499873789967,2.053488744741817
1400,1.1478352248899946,43.17733335760063,11.332206474842163,3.506725919616054
1401,1.1251465121953397,45.660050611882134,11.522191117389642,3.4154001887975465
1402,1.1236711555210772,38.13780738048217,12.160801709256914,1.0838844169623096
1403,1.127457486979177,6.389031777217375,11.586320115288867,1.4130044263378156
1404,1.1219435171140593,54.12163435561188,11.831158863522491,5.701663711452364
1405,1.1299512591432794,7.13107602246009,10.92380150939003,1.6050906383540806
1406,1.1259931459939188,6.767528710630841,11.428615075859769,1.3887196497866434
1407,1.123230162517388,18.29585944853507,11.234556429406627,1.2505077873862007
1408,1.1222737461627392,37.17490845264987,11.405550333112949,2.8758729043805658
1409,1.1197845066315621,12.678326769722528,12.61700150218496,1.0513819470559864
1410,1.1174039959525897,39.93848505033137,11.745599746012303,2.3148286720872266
1411,1.1197773564259372,9.138857522950637,11.813442727072548,1.0099458074032408
1412,1.118446640409186,31.95186682175487,11.391105275676253,1.4155930993061672
1413,1.1188656476274061,6.318701444936152,11.672008314224074,1.4242075792432276
1414,1.1186790333498866,41.373706929312796,11.866337004492413,2.396227247819325
1415,1.1195796817888362,6.508251338957884,10.29264200267762,2.06222219571029
1416,1.11594110732643,42.995751101502876,11.197896856516863,2.8597540343881374
1417,1.1153733858367127,59.60139510017065,11.4700739413386,9.26689400198597
1418,1.1191712444562527,8.773430043314729,11.231300036476005,1.214236254852192
1419,1.1185794941270801,45.57466286338744,11.870586488712679,2.6919122646747553
1420,1.1183713998138698,43.088597878790125,11.476274445273921,3.5068125435710686
1421,1.117993576801274,43.568227721835555,11.431150663485603,2.643958922583166
1422,1.1232000224326526,12.324383372089446,11.420734617656493,1.1363170934160518
1423,1.1203303696786313,8.614370091442588,12.112737336471186,1.0644353628358505
1424,1.1137374765060046,63.12014249700067,11.843795726635982,10.532285005590238
1425,1.1164186108665644,48.73805653415987,11.906393311320217,3.895412028735777
1426,1.1218769950157836,8.746177071475891,11.991595005668575,1.7918609767452534
1427,1.1224962310385762,9.343571442166214,11.392459471825381,1.66664113153517
1428,1.121055493585598,8.714177474509507,11.690515604395713,1.1832482352999596
1429,1.1169505233026602,51.28507498201829,11.080817542870378,6.2997828273221685
1430,1.1245905992262186,14.958944860280415,11.846407933686054,0.9381753615823278
1433,1.1163048829482178,52.65707613299309,11.227663199860865,7.110755728022413
1434,1.1190976377251314,9.720521931747239,11.264612187582172,1.4312738345709788
1435,1.1157438054845092,55.812460457668976,11.637154837058146,7.451561204387525
1436,1.1125477181259045,10.09991242485108,12.502489220614335,1.3293625483407365
1437,1.1147096194228792,51.51202363381729,11.42774525044191,5.241034558234947
1438,1.1214894705440914,5.722059829219519,10.8924042154561,1.6580401410673407
1439,1.1143898268912413,51.066682543899525,11.894455408006063,4.5810920459782105
1440,1.121361162120157,3.786530809457519,11.664116547588566,1.8030606884117684
1441,1.123961664581782,13.16846209111362,11.712372427267232,1.819138436312092
1442,1.1221721607837831,39.47623959953172,11.194961759214488,2.6462605347629657
1443,1.1239603116523191,9.389841096014697,11.256066920346274,1.4998908322688265
1444,1.126290070251883,4.755584355195926,11.279294708437154,1.3845753593362733
1445,1.1154285018440473,60.2697844088984,11.630667272304853,9.597545137547513
1446,1.122483650989988,8.139492258486202,12.192024426609938,1.8596861101470261
1447,1.125255402757784,38.950942869695595,10.254958419981055,2.861068638829218
1448,1.1234201498986518,17.12426621924468,11.664271542168853,2.216021326536733
1449,1.1227546328253546,43.051046099520576,11.897361000699627,2.1758047574392205
1450,1.1260373773215036,58.177518146045564,11.432224199856396,7.191328799649076
1451,1.1234398906482068,41.18864532629318,11.58459336198147,1.8257748095924446
1452,1.1318119777496196,8.129389985978822,11.143301695132156,1.5445137366764659
1453,1.123396366436245,50.25642694762913,12.091414137910059,4.9086075496586385
1454,1.1239279688770722,30.924781353709733,12.491688777928443,1.4408258378602945
1455,1.1301653357675074,10.144668894879816,11.437660619871203,1.6350074647186694
1456,1.129774767203761,18.028948146474974,11.088040731083408,2.086676825920032
1457,1.1304307771012736,13.591710984386578,11.343747019402421,1.7163802964100814
1458,1.1264556691066838,6.9458128728126995,12.90402384523911,1.3010294353174183
1459,1.128511720396322,9.460033551936723,12.85333759592219,1.4220693453420077
1460,1.129571256335135,14.8342648233185,10.41542210568316,1.4744138468105137
1461,1.1270744312983676,15.368268265509439,11.741073598222684,1.3710206938543024
1462,1.1254599392291085,35.655908991491934,11.69118731449133,1.4081158742047801
1463,1.1430098055632052,17.527419935017907,11.77610648718518,1.9862783324003703
1500,1.1389977155558721,49.8497887942772,10.905309209677842,4.474096013176451
1501,1.1146873000029995,52.37881580028306,11.51174063745003,3.304554490090774
1502,1.1122052734747598,44.890870372617385,11.98425599910635,1.4523967766871941
1503,1.1167099825807345,12.526034988057908,11.250210578431307,1.5166003118154494
1504,1.1079420864705487,60.3517388321818,11.628319650337737,5.321277728922095
1505,1.113924721092276,13.623956875512706,10.16162791084566,1.8788666137516425
1506,1.1146312994863223,12.313719249604514,11.047634286015917,1.0228159081095052
1507,1.1099174242931924,24.435789829316207,11.166017564291746,1.331283442666388
1508,1.1113214894099988,43.1293720591456,11.061649499394978,2.7012525156261593
1509,1.1063139428683644,18.40481797543331,12.230045268074672,1.4454184821122864
1510,1.1080369734576383,45.91369830069006,11.517403519975565,2.214790892520966
1511,1.1075438953141787,14.996764567276546,11.510107693537702,1.1648916298879795
1512,1.1071913814690346,37.85629524397361,11.283627507986953,1.458706716543295
1513,1.108860214725295,12.113614553420707,11.50201986123745,1.6169763597145517
1514,1.103288039399691,47.927239961931114,11.910675591079965,2.385686175197454
1515,1.1064427585434675,12.296859916880013,10.17112324846103,1.7824495989203766
1516,1.1061964377391242,49.06143028209726,11.154336219654056,3.757199366375065
1517,1.1042505205450377,66.00629616252169,11.533937379699514,9.579737285361977
1518,1.1085880595402915,14.73924937858588,10.653199606059072,1.1797049615389281
1519,1.1097219686279367,51.48360252642321,11.343008241433404,2.5557338959948446
1520,1.1068282611818328,49.259490267445415,11.27135312839101,2.4862223872914364
1521,1.106999483434481,50.05416096184269,10.89338154802279,2.5062282115751917
1522,1.1109519237519363,18.44865839585679,11.62230419309936,1.6723046661890062
1523,1.1106208736354977,14.247527704504085,11.848146280551818,1.484075258938517
1524,1.1057070954793387,69.5135609133144,11.240967646799183,9.884195177765324
1525,1.106425410931993,54.63073576877177,11.98024183621117,4.851105265870745
1526,1.1111808800843999,14.746607420733751,11.9174113945182,1.6232539299425075
1527,1.1132870868375428,15.381726306451206,11.173614817497217,1.6289857338969873
1528,1.110319483228238,14.546892620262998,11.444944786231764,0.9403252271262372
1529,1.1076972735301454,57.30851587324572,11.478652867898472,5.0712513951461
1530,1.115710569186902,20.783502747303707,11.487677746343435,1.2113234778665976
1533,1.1063541647013642,58.528885749702425,10.87936737101163,5.917407391518315
1534,1.108577031698859,15.610182768581499,11.253602976225785,1.4570960536219875
1535,1.1032589703379865,62.40330156625143,11.328786229763317,6.129722367954707
1536,1.1024013654571096,16.17721458155519,12.895170968886106,1.357877653292673
1537,1.1039162505428874,58.171283473915835,10.673249255165121,3.9441405634597984
1538,1.1135973202114247,11.705046155209887,10.187242941100623,1.253074203257205
1539,1.1078416758436547,57.08627868874735,11.583543013104075,3.826003907779754
1540,1.1127321179275595,9.77915241806576,11.177265899215708,1.1876153126913924
1541,1.1113275341627085,19.30157950576939,11.364092547389903,1.5946976237612724
1542,1.1110586133981806,45.68254835999661,11.08667890577721,1.8395654231755245
1543,1.1121419296456807,15.444375552628724,11.061926679831869,1.2909175417615042
1544,1.1160383944265848,10.598346487122186,11.334509144016144,1.5889916126947292
1545,1.108732299516247,66.30368025416925,11.069338846582498,10.610664109993133
1546,1.1118155773791505,14.003557774012153,11.445407170222921,1.7900725909121888
1547,1.115945882013846,45.06381091491106,10.032100320733061,1.8306961103257995
1548,1.1124989143954402,23.152905266143016,11.391449807329852,1.10155202150884
1549,1.1109495910022742,49.021322397419254,11.331175874048485,2.032774282474831
1550,1.1145456062353112,64.37498440024787,11.129440870965364,5.889488102537706
1551,1.1085180568341904,47.558653903859074,11.943660341433747,1.8940549267976867
1552,1.117975196196206,13.946231053810362,10.608296564003865,1.214701571336761
1553,1.1128345357124898,56.80730884854014,12.1095856110859,2.6717844966351834
1554,1.1103000152753164,37.05616421933822,12.176692189008174,1.2745952128675018
1555,1.1189468995733383,16.407727802060606,11.306836724688893,1.3186190247110319
1556,1.1171423963004445,23.923875193673314,10.656958303186133,1.8087103593615672
1557,1.1199886199210718,19.50882075768995,10.810156502954234,1.533948064336747
1558,1.1163283114219749,12.965139465881649,12.76191032507984,1.1341109880486662
1559,1.1155197237839864,15.370973440030964,12.686085507423135,1.0789555722499213
1560,1.1215245582043956,21.179173538229872,9.803578390340002,0.9874911693268043
1561,1.1161464371016367,22.086599429552702,11.655741333089297,1.2232683781627243
1562,1.1202226599817753,42.24031758163809,11.211359095840223,1.5520417738179664
1563,1.1349362199192987,24.103003968509523,12.09294377660391,1.351398763456773
1600,1.1446381311782579,42.72422238963032,10.962068201927702,5.12244951046981
1601,1.1237212496376956,45.14616614029419,11.271634173780082,3.7250314296710485
1602,1.1244764880519227,37.4872640431926,11.847086534698402,1.6018012097647094
1603,1.1300453685920389,5.604363228483404,11.179223532292747,1.083033373040038
1604,1.1187823183722712,53.440406295413325,11.657756739154326,4.617706804316747
1605,1.1276757108294577,6.770930578599322,10.67815835677064,1.4547535120049182
1606,1.1282816706781764,6.0044507602536275,11.153623822913666,1.6926683983440787
1607,1.122975752548152,17.76096672930091,11.703716258301085,1.5833717175228765
1608,1.1238349535136876,36.090166634091936,11.171729940410275,3.1734367582331062
1609,1.120999770734863,12.0005980098646,12.252159367119425,0.9327560588268706
1610,1.1217111594850095,38.85232898885549,11.975588967668717,2.4286910605686054
1611,1.1206967645429757,8.133113824119304,11.591213408511711,1.1314189307609759
1612,1.1198865715782929,31.003212953666683,11.519862489116086,1.4919787293011428
1613,1.1228320731092616,5.950613357923153,11.671688677935922,1.2247351218114615
1614,1.1190353962053425,40.68577736400628,12.000891957844686,2.374415316280808
1615,1.1206195488679538,5.324095494587485,10.376046187917606,1.389107906209428
1616,1.1199717050972235,41.992022411423065,11.581423348555488,4.024170051998091
1617,1.1161524113076078,59.0219104577521,11.490337036830548,11.181420761330706
1618,1.1198042645568786,7.89286481219804,11.408569409148841,1.2682185114669065
1619,1.1221658530286014,44.69020939619123,11.840502941057247,2.423913317540048
1620,1.1202552273262056,42.06019926023137,11.478657207145222,3.4692237104598087
1621,1.1182510843036848,42.9054594020432,11.351024041737624,2.736861123041978
1622,1.1246275981055367,11.469273275260282,11.146639082717174,1.3479815155593695
1623,1.1245778653385743,7.596424993619238,11.899547348136021,1.111249976383383
1624,1.1159500273179965,62.38907772611796,11.73275956363806,11.27298434917877
1625,1.1195465675354006,47.958448769606974,11.830684578559534,4.740787470522476
1626,1.1247698717839976,7.974837378912422,11.891035688320311,1.1411533080255363
1627,1.1277336830796323,8.55073103419497,11.127309162252034,1.3867879847355624
1628,1.1238541809512657,8.148000930271817,11.736977478496982,1.3868694548448874
1629,1.119780341609829,50.53990112250544,11.687044527339015,6.0516606592887845
1630,1.1278180276988108,14.189173053144511,11.966082888379988,1.4006289051158196
1633,1.1178491765013303,51.65099128802198,11.133371476188605,6.734880686116438
1634,1.1253470439106543,8.810485106403652,11.235638805840276,2.12729126730385
1635,1.1200004954053848,54.81118067988162,11.176407230213742,7.678153251893595
1636,1.1158417491121326,9.853150002299367,12.858444540529337,1.635256114686433
1637,1.1192046468824888,50.493231195452466,11.06675438108627,5.3941131564369815
1638,1.1263911135597628,4.757396142995243,10.767892380822879,1.9076248091480426
1639,1.120680370564095,49.945009717782554,11.812245496111881,4.370329899643377
1640,1.1278072233815173,2.665276121379674,11.812764728843813,1.6799563844207892
1641,1.1255630453482122,12.43587736543953,11.889910482343133,1.742207517702648
1642,1.1269543749615993,38.359349248706096,10.779966341577447,2.2473691246191776
1643,1.1266060831025677,8.544447051744976,11.321802436268888,2.175446810870634
1644,1.1278209507193813,3.8053116885416784,11.371800243588877,1.1344037577164872
1645,1.1186363482742163,59.494900399789515,11.391256743352256,7.980533975369556
1646,1.1245192780924533,7.280340671933115,11.83234141606835,2.145469547099265
1647,1.1250660480325567,38.58040760162527,10.435355233830983,3.4014002274752126
1648,1.126867181342325,16.21651364555387,11.739163837432736,1.7806257171891595
1649,1.12281113642284,42.43308916455482,11.967688122385086,2.3951361722982605
1650,1.123920016774411,57.521200061608624,11.664178155553659,7.745352066581514
1651,1.1223089416130483,40.80257923171539,12.11191954954819,2.679757453430924
1652,1.1308304870872117,7.20120070357311,10.977416301296524,1.378391678187605
1653,1.1254878489445126,49.57145769344875,12.007744594294515,4.803931110816657
1654,1.1243275801777817,30.092159001223024,12.332558084798857,1.6684120064451196
1655,1.12999415109712,9.921866485086221,11.570532126210388,2.051036848024376
1656,1.1299647356990834,16.853948361362363,11.07113909664388,2.243639415087422
1657,1.1323764197338877,12.82142536658915,11.214964222155986,2.1491457957383
1658,1.1298653299910988,5.561447791795213,12.88802344547533,1.5516825014580953
1659,1.130023011133588,8.560912720218186,12.730198862184299,1.2935868793658618
1660,1.1340428604751434,14.05427303478333,10.480236831069977,1.394823472211235
1661,1.1289611434211675,14.531745057827452,11.56718325059315,1.6783748009359831
1662,1.1309759074754104,34.688522855313806,11.657080723572802,1.2450114035418205
1663,1.142464308072621,16.79616249919934,12.152943081475215,2.3162406830261655
1700,1.1455440548850853,43.658148726318274,11.162440370600585,4.6654631417508465
1701,1.1222429752573022,46.73788435939844,11.220833871008486,4.08549336233045
1702,1.1252117300550952,38.76099836547207,11.757244725030464,1.6669318275763432
1703,1.128513934068778,7.399739219304905,11.41932687429609,1.4852057935272627
1704,1.1199736450014939,54.92165844579134,11.794322812294826,5.111888597127279
1705,1.1268236558522853,7.915912367687278,10.867031391026721,1.1821529767545256
1706,1.1256826632251409,6.842949828357285,11.50626521672855,1.1537487390989845
1707,1.1232209266661366,18.97039815718411,11.494902667470612,1.1693315645393842
1708,1.1228407900841593,37.60351681555934,11.07723403121531,2.2512663839842513
1709,1.1204919163172975,13.149659885483853,12.494022290643048,0.7796981846688253
1710,1.1187894236538454,40.41115815731437,12.281702578385053,3.062779364715304
1711,1.1195701996671064,9.644187512774684,11.989553882939669,1.4321796331187784
1712,1.1198801837172558,32.529915684235704,11.560606120371451,1.3169822592650902
1713,1.121291267688704,6.722429664338371,11.9893872794241,1.1445651741568441
1714,1.117496649924996,41.69765476887118,11.969873482412408,2.1891456403092064
1715,1.1210920028665838,6.868293733699824,10.332696575808386,1.5197716671799246
1716,1.1184288806340297,43.397270210438045,11.779640986237311,3.039093682426301
1717,1.1147180809681143,60.41360887079149,11.794239442157883,10.35961022411889
1718,1.1195023461030047,9.293547709178446,11.352157124577039,1.001831965233038
1719,1.1210270398425206,45.90426454066948,12.072842973822397,3.1442034408289397
1720,1.118778600036529,43.94859111860616,11.691229466126591,3.2024535774174803
1721,1.1218355775934847,44.20821553614772,11.391505376207933,3.1902096974435454
1722,1.1256865884561582,12.901719690021206,11.100653378595354,1.025252299266736
1723,1.1214265084614277,9.061549504928347,11.791378848004145,1.4081318071277327
1724,1.115691072704927,63.90499154258589,11.683807715915655,9.21064007166609
1725,1.1197342516722075,49.32929813419334,11.635054357167993,3.676806700215599
1726,1.1248882373847329,9.46798856652836,11.902884082805231,0.999006386316154
1727,1.1277602225273033,9.691372736046612,11.234240872426527,1.6166247641565514
1728,1.1247124641157735,9.069970375930449,11.848155114177093,1.188755883393613
1729,1.1189591654042212,51.940677954536014,11.446622480045253,5.122822310829215
1730,1.1290211783455022,15.598594762740522,11.45846513171097,1.089952650973566
1733,1.1181977281976925,53.29211123136746,11.269221679738727,6.623674600747472
1734,1.1244827572506901,10.206373382385928,11.588077417845382,1.5558026941655747
1735,1.117048306736407,56.310660532903,11.72336292530978,8.722596517478358
1736,1.1161923197619967,11.092962761289852,12.903309633094404,1.6863617860039166
1737,1.11598423276483,52.31925407627167,11.166147373600614,5.749029473569374
1738,1.1251773656925195,6.273270886963974,10.618533645391924,2.0411504786367676
1739,1.1200658334762275,51.48326782886792,12.045979217380536,4.258941605273967
1740,1.1258939919712914,4.068977651685827,12.140520135529801,2.0806217633188524
1741,1.1256330818189835,13.532801526236263,12.064078329455132,1.620022280239007
1742,1.1253618987949678,39.94940157396888,10.760973453279927,2.5429613917281113
1743,1.1269040999775854,9.619470651496576,11.365734009675352,1.6674089420801115
1744,1.1269391310347106,5.340137451249506,11.525834030746838,1.404171202408695
1745,1.1149756434479356,60.87623843130415,11.578492871315218,8.96830288142764
1746,1.1258090713006836,7.988288633945392,11.840265468416224,1.5051492722540534
1747,1.1278205216528157,39.75492704699989,10.203550030742983,2.940045017016254
1748,1.1248916327974894,17.98064353250601,11.719743347382304,1.8927438691608016
1749,1.121630184045522,43.5279151489992,11.922899836959052,2.4157905815283347
1750,1.1229123004323591,59.22222786130495,11.938254197215807,6.992428168699501
1751,1.1224763385305665,41.97636886820998,12.008053936546423,2.193349547854196
1752,1.1313823807382466,8.57115516958381,10.760756644259455,1.3188150707005202
1753,1.1238803922435,51.23503685123829,12.344698480239844,4.860324156144743
1754,1.1230262373444144,31.67719036838433,12.142208318479609,1.0512341518307788
1755,1.1321547610542666,10.750667232495847,11.647172355533545,1.897715691606725
1756,1.1280730753630523,18.11725611083542,11.107822492830799,1.7316083572482894
1757,1.131984023419091,13.638321319689084,11.28914349323835,1.8381057143725095
1758,1.1267837424419687,7.244081890808841,12.875781263542986,1.8669099488803806
1759,1.1302699496572346,10.004256137063747,12.50280929032174,1.1910843431945475
1760,1.131996587436893,15.413019205401623,10.374298605213465,2.138002772790334
1761,1.1280204916326286,15.901319954618144,11.891322578169348,1.8511740691531764
1762,1.127801186265695,35.89821037573957,11.5770799649871,2.0751510802879722
1763,1.1450566189286622,17.740776341412055,11.83040049160089,1.4648241409647274
1800,1.1439718220960347,45.31233335867748,11.257135381333635,4.4032828187226665
1801,1.122003747524294,48.01508558828204,11.488573667228925,3.864081162016086
1802,1.124280714780087,40.484563048473035,12.224891133136072,1.5787648511597372
1803,1.1273468418816739,8.916803396564909,11.705045040234165,1.5974513688119485
1804,1.1207267257584679,56.14345933774293,11.837791364493219,5.485787325045874
1805,1.1309086399392003,9.674332161432343,10.516405434715463,1.7942682403788461
1806,1.126704372482098,8.799909728014493,11.606260270418153,1.3089988998793396
1807,1.1243621260526875,20.49314333971535,11.804910575082278,1.4341243419080418
1808,1.1235095096847227,39.07466842297673,11.693525423914327,2.6382262798909464
1809,1.12244297958354,14.676327942754346,12.650873526131564,1.1407054838029638
1810,1.1204315990642348,41.985054465440385,12.376879964800947,2.623647049527341
1811,1.1201994233576869,11.281722663846383,11.938985595113216,1.348727391932813
1812,1.1219543367326,33.99020728519551,11.592848932372172,0.8801959845305249
1813,1.1218427561425215,8.680182004513645,11.812288655475305,1.2285941226856676
1814,1.118322747400728,43.656492982309956,12.080865875329746,2.349882375161448
1815,1.122112388201894,8.605853995979214,10.374865253852526,1.4103170303590389
1816,1.1190839935294645,45.11859402667509,11.64395289637266,3.692557290972587
1817,1.1177714495966522,61.61037488293156,11.703756308922324,9.79022693078555
1818,1.1234798895170195,11.036114553509062,11.381566137288948,0.93585892270147
1819,1.1204911916623248,47.98030555953523,12.104124775778118,2.9383566754310104
1820,1.1218690804132907,45.14227139431992,11.857856862143576,3.9265258982415183
1821,1.121250275289556,45.79800848705642,11.547253342804858,3.1463555507498815
1822,1.1251623006105744,14.787419965520956,11.559229764675662,1.3630731944968248
1823,1.123021605097533,10.924461839204309,12.269160975183194,1.3846574576240624
1824,1.1173430501666388,65.52444184591525,11.721000569997557,11.327197121504259
1825,1.12317090680059,50.72893466104677,12.02309104087456,4.6108125149320545
1826,1.128559259194094,10.855090655644535,12.004432906205286,1.3973878598590295
1827,1.1316767674446133,11.737286534454793,11.42372390935964,1.2211133477044287
1828,1.1256814819915326,11.059074086133387,11.785861062914233,1.1175944402989335
1829,1.1232482377081987,53.74367853263413,11.65264598353668,5.422329017422105
1830,1.1308335383726544,17.380298107325096,11.886935577561005,1.313497380365509
1833,1.1215917767564585,54.5134491103863,11.27589945903953,5.716798433095656
1834,1.1246114636975457,12.075581993954744,11.242052123154746,1.731036198188558
1835,1.1178176320591249,58.27684663720357,12.126448825242448,7.151421238678523
1836,1.1162912534293212,13.338768988285139,12.976846166269125,1.705828674049
1837,1.1179951348460224,53.882781402140836,11.4133288293141,5.93734517238767
1838,1.1271903559809475,8.207312101846778,10.855008987190487,1.2273166039636763
1839,1.1236571534073498,53.043747764744104,11.974317293373698,4.820874099835051
1840,1.1289769830127778,5.938091760033916,11.47330667078337,1.6719674708136214
1841,1.127036645322957,15.564662862280702,12.145500105653623,1.5117248973846702
1842,1.1263966103048593,41.33768593032747,11.315267545729112,2.4045604130172613
1843,1.125654366358203,11.709759088829504,11.556092188486256,1.6472635845280028
1844,1.1275094412907585,6.9117954032299656,11.786725770281432,1.160730778116373
1845,1.1189135006504622,62.35908360253528,11.610966442882166,9.789433994101772
1846,1.125922635123845,10.29217921457,12.078950389985447,1.6656938597791988
1847,1.1289619899664107,41.059529478446784,10.664909277355944,2.664247668556598
1848,1.1290489775149415,19.115229490900663,11.772320352614587,1.4889847673450338
1849,1.1241751383095406,44.77100105207994,12.357152908621918,3.6969964699301205
1850,1.1259430412217584,60.490183424943304,12.084552478420836,8.883643342870121
1851,1.1231237586541138,43.76301499130595,12.388341864536079,2.641959062041874
1852,1.1297489502680864,10.37576829995025,11.319768621482378,1.7736649507956794
1853,1.1252859061416176,52.68666710590742,11.973342985688317,4.328507652917382
1854,1.1239412598463612,33.05584194188867,12.260790414978434,1.1824413754016831
1855,1.1333108559767924,12.543589865646734,11.530442153255139,1.6369952172378905
1856,1.1304414177954256,19.66606721086419,11.191463524117893,2.172920485303209
1857,1.1347732518068692,15.532844624782351,11.112078878937396,1.7237240555648174
1858,1.1288646555558846,8.797508618111962,13.677362075858182,1.3942266466523663
1859,1.131512863756944,11.737727965442666,12.769657845307322,1.4113570983311259
1860,1.1329263658851356,16.761411247260373,10.523977917486132,1.2981737440809404
1861,1.130006275422348,17.319209335260314,11.870555113792214,1.1147872192620343
1862,1.130054929102594,37.325801247312555,11.676918708623203,1.8241392077098588
1863,1.142866295208244,19.626077659082917,12.140423360442274,1.587042437194005
1900,1.144421386785373,41.5198729050874,10.836609717887434,5.959691876833463
1901,1.121068811605669,44.66603172140654,11.607789821731844,4.258662510099439
1902,1.1214646426479074,37.042621422263544,12.105421006383867,0.9578534448448036
1903,1.1276376238968984,5.030743371102627,11.360878880276141,1.4810061329305722
1904,1.1198335313915573,52.5628138062502,11.57187871063301,6.844375478514003
1905,1.1275850526947861,6.184305487328178,10.701652565092997,1.4902547385383633
1906,1.1267987719213672,5.13098777045481,11.245064857334864,1.3273449668581803
1907,1.1229836579174435,16.825487224993473,11.858857106598332,1.423244222490867
1908,1.1221571289287824,35.327337655095015,11.554955163194029,3.1303041481064455
1909,1.1222970567077237,11.047501545440076,12.335272618962588,1.231198521106418
1910,1.118378033927821,38.25225425034416,12.369948540427998,2.632656130432367
1911,1.1221663666455879,7.597357105497339,11.698643978128194,1.4853220011729322
1912,1.1214414316040908,30.2853410345473,11.643591250446345,1.5820133941725751
1913,1.123137456639743,5.218732345013362,11.639786229195273,0.9556061092463819
1914,1.1193722373996013,40.29555404343649,11.795497445230305,1.9674948873866596
1915,1.1229931072043293,4.821914475173112,10.33788759721461,1.9902146053793455
1916,1.1202266034121293,41.30429695633904,11.307200710486168,4.771973131089113
1917,1.1184464540914372,57.83184335457304,11.34622671447996,10.715609605833597
1918,1.1221412345259245,7.586603818180938,11.128964736578135,1.341809054263858
1919,1.1228478929405692,44.054870317597654,11.928578304674403,3.294674672261172
1920,1.1213348228424338,41.74317094206689,11.58991875701723,2.3846191170071522
1921,1.1224369262832503,41.747474790484986,11.121934641812462,2.9564319626969557
1922,1.1270003790566336,11.19379160392482,11.32965675204706,1.1356016880799826
1923,1.1228040683383462,6.86084368214126,12.501029006970523,1.2202395680182572
1924,1.1203204015155046,61.54011817667909,11.29702256144285,14.33437885965087
1925,1.1227285834424183,47.15418588730138,11.92650634625548,3.7650743977532843
1926,1.1267667466422755,7.443779095355182,11.848583767977496,1.398549255194744
1927,1.1313285174499241,7.903082661632217,11.435743626547744,1.237891224173284
1928,1.1258659613133697,7.390956314066599,11.640443356801422,0.9122920150829976
1929,1.1241012478246213,49.94840981116436,11.13980445315201,7.724875356639568
1930,1.1306449386477966,13.755679890458959,11.803612601846885,1.2946893827829757
1933,1.1192988973925992,51.233348743569195,11.24265620710165,8.531333632017354
1934,1.1249845112476153,8.441794462805909,11.323762880934622,1.8233432602833977
1935,1.1180755271077973,54.60651779541173,11.644515698791444,7.727300111867625
1936,1.1175790608491603,9.156121043645769,12.602645741891504,1.7778313366540948
1937,1.1175451627836834,50.11471348409727,11.82069214996344,6.645931268928532
1938,1.1280924637996221,4.228157089575243,10.71080857437988,1.6309672068020369
1939,1.1225156943324615,49.34017803228873,11.715450793240642,4.963300090078915
1940,1.127120448942042,2.452207780085956,11.605197153653988,2.093078803148302
1941,1.1265342704535315,11.938547867173606,12.120037285662528,1.4258420049921408
1942,1.127108527047703,37.8210666352867,10.889198992177647,2.470468603065463
1943,1.1253419755310239,8.064442984556852,11.578398744275775,1.326494781234119
1944,1.1310498172835557,3.226017439100361,11.393052129045296,1.194890066749744
1945,1.1195660742877813,58.60939591331262,11.901708639276386,8.88140263986152
1946,1.1253164289693793,6.73302991104052,11.829671340685856,1.9613713362821166
1947,1.1267776026456062,37.61739079607366,10.236018932111923,3.3705360882953626
1948,1.1269150952364184,15.382953174661221,11.718461107626382,1.7794708567876312
1949,1.1244571919074076,41.525526274726744,11.876439742044239,1.6633944444368802
1950,1.1289331221270351,56.34889010623252,11.74119889910727,9.568417872463636
1951,1.122811989478478,40.00061067764295,12.279344880845578,2.4457566100330066
1952,1.131204155010678,6.622522523426072,11.164276091785165,0.951011468551586
1953,1.122308792491546,49.09620038433955,12.359093787814073,4.673946094748769
1954,1.122797098110795,29.406266333452223,12.665088774320136,1.0872695851641752
1955,1.1331672919085138,8.8571788974967,11.233158800043048,1.2009755553992987
1956,1.1292522890105197,16.22640647236897,11.330994084439675,1.6729680286574715
1957,1.1334556669016087,12.035614620899677,11.28030201031202,1.905879255116902
1958,1.1300358462783557,5.052092558910319,12.591740668048917,1.3138975071817933
1959,1.1311441917542215,8.030045605240618,12.924878219088718,1.5145649197634394
1960,1.1318049331953342,13.708631255058615,10.541423903861697,1.4903007344862003
1961,1.1292863426848025,14.083585934212055,12.083626760375951,1.2994997402218609
1962,1.1297742215040958,33.68682368936136,11.881460459304623,1.8232319481537163
1963,1.1459884341994835,15.093976811379527,12.083779132057732,1.615924205438176
2000,1.1333719342108768,45.443203053541865,11.106487184633615,3.555827876596281
2001,1.1119762089836775,47.833697293253046,11.809766734040902,3.8207896768620864
2002,1.1152345940523163,40.11340691537551,12.06437742610285,2.4857275101684126
2003,1.1196494638245658,7.788174855542119,11.207352102671857,1.4734972637331039
2004,1.1097834587587263,55.793577907782314,11.776858801409748,5.530100681970139
2005,1.1191938065288656,8.408335541849716,10.81303992531735,1.9487607897083383
2006,1.119129376530376,7.795240237341581,11.136010366020768,1.2044120081439162
2007,1.112539284501032,19.67348009530857,11.859376986675022,1.4374261022340704
2008,1.1158963478629391,38.128371483785955,11.157786168220841,2.8438546805073948
2009,1.1155024322840499,13.55664097832222,12.010398798719708,1.0559468311225328
2010,1.111760231402548,41.28349410668502,11.649034172143864,1.877051660391793
2011,1.113524459077831,10.06498135220336,12.06626985589552,1.3857832354452508
2012,1.111820960293883,33.36972810769377,11.39610396279033,1.6333980357607967
2013,1.1157068404247505,7.626654642788967,11.825576274766009,1.3362280050653874
2014,1.1112495313261992,42.839507036827904,12.224785939238615,2.1564709092875733
2015,1.113304310154732,7.754647230549358,10.222083112394822,1.3941215614612692
2016,1.112311472190074,44.40600244012721,11.343048208571984,3.3265949220870006
2017,1.1107382214158903,61.05713218622825,11.433621389050865,8.748354776382598
2018,1.1128363576676918,9.953550291267343,11.345511712535005,1.2317984313714656
2019,1.1153918122996132,46.957356842482085,11.581932169304341,2.505006214598673
2020,1.113134839615461,44.659274225088154,11.82747817993636,3.04305661818567
2021,1.1151861839481834,45.048255569813456,11.309581237925215,2.7158587656166784
2022,1.1197692353469355,13.345658466072052,11.2271163801624,1.2161795447799286
2023,1.1168574480125155,9.705212623410775,11.989389214465854,1.4175746809365968
2024,1.109990389293886,64.66705083757108,11.492304522313917,10.152663564708055
2025,1.1148200198648646,49.838152456403265,11.739599631886428,5.305487732931505
2026,1.119281872202287,10.165977247441708,12.016826591634521,1.2728051651972556
2027,1.1235525944310751,10.640813189880474,11.248133068344636,2.1324292344027516
2028,1.1181461767870684,9.732715362112677,11.680268698938427,2.0372801939263088
2029,1.1154718104347017,52.57138440346609,11.46692773491064,4.001275023253333
2030,1.124545782993938,16.446182276758584,11.68310464631741,1.5632332618603164
2033,1.1143451862976108,53.75906058680995,11.565262638169564,6.21337987219479
2034,1.1176602615622813,11.007452188713396,11.326586738786997,1.5201393784237265
2035,1.1125273122433978,57.131422311176266,11.48976802362842,6.874190641220427
2036,1.10937698222518,11.556198153460475,12.740220060628973,1.865240520892616
2037,1.1106157436531383,53.075063995965714,11.529876058610858,4.981067463241562
2038,1.1214393792038686,6.6932432465503835,10.525171825288567,1.918755399846071
2039,1.112817980372376,52.30565176104969,11.835166451730371,4.862734280163339
2040,1.1210934890204003,4.738397659342177,11.18139441423764,1.8276686510004574
2041,1.1199695502198548,14.447957440478248,11.746995786341051,2.1671816488685285
2042,1.1194248712965498,40.810920217370594,10.713660404913464,2.513835874506867
2043,1.1202475766139564,10.323929201083159,11.280009617883799,1.7533964985590522
2044,1.1195907217188557,6.072662531088711,11.686216012407193,1.590734746545559
2045,1.111180304714936,61.75358576365042,11.440986405447099,8.201183033041374
2046,1.1173154708868198,9.148745053294435,11.888627946850743,2.0014858131683475
2047,1.1189155244530853,40.27415201860284,10.192116857430523,2.5982198543077493
2048,1.119152946289337,18.167577811030124,11.674673721704746,1.9626718484919916
2049,1.1166339785738628,44.21811890590486,11.83928645963692,2.013119634518784
2050,1.1179490901346851,59.92852769203349,11.333244470621068,6.633336480597298
2051,1.1156253736042865,42.78250327354287,11.88109460962846,1.6839167314603025
2052,1.1235430871518906,9.045471351888368,11.207373573801638,1.5524188918425388
2053,1.1171912792594432,52.329358302756724,12.026621505773361,2.294815213115053
2054,1.1161068916827717,32.017836779244774,12.472645330029986,1.4435900681849427
2055,1.124549366894519,11.796682669033148,11.46617143137969,1.5011458244647062
2056,1.122100254353499,18.85573987283975,11.363914201488722,2.4288301076685226
2057,1.1255590453140873,14.221252810198026,11.07679273937978,1.855936989200256
2058,1.1212928570300604,8.020903148608195,12.907691419624877,1.9651209112665036
2059,1.119976596079265,10.770820251405702,12.686956368686333,1.2895152823492049
2060,1.1244978960808047,16.16296064135097,10.225378717526775,1.7686513648519628
2061,1.1212915816515066,16.58455775729185,12.041990822191917,1.6342439964557645
2062,1.1208045155409412,37.10715491401542,11.79317415425074,1.723378708171078
2063,1.1380490163330317,18.743424327503504,12.55522391335541,2.0576343937526698
2100,1.1332089338895595,43.9538320092639,11.091166032086585,5.090747140802278
2101,1.1144700714926277,46.084780948599416,11.24059372343618,2.7100173274740254
2102,1.1149584874761205,38.23144651135621,12.313784740387362,1.346400801106345
2103,1.120051589089581,5.770796403823714,11.33071071268896,1.9565212877548324
2104,1.1120806842080408,54.07069676345003,11.50566951470537,6.558953403488756
2105,1.1191152255452037,6.713244117912622,10.7159912859967,1.6214139652240132
2106,1.1190303860793456,5.85593711516923,11.429649984979305,1.6641691004060268
2107,1.1162228137949664,17.581620791240347,11.445422809522622,1.1745543051895975
2108,1.1152556648672836,36.7407076404443,11.212763806186484,2.7486416646235576
2109,1.1141138373235917,11.898839398760149,12.249781974220136,1.4332507950135447
2110,1.1125122882190133,39.171073927906484,11.95430306854113,2.586718305326842
2111,1.1135564809854999,8.686667627399787,11.587334420021133,1.2293625734307674
2112,1.1136298876159445,31.480843398743897,11.246988990351129,1.3014560564523916
2113,1.114140160552979,6.05885564902999,12.042185326368585,1.3345442802246321
2114,1.1132333954984395,41.04630838644721,11.709118465700934,2.3319315285597093
2115,1.1165086986754984,5.778246294382839,10.177873219720382,1.6853690984107446
2116,1.1144727857191579,42.45512103987343,11.41060617888681,2.630680892852939
2117,1.112203741524573,59.38203114139441,11.564588170299913,8.074822306219831
2118,1.1168526971246955,8.50290082323672,11.10418675311393,1.3203662580232058
2119,1.1165530282340386,45.37517811186739,11.730008374163756,2.600078349486805
2120,1.116103023407994,42.60078015696678,11.686454897004888,3.048046257801388
2121,1.1163146864162572,43.21547333684786,11.31656662137308,2.9694460562418485
2122,1.1206170837202982,11.803781940721143,11.345850330151315,1.1596875110941594
2123,1.1181642969304442,7.827705748844168,11.962886589325175,1.7856022267125788
2124,1.1115285200165128,62.88036650614093,11.741874155318213,9.596084815645177
2125,1.1154746700465163,48.227779609647584,12.12126521470052,3.840565283436831
2126,1.1189024464729591,8.52638609127036,12.087061837591683,1.149903614063215
2127,1.1245402298431253,8.802696699109786,11.406637028449033,1.554673436488651
2128,1.1214272013897604,8.319074763654488,11.721623369263241,1.3947532615168605
2129,1.1180917759617752,50.979866089832036,11.320920230051197,5.297364269855509
2130,1.1229988056601956,14.556361648772553,12.043684284680255,1.4164810468376106
2133,1.114930582967468,52.059563354997216,11.143701681407533,4.961980442304529
2134,1.1189748175886172,9.214948034094729,11.261137806730483,1.208349923307759
2135,1.1128216802831832,55.40418101429823,11.534113741027905,6.737797560179093
2136,1.1118628335970402,10.251479661678845,12.897530717490273,1.5561310839059013
2137,1.1116756085487294,51.43522633080402,11.10747692352741,3.9061633536455718
2138,1.1215604925613198,5.136037969594172,10.418971964313648,1.6869065847024187
2139,1.1170759221833806,50.17106491731829,11.712167727759367,3.442706723983222
2140,1.1206591745319903,3.2317425314827126,11.466301836241222,2.323436597303314
2141,1.120554804205034,12.974055527514544,11.730841681830952,2.0724261372357375
2142,1.1208359864014532,38.83868035664841,10.718034905718335,2.112658994636137
2143,1.1226858945411626,8.637875342975674,11.136609247355135,1.223482341191555
2144,1.1231992192741274,4.378219853824804,11.506871218334968,1.2122675354876458
2145,1.1130560045073827,59.86649658810454,11.18460569334677,8.695249452400173
2146,1.1197337383145352,7.52322508600485,11.762382120684794,2.304813208832849
2147,1.1210880468988405,38.57028494625457,10.105492235271619,1.957515264222142
2148,1.119544234828684,16.316996711619936,11.730368175833929,1.8651403592058604
2149,1.1171508320161494,42.60093889093211,11.756587809210668,2.1765829887785753
2150,1.1197601960586263,57.88896575825968,11.467007680143794,8.05757966521684
2151,1.1177645131697125,40.48601444665468,12.242190206099817,1.7019547203090377
2152,1.1267516647160567,7.337444679075239,10.98944911487079,1.5250188468607644
2153,1.1171862331504905,50.3341065991259,12.191496727195183,3.9345580634682924
2154,1.1165399768113595,30.610400305562273,12.367459695892881,1.6690934698845703
2155,1.125224913425527,10.024338639132377,11.222657217037815,1.895760528536491
2156,1.1240058185953972,16.834281110357214,10.968180849769446,2.655268943400032
2157,1.1262324471164469,12.905611636463625,11.023712147450576,1.989222859911896
2158,1.1241812278979488,6.043481734019287,12.828505479702313,1.5037214215574495
2159,1.1216051440954833,8.824991580724937,12.401007406414408,1.4459052796319907
2160,1.1259416283815318,14.420884805727077,10.104233522311308,1.7094030494871961
2161,1.1236284109301409,14.886461149023305,11.84369210059659,1.6671277027050373
2162,1.1224357217843022,35.75078976295995,11.695022990207924,1.642771249367029
2163,1.140802399115508,17.198954910548373,11.929310866616326,1.5714224802027568
2200,1.1380020641013646,45.3163585888439,11.382779438896547,3.535210457735618
2201,1.1183550483817382,48.05364895076389,11.722834052922721,2.5387404850642157
2202,1.1194625907933762,40.38851243189992,12.424093712526119,1.6324521732163735
2203,1.1251694926092735,8.66500659521138,11.445878188166974,1.040456968019733
2204,1.1182474851374773,56.10771657772446,11.879317257654748,5.412456617954995
2205,1.1253436677676685,9.208490981628033,11.040708255942143,1.3607139996317084
2206,1.1239698422690223,8.597313444142223,11.624972040295637,1.4178490497141218
2207,1.1219002557919127,20.75505344815194,11.481414547159716,1.644842444188942
2208,1.1212126742285604,39.067165642830375,11.426187471930563,2.644342671958331
2209,1.119423179412498,14.67860046211204,12.4762242232617,1.2798231696343088
2210,1.1199411646561241,41.68394844994454,11.918228485286699,2.3276757362861065
2211,1.1202041773896003,11.248777639682514,12.315308150330827,1.1856215025166155
2212,1.1198304466184308,33.96379981260766,11.537088386987426,1.494799634032902
2213,1.1215759322755958,8.642087492149717,11.976920124031329,1.216629582587413
2214,1.1180923548592836,43.75961243328181,12.089998398158556,2.4076016264107594
2215,1.1228649948419809,8.550407601913852,10.866927501554422,1.5712911188722085
2216,1.1178020862881435,45.01560551188048,12.123871114006352,3.166595757313785
2217,1.119555527685726,61.458567112765856,11.81394470588358,11.707342037061162
2218,1.1217390398383003,11.25780625609025,11.089055349393373,1.3570423325560026
2219,1.1213472225632553,47.68104170796257,11.834372459405952,3.1026460589036517
2220,1.1209275588063683,45.03097834163289,11.869602313353687,3.2000253084410253
2221,1.1211070190037737,45.7634695382243,11.579321331169238,3.142381886338387
2222,1.1265449482642718,14.661574459188694,11.61115186248515,1.3663279996094047
2223,1.1258223782871681,10.799960617784043,12.219326905714423,1.4051887409216703
2224,1.1198427605322276,65.14756021066242,11.688203903799108,12.284911079118721
2225,1.124002573200676,50.7259204857286,11.732371419073816,4.230942757668247
2226,1.1281602011287122,11.218599218481849,12.005710740394548,1.3795763994094097
2227,1.130814424698243,11.637034923494456,11.490473460795645,1.2597626201229803
2228,1.12773584236737,11.145852823443493,11.915653544283169,1.1725098313088023
2229,1.122860860503572,53.30335173635603,11.95614264579186,6.592415482166187
2230,1.1302181958300785,17.29228028325284,11.911833604507756,1.4768872426755606
2233,1.1210938059145175,54.833081250032045,11.412777213605414,6.67333642777275
2234,1.1255009388217188,12.174119957578105,11.362657624847149,1.4325610564160571
2235,1.1197680489820097,57.81187771052291,12.138338105088364,6.956768215554125
2236,1.117433590157318,13.134125397725821,12.827253563141028,1.4501664150847808
2237,1.12005423135475,53.70445488186839,11.716966565186064,4.522507464890512
2238,1.1299446116660115,8.091872341710113,10.586843399079473,1.6328921689273412
2239,1.122104957057315,53.435548212885564,11.755191602937595,5.2585359914510965
2240,1.1288974788461434,5.957411291930537,11.483506612017335,1.5309743038235875
2241,1.125948203064381,15.403325863775372,12.277681880996298,1.9277370917386984
2242,1.128106266600896,41.12124734253312,11.159511633486149,2.08083058946818
2243,1.1272932649616187,11.68395264555657,11.681102209244399,1.36807599247524
2244,1.130388007017989,6.826404828133819,11.711600098107986,1.216450824463128
2245,1.118957916104849,62.43086427042158,11.609728240720427,8.574465570564291
2246,1.1269564816711233,10.209576485132823,11.682275304885382,1.7503336641004665
2247,1.1287116657147689,41.07796199834065,10.15078304395025,2.2384614392106554
2248,1.1281085392204588,18.87677339035492,12.04645480417949,1.9630870979109296
2249,1.123480850037353,45.16557731606452,12.07879358979291,2.4577981326454137
2250,1.125368235481119,60.458011531818585,11.541051281925693,7.557415912268479
2251,1.1233485444829048,43.42531386541811,11.76367024343205,1.8298178831545293
2252,1.1327566424219506,9.885546754786285,11.097340902568881,1.5365343593041483
2253,1.1245611317956852,52.58339008520123,12.557166614891946,4.342647563280107
2254,1.120806260807786,33.15324936363853,12.384746881768514,1.064953527036755
2255,1.1320361441110747,12.478501835965918,11.818195740373998,1.4421463285293796
2256,1.1280693542176752,19.826429178296003,11.006201359714707,2.472965090526701
2257,1.1315282756354128,15.343477343404853,11.409410637447136,1.4779273070892087
2258,1.1279233908317057,8.915453254160202,12.960032542439373,1.70542810131469
2259,1.1282982900553773,11.62730559172393,12.98607146734267,1.414876041451342
2260,1.1305964315508794,17.33285081533146,10.59616943668371,1.7639448828754627
2261,1.129948173472686,17.300029410174808,11.962475676267346,1.673166755475892
2262,1.1299654708397031,37.6253001353227,11.497970222605534,1.814815404892165
2263,1.1419665319739993,19.421012338901683,12.65387415582588,2.246875213775664
2300,1.1301879958239163,46.67280472464414,11.080974592902564,4.52887549422707
2301,1.1114946142375417,48.660958882022356,11.920327963281666,4.292379914527321
2302,1.1128990934497522,40.97960256635714,12.357371771277878,1.05189383058427
2303,1.1189914621409345,8.880315624267492,11.502486001536603,1.234004612988329
2304,1.1082446876860401,57.211869826886165,11.534760884410074,4.689083603180656
2305,1.1180297367331586,9.411038765103676,10.99054225713579,1.6647883488450919
2306,1.1183735153195158,8.800403523880988,11.433335179443564,1.1943728494216614
2307,1.1118685860096702,20.558893235648238,11.852805828543593,2.1645789197075738
2308,1.1138734029272317,39.20635606887265,11.639237668121572,2.3120258102612254
2309,1.114243445429569,14.737166318630612,12.25279947091641,1.2380931166302558
2310,1.1114719042002184,41.970281719343745,12.187549499419681,2.140622611586386
2311,1.112486641791387,11.494749187749797,11.979385534938126,1.0265237171395205
2312,1.113611163628473,34.188678024765096,11.45850511309762,1.592069629691226
2313,1.1148025131443067,8.761335638554858,12.065498098399717,1.4991880738271615
2314,1.1124997548430224,44.02191937585475,12.090040845180466,1.6471660382655815
2315,1.115692945334124,8.359514895334016,10.49348570126311,1.342929312072657
2316,1.1140435839444836,45.46003776140946,11.558897865491602,2.4454761718163303
2317,1.1111762620134198,62.388897195974714,11.766624417558141,6.770362218984485
2318,1.1149611548366536,10.766359379334318,11.240293789406794,1.3561035497893776
2319,1.1159185928106983,47.91957151810778,11.61965259149254,3.0075534975662523
2320,1.115892158291073,45.65505970858536,11.335258974348752,3.0992657799967396
2321,1.1166133468646107,45.877345836902705,11.335380373493233,2.1959137657073122
2322,1.119265573539965,14.584908794662159,11.364643793098729,1.372183199661979
2323,1.119391948624027,11.142297328941755,11.960232368395483,1.3559544010723836
2324,1.1103394745321484,65.96463314920109,11.691261461405405,9.576095261578663
2325,1.1164425191924456,50.949226628798016,12.176082659929401,4.122123248830202
2326,1.1201092059421074,11.325225602962385,12.031281331895151,1.0729290953133748
2327,1.1216728104539362,11.827009157953867,11.421105511418626,1.481508987807411
2328,1.1204269444700043,11.094755762657153,11.861454904362002,1.1934018478757764
2329,1.117023303160005,53.95488256012651,11.723170524031307,3.7800777734094146
2330,1.1258455434212895,17.372056828616852,11.935364479937043,1.3043123972376207
2333,1.1153288011057698,54.80888608344444,11.527350020818231,6.4054307077685015
2334,1.1188895651603143,12.324364256062271,11.608871682141904,1.6853485777753447
2335,1.1106588455531936,58.52772146021839,12.11898267397632,6.401134669921693
2336,1.1078883324060846,12.909030771138333,12.83510388325257,1.7804584449511445
2337,1.1128318082637834,54.005979856947306,11.612881511022442,4.630094457282538
2338,1.1205967220386266,7.936581988651814,10.533717694351202,1.5303050435272547
2339,1.1153698999924806,53.45466826107452,11.473948705463844,4.4363271429228295
2340,1.1213047726663485,6.296859905970173,11.437302330667041,1.7783433483002493
2341,1.1199547344229206,15.419349917227688,12.234628709790503,1.4486349199165698
2342,1.1204976120518355,41.744127818100246,11.041572383033118,2.2922628540381225
2343,1.1199585805929464,11.663613221769982,11.394596515896001,1.1143775522254205
2344,1.122600913300857,7.028995323488734,11.320126570926801,1.2549674827234596
2345,1.1128901646091758,62.752557382182246,11.673391693121763,6.828900195643505
2346,1.118949600291075,10.24030319565882,11.878980013027084,1.6106529215975416
2347,1.1208214491911352,41.26032415143544,10.473672988609492,2.305165049576569
2348,1.120269704739662,19.302940972441856,11.760068899865065,2.018366257248532
2349,1.1154369014244916,45.58437823045685,11.942095238024754,2.2892496950215855
2350,1.1181164739776177,60.62978176100141,11.85655057550511,6.85302536083306
2351,1.1163923680385837,43.403874669480956,12.217711727873093,1.987634099227041
2352,1.1226947071690194,10.300131833692303,11.062998051762406,1.4823412144378831
2353,1.115601362673623,52.90715239805138,12.355172103752734,3.4459272872142805
2354,1.1146882243587892,33.56610781775464,12.236462769431155,0.9945117677366122
2355,1.1232645726385173,12.582766626105364,11.267097040085865,1.9401529871337349
2356,1.1216274464572689,19.89847241421546,10.917937730997735,1.769563627894753
2357,1.1242936548076425,15.839497256241753,11.386910162859,1.487212745289321
2358,1.120297038233526,8.772494859776579,12.839656082527476,1.8586170503400012
2359,1.1209553710726574,11.631611404998706,12.627792480727702,1.4796131177771856
2360,1.124629617218318,17.197555208283728,10.742039433126163,1.3804938985587334
2361,1.1231849490914152,17.664737281478057,11.84295202344569,1.8991569425186197
2362,1.1233321226096327,38.26423474893551,11.734692389338846,1.847173760544388
2363,1.1401548066716007,19.981333380195952,12.07657832325008,2.041129518166415
2400,1.1387135099570527,46.11877337671822,11.074045442887444,4.574022293074227
2401,1.1205757402068564,48.56307336222275,11.637481842900934,3.4845887419288837
2402,1.1229209082556606,40.566193412018386,12.163844419576536,1.4318619078389918
2403,1.1294324369359336,8.926256934706325,11.241419595116794,1.1131777448580868
2404,1.1216786301211044,56.334544299509766,11.842118749965929,6.161108956280418
2405,1.1294116045522837,9.624231509856486,10.926297051324303,2.1017816671271525
2406,1.1277925448428818,9.04446176119355,11.415257442973848,1.3041218701531168
2407,1.1251419318360742,20.640780104379697,11.984526442442734,1.5101847805844433
2408,1.1251387827116253,39.26193764797378,11.320280364625747,2.883041874984673
2409,1.1224451696720081,14.916764103114247,12.304866916388091,0.853903421302086
2410,1.1223295821506951,42.25000890430694,12.072570329185362,1.796952788811095
2411,1.1241782838871541,11.579919679204039,11.737611035610549,1.0456645017254231
2412,1.1250058266819118,34.25286796298106,11.41031149009513,1.2830297404164799
2413,1.1265401834081992,8.887535522337043,11.793470728804216,1.1246047890307427
2414,1.1238477091692307,43.85144331805087,12.012511557055861,1.4933885268572578
2415,1.1258188328936891,8.962994572740111,10.675831410758134,1.5172098990200222
2416,1.1230426273308913,45.44795695216228,11.665413689107403,2.3924674197894924
2417,1.1226558305850094,61.80935116427474,11.742688242367093,9.197667913046466
2418,1.1248454359772035,11.461526712991128,11.452767781150436,1.6551700947415624
2419,1.1264936275319548,47.932523338376505,11.836421228250137,2.6185159907514213
2420,1.1246818128114207,45.66211264190287,11.691361579288477,2.9796745738319452
2421,1.1276519469520874,45.7187505254334,11.42351599046362,2.811105671458182
2422,1.132509059955769,14.661301708595957,11.672777183209059,1.0381646405146994
2423,1.1298213749414443,11.167481983402082,12.019210439539833,1.250523941038055
2424,1.1233732424623715,65.36415230318637,11.812713018013794,10.945164121076807
2425,1.1267670327982688,51.19836872196296,12.018046187500502,3.5486634925769236
2426,1.1330340834842243,11.146286805648673,11.778152804191691,0.8834797057401184
2427,1.1353983240612644,11.70573123285051,11.777361343886758,1.4404774411834653
2428,1.1314915394175384,11.586743271459655,11.825873434992827,1.4478498048711606
2429,1.12677036108425,53.74147021283869,11.566053306785316,4.665498060113871
2430,1.13658631135741,17.56032915693965,12.029463393789007,1.327512940027433
2433,1.1250378424372283,54.51621991670071,11.255074650772912,6.676583763843279
2434,1.1298443253897033,12.477817941084908,11.27761705777055,2.0833856175230636
2435,1.1232752353408404,58.24142523435308,11.685994477644464,6.715934154961815
2436,1.1223441424225071,13.292338001838937,12.634316086952438,1.7271719448299887
2437,1.1247583925583071,53.887114168556195,11.576255458004555,5.618376691987411
2438,1.1302349292626857,8.456939582958196,10.717562184784587,1.8034606396048525
2439,1.1265375942991958,53.046611304744076,11.863734005891299,5.117130212017481
2440,1.1323424175073642,6.4005979242852105,11.490799192725273,1.6898332671982277
2441,1.1314054364720283,15.73738938783672,12.031215952719036,1.2450670298468518
2442,1.1315833934600674,41.58823179435277,11.248435926249066,2.443487232160618
2443,1.1324673354086934,11.908024138626363,11.324286592956266,1.3735542852890552
2444,1.1317062710256038,7.41215160123587,11.955374790673567,1.4283933240414644
2445,1.1245578400346725,62.0808060823586,11.79457554534549,9.59771691090358
2446,1.1292373547368313,10.530454494940221,11.935926484356546,1.6344621481396198
2447,1.1333860678703949,40.80962192618144,10.183161298366251,2.164431904117719
2448,1.1311140346113058,19.43007497832023,12.073003392692083,2.3265187380794212
2449,1.1270367015221359,45.270926659878725,11.715991458479396,2.792476045490667
2450,1.129218430825726,60.586133391675524,11.78344516792639,7.53258044510446
2451,1.1262218942476692,43.68007740292594,12.185246073797765,1.9737627200872883
2452,1.13481651246411,10.445304901840908,11.22811450529897,1.6949890889095005
2453,1.1271958110815568,52.83776842136358,12.538003533171155,4.360241523436411
2454,1.1275500158488758,33.245806939513805,12.474407636085875,1.102116000400492
2455,1.1333619104456467,13.085428367076661,11.717211519877347,1.42964473428562
2456,1.132494467021127,20.09548483845449,11.211684269498209,1.9687219507069935
2457,1.134627578601068,15.895246798230792,11.177811813273394,1.8337682730270821
2458,1.1298988979182483,9.02355713669161,13.128788055014889,1.8874404662142392
2459,1.1302763763158403,11.759129076211268,12.686409785108594,1.4132282016669944
2460,1.134199859700335,17.305070417191533,10.607121926404126,1.4698530038546065
2461,1.1323947917176258,17.790938116385885,11.828888598312371,1.526925554864156
2462,1.1302294834192308,38.09303187370639,11.441638368863364,2.266862535901763
2463,1.1474306628760762,19.881796547915297,12.583447725140282,1.7923594322852792
2500,1.134163010750247,43.49213913077432,10.961219121622547,4.905490249484418
2501,1.1145044333058847,46.35745698651516,11.970716230914094,3.4527114071420737
2502,1.116273967808812,38.66825619655162,12.235986356749352,1.7216492113186959
2503,1.1214583220038972,6.751364368005515,11.595095750592906,1.3174126275380718
2504,1.1132377641624676,54.68272825535254,12.235471967581221,5.523670961365456
2505,1.1228776474936213,7.281293110303257,10.980836154009024,1.277471298182513
2506,1.1217658150188519,6.725761341220199,11.744034099531133,1.442892513958478
2507,1.120133642669577,18.596861589283968,11.535129431880625,1.0302371930305372
2508,1.1181883107239199,37.401058582037514,11.552217961407798,3.1477926368740934
2509,1.1162425870288186,12.834591001978328,12.637768110374385,0.9833155692727061
2510,1.1152916010299319,40.457262711763356,12.144673001287128,1.8679254739220141
2511,1.1186018934743662,9.315346682743906,11.836214858549845,1.2296813391586363
2512,1.1180118921375062,32.10793159590824,11.778775212155983,1.7385426857578257
2513,1.118707978320924,6.844809890567748,12.582853928596219,1.4204968114060792
2514,1.116664021249089,41.84377311696778,12.284251746952858,2.4497728865331805
2515,1.12122918580875,6.697794882113489,10.742548551841155,1.3554146070489819
2516,1.1185988358788672,43.13322680263859,11.708112812863181,4.627129922540788
2517,1.1180589112425203,59.78301950048972,11.903437174961622,11.553199477715406
2518,1.1212027109319176,9.168862193006968,11.494549844401874,1.2539225550607997
2519,1.1190986632170035,46.04677441162537,12.12039352000864,3.9007330559907376
2520,1.1198391856915146,43.33104755741776,11.62797955049368,2.739425669288625
2521,1.1224876486521613,43.84947390500562,11.012582500043278,3.3537347565185773
2522,1.1270194509104463,12.794483001051383,11.491137245096045,1.27543038348936
2523,1.1250345900080814,9.1466428022049,12.332626356485061,1.5593085787301453
2524,1.1184311638129398,63.65684965087711,11.937075304153444,10.849077650084466
2525,1.1207526131762464,49.2319696827711,12.002815218611069,3.213236021992228
2526,1.1272091839756195,9.135043082607499,12.061913197533038,1.2889315753685227
2527,1.131072006165726,9.872980012864415,11.392141500880888,1.238662007209982
2528,1.1258651472807908,9.197362253210706,11.653213959495071,1.1988664850143629
2529,1.123195676569793,51.88113948217855,11.76753810668286,5.760834139869668
2530,1.1317496751385363,15.417803129922163,12.03313787182265,1.4390148847188555
2533,1.1200938780458403,52.84306157971064,11.047173134895843,6.251439355794933
2534,1.125805854394711,10.158607953401763,11.27072112423136,1.3144167846580352
2535,1.1189304773237507,56.0421279750797,11.690235736168058,6.816518707237062
2536,1.116420761669017,11.144396714355384,12.769494717272535,1.774830353293005
2537,1.118883099012017,52.0647131547365,11.483967730521558,6.281441018135661
2538,1.126283388851024,6.42808977699312,10.826642397658812,1.9806674925884715
2539,1.1234569977809004,51.02675113190429,12.024842910649213,5.130476337604195
2540,1.1285327734732766,4.020070704944883,11.710650082413153,1.7378989862516065
2541,1.1257331097426972,13.742110440690537,12.140085108850135,1.5426770461367618
2542,1.1277431276308696,39.6314216780174,11.315794050763056,2.610478538236442
2543,1.1260987077333202,9.857065896233165,11.265264505412878,1.6213695872313225
2544,1.127141647817893,5.230692037731616,11.735335275765562,1.5837923779231775
2545,1.1170399792992525,60.73826900888074,11.946340558100282,7.629244695097885
2546,1.123658341887833,8.057693692161928,12.260786926110702,2.308526701460039
2547,1.1264443813554752,39.572384789273094,10.26704564909911,3.344442622019826
2548,1.1260873835160727,17.109287769633422,11.815778650504514,2.791396859787049
2549,1.121973733707061,43.44726249821459,12.208800881219355,2.2007732452626727
2550,1.1240212996779002,58.535164624676,11.856786829762713,7.733050616039988
2551,1.1213907452067096,41.53980718327645,12.606662675967083,2.1564265046885978
2552,1.1277364256672688,8.254346328734353,11.014761758251876,1.485046101122516
2553,1.1212687004486808,50.90915041322959,12.64483825885343,4.097522313214651
2554,1.1202632157581416,31.085130963003472,12.627003337975577,1.503737177006025
2555,1.1291620164182026,10.494069244072097,11.33995129420525,1.4992558878122628
2556,1.1280215789147776,17.830473386370702,10.974231866786125,2.0885961121202317
2557,1.1293284662173866,13.779322458753763,11.26380552205797,2.5569275090930987
2558,1.1267802097472825,6.631166191986891,13.040386069794156,1.5845179859550615
2559,1.127670115487922,9.39058822279407,13.185990818645028,1.6337108758002437
2560,1.1281619562983636,15.40908098030959,10.872259389089873,2.4696108515854283
2561,1.1278690107957043,15.377535150462027,12.128459995821462,1.683822260180274
2562,1.1288963400804783,35.463651950328156,11.98221207549018,2.1235978053713174
2563,1.1414817649161173,17.722127809784865,12.391936857375251,2.0192182392761793
2600,1.1288331777317488,43.68782838408203,11.487549284568294,4.413726644711689
2601,1.1118700713117933,46.040692179091,11.963560082106516,4.25156556544884
2602,1.1123204713779171,38.42934064258757,12.425872325429147,1.435096327032772
2603,1.1178555152926897,6.610671639532227,11.377914334749534,0.9943436751340529
2604,1.1095820338331566,54.73008273287001,11.729771391815843,6.788827541413978
2605,1.1167673595315606,7.0336255194723565,11.202449176782164,1.4492115369755174
2606,1.1162739894454061,6.4051180056849,11.356788134558649,1.3328436037335538
2607,1.114014359871697,18.423433945032613,11.486344713993503,1.3448815732874786
2608,1.1141528268693723,37.14392751167773,11.376860705292527,2.839848506066734
2609,1.1137416090884262,12.59020017359125,12.350360174778052,1.3900531271004193
2610,1.1125125245441356,40.01248646526881,12.264329033954974,2.2349905682511846
2611,1.114566349551626,8.947339861280215,12.105106249748466,1.083587439732235
2612,1.1132546598801525,32.12169836839902,11.527893142526256,1.8081238705111562
2613,1.117398595979772,6.447212185191936,11.958166748945212,1.2137575281128594
2614,1.113570508759359,41.58960623657511,12.059594744475037,1.4134089581035112
2615,1.1154980626157178,6.343411607156941,10.639023060835035,1.6318505305627953
2616,1.1132005850526745,43.179860683398225,11.95972507037505,2.3421017749989193
2617,1.1125302794098952,59.95622171506489,11.68580160694429,10.605528474225542
2618,1.1160322812331573,8.942800174256107,11.637458201363772,1.41772624138179
2619,1.1176964795873512,45.729495360245,12.219507443119266,2.853209845865907
2620,1.1154448840643658,43.25516514902219,11.722638182077691,2.5283572128437273
2621,1.117135131742089,43.55465037613559,11.677669910221251,2.5641667336098313
2622,1.1220155065271407,12.611705646884662,11.379568838352165,1.1761619627152802
2623,1.1219088984619416,8.797968249343736,11.6784324493347,1.1795452205161658
2624,1.11335563117704,63.85177950955377,11.815123121547428,11.735406153276466
2625,1.118030718393388,48.90407590498099,12.0791014592016,3.8733255182839135
2626,1.1235763624284356,9.382488862244715,11.842369530106673,1.2689685543530844
2627,1.1258560167949094,9.45581760442666,11.576279411667967,1.340813314614203
2628,1.1218993657287806,9.029596758287887,11.432215072542224,1.1564284050407296
2629,1.1176275960639968,51.934474961851215,11.592474530090696,7.026432531783969
2630,1.1276801244710872,15.381911687063846,12.141540319696134,1.5179954481602402
2633,1.1170736045322853,52.793064448783916,11.08631507101006,6.054136783203185
2634,1.1213392628469212,10.010838459940983,11.578654862127534,1.701669901118114
2635,1.115292452158143,56.18736928000192,11.465319364965993,5.5565097803353
2636,1.1121704084499056,10.560780685616297,12.908317516974027,1.2154056484745304
2637,1.1131790873316052,51.95066193234677,11.823688470595213,5.740393016085853
2638,1.122946701184135,5.950836123766676,10.932270797681367,1.2251413399390765
2639,1.1152902878982038,51.10753077766505,12.110210628754928,4.807860901709941
2640,1.1253653903158691,3.5764931715975172,11.282717061638936,2.081277975581958
2641,1.1222257708146117,13.330309118337034,11.942333903259643,1.5833781770615718
2642,1.1235846397618148,39.362371359189375,11.462056754729206,1.7599271799304554
2643,1.12368681731715,9.331045267347449,11.627938775087229,1.8289014186975405
2644,1.1232117864868618,4.713677314423818,11.839792550818663,1.0428976153466762
2645,1.1148456539284421,60.49895169216298,11.631197992008191,8.839528659870503
2646,1.120970180092226,7.6992007297911575,12.178087576848009,1.743779520993986
2647,1.1222821405500973,39.06021974733102,10.483927943425593,2.9005094074045665
2648,1.1197845872063423,17.041926927408156,11.788572090012511,1.9235907951770554
2649,1.1183561775052373,43.02156112968364,11.937189082844213,2.737462081756273
2650,1.1202068435402626,58.14199859521951,11.729486611100922,8.140249998316524
2651,1.118389620894464,41.13278577017072,12.29635217095552,2.28427498234387
2652,1.1264906572739326,7.739791095889501,11.282319808574643,1.6532903390196976
2653,1.1180915652250973,50.58252863241573,12.662444914954614,4.264592925678856
2654,1.1147833074633342,31.420388614197353,12.741963235682581,1.4942319076673554
2655,1.1240075222784536,10.56812251829832,11.467594725617946,1.8144356198097749
2656,1.122680817700962,17.504088001171578,11.170129669100213,2.6753604775746216
2657,1.12730454881473,13.070045619324482,11.233937273708065,2.0398464397794434
2658,1.1231902081674263,6.273154572933887,13.094306058925351,1.6312220530605126
2659,1.1204063587080337,9.487810467150082,12.94055273520139,1.191484706758919
2660,1.1248702130337582,14.78812701150267,10.711843685807665,1.6415975259429298
2661,1.1242005331300746,15.327828058783414,12.091483785234347,1.5649617299584906
2662,1.1211796012814041,35.742322131238375,12.03799246544616,1.8842793478785422
2663,1.1393288476256227,17.58796737002221,11.863304889913504,1.952151080119942
2700,1.133051703059383,44.6695717885548,10.81674172156505,4.106873945755387
2701,1.1129117484417494,47.81356698645315,11.791158078642097,4.019060649697931
2702,1.1165192603439738,39.84276699287856,12.129478940364715,1.488618162465194
2703,1.121203083920237,7.8432341057693815,11.432526079500516,1.1997467861758784
2704,1.113433742377857,55.954130876547026,12.10898489577486,6.049821795094091
2705,1.1235567209303106,8.580277494278636,11.192944245360573,1.4994573666280717
2706,1.1209133664952453,8.203705438304246,11.511559783257292,1.1915915465340443
2707,1.118862186751117,19.795611512099384,11.708347622513507,1.1901179300458835
2708,1.1196469746504563,38.13150872858964,11.7647755117603,2.3453225974852465
2709,1.116781705718683,14.208418578790566,12.559290030711646,1.42414812384597
2710,1.1157725716081273,41.315052522011186,12.569096556265208,1.862429194155942
2711,1.118274913744611,10.377488314724555,12.256872780582084,1.258348843327701
2712,1.1188396783418932,33.296127883801184,11.723731470629637,1.1720824946232034
2713,1.1213293688786354,8.025524468851602,11.909675331468085,0.8356822345549562
2714,1.1195910298491838,43.01695055546878,12.096301992553395,1.8277523075518398
2715,1.1224197886371459,7.919996224312962,10.808130048141374,1.988643951591352
2716,1.1200028934846522,44.49256046939424,11.60800648687464,2.517829210098312
2717,1.1184884305872798,61.02906196190383,11.782988649418613,10.534227931783287
2718,1.1225624551700863,10.580933455133298,11.519064606391709,1.425421886543615
2719,1.122976412890585,47.11049954700528,12.020447812281782,3.075869876325395
2720,1.120727584524488,44.67240053540545,11.910464118274476,3.184847192898739
2721,1.123585194751335,45.12770797818202,11.836260701479148,3.39228113568492
2722,1.129105250967221,14.128335938893768,11.59090492759246,1.2833439609123696
2723,1.1262188587523148,10.155936693218642,12.184725572787947,0.9560633459856933
2724,1.1208124320387922,64.59912400863523,11.815235608605787,11.044259029687522
2725,1.1217387150923261,50.502503936652055,12.0021609144387,4.362380014015589
2726,1.1273698815714028,10.740122851860455,12.218582135147098,1.2053754816875704
2727,1.131558229463584,11.010040790557074,11.964581523369047,1.4911741071719746
2728,1.1279445848882965,10.4334904642011,11.842013540112582,1.3499649646735024
2729,1.1249879689897628,52.90115442983336,12.064154942545908,4.689342248696636
2730,1.1319822789192333,16.75908354322516,12.208180994417308,1.2940499178546203
2733,1.1239417001247014,53.72407561466215,11.386144102659523,5.009983565642883
2734,1.1275163264307113,11.509925645430997,11.526021398331551,1.6791027793036668
2735,1.1225204276249527,57.31998862768393,12.205272311829333,6.644461500402301
2736,1.120445162579487,12.17602860484414,12.517207059512957,1.9524587331592067
2737,1.120959750537667,53.07898056926253,11.380065268435136,6.092891182684206
2738,1.1297437062948092,6.940566846934114,10.86907261028514,1.4972205542718975
2739,1.1216761888138236,52.77595333141939,11.861385973586922,5.06669958047536
2740,1.1291662466003902,5.199072323286518,12.128785411837674,2.7394294718589403
2741,1.1275652469596722,14.665018624634856,12.196119414375774,1.5015225648484076
2742,1.129260888163545,40.99146767057621,11.171524504515423,2.7090092432855286
2743,1.1274398678501831,11.057815558443046,11.516941082885738,1.8373105237616614
2744,1.1296846328647314,6.087515589958494,11.889835475643928,1.496431490646827
2745,1.1195172538081262,61.68592019588669,11.86015971120137,9.462668991017816
2746,1.1260767621407894,9.382931170545444,12.182021287076587,2.238299637644019
2747,1.1276194620424373,40.425135494972395,10.880521205718916,2.1533773376352814
2748,1.1258095799338315,18.747355215900175,12.08014434644752,2.2852665692321406
2749,1.1242290968448772,44.46088328752899,12.255028934248601,2.5677145082852486
2750,1.1237846910862863,59.596855193894136,11.873243192679082,6.369380635385808
2751,1.1219539706777468,42.55349636368982,12.447092180512966,2.303023424142544
2752,1.1313298776564327,9.248782554527656,11.489282492608293,2.0073593446050397
2753,1.122478168645417,52.213289803597256,12.586809021527186,5.030491991293521
2754,1.1199637881226703,32.21681716092482,12.720503899130511,1.524222586252877
2755,1.1295587632407555,11.897914661231534,11.640022700445433,1.3923247479684384
2756,1.1279104655882266,19.175561605920116,11.369897238225205,2.1271678471840443
2757,1.1314908592541533,14.881382396222316,11.466937132721574,1.914651758508291
2758,1.1274338644243562,7.982004058202951,13.067395887703096,1.77334898360508
2759,1.1272867681664442,10.786958326797468,13.22789849755773,1.3071180738892758
2760,1.131766747492868,16.33080556016208,10.583998541998595,2.3927667731949325
2761,1.128199433566107,16.736196567078757,12.16553081051777,1.592368753507998
2762,1.1285306986138275,36.881423825872986,11.835660448667438,1.5896698087539889
2763,1.1447496929319203,18.02422494804888,12.218826643598286,2.15441873834614
2800,1.1273717202915412,47.78638598569875,11.693992579240819,3.4486102992311305
2801,1.1066093658618075,50.04166275022364,12.469759707042355,2.2965981224513947
2802,1.1121538588409914,41.93891633162085,12.165668415503843,1.0929603915515416
2803,1.1160218164264697,9.698455008118435,11.808874556383193,1.4413049190509641
2804,1.1051055627020596,58.10883381578542,12.262441957519247,5.767334988431508
2805,1.1161676099130493,10.337091301891919,11.410104415152722,1.6100660132537228
2806,1.115494171635596,9.626254817842018,11.713541987742211,1.419188583118727
2807,1.114912743135075,21.467782257265903,11.77460961369767,0.875300814260186
2808,1.1139284174732271,40.28249905740241,11.876794410619176,1.919342090176803
2809,1.1136326504279337,15.712559361194378,12.656769078511378,1.1899919061603046
2810,1.1128467110582234,43.1725890741048,12.220761778918067,1.8952795832977722
2811,1.1127214066097388,12.530565684883713,12.08481315940751,1.1330966662755997
2812,1.1132540580671462,35.03674186704594,11.761104282259199,1.8485725411653304
2813,1.1154821893833033,9.594996401337427,12.121775209495896,1.3574021911659024
2814,1.1118273095716087,45.2737599142959,12.22942270216687,1.3227500123362814
2815,1.116584539838259,9.312182725468107,10.685308897177839,1.9281777777324522
2816,1.1136731194990752,46.16359639673586,11.945553219953284,2.629265948371742
2817,1.1107381476427545,63.48088460600802,12.041083249194497,8.41599458063094
2818,1.1160331296909063,11.900542660406174,11.565549010001131,2.0527436961879513
2819,1.1182568051830322,48.69466014789096,12.061792547448906,3.0985006336908936
2820,1.117139101549642,46.56454071259993,12.029472128569259,2.6430753016794335
2821,1.1199794072759077,46.86581900414607,11.339471582097788,2.5820763253207666
2822,1.1249931110088416,15.442897717979575,11.63927685009473,1.206683288020521
2823,1.1217023827145598,11.822575126428301,12.013866772544457,1.9898195783120562
2824,1.114196438946879,66.9147226890517,12.066833377399803,11.628660806693494
2825,1.1180133371224823,52.16632313296485,12.083588355485302,3.1568919785945773
2826,1.1235938997831092,12.433497205238286,12.10803231864639,1.3334963796669363
2827,1.1301066688079238,12.542413253794038,11.254630450529541,1.8660688460920816
2828,1.1237228585118486,11.84017172448835,11.974308705222247,1.5761279086138253
2829,1.11918718589496,54.905253821608724,11.834089071483143,4.842630996505678
2830,1.1270730425055138,18.574073087310364,11.964728728009103,1.578176314201221
2833,1.1171474666941859,55.87747046366676,11.217263510738329,4.54185771915776
2834,1.1247937303881317,12.996533337021503,11.620285798804735,1.8298273834073637
2835,1.1154825820599032,59.40249422712225,11.682009413833804,6.908840275018667
2836,1.1129881556385735,14.054303238723891,13.07739785727816,2.029017046276833
2837,1.1173553923981268,54.73479453791767,11.610163475828513,4.9635999955485985
2838,1.124541534758509,9.00892318361663,10.894381913542432,2.5032285942436694
2839,1.117217032394505,54.19937677224844,12.01502395583606,3.7490951040658307
2840,1.1254497557954894,6.962005647527557,11.340469894238845,1.966109790160963
2841,1.1229773470372344,16.599748408079236,12.03146210694651,1.7545366583543969
2842,1.1228652624804396,42.47830752993348,11.162651886831975,1.9540912168045221
2843,1.124741712001708,12.468190440435324,11.317578415678422,1.9726800669041533
2844,1.1237256500808448,7.67672598686579,11.612710749101176,1.7287623351029773
2845,1.1140124792542148,63.92749998983027,11.682817832841815,7.4132662555267
2846,1.1224930688196073,10.918067671222584,11.89680836793663,2.6279398206821125
2847,1.1221703902221434,42.173991363928735,10.894968984818528,2.15174818738677
2848,1.1217429338641922,20.14584597982471,11.644060116644185,1.8856247759160856
2849,1.117537148443978,46.32482334559196,12.305069740250936,2.3265350889981598
2850,1.1209563578353043,61.45134883343111,11.961348156208924,6.016099764767695
2851,1.117680057572463,44.32749203116917,12.755200231233895,2.1167694210894554
2852,1.1257968416581778,10.884922890046965,11.267663707602859,1.852555089597518
2853,1.1177202317612869,53.863665421777014,12.556226715465653,3.4332230046950616
2854,1.1160587440861587,34.47401014108279,12.81349796404284,1.2343339748811826
2855,1.1229257978006442,13.832947293509749,11.86108149713568,1.3815916582389498
2856,1.124916886980009,20.4371737441214,11.21076022135966,2.4488231531991116
2857,1.1261998726063673,16.676375534061034,11.143472886871542,1.5943924101575069
2858,1.1220137389390699,9.902371064687976,13.273607505513198,1.3793324058049445
2859,1.1239865635112027,12.534655228799743,12.60370787275789,1.6653722720028066
2860,1.1254609550867416,18.370096433460034,10.364067564675508,1.4709345011787678
2861,1.1227796402652288,18.935853752545366,11.981097078498586,1.5668754530307967
2862,1.1219619420121318,39.45958696205448,12.229210881738299,1.353115651066452
2863,1.1389718180837227,21.206108839540775,13.274896586907701,2.4161869079928944
2900,1.1377970084151257,44.09472210469023,11.641978021170885,4.92020669361364
2901,1.121806281168573,46.988643638183845,12.335212466514086,4.6962518521586505
2902,1.1232645218230135,39.6120727954902,12.990139009512323,1.4238170151389828
2903,1.1283064707221955,8.3806033365288,12.161855493016594,1.244730214785089
2904,1.1199962331901936,55.97241787058475,12.491472122704502,6.746810644226125
2905,1.1294129882561375,9.458876015724332,11.50871845715287,1.3075867506525856
2906,1.1266077344916565,8.487304109435597,12.243655760956917,1.2421871024402609
2907,1.12649393878477,19.83825834892133,12.486190965810016,1.1210923001762896
2908,1.1250109188329973,38.87669798409954,12.197308623417884,3.1336869902765523
2909,1.1240172930336834,14.246380196187728,13.00733505661018,0.9979865913089843
2910,1.1222702794886326,41.82717623682085,12.954661086888498,1.6078897721863625
2911,1.1263473591000661,11.057519488794153,12.428701772572813,1.323717012337556
2912,1.1256426422012236,33.69240002005418,12.205131463492634,1.3822805819477069
2913,1.1265122827196619,8.433354139555185,12.725705467753269,1.0725715347071876
2914,1.124093074855997,43.43728882797731,12.656690759489688,1.9486408719072237
2915,1.127970353253683,8.256826524975732,11.30286629010793,1.1527256280924112
2916,1.1261542510874623,44.68324246629299,12.207269361052854,2.677039650232608
2917,1.1243361087665127,61.67258808549932,12.329871201983295,10.232819641612169
2918,1.130536841187665,10.972317742180545,12.012114597863832,0.9646958683878143
2919,1.1296303186232466,47.43556260850953,12.371755221001038,2.972587027993252
2920,1.1265817330265386,45.32541983162147,12.49391921788554,2.973553844548271
2921,1.1315359102680647,45.4332263352131,12.280732612481938,3.3013191525460828
2922,1.1363760390624744,14.904573435277486,12.379983982750737,1.3847766522239089
2923,1.13290549190552,10.881484543656295,12.71839302689925,1.024646185077133
2924,1.127212333432061,65.2152470737282,12.036511376852333,10.46509783580787
2925,1.131130002937727,50.697703511286576,12.41601723452288,3.855587426276894
2926,1.1353681190716012,11.324927388425065,12.36683675543417,1.3801486936272418
2927,1.1407363276573275,11.659034015601886,12.053104397033618,1.4003389491118312
2928,1.1362839147638433,11.233033950505902,12.053573088807843,1.2060498861342972
2929,1.1323097765909518,53.63219498822361,12.045340669175799,4.317724509775041
2930,1.1415509211810857,17.46976836353162,12.56789608669152,1.194654183313872
2933,1.1279469046982213,54.66481037303902,11.928454879642233,6.041408205425829
2934,1.1352547200404095,12.239095744283553,11.791555101370609,1.783065500556157
2935,1.1279885824783957,57.9975629683952,12.127893062139668,7.064985027141516
2936,1.1267071985575232,13.08239570494515,13.165622426760525,1.2195763358743328
2937,1.1263230189710516,53.699823944603764,12.095443730684984,6.031617716387924
2938,1.137770420873045,8.038384667933549,11.2431632701135,1.0255257989637117
2939,1.1307799602212105,52.40550213742137,12.503275253466086,4.852117392095974
2940,1.1375759854280971,6.405007118364998,11.965408811879362,0.9930942844371684
2941,1.1351811526654587,15.532456315435473,12.240726542866902,1.2359261561375188
2942,1.1333358642277893,41.22363751177866,11.961591469199007,2.3681733591129523
2943,1.1378916197724702,11.766107899307999,11.771444482776293,1.6012899098954347
2944,1.136177337901503,7.079668641684362,12.111498901356729,0.9230359632990598
2945,1.1279365990934276,61.763799808167256,11.892138654942043,10.529934744552715
2946,1.1322206929118726,10.05115011234742,12.57281547452896,1.691720415829043
2947,1.136158432787948,40.73329949503674,10.789718919925408,1.8930947160338183
2948,1.1338639669140043,18.90990778933709,11.956196988249205,1.2656671918581948
2949,1.1307128923191965,44.5600785645559,12.622511770526987,1.5225025345561314
2950,1.1304330789314787,60.054935974180125,12.744626710140585,8.449386505552159
2951,1.1297044587596763,43.202740798399724,12.75458757633715,1.9945282540081626
2952,1.1372725350125958,10.07889412380994,11.545767504601748,1.1546636405039574
2953,1.1310682707922848,52.249606842579425,12.956395434704685,3.0031533500210332
2954,1.127558101234375,32.95451732734528,12.836255552172837,1.0511055566235457
2955,1.136052373046257,12.557599266250573,11.775837831249834,1.3185899164420365
2956,1.1352566704852582,19.564108359402173,11.713531080640639,1.1723966907227874
2957,1.137415067679805,15.178749338923495,11.97079732404597,1.1004454534420223
2958,1.1356923567897255,8.572232998870982,13.419970401610708,1.81201053272892
2959,1.1341254532348222,11.288998817200524,13.026582641617532,1.1018719700943904
2960,1.1373492956221296,16.53555368528703,11.39677321930765,1.4905816790463378
2961,1.1353722381831302,16.816293119858937,12.790531941629377,1.3591638010380596
2962,1.1364207135338191,36.64199026704576,12.441575182916905,2.4905422270849753
2963,1.1483964484118685,17.34475039611008,13.095753987125907,1.8292005966259288
3000,1.131547673286482,44.5636010704023,10.897515349367177,3.9669029567972585
3001,1.1123678430653983,46.99091971434549,11.83176409260339,3.369465696037866
3002,1.1113361118921417,39.59605613528951,12.746112705071132,1.3069666334692986
3003,1.1183957456827656,7.332385965731316,11.653995196843265,1.718062734396028
3004,1.1073395000572452,55.572971166116616,12.124202039507079,5.5334206618138
3005,1.1183980625681114,7.994436990001039,10.906871682684438,1.6821903484558407
3006,1.1201584265264728,7.3972859476873,11.570371063170692,1.456752217838655
3007,1.1139753637881913,19.213075052055245,11.753962126261145,1.2563689108611842
3008,1.114961931904607,37.78092907219998,11.86919242847051,2.131879923358484
3009,1.1157851516494988,13.236256078013403,12.396211457260563,0.8190142629217657
3010,1.114573340848125,40.66084536189679,12.510455392165042,2.171783911271284
3011,1.1146909747408558,9.674871716702638,12.170317058909266,1.04080927224302
3012,1.1169349493310334,32.814662811584284,11.792264375557165,1.4915240409767785
3013,1.1193158509619103,7.191940758523919,12.363421084914368,1.322700745226499
3014,1.1164654424245544,42.10358344554998,12.137710859078929,2.0111098088317063
3015,1.11899745210074,7.305243681199029,10.633078729482294,1.9433380997966818
3016,1.1167793293472146,43.907279957743256,11.861670734050941,3.0484414733117275
3017,1.1146872674554085,60.54771806401903,11.96838673385916,9.724662199257457
3018,1.1188478558258694,10.018494853957167,11.718218137047844,1.4239933921997987
3019,1.1209687890180657,46.24901784113577,12.211309995810605,2.8804093745704584
3020,1.1196028041574904,43.90135719266935,12.00498978691167,3.4048908369854316
3021,1.1222174739878397,44.41378763214154,11.7413177914373,2.5773312722248165
3022,1.1276582582563615,13.275289947974882,11.930382401524573,0.9345747150577227
3023,1.1248029854100707,9.728772276894526,12.19605405435905,1.2744677617819584
3024,1.1177561352776122,64.27827409441888,11.644695881256723,8.688445879541755
3025,1.1223405166045133,50.08970175796946,11.912312875560607,3.0993412479911466
3026,1.1279472476896788,9.808330531737608,12.197728265113742,1.4152323153881627
3027,1.1305644707559754,10.39148528770775,11.575500051583337,1.8816258439617068
3028,1.1280942112381886,9.788662630836525,12.172812527344915,1.284117655591448
3029,1.1222664392819863,52.52295042585816,11.776566897047003,5.0023412153886095
3030,1.1293768155240738,16.269292946687077,12.223682724863467,1.4682544610575752
3033,1.1207903157275882,53.088713030486,11.71791135922259,5.3544822799131655
3034,1.1272971040322164,10.702673902795924,11.709217602805563,1.7237708913525573
3035,1.1201913213549355,56.68981671957965,11.81357454629339,7.408404848299441
3036,1.1187336065109614,11.619513811880026,12.571533400773337,1.558376492014002
3037,1.1205071121894026,52.34659777383022,11.407868318004422,4.976140703436854
3038,1.1282049306660744,6.959244343964093,10.853608778153447,1.8783785686366512
3039,1.123651302946671,51.45076607061618,12.073152384696304,4.242199606887901
3040,1.1278337574284476,4.813670658430616,11.803211293550605,2.0394745095106765
3041,1.1259229519032978,14.316120406300556,12.190242953481116,1.5490352102192233
3042,1.126275963718663,40.05144518605695,11.21342705911152,2.737271510439075
3043,1.1283415793888485,10.194298936635679,11.739869707796496,2.3603901609142985
3044,1.1279919031998784,5.579863557808513,11.826195458656265,1.393434637567632
3045,1.1182862713264847,61.014659008747735,11.817249706356787,8.413976170353662
3046,1.1239009476141395,8.77418886789417,12.023793837552647,2.0221365545462815
3047,1.1248563861566434,40.00944013232641,10.726228390707272,2.7640853140304373
3048,1.125646700835806,18.241752165864245,11.72282646289197,1.7695724117491751
3049,1.1202715940438606,43.797494194545,12.27465379689906,2.5133019388768068
3050,1.1223447945156415,59.06428555327926,12.129709729581931,8.494971987732526
3051,1.1209445624520207,42.37529564540098,11.930854914967709,1.9774434869337263
3052,1.1281568965215907,8.92751512360088,11.257447621942505,1.4105655641323858
3053,1.1215779377471238,51.47296705480499,12.415814855852895,3.171429125937493
3054,1.1175636759471936,32.09860571944756,12.479559530572685,1.3311106045074192
3055,1.129283258232559,10.741672398687752,11.960736921647923,1.49580256306324
3056,1.125134849519081,18.429572713430435,11.233406856830442,1.684420657078632
3057,1.1290300505469189,14.121246813146914,11.15677332545581,1.9211538255570921
3058,1.123841209764254,7.499235168983379,12.878108989389284,1.19939741840805
3059,1.1260025882864753,10.20122735568742,12.841704923192845,1.386168425623747
3060,1.126818779262521,16.043651868231194,10.503894311489242,1.6785598505515629
3061,1.1247220871394035,16.065404905904128,12.375184564829851,1.476166774585619
3062,1.1257077928276347,36.38641814596503,12.0872379379742,1.734147791762436
3063,1.1423720589446398,18.237742607449025,12.693448184932326,2.318314445574253
3100,1.1263179038700581,47.621460969674494,11.010937643798874,4.723037759717248
3101,1.1074130614389763,49.70775686448166,11.83133349957591,3.798552089291507
3102,1.1076697791222376,41.64394271604649,12.613550885251145,1.9086048900241048
3103,1.1158077479723774,9.377892563423966,11.258760194319752,1.3305377785292325
3104,1.105507916145896,57.71121203467885,11.55542827008548,4.912527241213912
3105,1.1149105833668607,9.944687256083041,10.919824331451442,1.3792167715032317
3106,1.1130292388333882,9.233719422764901,11.72307450180776,1.3896165689041446
3107,1.111953809333299,21.178662722936995,11.533292648077504,1.557837800931288
3108,1.1122267999703834,39.88289743132737,11.325797945272162,2.490712595818001
3109,1.1108808505249281,15.339646658397672,12.542081762316018,1.4243639377193773
3110,1.109451358415663,42.583495833656585,12.495041913146293,2.1010833119129417
3111,1.1116455076644367,11.768492129062338,12.126152418565354,1.2892050037114626
3112,1.1103749864334966,34.833148573753995,11.535820503468521,1.530334740981108
3113,1.112827881791171,9.33182083030663,12.112662758544413,1.7423518067373
3114,1.1121291996010512,44.63397167021211,12.08479895511687,1.7922990836752104
3115,1.1176618155476246,8.919086841567841,10.324954580043888,1.2327489911596479
3116,1.1129136431969173,45.9342996231447,11.34756556562006,2.7875635279919124
3117,1.11228868612862,62.81056568114866,11.6946760998058,8.569700178073871
3118,1.116807977283032,11.545085420914264,11.343458033554,1.8829975895952038
3119,1.1182148112044892,48.43682776708189,12.06041834216437,2.763982869478627
3120,1.116425305764746,46.188875141743516,11.440776238154603,3.0061040176981213
3121,1.117458286337206,46.54903901083254,11.544116573982183,3.0056240804853407
3122,1.124531718264382,15.00997179936233,11.518852635435755,1.6369952655134097
3123,1.1216349030445216,11.349301643188392,12.301638903733819,1.3262981594299084
3124,1.1133847382224538,66.71603099819171,11.4549039944096,7.798564071910122
3125,1.1200831344514421,51.58354301276686,11.992565680908454,3.7507887798705988
3126,1.1216759809012633,12.061838043756676,11.927966903649004,1.6741637696085452
3127,1.1284174755491643,12.08779357472844,11.302210871273177,1.7679597224550498
3128,1.1230101667585586,11.864223515553135,11.517439518036495,1.6888138869204725
3129,1.119000455120889,54.39595438882013,11.28517226030311,4.459816221285495
3130,1.1264203636923753,18.048851909353502,12.163798149715147,1.2869747621661969
3133,1.1172890496900603,55.281759660458086,11.208709786918664,5.009670297080714
3134,1.1223306309198053,12.997893645244813,11.7093900999416,1.791833959235825
3135,1.1167159060541687,58.87295888568663,11.707727909181642,4.978837614324145
3136,1.1141861139465825,13.434119372842083,12.654518336986673,1.9067596436535923
3137,1.1153318330026054,54.68713108765683,11.262642927841796,5.329754268616197
3138,1.1232734971205356,8.694026859889489,10.96903991699806,2.2976308492210284
3139,1.1166523585939532,53.98986582232012,11.672404684381917,3.7506624169188747
3140,1.123003645237816,6.535918421918387,11.40823743441442,1.4995752687613502
3141,1.1217697348756317,16.103123908604267,11.987654656395751,2.234170733350735
3142,1.1202878848795728,42.51520997965407,10.960667425304585,2.725129527827327
3143,1.1225439689353658,12.184946778492494,11.233145657577913,2.124926570241248
3144,1.1219585130066685,7.56622316128201,11.570924453986551,1.8025089116450053
3145,1.1117652518320857,63.43247131349135,11.459211824108401,8.992378299993836
3146,1.1201470812306658,10.856210439491354,11.923178901741869,1.9244711608413363
3147,1.1199380896727367,42.190097224973485,10.095376895164671,2.5438128731208733
3148,1.1205067508042563,19.863357849004405,12.082767248705032,2.7802335723861233
3149,1.1173508516561328,46.313061376802004,11.75562314720224,2.8570374653719317
3150,1.118927085179091,61.351154805367514,11.756893873939529,5.506382969592506
3151,1.116119481543004,44.114665735470574,12.319114996237097,2.3871647830979477
3152,1.123968136018997,10.648215748777725,11.315032175725491,1.7744344724520433
3153,1.1156960763734782,53.285107192881156,12.63508757161152,4.039495807912342
3154,1.1153884737214614,33.854797726984025,12.24414637947386,1.3545054325808015
3155,1.1237641372610554,13.03336797665962,11.591205385012321,1.495229042627976
3156,1.1218956387349475,20.186232911144533,11.14061318847895,2.425398521940107
3157,1.1242119533702737,16.347706043132806,11.526692475942106,2.445500345694253
3158,1.12052307187739,9.519072819811555,13.054721515883292,1.926272210778682
3159,1.1223287344593602,12.191067569813457,12.714973932199925,1.6996916740581365
3160,1.1229570701915217,17.863963634173963,10.675751582785706,1.6354571803743305
3161,1.1214545097004183,18.79964102523834,11.859471451072578,2.1841534763114456
3162,1.124076335856745,38.67832773060389,11.923761956260119,2.194895837264836
3163,1.1392990198496276,20.940763429528936,12.241797081775614,2.521966852910867
3200,1.1227629922985527,44.14033049812086,11.423080989909147,3.831674464083571
3201,1.1040803152398546,45.94277398608478,12.226256249313167,2.6927050473052345
3202,1.1064564190686235,37.934518526049395,12.79654827566799,1.0637431055874365
3203,1.1093740274727684,5.995219784849431,11.82256439577835,1.5668038820473513
3204,1.1036012750292952,53.58458711178348,12.27940666535373,4.812876422660095
3205,1.1086713811265438,6.809617451823356,11.428300809212786,1.3274745621545292
3206,1.107332505135417,6.224478630615991,11.834115328474397,1.4614280407086127
3207,1.1055444374996668,17.758124491440597,12.279321891988017,1.1702619911873293
3208,1.108354032578815,36.65034634317919,11.987238691054085,2.69525593351059
3209,1.1069157224529276,12.070167830328684,12.550634142410651,1.0113932792894693
3210,1.1052942456532941,39.64802866461336,12.2355836336563,1.7480035563060066
3211,1.1087208148901093,8.534258542897772,12.259993384176157,1.5347562958342609
3212,1.1083741563286897,31.47446479221866,11.794050850368956,1.2912153395655774
3213,1.1091725596775153,6.158931942625606,12.134614416848333,1.2634734612780285
3214,1.1100457131124426,40.69156962656352,12.589075267065692,1.3663428832127766
3215,1.1102503472072587,5.984972701508537,10.88599581267553,1.6978454684397288
3216,1.111183290642707,42.2277182996889,11.810799319252574,2.0369060262694227
3217,1.110871367540301,58.79976039282589,12.110862076699892,7.8617714968641605
3218,1.1106215195304001,8.413612476222704,11.586473558797266,1.3641817089309038
3219,1.1120766285505903,45.472838271141875,12.173493802160545,3.0956589866179494
3220,1.1147067227415821,42.549918960482316,11.57952456468606,2.5110753119342215
3221,1.1143039154452248,43.3344188218632,11.660082282845153,1.6590149693922998
3222,1.1171528102793284,12.186301780521255,11.93004165067902,1.5523931726886762
3223,1.1165328901510823,8.35118496410047,12.268286771137761,1.8421389945151463
3224,1.1134781793118187,62.35546479497474,11.845350829936484,8.66017103619896
3225,1.1167500351349096,48.283677031840085,12.555659589278449,2.7421192949169426
3226,1.1189848481512485,8.32003828181636,11.934175537113404,1.4704783384773228
3227,1.1217479668309938,8.831753130175455,11.924270273130722,1.6233804748495198
3228,1.1185899006785542,8.621887177648174,11.959868753316272,1.4430844820125346
3229,1.1163360068429045,51.146793122457645,12.073490315577045,4.788127531915238
3230,1.1237904247049966,14.733573247102543,12.194296054237968,1.8218211298299265
3233,1.1140408485457083,52.10660508076003,11.56325347679059,4.674309132091081
3234,1.118211804645936,9.599148182641757,11.706199725961701,1.9190806694840508
3235,1.1126527929290075,55.55315905567993,12.136360468703337,6.5734802069117055
3236,1.1080542950911914,10.552444051789688,13.205595557726543,1.8908490531564728
3237,1.1116893553204643,51.208810731269644,11.647252159852707,3.653867571532373
3238,1.1173356080915755,5.454758903279207,10.932901286962412,1.8239726154513807
3239,1.1125020362644367,50.61360297560468,11.874862881043184,4.059333575076955
3240,1.116648605093889,3.888822133314874,11.868666360070565,2.351679927709939
3241,1.1197567649977078,12.963458166764555,11.914160546748688,2.1228815285763685
3242,1.1145354218686827,39.472981344129884,11.51908374260414,2.314692459850886
3243,1.1162520463717298,9.178341198560386,12.01288466187206,2.3430303779055452
3244,1.1161650820753952,4.426630692227498,11.985817918113945,1.4311986168939679
3245,1.1107894496587276,59.763428057990055,11.635894452545822,7.164652513187068
3246,1.1131092699453935,7.948326095913715,12.566951608780142,2.1501540040228964
3247,1.1193605410078629,38.420671637450134,10.595272741030662,2.998549759684643
3248,1.1146741937402418,16.56746209760019,11.87643886915535,1.7726498716554353
3249,1.1122803403787975,43.034864878459075,12.358754768408287,2.4158572547490706
3250,1.1146563918398684,58.11704404462062,12.060554272500983,6.108617109581318
3251,1.11560595738941,40.42739487337102,12.486162727889365,2.008470949365723
3252,1.1184138592071213,7.400284053255636,11.625652931297171,1.6499881418213973
3253,1.1117678458871616,50.613086201856646,12.2575849928485,3.976117403441739
3254,1.1107013389754663,30.604759288396895,12.952937756430163,2.0006939807007442
3255,1.1182931860124918,10.014497251414044,12.18090686514312,1.8284297897404072
3256,1.1154324093876866,17.04409112554944,11.814882646573855,2.343799525838287
3257,1.118592504310546,13.151125845543715,11.772295137464118,1.9558187104499534
3258,1.1149513835996492,6.290792427180835,13.303657807411884,1.3899931907107737
3259,1.1147802455827378,9.28152248845056,12.9759508416067,1.68050187486685
3260,1.1196192668264138,14.735728540310625,10.959489181574316,2.175302795576335
3261,1.1138637426211708,15.294417147902218,12.343047228843403,1.4444231328671426
3262,1.1173245177245203,35.577604877986104,12.07013660678491,1.7833238492140204
3263,1.1323229259652772,17.611633145543863,12.762864188465675,2.2607060429583283
3300,1.1189221193819503,45.29157731085147,12.039449170179427,3.012257332996146
3301,1.098531267183672,47.65127825110156,12.416544159317704,3.20741065732994
3302,1.0993418853799295,39.70240277111905,12.920460495626093,1.368016637298877
3303,1.1037924503853085,7.442922272969755,11.969821252233269,1.2817517745063145
3304,1.0994168539423301,55.02165467186933,12.331524036039898,5.8244649848888015
3305,1.1020795928338134,8.136951248084522,11.73383513819589,1.4336385544456667
3306,1.1006412930124725,7.558443079023326,11.786885521375195,0.9852024175535781
3307,1.0983792399146008,19.575701430263415,12.069691398280733,1.2988400324403253
3308,1.103630100085825,37.76877088335898,11.822404100164903,2.515655583267165
3309,1.0980591386219767,13.398987024608669,13.137339005972084,1.2666097291361704
3310,1.0988377265484932,40.9848583694018,12.624495483294732,2.1748021440229164
3311,1.10023179654635,9.796299908954866,12.022399999172004,1.2263565914307026
3312,1.103664729459858,33.002111844589436,11.612371977204877,1.031193037731099
3313,1.1026983131341404,7.168426618799204,12.08173786859184,1.3962169089132463
3314,1.1023996419062796,42.203446475948816,12.462728552694394,1.4989890698725434
3315,1.1027205615774547,7.157279554631787,10.978970990853728,1.5753685015202965
3316,1.1041835021595618,43.78374505795685,11.672168754087435,2.0950627773116204
3317,1.1054553071026052,60.39979919384013,12.336266359750224,7.57891768535817
3318,1.1058194830068122,9.658717331930125,11.475632186857649,1.093661183230851
3319,1.1060543003466636,46.524397817737146,12.283429089395648,1.951178898869495
3320,1.1057129928075238,43.94860838918124,12.210603104237157,1.892067006337965
3321,1.109309062911773,44.68935215120398,11.751684282944165,1.9876883977180706
3322,1.1119112414283914,12.996737183583797,11.916958431951922,1.5185427121515156
3323,1.1105646360544674,9.375266914200779,12.282167915481649,1.1578964110194918
3324,1.1060932177450933,63.82081149020305,11.833486395641367,7.0154148636984095
3325,1.1090689385588748,49.54933895106748,12.359959048669651,3.6491656120692806
3326,1.1116814433529416,9.63405409744288,12.344846539540207,1.3577310817225394
3327,1.1149964418390634,10.343145388138181,11.652652939800335,1.4589443623713385
3328,1.1126068504869717,9.53528941331808,12.014551678720059,1.4360484860475289
3329,1.1106562685298156,51.94176253053945,12.112257787879527,4.280226655473805
3330,1.115734627819899,15.874056698310948,12.016592673624736,1.6555765568408627
3333,1.1094319577379734,53.00294525630592,11.88341369402129,3.3292281511608226
3334,1.10999473449736,10.794611198800421,11.944512940526302,2.282767802707231
3335,1.106086133796864,56.68467218691301,12.115327896834728,5.0313596015950415
3336,1.100649035366064,11.628747549656927,12.865879661129261,1.7635938947689844
3337,1.1040342916171442,52.71615152544558,11.479116924871922,4.087154942829148
3338,1.1132249180001375,6.581718038078243,10.974997305672426,2.308736573219157
3339,1.1063009031930924,51.965028740232015,12.085592954510217,3.5546356710429836
3340,1.1099989357424573,4.952082422468329,11.931177817685734,1.4210384344891813
3341,1.1103143073736004,14.312772168885465,12.49500173211851,1.5334391296243601
3342,1.1113550472931777,40.47532867831002,11.419957410946186,1.9606114137756514
3343,1.1085824298207303,10.895453855531462,11.833701399528854,1.7454225968501091
3344,1.1092271572562344,5.557126358011884,12.087593534876802,1.622052938793249
3345,1.1041753906709197,61.16711755900844,11.716339453010534,6.296104481276859
3346,1.1082587425304384,9.147462700761904,12.269027637048561,2.485640074780814
3347,1.1098675891592056,40.081675719001325,10.876035359406828,2.129543985495
3348,1.1099382132199545,17.987736389284496,11.992635997131272,1.9247871581411744
3349,1.108232653476822,43.51571995051324,12.032320376246586,2.7490253035294114
3350,1.1092359262660674,59.14713825529321,12.22049664213987,4.530120751713502
3351,1.1069059958621394,41.98557620089967,12.454773767058311,1.5095187313930771
3352,1.114150384087151,8.72795748479919,11.629601156447682,2.0915478266320013
3353,1.108402164494186,51.79639009435115,12.548500480360985,3.3592652484591827
3354,1.105770681447708,31.544547136546356,12.88315818973569,1.3885810948186335
3355,1.1100676517421222,11.525241471627,12.108024631578687,1.3400576278622653
3356,1.1091350091193346,18.41596809024342,11.535428115437405,1.7588179891833333
3357,1.1113023165174705,14.530973530667252,11.747134483800178,1.9616928649892913
3358,1.1094303717792122,7.645679898964232,13.626225196967916,1.5182141552882393
3359,1.1084348304340008,10.379464440329347,13.336180892409473,1.5636222733414662
3360,1.1099698800617466,16.14144212643569,11.133650750726197,1.4074064505962893
3361,1.1098029880883853,16.82281594296565,12.396238119567636,1.3785640480387316
3362,1.1106049837418916,37.46406955010134,12.739578486190688,1.6362459978125066
3363,1.1265618775542323,19.58553125913624,13.133945337123789,1.9382863501088006
3400,1.12143469344037,44.81032718447053,11.721631174217256,3.0927062522755
3401,1.1014683543521748,46.899167948261365,12.311604423009019,2.301105998182226
3402,1.1004657937222269,39.42376803047358,12.615198805086763,1.0991816352950097
3403,1.1052360580681675,7.2920641325412765,11.632342409049883,1.0287540516279279
3404,1.1008847690093178,54.674708161106615,12.33456779411867,4.808949684009954
3405,1.105972395107606,7.717249173530634,11.438935912801513,1.330533104649078
3406,1.1034339102194062,7.30287928515101,11.806035004539563,1.0601227652511214
3407,1.1006332106944732,19.18622967900619,11.864067826531887,1.3306243028683884
3408,1.1053326360448616,37.88947678423067,11.5791465841153,1.937604000176479
3409,1.1041791508218044,12.759664724466589,12.75442438913481,0.8796331030260205
3410,1.1037321403269105,40.540810196351366,12.484395024702387,2.222239109374035
3411,1.1009812895727829,9.764134418079184,12.608140490232538,1.2255173542209163
3412,1.103798091881876,32.622227684106996,11.957983482413342,1.424822318642832
3413,1.105084648161046,7.161760671137121,12.273319524844297,1.192829618047065
3414,1.1040533026028645,42.14466606155797,12.16647504590732,1.2462279977627546
3415,1.107291457765388,6.624221953461466,10.662177695683265,1.7898522559550292
3416,1.1057891704339269,43.84064104850621,11.921882736967788,2.4373047340628524
3417,1.1061706581305255,59.92140121710464,12.382492150009385,8.363598265226734
3418,1.1056906867144236,9.383810570783433,12.00589013388297,1.3609044349549986
3419,1.1085968752334225,46.3437103502384,12.00758220584842,1.684478290029088
3420,1.10959969152008,43.445657612634406,12.006275988172172,2.177790010291141
3421,1.1097748547250423,44.34815869130252,12.06397047717134,1.448484662334692
3422,1.1146863664721702,13.09149705562377,11.761396422806566,1.5277975009626825
3423,1.111830299677678,8.833311913914423,12.592273830030086,1.560341519535287
3424,1.1085611769980328,63.594720032232935,11.87540355253639,8.42300309149043
3425,1.1130215929907423,49.17755860100731,12.275149833104091,3.2902774231554206
3426,1.1152630442579696,9.64250198872233,12.080326417134003,1.3875728895941775
3427,1.1196063305415724,9.671527673592545,11.886452092821802,1.6178036803362301
3428,1.115417465506767,9.625020312817306,11.890302511072752,1.029633963440147
3429,1.112896368531259,52.00354531726874,11.758486410870326,3.6678850073484504
3430,1.118894471829994,15.538583760068146,12.170061606366362,1.6026776045850193
3433,1.1099565681303738,53.087708459500675,11.18977567238136,4.459408733160899
3434,1.1135648389190522,10.37023808388374,11.863316030160608,1.7194566647808869
3435,1.1084822522209945,56.08555362637665,11.810090184691731,5.120839952979897
3436,1.103379771607794,11.451036547099822,13.144526183179835,1.5375096914197786
3437,1.1090490735336989,52.14770962404685,11.576187169553455,3.96656128443899
3438,1.1160125026932075,6.251797063912979,10.752475504593917,1.6372963071493798
3439,1.107716739791021,51.86001302846775,12.255038022409668,3.130434052313305
3440,1.112865431932366,4.703204354291656,11.788062056909139,2.2249162541324283
3441,1.1122957104867692,14.334459102763141,12.12765829477849,1.8084629587386476
3442,1.1142699431070233,40.142409948544795,11.589674487500108,1.577495246996581
3443,1.1131702010425957,10.009386177380641,11.570153152636099,1.79098814899396
3444,1.1143493399825422,5.603424193429697,12.21107850862508,1.5257537500133496
3445,1.1070587200249238,60.50746728980154,12.010399950433168,6.19934259207236
3446,1.111594477482452,8.706161257685732,12.33558787336673,1.9033905520290835
3447,1.1138276092430184,39.70721234044743,10.66387671009809,1.8035012748547499
3448,1.1129171630208108,17.37609403429907,12.345838379244219,1.978098707525143
3449,1.109965787896343,43.591717719194065,12.407343512854125,1.533904428784323
3450,1.1133688340997692,59.08817928622209,11.858596167656952,4.79640031647614
3451,1.1099507492293206,42.45436257858114,12.594135535702208,1.5876958887693697
3452,1.116439024343389,8.745557811201895,10.985044314328846,1.5793925741034256
3453,1.1066168791972446,51.94024881234444,12.682304015078683,3.775414835845101
3454,1.1061930156428035,31.732602470155914,12.796189357542154,1.2345281815524993
3455,1.1148389946690784,11.043032002765619,11.845430393975171,1.3130776130815671
3456,1.1136324058322749,18.17414659378374,11.279940912380825,1.816365212819977
3457,1.1152732964418832,13.922817780053,11.57577260725528,1.9195157138160763
3458,1.1116538442206891,7.485582908613913,13.071361925145045,1.7692759413601258
3459,1.1149140311605759,10.224871441832429,13.108284191087792,1.5374839862887124
3460,1.1153601421335027,15.90337787854801,10.929445104661294,1.6237130561732747
3461,1.1135823634579312,16.57090666509348,12.519395195910626,1.2374153731279722
3462,1.1147775896533527,36.944968323111354,12.296618468162393,1.041247952684185
3463,1.134410032809893,18.712082709025328,12.916050582793876,2.0310376433957344
3500,1.1199552760971487,43.94783387331047,11.851360474522133,3.4011892329457694
3501,1.0984194148523023,46.08846257213276,12.380460814112228,2.3696693696386624
3502,1.0990530633929436,37.748198971133924,13.014796927855485,1.6390333679577693
3503,1.1025215070151544,5.720849182293632,12.111259542416672,1.3057068172889186
3504,1.0987404779533754,53.68764120005221,12.08669684517487,4.308642616206502
3505,1.1021540883025625,6.46676683730681,11.6338198952511,1.1416340087117562
3506,1.101341868525716,6.025385660963732,11.706898373032594,1.2554395960301734
3507,1.1003523802562567,17.864841226656115,11.756755916406766,0.9104592938203739
3508,1.1039976705587493,36.02402771080697,12.080371734322712,2.5763237800984875
3509,1.100866707560871,11.54804732822169,13.00947651824101,1.7321023787367458
3510,1.1008366420928128,38.869146190091506,12.700933307778826,1.7521122714427932
3511,1.1003313795112173,8.164734051380142,12.382508156667207,0.7313761949220712
3512,1.1029534579603497,31.18681841512517,11.66309635830218,1.3181987474804375
3513,1.1044359851264158,5.234095759070945,12.467958894706188,1.0215607684729042
3514,1.1029968411903743,40.4983477858253,12.603666406744448,2.0895964154856608
3515,1.1029259295930927,5.5137554914062346,10.883371004329137,1.5256013752643556
3516,1.1062091147927704,41.97626160987156,12.07642363308494,1.8807093023397679
3517,1.1057256356922847,58.19449211695319,12.277089750164986,7.47040813935838
3518,1.1048244690756914,8.154268679250036,11.70064519806689,1.4586443149885127
3519,1.107063870917485,44.81597929495528,12.235779092533603,2.0684175596296894
3520,1.1080678354817666,42.25567931743968,11.639518859473524,2.3192626278850965
3521,1.107239885658742,42.85475987443202,12.003076385377199,1.9187060338650221
3522,1.1133299200004367,11.463162891792354,11.692506229927934,1.242386654199366
3523,1.1105511827415906,7.952251912037048,12.304771453413203,1.2295231314767823
3524,1.108809427178508,61.99513418241074,12.041383045508045,7.795251837365169
3525,1.1115276935927592,47.77209851170873,12.339367505830586,2.962698835844786
3526,1.112356476675388,8.312789614491965,12.242983135905478,1.3278018740606372
3527,1.1157725917978105,8.57088055632283,11.658512245571478,1.5695797010546977
3528,1.110578826410095,8.275748540702038,12.0039808083317,1.4426700255250349
3529,1.1123064756160796,50.05957069343446,11.984603539768129,3.620063944854995
3530,1.1186056700226048,14.07085696931359,12.168532606024863,1.220921515753572
3533,1.109994447272748,51.69923583284799,11.590804040514087,4.711259307435703
3534,1.1120882612541476,8.718803817833317,11.691329856899541,1.2870481230191133
3535,1.1070869705970179,54.82279895018139,11.589843058354846,4.535283891805954
3536,1.105216205389332,9.337584709901133,12.87592235180233,1.4961250135570823
3537,1.1054500237079412,50.835218822817076,12.06010576124967,3.770521733868866
3538,1.110537856081479,5.2170960090231,11.223983137163753,1.8633408793648762
3539,1.106221163844161,50.3248991799797,12.080089536066337,3.4605053514203217
3540,1.112913277449696,3.236633578876228,11.981412454992897,2.3551795835807954
3541,1.1110161027675896,12.646576348615241,12.210539698255685,1.651871161189758
3542,1.112050257281638,38.82165308789508,11.340048262302128,1.9377389246782286
3543,1.1122571022041696,8.774948364565162,11.746164984240275,1.6391441543899234
3544,1.1128745884836053,4.289167377559493,11.654528885084327,1.1748262328953083
3545,1.1054921393854766,59.44425201061159,11.929620133180604,4.994171082529906
3546,1.1092626727017976,7.144038174250066,12.472206512052926,1.4068749607099706
3547,1.113605894481892,38.13676262132132,10.739342716666862,2.0777653770524123
3548,1.1095658984431827,16.715287963465354,12.04745316769094,1.7555579595960813
3549,1.1087283116071638,42.14324106589294,12.428744338023566,2.2020808618480645
3550,1.1094220173521863,57.61058392847145,12.080488688166865,4.866380104272312
3551,1.1065592155318265,40.88921632627372,12.223710488918028,1.7540067309823204
3552,1.111755764022068,7.337142427537434,11.737412182554362,1.0999573100612614
3553,1.1070133240549143,50.41218955546593,12.768681689943856,2.8016991108544222
3554,1.10489056527423,30.527956205231057,12.604926199236562,1.2110594781834112
3555,1.114732014280255,9.357890768369634,11.910336683934108,1.4775237753988535
3556,1.1104351862231596,17.19443350921202,11.595818383370718,1.6249613008524657
3557,1.1138114886893127,12.528147962690081,11.49357059408832,2.4534902148166164
3558,1.1084036604162673,5.862209685662921,13.183412835980844,1.5244724586557716
3559,1.1093933360988346,9.040147622194498,12.680634347195927,1.2852359731222534
3560,1.1154625603925716,14.229918839758872,11.419542928337052,1.9541193007213862
3561,1.1135415148492114,14.419159318520677,12.213909886790455,1.3643211899096663
3562,1.1146487158355993,35.6878354858439,12.308604047414596,1.3382584860981919
3563,1.1312631147912517,18.020227742588258,12.539634931773195,1.992482818887422
3600,1.1202766814694536,43.095115885078926,11.27256660234294,4.9237995664810645
3601,1.10135549473974,45.253750100251196,11.999004982090002,2.0867030899969374
3602,1.102046385228389,37.372345597114446,12.678298841706042,1.535190538106086
3603,1.1028502443341708,5.371232437540806,11.777077249832619,1.1785040623058725
3604,1.1001238226903143,53.233369004482164,11.955144356755271,4.667950267701101
3605,1.104022350998796,6.353856927137578,11.172745184602073,1.3662765650938757
3606,1.1038061178792837,5.352727719572199,11.888137509717485,0.8670700413825215
3607,1.1016021970104546,17.230828896793184,11.80184921776412,1.072013684150092
3608,1.1041640961323003,36.12821754992415,11.789985379192201,2.741739352398008
3609,1.1018932648513715,11.732138324909982,12.616327087692783,0.8284114794252965
3610,1.102666825280546,38.87686816913787,12.211564699931186,1.6351165725194736
3611,1.1025336308463938,8.282332494399217,12.175049260841103,1.151405215240383
3612,1.103605924064547,31.024635383191672,11.543852166491888,1.7248042710501654
3613,1.105436425182015,5.074040407010316,12.35459087438769,0.9977001966121329
3614,1.106595684463371,40.093706989443625,11.905916053191543,1.9313503573068405
3615,1.106981093596688,5.380628493222289,10.520854046386335,1.2675290124002776
3616,1.107393782098455,41.3623038806485,11.795104301965834,2.8752315017738983
3617,1.1058980083639172,58.51401421233153,11.829186306065171,7.4047729709748475
3618,1.1095263665189976,7.601842563305874,11.382014727362478,1.13442054932391
3619,1.1085924051161655,44.65028153264098,12.17116788577614,2.2403410341027397
3620,1.1096398028806131,41.892332881085835,11.867531589674137,2.0687032219718406
3621,1.1110036499805656,42.47835851310218,11.978494254279852,2.122640604575624
3622,1.1151211434343609,11.210825943961758,11.573588684275483,1.398761181433374
3623,1.1120144911400158,7.2104357581430945,12.28820562259737,1.368501150667158
3624,1.110982770681524,61.8031448968513,11.965772243685196,10.20017627093451
3625,1.111222122839699,47.425919755376285,12.066414435781802,3.6806214449188204
3626,1.1135196915289647,7.915637798313913,12.341518224316415,1.4817722848058796
3627,1.1164209650538275,8.51588612697744,11.543592119970365,1.311554159198564
3628,1.1132469658834903,7.932726512020809,11.739446549063665,1.423252317605607
3629,1.1136029181759608,50.00473584939243,11.88500695081151,3.8872022334778666
3630,1.1178804884963982,14.435537287222386,12.178577243156527,1.1701092723060091
3633,1.110209529043697,51.029866009454096,11.584995949438262,5.634078476698978
3634,1.1097948707133962,8.593166655116883,11.714306556940869,1.5063079338383782
3635,1.1093076780459026,54.483062524003984,11.73021580938307,5.657573334689583
3636,1.1024219476789756,9.780696191476297,12.957605708714217,1.6646520641516214
3637,1.1081783355128032,50.43296584935148,11.433973518741777,4.700641311346978
3638,1.113347706717982,4.488620845311781,10.992627428309113,1.7789170143886714
3639,1.1110886361686267,49.802034753696745,11.872661514569149,3.7828476798192217
3640,1.1145865646656012,3.219396370901071,11.516801508964074,2.395831083258907
3641,1.1112805380290642,12.873697228786884,12.066924180912796,2.1712161416092095
3642,1.1135452449454808,38.820006558569375,11.418579742767333,1.9648537829498627
3643,1.1130060507152109,8.558077552853064,11.758036558184124,1.4336371850649494
3644,1.113185526186222,4.141691726944639,12.10995298377773,1.6252252888529057
3645,1.1094615353070956,59.12625216300998,11.652079758585325,8.142353818139945
3646,1.1106540075124143,7.281215278617733,12.38800840663053,2.0335775363564954
3647,1.1151900060907736,37.98880859517183,10.87803442425948,1.5356005408834945
3648,1.1127001758984563,16.10703314546865,11.685410047797768,1.9690351591477773
3649,1.1100080488671784,42.39604900046344,12.359775603564387,1.9912495804148027
3650,1.1112296316051395,57.54907096616602,11.981197738824177,5.669768697287525
3651,1.111752827547639,40.08958988222298,12.211928448161302,1.6757236693657631
3652,1.1153909969861366,7.028352590478063,11.34640414790339,1.5051798947940946
3653,1.109666335726096,49.71259269658833,12.644657991651128,3.0542486515442717
3654,1.1084629873837069,30.120403607270926,12.32993613356488,1.2120869205420872
3655,1.1137381818315613,9.50721462453282,11.457769197039088,1.9590326749692104
3656,1.1145065924902648,16.615436323670657,11.429242344980304,1.9952953704703904
3657,1.116281971113565,12.50285166977699,11.232767422947793,1.5960637772740647
3658,1.111522245442662,6.0139394125953665,13.258967909505033,1.852423768702914
3659,1.109863889596417,8.993152086260396,13.046692263231005,1.4705042548651601
3660,1.115388652048775,14.162710800372588,10.943570915981498,1.6932253965129174
3661,1.113127382183348,14.780951183533073,12.184443274679989,1.582960184906686
3662,1.1168327287248188,34.97994337334756,11.945855215421291,1.6948011588296472
3663,1.129568022582459,16.833528192462165,12.640305723527694,1.5969818631533819
3700,1.1153388203883678,44.92165665021747,11.764078033095533,3.63986066971803
3701,1.0951983171429414,46.85150057500057,12.512281566645505,2.5183071031286692
3702,1.0961201739649553,38.71392802693377,12.867575096937452,1.6045074478165384
3703,1.0989676651035682,6.5140362303174655,11.600093663749796,1.760310710312007
3704,1.096293807523065,54.384012637091054,12.21600559227686,5.091570300914649
3705,1.0989459585588632,7.319145379994107,11.411055068213324,1.8264488087299133
3706,1.1022620665693472,6.764145241889799,11.535760678295187,1.4347743602995515
3707,1.095086597726478,18.490324640645962,11.952217394387116,1.672885702194844
3708,1.0998235010876434,37.120232668180016,11.906767460031094,2.8167522511681296
3709,1.0961984842132158,12.728928580648196,12.882574850377276,1.4669039798138488
3710,1.0958072338091958,40.045612322454595,12.85725372330391,1.8895253548304778
3711,1.0964321379239155,9.080014115179688,12.430088128690917,1.1402419505811912
3712,1.0981974680618067,32.012323459913134,11.690546347711333,1.1165239692410145
3713,1.1005124085021032,6.233550104758787,12.495902960823214,1.0891716971810788
3714,1.0999052600307917,41.55022669302757,12.380797721902354,1.342878145900049
3715,1.10023652748438,6.410574595116517,11.22976023519928,1.5784997672664471
3716,1.1005489356406815,43.352916229697605,11.736532141355873,2.698775462647022
3717,1.100601357216094,59.86260422439103,12.111520187941409,8.070241470522799
3718,1.1016885102642204,8.741053190907305,11.366419653639046,1.2440136764988996
3719,1.1050857325228072,45.54223971498099,12.21316963112849,2.0942152379851455
3720,1.1038544530112668,43.28063766994549,11.809475263616056,1.806983754801655
3721,1.105087887069977,43.83363727306704,11.664019412727981,2.113529037607725
3722,1.1098937429241156,12.25503466767003,11.64050224956982,1.4227006884869198
3723,1.1053655809312508,8.50280609825085,12.432766520128624,1.2976358680437883
3724,1.1042698286903505,63.17830181736042,11.91035615832017,8.172975503814556
3725,1.106275182077326,48.60164400286486,12.344446523530209,2.9992533284515996
3726,1.107052633419819,8.968235148090228,12.346228958294013,1.5208497875881508
3727,1.1115886044353467,9.356888619570945,11.911700031524278,1.6309246452925894
3728,1.106053763153207,8.667301219780265,12.052997723527792,1.639395842977973
3729,1.1059658528852168,51.47309680679731,11.862506846412273,4.531427179289242
3730,1.113438380713346,15.10084488250933,12.220052241308357,1.9874422751666587
3733,1.1039316087595188,52.64761810799038,11.722013553599998,3.8411151260372742
3734,1.1061979783767697,9.726315474402139,11.515183413839628,1.4673625290344632
3735,1.101867239157664,55.83554542597979,12.37854478275556,4.932764953475278
3736,1.0966056606598367,10.800358508167768,13.214664974470086,2.045535794287083
3737,1.1020429413725126,51.8726290874472,11.72954227263365,4.970757943661234
3738,1.1078032891425196,5.934178163644986,10.983188520454368,1.9363947106844737
3739,1.1040937335376204,51.26142697420796,11.940767688188872,3.9426230494225982
3740,1.1073358223597936,3.922339899449255,11.945482111834874,1.3381806160047063
3741,1.108328107390314,13.54912421501106,11.835441192139934,1.624848127779765
3742,1.1088145972418721,39.5709110708496,11.115365982119721,1.686602936653281
3743,1.108334490547831,9.367343034292393,11.595437064139372,1.6936432190215123
3744,1.1081729164677463,4.959001838739089,12.041924147680227,1.5013137573599769
3745,1.1007018275776446,60.56686779604338,12.084001448591115,5.470496980720629
3746,1.1040571257331477,8.417566820463113,12.33284457414762,1.3005100064237014
3747,1.1093779861503863,39.242641697880345,10.78995005406429,1.9020401906784588
3748,1.1077551301507993,17.167437972000222,12.108152402922062,1.8242745489430667
3749,1.1031377416299013,43.720644886532575,12.294750383375503,1.8811394115238036
3750,1.1074557405230947,58.65879016048491,12.315850499863313,5.464135354924265
3751,1.1049186294959281,41.421028575467936,12.305163083925256,1.9705845407925746
3752,1.1101369677026844,7.995194705560011,11.523775253726804,1.3598623953880975
3753,1.1067188284660285,50.68536848213008,12.514656502001946,3.964858654782011
3754,1.1020581390300237,31.085067894972926,12.88820963132136,0.9245037471865456
3755,1.1093329621842971,10.219534988851255,11.807412973150004,1.954021855132222
3756,1.1092807867648613,17.67646413221015,11.490924314412906,2.8854779711156273
3757,1.1105988595308667,13.45067217068768,11.567464059414911,2.2081080233977883
3758,1.1049566443839307,7.012033696906722,13.06891305480705,1.655949586376264
3759,1.1068846259643734,9.596135221385863,13.193573504341769,1.1060055703568379
3760,1.1108673501312702,15.654353839319523,10.611904376221624,2.0040403460235665
3761,1.1091819132160365,16.10401194623145,12.08325973866213,0.9750372598406607
3762,1.1101037817044654,36.467667938683235,12.053696202021744,1.6228583147444682
3763,1.127509080798538,18.47821430100869,12.672283452598107,1.749431452832783
3800,1.1182234758206906,45.722113977873754,11.718038778798393,4.369853370821468
3801,1.0991319406965965,47.39526605824581,12.270520413846155,2.354363591864204
3802,1.1007592741510677,39.71269946177339,12.768209952935335,1.4172503593582233
3803,1.1023178344988982,7.454212251265018,11.947189177450493,1.2391847058492134
3804,1.0970222041344406,55.68115055469829,12.033434117834144,4.633743526787537
3805,1.1043035918352098,8.28974286359059,11.384899925740665,1.4082402576964157
3806,1.1032559715112906,7.331862377747447,11.651021623502338,1.8406062222870145
3807,1.1018951488506012,19.100011214618867,12.07548587587647,1.2382134377664886
3808,1.100324852806316,37.92485078969596,12.011067607694496,2.6833510483391043
3809,1.1021459241370724,13.414284556927655,12.398173810077017,1.1027341945095064
3810,1.1018080791360032,40.98373252855331,12.243446138089881,2.0706270877027593
3811,1.1014145624764204,10.095191290400889,12.268996696521903,1.3744412860417472
3812,1.1044414697464562,32.83295177592463,11.554985194668758,1.5870077447016633
3813,1.1064026489737255,7.272908320678547,11.922610575138807,1.1541887865251876
3814,1.102852446012826,42.407090626171,12.203682998381217,1.4127825810563186
3815,1.1054043914584395,7.076639761981389,10.773624203888598,1.3747569616908226
3816,1.1045143654514518,43.72349016973407,12.0481467678516,1.7074173504547472
3817,1.1047057440027415,60.56706790326831,12.013310305707115,7.828360458497861
3818,1.1056427544765344,9.966076480818979,11.53066930585896,1.5862872964241717
3819,1.1085949607067898,46.63539827710571,12.156449150192445,1.9818298298534844
3820,1.1063484202500418,44.21835352787209,11.867357007069256,2.5526684514290188
3821,1.109225346242725,44.93387308643902,11.50090893024582,2.5545381768369197
3822,1.1129369172745187,13.080628373739334,11.81031494607537,1.8839537874593733
3823,1.1106208782036235,9.710170086955822,11.877810229221057,1.8111645235770253
3824,1.10642617416982,63.97415786853716,12.12476640239025,10.086950603511637
3825,1.1098456602771434,49.74132503865621,12.118558093578192,2.649696482226849
3826,1.1121503892874167,9.934422475322346,12.731976422705705,1.3486871577656097
3827,1.1157420970031278,10.251967104775543,11.654036177059002,1.1819215371618959
3828,1.110269619362352,10.112699627476653,12.046851429801997,1.2225009320743647
3829,1.1115054317730144,52.24307430392436,11.508774555997714,4.286825058414983
3830,1.1175093822061164,15.892774066636637,11.940441528450275,1.2139400653341261
3833,1.109087280707555,53.236209220221006,11.302181933694557,5.648238651297251
3834,1.1103625132184969,10.447996607092874,11.912664177649004,1.2434786194524639
3835,1.1050795567594656,57.15517086533073,11.59439056265225,5.397706467631458
3836,1.1005453404637568,11.689411517059328,12.817867193531251,1.8416386407031133
3837,1.1052421692944498,52.27000016851616,11.733491927874898,4.217541840380482
3838,1.1121468825128127,6.718216690490932,10.767417279737666,1.8530584188706796
3839,1.1070242066510163,52.113858642301466,12.188590800671596,3.3215466866567023
3840,1.1133519375973957,4.762574043218255,11.488725285344461,2.446067152282433
3841,1.1092486140081275,14.53772877739342,11.9897834030045,1.518468915891297
3842,1.1120830152891301,40.70491171553892,11.161639166785879,1.7809987442243815
3843,1.1118378257201356,10.417317031355848,11.507541489134594,2.260175149654387
3844,1.1118420056797897,5.938006438938207,12.286487743910802,1.5813758687981667
3845,1.1050124222706768,61.33759146026278,11.62881743454616,7.758197340664897
3846,1.1096618730339873,9.176028531979219,12.112163424519082,2.133871307285008
3847,1.1148586045850737,39.52281916454197,10.669708764117258,2.3575349298160795
3848,1.110872698065807,18.1730938941409,12.172638828299238,2.0177630078861277
3849,1.108891820149513,44.06103205183987,12.175004527271776,2.662375242950765
3850,1.1127345814509173,59.22860645267776,11.773211360477776,4.425353411990486
3851,1.1093788765765884,42.2508005367367,12.497285364854882,2.098231506586852
3852,1.115157317319555,9.114543831053973,11.26339468290955,1.5155738992455994
3853,1.1091718302935787,51.93724695245867,12.359506287855666,3.0191197148395887
3854,1.1074675433084233,32.04431255734521,12.71197474796327,1.387387944043252
3855,1.1158101959907423,11.283961546544518,11.704588948008398,1.5897499944687037
3856,1.1127044405038342,18.768945874303178,11.39076797210554,2.0748669197718055
3857,1.1142244367896852,14.616307577551853,11.538024937006226,2.0508355587202294
3858,1.1105740261078496,7.808204918904917,13.114934853214901,1.6077337933708349
3859,1.1126701528474428,10.725819866201062,12.893950587896384,1.416256723249279
3860,1.11706401853782,15.871605017157496,10.659869869418818,1.970857202011833
3861,1.112357635816486,17.085537939070655,12.408570929094505,1.600445952484523
3862,1.1154942681970612,37.48768768234449,12.208179195402755,1.3190214519768473
3863,1.130680014338037,19.462425914804356,12.528010827748423,1.9415318755822732
3900,1.123809159939521,44.5619955865811,11.29876209455576,3.679298181793081
3901,1.1011845457515363,46.80060411327674,12.239234587438887,3.0592866832936054
3902,1.1043402242452105,38.79659366061601,12.216930412977522,1.6485522657153575
3903,1.1076300942834647,6.754975251730685,11.687202307129839,0.9700236770109117
3904,1.1019552426585153,54.241186690298726,12.020075362385539,5.300068013519304
3905,1.1069258682901677,7.355432923946174,11.059230323096617,0.956784393444791
3906,1.1088955628607418,6.811228738865834,11.296063887463523,1.3749157861967043
3907,1.105731264372638,18.762426578794646,11.625333284325306,1.2674954962116103
3908,1.1087819454269061,37.06700541722862,11.57337400448378,2.7005539572184873
3909,1.1051316628704313,12.791225421924036,12.381273631832137,1.4901309055517997
3910,1.10715877895983,40.10185336854621,11.7395626351658,2.7828910787901378
3911,1.1068072120453358,9.077353822583525,12.26479579038777,1.0932251551200178
3912,1.10922257340981,32.077282781955645,11.477889933789216,1.1840111253129095
3913,1.1080955034172433,6.521512700082515,11.936687213382909,1.3409113843191443
3914,1.1075255272527107,41.618450175789434,11.793162982198023,2.0628937843117163
3915,1.1096575981433474,6.596808787874952,10.354406947422552,1.3343318993900104
3916,1.1089781784686814,43.011958217878515,11.551009820337628,3.07536971184313
3917,1.1085463122072834,59.7271666946897,11.412294720668479,9.294323349615157
3918,1.1107535307061902,8.983622680312882,11.134379966072853,0.9945863850871567
3919,1.1135100625580148,45.34788181036944,11.837764343639156,2.5891274565165654
3920,1.1110180229342423,43.03271883200891,12.018773907136644,2.3958468574266196
3921,1.113367094395922,43.863605065229265,11.472552990263399,2.1043874244959886
3922,1.118357951893981,12.585973159751743,11.413710568544145,1.1559006869642001
3923,1.1154262808249096,8.628026114799574,11.83357983988221,1.194131562317485
3924,1.112512195623005,62.908932470634,11.413524786457906,8.70544664661991
3925,1.1149711203797066,48.72794607940146,11.734148142036721,2.5520563346680887
3926,1.1175098583809648,9.182875532501733,12.152386368637973,1.1782607401877188
3927,1.1200776597265543,9.704505313537538,11.474770165037734,1.5709450630502042
3928,1.1141327682534372,9.256449524167156,11.817802443856367,1.2871292962741396
3929,1.1127542321209938,51.43600700390767,11.889920507022056,3.8657089262785624
3930,1.1214810433944156,15.092519910085755,11.697922182254436,1.1409072357080718
3933,1.1128064548679617,52.47661540419589,11.5095819889735,6.069543675088751
3934,1.1142089732127531,10.10016951535643,11.329606794618172,2.103474869906846
3935,1.1098671999539578,55.9335882909889,11.71070765596566,5.516485847999881
3936,1.104198642926805,10.698080740963915,12.872958619925297,1.6740627716977892
3937,1.1094022498033203,51.60207283317184,11.161240798872479,3.3910939365647974
3938,1.116342755123206,5.860734793557473,10.771120883600403,1.8354311519559545
3939,1.1123820130704711,50.66551517561684,11.778935264025046,3.369931034476536
3940,1.116527315519699,4.086165446951749,11.310982345726217,1.9199049170452778
3941,1.1143858316930426,13.54315364614602,12.130513849792667,1.9818170714356185
3942,1.117377161844157,39.55165798210431,11.33267943789275,1.8607219084578894
3943,1.1155053539953619,9.72989211887153,11.332465482568079,1.521451836621479
3944,1.1166067864505422,4.880949904039202,11.619943653078407,1.1589312342045555
3945,1.1123324823438916,60.21727584733825,11.03778745096974,6.700552181749866
3946,1.1149897332228882,8.105565225037648,11.867270483993751,1.7426593086211992
3947,1.1176903935405063,38.88502226086471,10.596557882370233,2.003199584765729
3948,1.1143359270296338,17.314029144333162,12.03454216947548,2.382815718537358
3949,1.113987738031864,43.16626240608014,12.002272401064744,2.198459456693753
3950,1.1165668434252687,58.400811858415594,11.773712230802166,5.058226629769351
3951,1.1136113257259088,41.44809189576321,12.196994390328184,2.0978044554443067
3952,1.1208391131414284,7.957735086421711,10.984438614246521,1.892902220555093
3953,1.1122762556844858,50.883091218589925,12.325589242216026,3.236735926675512
3954,1.1104498239553446,31.054189664797732,12.664539327523459,1.1500638782334986
3955,1.1194029727939867,10.526793019257855,11.681820417388508,1.4759436751793764
3956,1.1189277724296074,17.85997113483804,10.783215875746125,2.463821601825723
3957,1.1203787827640586,13.83028149937179,11.476788141747166,1.953321625955067
3958,1.1157410521505045,6.908560920895602,12.959569362912395,1.6549005857463015
3959,1.1176674559308621,9.829871537985579,12.859572502067575,1.421883159530064
3960,1.1213804038574813,15.439580252065637,10.525566134988107,1.643388926284575
3961,1.116344137919587,16.275570463915923,12.00377090356474,1.8300756652010455
3962,1.1205779966679166,36.498259503561755,11.767309134992479,1.7394683580703703
3963,1.134327843187802,18.597792982899414,11.903863981077574,2.0631408577440316
4000,1.1251153660883013,46.21060707975366,11.37052606752171,2.896924484141359
4001,1.102334098132264,48.69214663628799,12.079938713178766,2.8824699159565177
4002,1.1036338905041436,40.65203216158669,12.246707356010933,1.2716595988303154
4003,1.1055207859596796,8.614144772518364,11.682518803293808,1.331061720800722
4004,1.1015795741900103,56.35340112319886,12.051571107626053,5.811873169326633
4005,1.10470163591335,9.322849732809848,11.098173981252287,1.3348961992216477
4006,1.1051858123948077,8.402288715088886,11.442799300611549,1.3440660376032407
4007,1.1061275618442368,20.05562433380372,11.679784984179136,0.9917290842045954
4008,1.1064594932528489,38.81236992060847,11.644355101686495,2.986967343888112
4009,1.1051268626224318,14.075566899631037,12.450225100764468,1.2998528095689463
4010,1.1039273519689157,41.738201871103804,12.158763374236324,2.5230501797706104
4011,1.1030698225996236,11.08488873671331,11.836017965558831,1.3321725940634899
4012,1.105328631473577,34.08554643129218,11.244308713560306,1.127043749994658
4013,1.105554956826454,8.178531330614698,12.373925090200832,1.533570379431702
4014,1.1066148831771434,43.27523438819331,12.181596959344777,1.5775586101550556
4015,1.1069739937372505,7.9333869292786146,10.636636431759452,1.8151308116817593
4016,1.1086853942596413,44.56165722970635,11.743772710722565,2.6797202931489137
4017,1.1067312938012785,61.10385890696745,11.725725821140804,6.616520963375811
4018,1.1089416203359825,10.694495760700967,11.092478054412538,1.2544920116497786
4019,1.10980727157271,47.49286485413189,11.771116900150705,1.3586234842783278
4020,1.1104839860412414,44.85240324487433,11.66281972321414,2.8416919129754117
4021,1.1123017373086204,45.274580429266145,11.46226342194489,2.0957092359066727
4022,1.1130067081866193,14.530063960637996,11.47464024341958,0.9783872758765845
4023,1.1112188947916821,10.070258023330771,12.46995916842147,1.3279280136503313
4024,1.1087579309477626,65.04582554071065,11.84708851566218,8.66179313263573
4025,1.1121887972965674,50.69165371811152,11.610342749056029,3.306838227526381
4026,1.1145196380177178,10.857886906640925,12.157964640740229,1.4378993465631984
4027,1.118539791207216,11.025958428068146,11.589737920782529,1.4815768632995074
4028,1.1140693453707975,10.635062545281437,11.666689207480806,1.4143938771048667
4029,1.1146062754854265,52.66668540249696,11.635754822781069,4.212538110433397
4030,1.11941918711642,16.93808990543537,11.985788822676797,1.6778063143082376
4033,1.1095438296146443,54.01813734199044,11.369060958998842,4.732639136694063
4034,1.111220446497479,11.422330232856714,11.533257086068463,2.0840648567223976
4035,1.1102395312218993,56.89802319748463,11.819265389307533,5.677063985888479
4036,1.1029877731113547,12.40946980012614,12.463063434412597,1.8037627233061884
4037,1.1070549737939193,53.22306179818885,11.556106599584814,3.1910477346834107
4038,1.1131526569632342,7.541885335225787,10.908304595551144,1.69732913869626
4039,1.109856337767092,52.73253243486522,11.466514169735985,3.2983014282634713
4040,1.114738098043708,5.579559849402577,11.475609316426965,2.2061059225038493
4041,1.1131621286131983,15.21596757001769,11.737333791806785,1.2068704659133096
4042,1.1151659141393606,41.03845227585278,11.21295167549947,2.1817489206625273
4043,1.113645927581877,11.356605588151753,11.631411507507426,1.5381324396778857
4044,1.115263494373483,6.881363467902282,11.895221527214561,1.1853374139485662
4045,1.1107118925623112,61.35451354141041,11.909846977353663,6.4769431561970245
4046,1.1120200184179967,9.99584983629909,11.825261076075556,1.4825534059065857
4047,1.1150305632863882,40.82409960040866,10.379372325552431,1.5573551773848362
4048,1.1138070212262525,18.75344135985056,12.094463753520676,1.796424968787138
4049,1.1116317305152301,45.08672971418396,11.786385838509759,1.7318755172554585
4050,1.1132450854256566,60.300014572129115,11.956123148974049,4.917200957501233
4051,1.1120857674430493,43.04832537276256,12.490584630766977,1.9125087931248017
4052,1.1181722240860517,10.022778300992176,10.85494200732445,1.439162406370062
4053,1.1109601085267935,52.6769472684174,12.69047363806827,2.61199871199336
4054,1.1093782103324679,32.946231613398936,12.62829416986656,1.7602592739570664
4055,1.1193344225436306,12.328751781732498,11.514927680078168,1.5178343536130723
4056,1.117125360811126,19.527213002286167,11.014430554529971,1.7236761806837126
4057,1.1188141169811558,15.473597167254288,11.631611610334739,1.3554511753704612
4058,1.1138631518842395,9.06875420714241,12.957675692601962,1.3252847306706046
4059,1.1156335768894448,11.594987201420295,12.624772301832433,1.5335491441560904
4060,1.1188945758844873,17.205099101924766,10.757309571204333,1.708242110899447
4061,1.1158612039794877,18.09364594355043,12.045813379233877,1.1724563760102682
4062,1.1158658443157838,38.531821985359414,12.204873790685022,1.4889305638601056
4063,1.133979848831831,20.178142825041764,12.418439757126826,2.2166620090024143
4100,1.1143024559832437,43.9431869093025,11.697659850066701,3.3073763066878445
4101,1.0967488249370292,45.80564546334471,12.061946937253373,2.603516453089616
4102,1.097926955738427,37.54082153630273,12.64719825752477,1.2817381943790915
4103,1.0989486050719608,5.263570670308577,11.707277696229985,1.6691426508634342
4104,1.0952091845061087,53.27362044306998,12.283935990804288,3.649551484117146
4105,1.1005515582715457,6.394683505109318,11.2055375018159,1.4787035541310645
4106,1.1017267550365695,5.2357830376220145,11.443092978872803,1.5463756605575503
4107,1.0991553600088446,16.970738770193343,11.885910413662907,1.5744734772607676
4108,1.1013265113079433,35.96474669174966,11.767609787538387,2.3761654942964445
4109,1.098013742380649,11.695913193496239,12.523438275842972,1.040009761768414
4110,1.0978918981948975,38.80134274785745,12.472946863605634,2.5312385282208085
4111,1.0972707407845026,7.664380319277256,12.257092197222319,1.173085512789946
4112,1.0975160805286956,31.30385412080431,11.738270517786741,1.3489073293015752
4113,1.100603720277912,5.1099419900974485,11.990761534301466,1.5999557671753448
4114,1.1009862733543103,40.262500408312924,12.00917594401714,1.9051860182855884
4115,1.1021210500139649,4.896295919324676,10.58326133869925,1.919227010169529
4116,1.1014398635186116,41.672126489747086,11.690870956591642,2.506356360227992
4117,1.102796242430861,58.41400411218482,11.548894168204491,8.654594105569837
4118,1.1031059870964783,7.306083804600854,11.287735605414877,1.2532593831358025
4119,1.1034246096172706,44.56997575946413,12.16481229536802,1.4139971219911895
4120,1.1032533318841624,41.704281565270826,12.014688984528705,4.7652144153032
4121,1.1054502976242693,42.34300823982195,11.708615457936224,1.8015303821491067
4122,1.1090890377727347,11.250078730380848,11.687618661603091,1.6542106292837933
4123,1.1058775618437258,6.921910186607308,12.33309622192119,0.9317329340914888
4124,1.1023089737353862,61.814681784649814,12.096163118739362,8.751044014133077
4125,1.106678176406114,47.5485985640166,12.058748437012593,3.1352301864464587
4126,1.106088987766048,7.782967114927787,12.08312395476416,1.7284156859172672
4127,1.1111890754831548,8.268707816846717,11.715434223476604,1.292987057387119
4128,1.1082179661568496,7.504040568676696,11.91544757467548,1.4750228635976503
4129,1.1096676105962597,49.86807516966666,11.305113797262296,3.562199048887027
4130,1.1129047235301075,13.489645606818714,12.076616799254435,1.3543600085759224
4133,1.1027884290690864,51.44123886187246,11.331955062574355,3.762614422460901
4134,1.1040874471669573,8.806142666604666,11.515816244767311,1.6027306283352782
4135,1.1019957595265482,54.80072957730729,11.815925506767083,5.2269214767315315
4136,1.0974015212619928,9.258763087756261,12.762369098889272,2.061575657548884
4137,1.1011033610207663,51.06775298998516,11.289004344534833,3.6195451031020833
4138,1.1086399017093638,4.196367704946801,11.106641944966526,1.819181375371309
4139,1.10349319534737,49.91293209037307,12.189156382908447,3.701406907432125
4140,1.1071779820720644,2.5877640461615843,11.893976295195547,1.5869849367269235
4141,1.1035997781294724,12.5949936396141,12.162187559147704,2.2344807562715654
4142,1.1100004738174352,38.33559391328602,11.263047311723414,1.9839421445998244
4143,1.1084843272927034,8.413398878877787,11.075691588350619,1.6569008101657592
4144,1.108205637600034,3.6605732935582176,12.271989335946705,1.4071779790521572
4145,1.103718730729617,58.813051439094636,11.686613320617873,5.993123429780811
4146,1.105693666594768,6.707061678524546,12.028747354523052,2.0735419068873293
4147,1.111042338434765,37.868188000879464,10.02918459504982,2.918983250023462
4148,1.1062959150177456,16.215875706565782,11.784556200375436,2.020212889935783
4149,1.1052653184438601,42.11691102229785,12.035938183458539,2.088388326818417
4150,1.108916736165684,57.29799073876956,11.723842366438719,5.588355855863395
4151,1.1065391430557363,40.08782469172933,12.104909268802267,1.4881264921896886
4152,1.1115836155955117,7.067163851508164,11.08785714847446,1.5069956369155604
4153,1.106861828053987,50.055209622958,12.745195307544174,2.454118253708905
4154,1.1025774941551658,30.359200488153732,12.656993725350368,1.3468403153938975
4155,1.1104866870636445,9.353299347532523,11.980528105436678,2.077824580492246
4156,1.112000576389111,16.778121356703867,11.237346837867198,2.331887055239966
4157,1.1110876243506436,12.727921122541954,11.682812478676395,1.8551218750216705
4158,1.1070275392199944,5.854028815380991,13.056416465102277,2.0251447634605135
4159,1.1092639169222196,8.53668816381165,12.805924823268576,1.4963180560542109
4160,1.1147334319919835,14.015925897388607,10.28333466221696,1.816656131468365
4161,1.1081498149742894,15.077634403338683,12.014111148509135,1.8721347479807764
4162,1.1110642465637883,35.50345558953548,12.321296771170672,1.2518625965784624
4163,1.12526033595902,18.14248883547017,12.78122572588243,2.4294457564948386
4200,1.1189786856163149,46.59084564178232,12.027434350255021,2.6975103327592618
4201,1.095808958494366,48.96770134281498,12.58618791193829,1.840991402447201
4202,1.09926775601154,40.440309614114476,12.791890709675826,1.3034130916158984
4203,1.1008720453147793,8.40379299465058,11.764624966026334,1.0333977179760905
4204,1.0974568612909628,56.060269641904256,12.277817223131908,3.248454872280676
4205,1.1023870591503755,8.63444340352694,11.682489953479866,1.7852684892358455
4206,1.1002395022034686,8.298326487838425,11.958240776676453,1.244791266041637
4207,1.1005654319289402,20.09370139269788,11.942919107206931,0.8635599403403149
4208,1.1017147110643166,38.57903309877625,11.892351191511299,2.054256247341446
4209,1.097570944425982,14.248647573093011,12.571846767256107,1.2862302427881545
4210,1.0994295390957494,41.578440920428385,12.469670452035809,1.6130771805559714
4211,1.0981234886660591,10.445643059660815,12.929169139237402,1.1476204394297689
4212,1.0985511378012207,33.747470813740385,11.732786907797522,1.6589699195414171
4213,1.1019178643699121,7.60311313668705,12.439565177849817,1.1391779102947013
4214,1.1004203570304578,43.094248997991556,12.454383946506422,1.8387592243855242
4215,1.1000216316467784,7.914111173229025,11.005164794898102,1.5490995917326447
4216,1.103323350583476,44.42617087789619,12.211519482858714,1.682221314441522
4217,1.099912733264852,61.17359166441685,11.979971950682769,4.585292198988166
4218,1.1006607798207055,10.626331820580516,11.684929557451081,1.2880983640390946
4219,1.1036043827336397,47.45524883490235,12.515429124211947,2.3345232391186066
4220,1.1047877168280587,44.50261159431734,12.282213908916994,1.8519443495135377
4221,1.1061821810139019,44.938606657227396,11.864097100808086,2.184741043979484
4222,1.1090702654626372,13.823934291011788,11.911280727744305,1.1665985388122175
4223,1.10645247105294,9.949527578439579,12.208883982478937,1.579729627422911
4224,1.104302601874572,64.59789453110737,12.080272592082576,8.646378540779873
4225,1.1051861698572885,49.95223130279029,12.377603267670725,3.118796598618438
4226,1.1086736500065257,10.529376301349544,12.529007962120625,1.3882272065452714
4227,1.112377369828819,10.70929912642152,11.637920207509417,1.332342165772852
4228,1.106328813489705,10.421158574118762,11.982705171241353,1.2066967355536553
4229,1.1073658105539568,52.765157369014304,11.983391520058479,3.2142823818521467
4230,1.1131585718370216,16.454876698658783,12.081622707208346,1.326653506126095
4233,1.1048755601965372,53.75416605081214,11.688319098976633,4.297039162887135
4234,1.105386885459285,11.301549013252894,11.574431594595943,1.839729901006454
4235,1.1010252861649077,57.44493440986364,12.274017984925527,5.823938412900399
4236,1.0969144479615316,11.992358570897911,13.343309377869176,1.562917381411746
4237,1.1017072304709825,53.26501662415114,11.728738456533096,1.9903401485231393
4238,1.1065609692689773,7.0976490611672185,10.953398674993956,1.5968551648670113
4239,1.1025379501473969,52.49430079681246,12.133042743266678,3.0382643584936844
4240,1.1085942845766195,4.880234203553605,12.18883600168885,1.7169144085286379
4241,1.1077064343649046,14.78472893051553,12.480256161871326,1.2087929361042804
4242,1.1073215450886487,41.24330354661554,11.554921231566318,1.319484279026823
4243,1.10764263738323,10.632190252940944,12.021129022182278,1.4847350099186818
4244,1.1114578099714965,6.193382259255542,11.838005297868994,1.022918105110856
4245,1.1020870682721176,61.89444654575087,11.819833009561174,4.644633255716481
4246,1.1078820658583697,9.323865066770699,12.658734170685872,1.3455997667964217
4247,1.1091591367986129,40.82007278807118,10.481381561939044,1.7648455491179993
4248,1.107421158146461,18.653376923442654,12.075769876212732,2.0025060293760584
4249,1.1067627087554839,44.661798695230836,12.148884174914976,1.6913284941256796
4250,1.1084332271527526,60.19386264708555,12.209469815158537,4.200673418720542
4251,1.107350438658674,42.6976285692154,12.375118052697903,1.5424557189509425
4252,1.1124760171065509,9.407320241967835,11.725056444418282,1.4977536922241188
4253,1.1038288589312875,52.857161660527666,12.85802209605191,3.0202985398418463
4254,1.1056574529131902,32.737896679079924,12.808669307559136,1.240442603010585
4255,1.1125365176796584,12.304471946739957,11.737555130661173,1.276313114419805
4256,1.11201479104127,19.31524511019903,11.483721624766133,2.107294959313403
4257,1.1145356698942614,15.34471493156147,11.536502980403654,1.3141392810540828
4258,1.1104638047968896,8.081647280638986,13.574925747352664,1.4819394350206634
4259,1.1093257075391458,11.428803535826077,13.311308992071027,1.1932383227322747
4260,1.1143526954882865,16.530874347101467,11.446899904910564,1.9009877795834726
4261,1.1113871604788677,17.604006495630625,12.63139701456163,1.5521743632966845
4262,1.1134951439994003,38.29095693116515,12.274435941151138,1.6722016157563637
4263,1.1302779288952123,20.07223712544344,12.716493764296425,2.339314880651244
4300,1.1201142001064461,43.38238428950662,11.215609718745112,3.2558068496668335
4301,1.0993893608666214,45.50495738818985,12.146599372867374,2.4378866123971363
4302,1.1008023338092816,37.22689049357689,12.55261631986058,1.2995152702693333
4303,1.1013314310856974,5.374832187308983,11.67080242746683,1.3263121756180765
4304,1.0989601968339038,53.03422836374555,11.944943522940635,4.662780002820755
4305,1.1043121515927,5.935131918174684,11.113624809965945,1.297278773074898
4306,1.1046646319576434,5.35560916680617,11.252807906849236,0.9791435182625309
4307,1.102414609545731,16.92784545975924,11.606314988809375,0.8441970741110877
4308,1.1027251890050203,35.46771734686325,11.92252724470965,2.5854113523066933
4309,1.1008355625653579,11.255681375896271,12.243707679118067,1.2105234628938164
4310,1.1003510241427976,38.47978334552591,12.05506513100105,1.516271904199958
4311,1.0994391419253482,7.770899897649194,11.976544287149563,1.448910372598574
4312,1.1036696018327852,30.52064771550221,11.294290157845705,1.3278120363598362
4313,1.1037481732126149,4.995254440451159,12.077942615805854,1.1247694268959298
4314,1.1008646880162403,40.13692148748539,12.094196403354047,1.5197780800284502
4315,1.1045647347909573,4.665064654574477,10.643813515988375,1.6332384293672182
4316,1.102895994323142,41.811872906146554,11.343049185642974,2.876666033460564
4317,1.1037406843040924,58.41409587562052,11.555855949367066,8.403674483776014
4318,1.106703497566618,7.069807393191641,11.171705548234664,1.387375821514927
4319,1.1053095608722996,44.38272869255954,11.842362672670252,2.3251564397483704
4320,1.1046603016579188,42.08893907299406,11.645739996342813,2.33385094293423
4321,1.1077076059720048,42.415641763695334,11.567230252302233,2.070587322209449
4322,1.1122308068094968,10.696843883811923,11.483475213731069,1.2924181802955461
4323,1.1101015445101756,7.154470478568549,12.295398853362594,1.4719185033156992
4324,1.1058276512882184,61.67215907246295,11.50171568900421,7.187721239241799
4325,1.1093980149037288,47.08962064268693,11.770216243678348,3.0343349652348888
4326,1.1105391573564816,7.659234949369009,11.983226572510818,1.974462525118557
4327,1.116106173449461,7.871426134694928,11.376749473009372,1.7123386210667204
4328,1.108778216000317,7.818499087712635,11.479420034943855,1.3693100142396404
4329,1.108847560027771,49.81482628178282,11.56566107858446,3.224614896414873
4330,1.1140524104479714,13.493296355419666,12.065053549782135,1.459501792634647
4333,1.1057928274194888,51.01208219316344,11.218222638334073,5.261764557340586
4334,1.1075730446848857,8.347551102890433,11.518950782441637,1.9194122008628125
4335,1.102473991440237,54.420303391807366,11.564767627621896,5.619991283686065
4336,1.098574691072329,9.310382009966164,12.758901668651596,1.343686889428792
4337,1.1023560308459421,50.08648082479021,11.776857414570848,3.390425698873608
4338,1.1099151570418986,4.196438829906377,10.835914667953585,1.4273935797966995
4339,1.1091945416519877,49.27013030634618,11.722421019928191,4.925501816908803
4340,1.1096944965705644,2.2570552220053153,11.540549190221164,1.4605007481923336
4341,1.1083744165788243,12.070279920488629,11.969612392209783,2.1701321976179466
4342,1.1106745625497279,38.15494464443838,11.177425154669757,1.7714406160182161
4343,1.113413093506111,7.420526095120073,11.162603752768893,1.5926887243423125
4344,1.1096918603576884,3.164818892799212,11.94297457942833,1.4846203239347657
4345,1.103939843486621,58.63271656318021,11.706141536637984,6.317296530596532
4346,1.10892532500075,6.755954874786888,11.941681805594083,1.539993853584353
4347,1.1140930870972199,37.29216049314744,10.210884842723623,1.92573653332695
4348,1.1102711749239194,15.628626904613878,11.941200419030316,2.1738052795693292
4349,1.1088895081561367,41.47336038792317,12.278598617125548,1.9719871235814972
4350,1.1123910668146453,56.795200869353536,11.410872843657646,5.400075439193245
4351,1.1079209008946216,39.84303134475465,12.312659128746208,1.4005962838058947
4352,1.1162580490558542,6.279413902681606,11.193749014138206,1.6930228959269122
4353,1.1095737761144742,49.24132195942278,12.410455378251985,3.1842464221276074
4354,1.105864021945683,30.127061109726974,12.604514566900075,1.0934104665016058
4355,1.114412523468035,9.054102120603163,11.51875617647827,1.5986494072366755
4356,1.1144736795464727,16.269347792003487,11.286269306619298,2.106302177938017
4357,1.1163463706181498,12.25023228785753,11.271727497771519,1.9056761078020543
4358,1.1119908429647338,5.672105208225181,12.930896634875818,1.2497890772612974
4359,1.1097346817384894,9.10526588768265,12.871835554871708,1.5449653846045106
4360,1.1165172143011428,14.175903390643008,10.460573467178534,1.4431264949099059
4361,1.1146566144443946,14.580649660917539,11.986126555963637,1.6827551238181628
4362,1.1170230985161074,35.28691748343057,11.87480943353979,1.583343875498521
4363,1.1292263196542238,17.479722778257063,12.623304023006636,1.9202516096133622
4400,1.1247861651006428,44.4243905164463,11.164709831211598,3.8220653657928025
4401,1.1059808712770152,46.78545372403686,11.832353448470517,2.85154560088621
4402,1.1060824234037705,39.1103020842904,12.415828299956948,1.3852772446885697
4403,1.1100238757292413,7.263526419447704,11.603329171497302,1.5482816947910423
4404,1.1037911486669731,54.821860802119666,11.492307664080585,5.434556699378432
4405,1.1100042611985383,8.099249064334002,10.791197240687582,1.7861750204057019
4406,1.1116963521547052,7.014550486675775,11.474817628671541,1.6607165528467367
4407,1.1092856971331522,18.769842526663467,11.513226420816487,1.1157318933609992
4408,1.1090370234664637,37.65421697901631,11.855444440366519,2.7857706019756483
4409,1.1082265048774376,12.87767245514714,12.193986399863462,0.8698885296208656
4410,1.1085213203175224,40.53060976785984,12.14750930498927,2.131880816508819
4411,1.1092215061694581,9.48822706988204,12.273640798709508,1.5820799433867334
4412,1.1093134249638388,32.38892863811281,11.194998425099486,1.0896847823278297
4413,1.1104547060889405,7.211701768301223,11.843471903888535,1.658112781789929
4414,1.1102167835527141,41.919280798668325,11.958652819976365,1.5964616199284267
4415,1.110762734925003,6.770284957966581,10.630661171311106,1.5576357848997915
4416,1.1118851123965798,43.26142673392441,11.577391153561182,2.495525586703723
4417,1.1107501293212432,59.97273679082782,11.534322190264858,9.010799255916258
4418,1.1117968102315166,9.110333892708915,11.56923054417217,1.6025959791786548
4419,1.1137563833207644,45.92460615447712,12.018388747282703,2.8068632769464394
4420,1.1145905602804411,43.29657169957419,11.816266257877407,2.682538416770726
4421,1.114125462086629,44.22405935924234,11.09008939750978,2.1074548893983915
4422,1.1177287292964435,12.680631190864636,11.36425532912372,2.1222379527552064
4423,1.1158851089942063,9.032828653633068,12.202211950863669,1.31155050667995
4424,1.1124519733293214,63.21282246878654,11.476574698365452,9.275316241610236
4425,1.1171412504610712,49.1348550986494,11.787298040866816,3.8211162278390964
4426,1.1165073880926735,9.455170941873167,12.544994126740066,1.627146194492639
4427,1.1213256536759602,9.740277686504038,11.743727312741306,1.244242310666129
4428,1.1186058295140338,9.309747648050381,11.897869431241581,1.988897843154573
4429,1.1170784527859394,51.45437797605301,11.248080675293712,4.845716721207856
4430,1.1217668226038864,15.600954134005995,11.877074854176337,1.5268252776510305
4433,1.1123988853991533,52.780859235205085,11.189150348799313,4.217360009431221
4434,1.1142535078829012,10.384977544672616,11.610157475702243,1.6435392515276925
4435,1.1110752438641307,56.09255988037986,11.378104195917285,6.83099334174278
4436,1.1065809721483386,11.094571060704379,12.774090084958582,1.6154863733154718
4437,1.1108976931175885,51.85335065586559,11.355022645719165,4.619486906224306
4438,1.1173108234204316,5.9842187225320425,10.716264037676938,1.8163284526972099
4439,1.1123647381303237,51.50574924722589,11.727134814010311,3.0284647574219323
4440,1.1181149018795165,4.13083700107838,11.384234109078525,2.134441659846173
4441,1.1156237037353394,14.017420271011265,12.094700432983377,2.014505302759093
4442,1.1171169479744605,40.13415864449491,11.042698885320604,2.4768513970093298
4443,1.1172651474967423,9.845676031713884,11.311855259222291,1.391640660339593
4444,1.1176126447153178,5.313024581500906,11.816595334594577,1.5215322519119574
4445,1.110688621872744,60.43021561660497,11.428818087616323,7.554953900948729
4446,1.1152521740865513,8.509463780279523,11.770148767454453,2.192249334524404
4447,1.1187385919413657,39.39543767832625,10.353221578854892,2.5940574050787597
4448,1.1155462966878824,17.735866456581395,11.8798764078699,1.929245909988781
4449,1.1144820405320441,43.7249926464245,11.92549996092012,2.6973550610913133
4450,1.1164879315816076,58.98198229690611,11.857087537444116,6.534840409003571
4451,1.116157507880765,41.96498146596537,11.929502511646685,1.4920303415524367
4452,1.1218679592740906,8.312814687460822,11.129172837884248,2.0224543213922996
4453,1.1167267038660664,51.338187822013936,12.459713017755533,2.6229999462095748
4454,1.1152820617915111,31.92587610418606,12.484069210194534,1.619318252194445
4455,1.1204848924330124,11.042075926981672,11.928322524114304,2.0063450332883215
4456,1.1218795094979475,18.37450477338387,11.143609273766646,1.8391536541656885
4457,1.124582802210636,14.24488080142004,11.311824533998147,2.325967196077332
4458,1.1195985136589561,7.432810296033237,12.729167803692539,1.9186381585516343
4459,1.1210937196788437,10.202094695060559,12.938330003021047,1.5365154410513457
4460,1.121972819800832,15.767504095462353,10.570109897654646,2.241782864662545
4461,1.1182749813853878,16.65591461844872,12.25643419639466,1.992022204885391
4462,1.121740374709309,36.428949498445085,12.096989701278266,1.714987156560061
4463,1.1347939519386128,18.688256193106827,12.316368112239173,1.9924724373577725
4500,1.1243249294663562,43.86757826934951,11.041718307800885,4.744025773157978
4501,1.1051204351290829,46.07738621705705,11.471092569756383,3.0083829607368697
4502,1.1073456012883325,37.96921721097379,11.939860229871698,1.0794028878310158
4503,1.1127102486819542,6.084384235227021,10.994202500181524,1.2463616558362212
4504,1.107729450079538,53.44004796462553,11.510270912663824,4.796753899181579
4505,1.1099633563954798,7.123661108241629,10.917984688512357,1.0948835322778587
4506,1.1110594025572442,6.214212271566735,11.13647902917214,1.3061585063431935
4507,1.1081282841828526,18.091138260855935,11.51778589548015,1.4137683855445202
4508,1.111408452279984,36.154419593231054,11.152774058138613,2.914684541516096
4509,1.1070054360564912,12.218214312175942,12.435068711704067,1.2384514683485282
4510,1.106677485060922,39.55063264397545,11.933240099549886,3.265841491754423
4511,1.1082882478620437,8.636122016233825,11.71000682159641,1.2803715591303078
4512,1.1095346810184372,31.33209344543249,11.1683236966577,0.8997239175816948
4513,1.1119770650706553,5.939831483511879,11.83797758530301,1.250892404001563
4514,1.109802136827354,41.1478361883446,11.809217753680757,1.6236210640513733
4515,1.112107214489384,5.8086068912116975,9.960616515992175,1.511655334499833
4516,1.111782610494628,42.301675389232656,11.160704940627824,3.065997137303981
4517,1.1094014360947582,58.85551237793128,11.445057297368834,9.199611781580547
4518,1.1122826975763405,8.33229073010326,11.170355606718527,1.252530325573211
4519,1.1131903146647855,45.174224029860696,11.63492536886326,3.0722554243351157
4520,1.1126821630610852,42.42340622931357,11.606354525463882,3.0065366980241883
4521,1.1135489803832472,43.0592335472324,11.23621691547147,2.2025619238354173
4522,1.1171618121982534,11.81088767413193,11.671835922566128,1.2431773905135908
4523,1.1162380831601828,7.960519027367476,11.946309571621486,1.2494864199175353
4524,1.112983797257144,62.37501271120324,11.512129347168381,10.144378122678999
4525,1.11320493180036,48.4279779368517,12.10433962567376,2.9931844918838246
4526,1.1162855803902758,8.418562736828632,11.92145992429675,1.3964730826175986
4527,1.120667169404675,8.951014570694724,11.404277842233261,1.361499267204709
4528,1.1164787469949822,8.43749285355715,11.297900551254498,1.3074380588329708
4529,1.1162947572657156,50.56524983782403,10.93923802417808,4.180224893720407
4530,1.119137860761577,14.521670462813509,12.176320510578842,1.3983772309193316
4533,1.110800932466738,51.90651979402819,11.222078127989493,5.040716151626299
4534,1.115906083169839,9.141244478423456,11.288328462570046,2.310554014329473
4535,1.1101634373249303,55.17527432792974,11.495093382769873,5.587880014589735
4536,1.1050886314917703,9.747805457751184,12.883266018035473,1.4116022711813236
4537,1.1089467390033216,51.29980495869269,11.227901994370711,4.561763427223564
4538,1.1165918420026473,5.4119120908434875,10.470646182044813,1.9333158041332057
4539,1.1116436392552582,50.6009085345427,11.43868964405645,3.615710133707591
4540,1.1148334709441665,3.176850163494385,11.568910396059058,1.8242210169677682
4541,1.114104372281825,13.082546788425155,11.640342899178373,1.2230604039746031
4542,1.1163823636536685,38.97490939998519,11.339260528206044,2.49941839167735
4543,1.115420485038989,9.10213036014939,11.024343254618588,1.3311573390814129
4544,1.1160625862492641,4.48163117083613,11.43223376300867,1.2723411368089654
4545,1.1116729094998923,59.6933672455184,11.23276742537921,8.54865099218364
4546,1.1140846199075713,7.634164834990451,12.006558098540001,1.930809434793936
4547,1.117876034836602,38.543692234507624,10.28756898459083,2.4714049843114223
4548,1.1146667673886843,16.94920459037129,11.867776987567483,1.6322618862085325
4549,1.1136997228911993,42.48218864748462,11.936497514796926,2.0286813034086957
4550,1.1169361094105563,57.80601369581594,11.630556438800193,5.847562652881916
4551,1.114212612536668,40.61845788796831,12.230682051316531,2.695959192053011
4552,1.1206109025423723,7.690893930050499,10.881231947646794,1.9309469910012806
4553,1.115377431272239,50.278024688504125,12.083509227786035,3.6865223865617582
4554,1.1126792387654374,30.77883749966314,12.132996744787857,1.4069103121197115
4555,1.1213455689120873,10.074447741462203,11.457118349319005,1.6849780269688435
4556,1.1203827481728195,17.517426500223433,10.783629586991584,2.001443489279315
4557,1.1215167334822642,13.41834106386869,11.371417024324645,1.822512304367508
4558,1.118642245303604,6.903427823006057,12.7671208910692,2.0853746287837893
4559,1.1185758398186874,9.628797349182673,12.584449718074893,0.9635663160123693
4560,1.123087144815827,14.83754902197263,10.455166497883605,1.409637922323491
4561,1.1196287857927345,15.725903135850121,11.717322720187203,1.6856351576582036
4562,1.120769857206573,35.52821977846678,11.63713080273275,1.7718722399295326
4563,1.1353414823260533,17.59219652776347,12.335354539922612,1.6673611586953476
4600,1.126326771222463,44.17305408079217,11.422929514074042,3.3616422678279
4601,1.1096053382517506,46.056712533193796,11.536881275566007,3.1360562362967928
4602,1.111050466414622,38.50719889297232,12.136200720210491,1.2018882834004947
4603,1.1112387125814085,7.627039847409727,11.653502359745511,1.5639797835925027
4604,1.110332950095462,54.52381754097663,11.89676147124971,5.362567420822136
4605,1.1148612538576985,8.164834017019292,10.830183222981251,0.9759848387853621
4606,1.113653161435431,7.529950838254226,11.580311173304166,1.2419192001379982
4607,1.1133839805758048,18.991694232862493,11.681211603981815,1.6317634585013971
4608,1.1157650118113398,37.0982686895081,11.486065753316169,2.3785148503242635
4609,1.1093509987055252,13.462631003797075,12.656514138857382,1.6969872339811538
4610,1.1122742674431931,40.554047297620315,12.038919335769005,2.1199125459855988
4611,1.1117692609914558,10.115124443874963,11.913864591282078,1.3306201107766218
4612,1.1144251081807905,32.39842143511682,11.413797868465037,1.2187235434352113
4613,1.1145266260814881,6.990956440341316,11.693789761459104,1.0255434988105796
4614,1.1134158517880812,41.6208456923995,11.989154993092942,1.7432821432578853
4615,1.1150908040073182,6.658824163497179,10.504794934836006,1.593550618553299
4616,1.117218845062817,42.991178319332604,11.45518902581383,2.2854234782645833
4617,1.1152284229745018,59.31301495616302,11.733461325902253,8.93269890993524
4618,1.1147826417227467,9.183770450834334,11.341067027563556,1.101227956450364
4619,1.1158029798910554,46.12880198312244,12.014677792967879,1.8434604288745486
4620,1.1182578522993383,43.03003648518912,11.78998736798484,2.5133188508318485
4621,1.118964063132464,43.788694516354035,11.343847904414533,2.5327940897541357
4622,1.1217094475160645,12.931876147142038,11.516092131956173,0.9550754173392185
4623,1.11917255784082,9.359559155379275,12.24376430440972,1.1762806002761348
4624,1.1162904990542346,62.98130341835958,11.787404472071161,10.261925421872203
4625,1.1182633990477928,48.98762972448266,11.83860194123442,4.341928135660074
4626,1.1209825490144723,9.439202293511313,12.301174650038218,1.1688723003380155
4627,1.126040512653995,9.847777426089552,11.368131330591485,1.2129387930202566
4628,1.1202148942029542,9.223519094671362,11.748395844540374,1.2365920068514276
4629,1.1194204782829085,51.2418926470179,11.758595774411397,3.5915429862930415
4630,1.1247593451601186,15.93317413195474,12.034191270485232,1.3648510991719218
4633,1.1154273386541735,52.58534834242592,11.239020941871129,6.731557122114173
4634,1.1178270972601168,10.284618836091791,11.545634975497437,1.7458299734449032
4635,1.1147554510304292,55.9733216666054,11.466494529029985,6.094492876551649
4636,1.1090708511999114,11.149324757987372,12.926401303671915,1.5882444229898531
4637,1.1130499155886908,51.70115510015617,11.395390586384764,5.4022923330514425
4638,1.1190413161928143,6.14141578399443,10.58035461921139,2.4251842185107955
4639,1.1135767467340423,51.40989380827845,12.12273079370361,4.727382735425994
4640,1.119959341733666,4.334685384411216,11.33574475084082,1.8888592093120866
4641,1.1175239870194869,14.044614787053609,11.951430406459552,1.5965575105381546
4642,1.1182032699194735,39.875985246641875,11.016050867755304,2.647898775872604
4643,1.1199137699668102,10.018714246349779,11.277264644839661,1.5537603464087018
4644,1.1195422984545207,5.637891526780724,11.763336846113956,1.4174996866232494
4645,1.1146206936457563,60.17275806438364,11.839987398759064,8.387534075958316
4646,1.1184944954409128,8.685423903541018,11.967350629759515,1.5735772947708002
4647,1.12174892370015,39.55687293798294,10.362220094284831,2.2580117964424304
4648,1.119530635935835,17.542149933728055,11.721912439236727,2.0787699568064255
4649,1.1168040959237155,43.84208087140497,11.843467649390897,2.7464564996350354
4650,1.1218417109870027,58.631879748596006,11.533732070917297,6.429545608105617
4651,1.1200769495010432,41.8018380070636,12.30799113315396,2.0627017656914726
4652,1.1251037300172895,8.800139274428876,10.887180405724273,1.349795575103863
4653,1.120175978920659,51.15609912706312,12.466823331591284,3.7753788547026783
4654,1.1173060836940272,31.45273187840028,12.64388860718222,1.340128893039038
4655,1.1243021082001303,11.631028082662548,11.464387729610133,1.7112664573791956
4656,1.1248960817503029,18.095160873770336,11.514377258068363,2.152277079488732
4657,1.1258332227812,14.356622771138678,11.126152488367028,1.8565181445360752
4658,1.121271583063635,8.009064603987186,12.857823441030918,1.6225614493811724
4659,1.1227320739953695,10.31168812657669,12.558487706840411,0.7598905252572369
4660,1.1269970380771495,15.806714612027141,10.621843425393028,1.3653236161169024
4661,1.1244779820342048,16.20104545823543,12.075133608540325,1.8769892498548435
4662,1.1228243085783698,36.18231545065985,11.959915523574042,1.5419150262640868
4663,1.1379771801094336,18.05709930440992,11.931425556078002,2.430714758599077
4700,1.1290231798252437,52.01213995618717,10.944943410482924,3.9816127070516365
4701,1.1091639599861,54.35088721596576,11.677956850076992,3.132200416038866
4702,1.1091766300789487,46.62416490162035,11.926330359430757,1.8129594117162278
4703,1.1144123417259473,14.896423580799093,11.221972686067616,1.7812863758177595
4704,1.1108739276735695,62.13523149112708,11.61194291929259,7.374264504570034
4705,1.1159778903664566,15.35356018672711,11.128200909523798,1.6863195877838948
4706,1.115874842793167,14.695676382084235,11.31681242251023,1.422655295380782
4707,1.11258210377437,26.94574861925411,11.349847336814914,1.195461181519149
4708,1.1155002336892508,45.17008998893353,10.989085214652107,2.848332344480907
4709,1.111847441351177,20.973132847781137,12.119241699219971,1.144274037186926
4710,1.1122295461190308,48.06098791698676,11.800650829259139,2.1187748000307507
4711,1.114209076853128,17.26354429376744,11.907862557027045,1.2211607923003294
4712,1.1153208178222775,40.162455945813804,11.19808208427636,1.706928412773615
4713,1.1163060456463176,14.632368348509054,11.617757443793657,1.2862026125949053
4714,1.1134315991030763,49.71572214804137,11.316212348202164,2.0084609747343594
4715,1.1168196886731072,14.471941323562717,10.087586762038896,1.9341288666587373
4716,1.1139929793068304,51.128524742355,11.274999739375817,3.74965817654712
4717,1.1161716325335838,67.51299746422225,11.40580600699823,10.239867554676932
4718,1.1161503516493467,16.93150234212299,11.170268942802306,1.002493755504627
4719,1.117335403027153,53.81675173728074,11.664696134316795,2.621503128008568
4720,1.1154509987855867,51.60523187064596,11.603434269890819,3.1243144770071605
4721,1.1183148056055605,51.67545014920527,11.14784064261062,2.1068455119799347
4722,1.1228194922752932,20.49799057651688,10.933546969848674,1.4426330161127372
4723,1.1177558422926133,16.911502814495588,12.001976605507158,1.6451435586514709
4724,1.113915808842338,71.23876363157162,11.245702817360996,12.052125932271803
4725,1.1185228413146342,56.84344446057711,11.645873367976225,4.99617155602678
4726,1.1207815820477536,16.99091104425772,11.62222388615131,1.7764963278914516
4727,1.1248808803118469,17.386921608282794,11.128342442098225,1.4169641857933608
4728,1.1202748864340664,16.76177045765971,11.70767835976913,1.1683090917302548
4729,1.1179830734574112,59.45387913340432,11.127688046370134,4.904617288085488
4730,1.124069615203638,23.182361635769038,11.777737647575693,1.2648225723716853
4733,1.1137344503761095,60.476357323292184,10.7026972035657,4.873752786815861
4734,1.1169523608902452,18.108719182117067,11.225791648841176,1.5760384901461828
4735,1.1135029563053185,63.77449255583149,11.345329336413284,6.094004656812105
4736,1.1104328789302265,18.454663293647254,12.550084322899517,1.639431003455105
4737,1.1123447415622405,59.509708059905144,11.03101642894637,6.060117417682666
4738,1.120011834634645,13.766868433229298,10.272906979106923,1.3001833486027283
4739,1.1152668684945797,58.9190529727476,11.63378013653908,5.6756377647453515
4740,1.1200058677405456,11.950567891899883,11.168344170406977,1.5238902147813613
4741,1.1197254004774566,21.37993171049786,11.704806556966961,1.4838433910882458
4742,1.1191763604810956,47.71364079544839,10.841833400465653,2.9939359400956325
4743,1.120430581829429,17.706427282021696,11.026193539358927,1.4878792382816284
4744,1.120609820385117,12.887629775215727,11.535429653914056,1.2373093079017687
4745,1.1143078919887761,67.89268755111807,11.217951914508308,7.464365485612725
4746,1.1184048202854056,16.323324494338397,11.660608703798616,1.5004552332852292
4747,1.1219154833860632,46.724459961873,10.138546297811379,2.17430744434782
4748,1.1207605542974246,25.255019898134197,11.413914984766361,1.995179107522948
4749,1.1183501537682652,51.001262402142274,11.656947030103927,2.281334368087898
4750,1.1211386726546737,66.44087224393854,11.038005491914722,5.995187860534665
4751,1.1186875819274469,49.013314541298975,12.22480617403207,2.46097473929052
4752,1.12610530844915,16.401700363295873,10.621450273433572,1.3564500737278185
4753,1.1202522660988232,59.13533308659808,11.830260793683035,5.218370522754474
4754,1.1213659127023425,39.1416118615626,12.12851864112497,1.8237221812352742
4755,1.1278572352448997,18.627625864268524,11.33874411625366,1.2366182989280188
4756,1.1262220447020457,25.826457796641456,10.836526582022664,1.8486395191246205
4757,1.1266832852362976,21.952491101473104,11.084245276647165,1.7783962006499963
4758,1.1240788842690186,15.103235177872756,13.00262267550993,2.626306471762241
4759,1.1215729575364806,17.90780853632159,12.709376039750277,1.6725686896080312
4760,1.1239175188506023,23.707455300682444,10.068515522903711,1.5285014460849853
4761,1.1227130585475074,23.58807325088373,11.645708562755491,1.622811140150838
4762,1.1234946961581258,44.2671098691228,11.257530635338679,1.482581799679977
4763,1.1385234758109715,25.669314765102953,12.08485062816625,2.648103884057263
4800,1.1218946983168891,44.62191765090835,11.85716056441532,2.910431107640355
4801,1.1036847971323398,46.48101980564238,11.916143091334447,2.441280259169043
4802,1.105950060302225,38.56103587907953,12.59555550544612,1.4875008588122558
4803,1.1096444375057701,6.618319323366744,11.654483584215024,1.1409577453489528
4804,1.1054854502232223,54.480437691057084,12.155533816532563,4.614983108828637
4805,1.1125677339011621,7.1093539118379,11.366780896065876,1.624837574561111
4806,1.112627243645778,6.422719091027903,11.525378142500298,1.3730825720122268
4807,1.1105345758523282,18.444913876785993,11.465830734601994,1.7998895595326903
4808,1.1105311814082286,37.218280906497,11.864016946206563,2.3889194146729182
4809,1.1107642726557188,12.803208423613501,12.713975065558758,1.1801698869723183
4810,1.1109525648726468,39.78473785237721,12.284430666249643,1.783424032672945
4811,1.1105187642485679,9.382286300666939,11.98420933991074,1.4042366014512424
4812,1.1103579648057744,32.058936874096666,11.432138074198104,1.7051708546375743
4813,1.1137072367863994,6.508401306737961,11.99864110057659,0.9981942716044382
4814,1.1111458941449948,41.57584252930112,12.048378775164483,1.361655177104607
4815,1.1121753597053228,6.142458681880152,10.618279427272858,2.0458608938029235
4816,1.1078534295898605,43.27430375623955,11.907982657254369,2.798402800112981
4817,1.1094596599090814,59.69354938318787,11.736897954332385,6.7474227311856545
4818,1.113979108959229,8.63143679298811,11.511856818284782,1.300280494579332
4819,1.1124815829085308,45.401946932010475,11.839304745217715,2.3243446931233853
4820,1.1137864809977371,43.087324281622564,11.842938066698306,2.8936504189731433
4821,1.1147976789073764,43.69921562120193,11.331819498495218,1.9974508962881046
4822,1.1182168765539193,12.311545335512612,11.790923632405317,1.3324742002382792
4823,1.113826376136344,8.75187480777353,11.842628603656353,1.5283244574375623
4824,1.1123027915053176,62.82983211924509,11.814305357786683,7.994764004960268
4825,1.1152840371379238,48.45512438074168,11.662490060418177,3.585686545341707
4826,1.1167149350723804,8.76799884027786,12.160444079580287,1.0536330232207365
4827,1.1191786721693617,9.48819380048345,11.529545920100256,1.6830933111501
4828,1.1178623557222893,8.545732434718964,11.606735903800546,1.3712316489494278
4829,1.1140209459242252,51.1711847278955,11.185986412808818,2.953088054233097
4830,1.120832478840988,15.171386141404051,12.029803365511533,1.067786825863362
4833,1.1106053488996896,52.38298447592608,11.609217481910598,3.365519056235502
4834,1.1114430910139552,9.764152509733039,11.825391081418443,2.099789862573
4835,1.1084517572426362,55.935273756786216,11.691307606113796,7.388160574036366
4836,1.1046906245796968,10.757284891902621,13.032149619861123,1.491461992402989
4837,1.1082661544528898,51.74277024171561,11.348642086749098,3.809350670561047
4838,1.115051018278078,5.634358475327212,11.078511426117892,1.3379754462653515
4839,1.1080426916787685,51.143129755541445,11.930441848716589,3.339443211716994
4840,1.1188830794148341,3.5428661892333557,11.595741458106898,2.1434834719570315
4841,1.1142802488512273,13.515292406936252,12.007347159904908,1.3305900622361881
4842,1.1156076653100917,39.47196042683942,10.972333304330933,2.387307704690185
4843,1.116764938224111,9.44351073170667,11.341681804494703,1.5191911287029076
4844,1.1164213633884028,5.1089439565061925,11.556982222259833,1.3153913753583828
4845,1.1085011323251865,60.3942094485637,11.808370959811521,5.830233900651013
4846,1.1125454102963301,8.147099126980327,11.962760821270301,1.8683008704626551
4847,1.1195905565387494,39.26884564076704,10.33659976214523,1.8336877443144894
4848,1.1172166855885453,16.8300259152143,12.215556712996278,2.2384955381278338
4849,1.1147566679463974,43.10756255816996,12.169810103683366,2.2881055332510853
4850,1.11663590097491,58.38993982758003,11.97590438931161,6.27067195404219
4851,1.1147036245044954,41.358085566906716,12.253501128530758,1.8395019026770103
4852,1.1214606292743343,8.233127361666876,11.409169780563284,1.3404983605911582
4853,1.114537907462428,51.04272489350384,12.432710008673237,1.8795225700243199
4854,1.1141803554125498,31.533636354717746,12.706291995938079,1.3425157324866575
4855,1.122589633330109,10.875140364232282,11.506110352356904,1.6495735458942418
4856,1.121688865161732,17.466426132390446,11.458520647075595,2.5287382900059336
4857,1.1229117454967674,13.99519023985288,11.42108139824646,1.7362319588720665
4858,1.1179183828694523,7.315668096595927,12.886040706632615,1.7543895156592546
4859,1.1186202837528625,10.070632831478935,12.844854490214269,1.4361658960319843
4860,1.1221778073589606,15.144623601059095,10.733974651068555,1.6623067820585509
4861,1.1174585467591152,15.986731656397163,12.095049566350884,1.7201729243345545
4862,1.1191019053448548,36.50357856213668,11.820122159188607,1.8678357973877218
4863,1.1326248834011965,18.121917895382296,12.568065041570039,2.747501234460919
4900,1.1220386910630331,43.86272082377306,11.51096812286718,3.7024942662808153
4901,1.1049605119375672,45.491333926090476,12.137373624153504,2.375502284797479
4902,1.1055961003292982,38.09862763503908,12.242649178285513,1.797916537618907
4903,1.1093609875147616,5.792001142442366,11.593049533973797,1.646267835722518
4904,1.1046584483899267,53.97237215660783,11.738173874623126,5.023546877718282
4905,1.1112752234087497,6.761308018972178,11.034628372231426,1.6192580382608175
4906,1.1116036787868866,5.875104989814457,11.413179621485279,1.375555120368499
4907,1.1108633400496501,17.45584723370355,11.742773594713725,1.6207859940520577
4908,1.1127039518961797,35.86529498343005,11.429647834451844,2.0918321606433383
4909,1.108092662049697,11.960329794198804,12.488532691630935,1.3662230847017793
4910,1.1088786962027597,39.25697052348563,12.390593758723321,1.8738739735658938
4911,1.1109090285636962,8.161520997167292,12.01506487831907,1.1540221927388956
4912,1.1097635682362361,31.09666825630834,11.275969973730367,1.6896870062893532
4913,1.1111740047447922,5.565325143326098,11.904599509028333,1.6591730770906812
4914,1.1100523322330849,40.96479568412464,11.921076332677133,2.112313813705882
4915,1.1101591087863092,5.4621596754927015,10.678491480849937,2.2566228091667115
4916,1.1127603762242337,41.82985327808953,11.44388251316032,2.6707823612291857
4917,1.1086121605691115,58.79689394701339,11.825336184212185,7.128468060790738
4918,1.1131260722384846,7.690322795074205,11.25375631416084,1.1556438274825331
4919,1.1118672648496921,45.25272669149836,11.931902510535455,2.5915551430479113
4920,1.1106118551174615,42.418667065144035,11.517992538078406,3.500360475305464
4921,1.1122623840372872,43.02149114800113,11.661816565819814,2.1573387651540226
4922,1.1159659300420373,11.486093872201979,11.492991149771516,1.2014453303711345
4923,1.1135173804849625,7.698896685909041,12.094457353900705,1.418483376199715
4924,1.1102819257300705,62.15505573831735,11.896996385668333,9.512703987084404
4925,1.1136737555671763,47.69643527170395,11.932208344670567,3.0805128214236213
4926,1.1158021368394637,8.091694033025282,12.272796857731933,1.3561255089563513
4927,1.1191303559856143,8.235279425628216,11.846844554576144,1.8314623276512956
4928,1.1143839074181534,8.037824486542284,11.69862148950656,1.180548215683313
4929,1.1135149332703356,50.12549247486057,11.665370383417365,3.9432868195768216
4930,1.1190395329244047,13.860062970498184,11.966828827586342,1.0920318107103406
4933,1.1101737012047916,51.17491930747036,11.277445046954616,4.706065720624347
4934,1.1131269054588195,8.635320953219384,11.469951140469707,1.7019493075583148
4935,1.1083553519395528,54.65702901678127,11.707519008191516,5.884844186049724
4936,1.104028126067762,9.618268390540049,12.731159470125627,1.7226461376382294
4937,1.106163495351178,50.46009967485097,11.522676107381326,4.7296139733754385
4938,1.1142174359482382,4.632178817752264,10.724321221874671,2.084701887720536
4939,1.1091963627162853,50.21206443826035,11.678608960462046,4.097521193787028
4940,1.1146604926998591,2.813247975874211,11.519204628870636,2.137631076161286
4941,1.113317135598193,12.50667023712023,12.063769536053528,2.0497116705241685
4942,1.1157909183252346,38.54945512487694,10.970796758167149,2.236334066582927
4943,1.114830208872687,8.507195303053374,11.447543710183036,1.5250143287455549
4944,1.1152741120254495,3.722891128552525,11.615741931805891,1.4182342510619443
4945,1.107910922201607,59.34334957950979,11.292315352258523,6.10845206779625
4946,1.1137186000092762,7.21868014801013,11.994317953668865,2.120234174465201
4947,1.117888190186005,37.971288171128634,10.418171957740979,2.130544126959945
4948,1.115767478880281,16.168989432751225,12.073877761380237,2.4522462478049882
4949,1.1141686893525362,42.13891612765496,11.893883826187746,2.3861767361677733
4950,1.1151818578122314,57.97724745028839,11.421017703060405,5.600400388849842
4951,1.1143440809386096,40.72904808741073,12.109139859561383,1.9855845653863926
4952,1.122232396267231,7.043236803484417,10.993731786972834,2.0535164139463147
4953,1.1141397700226099,49.75369937890615,13.218786410064867,2.201946363467927
4954,1.111584023610249,30.53268729009564,12.533660144796155,1.6363653240395675
4955,1.1219557186039693,9.675447808430231,11.59029791373952,1.9939895559495413
4956,1.121367095734456,17.01468403772961,11.15765925030056,2.552002764150182
4957,1.1230175826691564,12.82120729067676,11.280126877064443,1.6038918338180206
4958,1.1170114789449541,6.370999757385587,12.93124473840169,1.6637192731727453
4959,1.1166560966782844,9.105702768631552,13.161579171272182,1.4077574590809814
4960,1.1190464939904468,14.559859946173908,10.679902935339214,1.7046418319831182
4961,1.116448038939012,15.070238165647497,12.087640667628136,1.7779858208786075
4962,1.118561912438059,35.5552741467887,11.907650004284953,1.4411239144282042
4963,1.1323807030207755,17.243127274328646,12.825957326701836,2.1968561351788276
5000,1.1235522552116235,45.67661610963331,11.532051741217083,4.495705847478546
5001,1.101782166920369,48.357719925278865,12.053601398313361,3.8185767545520832
5002,1.1050209881617303,39.824600186808524,12.653873378598508,1.3346594551532487
5003,1.1086903047012593,8.341312638040565,11.7111621315536,1.653301451143571
5004,1.1043578243735261,55.5118785128535,12.503999444132443,3.4365075593862136
5005,1.112244973990003,8.884625443734821,11.012997269243785,1.8676270826960573
5006,1.1119821843855295,8.0419586237782,11.531200452300828,1.2447119929995847
5007,1.1103198909589223,19.668675254123556,11.529326125986847,1.348437283680143
5008,1.1117065459511026,38.40432663640669,11.573738101271651,2.203721414402884
5009,1.1096536901058671,14.18275443179408,12.185200009008813,1.0413189761736217
5010,1.1060697933351578,41.54689119558122,11.876192502677624,2.0452621521344105
5011,1.1093486599904525,10.45227158314718,11.886312419190627,1.3302557334078116
5012,1.108955472258372,33.53252705303336,11.334822258938816,1.4459020641001783
5013,1.111704556443032,7.744403059871338,11.931621537947272,1.3121864648880097
5014,1.1102425065598223,42.97090894051112,12.12493931454588,1.50538144109048
5015,1.1112980285086935,7.577121557299548,10.806733964156997,1.6892055026792887
5016,1.110666287702773,44.00698998797458,11.975218416999422,2.4756419028047056
5017,1.1079452572694413,60.87303345611748,11.851288504307874,6.736055510576021
5018,1.1097907148105446,10.276984850014573,11.121584937381364,1.3007419453686357
5019,1.11120988563242,47.131289609915626,11.692038607342463,2.3913232718656574
5020,1.1128526351350314,44.21799068273171,11.408750766648952,1.8137583279217804
5021,1.1116754179894746,44.90234100997451,11.505499075616603,1.915615451492542
5022,1.1152639398520996,13.747366188639678,11.464613381725915,1.599098718318509
5023,1.1140951036708957,9.703414502952853,11.812391406348867,1.1906160214286061
5024,1.1107139045088634,64.0721723075194,11.776465115630854,8.046391706099252
5025,1.1142547622543346,49.535224353154916,11.722179793872764,3.2702736907878727
5026,1.1148178747159734,10.077821352677827,12.068852136606575,1.179597176282697
5027,1.1167712548403317,10.56401812449669,11.743110832089409,1.1431766052679375
5028,1.1133624210129895,10.178957278817084,11.80566056825594,1.2323440686034683
5029,1.1135783511168138,52.44785618836363,11.222883655005262,4.178482473755177
5030,1.1179028429745608,16.45896414014288,11.646530529287734,1.1955920460519853
5033,1.108598207483565,53.55601616787622,11.115156529552172,6.056890543944207
5034,1.1129188499087848,10.821203123942711,11.68457716615267,1.752548515105457
5035,1.108011644510208,56.929789402865886,12.032450235775192,3.8877609894942733
5036,1.1025978222743242,11.745085792452077,13.05623036858567,2.616894986593472
5037,1.1065934297562519,53.05164195554392,11.48640861007054,3.740656861900199
5038,1.1125138511982362,6.960134992049633,10.81189249914097,2.2873808947996124
5039,1.108170352202218,52.00979122467397,12.15269539449835,2.9244563209728853
5040,1.1146875296269985,5.034123887688216,11.09155157803747,1.7919467532081303
5041,1.112663285739056,14.6495720765989,12.067037466887484,1.8231748502049427
5042,1.1140050245071276,40.7775876552748,10.918739870972459,1.5034810949004134
5043,1.114124777045705,10.543495384180236,11.211699577999436,2.2124592875388873
5044,1.115176448836505,5.958822257380325,11.916460943483234,1.6205232742459224
5045,1.1083436082853397,61.30879162945319,11.529098129945943,8.044741525949112
5046,1.1118269943944126,9.372777747553355,11.958336642576736,1.8196745913828694
5047,1.1169158899210816,40.291678974599435,10.277468705010703,2.4581590437453436
5048,1.1142812639717916,18.32349085012723,11.714771167356014,1.8359131946332192
5049,1.114283310871972,44.32349506637378,11.657905771509398,2.0328283453761267
5050,1.1157035278726213,59.80949656966412,11.677828844496254,4.932234653322302
5051,1.113161429934625,42.78453113127242,11.981372292962908,2.1262844411917303
5052,1.1199902358824814,9.532525500801887,11.055271119763535,1.4783438052411613
5053,1.1132752830161814,52.267676936226664,12.216563228231164,3.2746221936194946
5054,1.113380231432198,32.52270043247436,12.511807062208517,1.9336515047586424
5055,1.1190382612819247,12.1014406527398,11.768554069448681,1.546559049451355
5056,1.1182819412009322,19.324354939293038,10.936108247890854,1.6573061190528195
5057,1.1208962870432448,14.843909231887599,11.437468831012387,1.9766884390602424
5058,1.1163734670047751,8.293624683780745,13.205591574531853,1.5970644980184123
5059,1.1141571823436158,11.622430379105882,12.388178147807363,1.6924957124508355
5060,1.1203312029927255,16.86085716724785,10.371520499588355,1.8331095287870882
5061,1.1157527251738473,17.23000292809103,12.463639704321686,1.4252386963550363
5062,1.1173079864181072,37.35466716636888,12.046695084881579,1.3498742386594773
5063,1.1326734746397185,19.448462220791416,12.453703508620514,1.9699643765346349
5100,1.1192119189886482,43.707304764461995,12.055371014741478,3.126622461228533
5101,1.1012120077452794,45.87502187842486,12.291091455772571,2.917644060231287
5102,1.1043903298615276,37.44953220924685,12.597923811476162,1.3596748186761691
5103,1.1075712892252312,5.675629141722041,12.006617330960188,1.4035295867490796
5104,1.1053771013753255,53.19863380735216,12.05087406714137,4.221757921311682
5105,1.111514733179286,6.277801212449488,10.927338020771153,1.4278723996567801
5106,1.1128173493290057,5.619761047145671,11.541011623658632,1.0407871132332165
5107,1.1111110529191752,17.406723600613375,11.67864093337714,1.3441414628895627
5108,1.1115091926135525,35.769940117757024,11.970819221454603,2.0810993848709685
5109,1.108678784911196,11.451615037441645,12.805796549696344,1.4696668057144153
5110,1.107397624089414,39.28674291755514,11.85787787792535,1.3079785833085398
5111,1.1108225531023364,7.900078696539904,12.005904360156649,1.2322543551570033
5112,1.1090558990739519,30.688304914111157,11.938418087016945,1.7161471082024873
5113,1.111840936251189,5.141305817347738,11.82636915695707,1.635811914623162
5114,1.1086262995547704,40.876817910771145,12.324091708733405,1.932080287294834
5115,1.1122788603740377,5.2954539677279255,10.59148027108713,1.714330592746863
5116,1.1098710540268313,41.77468967876775,11.777637413746973,2.711256480158641
5117,1.1067632519493804,58.587209109702954,12.429075289001817,7.475007067496265
5118,1.1105870146697576,8.11999547963869,11.404057423239001,2.085927028255876
5119,1.112086772507266,44.787468396688105,12.064789817106465,2.130420864283201
5120,1.1111929381349532,41.83663367340054,12.080723929232233,2.555497536725489
5121,1.1127678134620287,42.58641626910847,11.421509740391647,2.4545798234549565
5122,1.1168477451087515,11.46160057306994,11.81726812127085,1.5424712923268618
5123,1.1142921063931739,7.455442307878373,12.079735918541605,1.5948496902627853
5124,1.1066000176492055,62.70559168763284,11.737231762125282,8.16050878372884
5125,1.1115801757318424,47.87168196304574,12.134116297975888,3.0442642933129713
5126,1.1154858374387822,7.881154298875759,12.043258224387403,1.3389653762685245
5127,1.1187523195355704,7.976536015243554,11.6058409080804,1.8463682443198217
5128,1.1145734389036033,7.583382370489325,11.910427418138152,1.4146024730004214
5129,1.1099711952304803,50.46550873759495,11.63992304027457,3.5973694620150747
5130,1.1190847609126935,14.062697680986838,12.209292165453412,1.4332718750858449
5133,1.1094039041548234,51.26242308721911,11.33474362834934,5.060563807474839
5134,1.1129908585672246,8.346541009928128,11.601644051154928,1.6814124498570295
5135,1.1055067625094304,55.03285806247123,12.015418649676972,5.275661615285235
5136,1.1038207894911187,9.27821460673205,12.929620830888194,2.0081111229825863
5137,1.106526620756132,50.74154142658016,11.576984948942137,4.536179098857753
5138,1.114648165298864,4.287142599582671,10.918584385299114,2.3497796582035027
5139,1.1101366018114456,49.92293992723959,12.094076006528097,3.1542684709787427
5140,1.1173982910794371,2.1872180213825394,11.619047800336826,2.194952935786005
5141,1.1159699240197198,12.03376244037637,12.084465055826751,1.647908216109874
5142,1.117138658695079,38.1495213741468,11.311386991282465,2.1153753365381895
5143,1.1143298656762268,8.416150981582794,11.738924137422714,1.5142851792766832
5144,1.1177291787626629,3.201526148767441,11.730228639889829,1.174716745162863
5145,1.1095422469600522,59.11677524817425,11.61898350116475,6.464648001595519
5146,1.112531712242177,7.140511453205069,12.05946148170867,1.3233643680237561
5147,1.1155807947361487,38.06872425055171,10.65542712567357,2.6718718905889465
5148,1.1158119855102084,15.877511978066105,12.046534995948939,2.52405239875117
5149,1.1122741337699338,42.20050531443331,12.233814482157975,3.2648248617713684
5150,1.1154369921634786,57.55114977185521,11.682539337254447,4.327125774472923
5151,1.1142967764776803,40.29241866667958,12.310225841585671,1.7935872253250151
5152,1.121905540992791,6.828079285778843,11.432855964279842,1.6226650940439487
5153,1.1149146296640664,50.27661904774046,12.144664487892756,2.657915570479829
5154,1.1127236915691041,30.096058631207136,12.375196159289665,1.3528502193465395
5155,1.12126886841992,9.51232419557119,11.564211721979179,1.9435522825304212
5156,1.1194750235202948,16.563848071837803,11.1588824954809,2.591852334192349
5157,1.120340348873279,12.572597944530191,11.56137591733467,1.8063580887437016
5158,1.1138712927780066,6.188967853508533,13.226479594175647,1.874341149614829
5159,1.1175777126772144,8.76201674941603,12.792532764593817,1.592322111040217
5160,1.1187616988064417,14.441896804748863,10.559721755408225,1.3280260908326433
5161,1.1158935090772848,14.760264028269841,12.127130381465948,1.5388717730079102
5162,1.1153301167380145,35.3971533466754,12.095232446732972,1.5975564761270429
5163,1.130086097730969,17.255876133259296,12.656062540404049,2.1375945217829346
5200,1.1191570754431588,45.387847291864766,12.187620706684859,3.4104014027292
5201,1.1002100301265727,47.709549499488716,12.292416891692485,2.113301856732832
5202,1.1008171054653628,40.03232360814188,12.960750376903404,1.4287604170961965
5203,1.1084434462560224,7.9856996041571096,11.734379570864695,1.4924510944175517
5204,1.1031674394831308,55.444569801764736,12.242558249020998,4.2945940814300565
5205,1.1097195672343174,8.667375951337586,11.379215404524347,1.362775965331375
5206,1.1102777570972766,7.635996986573976,11.817277992369602,1.5990453184087297
5207,1.1098024747100126,19.654901357854012,11.706302441209958,1.1341630493078687
5208,1.1111619154882109,38.16563344791123,11.59497641828322,2.2405365999088294
5209,1.1077172694802122,14.102307752367704,12.689667667492794,1.4906807886929745
5210,1.1090832513419586,41.09783862424189,12.471406593933487,1.830571789956842
5211,1.1070558684666105,10.516004587278008,12.297240488042565,1.4471936329443225
5212,1.1090896784838267,33.304568142924744,11.707223479918863,1.143451821499228
5213,1.1120010092655512,7.5033474748393845,11.908381344457874,1.5311500239036928
5214,1.1092205717203647,42.86082483556568,12.558943618227367,1.586122067313054
5215,1.110413363032246,7.656271011330279,10.541906527016891,1.8604806571846244
5216,1.1099010197232402,44.062517853807435,11.982655373785436,2.3984569527002253
5217,1.1098207181981055,60.558235771237804,11.919574211341144,6.591048369186106
5218,1.1102928064602913,9.996095917042906,11.546440719114035,1.7261379478389582
5219,1.1114931601757982,46.73764608554002,12.071121844102743,2.132383868056308
5220,1.1101015157528318,44.23375240674003,11.785374120353653,2.735667138511963
5221,1.1130087142835037,44.75611412506616,11.738395677033012,2.262901632050834
5222,1.1139834207306931,13.674543910965099,11.601210553209008,1.4228044938023554
5223,1.113439661881257,9.30485298644508,12.183925568999184,1.3559159433561454
5224,1.1095108683170714,64.18145594166103,11.986912868854304,7.638364409349404
5225,1.1111751599230688,49.7600491796759,11.96866665313069,2.7312913328781607
5226,1.1128569203350276,10.054296302878969,12.081442185026946,1.280509547329364
5227,1.1179894466006841,10.144803922048302,11.539712164630663,1.2101667782006629
5228,1.1122126863104973,9.693035997168545,11.833997256633717,1.5669679821352651
5229,1.1101583200934186,52.18057144382654,12.033547413463085,3.699525083983536
5230,1.1165364527883526,16.06618088011556,12.174397777115349,1.9797852408151364
5233,1.1077544475101766,53.4362995329816,11.358672503111963,4.225466244355692
5234,1.1111282351952967,10.656648797184712,11.556002107869453,2.1407513572295462
5235,1.1073989260723462,56.58102209934511,12.089057192114014,4.361863569969221
5236,1.1021767591782634,11.401798568667033,12.910082963411726,1.234082300509184
5237,1.1047513901292916,52.783928803557544,11.34528343120136,3.1380071901798283
5238,1.1138430568076967,6.677256349293755,11.070995308866292,1.6852495099259153
5239,1.1072363464138257,52.07208410761308,12.116024095525484,3.458295503356675
5240,1.1128341648937496,4.710010231779857,11.77261596913157,2.4001584297990215
5241,1.1112577609340906,14.404457301070225,12.256053212889531,1.6026634750625188
5242,1.1111784646125518,40.698200027054604,11.466267709149475,1.9353566432147449
5243,1.113013711984082,10.585587770483722,11.316075054351888,1.9949486942478458
5244,1.1161121653193045,5.820293597818986,11.953137184367016,1.479336095054522
5245,1.1081497450645363,61.238653128356276,11.821691183782498,6.323817994655548
5246,1.1127604028426636,8.949093683258697,12.196448193331568,2.032988660630622
5247,1.11518430321969,40.030130506125296,10.49305833343248,1.5812768909203576
5248,1.1135472530345862,18.134007022345397,11.810563728073388,1.6853064805645421
5249,1.1112115645073328,44.36299182769315,12.255831139392983,2.0368682109966896
5250,1.1172306271772492,59.341921011683134,12.127705055715962,4.001754584239885
5251,1.1121479844626219,42.721214306044175,12.269458162531665,1.918668018961623
5252,1.1230270835276468,8.85836772108587,11.193533666815759,1.4468941346846727
5253,1.113828802272962,51.80042957424601,12.436015762111099,2.9652504764138152
5254,1.1109555834530116,32.30532629351781,12.7095904860402,1.5397356103361508
5255,1.1167661692790412,11.987445375434476,11.974800498726,2.2063323128816656
5256,1.1188765662729525,18.9398108200267,11.424297500099613,2.618445167257867
5257,1.1204543786537975,14.821392616899336,11.4660748710567,2.5340347247633366
5258,1.1149717460300306,8.442503715215576,12.898706848575864,1.523682299184971
5259,1.1150552092518211,10.799517537689745,13.027176258467655,0.9658562126681913
5260,1.118607834658996,16.31490260249085,10.440318464195014,2.006568977510162
5261,1.1135724194038545,16.941923821660136,12.210966292924686,1.3056935182340086
5262,1.1132615443714589,37.87216327290154,11.837308222634688,1.626891563323606
5263,1.1293602259981057,19.077555647293263,12.488247760333456,3.2436470192473648
5300,1.1224415843685456,43.563469167518946,11.662150978313672,4.276264439915034
5301,1.1037521604018614,46.057015818893454,12.07758852778787,3.0179382645599704
5302,1.1097344475865902,38.307310799743966,12.315672838734459,1.3406652123346414
5303,1.1135436735110347,6.7598157881006875,11.975247223158389,1.0736133162277255
5304,1.1115317522082742,54.172536836843804,11.674965108374597,5.741638204615786
5305,1.1158814521829217,7.843214514033876,11.211674894336896,1.311860052986419
5306,1.119524816185694,6.67610361286413,11.230608916610887,1.686570425533772
5307,1.1157449535797699,18.564203578818,11.690501248624907,1.2930372471372384
5308,1.1193832835501036,37.039859695433364,11.763937460319344,2.803572537299252
5309,1.114349213621059,12.914522610165388,12.92135567036993,1.150137559095385
5310,1.1155380520085931,40.277095076071504,12.242649430083683,1.739565829795832
5311,1.1163379937312774,9.636727430207483,11.991696407183008,1.5790450399319729
5312,1.1196090052645555,31.947881180338097,11.31106690058124,1.2983918668058683
5313,1.1173742231949295,6.513209216039215,11.960988498040923,1.4399716136859766
5314,1.1171962059050269,41.36312855669669,12.0443180519059,2.559805389488415
5315,1.1186413081099478,6.619532421289366,10.472229840235666,1.9144839165070817
5316,1.119069448568941,42.72112614130075,11.666599636665788,2.7999676554943096
5317,1.1174519026960013,59.55949523241223,11.984309766767376,7.943730218910797
5318,1.1161987113945713,9.078497288213628,11.353154337695305,1.1385231090306216
5319,1.1205162655129868,45.461218145633225,12.12139250867333,1.9387424107194502
5320,1.1185847765307162,43.04185586800367,11.872005416870918,3.3736402375765415
5321,1.1188053184801008,43.854955736189204,11.590788166191663,2.923670244405376
5322,1.1228578656093569,12.631298908187116,11.489305287960116,1.4114267206063738
5323,1.1222543605805348,8.5086845929486,12.096593638755678,1.0665905685004624
5324,1.1175139797930989,62.79688246582588,11.614297099418339,10.403503899642772
5325,1.1189454367711744,48.44672243732043,12.142933933520656,4.0853292264452925
5326,1.1207406773498507,9.136251222568276,11.912831133166334,1.2818016497586446
5327,1.1244918531646697,9.405774317183283,11.377879824366135,1.52872566764303
5328,1.1196963437457497,8.96346903640098,11.737111243435093,1.1612662787072865
5329,1.11777878001491,51.18683168422417,11.928374095624402,4.615317525418963
5330,1.1221914328729126,15.238675871029859,12.162725374417438,1.3501311927342061
5333,1.115704519970014,52.12593109901915,11.342168608595848,5.276274088982894
5334,1.1159576408581642,9.582090924117608,11.86323393977177,2.483339510431786
5335,1.1145702581048482,55.533548231397,11.61437364935962,7.086611265241783
5336,1.1101625656638279,10.78095922393424,12.729321630032361,1.5870805081088617
5337,1.1125490210431452,51.53624335458177,11.340141557354553,3.843363645575328
5338,1.1204983881578219,5.904160183995373,10.925225558564545,2.2530320176901837
5339,1.1158449750202222,50.901586865920294,12.083778411183964,4.180406443331056
5340,1.121749964629915,3.59661220464473,11.510839888682423,1.6962831529864966
5341,1.1209136510103055,13.25339824624142,12.180530690884726,1.5771762182579736
5342,1.1219643482281536,39.24202637332028,11.139566437814478,2.20039626171904
5343,1.1219293426306878,9.305916077400079,11.328969555054577,1.679101094589538
5344,1.1244429724073866,4.541413021791692,11.565000841204174,1.2626950823694756
5345,1.1170588386355613,59.860084242235374,11.51485303317663,9.27904699000085
5346,1.1210160448474316,8.018024621614025,11.986021560178225,2.162984970188741
5347,1.122187298540682,39.18914827884676,10.973586783621773,2.5192472276814812
5348,1.122345508454569,17.237401737858278,11.709198756930368,2.1551946237151776
5349,1.1206304814959662,43.10387104959114,12.159438750481343,1.7778675426995738
5350,1.1232709528169487,58.154264577785106,12.083504383084653,7.349529220665019
5351,1.1219918057213947,41.131296592350935,12.133867536336739,2.2003000738178966
5352,1.129717046302978,7.862271536644164,11.018390651103235,1.5916418041531912
5353,1.1226929306070412,50.865986108455836,12.741844181144522,3.4705544352777147
5354,1.1200839367203124,31.232634663428183,12.578915802712913,1.343787949053801
5355,1.127787817916539,11.024327854636335,11.669357459973206,1.9018265972121569
5356,1.128399142092743,17.563826357557716,11.393282884274498,1.9171981205578315
5357,1.124988507593112,14.00044188010005,11.668249080737493,2.148766443878007
5358,1.1213437310598722,7.336364417648532,12.967054333818808,2.300648556890715
5359,1.1194954745231422,10.185547737054376,12.761787523937533,1.1554014902490584
5360,1.1234409248026702,15.568774091773419,10.84037937943942,2.21412186260922
5361,1.119853451095989,15.594333332770983,11.96659575727346,1.6776630253543057
5362,1.1188275506466283,35.92439254539547,11.520832590143105,1.6766270877707916
5363,1.1312122806895788,17.804233135983004,12.006387851716916,2.173478362707253
5400,1.1155894841329363,43.97793074046411,12.138217773666776,3.702233186771167
5401,1.0965677653595611,46.62301822345117,12.018056430199403,3.4270241864529623
5402,1.0992588858711883,38.294220834115194,12.487886446445778,1.423613163894878
5403,1.10427555816373,6.329203558714086,11.784213809542816,1.2671717417333088
5404,1.1005535779258098,54.41113218405213,11.894577259726844,5.192718457448186
5405,1.10798760304162,7.0626778592987085,11.177116991808663,1.0233239874822075
5406,1.1087024905701124,6.135394411381804,11.981554220949329,1.2690927736570539
5407,1.105851076769167,18.391719232117502,11.679292242368522,1.2959489625127365
5408,1.1083660767105343,36.671556428644365,12.150129171304178,2.6799023978875383
5409,1.1056048628479405,12.325692175536863,12.88557063144204,1.2870566888133186
5410,1.104989557551359,39.77079360810646,12.436247990381853,2.135533306734997
5411,1.1065104302720072,9.150169875379339,12.200271720908685,1.768915815745086
5412,1.1075023252210536,31.574821878838367,11.837761950314874,1.5428344057934624
5413,1.1081313153606351,6.0993281312090035,12.042574761691785,1.448550114137784
5414,1.1093152404365538,41.2706981105775,12.115888003334769,1.8495835029185619
5415,1.1098435454482363,5.830127488321898,10.613957291225942,1.8352396616173015
5416,1.1094179584471742,42.49620436178358,11.854872451578881,3.046193433487853
5417,1.107312401024922,59.362352452620016,12.005277655990913,7.760757736024686
5418,1.1087304184514155,8.295444965206825,11.540743326658951,1.1945170524936168
5419,1.1109403064425882,45.32990959869864,11.990508830004638,2.376869740965559
5420,1.1095706028337946,42.38852186437777,11.860258765523243,2.699436435491264
5421,1.1122871607994769,43.183894521947295,11.567934986421834,1.8293839044163716
5422,1.1126892584293846,12.254712576745893,11.859489420831366,1.7245286194421534
5423,1.1120020336969691,8.090015059391606,12.304021061044173,1.0938546407694119
5424,1.1074209732364455,62.82733338283734,12.024128412264815,7.247995460286208
5425,1.1085537081755454,48.43690598103589,12.195191753027585,3.7227150486778613
5426,1.1102817987382931,8.486376864367163,11.990173364901377,1.5555680141559671
5427,1.1145806918700645,8.836973895307995,12.002588040124865,1.0771518703432321
5428,1.110239530105375,8.184338088849293,11.879057108913463,1.4094565177294536
5429,1.1087217544339592,51.07883298084742,12.002575666881526,3.7318061530918807
5430,1.1160341715873037,14.364144000620575,12.111666200473474,1.5889185953199731
5433,1.1074675149999378,51.91630288027747,11.233185709185646,4.65744108454697
5434,1.1101076153929563,9.1027943102271,11.223815927828214,1.3964239919431736
5435,1.1075916530726269,55.1463760800902,11.994703991836586,6.474089557591314
5436,1.1009119361004063,9.687145489966616,12.770490230981192,1.5918675357451837
5437,1.1050595178849156,51.32585685622162,11.359179809825633,3.3066257029775183
5438,1.1128803927058522,5.31505966436691,10.89353815284979,1.5282809246489404
5439,1.1068571914405632,50.697892852045854,12.017453146421243,3.492011531781016
5440,1.112147726743637,3.4266631968992516,11.779786805788284,1.988541992345723
5441,1.1114246905779341,13.162780169143153,12.194814678379092,1.0416289944768464
5442,1.1114139303834165,39.38340706504539,10.912530399324924,2.2662909285872104
5443,1.113524032244819,8.954846061558648,11.625736131415985,1.4792823920172402
5444,1.1141839816658252,4.394680187742952,12.396703036015149,1.1449316991623926
5445,1.1050206941701537,60.120245165044956,11.657377848331501,5.988818999080238
5446,1.1094893003498072,7.635511251539593,12.032703632865312,1.3882229336496277
5447,1.1133890049799788,38.63105976507858,10.570503561486108,2.4952554391034827
5448,1.1131808349852594,16.81042081642152,12.141203663755551,1.4683976944436998
5449,1.111208309543984,42.505659155493355,12.202591243638947,1.9322660429382694
5450,1.1137979865619947,58.122520881516564,11.843192879584945,5.670786347936029
5451,1.1138870545738195,40.936246099989525,12.079578377925113,1.8767389029317787
5452,1.1173566941820983,7.800254745208478,11.367059819758158,1.5737392553680325
5453,1.1120911059870855,50.59371808442809,12.60917334978721,3.03051700617571
5454,1.1087626470867875,30.775748815041165,12.735832408272929,1.131642576435567
5455,1.116799118419614,10.363862647753683,11.67096589631649,1.3153993120842316
5456,1.1151509443008485,17.44875544888145,11.173930442677252,1.6620383286718812
5457,1.1169018051472233,13.153923474269696,11.513484477938938,1.2596408187767003
5458,1.113675615131473,6.558476488750366,13.022138222982477,1.0314037482659435
5459,1.1116122138805433,9.168432104414569,12.767845921943735,1.299454877513132
5460,1.1137385503224702,14.961295378618718,10.56585646109711,1.6800497246791302
5461,1.11057783404501,15.523367958666173,12.476959868316895,1.6080848552765024
5462,1.1114497509724404,36.03246448168604,11.791389422357938,1.6854190069181312
5463,1.1251607358216624,17.186904970330335,12.24247609117837,1.8705982210182095
5500,1.1249448471440604,44.51896311650568,11.54208693646339,2.898142789546154
5501,1.1065012687702795,47.50321884751347,11.79541414992369,3.745972272617777
5502,1.1110651731052132,39.76043837677276,12.231184644238835,1.2796722235508176
5503,1.1147614612210732,8.031932365093356,11.80223524264626,1.3902610136590126
5504,1.1117336897465862,55.828480638573204,11.745225990558938,4.327898408854199
5505,1.1192577985790795,8.987180436516658,11.187350467190772,1.860846943592899
5506,1.1168330429903914,8.209187363909422,11.485438378311237,1.8232874416795402
5507,1.1176598672702913,19.96547817052213,11.79330257318069,1.2486026489264668
5508,1.1213417019555219,38.647878638556854,11.382659978270613,2.5205248327308185
5509,1.1164910442166824,14.542390967756615,12.531406816148426,1.1882686260056994
5510,1.116483179265684,41.67137687206952,11.7136055547032,1.9733517906092672
5511,1.1181677483465682,10.662517172027806,12.016665975423523,1.5866275011833662
5512,1.1216647548626775,33.2958491480059,11.515080717579805,0.9042452671878681
5513,1.1217437120262672,8.490839988049974,11.85838067186066,1.8784634540266578
5514,1.1230512108138668,42.407413023655614,11.9798579679513,1.2758713259318168
5515,1.121517445910054,8.027871502603858,10.715793594012114,2.7465024374341396
5516,1.1215658619190765,44.47362779939527,11.813185469088726,3.5078319103073046
5517,1.1213502494952456,60.521547617517754,11.628816173522884,7.6667720871274545
5518,1.1203666498916454,10.31823840882208,11.753842774783788,1.3713451655178328
5519,1.1233561893989958,46.877480520181,12.020379770626526,2.477709258574224
5520,1.1247167694713789,44.0372277501354,11.437557220109658,2.89995363098297
5521,1.1249239304900136,44.865248357285374,11.43885091171275,2.289532942553922
5522,1.1257045920250772,14.169174343398671,11.49758102498472,2.078109801119235
5523,1.124146851098952,9.971918608495313,12.307884700226705,1.5235647808061872
5524,1.1191500667162988,64.42230333625201,11.597289101248935,8.739505947420279
5525,1.121318115908316,49.65323091996661,11.888510446358955,2.487458707529901
5526,1.1246825121902153,10.32303732481841,12.035461389103718,1.374136053116056
5527,1.1275326747832584,10.614571885987445,11.788621969692555,1.397357069817856
5528,1.1212513863004747,10.462567175263718,11.977588671168968,0.913159082763252
5529,1.1220131808634104,52.19601686876959,11.930406227862665,3.750414221685088
5530,1.1266495967768961,16.74780061930059,12.225086172256491,1.0206965155091785
5533,1.119254431795352,53.34475114161719,11.419650241003794,5.974365849287562
5534,1.1222269157211746,11.0971771416928,11.360149491856323,1.8746476015628746
5535,1.1176342255709315,56.75794987377556,11.588445359276438,6.005380016431171
5536,1.1128932416514672,12.357388631160376,12.775583347524146,1.7702916698514093
5537,1.1176893610350858,52.587783131455964,11.333397922967556,4.943067579358403
5538,1.1234693012620771,7.208443592177626,10.637759726541608,2.539323876720832
5539,1.1197128999361763,52.070483380542356,12.033679983476297,4.613240628011333
5540,1.122472810868027,5.365223071915266,11.430166051133378,2.1107127842246687
5541,1.1224661084327878,14.799598355222672,11.591367287238477,1.3232021261880116
5542,1.1240244973266234,41.10376406509046,10.982724810551368,1.7643585716653436
5543,1.1245062249775293,11.023370673884363,11.465313049142281,2.242046237863483
5544,1.1233558358763223,6.449378045948175,11.779855210078152,1.3066099282645882
5545,1.1207618790824727,61.0509339242652,11.309621432811003,7.973975730004158
5546,1.1229897222525775,9.519809648520855,11.626895434459474,1.6690637448573975
5547,1.1273176331024044,40.130400678059885,10.46046699730729,1.9398574233555756
5548,1.1261339781595219,18.437670028101234,12.065963125768121,2.3816447478511176
5549,1.123112956895977,44.41861792016645,12.058389112583848,2.4976232534325926
5550,1.1262395543422044,59.609905386156754,11.969307346636958,5.966789344448772
5551,1.1234101438743027,42.56869094645964,12.239106042621952,2.1362431627189435
5552,1.1312318992033834,9.373357234598998,11.137479876774922,1.4720644170286092
5553,1.1248193150077337,52.09945969663466,12.217412790512451,2.980604136432207
5554,1.1223634883942526,32.607648517085565,12.26729236900225,1.3181978152867273
5555,1.1287148013979773,12.226424351403223,11.754718669241534,1.5940928409644812
5556,1.1281286634461964,19.29302183449695,11.066731748050339,2.0448450330124475
5557,1.1274048408207509,15.322894139419434,11.482842900777964,2.2742341794645324
5558,1.1209648338890346,8.40353938077016,13.167689165411781,1.9623886156713088
5559,1.121677771774516,11.313409190821917,12.824176223690028,1.7136894582376772
5560,1.1256580199072443,16.497237063469367,10.541372964941806,2.707108599216705
5561,1.1197564237083317,17.260260895453627,11.535856971186425,1.4958318504674188
5562,1.1180445146900695,37.44493254811192,11.485471954335777,1.8440233615156707
5563,1.1347897049153663,18.161374540658485,11.827738609511194,2.2291154412484677
5600,1.136565238780075,41.05920489253604,11.862977584544353,1.774232395375426
5601,1.1145967960277845,44.748011846102244,11.761346943818568,4.961565530909988
5602,1.1142835563860545,37.919365278271215,12.404218986483285,1.7273424702773745
5603,1.118446529332842,6.1942257679141814,11.849576121333644,1.3786231767687183
5604,1.1155766526337854,53.93752215702998,11.658729101212291,6.208588787480053
5605,1.1239813124764262,7.282815589881596,11.244366782244938,1.699011294286482
5606,1.124944677090681,6.655071232173204,12.079660937958495,1.547670527384933
5607,1.123018849086456,18.61534955853463,11.729626620358475,1.5564493613384756
5608,1.125094528913043,36.90739178821762,11.932724067500653,2.5112883304063436
5609,1.1235834625857162,13.175560884804886,12.625184811765687,1.4947023357898197
5610,1.1233521817326704,39.336520022588125,12.829305295966464,2.298020112164447
5611,1.1244217501403566,9.181987610106411,12.403560443200506,2.0555679445878976
5612,1.1265033555729336,31.763255828053598,12.155967336393337,1.604728431238895
5613,1.1279492359407306,6.68043515217015,12.274224402815667,1.3954870267429156
5614,1.126126412315399,41.204453345513286,11.936476408133913,1.9785250472321347
5615,1.1283178260446536,6.723372217328809,10.834687605846337,2.244386482974375
5616,1.12558771675663,42.81538663892929,12.01187423338201,2.660367977617136
5617,1.124009355383554,59.501353024637076,11.841636103703582,8.985656451926769
5618,1.1280670113777258,8.575833651906345,11.20370122943702,1.9814927176399035
5619,1.128704298288342,45.29960624409223,12.427475590388458,3.267673489209652
5620,1.1277574635323833,42.8230490982161,12.206188265324935,2.463023397771348
5621,1.128674391326202,43.22894844313053,11.375287012062987,3.3643942213600533
5622,1.1330492360188793,12.447059053969898,11.837746086275311,1.5143258567360036
5623,1.1301938848342588,8.801422973012933,12.162283142626269,1.4733298181893373
5624,1.1247330251391834,62.497546449415864,12.0261647809896,9.631538310369942
5625,1.1263035585220371,48.289315208174834,12.122103120087539,3.021807444940787
5626,1.1288138358371458,9.03400362853674,12.105688777890746,1.1072533446399202
5627,1.1323096714877,9.229903463025094,11.904579383252006,1.395031435832021
5628,1.1280058475944406,8.592988587622484,12.213516047524323,1.5501088631756195
5629,1.1259048792407473,51.07496883001373,11.815360987956037,4.883587166082106
5630,1.1338805017968325,14.88965353779462,12.304917052155583,1.596526636925581
5633,1.1263109584057576,51.40122212227854,11.386881565065277,7.436300217115999
5634,1.1279522018240975,9.787717600508886,11.473599799417537,2.070262658528235
5635,1.1224336511062085,55.19104452460939,11.989978995249832,7.404225892943443
5636,1.119264201590494,10.472334568116779,12.6778456739458,1.317887548393746
5637,1.1232326306847824,50.99826901084953,11.368964496140736,5.71327691516466
5638,1.1298996671742418,5.646773261510376,10.828090416416673,1.9371331453067842
5639,1.1253337022662402,50.24678620406715,12.015736402205404,4.682468921012505
5640,1.1287950541689777,4.032042761089002,11.74135271651812,2.038532448256499
5641,1.1281561504736408,13.526027482190155,12.084893706388007,1.8657019988456875
5642,1.130301015055023,39.235931007466824,11.377534166774712,1.8249674633325184
5643,1.1287367009894753,9.473081419461222,11.611738722678815,1.592564847768151
5644,1.1310263273432652,4.685911533317475,12.239577287968045,1.4992323869875965
5645,1.1250402752296316,59.64730026098871,11.9790328061856,7.240969842754333
5646,1.130065469956699,8.067341244938817,12.016912305951175,1.2790898996473365
5647,1.1312251885102043,38.95249518734456,10.707214506390555,2.9669737890207113
5648,1.1314162704592838,16.803997500759635,12.267141819248218,1.9284594065701846
5649,1.1283630393019721,42.98602967063368,11.986862673138205,2.533286500978825
5650,1.1314358990870212,58.17976413767122,11.853944791190418,6.089613230238291
5651,1.1291504261567717,41.16850496211597,12.085629014116424,2.477134940735618
5652,1.136328841597548,8.11603075609951,11.427899075509428,1.713402012191571
5653,1.127084134135358,50.87343396660819,12.37418491341243,4.510330661377343
5654,1.125056621790817,31.446334389532094,12.781602325716536,1.468890894563348
5655,1.1339489337638016,10.935169307988433,11.844494384174734,1.4239884314885902
5656,1.132242508018546,17.769423878357028,11.334685094653155,2.393680195374949
5657,1.131803459982421,13.856258025099164,11.697250945445008,1.6189428069597558
5658,1.1273223198816402,6.428652903871565,13.026944382779405,2.13535277170095
5659,1.1235803860995257,9.992499323138793,13.0556133523894,1.961874076995083
5660,1.1289645043016747,14.998226632019472,10.66489772095645,1.3652397629354618
5661,1.124462599243659,15.12205058511228,11.798894849341076,1.7404188173843547
5662,1.1244277708551949,34.91284565859831,11.866726462615272,1.8870241419958382
5663,1.1404159506596392,15.785773711551501,11.807312873905106,1.5819584248179646
5701,1.1141762608570551,45.557115302867004,11.204685283692225,3.09838944274305
5702,1.1050397197765498,37.87023709181606,12.213487818950545,1.2732081855357498
5703,1.1032452018627177,6.517085216003681,11.788010511904004,1.22664388431628
5704,1.101220521356239,54.50373235591853,11.503258050850492,4.032685632624213
5705,1.1078164580164316,7.436171826040199,11.108168458332,1.6238960482940858
5706,1.1090267705409358,6.584793069315619,11.594607058916377,1.463241823892675
5707,1.1062241035133313,18.74403582572341,11.679583641547683,1.4064903054831492
5708,1.1126064270781821,36.69890701707151,11.978674871127033,2.486908101397627
5709,1.1087535901869585,13.163544456882429,12.398556239180914,1.231520555175502
5710,1.1106158105576829,40.18902351851961,11.953586012088971,1.6470144819658021
5711,1.1124411683251072,9.311685856565973,11.948358911471392,1.439182608114629
5712,1.1161975184693305,31.57647693986647,11.606374144408045,1.6420652988318118
5713,1.114015256688461,6.462461768770445,12.224033956603762,1.7212572859565325
5714,1.112898247497093,41.37715425272627,12.126789244030578,1.5058733685562202
5715,1.1151679318732137,6.63261891076651,10.613162041812403,2.322461341345782
5716,1.1134125969362658,43.28124779033282,11.644678903166575,2.1088204031562854
5717,1.1137261624110424,59.81051280972573,11.72097469474908,6.06996643446704
5718,1.1154022219725963,9.029903984881564,11.120673880530012,1.5970832658249334
5719,1.1159484599061764,45.551893901976264,12.163807556864185,2.833309765544514
5720,1.1166763936329887,42.91741576427087,11.489838354390283,2.2265515577445583
5721,1.1183465431102733,43.702929555304436,11.15411673964769,2.1702721291851144
5722,1.1194713739572035,12.551534170217009,11.72066892610104,1.4930196269943181
5723,1.1180232260322776,8.679800447827748,12.149999331523647,1.1838090329667594
5724,1.1123427350628272,62.64345446732084,12.07244808163024,8.26544255517557
5725,1.1170681107623006,48.294001738073675,12.027301327627486,2.0560759399130495
5726,1.118867772128671,8.689429657015577,11.772212923889843,1.1820083606837941
5727,1.1196917078328108,9.167666985172351,11.578853373375772,2.2889740176797773
5728,1.1169049923145857,8.754368870648197,11.8706914995697,1.7063559489224611
5729,1.1165449080670402,50.677799567030505,11.480845186128935,2.6213514110670215
5730,1.1182411355329285,15.168945443632634,12.272928335256964,1.2014313564960073
5733,1.1132960117322697,52.21586707788568,11.244666166138458,3.277139829019132
5734,1.1160243972225823,9.656611541814453,10.923495358869957,1.537986602273193
5735,1.1128733856775235,55.259394335628194,11.76018203454372,5.0697562746637
5736,1.1071256108477152,10.571094856470621,12.734066863621063,2.680057552789483
5737,1.1117801497500925,51.359608255422444,11.262443364256798,4.404912025888644
5738,1.1180423307354759,5.802657757444021,10.443768513579508,1.9756072143050454
5739,1.1127557761922902,50.69380841602705,11.97501274481717,3.0713271693777338
5740,1.1172333258139653,3.584231700123192,11.153126904388282,1.6838335347339237
5741,1.117338652235033,13.157747811659664,11.86081753314046,1.836316094232642
5742,1.1194475823286132,39.59307791335835,11.013737812491389,2.1748747724947797
5743,1.1178673761497662,9.128234759684421,11.354534378360553,1.6042856558789715
5744,1.1189322818903578,4.9030678282852325,11.678460499074363,1.8097840133204088
5745,1.111441984521652,60.19487441010089,11.575407497455172,6.060599547816826
5746,1.1172430919975496,8.097191948454212,12.157857044640657,2.206876825881532
5747,1.1197534358780825,39.12428309913753,10.253008162468044,2.0183232480963675
5748,1.1189551041572592,17.08711368502506,11.95990603522703,1.8823526216964033
5749,1.1160588328359526,42.9775283601833,12.156688098446725,2.0842298459879456
5750,1.117498531234328,58.11464149097143,12.059331000491706,4.076625821847652
5751,1.116799454619267,41.32171800082735,12.316410804413335,1.7007041754586936
5752,1.1237866126720386,7.884482810830378,11.190543731397335,1.194756913369453
5753,1.1145297056227559,50.93669137970026,12.589950141367519,3.0191938457508405
5754,1.1123008813515118,31.04384055710527,12.78393635589116,1.576872582786643
5755,1.1191373411148526,10.770392272269284,11.334435076743535,1.1757894743334176
5756,1.117767308618615,18.080479585609574,10.781817076332674,1.8172148614498644
5757,1.1181275226516691,13.659866524480632,11.58675425986998,1.897853769119167
5758,1.1125002411714884,7.160361055735441,12.695454476415504,2.0871618263551337
5759,1.1107484460408044,9.67233330027872,12.663249854252745,1.3130128682828421
5760,1.1136699338385627,15.457811571913822,10.24257710141803,1.7937446390033402
5761,1.1114854447359257,15.630890615606013,11.856609999997014,1.6918212745578989
5762,1.1253635176354913,35.933933151235834,11.294188192353474,1.884686447376331
5802,1.1136673189515838,39.94757111430444,13.128413688594462,1.3902455525867359
5803,1.1058449411506184,8.922043557667958,12.183664028144124,1.6768552849315226
5804,1.1002469829583947,57.09666443041,12.340828182581179,3.6264524650905825
5805,1.1067016511217664,9.930507464048164,11.409861537236045,1.7757550703195757
5806,1.1086457526970956,9.403109254896657,11.801640994952324,1.7194296765926482
5807,1.1088437953623023,20.83840280985517,11.954367815462305,1.2392252478569572
5808,1.1127722041424066,39.661715502118575,12.179861878188634,2.9192180211528336
5809,1.109903464682891,15.420375383213925,13.008994874533618,1.4907390175592887
5810,1.1121174911281726,42.7397207305725,12.159050216463848,1.4685098889987838
5811,1.1113426431035802,11.848980353740481,12.257052043818245,1.9661831706068058
5812,1.1137772063212665,34.85875637340749,11.548511367550127,1.4854856784427644
5813,1.1159757060436328,9.2987460751706,12.318005887114843,1.4919538820337594
5814,1.1163080998600006,44.12423932362435,12.032307447581823,2.0496436780641747
5815,1.115106107981885,9.816726545875351,10.583196974345885,1.6625224748223226
5816,1.1178207347154212,45.16323490120764,11.797567642505543,2.194220283507773
5817,1.1171075076640338,61.747165489106344,11.657512889681291,7.118500416961723
5818,1.1146147461931604,11.848850031427734,11.78208781708849,1.403186521194147
5819,1.1183605398444945,48.10857858365306,11.916962095777404,2.0040757976219967
5820,1.1188247603025236,45.2324739909362,12.135098886374468,2.5609733539986936
5821,1.1191209316741502,46.326869548024,11.644133138886314,1.6547359919584268
5822,1.1218572312498547,14.888525210962614,11.94148921127933,1.9881986182142413
5823,1.1212999601628815,10.793748850271031,12.359183500438915,1.8193345446957025
5824,1.1153560080732856,65.4435867887159,11.972242695716224,6.318138958075484
5825,1.1174614287035214,50.85071488267643,12.628532541007107,2.4731844474164966
5826,1.1178904879587437,11.268494972625517,12.505700357744805,1.4266416474692203
5827,1.1226527141339218,11.71391731334821,12.156473023622477,1.5158216091711327
5828,1.1168789567510655,11.239493784706653,11.98887581550149,1.561695517729186
5829,1.1177553317110092,53.35402066912475,11.595243872305096,3.6182219221687126
5830,1.1224244993141792,17.6879922059097,12.212807780447585,1.2973990208378872
5833,1.1133716863027086,54.94039628308568,11.285247517080487,4.856045407608654
5834,1.1174960605853776,12.13198679799534,11.758979968442098,1.884987169795499
5835,1.1119241335223256,58.322988808244986,11.746439516524632,5.334793559264674
5836,1.1074377905418928,13.154023343357554,12.915803217978684,1.672986849826921
5837,1.112453082622311,53.880354817213295,11.577355502155655,3.3392660866872337
5838,1.1187762651554747,8.084175826439258,10.92803328510217,2.0485475077282667
5839,1.1142534590271849,53.373214241693624,12.01005515137177,3.3192337541687347
5840,1.1179673830581576,6.227060197107031,11.990104278191836,2.105830305251107
5841,1.118827011536553,15.544051545771493,12.306901959470677,2.0121227697630473
5842,1.1204947239780854,42.09269233705522,11.442687081670865,1.7476030315237534
5843,1.1190014845822278,11.867111465355439,11.737017844627973,1.7786589603719238
5844,1.12136817815633,7.200615575311283,11.847585792400867,1.8233509776127184
5845,1.1140269504044071,62.60491906394409,11.679968967112266,6.4545121551004705
5846,1.117585202656164,10.882092364082201,12.180384671836453,2.0715948270622633
5847,1.121059690670613,41.823853145605,10.678338597160888,2.0008598828153175
5848,1.118450911375427,20.104437726404456,12.019683972476335,2.382451898168835
5849,1.1171461577444946,45.61280580686576,12.105693062871197,2.0650771889861734
5850,1.1193943791609762,61.060544613353805,11.963138808632547,4.436769431868024
5851,1.1150834556443205,44.30087133298821,12.19267843987773,2.2403334099406496
5852,1.1229286448409157,10.88674952454524,11.318512249897074,2.098604996555043
5853,1.1160226014652412,53.285403167251914,12.740028011146348,2.2399047089095556
5854,1.1127838974576525,33.55264020396438,12.875719649874291,1.9325781357211564
5855,1.1180503543055131,13.876313203126003,12.141278853049153,1.501185289191728
5856,1.1147499451952014,20.80007848727423,11.725592589123616,1.6458637884818228
5857,1.1162115831835269,16.70391211129635,11.736651830596676,1.5118569145675074
5858,1.109612205889473,9.997676514727601,13.096503325106182,1.6813722746815996
5859,1.1092252836307823,12.552369446201507,12.485649751187555,1.525253368229208
5860,1.1162530789743919,17.896872517572106,10.457111987431201,1.2365676650624948
5861,1.1233991379498658,18.36879596392801,12.342480693514617,1.7542851457973525
5903,1.1178381915356697,7.568936009421508,12.073134842801172,1.5861541911506718
5904,1.1025988056052072,56.21902994825929,12.182185320478615,4.889599340477848
5905,1.1044105683411019,9.252896006132108,11.534679707746442,1.2870277566691934
5906,1.10742022943103,8.9066354883671,11.673624517600503,1.3577869220501106
5907,1.1057998955249113,20.62258313052724,11.640494376925577,1.4931524594479244
5908,1.1105358746472218,38.97203442210234,11.80559557748159,1.665206496371174
5909,1.1091207951905129,14.573662092555226,12.536395308336902,1.4027685176552251
5910,1.1083812504933974,42.022052791473676,12.132658512589451,1.4434956211922345
5911,1.1093412090585868,11.389248376885634,12.363632221429468,1.8925621569409867
5912,1.1119873673513219,34.35848542887283,11.58374819501839,1.0327536848543852
5913,1.1132856466472103,8.729604374028119,12.165648119277844,1.770318462963016
5914,1.1145000530490927,43.47274525258603,11.885516311235701,1.4361098712397578
5915,1.1153342080074777,8.711926012758461,10.814041988384137,1.786396586024681
5916,1.1173850284032603,44.54603889711735,11.75726285369242,2.178836045713769
5917,1.1161008394912348,61.4231565862839,11.897185119486052,5.457043644625579
5918,1.1172933775226663,10.71546941387921,11.348251708709347,1.3316811004515177
5919,1.1163495144443396,47.83837696129336,11.663920103422596,2.1550414274244543
5920,1.1177865291848228,44.828630848842565,12.134113744996615,2.133866824757045
5921,1.1195111363563426,45.41161085281041,11.257138061717175,2.0129768213343233
5922,1.1213901382779203,14.227154304650336,11.68022033520772,1.611388215887962
5923,1.1198809815696809,10.389205593929754,11.962274780672574,1.8615420225589117
5924,1.1147223084991895,64.96921858011085,11.610833287499878,7.613620403576682
5925,1.1171871407787008,50.357196018549615,12.185041562005946,2.020597638828863
5926,1.1198284913033592,10.770578226109983,12.140194571194202,1.243082135116509
5927,1.1214981482529691,11.305009070641638,11.613237562057545,1.9722000974269123
5928,1.1192976276789612,10.567683689441983,11.46827506424254,1.8931713825360632
5929,1.1164976347114064,52.87916869663848,11.564943623636596,3.9401730799869314
5930,1.1201839403162956,17.25914027054104,12.174829452780738,1.359416379864752
5933,1.1146349938159115,54.03352185832732,11.267261057393501,5.604440410530087
5934,1.1162755221078406,11.858376860560616,11.445199188681002,1.6665628726469979
5935,1.1121772776506678,57.663146697708356,11.577802513927832,3.9198549444313824
5936,1.1082258061342691,12.294923027854708,13.130191449177882,1.4548167642411376
5937,1.1118368982621245,53.42385925913857,11.68427889018736,3.8033402759431123
5938,1.119005672623923,7.772851943176075,11.18565879805355,1.598847540935766
5939,1.1155618003179923,52.88053390414686,11.9634616200005,2.874695916480447
5940,1.1198497189208818,5.869064610572027,11.826636693731256,2.1291397159523013
5941,1.1187512547000038,15.219689267885718,11.88539149550089,1.896154196032513
5942,1.1178815297493465,41.63873749403405,11.241538252731175,1.8252543160354702
5943,1.1181913780033748,11.593738570349247,11.446903370370713,2.0526448847872856
5944,1.1204326623014076,6.9267316337915625,11.672430042701182,1.7824728220093549
5945,1.1127245111272202,62.279228401836335,11.49384355431293,5.717790505787038
5946,1.1174240702403362,9.972262673576095,11.959779532235448,1.9491011850007265
5947,1.1183550892035814,41.48537417631632,10.75108731182906,1.9335247309557122
5948,1.1185589250269405,18.976883231223457,11.640778842416033,1.5719559205395288
5949,1.1158003883881296,44.963387800903625,11.967938323169102,1.307337941070591
5950,1.117309535448968,60.07732246214089,12.33033617550843,4.306006151035468
5951,1.1174393647503573,43.019548187602844,12.180099328261912,1.378979918430692
5952,1.1207006216865163,10.008461370725342,11.21509460840866,1.7492735951257177
5953,1.1150700418702282,52.88182992916241,12.472377634058619,2.4447080517236564
5954,1.110821266058779,33.326797724468044,12.422889012673794,1.686250697164041
5955,1.116775136429986,13.06781823360677,11.274312114181525,1.7185951288060761
5956,1.1144976220136227,19.889731106789043,11.215339956280303,1.6607322874985355
5957,1.1132831788945363,15.885363276535081,11.521200674438111,2.065563996772936
5958,1.1077728112168592,8.85964997167772,12.810396787138561,1.5478510245873676
5959,1.1101055159640703,11.468568649884268,12.633672500370507,1.542903901878121
5960,1.12787025020023,17.297429056156986,10.86232629651266,1.6495238395426706
6004,1.1196953544156056,55.84621829205667,11.66094755202991,3.9394948845594677
6005,1.1147582358100208,9.87051520255214,11.146329354558112,1.499116700334973
6006,1.114319541050568,9.452721829613335,11.425682157190924,1.2860143216184303
6007,1.1165576846893235,21.026175302677622,11.55886016004124,1.645484968508511
6008,1.1193386885688112,39.84149256948365,11.78626731246636,2.485610961583556
6009,1.1184071529831279,15.34735723910425,12.414470379335478,1.7131645754546725
6010,1.1208539825279238,42.333351435051846,12.23522839270742,1.6506174195220946
6011,1.122188474742169,11.878170754096212,11.990616692558032,1.4151165367579739
6012,1.1250344926001146,34.32747021791534,11.489337609954433,1.4402567531848038
6013,1.1249035048901592,9.470331284897238,11.837466656122121,1.677255199895965
6014,1.1255527475184117,44.25767254215645,11.975992618661559,1.5539863089140777
6015,1.128044528513952,9.532522528677521,10.512234922537749,2.9239722223900353
6016,1.127957951472034,45.20149699717233,11.412690135954895,2.284912980137504
6017,1.1262870163760825,61.90817761400917,11.830558448937,5.834952329200054
6018,1.1291226021276144,11.760205256272863,11.054500685329003,2.205799876225496
6019,1.1314848196162406,47.83000707105485,11.65595156939086,2.7445476638689685
6020,1.1288895639119223,45.524958573078536,11.629215221897367,2.412140873759781
6021,1.1300116114796441,46.26972070345568,11.222487009683586,2.506277995049469
6022,1.134071753583235,15.253149187709576,11.616009297312912,1.7354534869400364
6023,1.1299203085144536,11.342664924100754,11.869391765779417,2.298254864965902
6024,1.126426527036587,65.03447247942428,11.227035918655726,7.725321446129353
6025,1.1277260733273073,50.499902895677884,11.866244661042211,3.106557180016973
6026,1.1329150580264329,11.67514411344555,11.452306029064669,1.4810060293609146
6027,1.1324558246038985,12.017128719615261,11.625566335715336,1.3477860522900054
6028,1.1303462829834725,11.299263206136201,11.225247862089102,1.7287303906306524
6029,1.1287622574809095,53.02188109470632,11.090474078965743,5.105719901998185
6030,1.1321258636235754,17.900037100261155,12.110173936566037,1.5355358839580378
6033,1.1272875715512198,54.60881160546066,10.832908791940381,4.160228776280538
6034,1.1298559809762199,12.304971672882255,10.931127023880462,2.703644053686583
6035,1.1221411957987162,58.17424489358697,11.323659990880401,4.928795709912992
6036,1.1202930535198745,13.063838092848371,12.276821380514086,1.7028744403706668
6037,1.1234849767331467,54.031176828189686,11.17271338212499,4.965596163940014
6038,1.1314288626738178,8.499865220155018,10.573015544679862,2.0987889384238545
6039,1.1272827333404258,52.927337628087706,11.155591033524402,4.510836473371675
6040,1.131438091268892,6.536028507030429,11.33347883808759,2.115287822710886
6041,1.1274008042028278,16.212971340928522,11.593559794346822,1.5779913307327929
6042,1.1301565439435863,42.03405768360587,10.882751989391625,2.2347356881166394
6043,1.130747343382575,11.959464383358151,11.163423774589994,1.7848797634321387
6044,1.131801149878703,7.5447023690206105,11.289580552338585,1.6168525501611393
6045,1.1246060013340127,62.052808315234564,11.297931473340059,6.545646872366227
6046,1.1290024944164974,10.43492542096228,11.456415192396474,2.4327807442683294
6047,1.1331898355669001,41.50775934766744,10.178137483576883,2.1480369854442602
6048,1.1285933900805294,20.090023894143222,11.36761461352276,1.9418424277921247
6049,1.1250642423980202,45.74161055130786,11.546488837189345,1.8074336786702292
6050,1.1270698383916613,60.69336474563742,11.492234678254436,6.85305718458825
6051,1.125867150891055,43.75476492154008,11.93410996405405,1.731565365339355
6052,1.12973999221859,10.801106840101133,11.183289256358774,2.117272673299953
6053,1.1224405428525845,53.64214039998521,12.158360343957863,3.228986899947888
6054,1.119189080909788,33.95748720832726,11.925807047999504,1.5247770602881237
6055,1.123674520893892,13.549564090914188,11.334053650526075,2.146999857117615
6056,1.1212938991043189,20.48301631673477,11.088286012418301,1.6756868290237648
6057,1.1209963269263798,16.461152990415204,10.872829515879321,1.594889139135552
6058,1.1189997297881207,8.73401691784577,12.33711356828512,1.6002754056924215
6059,1.1313865627854358,11.192910076508804,12.35330630229415,1.5368985064904783
6105,1.1286059423694599,6.11753392873919,11.240240483565563,2.190228651472374
6106,1.1215334772339949,6.506785596021333,11.417215992298459,1.5799737155783007
6107,1.1181440437337278,18.33530071675588,11.241839870345736,1.6144721548910836
6108,1.121849060920246,37.07325607671806,11.991729442568086,2.9224531821271604
6109,1.1224376627449237,13.047109760857182,12.221930779725206,1.763397552732514
6110,1.1212434326664555,40.04106920061414,11.99696326089553,2.4017566091757807
6111,1.1271020630854531,9.928786965364964,11.964977058624676,1.349555891823665
6112,1.1281821932718852,32.00114334809919,11.439797540121441,1.8898070275768517
6113,1.1309977275287395,7.193043808665535,12.018629040868644,2.2171354215572654
6114,1.1316394715944287,41.65480954691613,11.758121848926866,2.0106775667473875
6115,1.1340935393288507,7.402723542033456,10.343998521209041,2.995436211058296
6116,1.134970597166575,42.596669478957615,11.351742732055264,3.684356729855394
6117,1.133512428646923,59.248993918360256,11.67268151698409,7.83634513678878
6118,1.1346797265396216,9.448534702269228,11.39559010341417,2.4915166672674567
6119,1.1366569331745207,45.51625695523912,11.709215466379002,2.914011625825855
6120,1.1360008222005264,42.968970110904586,11.852097561000557,3.0839063252575185
6121,1.1386306184615655,43.4854146198037,11.074059503007994,2.9639356744662764
6122,1.1405611066925376,12.207265861968482,11.831181762480055,2.2034591463672566
6123,1.1363898761833826,8.819022202725588,12.159446943747625,1.701862697405648
6124,1.134024326421357,62.140007632573315,11.465767404306664,9.31614905885304
6125,1.133934760318183,48.54509188444756,12.082716216739685,3.7511966810463613
6126,1.1386911442333787,8.996612960231966,11.823542703976559,2.4500526372605096
6127,1.141065344606958,9.803782573377369,11.343373499129509,1.3897821101915655
6128,1.134929807501028,9.228971556245861,11.556602492306789,2.4006529625289605
6129,1.132805103638143,51.261756267973794,11.292415324088273,3.9753319729405527
6130,1.1376425281525475,15.249442650154181,12.085162109819189,1.744054451738838
6133,1.1313797336652116,52.211027006448795,11.02554651350687,4.8641416286771575
6134,1.1352639618507427,10.043249585394644,11.124264807886389,2.644682330167824
6135,1.129699780217701,55.67427769055888,11.431762781802025,6.180854364542309
6136,1.1252535316576437,10.556705573636846,12.223533691627866,1.6810439518009752
6137,1.1283435737539504,51.57804617695658,11.33719274162333,5.242905846555536
6138,1.1386870437064747,6.222416865947368,10.538295784911549,2.403990694732216
6139,1.1336896366564686,50.55582377829995,11.417203150451883,4.170949341233036
6140,1.1365529590004433,4.431302550384742,11.161947379396839,2.4475202977371286
6141,1.133790143269707,13.875074548478421,11.62504951071545,3.0037596529646575
6142,1.137780289260356,39.50662730793835,10.868479617975767,2.711592351377649
6143,1.136674550852376,9.854559905399467,11.178631975003618,2.972391681236255
6144,1.137039404006923,4.950969950619221,11.532628871191461,2.2487680093146802
6145,1.1284855322682716,60.18200326507051,11.425875995385416,6.632641054523418
6146,1.1340837616884536,8.279876295719871,11.556875319919008,2.6155793044252316
6147,1.1367733836592455,39.17979801223903,10.429064832709072,2.956086277344976
6148,1.13400465876958,17.53389426999539,11.31825471277405,2.643116821832126
6149,1.1298586027281825,43.142066686033985,11.626647498315418,2.398675669937979
6150,1.1338408110930533,58.00396317816964,11.261798927488156,6.117078814808291
6151,1.130349610448361,41.31517173960445,12.134162082242215,2.410835794359304
6152,1.1359055110666092,8.42753237390527,11.025399739997116,2.135469292106646
6153,1.1275827515233368,50.6549079428073,11.754093837249378,3.1400863388152893
6154,1.1215028666479339,31.28479164739739,12.069690196530326,1.5723885350529299
6155,1.1293283564752143,11.01795151109875,10.612425486353064,1.7180260783154884
6156,1.1222353735651065,17.8062928257858,10.553445854682039,2.704972395249128
6157,1.1253436391386205,13.458116365197789,11.127814825382249,1.9946717734341808
6158,1.1309979557701408,6.146356353445152,12.682144871876096,1.4330375400713151
6206,1.1313828009107982,7.301172716356075,11.71402323566383,1.5605608863519052
6207,1.1204488932831194,20.460020926640315,11.09126365160964,1.2552309397325507
6208,1.1228469973007875,38.943181942702864,11.916519747787532,3.3005769584457916
6209,1.1248348180176506,14.704118366331985,12.119352029803089,1.4129032439779352
6210,1.1278238652089094,41.546876872349436,11.974649668226926,2.0495642440971658
6211,1.1299063423382694,11.425551727620585,11.83328676888618,2.24413882745652
6212,1.1344253742752033,33.8626775149035,11.320119348753277,1.685413408154882
6213,1.136759780022774,9.014470211686621,11.612199628295274,2.84537779365185
6214,1.1396195466070025,42.83267796299965,11.9803710795051,2.230920714853385
6215,1.140601818742418,8.855012596618955,10.493646972185193,2.059858762649194
6216,1.1393432714248861,44.328078952550996,11.415193685067889,3.528621425861384
6217,1.1406613701698276,60.58899920608857,11.584603296960683,7.703121012306048
6218,1.142807535780091,11.259615806798365,10.944726721317586,2.1818639809615927
6219,1.1439297506592814,46.39744173577405,11.463061648810273,3.101293365004718
6220,1.1441346733211797,44.09535328117296,11.734124755377788,2.734735021765061
6221,1.1448315358534478,45.19521271846798,10.983985386544987,3.163268954347217
6222,1.1457900683710638,14.304662426568921,11.480857772058185,2.8597828296735703
6223,1.1422494258411025,10.398074914806898,12.232343488529084,2.1919234900128695
6224,1.1409391686331642,63.41128688699952,11.809383076610338,6.814460302985406
6225,1.139357414849823,49.76957069592832,12.0675715587352,3.5057682955688545
6226,1.1435817784692166,10.681173843533239,11.564619181562893,1.946959660702337
6227,1.1459218500639923,11.17350749302311,11.62836771741184,1.8863455931014028
6228,1.139053630683002,11.012715272485973,11.219636743737919,2.8618975931850104
6229,1.139417581706755,52.591721298363865,11.777122395231814,3.8343963123956937
6230,1.1448101338752346,16.84119631558549,11.696410376170869,1.9313440088530287
6233,1.1382730608919591,53.492491897037574,11.256795194264008,5.7016733559491195
6234,1.1413122794586712,12.071365199695858,11.021587882421262,3.1792728093098774
6235,1.1359236592797377,56.83575399894373,11.311834533395867,5.284957347716324
6236,1.1327420923246545,12.400574519140834,12.190095414304317,2.5359721615289152
6237,1.134919743951926,52.90425454378335,11.120708820148701,4.063995356796058
6238,1.1418801839283057,8.187743039426556,10.504406779511893,2.14167042827662
6239,1.1396989036861251,51.68478495674426,10.98392535436858,2.86820785724693
6240,1.1437002831643113,5.910327214741876,10.855933948675728,2.734685135396683
6241,1.143866012302192,15.043688050393063,11.370908610209883,2.0204086287031715
6242,1.1447424622844513,41.03046598862554,10.688517046652667,2.5183105485447532
6243,1.1420251308773468,11.334810498171723,11.005227312045529,2.3937660540713477
6244,1.1426459021377056,6.9524970340287116,11.142322600945532,2.5159475317177074
6245,1.1355004288958297,61.19649552718667,11.195064853619096,7.23418337890627
6246,1.1402480634695993,10.269433942617672,11.719084423678021,2.7266063154662445
6247,1.1407123592020825,41.13848897876041,10.480372666380545,2.404113668759491
6248,1.1388803304975188,19.320357640198065,11.188135056389594,2.5455026451126592
6249,1.1362961543264964,44.48204638522096,11.507517758980681,2.996882332206197
6250,1.1374702359566786,59.82500705932128,11.086511761635503,4.863144739400245
6251,1.1328002726211965,43.25705832876986,11.839037176095012,2.5330653566821506
6252,1.1398911783502474,10.055782149765875,11.03832344671751,1.8497590033724494
6253,1.1305376746689106,52.16992690272074,11.892002748135729,3.108771327687946
6254,1.124613684468986,32.78365397189268,12.107849880528752,1.5154864666562664
6255,1.129552992347098,12.413444978130576,10.997376995148885,1.449642207169789
6256,1.1269979988130558,19.596439919825052,10.938592522242626,2.3217666637303425
6257,1.1366291301670495,15.574118043768685,10.704012365126522,1.8623537881780674
6307,1.1364953167196896,18.782046888509704,11.945112087931324,1.7852782291930818
6308,1.1365004469135553,36.32820911825201,12.518948791238214,2.3273265121497126
6309,1.1368891620245858,13.12771258175935,12.272199259076316,2.378095263274257
6310,1.139212340979489,39.41235773236538,12.581553031672827,2.2200765301165264
6311,1.1432535465470046,9.734903760427429,12.056403602935958,2.30306412764695
6312,1.1480547436691697,32.6196810982279,11.218539881973117,2.3034479327796764
6313,1.150851710216414,7.839373943609162,12.115958989223005,2.738549044116346
6314,1.1552826450240903,41.108670002326356,11.97087961470249,2.5006871889150624
6315,1.1580184001818905,7.910689793272291,11.080149179812233,3.7729054588764934
6316,1.155903187699368,42.713236898754374,11.790841768625773,4.21726489256053
6317,1.1553020792746893,58.74891599038057,12.059608664945648,4.696639167226885
6318,1.1582783032367454,9.993529041590847,11.486732877565373,3.03153252391086
6319,1.1607588439930074,44.95969175557683,12.3816062671047,3.3471035713163104
6320,1.160265921233544,43.11582207134478,12.56981246887715,4.345480796884834
6321,1.1614442042328585,44.04091560863663,11.806815679164275,3.167849686959661
6322,1.1640092184074664,12.951562730763008,12.46611652535855,3.0873101842436115
6323,1.162439562406701,9.216264755752544,12.451808638744136,3.127131956199563
6324,1.1548988975442465,62.53583696881799,12.162741474622099,5.871430098504653
6325,1.1549648093826916,48.213189058561525,12.423484294463618,2.9099505539076307
6326,1.1599599292425649,9.490134749545899,12.391266631821503,3.3408753184289037
6327,1.1647968873852543,10.009906860704906,12.279994650489396,2.4763987942866343
6328,1.156467003398937,9.809456247950568,12.393624420768775,2.8983850368797577
6329,1.1560197793835958,50.73629675440573,12.17120715699998,4.697996299352657
6330,1.1650807254414999,15.3128102428954,12.172060340917847,2.174558658808344
6333,1.1537982460975058,52.13150987323282,11.89232699121746,6.296664099581644
6334,1.1573317418374511,10.82631472168507,12.069782974016954,3.2550860925843668
6335,1.1495922936095422,55.58463164416976,11.487126184113599,4.881394802102336
6336,1.147953625172549,11.030067905387934,12.807432769985304,2.9771200937184776
6337,1.1519261868736346,51.44102554971808,11.577129635284892,4.63557398392956
6338,1.1604377346594468,6.586412893728387,11.110877520180658,2.830348822494323
6339,1.1544439238687663,50.597074631984306,11.976929183587313,4.62630866542636
6340,1.157683728610939,5.214510579363573,11.059760531165187,3.591927931991343
6341,1.157717606189177,13.830655627241951,12.418261829444221,3.1650635485419176
6342,1.1584787580805862,39.54004124162225,11.010931429628641,3.1764262594994763
6343,1.1577136524904696,10.341939959474665,11.366264776372054,3.21833150063283
6344,1.157482480711892,5.736109113440412,11.966545213244391,2.9763835873444062
6345,1.1484711897212612,60.11152888943834,11.554629476657382,5.210323618187455
6346,1.1535649365099137,9.333231279563236,11.908628717046465,2.799142599826843
6347,1.1560700327212357,39.689525364260504,11.161929247062233,3.660189282463074
6348,1.1518157053591709,18.14452937876969,12.224142365202901,2.991604624784652
6349,1.1506566086884613,43.50385537780228,11.612592522665347,2.57339226837661
6350,1.1513939010134562,58.383293146840856,11.710934383978934,4.841698270257069
6351,1.1462424331494827,41.21101151130638,12.520298547993283,2.227110892403974
6352,1.1499468881765897,9.020962275888106,11.51494247323521,1.9607489382296166
6353,1.1394347674489924,50.836704734113574,12.28321380532671,2.3924769657108738
6354,1.1313389922042063,32.390599071914885,12.36310121393774,2.078777839439534
6355,1.1383603839595096,11.974520171487212,11.278745810991234,1.704837289915832
6356,1.140043214458183,19.60139545452605,11.316975652276632,2.0584207158341967
