7,1.1525405684814412,23.351146007220247,11.308731864998029,1.6697337748371495
8,1.1440268413609227,20.9268627379013,10.828808477850643,1.832963136858281
9,1.1348885730062344,22.021903880219153,11.52614783676648,1.648984172990269
10,1.14029387116719,22.593183814484156,11.443653563011303,2.253480696320305
11,1.1360437944686588,19.374615440376033,11.801485100574702,1.4580883881034528
12,1.1387386216898958,22.35735188644316,11.21540541459313,1.317512620916375
13,1.1401346089299613,18.346904021101146,11.520792529868668,1.787525941908122
14,1.143133187509484,21.375225045014034,11.445277252576991,2.015847458465299
15,1.1408324647507038,25.360704236563297,10.607158349945758,1.4227824679948642
16,1.139474209477088,18.578747709930223,10.909667760577257,2.149032789457231
17,1.1416237287635864,20.779903444828058,11.027334629213986,9.184031485894533
18,1.1407867173473147,17.761731646700664,10.909457374765,1.3531590686919504
19,1.1422617677704978,21.714833282808428,11.291771256861615,1.4206951429154644
20,1.1416068583007188,19.112701068532083,11.297474447517867,2.8524835047051056
21,1.1458174981981142,20.020170665162333,10.528511402029467,2.611066414410636
22,1.1448354193071673,19.026895239927864,11.273243693715282,1.2593353568332357
23,1.143611988409007,18.487711004485913,11.357933854585863,0.9920342254083371
24,1.1400771844027877,21.559440190388287,10.830101554821578,12.184696588414774
25,1.1395204397229302,21.534938406832783,11.848196929866743,3.0062319275330136
26,1.1422699035834778,19.728297020412086,11.302690557141462,1.3276957447090791
27,1.1405602961510284,20.88200110462632,11.196579943331056,1.1850038583376867
28,1.1414628739462234,18.8689549726516,11.075532639405692,1.6274369550975776
29,1.1378661539006176,22.484553911390982,11.069740203383075,4.975346114898961
30,1.137259918689908,21.270575606448897,11.584305851838687,0.9187838118442379
33,1.1376890493645844,18.47993545479187,10.43992494095267,7.842837753221268
34,1.1345366733576245,17.249544060750807,10.181425441257522,1.8135255199897844
35,1.13409403229914,19.763720698138414,10.425244996050738,6.828630999971453
36,1.1342005526551104,16.09913755429951,11.221706321277486,2.1861369148398504
37,1.135626161849779,20.34350608332382,11.024041859791021,5.072104695704564
38,1.137722217502702,17.129001719949468,9.937240073846313,2.1166323405351934
39,1.139077187227448,19.00837107624731,10.816698159841662,3.8617231690674907
40,1.140244141509546,16.043626269978002,10.486185112891665,2.038192667971312
41,1.1397324841424414,18.82722589801409,10.995788339107353,1.9494250378392206
42,1.1411047012194586,20.37817310436272,9.729977503042226,2.5560760781367247
43,1.1412344522247841,19.28873634204049,10.470501261949073,2.0026041383691786
44,1.1399551272233244,15.989044634032794,10.992236732885322,1.2819095933031126
45,1.1365874718761277,21.226078557134407,10.625615508489192,8.346376921258289
46,1.1396253627497364,17.565151094518697,10.54383454669911,2.4318025919892188
47,1.1399154366137831,26.58220531771989,10.134329905653903,2.5068270190966184
48,1.139691156793416,19.921722082580548,10.404131259207642,2.00336212281563
49,1.1419597496922294,19.52017980757412,11.026096780025014,2.068461804533117
50,1.1369438763124342,20.221825111474224,11.170310445058258,5.869912171481439
51,1.135233004550527,18.913977258080127,11.574088822250875,1.9817276279787006
52,1.1398802814554865,17.590572703637328,10.225473367417193,2.2519691357796634
53,1.1366489220445033,19.914225225370135,11.265445796271072,3.184010505055144
54,1.1383149617142463,20.945846746962175,11.477098405494171,1.8993898883849554
55,1.1423447857617732,19.975966989211887,10.833514372743803,1.834465286380267
56,1.1537369923210028,21.7725732831354,10.357480153351664,2.708845831432412
106,1.1502281994368773,18.30221652851819,10.643351156857124,1.7953986395123591
107,1.1377386572632373,22.46440125004786,10.644290870856793,1.2526112743503144
108,1.139309488226204,20.65586988999199,10.482481430289273,2.0782454826075947
109,1.1322025856945992,21.98891248751628,11.676405281151286,1.1570134543186497
110,1.135917445204418,22.795302590724468,11.13806958597012,1.726224015688933
111,1.1339523591381024,20.258035396376798,11.418144450006082,1.008791744884721
112,1.1362296398041405,22.984501469957397,10.512524110267211,1.1900747521424264
113,1.1348042117429322,18.80553462239331,10.860904218797046,1.3566966701170178
114,1.138696637197399,22.430653215476646,10.96692006510413,1.5397363268203426
115,1.137578533046212,26.14474044755553,10.321672236123064,1.503681565344011
116,1.1350501629372196,19.52105074703465,10.973716412367565,3.639103043807111
117,1.1363889032415155,21.92255310239805,10.972463178854603,10.200547305995652
118,1.1349031986471603,18.438033860067645,10.416945352551686,1.2076369104110543
119,1.137852469513561,22.706901406758924,10.75701267791415,2.212498200474548
120,1.1368084283249986,19.78910195182917,10.724088182268487,2.8689302014794817
121,1.1390800333260052,21.001021692946136,10.227806374730415,2.381357654449893
122,1.1383610995336835,19.90189101741108,10.90570199413797,0.9049574796801222
123,1.136285123148965,19.537161070661988,11.634405319046662,0.9275381964204555
124,1.135329819396738,22.05951058811199,11.10040839030041,13.079638027320327
125,1.1333738186871165,22.378768643261328,11.48977295492037,4.092481359002889
126,1.1365097300758897,21.128968428538748,11.270750955092959,1.0599218189660191
127,1.1374102230475513,22.048716362347236,10.519408172207438,0.8059086235849933
128,1.1354946767948093,19.52959516806861,10.674114016445323,1.6395178111187605
129,1.1330675777585173,23.270489099636947,10.726747861915184,4.1707388678943005
130,1.1324973484246694,22.020025009885316,11.408701809195472,1.1435736308683253
133,1.134630681077865,19.303564424735846,9.743147493310238,7.594875425380074
134,1.1318657343533554,17.955634024430704,10.272024818895707,1.6384287682722671
135,1.1324711434339163,20.351534090609164,10.144191371198897,8.500959334795585
136,1.1307649904828114,16.561765439164212,11.377381170116259,2.0536311357197965
137,1.1340255014289216,20.39956304369378,10.069939251685174,4.70371730185227
138,1.1347632505195917,17.372966546800246,9.641020958537732,1.6475164410948924
139,1.1324532828136016,19.92961737026865,10.473811652874833,5.940151730729984
140,1.1352691545015656,16.283773474066624,10.529067715036733,1.7562879584807902
141,1.1331424977817648,19.919715709614728,10.574103950460504,1.9351833649421357
142,1.1363101977448158,20.693202444271055,9.773217853345326,2.4071238766383205
143,1.1364219193943166,19.41752946989442,10.359557886546943,1.9584699485046584
144,1.1355702140507753,16.58828829993439,11.026618790941065,1.2135829285464164
145,1.1330812836439377,21.587838720821424,10.634976473362379,9.659400316341879
146,1.135661727896195,18.074871709556124,10.56937360302019,3.564519373131745
147,1.1350769247407064,27.234703791335686,10.068688034691922,1.4516342944386473
148,1.1335397473977813,20.421700673679474,10.53827705863557,2.5609526000391187
149,1.1358547324539534,20.2715574346064,10.540080901675791,1.8762013681867715
150,1.135549648518297,20.735561707412923,10.51682017329746,8.30887061305981
151,1.1301047916434548,19.667063888239582,10.9820645044409,2.6236573359293107
152,1.134417608081552,17.937908291891954,10.008442878472133,1.3992257004040183
153,1.1314435277566972,19.933613880951015,11.044461127978854,4.655364507996858
154,1.134182294478139,21.592666222720243,11.124071103401196,1.9420110850323087
155,1.136816573105912,19.954312693425823,10.357517396793723,2.1793870595543456
156,1.1384669612373557,21.339595067780856,10.017773652226658,2.5300099539476375
157,1.1475423306308346,20.792617576198865,10.434764989042867,2.6486384775420633
158,1.1741153089837277,19.62291552288518,11.338167909024063,1.1048687455866852
205,1.1477428559729743,15.4410770180774,9.989118490700914,1.3232439997161258
206,1.1285590722651457,14.986270353711856,10.635084015474781,1.3466505737838852
207,1.1204851180991167,19.949341772050545,10.997552285909068,1.250723062670591
208,1.127189742408379,18.170835731560356,10.422385991829874,2.0771225518198038
209,1.1197284809433694,19.91818446933482,11.66078877355698,1.1392666145240338
210,1.1239335418827465,20.807486303425822,11.287257050202593,1.7055158492662446
211,1.1205906710087994,17.724192027761074,11.224329781561671,1.3317902758951323
212,1.1213248809084915,20.831101089707253,10.487286104857812,1.3626198716034708
213,1.120246527991,16.798005350090026,11.351625900220958,1.501878410308168
214,1.1212506268837188,19.836166872919943,11.24594308818769,1.7062299274103991
215,1.1187824417663654,23.558426666516326,11.176920121804567,1.009973358568718
216,1.1178300326639363,16.98462478881495,11.579345472565212,2.28700227638088
217,1.1208357605986743,19.293144441145845,10.787407121938687,9.933148434651338
218,1.1197178925146771,16.328508046716966,10.68380966178924,1.1879673803074395
219,1.1213672432876758,20.349265832422386,11.512534902793483,2.760611747244123
220,1.1213613383179406,17.392823936421024,10.890952532109665,3.092980917602268
221,1.1231756856706427,18.273251971559613,10.812820058346322,2.6270645229714686
222,1.122832665389849,17.823058061205007,11.230693937846725,1.1606368896127344
223,1.1206462287335932,17.348031118600485,11.571367329806213,1.1259504436117107
224,1.1192872195765542,19.774662823357623,10.82773899267874,10.403676841892866
225,1.1196136686815616,20.24711717990732,11.263526976309095,5.2490254059939465
226,1.1206366567848929,18.58523104080099,11.649663260830511,1.3280303399886069
227,1.1214497997808945,19.673153782290502,11.010687848859678,1.068772978474666
228,1.1207837333952455,17.46875162902935,10.8684732206643,1.2256385357791342
229,1.11813926648173,20.77092930269036,10.884192379918755,4.579194074898667
230,1.1169283563477885,19.81705981446916,11.416591559999995,1.1011403552190442
233,1.1191995694025239,16.725017492147664,10.575539768334115,7.374968541208133
234,1.118040957434544,15.750078544409407,10.330730996624157,1.3555359247582905
235,1.118447448340228,18.247010484246022,10.50314355392865,8.789099556626955
236,1.1175077348575693,14.149126397462963,11.753571415865387,2.1922930631585205
237,1.1191007560899957,17.819877849579797,10.282700658214678,4.748228332984857
238,1.1198604854727532,15.023147614215539,10.031484598188465,1.0609788149584052
239,1.1174532172836027,17.126775446056637,10.818549144664594,4.9093700724877225
240,1.1208034334039834,14.388002990551637,10.660029512608059,1.9635845847786613
241,1.117942561250961,17.1655954625276,10.890418339309493,1.4025417284903392
242,1.1201900172711945,18.319130605680296,9.979723465849986,1.5515407248890913
243,1.1216649740218425,16.819469786824087,10.337639967832416,1.5987691802133068
244,1.1198892707130752,13.819725555456547,11.055175420209952,1.5083090479929835
245,1.1183885598761523,19.231916074622724,10.63637611161326,8.25372563148466
246,1.1198933021983113,15.1397292591978,10.972230646885544,1.5989312113448968
247,1.1215857836895877,24.498806458152732,10.387702517814757,1.6934824157542723
248,1.1194501011106899,17.889575270393063,10.493993877273017,1.7379906390019282
249,1.1206197743172708,17.71172988413764,10.724444117937784,1.857182102040983
250,1.119572473861623,18.159908041866174,10.622133289145863,6.662845090996861
251,1.117622868250371,16.872978748980064,11.351316361525916,1.9371613102722434
252,1.1228365992422369,15.29375911714762,10.389891633956942,1.1269152844996393
253,1.1200318565953276,17.620122949654004,11.307376746455668,4.860198028278643
254,1.1218180732247862,19.181383226425446,11.175681464127395,1.3744330470767219
255,1.123555749751048,17.568375344912454,10.4680190653288,1.4479132844780662
256,1.1225769207049927,18.747084152544616,9.970665900459572,1.959006498916854
257,1.1257126363535737,17.560393161368367,10.100969372582423,1.7082913471162857
258,1.1345223260240438,15.011782439034377,11.777942367938083,2.143002069210474
259,1.1580833727929984,17.333823582230302,10.665010264824646,1.3571468199924954
304,1.1438551840255937,22.28993029604711,11.372166404568611,4.707792188486501
305,1.1365970179733014,17.48446936951459,9.831057485844568,1.1670256182723484
306,1.1314356266426184,17.452508193471417,10.760924464531591,1.253714428589495
307,1.1293325399581766,22.664360742954106,10.83022213633471,0.9262355879621161
308,1.1329701258776412,20.716136331771093,10.422746140846174,2.3461403507413485
309,1.124642913017992,22.388197713761517,11.88414070120748,0.9667317777419709
310,1.1286501155193371,23.086844689655003,11.632564704428189,1.6927736508515434
311,1.125468710004904,20.338528817044676,11.251597287179585,1.3186413716598426
312,1.1256949358179593,23.266499155526503,11.211524785049358,1.5393473741297066
313,1.1237368409803956,19.586100363869498,11.56674412616676,1.122434586866993
314,1.1265379802881976,22.765861617928692,11.173643586847078,2.165322573906461
315,1.1236993573331933,26.585450280073047,10.879141424025011,1.3215047857996163
316,1.1231712240149445,20.12912404352356,10.919380527601174,2.5791878055563977
317,1.123287101280051,22.026371635618695,11.119385378446655,12.107089124550985
318,1.1221056561082692,19.12337257902564,10.77085174035149,0.8755610112484524
319,1.124781659306409,23.479785565602718,11.014844447078861,3.091528104208041
320,1.1236740045738898,20.403125693513953,10.709738113847692,3.6327523531584314
321,1.1260985653973075,21.399148888973404,10.878209305477874,2.595786721436092
322,1.12616585460981,20.546556555575187,11.069023446195919,1.0790900099062342
323,1.1250588251211897,20.11192107269388,11.466256966868796,1.074962066276953
324,1.1199942446753814,22.327990614964758,11.452127617818295,12.422195552333632
325,1.121141552030663,22.548432614338264,11.65032280170211,2.6640342260603616
326,1.125796403644481,21.032896413518237,12.077112635777096,1.2125569321403638
327,1.12459066983995,22.510390001548313,10.91857907686165,1.063909636835344
328,1.1230399946250613,20.113038733273843,11.372677598987309,1.0182266756356977
329,1.121314336520407,23.812142098737745,11.244432128090908,6.889836049893952
330,1.1222381106817243,22.649841562620697,11.78868970517556,1.0891353699042492
333,1.1241675659486616,19.471061727932227,10.367975522814515,5.997417357158764
334,1.1220524456500407,18.166472012821767,10.46654529074649,1.7330712804245272
335,1.1224161537843278,20.530772213313945,10.513820335280117,8.118691165773702
336,1.123009459006443,16.55049368012723,12.41913862066999,1.7583899098376963
337,1.1245714514256404,20.437294571586417,10.498071295375413,6.525525109206572
338,1.1250326788722784,17.566356606268464,9.585388471771402,1.7863576653001716
339,1.1220712585619104,19.904173960847224,11.187719417693806,6.628099835577138
340,1.1228810624704453,16.812502325405468,10.76964628736656,2.1862927087773287
341,1.1231067465543727,19.774802725269353,11.303809614875302,2.3350064641741293
342,1.125606747476891,20.83861143100831,10.318705280589116,1.8923079132881735
343,1.1238228168886994,19.613996975197953,10.777545587055258,1.645011536911878
344,1.1250625122012154,16.302214309436895,11.126927395795667,1.1906254970899397
345,1.122233805682204,21.750686257945592,10.659002424925227,9.459578414440827
346,1.1251792551628272,17.94255871860828,11.012589091759928,1.6463009859228563
347,1.1262729493756216,27.17344280942833,10.430676196497895,1.6972819031851307
348,1.1235193115480415,20.691742621905494,10.834596339058589,2.496922130247087
349,1.125623490877188,20.37383790304855,11.078359033777854,2.3762928706316253
350,1.1254776976886662,20.881845361524263,10.625346766419431,7.540422019132589
351,1.1227863830137015,19.60270617778943,11.451629836507191,2.178691438786181
352,1.1291410818574565,18.13874602058996,10.240221303345225,1.527838921524586
353,1.1246778003306952,20.517206075156093,11.480920883368723,4.644604065840285
354,1.1287555220583645,21.509901634919775,11.587332603142508,1.6731314990517079
355,1.129809744104233,19.877456266839115,10.604754482283857,1.4614021882775972
356,1.1301283891359581,21.127185020764024,10.184387754402584,2.543228816627826
357,1.1299313105727349,20.28880256383395,10.056663440447553,2.3355211305217134
358,1.1257579465071614,17.161483721756365,12.02480410675462,1.9744845255564254
359,1.139281259974168,18.152927108774357,11.975048608894516,2.628659387382708
360,1.1643937245225051,20.465442648834408,9.612925429592837,1.4576687785982445
403,1.1468159411569432,17.609567390528948,10.288315894480263,1.7899261325827773
404,1.1283749411250183,20.757801473442694,11.014090279293153,6.79002046262198
405,1.1333023265345572,16.62329818784693,9.784983866747583,1.3211335059811422
406,1.1294574981937862,16.8726705038,10.623147262617895,1.0847620353477374
407,1.1286775810849063,21.84743077363459,10.768997345174187,1.2700561928430198
408,1.131274136556485,20.141535051442013,9.889731070736772,2.213269072336323
409,1.1227139912184685,21.51539802226269,11.891117100882543,1.2852216222411235
410,1.1267392849646702,22.45843343528307,11.272940405266933,1.8182939538745095
411,1.1226669968248764,19.75914049312252,11.44828806742396,1.214722287932993
412,1.1229202576764483,22.55201928977927,10.98550277541823,0.8223997987567001
413,1.1219648852407031,18.445718958847106,11.330543223611249,1.485210528880701
414,1.1232591113673613,21.95445597819956,11.442523594453302,2.2048500949457033
415,1.1200652987140955,25.38651847687058,10.832168319577955,1.2412474478286757
416,1.1181721380455931,19.113109261854394,11.367024804971624,2.5539165523590652
417,1.1192598396063933,21.34633985534036,11.182180015133012,12.565279145870518
418,1.1152186332862357,18.333288961122562,10.861344856908294,0.977892359917201
419,1.117622622441295,22.622728271403492,11.371074300558305,3.4498635335939136
420,1.119203740893226,19.34018400890794,11.072636323128162,3.4901310836608395
421,1.1205391861157483,20.347580908928357,11.037962974327913,1.8455668614728946
422,1.1217474499680158,19.56606310473939,11.21541685205422,1.1250663164522217
423,1.1186262715770485,19.282968859179846,12.063962267942012,1.1440594925906886
424,1.117649459154538,21.747366245078165,10.93484704355112,11.057368057495246
425,1.1174139789568507,22.1385484542671,11.630403601277811,4.521346101196366
426,1.1186616865435957,20.20689225080016,11.625887384592385,0.8342803622548168
427,1.1194952266407874,21.505981960667533,11.007786389721065,1.3767828532162725
428,1.118144259173077,19.382427484841788,11.130529397649028,0.9579148126062527
429,1.115052273418024,22.86145198239716,11.408321732686524,5.244649164081857
430,1.116528290993925,21.720687563280375,11.820949798994976,1.0592596616784726
433,1.1215007518593296,18.2026734192093,10.633164257231998,7.712791753767644
434,1.117403979361249,17.40434170502817,10.625641790022554,1.6542773695798278
435,1.1182940563654817,19.667866868209703,10.628496819261068,9.449206805312105
436,1.1188842523599387,15.81060962984342,12.117331446284952,2.012611443523647
437,1.1204458398837491,19.508658633935944,10.131914682136285,6.256300726361378
438,1.1204565425606745,16.338845966641088,9.997058981445075,1.6407317005213655
439,1.118700684541272,19.08537717604101,11.181282792851478,5.456095425769175
440,1.1210798628340055,15.83205123596071,10.880206386098177,1.685317434906122
441,1.1197080137580997,18.647286119899675,11.39483373681716,1.554174470078336
442,1.121096414583556,19.621718742271142,10.622489375372545,2.1172968881128247
443,1.1211518912729244,18.447243505573194,10.62679049888737,1.9259295058473804
444,1.122018296905393,15.692298200932083,11.153209009663422,1.2895572251820806
445,1.1190765093491302,20.632054217145257,11.075452199808714,8.769511875776782
446,1.1210440442469938,17.122681889469085,11.169684300733246,1.8403180122795046
447,1.122235207127436,26.376750189160727,10.22083295499131,2.128700836184927
448,1.1213942831271113,19.665297612391782,10.943439192912734,1.9136206287340223
449,1.1212050223792345,19.27449348427212,11.25298052004373,2.161747618609696
450,1.1215102718199774,19.846111195999892,11.0697141965706,6.003538618936019
451,1.1196431275117689,18.784868611587164,11.44652963441415,2.6305351492433986
452,1.1243741899289612,16.88091691862977,10.432249527122082,1.4519956034274286
453,1.1192998222619905,19.297214655136187,11.793887387601654,5.152330605008716
454,1.1240280035285037,20.661035138670904,11.5066248944663,1.3180388162032193
455,1.125437789251444,19.01033807688456,11.282354367545619,1.438729788008004
456,1.12735100384123,20.142548156532957,10.320943757862617,2.0351872453410786
457,1.1262148809297443,19.371220581994468,10.101933650208478,1.8327728580190967
458,1.1220048352291265,16.249025081088774,11.830126261659919,1.7053941542099547
459,1.123106890450714,17.70578931837387,11.455039880537711,1.5584870410681748
460,1.1387758010238773,17.586812048251947,9.856344499118844,2.521992718265906
461,1.1605459511584362,19.878898115021048,9.883212233971983,1.211108538058019
502,1.1501354941272264,20.112293762804953,11.225168479809643,1.9075273275860936
503,1.1360782965844887,16.610277432011337,10.422937034872383,1.3804234864305944
504,1.1306352101428647,20.720791338829763,10.943686362292372,8.217013338075787
505,1.1364528943270458,16.346641421500628,10.440686672307027,1.1071379745963572
506,1.1330514445729678,16.62999262749944,10.626010712950439,1.2087707841397575
507,1.1299014542545462,21.798483582776335,10.880119794901736,1.1313471509770556
508,1.133969376372238,19.69617075728066,10.198259420091775,3.3009364322851713
509,1.126158033585372,21.654990378695103,12.14326126999253,1.1371330703352207
510,1.12710094731758,22.285418828467137,11.50509238711779,3.000782657299334
511,1.1248447886056823,19.403872974599985,11.589541472916068,1.2891323353736392
512,1.1253508784049908,22.49535017245861,11.13377488909849,1.4548526466052991
513,1.1235408441354344,18.735018757021766,11.568856496535522,1.2745736878623382
514,1.1247420454363728,22.01658626412857,11.681731904112373,2.1413684581512338
515,1.121891354887985,25.542033523066294,11.22258599383402,1.5866365696341604
516,1.1207142421704042,19.21707571084045,11.220538073743908,2.829500362195314
517,1.121218359695573,21.2921193970748,11.037125972178451,15.455190844148444
518,1.1183865060283427,18.52341140061601,10.706609951561465,1.6164267280574973
519,1.1228013302759654,22.72523429278837,11.411731546548504,3.281135496832459
520,1.1200251747617729,19.51517369942182,11.117702186371972,4.032709191272051
521,1.1222025736151968,20.28553131855426,11.542183016391757,3.7221721455747727
522,1.1221573384468302,19.910537835245815,11.080395843401273,1.1073969841639073
523,1.1221874392059155,19.276018714039655,11.778586687832094,1.330258164877149
524,1.1189164429956924,21.734096043396704,11.54170120106199,15.465666822689334
525,1.11995051280532,22.116651105607026,11.525729824906106,5.140590447010514
526,1.1221575186004484,20.112092276675355,11.84512285176643,1.2566720209751285
527,1.1214173081996917,21.42786470998141,11.007113053531683,1.161631489123133
528,1.1206440903670158,19.369990628313708,11.551736515930726,1.0944590017052476
529,1.1176821130997205,22.951625540902235,11.428768093651403,7.636949487714986
530,1.118915337228639,21.83315791660378,11.780649846657411,1.259077364051417
533,1.1233531399435266,18.373504482505812,11.009091881438183,9.51317383563275
534,1.1228880769274459,16.873666105910623,10.748452378644279,1.7315173597585785
535,1.1199426235545842,19.657143191978484,11.183362675238767,12.123889473420103
536,1.1203490278204582,15.768675066991108,12.470097589400364,1.7968556647905252
537,1.1240361011531617,19.300421293904165,10.685677554131711,8.830883410750888
538,1.1245256093956846,16.043336654694784,10.06707682214672,1.4947831997825498
539,1.1216654711231275,18.943291078113717,11.112004520984524,6.78035206478938
540,1.1230068857323263,15.91463282532056,11.207094727049816,1.7115886327643821
541,1.1233512241768677,18.65158575419187,11.332183552681009,2.1271610760027495
542,1.1247019462973786,19.564257997685587,10.879055469754283,2.591709091435449
543,1.1250493316641548,18.62038516543261,10.749128727871724,1.9939039902028217
544,1.1245183088950306,15.906956587303164,11.670677505696224,1.438901550935941
545,1.1238515363181107,20.46313490973277,11.580470565152964,12.212197961661268
546,1.1232426743998707,17.060556910354908,11.378315360224965,1.751552046380126
547,1.1238113244111092,26.058735679683313,11.018053307084013,2.7702926005263153
548,1.1235388886034845,19.746697614986946,11.08643321456046,2.1832873535407913
549,1.1265207505030757,19.197076512530735,11.32331290954078,2.6833996874044233
550,1.1242302884046156,19.80054217386672,11.61052895166559,10.598950886538946
551,1.122518792983515,18.566270848540963,11.97797205834901,3.0430426080959236
552,1.1262583161176023,17.090783368756906,11.08959663453064,1.2106387292461127
553,1.122629911228388,19.1767182492145,11.964258415479296,4.025464332750633
554,1.1286263482905665,20.978603896474283,12.064023350315201,1.4283646981575793
555,1.1286788599107582,18.975575439054115,11.23851157167857,1.7652776005368247
556,1.132359148353,19.93658581166204,10.719530918248315,2.410607835422069
557,1.1290275424998064,19.320421446809156,10.444023918600179,1.972010393303688
558,1.1242460144524342,16.06402719567666,12.655218978710451,2.0822374603806395
559,1.127504322872263,17.0416185128991,12.215923142115145,1.5639352163513434
560,1.1307683231398062,17.22830306250106,9.67631091837647,1.5277274062044828
561,1.141085902326063,18.07322641447033,10.767672177430804,2.603216636140665
562,1.1718172382049032,20.379403066488923,10.19361475567263,0.7759788576294646
601,1.1489708157763872,19.691347051732574,10.657304970001384,2.3832594737894683
602,1.1313244758897134,19.27718622628891,11.362704599716063,1.5496613786944335
603,1.1257188934013724,15.758334991580842,10.58916855957326,1.7760839462560098
604,1.121119713895022,19.83532742518726,10.90741011475319,5.297636089067008
605,1.1283081177501788,15.432980881818175,9.975027750072583,1.0102342061484673
606,1.1253250309865335,15.623554243348723,10.29809932756234,1.3649587828296765
607,1.1214422570291565,20.698056037482477,10.836434857513998,1.0762760312777881
608,1.125354571466077,18.841423180131564,10.227165121526081,2.842264108299785
609,1.1172275277139214,20.567841783429113,11.842497890334071,1.2144005485244476
610,1.1181626062867063,21.018325806938147,11.651114310128584,2.9164270669521875
611,1.1155198416830703,18.484882559618736,11.335514332961473,1.1775854207839764
612,1.1163956016899423,21.634194320305323,10.814497463901407,1.1273249660653224
613,1.1153301677751088,17.43607000396494,11.838798311610732,1.1029403711206374
614,1.1154850797870213,20.80131181028938,11.704241953132243,2.675098734934733
615,1.1123069682714992,24.419483015997297,10.86853548951291,1.1486524100840911
616,1.1125857618482289,18.255029603310494,10.996421322016975,3.6385292096627038
617,1.1113354691006392,20.294344261504186,11.171086313673547,11.639248451369989
618,1.1098901360185598,17.220439952857582,10.591735593539068,1.1645685768855958
619,1.1114994958344526,21.443467190531177,11.425032305965638,4.054165232274683
620,1.1112063697494599,18.105582995754887,11.158308092248145,4.547785685936232
621,1.1129115041190303,19.44316835681985,10.779845260156158,3.020601000994742
622,1.1147649099146517,19.07648553234687,10.712392293591817,1.5628535936890868
623,1.1121331561459507,18.21454811314833,11.636189377452299,1.4822304718616206
624,1.1109716901970847,20.764670712431908,11.133103689647871,14.219627935880212
625,1.1099460461732338,21.07154139090167,11.912658058522895,4.733553640608197
626,1.1149530072028049,18.9128521157534,11.761765194735483,1.3432454923044206
627,1.1124819790132496,20.469333367081436,10.876046349277036,0.9574574350132887
628,1.1117963296368913,18.299135145283405,11.121325746925427,1.0727974962662756
629,1.111155623733635,21.62483840812294,10.914759580317844,5.8006799482189
630,1.1116915440361403,20.567969159308184,11.515443272833702,1.9489582122606035
633,1.113061473993396,17.492795179827805,10.735114548623262,8.347906376979603
634,1.1105890500438536,16.107482967319914,11.105806989213976,1.8169683590008143
635,1.112580362802552,18.543791312366647,10.770128402279003,7.787159199451448
636,1.1114776007243963,14.600947173030407,12.382137511771585,1.9146983757282312
637,1.113765255564576,18.393441965682737,10.466070019604517,6.0083836078542605
638,1.115961855265393,15.1557816079439,10.072241524623005,1.5083490710188017
639,1.1123072100478308,17.615531115949977,11.489483652238963,6.493568700581701
640,1.113618338070351,14.636507466380264,11.2700849541079,1.4166642891948444
641,1.1140410100739035,17.668946760265772,11.507402659995222,1.5973464694266082
642,1.1140847823059783,18.522574847660675,10.4660054282936,2.186756211009975
643,1.114443049225691,17.353484331943335,10.933794872921768,1.724750591238622
644,1.1156948057494172,14.655520560576202,11.27338110277875,1.0571222571382726
645,1.1129034774015385,19.588257072688055,11.18064229114637,11.535338629760531
646,1.1155122575096674,15.691752638460189,11.283905245239179,1.8092807493387557
647,1.1156285008721807,25.188631078984756,10.306310502669769,2.02249471370099
648,1.1135778974805306,18.583614043350533,10.96965184987423,1.7244919783929444
649,1.1167769456963792,17.830093501764193,11.420132067376281,3.2392002418353334
650,1.115297873663442,18.50876657505897,11.157606157837234,8.036011705556987
651,1.113463157006745,17.281178058812817,11.815453673833279,2.5359640986583387
652,1.117076273087758,15.97309592715346,10.588307639005134,2.106571776587287
653,1.1144538992533601,18.09452003563978,11.99114036219661,3.709088605247003
654,1.1201391784678667,19.887831813009427,11.484388416917001,1.301792333230381
655,1.1212192607999512,17.632810137706,10.70688725882046,1.6083565273352518
656,1.1235072837009348,18.926885389169207,10.193853217975416,1.7900357244591216
657,1.1210320839848922,17.94777229259654,10.36354668271354,1.350831050096184
658,1.1177495355430822,14.91362153457196,12.236976179236851,1.5260523965864237
659,1.1186632653967175,16.13968647700589,12.146201706268904,1.4517998701568475
660,1.120491809648727,16.415994790842717,9.632111346558922,1.5454104667120945
661,1.1194944854465838,17.58958975277237,10.918598061971004,1.837308187632899
662,1.1352381577553896,17.470842246108177,11.07314186701821,2.0437996519426864
700,1.177038155122993,16.62854620836484,10.797274504444305,0.7884324095313736
701,1.1352236464064949,20.875550176670536,11.357437402690925,3.239483555226533
702,1.1245842444916936,21.350033331972774,11.463560869792106,1.4499712581444577
703,1.1227455785139546,17.681387961716606,10.73824357078005,1.0609003175851024
704,1.118903965526853,21.737346870488114,11.033110168578641,4.645820418254649
705,1.1271981778196307,17.098604921823384,9.920249553268869,0.8678594678859477
706,1.1215781953338588,17.25106370894815,11.189855391145956,0.7695777460886346
707,1.1177249174291208,21.971299753968832,11.294682214181325,1.1353008061070378
708,1.121064176717061,20.36836039352369,11.154731926763096,1.8237002219798382
709,1.1149994027067756,21.977427220086945,11.819994101874077,1.3166704092486445
710,1.116108556260771,22.968318088502926,11.303199190759782,1.7000067695066858
711,1.1121659001874622,19.919342584565502,11.629003201471829,1.1581985712504392
712,1.1128749876298938,23.048000907898057,11.340810660833814,1.0151397358470304
713,1.1100491610732144,19.095870879655884,11.86931431285538,1.502840851845906
714,1.1126443158999522,22.506630005359494,11.621331610495307,2.2983590005059082
715,1.1096386858618876,26.069140779922368,11.500274469248158,1.270051252776464
716,1.1088119688851898,19.795554968057974,11.459753489115897,3.112812051553445
717,1.1095580230851523,21.783035471914232,11.64795601710352,11.708646858814356
718,1.1068349245276627,18.882436985143844,10.95292056318994,0.9544124427264433
719,1.1081819766696368,23.04335716931191,12.071062835860644,3.0004928303225333
720,1.1076953746348466,20.110133143279203,11.91640419728105,3.795710443013483
721,1.1102425088715429,21.062065716135454,11.229993092126277,2.551505364738212
722,1.1118095635916247,20.168256563465995,10.986593961866632,0.9010874953099179
723,1.110887930529721,19.639861775200746,11.739178697945833,1.4120499974453629
724,1.106601939415404,22.23414505224149,12.000268777543713,12.83319396370657
725,1.1090147246912951,22.604245881157443,11.947106222082535,4.240294937609669
726,1.1115661154933159,21.362782478645762,12.002586894313055,1.2443664036404936
727,1.1084148192342211,21.800916708172785,11.63010073843758,1.13356042058085
728,1.1095921628933942,20.04280476764146,11.582903823797277,1.2262863039117873
729,1.1081971952738443,23.16624414240832,11.492839654963245,6.149514005408171
730,1.1082782702805452,22.581446745493096,11.94723561282508,1.3886613574974547
733,1.1105650819004982,18.924706331345863,11.032316809130384,7.9078851991594314
734,1.1106222350542556,17.638191265517843,11.079703512874504,1.2890615628700581
735,1.1088893552831727,20.172069167267715,11.270776316908345,9.23443490925007
736,1.1097982042699235,16.39764425233704,12.503528943285882,1.6727128507205733
737,1.1119777947615375,19.800017041546234,11.20475340220378,4.982627738937527
738,1.113334387567349,16.798504009636567,10.328077483629068,1.5871920918860492
739,1.110989390897119,19.51772417626253,11.590919667130146,5.308173602882026
740,1.1136115365784298,16.169831015495042,10.813569230096642,1.7145374266573836
741,1.1129148746220123,19.376802364480223,11.465156606851158,1.4699996537778162
742,1.1118082121340183,20.073188217870147,10.779756151758518,1.704216333794958
743,1.113025481619579,18.683541849598036,11.167514624347954,1.3265811312185745
744,1.1124563038957676,16.38977671897476,11.889182416538052,1.2846202146661372
745,1.1103792381111923,21.410112282900002,10.81058345687127,8.128776077178003
746,1.112212372596934,17.245444479068087,11.581878168646831,1.9140554873254576
747,1.1132524564663875,26.41981395367893,10.644036384580165,1.9723864446021067
748,1.110534762159924,20.25136716501686,10.93979543309346,1.8368079397428128
749,1.1139182134782855,19.42064159756282,11.433361925751981,3.016084099570201
750,1.1112078633585447,20.54152254068381,11.144447662112372,6.117714686201388
751,1.1105240902514226,18.989386479434256,12.057330441998824,2.7480199432881536
752,1.1154974183227717,17.252266493927202,11.054253343259406,1.707872139617946
753,1.110666067082248,19.248305868013933,11.955796532189757,4.377632215532631
754,1.1165563019508251,20.897749984329774,11.577963443491107,1.4342288244418189
755,1.1178103942103539,19.145773763684,11.34545047462481,1.3503491927391365
756,1.1199827537234803,20.212973042549468,10.806381840409848,1.351576320772804
757,1.1175756968056447,19.70630249162479,10.784458024039022,1.6845797038973844
758,1.1131093123874527,16.678189805003413,12.757454956243647,1.4262755948163859
759,1.1144092416036244,17.915915193544684,12.323195746849288,1.1812177181229215
760,1.1184444744185897,18.09328367778011,9.740501056725321,1.874887508198777
761,1.1155393644425284,19.31715076396547,11.261116090716778,2.102907363585754
762,1.1154574108485176,18.98273330150748,11.464746652315618,1.2758274789643689
763,1.1368661869033105,22.651775230522116,11.46674880608895,3.2373474812179985
800,1.17876699849744,15.106320114226758,10.509807656312256,1.3753781999753991
801,1.1383326447166144,18.786776758529392,10.534430641152145,4.353026481197623
802,1.1309415514501329,19.483999944346856,11.467618262459895,1.4651908779285001
803,1.1331509757627138,16.16619560818006,10.594266158626313,1.5114261060264456
804,1.1284871156076863,20.227303771531997,11.134442096607325,7.941063003344254
805,1.1341971521272582,15.564915859193402,10.171314716108952,1.5810977391097418
806,1.1292623152321388,15.85022773639144,11.033901524063257,1.1047396242450023
807,1.127719649880532,20.968132460811685,11.079227325570404,1.1773320028952197
808,1.1302219344036095,18.966638335271416,10.358742829433307,3.3685184945334847
809,1.1224562770460105,20.66501927559528,12.071690726107722,1.41127552346834
810,1.123970618637068,21.3616069666988,11.523082438019632,2.127199682561125
811,1.1191608768502341,18.562452767365652,11.616216983098013,1.127381748293101
812,1.1199201492965476,21.425707850109543,11.379351545721915,1.3498100774707626
813,1.1171461497440318,17.431666608507086,11.815768363910724,1.4696301930432263
814,1.120528611409095,20.885603685650626,11.235964673052546,3.8999679265048663
815,1.1176786368370177,24.53733687145445,11.110071856863375,1.1289129146168273
816,1.1145571185920904,18.480738860901937,11.367632276519972,4.770441389843197
817,1.1169904335428853,20.48476815583954,10.717322729615647,17.872380501434
818,1.1146426991870155,17.26524404854533,10.784936361716015,1.8233283902155624
819,1.116415448340133,21.552937118030105,11.400912937319013,4.888119772525689
820,1.114504678270714,18.40921331846717,11.475576939561723,4.764672806245772
821,1.117921799466499,19.477863404406545,11.219853743283018,5.041026078281686
822,1.118651733422238,18.708178432836068,10.97668578149092,1.3039037471806851
823,1.115580233755983,18.42300994400832,12.099976428515825,1.488042666713957
824,1.1140237273916367,20.91060146284222,11.54149234432586,15.283800679206013
825,1.1147872130938945,21.06064854470297,12.36698959143235,5.574281440450495
826,1.1179402907271572,19.264895220478007,11.439021848450052,2.075376098914206
827,1.1173435724158018,20.595833293874854,11.329963496627476,1.8973516563563737
828,1.1150630580028607,18.485083232627527,11.65830651129718,1.4352374726243535
829,1.1159904784175352,21.567082440446136,11.109254316723414,8.504880078433631
830,1.1158019837233017,20.60652566604424,11.833104396069723,1.9367269552378028
833,1.119028438932198,17.60468072466006,10.813858458649923,9.447284585809511
834,1.116919717529276,16.081964040971243,10.894395235984021,1.673713594288964
835,1.117876631144219,18.50699321042423,11.418735228786659,9.534789760395316
836,1.116491643944591,14.914937953912277,12.470892589584262,1.8505208183816677
837,1.119154143853564,18.26834265880756,11.162672871701178,8.28895109869802
838,1.1213579480071416,14.985004070310683,10.26204008316677,1.9163847309136692
839,1.1174188559169465,17.63999592154705,11.670816394068517,6.642181646867448
840,1.1216517488763278,14.57473237208179,10.991921457002974,1.8540762878184427
841,1.1185972759445815,17.602828002188726,11.66589238470309,1.6961604795468743
842,1.1204737895027865,18.41536199923145,10.41471717545781,3.2044147232298785
843,1.1207934726299842,17.28414772084616,11.029294662196035,2.232502971600518
844,1.1215458900217596,14.322281640933339,11.3297799422894,1.127432510345154
845,1.1184666300093529,19.702062372012865,11.67178379503117,12.931870740684543
846,1.120781712493623,15.786578443596376,11.583004568342949,2.551388122875521
847,1.1197255339498888,25.101551286660566,11.067140689402933,1.9716674506868714
848,1.1192462536331755,18.216501400006067,11.06327240693898,1.7860304750885743
849,1.122308824601009,18.169919503776075,11.272981526141166,2.224562452889862
850,1.120221355335469,18.44949258635018,11.460958292984614,10.929437463512315
851,1.117340189167709,17.520449679744193,12.071416032758695,2.4841197842023237
852,1.1231502891549328,16.018151674319782,10.927622901028727,1.5435766730414933
853,1.1181616735907682,17.99335155479939,12.078177384243284,6.384879566823906
854,1.1244046289053429,19.370208692847665,11.944556239843912,1.1924006954766206
855,1.1254605805795594,17.682364617253494,11.206196765123265,1.4545961190371182
856,1.124419296814004,18.89009584511746,10.840552782945233,2.1009295735063427
857,1.1253504750440284,18.11938135599583,10.880976763405087,2.418269640841799
858,1.1202784407513298,15.418119804330058,12.517211951767322,1.9749678582742871
859,1.1223312522387223,16.554240585768994,12.164709304145521,1.7188877328061019
860,1.1242530761070482,16.337817133024686,9.860024554362433,1.5961335100893754
861,1.122544506023765,17.357218515152173,11.176014443525458,1.6893519780629571
862,1.1218432494087003,17.364846387505796,11.01057160710875,1.8373357282234233
863,1.1355225756996894,19.950282238417405,11.174250151778445,2.425803943900775
900,1.166544085957722,16.231414364629412,9.578681498067276,1.1652352170642197
901,1.1326519786983988,19.320335466351768,10.730630571590194,3.768810571042543
902,1.1229192693624221,20.012982559388146,11.84930188439464,2.2172666679594784
903,1.1249139846903455,15.81613005335751,10.594394619142667,1.3179458935306843
904,1.1216884681598784,19.991266513753942,10.904011807370537,5.835832777917633
905,1.12738301041363,15.319019610071228,10.3076571095074,1.1503754766628778
906,1.1238521179045706,15.68390306865494,10.661337935769879,1.1831551437732684
907,1.1196498595105264,20.631499985606656,11.142952596081177,0.945032863839757
908,1.1270232193168122,18.72459636058859,9.96983072794045,3.195204746588027
909,1.1152215375978265,20.76562539045791,11.521496532718624,1.4714977897931507
910,1.1192809655445726,21.36188572725591,11.506464678195996,2.2290608400587226
911,1.1137433633725073,18.851118357845902,11.335778425337626,0.8866260771662097
912,1.1129443608447471,21.60176408564917,11.151946897575753,0.9586330769598822
913,1.1103503461296527,17.33149448158577,11.916744125013217,1.152131689460027
914,1.1150561104826295,20.89171119062525,11.416368766491743,2.6446489592396674
915,1.1116454445820518,24.453289917179315,11.314177243010123,1.6507486340720245
916,1.109547200632752,18.283847625477595,11.498956885510953,4.004107696219839
917,1.1110851003929854,20.272627984895475,11.469750422181075,12.182981806648007
918,1.1079339975401326,17.27008991422623,10.815501417989731,1.4337862165805606
919,1.110411809451964,21.70200824051557,11.39283124226515,3.8805877191771194
920,1.108808916559316,18.31551896884241,11.519291990023397,3.4705067893013557
921,1.110070886357257,19.38783463325626,11.087850580643117,3.6399361743935765
922,1.1133040964015326,19.003168758156317,10.611379882636816,1.8462759018926864
923,1.112955184752515,18.427300356322224,11.693808008405648,0.8742985381961663
924,1.1084635575046815,20.697472453973326,11.429096377420883,15.191216393886629
925,1.1084268743355237,21.20588147619507,12.015859209628417,4.784984291882297
926,1.1121453841407354,19.359062539017305,11.61014592698352,1.2907560006799066
927,1.1113271618919291,20.289805716675126,11.015997250705228,1.957800332193077
928,1.110763188334094,18.27088478327712,11.520903831406324,2.5656166220621985
929,1.1085900755883238,21.450712544531907,11.42518288630027,6.561573869838864
930,1.1093958009531038,20.700101979199466,12.025902895879995,1.3090959532178985
933,1.112181349873212,17.274499066906195,10.915137895277178,9.611345598314708
934,1.1118219701276641,16.228347157973893,10.7423037822333,2.4389261006768614
935,1.1110188895893236,18.36166769719696,11.215891014707852,9.535124193229796
936,1.1102337680745948,14.577100372787628,12.715335977844473,2.0332814615944157
937,1.112449290818017,18.446764903082826,10.416736153115187,6.95329415284261
938,1.1146651539957495,14.892163277223585,10.519187443737351,1.4270639231787592
939,1.1132086536016323,17.69465792921566,11.562855800961918,6.117341357091493
940,1.1149001945281032,14.687567335080894,11.307559184935451,2.0853530696402163
941,1.113944013805123,17.89068072653215,11.12504420615744,1.9492934650770195
942,1.113454994467048,18.613503502670703,10.63390198640881,2.921317524264782
943,1.114793868715545,17.142496740476343,10.771031880120537,1.6685747668085682
944,1.1138938694939269,14.380202401104093,11.29460317239412,1.4840162515524562
945,1.110304414522597,19.863442338388026,10.961266694791725,10.658045196378081
946,1.1133521940093256,15.946635143720632,11.628650235607983,1.946454966080225
947,1.1145955837976154,24.670983335495063,11.041126924058014,1.7569264502939814
948,1.1117792265447828,18.302481444826157,11.246260505883425,2.082141970681065
949,1.1150193213330821,18.098457519474035,11.461225592199058,3.421746382798972
950,1.1139752610946507,18.579791136736166,11.280470203169564,8.426749121619752
951,1.1123942555956583,17.19241838403534,11.980233061545418,2.9301534726534118
952,1.1180215358963093,15.298146694486801,10.489920292436944,1.2666046967492912
953,1.1149958115457492,17.702470451182474,11.960595666585904,4.4486454134713975
954,1.1158563356447724,19.5319328252154,11.684328386076283,1.3498448914888754
955,1.1193390168202277,17.767460160562045,11.18178353535956,1.5358824668250661
956,1.1194078778013519,18.514573104184823,10.425410791911428,1.8992680496542476
957,1.1166055718390515,18.180525343973756,10.756831022087784,1.8508277259004524
958,1.1119745560520062,15.358421481236231,12.835843427834787,1.9970968228099182
959,1.1151782832375727,16.51976003392488,12.231493821319058,1.4034330396000623
960,1.117363069028755,16.356172835653435,10.01328052068896,2.0467987055756067
961,1.1143919795858908,17.915794643060334,10.908389711194166,2.010705580931538
962,1.1147456756626788,17.711362440268267,11.383629455160031,1.605992763386322
963,1.128371017250372,20.920007521329552,12.029892758785987,2.152921275039689
1000,1.1780657779714603,16.092131355797243,10.29390872852303,1.1160869936801971
1001,1.1357524822294798,19.635450829692235,10.771412190870784,5.06939782373744
1002,1.1280634198377468,20.231990664776205,11.2314326193589,2.1522948799636996
1003,1.1311903768031006,17.018274897964577,10.738669950989909,1.7348310302386039
1004,1.1256610828678888,20.733041306517237,11.420114779896966,8.287003727198845
1005,1.1330060092164858,16.227924723726147,10.041649264670717,1.423476463876536
1006,1.1279113240354999,16.397666532322365,10.724509517071708,1.0140104992496373
1007,1.1247705646576378,21.74005735318709,10.808754821945474,1.319018130350045
1008,1.12712583712968,19.384802576108463,11.207023681715198,3.939767249790591
1009,1.1196736987280245,21.62355025115872,11.970715957357386,1.969860964509103
1010,1.1220967084221718,22.139874142333735,11.896054653106807,3.7248893092276565
1011,1.1179965059781636,19.619554430039347,11.321950580786552,1.7041021016629532
1012,1.1179988757702433,22.43296415438706,11.381975923445795,1.4230877448303976
1013,1.1160927874284852,18.55080686472806,11.55825292439658,1.2857106317391296
1014,1.120092273931416,21.63989910921814,11.265290681327258,3.2405337428902397
1015,1.1148321041251477,25.75327534214759,11.22503044612624,1.021547849899904
1016,1.113785617214028,19.34057824051672,11.413321457296453,5.214656073717763
1017,1.1153380431830462,21.231175292811354,10.862366128279028,16.814699857504138
1018,1.113745646205059,18.413784727833168,11.029993834136839,1.3690705414951947
1019,1.1133901454162887,22.489170079406044,11.867052932411713,3.7679761835821197
1020,1.1151161968995225,19.52801682366413,10.89779355500552,5.598527657276938
1021,1.1157283956382027,20.248040138224273,11.354964949840403,3.755504568482193
1022,1.1182497712060686,19.501335027398447,11.352796780416279,1.7603972657743387
1023,1.115557771576491,19.225179515183875,12.066297037205613,2.6085596345609003
1024,1.112899796815448,21.619171957855993,11.384138156330858,16.773428608368384
1025,1.1160144049617493,22.012950621425954,11.671379765396718,5.276858092987226
1026,1.116173977991827,20.41155706404536,11.54809061148874,1.1175061007940725
1027,1.1157691446194589,21.45254908531722,10.831164252435956,1.3395799498964247
1028,1.1150248184166622,19.28837535929523,11.464922024031313,1.6113926800188638
1029,1.1152917032151206,22.518145756578406,11.26800654797501,8.63070230201012
1030,1.1143126947566573,21.68466122156729,11.587581935674942,1.899159350880747
1033,1.1175726472229193,18.193535497637463,11.43726724187856,9.337047623629646
1034,1.1156880799782145,16.91418474477896,11.07502501426479,1.5498426967513563
1035,1.1158564856881816,19.389997402898356,11.335564101919628,10.716117904318189
1036,1.1160077219543072,15.898471422941354,11.928467421166328,1.9094367679545876
1037,1.1184221535877183,19.132306936127396,10.913585219478577,8.51606784270771
1038,1.1200464877893594,16.039804028370476,10.807921398802764,1.513445968214554
1039,1.1165985932523295,18.838286524907872,11.644754287970137,6.453842081753763
1040,1.1198452682278157,15.611443481900418,10.982153836551833,1.558692189091071
1041,1.1191096435135932,18.751330430535596,11.374928324957272,1.7029706925717438
1042,1.1178447708470152,19.37404001422208,10.429802594537627,2.703666511367206
1043,1.1198535250140813,18.162093123352562,10.97337170566386,1.6855340597906108
1044,1.118866259059952,15.504397642423159,11.713551329661165,1.4404938469304924
1045,1.1170908496933487,20.392961453811196,11.310764587370489,12.644156752809465
1046,1.1191435113222898,16.682723708662095,11.745051783212519,2.3956056290913734
1047,1.1194002717892093,25.918172994230805,11.026351484302161,2.2636617823837324
1048,1.1198084423718762,19.242715514854257,11.065625091477443,1.7999220346685512
1049,1.1202101397501667,18.787015081841137,11.574733278790236,3.3048851585009897
1050,1.1188863691660238,19.61400404844461,11.402848238372808,11.827418660828116
1051,1.1163985768204443,18.160545112860323,12.292423315619471,3.2262788119269272
1052,1.1215348431250043,16.280611039677,11.057576457330734,2.078203734572762
1053,1.1184216955123831,18.854455296531338,12.667608136171433,5.777943656534833
1054,1.123440969410136,20.33726792666255,11.942476536149627,1.1662151568819625
1055,1.1235822270417422,18.331245805311337,11.328923677054423,1.4791239438242596
1056,1.1242362610773136,19.554148275640618,10.660547771505298,1.956734563275072
1057,1.124857706999489,18.7564411946893,10.781057419776692,1.947839793460988
1058,1.1191100602975006,15.869762287842313,12.803821807723038,2.298927971038127
1059,1.1205239309098631,17.331811016618996,12.532731846694181,1.9429615281227124
1060,1.121517371115731,16.94207111549572,10.279690647716127,1.4708833602886124
1061,1.1208220140235248,18.551788246471304,11.626545456529772,1.9131044466358815
1062,1.1175420312628983,18.362031386606624,11.558665006770426,2.449995822562733
1063,1.1302421882477827,21.23140201908193,11.792366092698256,1.9142428719274651
1100,1.1687504066943128,15.41787567928264,10.364084848591858,1.2608768333968856
1101,1.126844334739008,18.5580503121997,11.23009753336474,3.0957015169589472
1102,1.1205232572274704,19.597313970252536,11.421664189469668,1.6268153989499774
1103,1.120113974202874,15.36683761094491,10.582568073524987,1.358098682751247
1104,1.1159577167079826,19.427219937191964,10.927063683547043,7.14618315425728
1105,1.1226841056684573,15.039916062993541,10.187542581010065,1.1517695869548665
1106,1.118934681303199,14.919907668337677,10.717837791452006,1.3609673081170337
1107,1.1163473093421816,20.305551270714837,10.97332612143085,1.353272936623042
1108,1.118745280732752,18.314829933565893,10.424443175303745,2.085671790399982
1109,1.1102124448733097,20.138902058844337,12.070569023990666,1.232736981378401
1110,1.1140156975375464,20.926786560385644,11.337983578347473,2.770529040909022
1111,1.108929117551055,17.9367377774578,11.686621069819816,1.268675114799238
1112,1.111631866429384,20.675590934161345,11.127165622699565,1.4834083818054569
1113,1.109895365934689,17.27089808657898,11.623507368046129,1.3685447927074665
1114,1.1082449603112874,20.145643590036173,11.84765649720874,2.939552340189444
1115,1.1078127514475062,24.190812173485334,11.311265550516048,1.041498428289746
1116,1.104990700997584,17.574082825404513,11.254747190852385,3.9232692885450677
1117,1.106882138732711,19.854522193228295,11.23232724787567,12.43986216163584
1118,1.1045233580253546,16.94630232022247,10.786896580241983,1.160866844064758
1119,1.105204991222157,21.04369718899221,11.711877911143606,4.129314403422969
1120,1.1059857731390603,18.030783240096664,10.914689232863193,4.243055833507989
1121,1.107336146129357,18.74837554661978,10.997766354996466,3.3238441302086956
1122,1.1064260166014928,18.10881306135812,11.254771012552048,1.5967981513491483
1123,1.1071817271847553,17.81283811473482,12.129734987558681,1.4603550642882044
1124,1.1062518700908555,20.192747114226204,11.460604839646845,15.492051071022587
1125,1.1040254194937527,20.914491155530087,12.064247770176316,4.56848797511106
1126,1.1069356339256924,18.832794288645466,11.83434865756604,1.348676494651644
1127,1.108259373377425,19.810047735447313,10.996043092825015,1.245695808845208
1128,1.1084845169797448,17.895940146187673,11.752222370875636,1.4981315423501613
1129,1.1057024688613137,21.26761232369809,11.19122397618341,6.503951348380618
1130,1.1086182702996608,20.267132832361426,11.641511182814446,2.0749744411721274
1133,1.1102102319888942,16.77058939754527,10.840416981824351,8.358411935341529
1134,1.1075917193208866,15.583364108188027,10.724554521488853,1.8724224776162752
1135,1.107858478751611,17.983470167930594,11.326488800940991,9.026504402313012
1136,1.1082078808552698,14.238414292905812,12.054298362947893,2.3512226492464174
1137,1.1100454510796183,17.685549392324774,10.584238668286925,6.822014355042771
1138,1.1110022451305703,14.55866296411493,10.108586860015558,1.8248110801715358
1139,1.108955561157745,17.1873656562115,11.611118110025,5.206898487899073
1140,1.1130636175364201,14.134162733856884,11.32527538783386,1.3667331514949577
1141,1.1104811804400583,17.181218747731194,11.492355380910924,1.3828209238846252
1142,1.110005775368613,17.938892654109964,10.513236966501418,2.1553402045113423
1143,1.110617582186032,16.748891500533258,10.822668450411149,1.3939790225266286
1144,1.1102201542482992,13.972380729598562,11.375943373637316,1.3224933722365606
1145,1.1077883496482441,19.17603039437831,11.201643194856533,9.559455779978537
1146,1.1123343072620715,14.923717127620623,11.64316135451779,2.1455083270101794
1147,1.1111475523698546,24.273028464183813,10.666693997640373,2.3354254979534095
1148,1.1085019726908463,17.453102671883187,11.42260047108599,2.0492171414155007
1149,1.112126803423196,17.145684511149575,11.521487289710329,3.31510623381807
1150,1.109144519468164,17.927574420430062,11.834831759241666,8.117034756553874
1151,1.1096410625221669,16.826374197468215,11.933478432788245,2.630217064302859
1152,1.1126327036270107,14.670412224733921,10.762559647943254,1.5949473814062554
1153,1.109986258547522,17.5554874689262,11.937188222212892,5.423812347623256
1154,1.1124402982306012,18.7655306212063,11.71231331387595,1.3735040446855677
1155,1.113062053215239,16.951723933141704,11.51016571049032,1.530349004913399
1156,1.1158240688376735,18.449287374378024,10.366040863158645,2.2439079451516486
1157,1.1143633468788976,17.325212859028078,10.769968610725083,2.054174377329752
1158,1.1082853084395075,14.53067905937365,12.284074031523122,2.0631370257257777
1159,1.1107913745498217,15.722481108906985,12.802463062171121,1.7382778989570564
1160,1.1134488571134162,15.712071011179551,9.963079912713972,1.790791499746835
1161,1.111344582194339,17.53357698277589,11.510975941140048,1.5583049357226861
1162,1.11095387741875,17.300076028486068,11.291337663266056,1.1701472801527413
1163,1.1249848319521134,20.70881475680681,12.112951140865393,2.1565493972291483
1200,1.1658830777991722,16.471969582085215,9.892572541721636,1.830015173447649
1201,1.1310785011615625,21.168272803086943,10.69656245387983,3.6301906222993723
1202,1.1212776745279593,21.834655558825066,11.482040964927252,1.8718832552785494
1203,1.1217791605024152,18.312998089019597,10.348455411412864,1.3641062604205403
1204,1.117403009082927,22.03498208284134,10.760586675698317,7.936196081762355
1205,1.122512133958269,17.31008315470975,10.175831036334616,1.0436666797204617
1206,1.1189490784395817,17.740519128591263,10.658539155499337,1.6484821743170388
1207,1.1177365454902322,22.675463385377245,10.697243304361077,1.0914161476246775
1208,1.1200237272937477,20.774598431394335,9.914346061472573,3.938572073342449
1209,1.1120438410086522,23.03310732696298,11.71686618662181,1.2843185715246572
1210,1.1128060400938478,23.622222043685294,11.42505013025784,4.148151839028487
1211,1.1108965296472735,20.472137126131145,11.450398022661476,1.2701195810399204
1212,1.1119428472645119,23.535482091099894,10.52787544568801,1.1345867316332994
1213,1.1110635030837992,19.692565836866883,11.193202113165512,1.5396775032012078
1214,1.1122320900685745,22.992067592219612,11.514895414961106,3.3192384962562604
1215,1.1086060712134107,26.90645314759836,10.602620907526768,1.6250996673514098
1216,1.1074197551214873,20.369130199892947,11.231445975728153,6.116636165729698
1217,1.1069343018513926,22.54658721678476,10.884759164631983,16.489447570804757
1218,1.1042858160844657,19.50457666006852,10.50366633234757,1.7696890526934692
1219,1.1086414615328293,23.602486116859186,11.378801653561595,4.604125085478954
1220,1.1071630090477194,20.826542145022596,10.709138751239413,5.781243679126246
1221,1.1080194473790916,21.789741650523055,10.891058027274143,3.2504995336533162
1222,1.1082676492222256,20.92438361092507,10.87416230913009,2.2541791690142667
1223,1.106732259880002,20.440614784138596,11.95005540910549,2.562114102332522
1224,1.1070496744561367,22.88906896919523,11.050854824140455,15.517793207895354
1225,1.1068982920275465,23.019138219534977,11.881886940370899,6.616216619669626
1226,1.1100605713189378,21.636244950112975,11.392013376015377,1.6015704519516394
1227,1.1083105817452594,22.387150333268803,11.014136924890936,1.8669592683010812
1228,1.110404958095772,20.376472825513876,11.10422127458585,1.307006115071977
1229,1.1085257691341142,23.73254841597478,11.033714995373368,9.29964525730624
1230,1.110514688747235,22.862799309858865,11.292843046077449,1.7000761411656757
1233,1.1123984771457502,19.505621930792913,10.335813557759716,9.897369316674958
1234,1.110804471951741,18.04305205530398,10.677041528852827,1.5628721442547748
1235,1.109579369904042,20.536322279933735,10.812187477701219,9.798350355570056
1236,1.1086062579666323,16.7252691023066,12.42437547701103,1.7014775936228228
1237,1.111174246746345,20.07813888655414,10.824378054530241,7.464028522288966
1238,1.1134574521260767,16.948534628623417,9.744659012038897,1.6141077660677856
1239,1.1112852777686475,19.614073443576558,11.059223846181988,6.961143495073195
1240,1.1122863978150699,16.641012004343242,11.55714555046286,2.118422981787601
1241,1.1114908829301486,19.744546949576225,11.434307658007588,1.8220663789104943
1242,1.1126196298695097,20.55572291273542,9.97979439347437,3.2400040706271414
1243,1.1139940974536005,19.19088120659921,10.762779492028065,1.9039241276337677
1244,1.1131403597271203,16.276578630803417,11.17715570974111,1.3265553219301331
1245,1.108794487773093,21.489822040332736,10.887969237061565,9.204600990344375
1246,1.1128726922645114,17.806696816290273,11.429763368596047,1.55685490724864
1247,1.1120436635464956,26.992298609183603,10.44862859206222,2.4102214375361233
1248,1.1102192571784038,20.220872899450352,11.029791404500818,1.7841674996592172
1249,1.1143342183624347,19.86274652847188,11.076715731464269,3.231358899640277
1250,1.1113505921809772,20.665858412750865,11.025765650833746,10.355485524566287
1251,1.1083231469258337,19.448515306296827,11.594491512192452,2.5724529242158534
1252,1.1152424586440541,17.61259597410205,10.366691008111001,1.602691200654759
1253,1.1093438313220982,19.817663960573295,12.534967808123811,4.800633536846264
1254,1.1144655580735265,21.728942537482258,11.303934163883136,1.4531277195041667
1255,1.1161154635633395,19.616342005155133,11.179417045653292,1.446119753400539
1256,1.1166589685933346,20.44793937077127,10.356483146616258,1.6455144226844158
1257,1.1133370430433276,19.849036108265043,10.275182162509097,1.640236998705662
1258,1.111227891841353,17.20493504562315,12.226819503658573,2.1664689868557554
1259,1.1135960444182869,18.28548913437805,12.156241137506177,1.6052682952930795
1260,1.114087432136354,18.496118731474667,9.629158577199181,1.4529294395229255
1261,1.1127326108500217,19.634740748292554,11.210853145333036,1.703925081688288
1262,1.112370119597457,19.60035970169185,11.4298659163671,1.9301239659128806
1263,1.1252329741400535,22.94381188661676,11.59375090925516,1.7141902287174533
1300,1.1650624499536029,17.154268173418995,10.316872189937378,0.9931067211911206
1301,1.1297160664210693,20.933616342779814,10.983183240479141,4.229662976039173
1302,1.1212576478800804,21.424872339796107,11.938175021649101,1.6046174745587474
1303,1.1221137801589491,17.68068867887575,10.496424377498787,0.7736965667301119
1304,1.1157496486460172,21.59548445662873,11.470086451106553,7.4120861632378885
1305,1.1242587109036668,16.89744962315301,9.934006670914462,1.3045309696228788
1306,1.1192738425192543,17.170988368467608,10.82578217831718,1.1152891050114389
1307,1.1168562083296165,22.25475134359577,10.98404600077765,1.3740869705393608
1308,1.1203803059614317,20.32552523499194,10.58003164612299,2.666678356047634
1309,1.1122402891213752,22.423970400250845,12.006140599138806,1.3382267043969724
1310,1.1135992356557938,22.97319284545492,11.356075127100386,3.019442068289706
1311,1.1109164547897157,20.30179566664868,11.52250444674175,1.5076304221814583
1312,1.1120912560868126,23.09852905235956,11.09097342740904,1.844618152886743
1313,1.111254095994675,19.16891310088972,11.68921777824328,1.1463867365838325
1314,1.1126869248721456,22.599677714034982,11.463932049749554,2.4232587226583417
1315,1.1094891769395825,26.524337189113343,11.33348806476649,1.2132301862059716
1316,1.1081332653613287,20.090240457143924,11.114036131988,4.442848426177693
1317,1.1097489919754375,22.041791194125402,11.00507381025276,13.594729138358938
1318,1.106126894512289,19.02290751327515,11.15606454591166,1.4151660231007133
1319,1.1103005798814842,23.38367478392982,11.080516008218833,4.472253785660821
1320,1.1095400831661786,20.181872187019856,10.914065701404782,4.452140067613071
1321,1.1084482062510146,21.347322918289592,11.284434240413454,3.6384437747387213
1322,1.1096113939218581,20.56960876079959,10.890002008391953,1.8235695681442612
1323,1.1102463653584465,20.0850727660443,11.477776571671127,1.5313735032376248
1324,1.1064856794259734,22.501754241258798,11.53345724116846,14.396031838756306
1325,1.107368977971912,22.524994283062245,11.797478183762236,5.389219442390337
1326,1.110170398696168,21.46454599886765,11.91737927820757,1.6347665855299287
1327,1.1096813539450612,22.166322394551027,11.12248166060705,1.7760374985532301
1328,1.1099476978124592,19.908767181508598,11.599248236994274,1.3660160924130325
1329,1.108408981503906,23.54461664651682,11.327254220106738,7.424627632786287
1330,1.109383193531356,22.245520913606175,11.552157297431078,2.179857235668622
1333,1.1117638327503032,18.693356538378758,10.866876346438978,7.630301590752854
1334,1.1092692266937325,17.444866298189933,11.18713206040314,1.6684982349567534
1335,1.109582635751168,20.022063037319565,11.339866244220522,9.582979992202198
1336,1.1090563721599336,16.1494634314708,12.44448033866734,2.2785420614496217
1337,1.1113133294717865,19.884028320118386,10.869628512461253,7.318192898811413
1338,1.1130882570929417,16.78919347869911,10.367988533326766,1.5457782041844697
1339,1.1100913720111065,19.277196866839397,11.320409173331921,5.811614219572683
1340,1.114075797660257,16.226944857887084,11.129550710746948,2.218353803939256
1341,1.1120486195639037,19.216557408921847,11.512662647702053,1.689937023573618
1342,1.1125807804711119,20.088220339262147,10.338568756861797,2.3929285620402467
1343,1.1132488990103109,18.87041911059535,11.141323524795252,1.8773143639817695
1344,1.1139455991852272,15.966627656285693,11.458663859136422,1.3801528770182914
1345,1.112589421882854,20.95367634144691,11.11307698804474,12.43937148129712
1346,1.114166720362986,17.1215782996274,11.468176369690424,2.1770369718610616
1347,1.1126464814139752,26.529560291540896,10.975134347935553,2.4407535877601734
1348,1.112791443210307,19.818621584302207,11.81483284299386,2.206534275331912
1349,1.1135255401851398,19.27126850055665,11.778705073900717,2.8984276196862013
1350,1.111663016813563,19.86609358484764,11.573675086598007,10.704715223787806
1351,1.1102974975426645,18.92062873544375,11.795726595350017,3.0982742978596463
1352,1.1134358252834702,17.124744165493787,10.685609076787523,1.7214531942286362
1353,1.111043006459221,19.241039946982642,12.130180226775465,5.021113224311874
1354,1.1160167066464834,20.963727118634583,12.098423943378254,1.6105793836889282
1355,1.114162303538431,19.268602790033217,11.52514346479993,1.441959954010292
1356,1.1162244881030572,20.19716182540931,10.777748591742684,2.2209968621497302
1357,1.1154081586528282,19.60545709461227,10.318623626221843,1.885699549258297
1358,1.1096090874149582,16.393144947497262,12.853400738146329,1.464038459266441
1359,1.1110467228152254,18.145804247949034,12.799106177236972,1.373927616512409
1360,1.1124976884605464,18.25128443269501,9.856038837235195,1.2986993397188178
1361,1.1148177487101947,19.449372096970137,11.282680916880965,1.1954026507196596
1362,1.111995616366912,19.424604718798697,10.876869218898236,1.7090083986789597
1363,1.1242572750953148,22.955714302220166,11.641757916823053,1.4846859461772033
1400,1.1668023481594458,15.95970303329596,10.8619363501101,1.162904661669576
1401,1.130391410137463,19.404541071577974,10.946863742550875,3.5792125102186434
1402,1.1237910758192733,19.898769504613277,11.607152590434621,2.150102438026209
1403,1.1220299419785218,16.17702083866487,10.711766005576695,1.0275728074842807
1404,1.1205099695977017,20.224644688357174,10.922779979958976,7.354757978410375
1405,1.1254048201227824,15.88631787837955,9.93865389342088,0.9565591223249554
1406,1.120727337413264,15.910117054740821,10.650834850650236,1.5634906556189672
1407,1.1194582946804688,20.90838538350959,10.99212870887693,1.2176045960907949
1408,1.1224094136312688,19.228935438755485,10.429312951463416,2.8697202310789187
1409,1.115582334910742,20.914105666088513,12.008378697097367,1.335212839304054
1410,1.1149102943958031,21.77553087699886,11.725758230386644,3.081266858549305
1411,1.1123914743700225,18.817070608052607,11.793613148523985,1.3630288017959717
1412,1.1117964729159067,21.777781363872297,11.270500130275929,1.6122797460790033
1413,1.1133263349999618,17.796310986905894,11.703388888696642,1.3133483247354394
1414,1.115877174816787,21.262778558826373,11.127770224301896,4.161414539540945
1415,1.1135157860359302,25.080011241186284,11.109354381308481,1.1666051432521516
1416,1.1112710117181601,18.554965162534824,11.08169849111549,3.992734802011314
1417,1.113160947057123,20.951445739175377,10.962163089922182,13.729195589289235
1418,1.1088671515561614,17.94503905601691,10.729979075555448,1.2316595708151135
1419,1.1126821639723525,22.10277951019931,11.403805394009174,3.849660471004137
1420,1.1096800189877598,18.895810932130818,11.211237681306846,4.55439609897808
1421,1.1118981237393937,20.053318742321828,11.094410585872346,3.310129747567971
1422,1.1117344965522051,19.10556334359281,10.78238587828515,1.3981586027796085
1423,1.110559733107219,18.630884725869546,11.777758531744691,1.0723307769130639
1424,1.1089496899780475,20.911563613744065,11.679885423820355,16.642504569532996
1425,1.108794269603889,21.292870223017324,11.792817462163757,4.76256995466598
1426,1.1131293882335143,19.54854851467558,11.890252323941334,1.5124311020101224
1427,1.1130891818446056,20.851070373837146,10.886001087779546,1.5449177790616266
1428,1.1125214534527703,18.6359262314305,11.53574119904601,1.176281029669003
1429,1.1104760120273345,21.971627249811192,11.466536102818402,8.049606834464704
1430,1.1127945323128179,21.19980313683055,11.45188644618512,2.0932768344699877
1433,1.113155156403369,17.261892317883365,11.189399879852232,9.99276402740725
1434,1.1123194275160042,16.462830798255432,11.17891099282519,1.5604096569435824
1435,1.112533620018478,18.805914893129376,11.06822897897907,10.94449984744417
1436,1.1108009846428888,14.931811685905272,12.614189362024497,1.7474135740050756
1437,1.1131852399887374,18.43083227183605,10.884079800970667,7.82190463154511
1438,1.1152984553864536,15.610568075421176,10.217439063266099,1.6124688585621783
1439,1.113186090185787,18.021353855527178,11.472042428905517,7.192498146631674
1440,1.1139404732562204,14.567316284460953,11.324311580708793,1.8944424080001578
1441,1.115327634791937,17.595530503075338,11.573470990518368,1.5375444424789937
1442,1.1140052850109816,18.746279391936838,10.495620166452817,3.1212688411038663
1443,1.1147568555204963,17.47709427735463,10.862149334679481,1.716418025641685
1444,1.1164251010551671,14.916741925272921,11.60636901059686,1.4230488801517258
1445,1.1143390545247633,19.65858903834804,11.233186857558461,10.781394361311714
1446,1.1156918684316293,15.8631695667662,11.470775663712832,2.673434164935354
1447,1.115241590866307,24.97609155897893,11.292954208404732,1.878206024397309
1448,1.1141736141101917,18.69049841816883,11.475468509836755,2.179725698451801
1449,1.1151151081710444,18.0376927925945,11.372261863797325,3.379102060196638
1450,1.1153476065168593,18.86043868612228,11.194713037251335,8.937192739274373
1451,1.1127016651238277,17.532841421187797,11.910728879787044,3.0175287995047686
1452,1.117440901104119,15.657644057826388,10.990975350826993,1.4124782791241965
1453,1.114076194775815,17.999823368984416,12.074445820042637,5.634821501857056
1454,1.1175321827867115,19.29415362141929,12.161993062993924,1.2007683823107638
1455,1.117913308872903,17.57144861628666,11.717782502438391,1.826321159372873
1456,1.1187672170344423,18.930022942869545,10.825887740320281,1.6188872278832607
1457,1.1157829336842058,17.969659862692755,10.660524482868711,1.4162695025708805
1458,1.1140135948478664,15.258038215109723,12.69760369565392,1.925717258326535
1459,1.114025113966834,16.457323963912835,12.405173907192646,1.2137803956923177
1460,1.1165381838177084,16.6782367023519,10.11453977541418,2.036057706506091
1461,1.1156120065075723,18.118613353476373,11.542705224773538,1.5342547742860717
1462,1.1158733808087073,18.007079025358426,11.421667374794257,1.2281155362550567
1463,1.1270100827957514,21.36932537708174,11.536348707421944,1.6113573183921235
1500,1.1605701497138687,16.361447926893103,11.412954890024881,1.2894236732460398
1501,1.1232641560371763,20.11516753821447,11.363163708556888,3.0220462313462066
1502,1.1167486119542112,20.479590976792263,11.77075627900204,1.7183178444675606
1503,1.113894790186476,16.59877604751105,10.70388826454363,0.9602119586978002
1504,1.1089683190392914,20.63695831958511,11.489896037103668,7.4552579635570675
1505,1.1181844448960954,15.805838791591412,10.167675522107045,1.9312239789993322
1506,1.1116933975479133,15.956624993071014,11.226007158979975,1.1717060598609284
1507,1.110696270933203,21.396348176325066,11.14861358655611,1.4247708485377066
1508,1.1159200721331084,19.393965664091272,10.51224522682921,2.177109004284117
1509,1.1077392298225281,21.384047021131867,11.800466980643154,1.618255341119822
1510,1.110503217768734,21.8552678775662,11.514688232525527,2.1547714603035795
1511,1.1041526023932562,19.072442884764996,11.610206931455085,1.3756941348543559
1512,1.1066922662046759,22.40569393426201,11.007884842269453,1.4211864836219188
1513,1.1040787971638986,18.07046412961418,12.086537320802499,1.5065749990355017
1514,1.1068156864530057,21.34778368190072,11.61685107903052,2.6976855234813084
1515,1.1036453814902605,25.391671295808777,11.4881655842539,1.6016979960989377
1516,1.1029159692049437,18.750370790111727,11.426565561196892,3.748072579166699
1517,1.1062834563805446,20.832151520469854,10.812096902571607,11.714756781618968
1518,1.102400494513968,17.830494731771186,10.72950319923249,1.066970516118046
1519,1.1030378848286824,22.30668184965932,11.422461037811644,3.8997723176919123
1520,1.1004900961593078,19.008215600168747,11.549859354031431,3.7255833204492457
1521,1.1041020744448962,19.94801472653282,11.3933540599382,2.618153701871958
1522,1.1045128638586506,19.320588258967415,11.092861330672202,1.6096667505884685
1523,1.1044491408509505,18.958574853847775,11.939397698586838,1.6748895039495881
1524,1.1002304609047506,21.43097876068441,11.464848954903585,14.327471715522885
1525,1.103180102978301,21.502390145587935,11.872657108474668,5.5670557705216535
1526,1.1038244122085745,19.880887204667353,12.42277689908767,1.5805260459403887
1527,1.105937182740769,21.052203882092563,10.767896416278598,1.2500992083553417
1528,1.1046073600571389,18.706415896826748,11.691147670430576,1.1929838985003427
1529,1.1027490119127414,21.983416249672626,11.5140554708207,7.185783746922998
1530,1.1056348649764143,21.206994151012726,12.11828341650166,1.2544381679271501
1533,1.10760917515461,17.52254443180161,10.909386265604367,9.074986245276822
1534,1.1029989770548743,16.321323350487706,11.166061863694798,1.760946111234184
1535,1.1073511411932528,18.806389084029302,11.119793714016605,10.28104620494814
1536,1.1053891148575639,15.277552106794761,12.799295083254542,2.2768296948630273
1537,1.1065713639587555,18.67237211233776,10.669177135834161,7.42796458760388
1538,1.1071880155486644,15.425002679354458,10.787617857385216,1.224057999710325
1539,1.1055611546340711,18.176389425191516,11.32632167328198,5.0903083885307865
1540,1.1083892517951754,14.785240841264509,11.4362114154121,1.3829225673391201
1541,1.106944473751232,18.23523188939167,11.78701790134154,1.8181788291797816
1542,1.1091820944231805,18.529118197321353,10.763581773701157,2.673016626323222
1543,1.108602468819326,17.697444018364568,10.778845030518607,1.9938460850222757
1544,1.1078264424607576,14.785886788901452,11.878567410123164,1.5652845745387265
1545,1.1052564031775798,19.798333727241403,11.340849272272104,10.204184258411793
1546,1.109102916578683,15.776297611357617,11.65452345361452,1.5600213555593976
1547,1.109422100662291,25.309605878310197,10.83023158380626,2.2364817943610773
1548,1.1073508572168314,18.396367108545114,11.578261163252801,1.8430510012790822
1549,1.1085786285984336,18.168043372071125,11.512559318808206,3.011384142157201
1550,1.1063963827175474,18.780681970076607,11.33222839407211,9.062719684532142
1551,1.105040872227672,17.665845126548472,11.71428443805739,3.0610414976169036
1552,1.1084734883790202,15.949634429339328,10.695860089101403,1.4730203300533657
1553,1.1055479311414014,18.269277892566173,12.1274720587105,4.306275614908935
1554,1.109179430792631,19.927642236188426,12.082118674190065,1.6412001785349835
1555,1.1108071367160173,17.758608014643016,11.205984924857535,1.5473526225254375
1556,1.1098092252539136,19.074060382984733,10.868394009199221,2.2388063091948402
1557,1.1094083127077006,18.210740323015134,10.936330933197963,1.444071416598332
1558,1.1057861126025856,15.617243476459706,12.37423709181047,1.9965218464167593
1559,1.1059794421507758,16.914864072776705,12.73085261848109,1.563867040053241
1560,1.1086936224624127,16.847805049015815,10.179454010171336,1.6585434964915065
1561,1.107196415480383,18.412875974784214,11.752373119169842,1.358102328439952
1562,1.1079370939013227,18.459210756972073,11.469492736639939,1.8568494747855855
1563,1.1195536295056239,21.777661717988213,11.909962957931697,1.6511845456809984
1600,1.1680271747241093,16.34720137040094,9.71184123724579,1.5297148009905204
1601,1.12922542317946,20.442541506922172,10.828157322692572,4.18100269428344
1602,1.1213149522865515,20.54638401962219,11.952962570288795,2.226470670610742
1603,1.1206604296001665,16.973742813484524,10.628354404992095,1.087057461277116
1604,1.1160042077989647,21.169519272085523,11.14688572465412,8.324313986388542
1605,1.123383635839201,16.427135835566915,10.179737135744242,1.4803030585525445
1606,1.1182882734146216,17.106333042464563,11.038593858654574,1.222990314963434
1607,1.1157052859633814,21.922794267974037,11.240768445060038,1.4273452656842465
1608,1.1222993415168327,19.70919492914624,10.322637098475598,3.7112447901290198
1609,1.1133910151214998,22.009753058171977,11.903925203801764,2.044825833583044
1610,1.116996214943269,22.561274370897557,11.711604001760072,3.4197979608882356
1611,1.113209647152776,19.81770734605416,11.33728464410867,1.5317587658213223
1612,1.113441425689181,22.67761439824199,11.29631305045238,1.5112097744307134
1613,1.1118668869919837,18.575141891222582,11.638366394932858,1.6961282564638724
1614,1.114698261130017,21.847471119374614,11.639985411673775,4.251049431603811
1615,1.1115398253938737,25.900396777958484,11.038542374691911,1.6113198420539978
1616,1.11036736762917,19.408056210727114,11.118578761311696,5.598041406293264
1617,1.1108101557866523,21.372830311078513,11.285183264444544,15.808545214213996
1618,1.1096232948801805,18.275804713393786,11.143916812955338,1.6525647294773202
1619,1.1115849734607692,22.793669346413164,11.827633066296919,4.50273866117405
1620,1.110167499516159,19.64647292979414,11.070295437213298,4.634084072490714
1621,1.1103671235818136,20.510029082067394,11.4302213539324,4.3181329170678495
1622,1.1117345405832895,19.650665108068686,11.157945287256776,1.902705175173537
1623,1.111106958918083,19.63776910813733,11.569525882653359,1.6067485661794452
1624,1.1079424748410018,21.8321669290855,11.518993762756047,18.61539933502325
1625,1.1086560689337885,22.31420135279024,11.931523423097044,5.975711622182203
1626,1.1108972135894197,20.826754053882137,11.810441826306764,1.562397072016739
1627,1.1140639886100736,21.6420936523845,11.038251718387711,2.429046071005933
1628,1.1101169498968013,19.30780326071021,11.640157712203644,1.7697192171106448
1629,1.1098403937184036,22.996751122295752,11.279234278921411,7.950330487914331
1630,1.111325496902986,21.643919253038018,11.887001562504407,2.641753349572447
1633,1.112223451652632,18.48283240392974,10.874619057379546,9.629254900791654
1634,1.1117411659109795,17.288581128795084,10.971965031814507,1.4392163808868084
1635,1.1106312615013385,19.72235594351422,11.352601492132843,12.210674164526713
1636,1.1120145060550926,15.906204421703983,12.4271245277742,1.95234986316319
1637,1.114218496764092,19.580907182763667,10.746143554129873,8.56996509309103
1638,1.115419101200847,16.38028780710001,10.103638535682542,1.8412481648116847
1639,1.1126955474301092,18.730532399943137,11.479381211688127,6.43347800744545
1640,1.1177610353800327,15.455751805383679,11.084761116716024,2.1123648188605606
1641,1.114674341196547,18.544892576094572,11.610305943555355,2.0788178470882035
1642,1.1143320472715021,19.42358110519964,10.933967523973903,2.9074745989881445
1643,1.1168250829464008,18.04025981353378,10.741539063510903,1.9382343056183438
1644,1.1167242585649928,15.622750341485544,11.426382061138177,1.4448295217216676
1645,1.1155392988006914,20.67482441795383,10.96701424144351,13.15809674575058
1646,1.1155193532709011,16.465872657865606,11.64454535653782,2.1786317615417268
1647,1.1146481282351524,26.039168905670387,10.559026772216216,3.0202746045149778
1648,1.1147114541637648,19.03404496468023,11.36311273591089,2.4765167290084507
1649,1.1152835155879195,18.859093292459836,11.65486067656244,4.051068147429895
1650,1.1130596494093035,19.50488412843173,11.539178427588372,9.229583180084777
1651,1.1125423836350457,18.373617973107137,11.727378930743905,2.618898076978615
1652,1.1169058800637184,16.628837640790053,10.558004286965907,3.0380518738255256
1653,1.112500698746717,18.70852999170316,12.217691675802872,6.0599671683630625
1654,1.1164540696417848,20.200734349284577,12.05866009265665,1.8095187071424068
1655,1.118907555515759,18.422489518472783,11.485097823806571,2.302285669756089
1656,1.1188635312081774,19.821781084041312,10.489970418812119,2.0405049451024735
1657,1.1174159156178265,18.830452879314482,10.565250428695517,2.4974892814461476
1658,1.1127607358036657,16.063434028652736,12.672264168401504,2.220608267613355
1659,1.1134452376486799,17.23472145200765,12.930965988251996,1.8311671759771482
1660,1.1164601456863743,17.354979519883415,9.792009801533206,1.5110222862614022
1661,1.1144220354187713,18.764908083253395,11.664628998802792,1.9383520257102438
1662,1.1148284990346102,18.239473373332434,11.68767506430822,1.7957956208543402
1663,1.1248577824643828,21.70569152012768,11.742703756145753,1.663333978742492
1700,1.1613973588201782,18.015938369607323,9.928783142625194,1.0480809171361767
1701,1.1280209426639984,20.59835732421069,10.789022066333843,5.9895342923810535
1702,1.1209572127072303,21.034960413195325,11.899003855110488,1.705580293818808
1703,1.120498000906938,17.596350703661393,10.888792736956564,1.2321926363829439
1704,1.116622991122317,21.59896176449751,11.314580506078087,8.880175116596334
1705,1.1257107298663636,17.06547644879802,9.882028004170598,1.1163407800598395
1706,1.1207233939109067,17.19917549594187,10.588730713322278,0.9645102946353772
1707,1.118306280348588,22.39250083566936,11.134954233976394,1.4125329703994496
1708,1.124016276241529,20.25406878146884,10.759157224578233,3.8868918714924425
1709,1.1145332839848314,22.491815012455373,12.03234624831854,1.591303939014049
1710,1.1160052407732899,23.031209400740575,11.611500027561373,3.8148198093789283
1711,1.1147854333417346,20.257009846547827,11.238395904280521,1.4246935981569466
1712,1.1150233686713595,23.19977316761476,11.224543951694669,1.581691761532411
1713,1.1150816085245745,19.47547040942596,11.488505110140137,1.587886651423898
1714,1.115009013072935,22.44700449643148,11.784302009562083,4.525166686996119
1715,1.1131822879318514,26.50260766987423,11.030089536886011,1.546958044755412
1716,1.1117149902642165,19.831755803006903,11.560163539458976,5.420306741001193
1717,1.1138375510927867,22.112757457313617,11.33212465663481,15.763842044576792
1718,1.1107547888741494,19.037719792634174,10.951679687542216,2.0996662678913793
1719,1.1142046234144103,23.244057034983147,11.410873307012775,5.049957456177947
1720,1.1118328180458117,20.21123907927187,11.132408611041672,5.675225173874482
1721,1.1116769505057198,20.809059195064503,11.437537514502504,4.35983459556034
1722,1.1142790998729393,20.22282677132827,11.014891171474915,1.9414507136995187
1723,1.1126297725554148,19.998107307775513,11.760243100101809,1.584071530511697
1724,1.110010254896062,22.44468449183768,11.280614934250101,17.383394665844197
1725,1.1102265859145184,22.49148993692799,11.946426335142116,6.410355886542303
1726,1.1141234429382645,21.044563971702292,11.724320349881669,1.7239890699665372
1727,1.1136066076668574,22.075528935815463,10.739165502267294,1.9121549222578835
1728,1.1130121766272016,19.833747814565573,11.671050187695252,1.2137364308489913
1729,1.1106523476637868,23.28526820127583,11.587343984234499,9.416715076227918
1730,1.1115713610649343,22.06115828115246,11.98595668626196,2.1969060559505875
1733,1.1145702154298787,18.59992900025458,10.933643876682776,11.309269870776175
1734,1.113808998816157,17.41720913201129,11.327660620263224,1.777691998414769
1735,1.1114608470019456,19.859689892253773,11.232338358772411,11.166910379834459
1736,1.1130702020005903,16.274591931221956,12.614153689397408,1.3764602163621935
1737,1.1157985915662938,19.540201327603047,11.136633901223565,8.121890567254166
1738,1.1170671290687073,16.67334654668354,10.280487672550498,1.7316084522746256
1739,1.1141082678995737,19.164056974767128,11.686500322275606,8.84244656273409
1740,1.1167457205358091,16.099527791730026,11.287168030752728,2.0180502375730005
1741,1.1171570586078776,18.913862587526822,11.586837216237477,1.8392537530473603
1742,1.1169200708921883,19.89259455668189,10.44063242001374,3.099811509964172
1743,1.1169678518103354,18.44727909124929,10.59602450572253,1.8313565245463592
1744,1.117070310188609,15.600045813915258,11.760354931636936,1.459738979779387
1745,1.1150277448068462,20.886081564148743,10.956981888719499,13.963189085732443
1746,1.1182448441225414,16.894721862591275,11.220427394582504,2.0875435303327152
1747,1.114996322426478,26.44537263934228,11.090397655797913,2.707273030432246
1748,1.116313994127481,19.447687730197103,11.468899968729968,2.1450297219254604
1749,1.11612040198611,19.021543827761622,11.652549544482769,5.573503490227666
1750,1.114933319110268,19.899851075630647,11.427257130127241,10.473938524466316
1751,1.1143607702842262,18.757381959382723,11.775418104957511,2.9799787354070655
1752,1.119704200770578,16.847603880884854,10.520294316978607,1.9050843717005084
1753,1.1165434283234723,19.18409553640808,12.231317285247187,5.214984576044192
1754,1.1181926712458552,20.56007350115526,11.848783047493978,1.8345651122975408
1755,1.1204336046267422,18.89085955842813,11.532020898903323,1.3357380210628027
1756,1.1194928814811735,20.2422885310141,11.020366683596402,2.1154798385172238
1757,1.118352089253654,19.075055238084712,10.840215289991926,1.973628168943776
1758,1.1141606347756126,16.407730939421484,12.921849128179119,1.9307292269977758
1759,1.116194702366239,17.880181228770006,12.378431572291866,2.2642676773898605
1760,1.1171719416496033,17.62140699696136,10.308590096494584,2.1348280054589086
1761,1.1150516110083921,19.060244635091657,11.723354169517284,1.6722274895350429
1762,1.1167612150871593,18.91061730578481,11.442698655714144,1.5241505563722475
1763,1.1238137157727635,21.950678772652974,11.818759365737277,1.594155427872716
1800,1.158615603963528,18.430997773910434,10.939657068436231,2.1038255491376434
1801,1.1279344415676174,22.13102222123535,10.695714878305997,3.959280004641553
1802,1.1238216998983945,22.659458383336233,11.78594078193935,1.7108578200016598
1803,1.1236628745068213,18.777004024818165,11.268952032445837,1.4925653787904083
1804,1.120054244461211,23.021823719345967,11.629342432408176,7.840530574056513
1805,1.127078495755799,18.385880769636707,9.857765019390976,1.1602593378166248
1806,1.1223709536371436,18.642368623625217,11.191892491048224,1.0493881945557353
1807,1.1212840068163814,23.738267651768286,11.336880574802864,1.9634291578532945
1808,1.1265683622857627,21.89288912770794,10.358868640214416,2.921423018198385
1809,1.1166321563671224,23.83406375652441,11.8449164892596,1.7146246378011678
1810,1.12038883806974,24.380298186309215,11.735084637335959,3.3253278950762106
1811,1.1159372789500113,21.697731292013184,11.505056735763885,1.5249404548388665
1812,1.1177814780723132,24.737406738760416,10.943517204217931,1.8894796146117596
1813,1.11843957852623,20.58504196403799,11.611269046307829,1.3182876157871162
1814,1.1182741453840868,23.88734670280384,11.831568184976556,3.444164017825752
1815,1.1171507842049104,27.631163370320152,11.335811045027704,1.5523558355857519
1816,1.1138008194113669,21.516168068516652,11.504315483442392,4.618101998139367
1817,1.1157693388753687,23.530715643516785,10.984662781172695,15.66166351870971
1818,1.1132623004732214,20.45469906975534,11.01076782722352,1.3958446992307187
1819,1.1143026065047943,24.672732875953237,11.837953643931002,5.822658177414766
1820,1.1154490863398234,21.59209666191698,11.416274500394321,5.407936309755215
1821,1.1160461233537342,22.578985990507274,11.453964362178302,4.89040637985695
1822,1.1164286005430013,22.153362100025976,10.911870023436093,1.323866635954393
1823,1.1142339658821174,21.24792872927839,12.289339903557078,1.62029264964987
1824,1.112761539061008,23.957235557623697,11.793657884217307,19.735406317753107
1825,1.112191827255898,24.220012777764552,12.122425628136021,5.63278349218835
1826,1.114556076353994,22.55690739132096,11.931970328287937,1.6841170048978678
1827,1.1163117101063074,23.67698030853421,11.180100803307846,1.926170830218231
1828,1.115556541670051,21.45460951866055,11.373876055034787,1.4063460143671296
1829,1.1135417532375638,24.74869716773999,11.006385415338451,7.8524248491368205
1830,1.113794999322295,23.866175829393203,12.069279634644438,2.0309487616157025
1833,1.1193969736623899,20.278529002640585,10.909935355512344,9.261062679324528
1834,1.1158750663518062,18.76757693744014,11.19528407776523,2.0153061449261975
1835,1.115696381941403,21.446413892071156,11.38502810631304,12.191894860789754
1836,1.1173805074481153,17.909926799401994,12.267324281815409,2.872870318480088
1837,1.1194640825497402,21.636272405090654,10.976417332135245,6.127151764442854
1838,1.1197195801492017,18.385004777784943,10.58272994147687,2.1059665149048734
1839,1.1187296891335863,20.848417425151197,11.580376376138979,5.553956941029751
1840,1.1188793449714118,17.692235143295104,11.344926781078286,2.1903467243723513
1841,1.1197005774300683,20.740610755971606,11.814043069503489,1.6478928312328647
1842,1.1197059090939288,21.195456987568612,10.709190286440066,3.7439324827150213
1843,1.1201566512518233,20.11406151218506,11.031457707795017,1.6066293606409934
1844,1.1227788719926215,17.297732683679246,11.505791925082104,1.6170217047215245
1845,1.1190754853783156,22.002478950409945,11.245342663424907,12.526539238532752
1846,1.121427847594018,18.609476409939166,11.613122545171372,2.446415871189838
1847,1.1212696528631125,27.994089799508426,10.897599121636281,2.9573178102305233
1848,1.1184505173947863,21.067871643902187,11.922089339047854,2.6277616478112833
1849,1.1192320115566752,20.725911194095914,11.613741591433948,3.4798518147176645
1850,1.1197665174735272,21.21489266955417,11.505396150591158,10.216605290401363
1851,1.1156746711244285,20.17188838113091,12.00920787806201,4.395398885140844
1852,1.1203066461969622,18.730810904780782,10.957354898523956,1.8627000419142763
1853,1.1186555182176763,20.716249823532667,12.301210215392109,6.650623244457677
1854,1.1199036795096557,22.217140861215366,12.182723494388169,1.3709562782770064
1855,1.1235589892069426,20.630369684234378,11.324044813708142,1.9605373767640548
1856,1.1225208032813765,21.526668807597197,10.626503527817576,1.9891326454222014
1857,1.1195008821083758,20.683147016837076,11.187712612937121,1.610319786332516
1858,1.114409907044935,17.759020817567254,12.458149832406203,2.0488157428384683
1859,1.1181907873196544,19.321580238882596,12.56895609062655,1.313303915557151
1860,1.1186837679496064,19.180633617807523,9.964969498784265,1.921999168982357
1861,1.1191757021727635,20.659260998637155,11.887867039766904,2.3455103610908856
1862,1.1165794800272464,20.52541635480537,11.381978141947071,2.0609137231761356
1863,1.1259939554692184,23.545753483644692,11.80861445357002,1.5265292328478
1900,1.1541579609179575,15.866279100700485,10.642563231208479,1.9746122730214142
1901,1.1259990243614502,19.44461352395289,10.736849664076413,5.13804416628711
1902,1.1219526372859117,20.12798690706242,11.130054902863845,1.6940934233108609
1903,1.1209507999187576,16.644285123210263,10.578333511574554,1.399860703944857
1904,1.1178551086440105,20.57355662145075,11.529296489680245,8.326370491919647
1905,1.1243232956848697,16.132982283731415,9.873544661472181,1.3220911993698714
1906,1.1210324696492415,16.092645889030113,10.725054343755351,1.3157985202722213
1907,1.1189019075007554,21.318540862898008,11.118089265363352,1.3302222296523725
1908,1.1227102584608613,19.324508212324375,10.676992445062716,4.873351892208474
1909,1.1171670403914986,21.286627000905234,11.75061053736981,1.8670738667680686
1910,1.1190496602418645,22.372738568064527,11.701575433897947,5.0503803914265415
1911,1.114729727401524,19.158295523392436,11.369294531185536,1.9056718331042592
1912,1.1160571772532062,22.08493460357373,11.172791112309977,1.832085301662564
1913,1.1139882725736667,18.232256047158508,11.680300853543788,1.4361693850496504
1914,1.1173472439350416,21.420949636418165,11.447715317532083,3.8676739155614834
1915,1.1139663087401919,25.352675421882388,11.66768199736256,1.4431670172244238
1916,1.111990873267566,18.905755778880376,11.083530169072636,5.191354601624446
1917,1.1143287930805106,20.86370538624135,11.044094131951178,16.735072055421817
1918,1.110067944809803,18.077033779324093,10.821641798728649,1.6537570523017227
1919,1.113611308974674,22.367303976752584,11.357241290500244,6.567311958625962
1920,1.1124718077090123,18.97944449265431,11.417716348855498,4.239556574142977
1921,1.1118988024365744,20.122732237209526,11.387036806510022,5.773669180448575
1922,1.113909699716284,19.10508505267263,11.055086746923726,1.4791139074198174
1923,1.112644713183194,18.90360359635239,11.785116993799457,1.7187711415468698
1924,1.1125576401068062,21.4297839708983,11.326451706776336,18.907376265305306
1925,1.1107519887948794,21.81511728440566,11.747966724601985,8.819357719996866
1926,1.1122807080078552,20.28256330285486,11.646185989038337,1.3715485421505493
1927,1.1125978396200307,20.852444813332497,11.17905463913151,1.7647372626139555
1928,1.113414483933172,19.042256521340185,11.476429564514708,1.4338578017545183
1929,1.1123042316150484,22.081201126808917,11.639206457961965,8.830587940997907
1930,1.1127452742208155,21.022932554195823,11.650053164338276,2.6333416852417972
1933,1.1163705037147307,18.07255481752872,10.645153337207434,10.295051183188297
1934,1.1129339650918353,16.75196402543,10.966380912952365,1.7115606195171942
1935,1.1134080926325436,19.01397304300479,11.07644409071164,11.710480560170788
1936,1.1127965631331895,15.518753046093229,12.49895142017727,2.202830779602128
1937,1.1166109141109843,18.840544129566748,10.757326279770254,8.155717884467952
1938,1.1176185395522793,15.740624791986463,10.280042145716697,1.4628359862946698
1939,1.11527009277499,18.153931480137086,11.71650955039765,7.877940450128138
1940,1.1180570507309449,14.989549868233611,11.352656051837018,1.719450828690217
1941,1.1162613636567942,18.092673150063607,11.594612543866841,1.6714894074591964
1942,1.1179401825873654,19.04072479705279,10.628498770565495,3.2381672097134797
1943,1.118060779393262,17.870874726529582,10.768391220526553,2.0719885219609995
1944,1.1193686115829595,15.027592626236666,11.715102372985108,1.4357585601941953
1945,1.1169463806369377,19.708015286301087,11.079270300728382,15.119717745978024
1946,1.1192449718245323,15.906803117320475,11.471962154016214,2.1728472640122556
1947,1.1170773086871983,25.131267486149028,10.911946585465433,3.3540408360567087
1948,1.1160550559089568,18.875891519960767,11.4439931487883,2.3826616728551375
1949,1.1169474383910765,18.236379306854975,11.590279243394662,4.0715528570926445
1950,1.1168328366377616,18.762745150721663,11.559903077518964,12.069404074426275
1951,1.1132756473468959,17.883408964973373,11.800712608303032,4.21090625209135
1952,1.1173276815739108,16.14690171449272,11.030475361754897,1.5002026784890015
1953,1.1138220298029102,18.187845044842234,12.0648314436327,5.4558552972172825
1954,1.1167095242485052,19.56204442418197,11.806555248776448,1.9067038034637642
1955,1.119734614814734,17.943789691078777,11.31242779116546,2.177673449162816
1956,1.1195860381731546,18.988115157869846,11.082870517025675,2.796668461317913
1957,1.1179269362380866,18.103656310691388,10.301993413703658,1.6329803478402474
1958,1.1129884903402285,15.388137706153916,12.730638658554625,2.1631475534798206
1959,1.11586431863554,16.951743711763665,12.783461897945925,2.0611124346349277
1960,1.1166077637215353,16.605812163171258,10.372427255076483,1.941392180976647
1961,1.1161134092730167,18.13487116902088,11.467437787146315,2.0516104321409023
1962,1.1160285465346813,17.663985572595756,11.344025773069017,2.4380685427857247
1963,1.1229969846105734,20.85928905860915,11.608747183407953,1.2854407987863894
2000,1.1485412878942378,17.19054507592176,10.453448828365186,1.6470689017425444
2001,1.1212632147000905,20.03578370742605,11.459335990807427,3.495313351498981
2002,1.1145563018014357,20.625787871084455,11.845051301412957,1.6983541328867007
2003,1.1164038804609924,16.316794739932273,10.782560334421806,0.9901595858955532
2004,1.1115340047571485,20.315094537260137,11.469082429948703,6.425318427870885
2005,1.1208282165313634,15.867962647643141,10.337253076890589,1.239265265026389
2006,1.114741339641509,16.16758039098615,10.860067025737015,1.329354453866297
2007,1.1134255498723833,21.085332078967536,10.873912058626026,1.056586325947913
2008,1.117982134692258,19.30827949150104,10.382370636735967,1.99440144818612
2009,1.1105891446418352,21.400649133208823,12.2120314672244,1.517944083543112
2010,1.1142752627641674,21.9602809356507,11.62397922364077,3.6137384153514533
2011,1.1112172925593629,19.312985999370888,11.325983878507973,1.1490705347623593
2012,1.110157864311852,22.249044752450033,11.410732040049451,1.1112870869431368
2013,1.1108647631747306,18.095276316713484,11.61113118080508,1.2978221504273548
2014,1.11201041511802,21.33400615759101,11.932055854977156,2.1454832570751554
2015,1.109204227131607,25.379978784442415,11.41387242257561,1.5662909692256277
2016,1.1066204157452184,18.911736203560277,11.462497285184721,3.987890209375826
2017,1.1107164139101111,21.099113682882717,10.626862797575106,15.298258981861231
2018,1.105681590922645,17.947236795406678,11.220377676447702,1.7965678085746877
2019,1.1095625238495082,22.477243114409507,11.52635224836424,4.742408066331452
2020,1.1101078570665233,19.302893455848555,10.859417106559373,4.469836713468894
2021,1.1093418642203703,20.01841803495756,11.20161079744032,3.3871456372559177
2022,1.1101655395949035,19.317075163484752,10.86554909615823,1.9180724946017857
2023,1.1087985046319104,19.099782516513567,11.593810275993937,1.5277249996690114
2024,1.104081001422737,21.28603995340669,11.448060351216865,17.21338025817428
2025,1.1066297126036932,21.687758921478025,11.864125057313535,5.551709306470306
2026,1.1090491524104888,20.129105903567574,11.62641544841083,1.4833655706916795
2027,1.10983209215365,20.84219103805755,11.078034624140775,1.6488578661420088
2028,1.1077752536763834,18.87423918017407,11.621003738278546,1.8500867603030795
2029,1.1070327383380387,22.31788687539673,11.620104774631107,8.388075380851964
2030,1.107429523633679,21.49182101917114,11.60396160580581,1.8456421687081972
2033,1.1107564168487685,18.074753931396934,10.921509995454327,8.437836087574848
2034,1.1094985814192393,16.578801649669302,10.879931885818978,1.5344397807860466
2035,1.1100040170234065,19.01163439227469,10.76791126458452,9.328874496801568
2036,1.1081892109995954,15.414148508913048,12.455834195726446,1.9594195252693585
2037,1.112121617907542,18.73504449696404,10.563887504814286,8.22058157316389
2038,1.1128104163263435,15.617642931336972,10.116109889310803,1.308248690726476
2039,1.1096228607067367,18.030495374220944,11.803158539127004,4.4671468707852116
2040,1.111880309387746,15.023862158513683,11.188480083605517,1.539471022896449
2041,1.111992548979071,18.14702079902879,11.409624118523547,1.701246582609689
2042,1.112496697580648,18.910136004110406,10.626036982645143,3.0247568976964363
2043,1.1121517481392464,17.626445657954402,10.884207717798738,2.059552454171077
2044,1.113654058490217,15.023432379612156,11.583370266048476,1.3939113501657479
2045,1.111856142339737,19.856718151955803,11.437687045989291,11.888366439855817
2046,1.113871183611661,15.861411984877508,11.604998937881648,1.764880543142867
2047,1.1133782770158642,25.530108232238934,10.708180073103533,3.015085610778383
2048,1.1096893636916723,18.743300271677935,11.567655451514563,2.3426756324602795
2049,1.112757546743734,18.245007270003978,11.103346914204701,3.5380264917455913
2050,1.1121262435565178,19.078943593528408,11.819076778206059,7.8161806796431605
2051,1.1098964726237508,17.64006164028011,12.001812115999963,3.25259902009576
2052,1.1140502289618526,16.00828033426302,11.057510085465513,1.756713050558335
2053,1.1096503989647537,18.08777517563427,12.226545417149662,5.8639506155470285
2054,1.1132897628359073,19.376662021680584,12.524680049246543,1.5616119947018918
2055,1.1151546921671986,18.1593101237654,11.14175608928452,1.3644488732984876
2056,1.1144971044263619,18.789467471960204,10.732606324118636,1.9319419925725365
2057,1.1134174397432048,18.208248394314126,11.112596770484403,1.937969561528679
2058,1.10969349870644,15.270195586125734,12.773787444268393,1.843353332306515
2059,1.1107643838124128,17.099315860564772,12.516620422913295,1.7414077463182518
2060,1.112232242913065,16.68637399880126,10.420127544919858,1.6080602771558303
2061,1.1125323312574198,18.189417813910985,11.76495048546984,1.7581984664719812
2062,1.1098025190953649,18.280349297968243,11.716293486308246,1.6854563933918942
2063,1.1196997842230065,21.933981422265482,12.469872754017171,1.2478510187273957
2100,1.145985669769585,17.651133456614275,10.824105718025864,1.8692225141939856
2101,1.118325980204986,21.25309032861253,11.25804687477474,3.2152505934921973
2102,1.1110041793007317,21.62474692373544,11.954168502244801,2.194668401081877
2103,1.1143434954737625,17.422852048548,10.874476405666979,0.8638540360028389
2104,1.110838226991518,21.381504958269126,11.3532221268279,7.335884837896785
2105,1.1189314607311014,16.899082129913147,10.335822392412878,1.3477719875932375
2106,1.1143069069385025,17.062805044155564,10.879292790436224,1.726106142324989
2107,1.1140677189240002,22.24267752522446,11.04431759346353,1.6386654549476634
2108,1.1183611818825685,20.584835505643422,10.137011039308186,3.7778927634694037
2109,1.1110417752198807,22.40226095554172,12.04869070444857,1.3083327026575258
2110,1.1113638684783769,23.513184578189026,11.39329697536552,2.848353221703365
2111,1.1093775980072655,20.153774493230515,11.557590725006285,1.2176555629161085
2112,1.107917098066059,22.806791519250215,11.35226918654669,1.0587055301275534
2113,1.1100353328648678,19.2136565819515,11.564922395945237,1.6253203709220385
2114,1.110705889712625,22.138670131076566,11.770462751115463,2.9180768917476265
2115,1.1075162407862418,26.428259799586204,10.972342127064342,0.789538343083759
2116,1.1068183124581337,19.835582155202566,11.2872855905183,4.9139525044219345
2117,1.1082616236514682,22.07859589600287,10.857803322267934,14.711368515132767
2118,1.105560354661675,18.92897718102231,10.811225800446193,1.3570342582896482
2119,1.108401395794435,23.067972100711447,11.437508969537744,4.206575250564507
2120,1.106713782105973,20.187145284441463,11.106888322804341,4.832953979411011
2121,1.1077871239313517,21.150322949820996,11.317500617511813,3.237919498707748
2122,1.1091157817525277,20.364759370412457,11.238957545996163,1.614444603866107
2123,1.1079538045284838,19.79505514587715,11.766782073687642,1.643939071422101
2124,1.10515129143767,22.445386980876826,11.271285103813296,16.16029107038151
2125,1.1054901532751071,22.787630831618777,11.698712931114933,4.792645516421159
2126,1.1078944135458137,20.987924519961275,11.517715301310783,1.3113604611116205
2127,1.108139147652654,22.137250258140323,10.53127295297866,1.7167693063139495
2128,1.1074581803357078,20.096416256594107,11.24221900136955,1.2747868436670906
2129,1.105208186923128,23.350491629775657,11.394806033157492,7.866386228652516
2130,1.107756245999689,22.29195292123148,11.743066059045072,1.6120297933170227
2133,1.1078753490646893,18.746368666958034,11.194669938647438,9.40738520421465
2134,1.1066871704898613,17.597396098876356,11.063969055773025,1.199901765485083
2135,1.1075976075791154,20.15403622611698,11.144584313838417,8.115709071059028
2136,1.1086513476580917,16.16116782839826,11.917982102669118,1.7709933476220758
2137,1.1089148935525535,19.68372010807059,11.039359265788537,6.186208775754286
2138,1.1108285680028152,16.506985385682878,10.470718562043476,1.7657346250650758
2139,1.1089828932367607,19.11926242643714,11.238431597229487,7.006635024765353
2140,1.110992000481802,16.186860480451784,11.086378343605979,2.062624133992532
2141,1.1122305191317983,19.037808769958886,11.379313188071903,1.5160622091829314
2142,1.1118709769811055,19.536749708015293,10.73623577087135,3.646671117489572
2143,1.1107857235345135,18.456405853742133,10.738501163728564,1.845760923831
2144,1.1119392411392695,15.946989438547435,11.389883195189293,1.4616913054412726
2145,1.109673458447278,20.468199968165635,11.337331704058162,13.01356325888739
2146,1.1125037575393335,16.934106956809256,11.37686316967965,1.6087464393902464
2147,1.1122998659627208,26.645104429514262,10.773950528815618,1.7401511051892535
2148,1.1101775579196942,19.666973939224693,11.689242095699672,1.9197295279536994
2149,1.111211468223876,19.096917700112307,11.607033957259938,3.610481209564587
2150,1.109371849825916,19.8296283607953,11.506130018533767,10.054343523072728
2151,1.1087082176074765,18.653900711101837,11.859731845396894,2.908291133525172
2152,1.1120647375131942,16.824494841706727,11.224829127537872,2.0923770987055232
2153,1.1099629800804087,19.207966844175473,12.060583134114644,5.47178299268491
2154,1.1119605681882752,20.708918815500713,11.728296191176845,2.0547978816872905
2155,1.1130657945128126,18.900406010564012,11.32392933064225,1.6177673704272755
2156,1.1124335299575052,19.933483472378352,10.409367679543864,2.104463659761115
2157,1.1130931796983086,19.17693596005123,10.417194330335356,1.9337520446671017
2158,1.1082682303476254,17.005615896765942,12.498013457721733,2.017055053363999
2159,1.1102435834766335,18.01133151446509,12.060942312946715,1.5856771310377524
2160,1.1114625707510846,17.7396135553275,10.008853803185442,1.5123758373978562
2161,1.108538029545142,18.983718801585795,11.672533125313542,1.9612712664339886
2162,1.1087478930781398,19.02493348024205,11.282779819807832,2.100195307772699
2163,1.1179502132107266,22.74198216793903,12.286875121837067,1.4878300484118006
2200,1.1484871393405565,14.460126079305953,10.27113002962401,1.9193550400058235
2201,1.1240071745559645,18.135895249936876,11.12577442518342,3.5973105001183225
2202,1.119008162365892,18.82277007063575,11.880682179569968,1.7194252131124173
2203,1.1195595239011658,14.840777585899069,10.726935556416034,1.4301342391733474
2204,1.1155542958077578,19.015639961889203,11.586985741399651,7.551261150768517
2205,1.1236082962500629,14.23448921175229,10.251544143599542,0.9665813674437096
2206,1.121958028601597,14.626827854233282,10.920263348168419,1.184070051760526
2207,1.1180240086481137,19.805693599013374,11.41129186459161,1.0000873440767455
2208,1.1222846943845488,17.588163408247024,10.681641628263622,3.772009837827041
2209,1.1152775821930343,19.778711562329647,12.339212167191016,1.3252853236335895
2210,1.1187974676740187,20.429402942192578,11.526462425589052,3.43193839713852
2211,1.1161536650518833,17.641624820298286,11.564482007680878,1.5313325679547165
2212,1.1158218662431816,20.413005459819715,11.525070600291082,1.579096438778624
2213,1.1150398375928963,16.72606311786617,11.857730009718406,1.7005494287304668
2214,1.1177598823497175,19.74028334944138,11.721173026470366,3.381945094607341
2215,1.114641761566716,23.897895660311484,10.936421313345054,1.4960808563830548
2216,1.112567581422816,17.41474794067639,11.475641562115557,5.777982824561487
2217,1.113525806168948,19.048765037385067,11.139742982277216,16.540915484471142
2218,1.1116666465284701,16.44346158768652,10.834503091508001,1.5821120833551012
2219,1.114444738628554,20.411817014121713,11.718629263747527,4.680763550728167
2220,1.1134872410133712,17.5296006213155,10.98073230920461,6.452685223352706
2221,1.1141588694970237,18.634508508402256,11.365290447235225,3.873685754066165
2222,1.1156751994733616,17.68992746935098,11.185753918370217,1.7963162179649288
2223,1.1136152840451814,17.323299231887805,11.787268646322692,1.3673581882439465
2224,1.1091198566006915,19.88777646044837,11.970621088692056,16.320404288239565
2225,1.1116006776157392,20.21235037921758,11.823970034466972,7.316525414840885
2226,1.1141510797995877,18.692219702419553,11.828509584604015,1.770016242289804
2227,1.113471541041976,19.54825567885249,11.169366142128585,1.6684523179482795
2228,1.1126277036252301,17.40826887740834,11.643313864936577,1.3741945460934692
2229,1.110988671673206,20.640837917509018,11.688106712344045,6.84055163498317
2230,1.1133814616808537,19.69546519610966,11.678786675263089,2.1976953487986615
2233,1.1155487773780484,16.64898622944036,10.836133095201578,8.091403292347467
2234,1.1131490540809916,15.134091175612859,11.094912003417484,2.0771236809782305
2235,1.1146368198342282,17.534675839678336,11.238964431907888,9.868427081710454
2236,1.1142334411177643,13.71829902525756,12.510333172113885,1.967017731623856
2237,1.1158996252338107,17.343189163847853,10.783004619752752,6.890226647202929
2238,1.1175757188575868,14.203134126882738,10.038868773971352,1.7634224542122992
2239,1.1141726716995874,16.763997985252992,11.513116389192957,7.206903683295092
2240,1.11990133369532,13.609914844254291,11.312644656949853,2.4575294090865336
2241,1.1167650564220206,16.25461062190275,11.868956448255643,1.4271842617876254
2242,1.1154495387476138,17.333575564999702,10.485220880859965,3.2466716327332157
2243,1.1169541922316812,16.262986530951377,10.774696171379771,2.113833361500302
2244,1.1161700782398305,13.059514873084847,11.80650617941984,1.2507255411584073
2245,1.1159467473961846,18.436177132044254,10.907505184839907,13.41656456280743
2246,1.1172635881978923,14.31669435527309,11.519123109940159,2.438414368471777
2247,1.1155550491025823,25.150000617767645,11.35327232007455,2.1600200696167495
2248,1.1174693700731215,17.628905575132112,11.269696851175341,2.155349779419872
2249,1.1181319103230356,16.38330845128141,11.808651936543665,3.144231942602572
2250,1.1153599691009153,17.453883351063816,11.538105583347564,9.624422278041132
2251,1.1142400524728722,16.088233878340443,12.05616767041664,2.949432605993877
2252,1.1201665400382008,14.34254423461349,11.139463988680404,2.383530418454722
2253,1.1150845273187004,16.412431765703072,12.207683938708456,6.751692947190774
2254,1.1183529333725906,18.22187848000089,12.421570520156996,1.5278739320020587
2255,1.1195503479018005,16.35255139071116,11.666268770182969,1.6458400444540666
2256,1.1183452320490364,17.570887091613397,10.720526029849587,2.349123881378458
2257,1.1199234815428758,16.69520216820158,10.762346782648653,1.4609531703470857
2258,1.1141097684828931,13.930538191242535,13.273634499862444,2.034827409466217
2259,1.1169675749390744,15.058877028852699,12.711441667536372,1.8212528998482798
2260,1.1169111760021622,14.63801899895481,10.52945980851809,1.5310651494747722
2261,1.1168631660688786,16.44792735450305,11.858996144929526,1.5846654713310353
2262,1.1152380480641313,16.02859344632488,11.238912299018205,1.6594442208916187
2263,1.1217442708819958,19.479659794841844,12.031618022778934,1.2533333360354233
2300,1.1394556333997778,17.786060467864292,10.710538240786265,1.7754754380643607
2301,1.116018672092777,21.59840654854104,11.410905253451583,3.6420193695079695
2302,1.1099781795270665,21.870189112013158,12.21145368314077,1.6179426485903101
2303,1.1131644548831099,17.963028149213628,10.79019464312042,1.2031976888040288
2304,1.1079101418347335,21.903783779591937,11.477666093015538,7.330844202774013
2305,1.1159577069093305,17.330745784430373,10.16890907146069,1.9781807918205714
2306,1.1137363809464322,17.602644772244552,10.796919754231059,1.423663393069881
2307,1.1093421167968287,22.667481856533485,11.206682890566507,1.3620374625916096
2308,1.1156344343251434,20.683389111398984,10.280974052157417,2.9512254692604833
2309,1.1076179778676922,22.922891952460525,11.830450368700603,1.5089266838613966
2310,1.1102978544536182,23.483752421149315,11.752449192405344,2.49674491033245
2311,1.1086503088238646,20.757240281524737,11.238907376450781,1.6357797837364765
2312,1.108620247872799,23.2413203153928,11.123762378709284,1.649861771209545
2313,1.1078650354704895,19.427581845005196,11.94673352400704,1.274098611511103
2314,1.1110409387793634,22.96214923548524,11.696782317824534,2.727843181356117
2315,1.1067219694629238,27.11450703705304,11.423051643934981,1.3345348707184805
2316,1.1071975602933841,20.17185427725472,11.484805246461578,3.707476790781172
2317,1.1092331199603518,22.52934739015537,11.060839906515286,14.160738424878847
2318,1.1052094791154448,19.54911451128473,11.053330386674018,1.914751085172441
2319,1.1073193649286242,23.53548108380415,11.535081994959723,4.281736326287823
2320,1.105789197603133,20.438099201652488,11.224077366834628,4.515876479117613
2321,1.1067519924589377,21.630453348569922,11.776699903170963,3.1766221173199627
2322,1.1088428033466986,20.645187053057903,10.920304883555035,1.48531274806676
2323,1.1076424276306704,20.13970572817346,12.008811934249824,1.5605430843907215
2324,1.1028887640849174,22.892182860543794,11.527029569889391,13.736855038351564
2325,1.1047972355959368,23.142108011587457,11.884541338510768,5.881032417001421
2326,1.10626112188543,21.393906917593092,12.078852325653491,1.4345177910974682
2327,1.1070604399501949,22.47745918543003,10.989467115855119,1.3559334247938457
2328,1.1052565205015494,20.55415441028251,11.474506233975132,1.1236292795552663
2329,1.1055004895821736,24.03561646034807,11.465658936876315,6.975607042852897
2330,1.10654892295052,22.944321889227428,11.483890716586913,1.908972194756698
2333,1.1085649785238425,19.383647119407822,10.858980980458602,7.610598507085414
2334,1.1054151834372914,18.17081137635841,11.001966453614504,1.700258722692602
2335,1.1053417991756167,20.46218122916786,11.321683042007114,9.294973655866228
2336,1.106624194381949,16.48638601334263,12.219945130556432,1.7563801560079277
2337,1.1089998874602307,19.92877247497803,10.882796179493191,7.394575941729583
2338,1.1089696110731866,16.719514806351395,10.49401248813327,1.4121322757906105
2339,1.107824696873471,19.511806323086056,11.568850713415307,5.998169266848188
2340,1.1093658279224856,16.486186503213563,11.362178525965875,2.088469857022974
2341,1.108464661004321,19.193350377867766,11.75745683885929,2.4007985724261074
2342,1.1094767884762737,20.08112082835275,10.255480220766087,3.2469646833268775
2343,1.1086287576887686,18.890882083160175,11.138310187346777,1.7699159372484763
2344,1.1108777137534505,16.18063028426601,11.85875792363309,1.1709057271743177
2345,1.1075388838528688,20.834203283134137,11.26082260905603,12.295964847219514
2346,1.1110061093098842,17.21632176379429,11.837902194707329,1.994473831433392
2347,1.1103516356479155,27.21713897687172,10.804244615611122,2.2943289563314435
2348,1.107577480938183,20.65179889918267,11.814570899946574,2.1181048426690126
2349,1.1127928319135452,19.53192145934964,11.308729471058435,2.682225047133239
2350,1.11075122117882,20.023345134589828,11.263253931592168,10.557540060631789
2351,1.1080356804504048,19.014470537487966,12.345902134903286,3.1720941399812017
2352,1.1113856399236495,17.564360026433352,10.831655638776219,1.5167770345235227
2353,1.109301840298373,19.22271095931403,12.052943559563976,4.278988907105197
2354,1.1113361309633576,21.106679703654258,12.323561533138582,1.3391741567146005
2355,1.1114735211675741,19.24550144633303,11.22609574321344,1.406874223460336
2356,1.1119762874231698,20.447755832723324,10.836130476841088,1.67738769130095
2357,1.1105608611506879,19.60880166251017,10.812092476106752,2.229276360442659
2358,1.106157208827351,16.995422157980254,12.829789211952159,1.8181525187280216
2359,1.110786842927749,18.38966285253365,12.615793060676442,1.4939448032319278
2360,1.110407181422648,18.01162160826198,10.110559038232884,1.769766312413642
2361,1.1092613152294077,19.84522874818578,11.740370678371386,1.7580826111589358
2362,1.107664030703205,19.736019800390917,11.76226635071775,1.8379381542283946
2363,1.1180472849588086,23.02885951937527,12.630814430385346,2.4020838034953846
2400,1.1394625483735465,18.916859336789198,10.540670017544569,1.7278030506079918
2401,1.116276486619911,22.513092844995388,11.352926542565719,4.868259058504
2402,1.1140391769060558,23.25797795775699,11.998855244389501,2.0506587085835246
2403,1.1139652739475487,19.43970978630852,10.911830229462591,1.243269787011206
2404,1.109568297399366,23.21050441910598,11.60247096975701,7.104998930601007
2405,1.1194834068407193,18.82757407962307,10.220807467865054,1.5625478209745738
2406,1.1157308287000898,18.850420023666832,11.42481621082559,1.2746622552479185
2407,1.1149443914342705,24.132234488694863,11.436352110307686,1.0363212220896643
2408,1.118869541479791,22.089586549099632,10.679847430011856,3.3210588954913347
2409,1.1110900911574388,24.355485968498233,11.981905542824927,1.080990873188439
2410,1.1142911934807158,25.136951955675897,11.81085500689385,3.451851224735162
2411,1.110874008696912,22.110222659244638,11.753138434277899,0.9891435249939834
2412,1.1119741178519507,25.121434874099066,11.412955268285367,1.8505425237901818
2413,1.110932080115287,20.8703822476365,11.981246923545948,1.463779252343109
2414,1.1135857607760156,24.273677586635227,11.779088114748523,3.1124831581506935
2415,1.1114269960583834,28.2463606939912,11.457832207353832,1.1130911231461906
2416,1.110566599469305,21.90662989234073,11.007721798128529,5.73497019267362
2417,1.1101323680530848,23.986318371486778,11.204875728333592,12.800912185045531
2418,1.1077704958077526,20.88995260230645,11.276556625561447,1.5504277670806537
2419,1.1094821829852837,25.144026547301745,11.539414271833618,4.289186107262757
2420,1.10811535616238,22.051396819668266,11.748865126213063,5.081964807589491
2421,1.1101682025967308,23.26621576505714,10.990061810029031,4.12479962624031
2422,1.1114729765186817,22.110930885588232,11.151351817601238,1.7168341785555894
2423,1.1116532595836572,21.952057999684094,12.176914672178505,2.126835274118288
2424,1.1073131292716578,24.034865365060057,11.692286876801075,17.416128821913418
2425,1.1081949124764032,24.790184984455585,12.10005537549669,6.065320045034735
2426,1.1108676989349802,22.874378164573663,12.220854326283353,1.5461613313424476
2427,1.109499012906869,24.044926312327235,11.141793159155135,1.9374061481543299
2428,1.1089044370098584,21.770220029788266,11.965231210968433,1.4395843764816392
2429,1.1074316337036223,25.376732950450315,11.931654314586185,6.345167892351312
2430,1.109483001103352,23.89331124205058,12.108929576854585,1.6279917969164077
2433,1.1128164380584544,20.821480344211718,11.16131515537756,9.92425318366869
2434,1.108897226598624,19.559546950554527,11.467020574864174,1.6564850075162543
2435,1.109345842342479,21.8863691273926,11.53926176947764,10.608343837585489
2436,1.109939990591335,18.011649576939355,13.195921853161277,2.2525650406028834
2437,1.1111853331475572,21.70637003761921,11.67436005803443,7.197190399441295
2438,1.114006194182819,18.752026056680915,10.32718140621138,1.3418383422402562
2439,1.1096163042929024,20.92785065092757,11.978086508018334,6.954134545410904
2440,1.1135232079177455,17.67797274351285,11.31777615007783,1.7369504658819688
2441,1.1116015076806218,20.9186079670414,11.859296416830736,2.2223957892772317
2442,1.1115549381033811,21.78145557828919,11.184688954671778,2.9516722868338925
2443,1.112870260455536,20.487609629232832,11.28926078878695,1.7627829867290359
2444,1.1118414661134717,17.79309739475986,11.608081331877946,1.4200542722745861
2445,1.111591122220582,22.715416184025106,11.4546327607708,13.107047348366034
2446,1.1131683327415465,18.916194948274875,11.703481249685613,2.083697015834045
2447,1.1135318352325856,28.572772249566427,11.029450893338076,2.6918184499921067
2448,1.1131347092277233,21.62354536624007,11.62042860666611,2.276569722108348
2449,1.1151564855702945,20.988786143565637,12.002740079149754,3.6363992491679413
2450,1.1126040614538708,21.826160836283986,11.57535913971542,9.974880730207314
2451,1.1084307456080675,20.361154250913824,12.085757380025981,2.755191109756454
2452,1.1141099834465764,18.925865779789202,11.161287995593385,1.9559333241138137
2453,1.1118924066911342,21.1473682649814,12.369311619990283,4.997695181823557
2454,1.1132150849160893,22.533219094213738,12.27247496557747,1.608052021120756
2455,1.1169436010234215,20.72936517497587,11.565527614088309,1.680733362861328
2456,1.1158293400343897,21.97716041366915,10.646071028912502,1.9076642729455078
2457,1.1131576600305586,21.2788565182394,10.781320067518775,1.7850470847792803
2458,1.109326336091162,18.43859697287171,12.666457159625782,2.6813754480169507
2459,1.1112926304642508,19.645324201564627,12.709548364355882,1.800354254192663
2460,1.1143254340774242,19.421178107495557,10.07975129991516,1.5813511147265775
2461,1.112480742392962,21.05686106084147,11.540015726425315,1.8780795502731293
2462,1.1099779936576564,20.846419000382223,11.831172486276106,1.6155025706451493
2463,1.1188555582729796,23.821979051376207,12.305443140670826,1.565649705963839
2500,1.1419154060190444,17.13362710724785,10.708386896465539,2.8957554287547387
2501,1.1158953014986703,20.064105833027508,11.454156232797736,3.7441300257096457
2502,1.1128359237579557,20.842574275324207,12.458388599081607,2.1581078599968384
2503,1.114729789123282,17.02404101156131,11.095353761092106,1.1322103840976097
2504,1.1095555447214924,21.230091126842755,11.654210574488017,7.92022752205694
2505,1.1199811950933074,16.450143958127438,10.316395401416628,1.7332959895191318
2506,1.1146809188347695,16.81012963320211,11.198512419454751,1.4874658133272323
2507,1.1130471209900443,22.018201991645707,11.329510350152406,1.2851269489413792
2508,1.11849575438802,19.813064976337444,10.69633977831602,3.9052282847631914
2509,1.1123390551182697,21.935831450370898,11.99139617103425,1.243672506976521
2510,1.114094207033501,22.82793677593482,11.55618327620457,3.2303103182919157
2511,1.111602121500603,19.698898214390084,11.80349618734276,1.2103383252543531
2512,1.1116827701630017,22.598323754499237,11.298131382701529,1.4651800184666894
2513,1.110589290038599,18.93571986764117,11.875634051664223,1.289513010452284
2514,1.1153808729891,22.26669724263813,11.404210520180165,3.4466763369951905
2515,1.1101843415535797,26.268095045153476,11.596770675581913,1.6171423796063733
2516,1.1101909091582896,19.52134985183024,11.694512521343464,5.231984743368767
2517,1.1135101486291625,21.557575652519386,11.07504833275758,15.452286620128731
2518,1.1095725121818814,18.479295154917228,11.228698303143425,1.7578308154793731
2519,1.1108728584282355,22.924126133270857,11.796022112490604,4.621648178638688
2520,1.1106431345275918,19.990809523015006,11.171473183195094,5.832204507913058
2521,1.110895667521196,21.02201243729991,11.419100315075484,4.343528737256139
2522,1.1122074714284196,19.963149043274196,11.208810783071481,1.220902238875331
2523,1.1109411114885241,19.810268034486107,11.9593040482173,1.5459811288346603
2524,1.107649379714974,22.185498648785362,11.719516912193754,17.393040267730196
2525,1.1084649038476169,22.486635107085085,11.801079831254476,6.399158277633566
2526,1.1126793818019747,20.984000876354184,11.98784109915645,1.6452017166448294
2527,1.1109445905968645,21.8194517052095,11.237318905864138,1.7497405702491458
2528,1.1077242831427716,19.696039500067364,11.810189656477329,1.1972484223284392
2529,1.109542590011895,23.22165467211056,11.472974950934246,7.815202953809509
2530,1.109788367696741,22.039822520746313,11.765453251943802,1.6936126595103989
2533,1.1120725839551269,18.559393765322497,11.019320496869911,8.852443388704748
2534,1.110199777285269,17.552439602608306,11.480347604662322,2.0106223660738505
2535,1.1107621017527085,19.701006261021565,11.221973790681329,9.165843979765203
2536,1.1098392995583624,16.348733819113356,12.258113940874695,1.4701462327735333
2537,1.1134808308353619,19.49309213118555,10.859836372539105,7.273176101827802
2538,1.1140774619276577,16.126326868182225,10.385838218766317,1.6653720243853807
2539,1.1107392847398139,18.90641837022974,11.963072276643057,6.525213582322531
2540,1.1141152175811802,15.584080255792815,11.279073563371984,2.3285222334330538
2541,1.1119385193463478,18.73199504004567,11.748796067211288,1.143492353474581
2542,1.1110267382791799,19.376140426746826,11.105652990557775,2.8915832111645168
2543,1.1132925012019217,18.580092895099277,10.782263419013265,1.7428337950021926
2544,1.1139704871678646,15.686048540360613,11.662732332285659,1.1736099779613183
2545,1.1122143361277756,20.54473785888536,11.182940762280726,13.115982707128236
2546,1.1149293607686788,16.602432650116242,11.817033924376027,1.7605877252940565
2547,1.1148660774284154,25.863211032423234,11.016044917443134,2.976303818802133
2548,1.1114530408418104,19.555201174312295,11.51203692632614,2.6769825273411487
2549,1.1151319610723742,18.71601621325256,11.693428616114138,2.5093759828148725
2550,1.1137522950812129,19.647471368053292,11.54172137883317,10.918706309694572
2551,1.1117551741402378,18.612513521866266,12.193524782847836,4.075387424566877
2552,1.1162958304789983,16.680811431055112,10.79552933277241,1.5107447194604011
2553,1.1122683315912394,18.80840195750739,12.605816893789017,5.986760369325015
2554,1.1165533963772059,20.481417452152392,12.341336753349793,1.1677862882191774
2555,1.1170171898182666,18.793479022263917,11.498739157048815,1.8303450790168747
2556,1.1158925291023614,19.975436019959567,10.664132550675859,2.562973705582685
2557,1.1142898386727789,18.8255322357862,11.241033594412812,1.961146757189675
2558,1.1113232336581695,16.086556335904817,12.831643189272278,2.2624028851069427
2559,1.1106648255868516,17.131110562415156,12.793385550061542,1.9079085256362975
2560,1.1157377755320497,17.098329355074217,10.06780265846679,1.5077520645678306
2561,1.1133809806621833,18.62754582656317,11.661402021045253,2.16891400170924
2562,1.1124256557800554,18.426046526572073,11.7220550721485,1.6543213862543555
2563,1.119353190713898,21.828962473412087,12.18995012063013,1.5767125192241251
2600,1.1375922242839918,16.269879973044997,10.464698086835067,2.0190770163178473
2601,1.1129584587058268,20.45995139360104,11.562008555104677,4.296202143895097
2602,1.1127092738739386,20.424183847219435,12.131774755975117,2.113208620785093
2603,1.1127180067014495,16.729468247192006,10.875723969943085,1.2342081211969151
2604,1.1091018973478366,20.543872803772604,11.40930594318231,8.197129046369675
2605,1.117538182193126,16.005951777697394,10.218697560421308,2.431986824750643
2606,1.114027738743915,16.480016760541968,10.826593006463506,1.7242453862030545
2607,1.110890424795314,21.326529317128884,11.564702682662203,1.0025315303738125
2608,1.1168022442750436,19.49206812256335,10.774261241629297,3.2567878602012237
2609,1.1098449155902006,21.511267302521098,12.28354360068225,1.4051632417534057
2610,1.1126703172751664,22.307491470962244,11.138451266977777,3.2781754999480492
2611,1.110814543936478,19.47404609669384,11.552467037771887,1.3711064507707575
2612,1.1115237881137963,22.374853522440628,11.0126159083523,1.3600174527746458
2613,1.1099826660475653,18.091094001700913,12.072923258441469,1.3737850284559656
2614,1.1125052845083734,21.532674483219914,11.515686622442432,3.4213907599245217
2615,1.1088015765454338,25.60112404249757,11.21343882004001,1.3590027196639225
2616,1.1086185947458833,19.219849041464816,11.559063151462931,3.9474657676848843
2617,1.1106741216381804,21.355056905814557,10.90943849786571,14.552434334999003
2618,1.1082043281947453,18.507124214116175,11.354141666424907,1.4669723722816224
2619,1.1089742808018375,22.64366248725525,11.670950139871524,3.5009495201800247
2620,1.1093603261053195,19.503482246713496,11.270268212853434,4.0829669941961475
2621,1.1083777444383458,20.768079029732228,11.266788364591397,2.7991656906318423
2622,1.1107389809689714,19.672436951275866,11.024003069963488,1.4749947068968587
2623,1.1106572002150035,19.541308419702567,11.853971934622448,1.315815906281994
2624,1.1053055301478274,21.367226542088726,12.354325916218276,14.896364506157461
2625,1.109055439630783,21.974239595745953,11.820319969192687,4.85511639550859
2626,1.1105505184813473,20.131452883865133,11.876723915580957,1.2218522010311896
2627,1.1116575278894998,21.402587660171296,11.281577742114694,1.6656124280916893
2628,1.111708398691457,18.97598108802465,11.255574185321732,1.2603963660078794
2629,1.1081328190488045,22.611568335941772,11.38362904014377,7.289595813859012
2630,1.1090146621919486,21.71590743014446,11.969513731270018,1.4849888191855727
2633,1.1127398674250124,18.20268854416777,10.91421423438237,7.619264486321472
2634,1.1111151535071029,17.03654525193057,10.88182359671542,1.9357227045581846
2635,1.1079834917235707,19.175229765043053,11.026114046074822,11.31272607803747
2636,1.1099671799214779,15.579048353979015,12.487089111323355,1.4005345833412175
2637,1.1131476794275592,18.94437257851054,10.9194932118643,7.388319319563347
2638,1.1126971496722906,15.66092138972919,10.46717674161019,1.4461089653655363
2639,1.111041233819673,18.607346364671304,11.556306513221356,6.261254209922886
2640,1.1141560820499652,15.517934869857935,11.10681683912876,2.047885867455568
2641,1.1113414763439562,18.20780630062988,12.081644229945706,2.2706046965968008
2642,1.1107756236659565,18.968569686678943,10.697357295495324,2.583118822347629
2643,1.1109008528440298,17.836801183877583,11.17301069148513,2.017356547795732
2644,1.1124817411344954,15.19076316864976,11.696784990201593,1.6390802062239587
2645,1.1087388326185708,20.02668873173304,11.631250245154488,11.34848687731974
2646,1.1120862404017537,16.109746988792132,12.021194380135181,2.4136467731051825
2647,1.1125798786260896,25.796747169301806,11.291475147610088,2.4603394546132207
2648,1.111944669376828,18.959689859146955,11.682730099192321,2.3253092719722788
2649,1.1132094847430223,18.116743489140678,11.861464043096312,3.6698978354571747
2650,1.1129648497636087,18.88203032831535,11.570810674980075,9.819695606306663
2651,1.1098546232833817,17.782423111137142,11.998673516861514,2.8755055422094733
2652,1.1136921460299893,16.126858526434535,10.73159060995595,1.3862333052054714
2653,1.1101824600637895,18.288424502170837,12.115609344637836,5.781504329841872
2654,1.115798992249891,19.9514388864568,12.323840208526684,2.149400567056357
2655,1.1142393442634408,18.033470619037104,11.422762559366166,1.955503334870221
2656,1.1150240890692287,19.178133401505853,11.016628912247404,1.9702327004074365
2657,1.1132664020238414,18.252638390323284,11.314921286899631,2.205849090124807
2658,1.1080402337139785,15.968997866955764,12.998827614883066,1.809429693856469
2659,1.1106548297141146,17.111178822460335,12.369398322227832,1.6367904520880423
2660,1.1128204053016604,16.753802574476662,10.339386267452063,1.5374861108938445
2661,1.1124201329106198,18.4405614786076,11.817779064431852,1.1594824991777157
2662,1.1140108494475103,18.574972155879138,11.529508735944793,1.7956219855475781
2663,1.1206099747700011,21.519101493243195,12.40436102983353,4.0586872090680375
2700,1.138473611754056,16.155871811313606,10.48129233919527,2.9126899020305657
2701,1.1145758182934538,20.223213286715193,11.427896393471043,4.401525757524988
2702,1.1127477213494945,20.21115493680248,12.235804711399746,1.9971486041282658
2703,1.1121084131052632,16.664780618494156,11.234238886240558,1.7172643599075996
2704,1.1110620945859915,20.475107576844923,12.025340533865071,8.857439334372959
2705,1.118537435060491,16.020706293515218,10.641373481433531,1.4836574870770431
2706,1.114916123045267,16.20341592325102,10.909163755517374,1.554520642097165
2707,1.1139546789172858,21.400033099599106,11.394382875443876,1.1774747111511545
2708,1.1169766689146532,19.457688455409375,10.679249472652952,4.036303112105157
2709,1.1126357708749977,21.58815784230339,12.044595110279362,2.0130342290993215
2710,1.1151436080417034,22.015540131908423,11.830925438126574,4.6325386564103175
2711,1.1116359868935108,19.54494727630539,11.760344461456103,1.3176334615929162
2712,1.11455484359364,22.464040510586322,11.285594049630173,1.5727592980185632
2713,1.1127786401145554,18.202908192133055,12.29154551398478,1.4784561182443037
2714,1.1156102572653261,21.37397561965624,11.815604661504755,2.9502513568617585
2715,1.1123219917020544,25.527767005365913,11.51717910748418,1.5298556908832028
2716,1.1112616028395432,19.03167355727549,11.83775951175174,5.611207197118251
2717,1.1115385850894428,21.288518060499793,11.245166754344586,14.822500688026883
2718,1.1087675837201756,18.253217888787212,11.022384508180224,1.8659272090516066
2719,1.113133293065458,22.43541270017911,11.674463692471218,4.150468780672683
2720,1.112358343922896,19.38892360177756,11.516232636614713,4.759654251147343
2721,1.1128643198196733,20.562929339787473,11.300931358250732,2.7003318136691647
2722,1.1137751460104077,19.33630690612049,11.301694163576283,1.4021789544321095
2723,1.1127923235862451,19.097359255312146,11.623943911029636,1.609009719657996
2724,1.1104896110514815,21.585127229301822,11.641742166753861,17.487852776721873
2725,1.1093992511111515,21.830973825180855,12.120893237902159,5.357650795717228
2726,1.1125165755574697,20.36168453407428,11.679842705053167,1.3330020779448226
2727,1.1133420892094434,21.24311940777945,11.131900967212463,1.4818106901655073
2728,1.1110416669913825,19.356893949723403,11.51527341209507,1.5498017213417223
2729,1.109566749781045,22.52943185877962,11.976052653072406,8.478619819706884
2730,1.1131429203565206,21.424347574890742,11.692013577445513,1.941280393830594
2733,1.1131807962590579,18.348207625450677,11.041263854035485,9.469749965385938
2734,1.1126060602564527,16.82246736785159,11.19496527883924,1.190578292353574
2735,1.1119044435517094,19.22544468845868,11.121106929898342,9.718595178082083
2736,1.113473689668235,15.40022417700683,12.10624005235215,1.2869095166731443
2737,1.113803790966453,19.066527864904156,11.323143706901956,7.573659492878124
2738,1.1143382946564182,15.398428737165364,10.575083117469925,1.6319010439378954
2739,1.1126401493840967,18.110835707543757,11.909957307718082,6.3671030745329364
2740,1.1138739819989774,14.945869419354924,11.222204850518988,1.792912643556561
2741,1.111649032941948,17.96969924308164,12.018425878567164,2.0109352086558254
2742,1.1138963743498878,18.986989460240576,11.357890635892993,3.0337344206202004
2743,1.1150041844867193,17.65787991726114,11.418021736638243,1.8952481494325175
2744,1.114071719410582,15.046521457201697,11.982163087660162,1.5173957150662196
2745,1.110864599572071,19.976389282884124,11.6818345295101,15.28941380351308
2746,1.115223605420305,16.490946927210803,11.939361683112608,1.923163656623212
2747,1.1141170088648913,25.395338243330066,11.225624327327882,2.694999448782708
2748,1.114229891260251,18.624591314901487,11.57784910838815,2.1566283874104264
2749,1.1152782323812795,18.56798212764805,11.820572680370612,3.708015137896005
2750,1.1136507292994284,18.9627822223535,11.83363859405934,8.94828482929841
2751,1.1116967728737785,18.00058628621443,11.93823058573106,3.4084046993392
2752,1.1162139857761735,16.030658785417454,11.134346999679662,1.9930244020157315
2753,1.112811274518545,18.471857487678296,12.453966210184623,5.9033279341547304
2754,1.1168923691280426,19.372370728855483,12.16636651970892,1.1515643133412514
2755,1.1173142961889018,18.018472714367178,11.572211593071373,1.1335630670541375
2756,1.118452966675916,19.31436134330187,10.841344987850709,1.5113092914685857
2757,1.1162178280652144,18.34317577563982,11.145000270662212,1.7924235741354704
2758,1.1124412021932892,15.854279036600138,12.873128680278093,2.340434334077229
2759,1.1151158469457831,17.27220215363797,12.605888661171269,1.5548250254170788
2760,1.11567457288428,16.84620173408738,9.765505668602552,2.052939049614463
2761,1.1140491520046183,18.30318615825944,11.716861688402007,1.8016664729954814
2762,1.1135301315998907,17.964888236608317,11.481352686432064,2.023692987304825
2763,1.1244104519357727,21.161992251876697,11.92258530454693,1.4593431690416885
2800,1.136619199780029,19.020776541297618,10.534299573341636,2.4581071085055375
2801,1.1090103173966628,23.79722622307456,11.320359852808352,3.3074882792638607
2802,1.1066950654254137,23.856190888344013,12.294656206341797,1.5560543877563593
2803,1.109546862461588,19.460428276491797,10.780183464189275,1.537475915201544
2804,1.1059442690738914,23.083456531539845,11.913151105654485,7.907986780116583
2805,1.11211747099605,18.677760404339896,10.863428790277425,1.4099016569734901
2806,1.110280052431416,18.60423535428268,11.308923966988896,1.8765437386094879
2807,1.1076296438103812,24.12860124136907,11.342446448571954,1.1125942823649166
2808,1.1115095492348772,22.05573687436389,10.943298905171911,3.4157628857097393
2809,1.1051206085652412,24.01718027253834,12.355488539502714,1.5573067115854402
2810,1.109018015307175,24.71796920434836,11.88510307989959,2.2708976727996273
2811,1.1071675962877139,21.833038012573425,11.632016287344124,1.6506947696111862
2812,1.109951950177738,25.03628342752975,11.271691000823168,1.2254574469369635
2813,1.1082950951984842,20.728562465272727,12.178882381491633,1.0583750265816048
2814,1.1091140971422107,23.971575976784546,11.411414929177896,2.1765975546355008
2815,1.1068624872476873,28.18100239936724,11.670618140731078,1.464360532683759
2816,1.1083257394177413,21.78157230950747,11.395727527806871,4.360486559373079
2817,1.1086422503310949,23.676969732198682,11.403489555443494,13.529949811876063
2818,1.1048633106777455,20.614338521977203,11.276516084948119,1.4574346553792878
2819,1.108538215494131,24.84412435729502,11.960171071932608,4.02708578551339
2820,1.1074704708896834,21.989690278581065,11.595150510714092,4.392204453128108
2821,1.1085849926592182,23.106960537215954,11.787240548690752,3.101244982004219
2822,1.1100979370324058,21.935692819660407,11.520403029077706,1.3904993192783437
2823,1.1068212689854975,21.835805836709955,12.295630144841462,1.5516814046526366
2824,1.1062420407580358,24.311916989769816,11.536753220978609,12.8427936868653
2825,1.1074698315250542,24.95349615737755,11.920442894786516,4.431999568750719
2826,1.1083564970062383,23.122740415407634,11.891786595061387,1.375080592088498
2827,1.1094704243997657,24.214697088234757,11.470381242260526,0.8473960073990118
2828,1.106360168077589,22.260964870707674,11.458296476139251,1.5295275838389202
2829,1.1065933447615477,25.19134268149996,11.688810578134218,6.38670465010401
2830,1.1078010198614259,24.221029977364946,11.856706019576716,1.5596458739755399
2833,1.1096064134026877,20.752630010874384,11.290451409564763,6.577494136269169
2834,1.1079928673239006,19.742610504551287,11.122658343352915,2.2389953694965037
2835,1.1077842527694262,21.84940797897278,11.497066746891644,6.681188814398125
2836,1.1087626208371284,18.235723848041104,12.663948508811131,2.5321788771750855
2837,1.1093562512937614,21.509848181662953,11.233770004893266,5.703339015788259
2838,1.1112042346556714,18.121718754561847,10.525229149481913,2.047035643345418
2839,1.1066891749822345,20.70191538577645,11.981873308504026,5.200266308620849
2840,1.1103844135053689,17.682576985174332,11.122643066412758,1.6225245773873034
2841,1.1086363564849906,20.7075176338871,11.873832281229284,1.6739095586298325
2842,1.1094509382814777,21.585251334488653,10.768731570756554,2.6916319679504213
2843,1.110895559642446,20.422251755364027,11.521526342168269,1.4818335199998558
2844,1.1092316658016885,17.541658996604273,11.91103636441896,1.6847038339590819
2845,1.1076907085300856,22.71401572635193,11.293028744029936,10.96872963095587
2846,1.110359511589731,18.766478828850687,11.989741982162732,2.1090810567446177
2847,1.1090681199495351,28.388377905652682,11.357069871555202,2.1383745494458197
2848,1.1076493251862811,21.59577444804592,11.422575456176085,1.9675194306766142
2849,1.1097264840432925,20.90234327863999,12.24349317731553,2.85586118785908
2850,1.1085838335985363,21.65353981521507,11.760930243975787,8.413146918992002
2851,1.1066312264126195,20.47738949151813,12.147123413815955,3.3112470935596265
2852,1.110371231343593,18.846399719550526,10.96298534034254,1.3635479227183862
2853,1.108471928766593,20.820318640000377,12.612029135487273,5.631040060199261
2854,1.1129675666092904,22.28557204977039,12.132793936752492,1.8120645339330694
2855,1.1133121976648623,20.57327154049302,11.518098536989733,1.2844583390495288
2856,1.1130328914943963,21.908857342258244,10.924735504304556,2.0021966042057597
2857,1.1133654738911547,21.107825152380695,11.0145136850087,1.8059366254015168
2858,1.1082358613132706,18.06177860982672,13.125854403181847,1.6940588090488615
2859,1.1083589039517707,19.759546237314193,12.621526116705118,1.7627238740556657
2860,1.111013765725859,19.613800827481306,10.312071537943707,2.0726421627776035
2861,1.1108860401639635,20.90099247185064,11.963060207575255,1.8226234418001013
2862,1.108949071065727,21.243945981973848,12.162476007815764,1.910323550748605
2863,1.1184086421262232,24.33287696900528,12.775073172358061,1.5228359221916312
2900,1.1446373997623476,14.902331041649397,10.827642561004573,4.181162150826388
2901,1.1222124796265622,20.890836073988535,11.977085316848573,5.470031864425498
2902,1.1212364449138221,21.969893715324112,12.280344746965408,2.708919678526036
2903,1.1221286275732356,17.204330065694457,11.587766514077604,1.2890364940278949
2904,1.117473849038509,21.1727957178252,12.356555777089797,10.225032489434007
2905,1.1256228436554512,16.75405563561267,11.298739159981832,2.329355049071728
2906,1.119197809667076,16.73218754985024,11.602141449758387,1.9452161752393278
2907,1.1212100351697964,21.91950032521164,11.570347315972896,1.2111972969871336
2908,1.1251882703323401,20.022137948436395,11.594203475499846,4.203368951933784
2909,1.118230838791802,22.252760274940506,12.792836574358775,1.8188398953940834
2910,1.1203058316714927,22.555647007411245,12.96460275265336,4.738331492760367
2911,1.1186175964010963,20.01080937704904,12.512694982357418,1.5939063288202384
2912,1.1199714906627174,22.85606426785774,11.884038184902785,2.0827575452891938
2913,1.1211834034908568,19.111997941953547,12.3321967565481,2.0827591398874565
2914,1.1238255090575706,22.155414577785866,12.430305564597715,4.09651325663608
2915,1.1192975295805887,26.30506166802718,12.080676679809049,1.5785966622477334
2916,1.117463867077751,19.919931897677504,12.247853824378668,6.201316929047228
2917,1.1209390859740604,21.81734027854055,12.045692704522322,18.911698776497445
2918,1.1188970698438134,19.174511710740376,11.290029078619442,1.590047572047663
2919,1.121811069393434,23.587491190972994,12.095151126709872,6.53701797629373
2920,1.1217636122018697,20.113114878745968,11.777051633092313,6.105676535022701
2921,1.1206098572757868,21.28314386127381,11.714515706115797,4.519396507960715
2922,1.1218923420084623,20.604774874730985,11.88303908796242,1.6402511941151203
2923,1.1210462253417155,20.26167273447617,12.658570491961374,1.6178456729535433
2924,1.1181428687138748,22.28409516661647,12.645344081911501,16.074794820326396
2925,1.1189108385214122,22.799995054658787,12.603631778266822,6.228989241303605
2926,1.1221190636278382,21.317276362436974,12.520761167090898,1.551159198124322
2927,1.1215788316503177,22.314909300036064,12.123428251117414,2.360232810021721
2928,1.1217891230033923,20.290049878129622,12.31637056508281,1.8747100091363647
2929,1.1197335695635273,23.590559621141356,12.222066193647606,8.518461585685706
2930,1.1217379892833912,22.309592434259617,12.282821357068459,2.0383940217185144
2933,1.123584342563054,19.05689506484302,11.666839487711872,9.673620954352785
2934,1.122089597936842,17.892334400143884,11.47540387785114,1.7143563373235304
2935,1.1213623452454313,20.05049571721247,11.929400836863632,11.614342017277822
2936,1.119488642198693,16.379679559860023,12.937152500428256,1.9854003886916063
2937,1.123202579403748,19.964400674854804,11.19024085997001,7.8112910376377025
2938,1.1237131256571469,16.62383268748322,10.908895882212356,1.4266126273043984
2939,1.1211134336523232,19.24591378487387,12.094311183187674,6.163973397872142
2940,1.1227872037642412,16.23911615744242,12.135105532039097,1.6227086112322051
2941,1.1208539101108255,18.89974812698529,12.868947443895628,1.5654831055058607
2942,1.1211152598326954,20.014858814004093,11.975560620165512,2.6833967510750054
2943,1.1235582533203818,18.594153191635677,11.691388821688943,1.843367782454698
2944,1.1211590275894712,15.624558606661985,12.103360640691703,1.5311924001828754
2945,1.1179375217749867,20.7124655521977,12.539157852326086,11.761615282822289
2946,1.1223966786339532,17.00795073159931,12.36593832432145,1.7710643793633434
2947,1.1237351648849219,26.571051180380028,11.232158703344673,3.0940201567032113
2948,1.1224731047637249,19.565698614208866,11.707786013348985,2.2926478229732976
2949,1.1229687691850927,19.05994871629516,12.795063107235846,3.8617188902250845
2950,1.1194348949691106,19.59293685209139,12.076997246427108,11.371744110679838
2951,1.1206515341767225,18.660183868897533,12.865875613112522,4.334961653945503
2952,1.1247093735258882,17.376807607894325,10.948672881330012,2.183112018890098
2953,1.1200835899779347,19.142827875808983,12.766299256009951,6.440443313176877
2954,1.1244371836821045,20.466622005078232,12.78183453789105,1.628839330429989
2955,1.1249064718159214,18.77365669867273,12.206028995678196,1.8998927620890445
2956,1.1247633048230974,19.833827771994063,11.466483162774757,1.9062282895680236
2957,1.1239352092671406,19.36816830291489,11.634401403459249,2.253964780194865
2958,1.1216876695527527,16.62790091194272,12.990981994107715,2.312069581777781
2959,1.1219804146694448,17.51476652847268,13.055690992226193,2.302644847538876
2960,1.1246069981188471,17.44215172779686,11.08972468365045,1.644991825829918
2961,1.1221468533710381,18.76123519303757,12.52469685860953,1.5790579223810557
2962,1.1209282733643755,18.28058541390173,12.143875618062571,2.1626010572507486
2963,1.129476605743227,21.073698849476344,12.980494884574302,1.4295425998244389
3000,1.1306965983381025,19.162278691885465,10.740034291522953,3.4149192045975054
3001,1.1125015661747015,23.532932070373533,11.533312770713133,3.039379540080162
3002,1.1075532721534675,24.215419378423377,12.014482352918598,1.7070224943204277
3003,1.11140588502698,19.86583140973404,11.18978040021982,1.5923000644201686
3004,1.1085525473270632,23.499052422849612,11.819815176605694,8.72935277655235
3005,1.1146306958447032,18.975013565553045,10.590005194299408,1.5206314920649913
3006,1.1107099857776328,19.288588846863107,11.61681118770196,1.2682197323431934
3007,1.1093514543656784,24.247114092180027,11.208364195842742,1.4403205757727564
3008,1.1161954386617237,22.530962043139795,10.71704409552476,3.744352688678983
3009,1.1097308599245506,24.40555378984976,12.352104322531998,1.8405613408349193
3010,1.1115793601580868,24.644020206488527,12.065342869691381,3.6855479880968285
3011,1.1089518728393595,21.808217010439073,12.350928092795733,1.3525134248985813
3012,1.1103929057147048,24.789924923381445,11.725976736351914,1.9333110147149748
3013,1.111859479695868,21.21114239744134,11.947561847900301,1.5264825755111675
3014,1.1117490013783309,24.30046560812426,11.476184681734715,4.245639782999144
3015,1.1111035525486839,28.461123156380577,11.466218609459807,1.541298337350066
3016,1.111318362080062,21.818728371430705,11.457468996880046,4.8079610486127375
3017,1.1113109118709588,24.07606579903593,11.168738026357088,15.12384128760171
3018,1.1077800843766965,20.95711919800938,11.192372830323096,1.4087620588067948
3019,1.1099327449046381,25.28010308510805,11.788755631411611,3.971526332869399
3020,1.109318798883053,22.082546583911018,11.425942558975525,5.690114616828704
3021,1.1110978438332284,23.269388110505933,11.782263975160282,3.4451948520928206
3022,1.1144404419389253,22.332040863268546,11.35819698923401,1.4927547067009015
3023,1.1123549470392162,22.19948708459584,11.83886224649213,1.4042305094466716
3024,1.1074557049794884,24.33899275884005,12.288985822030346,14.559144218454312
3025,1.1087077960285798,24.711386710619472,12.5192440250029,5.157862259021744
3026,1.113200879542357,23.728191194534688,11.891723255351847,1.575250583212746
3027,1.1118382838066168,24.14381420445611,11.161991573708027,1.537794024832354
3028,1.1110683266121821,22.201439081924956,11.655514771123542,1.1815430621349154
3029,1.109754419592932,25.6883947451801,11.659191883691648,7.55128893285068
3030,1.113094492841302,24.913891668743226,11.874779585469332,1.7999959228220768
3033,1.1148447527895906,21.934555808271803,11.101791587178388,10.058863578621342
3034,1.1118742627543312,20.02182273128203,11.242924920669765,1.813422827332354
3035,1.1127159551164936,22.124295553636898,11.69034048089576,9.866392638864308
3036,1.1113987801641236,18.99771317614122,12.62828113752172,1.4390832956976123
3037,1.1143383541334013,21.83168267462169,10.841566425508837,6.646284968888947
3038,1.1145469482700765,18.777769384725023,10.502252696533272,1.4222512621311252
3039,1.1121116782464504,21.37072732969322,11.568239075636166,5.995355591164103
3040,1.1142993518032658,18.240886503637856,11.326719629283936,2.1426881376678266
3041,1.1137404667251534,21.666422209241702,11.674353369862237,1.8665553487998108
3042,1.113057533251885,21.955735377110088,10.716225174842414,2.812637443090811
3043,1.112079618314496,20.901797226563033,11.206196389607227,1.4560693383834025
3044,1.1136175647714448,17.959105636615796,11.684610698112467,1.5759865101735133
3045,1.1096057139955975,23.2168145710018,11.888719935836281,14.285181875348982
3046,1.1137135155147482,19.41863174750227,11.63709067869369,1.7377935686527652
3047,1.1134012911684126,28.595382703701034,10.98159635290274,2.9362669816798084
3048,1.113512590124146,21.914543224764902,11.618637924856465,2.4169573595388787
3049,1.1146942537843825,21.202562482024383,11.731501068316533,2.4629447863813763
3050,1.111767980322047,22.21973185352426,11.983830224070802,11.586734590073284
3051,1.1093394038402897,21.03644568889204,12.062871288369424,3.4902723311190753
3052,1.1144291927696572,19.02790190550035,10.974263223868883,1.652741338483634
3053,1.1111291397805638,21.074629221624498,12.511240259413245,6.017191172705172
3054,1.1134428613148393,22.80166802750959,12.662409011841778,2.0711769698003972
3055,1.1147473173140696,21.232412004342596,11.281761610278533,2.049576315754768
3056,1.1156114591895936,22.168485937082163,10.955644281296193,2.0256154022103723
3057,1.1129595516757678,21.5746538848357,10.92566541852659,2.0624630120515386
3058,1.110438708093514,18.950705711087842,12.970847202774513,1.9468022705609778
3059,1.112682931075566,19.940012488052712,12.838312154458809,1.6784968271232137
3060,1.1151190090205831,19.956118651811444,10.47284794816077,1.6025603004838915
3061,1.1137700272280708,21.557096516983133,11.76613591807068,1.3360087233504676
3062,1.1119820586589264,21.336688482890843,11.479562459160606,1.410953312763558
3063,1.1197118007943945,24.51075123847782,12.210891253423902,1.264559657193002
3100,1.1296900054993826,19.20376488757253,10.341226619167719,3.088075939663756
3101,1.1089267399136515,23.04535875889417,11.479213073905665,4.176825452191924
3102,1.1050111339361508,23.293658828500394,12.273623775052114,1.5767295099467793
3103,1.106155031962644,19.228869376659063,10.939421227369873,1.2722248806255183
3104,1.1036962788268803,23.266047361782448,11.738419225053416,8.27434871689949
3105,1.111307712371122,18.384015790661177,10.319375454555127,1.0837701747084683
3106,1.1081129281557358,18.94735316844609,10.75872759604509,1.2930251320827204
3107,1.1072362295755118,23.568145483773083,11.293084313817412,1.21320612078945
3108,1.111039337916426,21.83275439294331,10.215565023260321,3.3086282693511118
3109,1.1048138126309843,23.750592371946304,11.859107694783651,1.493085635960298
3110,1.108968184727906,24.75944981347555,11.396419455741258,2.9108369466833244
3111,1.1049726950601768,21.546829190513108,11.761462213702226,1.4514906642424537
3112,1.1070451559505021,24.6143781937429,11.425884650866825,1.7811706297522711
3113,1.1067041676889278,20.683365975081685,11.570965771769472,1.4671698770369745
3114,1.1109832371029453,23.793867237688605,10.894762485612278,2.477430945158316
3115,1.1059571058835063,27.94255124597459,11.385408659812207,1.6486730211845113
3116,1.1043370237513008,21.452546550059946,11.522602868143593,3.4239314524179894
3117,1.107844428684256,23.522757798597418,11.081475655661265,13.967863888515781
3118,1.103238015721344,20.666824600947987,10.984089215664895,1.119289314824921
3119,1.1067554023712995,24.894363796536958,11.546360328152147,3.8898421662317912
3120,1.1076523219050465,22.061395227213023,11.015175632725061,3.823384882050891
3121,1.1080821274485244,22.786204766362108,11.312521390565443,3.5483362087982604
3122,1.1089756037407188,21.917247614435716,11.051206501359882,1.60183733229538
3123,1.1060671528993244,21.632489173235868,11.703643822673543,1.759085771957706
3124,1.1046822921279955,23.939449974054032,11.439318338365654,14.109613732724071
3125,1.1057081275091536,24.619403036847054,11.964421818147292,6.027604632258323
3126,1.1087814239215823,22.73188187852941,11.556503630865121,0.8567561480894739
3127,1.1094529836579212,23.591102365948696,10.624830327658382,1.4628754638933001
3128,1.1092082958941143,21.864258750222664,11.31872474571953,1.194812178608429
3129,1.1065441832375074,25.13804250856578,11.485721831113397,6.013990040253339
3130,1.1080108659673118,24.151566777047524,11.55588522663368,1.9954556674612853
3133,1.1104839157350133,20.796143243859916,10.476563781197752,6.896151131304614
3134,1.1071302287156144,19.584646433938214,10.992161787023091,1.6277613064002747
3135,1.1075523633500628,21.860228998435684,11.306188938503567,8.77211334857701
3136,1.1077607583604925,18.329197452433743,12.228611360611497,1.863942795687404
3137,1.1088732398497265,21.695227739903277,10.93295443883664,6.4381221291131245
3138,1.1106795192095937,18.36294189878063,10.12877373604641,1.937276242959577
3139,1.1077105866702492,21.03807405903222,11.816988381591894,5.979388305109624
3140,1.109194269440447,17.639537923545948,11.16310060130752,1.2317371328277535
3141,1.1084140662196718,21.03372358362163,11.41191520787729,1.4013299919961284
3142,1.1080798971775176,21.46285519618956,10.521581547396478,2.7932760312223364
3143,1.108741634390469,20.872569431529495,11.005085016213306,1.9026549602269998
3144,1.1091501842677385,17.684555367129196,11.741194633149805,1.003756119526204
3145,1.1079170786645385,22.680796566182725,11.080814971524953,12.794547901886393
3146,1.1091941499569038,18.82121132425108,11.816833564984181,2.0361815187542684
3147,1.1090670599149164,28.36409146930032,10.865111041353014,2.5661496443261966
3148,1.1081038693506682,21.37695732679819,11.251605816651523,2.2743129795521253
3149,1.1102390481144824,20.883520159799364,12.003658115251648,2.621816836229978
3150,1.1081824306319712,21.57140285279762,11.723050869155164,10.136489719491687
3151,1.1072027696251723,20.597183450092206,11.915614977082917,2.666143693422229
3152,1.1112390139387067,18.410499010045815,10.72864898238721,1.2163315452683772
3153,1.1073382386937776,20.657201927757203,12.161307620906705,3.9333652266337347
3154,1.1102165309460335,22.310065902053296,11.790330488923242,1.3125591874898555
3155,1.1118181949819135,20.57613877141035,11.506067799389493,1.2891714543959254
3156,1.113086948344312,21.60714716361809,10.868733438670384,1.782886202668297
3157,1.1100578388779312,21.090914118229115,10.91087037533431,2.0034606533784696
3158,1.1069698228375875,17.90416074079981,12.928138213688495,1.771790570979376
3159,1.1096807995274915,19.923025405285806,12.50159096786178,1.8939453083346356
3160,1.1103490814738552,19.584154232035353,10.344903865011938,1.377095317024136
3161,1.1096226915867675,21.173861718461893,11.714109816132591,1.9015251935658666
3162,1.1095001766061183,21.329354588578337,11.640564166368776,2.1730682982245617
3163,1.1171220922906024,24.618562266157383,12.147702627722007,1.6586080807976245
3200,1.1318390015298094,18.333156987790208,10.515709803621407,2.0099165538928494
3201,1.1097679620133403,21.24023421239723,11.617438569823879,2.7086980282775075
3202,1.106358210833366,22.121115331062192,11.946726278882638,1.513437630955605
3203,1.1080957248636054,18.0551539368564,11.376536290948376,1.2406906970649876
3204,1.1036462593417096,21.892745516906434,12.001801180406948,7.630736441431796
3205,1.1125193916707596,17.118402077948733,10.835993376612123,1.3799887011663903
3206,1.1095022473743925,17.388284396980776,11.327780600797679,1.1827330493358943
3207,1.108232438151661,22.69448531255103,11.873248840343354,1.0408957670912662
3208,1.1124452837703362,21.032434913919207,10.764043704867634,3.493124447800214
3209,1.1066656791078413,22.641158039015302,12.189348124147708,1.0686597884135984
3210,1.1084038783713221,23.42490464553892,11.7203465573816,2.6447611348293996
3211,1.1058239105150771,20.63854031923838,12.036558082874247,1.3768232102583775
3212,1.1072243367272412,23.609097603482834,11.702928075593656,1.579251368342185
3213,1.1085381738339573,19.596192616503338,12.035830068787474,1.3280695490523688
3214,1.1091387825543977,22.824798355978054,11.735367489030967,3.431294320056918
3215,1.1067421388616232,26.814229454111544,11.625426849071752,1.341535777233834
3216,1.1068295825951757,20.37190863482376,11.328948047565456,3.323052964926391
3217,1.1085038562132095,22.431642660082534,10.885290543300268,10.577751361485964
3218,1.1055997694251531,19.200213411456218,11.521720827945911,1.2684230893601234
3219,1.1080476823436507,23.582191512359064,12.036548135924068,3.411792464570551
3220,1.107698658512045,20.774592516495467,11.396507509028245,3.5918974246681166
3221,1.1085378733957327,21.674954928362638,11.321659365417926,3.0279255160220213
3222,1.1103138698302888,20.966900207763672,11.548257488590394,1.3473830319684883
3223,1.1076342754560495,20.727135144906143,12.246459030572622,1.5075557329553972
3224,1.1064469314609802,22.994264523187965,11.664099008385644,13.261539948145302
3225,1.1078460580799332,23.550147166769566,12.164878845913112,3.2617685113169914
3226,1.1088426226422925,21.63008933220589,12.24188062454523,1.460407930032185
3227,1.111620094357099,22.84004835134971,11.068052868474938,1.1830601751533436
3228,1.1102104325746476,20.809431530865826,11.69501404289277,1.419275002276026
3229,1.108813188864581,23.920310145148676,11.924214535429769,6.010228580489531
3230,1.10831083038908,23.164722730350597,12.112109278433,1.2897504569442249
3233,1.1126389133673245,19.806377755025053,10.973030462545184,6.90833635913763
3234,1.1101525202440043,18.406693298125685,11.241898911613957,1.5721927745615807
3235,1.1091115483662641,20.667171979651346,11.430603785405498,9.14607209522772
3236,1.1099201106554808,17.09820446506761,12.678067500293716,1.7401587408164054
3237,1.1110183762554449,20.46628056136295,11.836561270955045,6.0408110482481785
3238,1.110585811844262,17.58742172248164,10.707125101441619,1.463963911212238
3239,1.1084055369292138,19.86749787182305,11.824668417411491,5.170069213359444
3240,1.110830296722451,17.022148709826993,11.581741812639736,1.749041426019016
3241,1.1078920218515493,20.026598094940276,11.770082191406086,1.4233996527567059
3242,1.1101202740739335,20.61888804595287,11.093214306916625,2.6428751783591373
3243,1.1101053563644325,19.411527210133,11.355897441619923,2.053129015298224
3244,1.109712878732452,16.97624208458236,11.915666476495073,1.5376001536795587
3245,1.1081013326668467,21.721407102715414,11.878828837723576,11.48202521034715
3246,1.110509503913952,17.98223009284794,11.819267278122176,1.7532068044592002
3247,1.1092955807799214,27.12790562677519,11.607497250306103,2.204079957181828
3248,1.1085253624096973,20.446548660635763,11.527447913798671,2.510861291574187
3249,1.109214037699152,19.971347325200508,11.994089568194534,2.487315156632158
3250,1.1074684483021577,20.416868077501505,12.06659526294187,7.758917804762495
3251,1.1088589020519783,19.53545803299217,12.259475043703757,1.8933287975423392
3252,1.1124563950430824,17.672572189083724,11.278214323549241,1.0479047352042363
3253,1.1093647826569122,19.666772550633326,12.681807382622939,4.937580639060561
3254,1.1131592824128476,21.589875862519484,12.012844925495514,1.780164441159526
3255,1.113268474559929,19.444473280093963,11.73544144163985,1.5345985254773093
3256,1.1125752665130697,20.774211920147824,11.121638925782989,1.9276216203468062
3257,1.1115064173584883,20.1689460430441,11.244355607044621,2.0366921628695778
3258,1.1076364371616567,17.29922742291601,13.032667494259305,2.0708984401844566
3259,1.1101733791690698,18.808702868814134,13.092180839126838,1.3262352551029308
3260,1.1113598671190055,18.437167345411083,10.413881343966613,1.3961052075754368
3261,1.110612282906087,20.23077137769669,11.656166700685732,2.632700057065609
3262,1.1103001954572853,19.993572540287325,11.945561634273771,1.3262989928499767
3263,1.1189113330944254,23.74369587304856,12.461041508200829,1.6029272733132809
3300,1.1233330101388992,18.247253167915304,10.924671155063162,2.8275830632079386
3301,1.1030084000700322,21.81243155350246,12.147739660647387,2.380325452917771
3302,1.0978332146834524,22.048069644630267,12.783528264913748,1.7269651755371038
3303,1.1003682466348907,17.965295622250267,11.617657793771269,1.2482362364269886
3304,1.098482226685269,21.747978570396516,11.735645858106185,4.935761088237942
3305,1.1051608176485281,17.157471628002895,10.737837281117752,1.3468363679700208
3306,1.1032586224830911,17.43185156338052,10.954266339506841,1.2274175678506734
3307,1.1007452205228927,22.344891368671306,11.441845808599853,1.6209858495251033
3308,1.105086884800508,20.744639145314146,10.672114685926994,2.1447894377016983
3309,1.0992841885519817,22.348542961356653,12.526868920554524,1.387086211811561
3310,1.101672451940564,23.34522382140181,12.023859126216811,3.5080206639823843
3311,1.098051493973254,20.268267345728173,11.958867491196255,1.1602170107908016
3312,1.1016213653040887,23.303982837227867,11.422922915158999,1.5283261819358684
3313,1.1018373821403913,19.030538451532628,12.467976481963923,1.382019649844803
3314,1.1040127355688947,22.447123147401065,11.877575938020065,2.7571033708589923
3315,1.1020852862297097,26.521848680918318,11.59060870729958,1.9248155117186805
3316,1.0987417094375742,19.814076354467243,12.112600397789537,3.247688373013271
3317,1.1016054670752844,22.091948265795157,11.261760952146604,12.14473834426355
3318,1.099478001289373,18.83946071192285,11.392860028376882,1.3655056502447973
3319,1.100456526780087,23.461713491248503,11.774578905329976,2.510370694840642
3320,1.1019423532937758,20.232079457753432,11.260868396335754,4.274139893554329
3321,1.1035782390495636,20.956654825694933,11.93391843176353,2.7532498728522956
3322,1.1031965848232874,20.5251316323225,11.210820203316423,1.0457765490099689
3323,1.1019444269264314,19.996902212990577,12.359868499120989,1.4156986380210075
3324,1.0986704877859101,22.28860943585729,11.857790712536561,11.375013626539168
3325,1.099018693533385,22.824815435999056,12.810487936021518,4.015362692024065
3326,1.103318324313388,21.529198949443238,12.082255965082684,1.1100917662895826
3327,1.1035017222014305,22.04352523793375,11.771460377209461,1.3753929476738878
3328,1.101423176820906,20.159043576016845,12.137571163802265,1.1214640319958336
3329,1.1011361154885007,23.73139236694224,11.74707550606781,4.055292065881171
3330,1.1002674518962812,22.43178197085949,12.176856818866822,1.310192063891631
3333,1.1044543344472981,19.485174240079466,10.940647557969339,5.0399368712003705
3334,1.1012454840809185,17.91419948677293,11.254134850454566,1.6269096670962295
3335,1.1019218946635148,20.318835276627556,11.656922855574603,6.878079078519835
3336,1.1013983796484337,16.594415581929567,13.154311100030265,1.6181262937664578
3337,1.103249542761766,19.931566547625486,11.566019641288905,5.194357632831234
3338,1.1034948587184854,16.83446346427153,10.81360894377665,1.5933000935325616
3339,1.1019751783945213,19.419089718510836,12.123848613653442,4.656546591841956
3340,1.102257548505929,16.593028275038712,11.826530676384044,1.9400205475684453
3341,1.1006068759752012,19.287117571439907,11.859150710556117,1.7728216338971123
3342,1.1015262304557492,20.27621835783462,11.116972337171383,2.1553114165418985
3343,1.1024224016186908,19.093676138247876,11.358430571624973,1.384744011189734
3344,1.1031218118794375,16.270307953435427,11.87584487739684,1.2924284323548376
3345,1.1031183821246653,20.97816112967021,11.740635253615423,8.757601229636334
3346,1.1024683485316984,17.88330185748728,12.179539300234001,2.0442250397926407
3347,1.1037728161878442,27.01840517721822,10.784348016765922,1.5797200728597864
3348,1.102624987394617,20.2331964335827,11.720487299320679,2.2187381863801314
3349,1.1039909267238575,19.750045557061046,11.770081155930653,2.5353284753109424
3350,1.1038332963175828,20.086688852241462,11.63793674354884,8.490599511199758
3351,1.1026155486576688,19.167272042586628,12.317354565509547,3.121991372647827
3352,1.1050133340960135,17.276274870320922,11.360299049977797,1.6142179267997754
3353,1.102266078595998,19.621656413222475,12.823539952559866,4.107696055087382
3354,1.1038611257095727,20.934824361914874,12.748747648497675,1.2010165843570688
3355,1.1065271927258495,19.140657621896935,12.06431527759941,2.1132268994546397
3356,1.1076841096767807,20.309212576123752,11.042529480640383,1.448505201549052
3357,1.1061792659210914,19.76131637095768,11.273630308000586,1.983127744128232
3358,1.0985919695093895,17.314599552599994,12.963800623668405,1.6077186544582993
3359,1.1029970384357108,18.316394565493074,12.831090555725282,1.560388029884648
3360,1.1068067905292382,18.224859063189328,10.604270037824616,1.3943611101710045
3361,1.105358605112084,19.94068650320458,11.883578159158029,1.7750781511400278
3362,1.105192031289617,19.86762018141597,11.87833715583907,1.8517374521704744
3363,1.1120792213433663,23.401442968732628,12.656964991686383,1.59674121978529
3400,1.1227195909208523,18.817646411228292,11.233649034013139,2.433699100796749
3401,1.1036117840755426,22.41015509438312,11.95590207757727,4.391156270081231
3402,1.1013722838733369,23.407462897854405,12.308200742846076,2.4471014881235713
3403,1.1025110204127375,18.762855891364378,11.343643194096808,1.0470010842683986
3404,1.097905033252253,22.58017738848864,12.1721893159248,7.060108556297381
3405,1.1072861247277097,18.173635915199366,10.563979672065086,1.6252591355937696
3406,1.103349149011082,18.247768616456312,11.22327948682146,1.6374821967136772
3407,1.1026285674412555,23.254015680786136,11.814780402737327,1.455154973602612
3408,1.106301488859457,21.434263691525246,11.391499026263514,2.93074921524347
3409,1.1003136285280162,23.42844967708212,12.612299356105487,1.5444369013433814
3410,1.1030796927980722,24.1848736996255,12.202546047170767,2.8732171286808277
3411,1.101816454485187,21.246220982319784,11.957908726316763,1.9439971464482242
3412,1.1031613024888474,23.952336010559275,11.942954037287587,1.7200873687463354
3413,1.1027342900120076,20.333752081263203,12.249627724437133,2.2607848811071807
3414,1.1062437018557192,23.485083932591102,11.656827288715764,2.0452268770553963
3415,1.1052557930144975,27.19445224766121,11.704456055610484,1.8658102633932938
3416,1.1036981484136426,21.180117310673722,11.485131293433119,2.2252590093329845
3417,1.1045200225759755,22.90241278785423,11.482268984155098,12.195935682504427
3418,1.1022283306666754,20.013466470792576,11.154890328062182,1.582089585628534
3419,1.1040267773121486,24.267486116841855,11.98676185685587,3.7649557385364467
3420,1.1032738361810206,21.321707617792242,11.670875618073197,3.618521916658019
3421,1.1049046555592328,22.085706477710637,11.768945437451867,3.4261010336721
3422,1.106426397494807,21.20757352574807,11.508245684300126,1.386091318160155
3423,1.103701322902933,21.072857792487376,12.028151321761033,1.3931294160339607
3424,1.1032126817948134,23.25927025768871,12.372523918414988,12.93750387686049
3425,1.1039613859227648,23.828851707675646,11.743876169027253,4.766062972785285
3426,1.1066803749680225,22.06997967590943,11.893617439085757,1.2886596691764072
3427,1.1056871636139927,23.096196028617534,11.162410482572897,1.4396621060876003
3428,1.1044828058573375,21.125991873737142,11.51142961288991,1.7673303002923137
3429,1.1046771387291754,24.594141467953854,11.776562875778,6.020189286319572
3430,1.1046929775431187,23.842384425953536,11.839343614428975,1.3884275403925541
3433,1.1058510416391498,20.10059220177946,11.271357095643726,5.711298279570873
3434,1.1040324419022662,18.825212745841664,11.571426279600047,1.7476595550606924
3435,1.1050084191170904,21.28449515568438,11.444875445898827,7.1328504393964005
3436,1.1050979740310474,17.567785310216134,12.563194664724042,1.4984930588588132
3437,1.1065655625714028,20.7627582505566,11.191078358404761,5.207242028352988
3438,1.105910341938813,17.759504197546907,10.58237567097147,1.4820168240426455
3439,1.1058185439792618,20.18118341308557,11.65496469304665,4.482042842287521
3440,1.1061755739819759,17.128096439391406,11.379330223935694,2.341576120604252
3441,1.1037956817051242,20.45238328491044,11.809076150337196,1.5274276132828117
3442,1.1045852432320586,20.971999302450428,11.247486053264609,2.4604056065564257
3443,1.1071916179785188,19.65433413229772,11.577803317930037,1.712474287402198
3444,1.1054284488324648,17.187866529908323,11.855543455921776,1.1018694612497344
3445,1.1047120124862921,21.861432748398325,11.745132657181555,8.998601432363248
3446,1.1034105320775167,18.312848910741657,12.166513134681681,1.7451264075325237
3447,1.1065078717617955,27.749757246685263,11.37745738031024,1.9861332082093475
3448,1.106023031656298,20.81154314742755,11.9270373085904,2.1860845087011924
3449,1.1072598848877688,20.635635547962504,11.738362777788625,2.5309531636546376
3450,1.107143548203329,21.055598262909008,11.782849345294697,5.3897183401992885
3451,1.1054731873029409,20.11442318808206,12.117593165317146,2.7695976811641616
3452,1.1075309986014323,18.565378167149202,11.130841035594377,1.5357914710299045
3453,1.1048582909235807,20.863251620603045,12.418614147010047,4.489334736639616
3454,1.1072908448220187,22.32190349336448,12.586565660564613,1.2961196835578768
3455,1.1092578181784147,20.23965055152342,11.935571808202749,1.8519565472750834
3456,1.1103041131521438,21.49403633413449,11.27064662211293,1.7875101446790929
3457,1.1102314853776427,20.59752994962959,11.075375262948329,1.4916570614508815
3458,1.1050580369221836,17.868368822239415,13.063637898086045,1.6077055853256448
3459,1.1068600455003355,19.38749443043252,13.222087858604656,2.079164168222284
3460,1.107825335305461,19.25813041473616,10.794409265698015,1.5987900100382182
3461,1.1080014380448568,20.774184947083057,11.831832352756441,1.537911562580148
3462,1.1072919734528737,20.89827002819394,11.957954447676464,1.6566658434775332
3463,1.1149573067118772,24.464663014822612,12.585221098762968,1.4622713020843296
3500,1.119937059610536,19.766663827806592,10.979014031304272,2.3370911861914725
3501,1.0990278419801993,23.25893631501976,12.04888064626195,4.474250301722207
3502,1.0947091822372674,23.86097552449417,12.959216645421048,1.549227178640115
3503,1.09629225689638,19.849160800579327,11.259966623401013,1.59918704595887
3504,1.0929381495649866,23.202125085141414,12.406284307696279,6.162248349747331
3505,1.0986901635273658,19.059328059772938,11.10230458705525,1.2683471572963545
3506,1.0985578466054213,19.097423968922666,11.447316135852006,1.6105433566946914
3507,1.098758326536422,24.416489333682055,11.603230266825104,1.4673893249590952
3508,1.101082796603656,22.387242962656746,11.018379045035344,3.06618867261842
3509,1.0945361908704003,24.676603564020333,12.24442979343314,1.5247266019354442
3510,1.0973571398393138,25.208367741848072,12.149859934615757,2.6074120830914533
3511,1.0938732090690482,22.186181804127447,12.231721291956307,1.7093234290856727
3512,1.0967939268157394,25.19780692624955,11.671940300627577,1.8546558274189537
3513,1.0969710271369857,21.120382079560958,12.479899887771063,1.478625084057268
3514,1.0981911110118214,24.366273032954396,12.335055147316503,2.0973226833028678
3515,1.098121263513026,28.28735601919881,11.73064266263511,1.8333465675429317
3516,1.0959799606872076,21.854212644030305,11.823722017344775,3.760919971365311
3517,1.09626836377325,24.29087977563227,11.614389516667215,10.594487583458154
3518,1.0960349123715307,20.748805795619546,11.42053919008019,1.3309151833021162
3519,1.0977155434967887,25.28406258390287,12.065946854724851,3.800846077327476
3520,1.0987214061149875,21.941821057710804,11.871421117495883,3.0207860825910693
3521,1.0991378421707303,23.111193024813936,11.894558350052101,3.7384787916356887
3522,1.1003808664074333,22.536255508479588,11.393375029291779,1.584846257941233
3523,1.0970887408751444,22.047788185656557,12.421653753062614,1.9232641321711423
3524,1.096013413183689,24.09259595645954,12.308647491812282,11.796431676895248
3525,1.0991044631325018,25.090858502022385,12.268877266366049,4.785540869017163
3526,1.0986268549692266,23.2118139919335,12.45080308525207,1.3744246155690956
3527,1.1008579170110027,24.026924388637553,11.654098615502951,1.3261640542396615
3528,1.1003737884604101,22.14950532704709,12.071064265029499,1.5563454678370081
3529,1.097071027446552,25.424261006977684,12.278171420357483,4.849672483323694
3530,1.098027647358204,24.641160391023632,12.222596489223424,1.6165919251671976
3533,1.1017856863536493,20.882058136067243,11.128974335258832,6.323844059180204
3534,1.099353580315056,20.038680337389998,11.521263578551732,1.7374866066482608
3535,1.0970689113309893,22.129138711899838,11.829384771369213,5.6749339368757985
3536,1.098929408304514,18.24260956157728,12.572198629215265,1.9556029782041435
3537,1.1001227801499645,21.88441940161241,11.077943635372261,4.365271348582806
3538,1.100570605452923,18.708465913177744,11.141523646131345,1.1378693510691613
3539,1.0976298688054265,21.380671777476287,12.183704695896344,5.303802041765536
3540,1.0989466876663094,18.3453078299187,11.644252413126878,1.2482887603002621
3541,1.0984794078670146,21.167597046692705,12.22154559977069,1.9738081210769094
3542,1.0989948073972942,22.11824782323504,11.016045273829052,2.379253211692012
3543,1.1013643123920642,20.62254418651813,11.21120686923347,1.8926477343806352
3544,1.0988077526824453,18.400007731101617,12.27933800432322,1.0617070012026242
3545,1.0994867447653247,23.32632106618257,11.428894758456979,9.415490846579146
3546,1.1004701899762883,19.397160445618276,12.212559174983358,1.8734875329433034
3547,1.0999739704695313,28.520075440851002,11.510608263349974,1.8841327105564203
3548,1.0989033685777496,21.86901309376748,11.952251666807072,2.151841368269952
3549,1.1012505078460524,21.419121683474575,12.108760653393071,2.37381677073984
3550,1.1010060122271712,21.923427156747458,12.129256224131247,6.597765271425135
3551,1.0990408623929349,20.603320112941915,12.397040979668153,2.8053776028146005
3552,1.101711533051527,19.332938913264915,10.831903641770655,1.7866413161008963
3553,1.0970728696449656,21.571086080542482,12.918985178695218,3.3136590780392803
3554,1.1006986772418799,23.219833884076387,12.682376796888812,1.35980376764673
3555,1.1034029484062982,21.600691761199144,11.916715769649736,1.6459240523659067
3556,1.1048520781828082,22.52754684579361,11.163933529637559,1.9191320038613802
3557,1.102335451939986,21.7576002533704,11.022998823527987,1.5263158781970114
3558,1.0986719687147766,18.802999167188254,13.062833596873157,1.7660779244134537
3559,1.098697433766857,20.390751791746922,13.033829253795217,1.737068304358623
3560,1.1027849360056474,20.02897310518027,10.829467682303065,1.3410065909182642
3561,1.1024438204463867,21.89966270355264,12.154391236638306,1.6521607534245606
3562,1.1020679736591088,21.634157179534153,12.330820374524338,1.877880204196742
3563,1.1092560443080788,25.617156790499482,12.462535764936408,0.8007614771269643
3600,1.1249556007020676,17.623032257599466,10.532705988013493,3.0335459301245926
3601,1.10587943928581,20.78655203739543,11.610316890861766,3.227703490809733
3602,1.1001778832031557,21.397973324323438,12.381031781212657,2.0637860805325334
3603,1.10154392008836,17.41153614494649,10.982585169894666,1.4682004110038636
3604,1.0990425558788224,20.949603537938735,12.153540074105663,6.172623984568794
3605,1.1063307653958268,16.89864982905256,10.321768211011458,1.6031664837119228
3606,1.1024701789389029,16.94555884315861,11.233895421274072,1.5333282547052267
3607,1.1021893266675213,21.729600541620854,11.582949510416555,1.227314845129292
3608,1.1079722987132838,20.032646926595696,10.843094235179406,2.665909208654287
3609,1.1019672273640646,22.25065313848852,12.186591158001082,1.5118182628651446
3610,1.1018205390155578,23.11632765876333,11.965452718663768,2.772638805925449
3611,1.1025792051907186,20.251701595444388,11.723568452163297,1.3390784043318513
3612,1.1012443253550372,23.125230087008063,11.925680937241284,1.2279354932974889
3613,1.1024784843865698,18.831120848002993,12.279448051196256,1.5941782840126824
3614,1.1061223394350677,22.28571036714843,11.379197357532531,2.5562308351989262
3615,1.1026353117187662,26.07066569011807,11.477227428992423,1.7184681688696184
3616,1.1028711250414305,19.848231965531383,11.507258747204105,4.406580259773987
3617,1.1034097989579446,21.793040102964696,11.45848665563127,12.341722591091049
3618,1.1014073542000125,18.649215702256715,10.864417423743813,1.2166834589369107
3619,1.101985475776124,22.912357112313664,11.873927229753335,3.0364613092011425
3620,1.1039383573487727,19.85315840149768,11.475048544732113,3.6839695148772607
3621,1.1036925250299912,21.08544544737623,11.836189294277997,2.74588151080345
3622,1.104892922839282,20.09053525288563,11.497839070519484,1.7676509258297761
3623,1.1044737481545381,19.67555992655778,11.993555042905069,1.5134370003611435
3624,1.1045267503312566,22.074514756874162,11.485571050462546,13.051651788102845
3625,1.1036193226766993,22.645890502815995,11.961433611435353,4.438872257939316
3626,1.1051485137833281,20.997283155130855,12.415867833541611,1.2754603221325378
3627,1.1043547436588217,22.00461650254783,11.407709294312589,1.4141080712333718
3628,1.1051835000664427,20.154096577703736,11.883359511697847,1.5016659126993763
3629,1.1042344056570292,23.349155400300944,11.322559162522545,5.388550758626805
3630,1.1048349840725384,22.256523032248,12.02151078973969,1.88953476987682
3633,1.1069160383719012,18.89882486867614,11.302457011537939,7.528908758638253
3634,1.1023962073755171,17.57094073169213,11.026860296248811,1.864969172372865
3635,1.1037159124652658,19.727737196114195,11.484492056021196,8.612011153740557
3636,1.1032149341999793,16.263965758460483,12.925626222736572,2.096465777004495
3637,1.1044176935145542,19.54586048227587,10.96271248383801,6.9672579970336646
3638,1.1057879195243496,16.406867037681383,10.463917553132571,1.592215758443742
3639,1.1044585639259,18.758398425581937,11.367070259143876,5.086340940350809
3640,1.1033659384185104,16.105989616788616,11.757860203114044,2.0883194573283475
3641,1.1044143602484375,19.01038811750225,11.563888397879822,1.6058015686130511
3642,1.1051115838824794,19.972049745708567,10.816736926709329,2.38536577600112
3643,1.1062700533290326,18.523906958575225,11.080990992266857,1.539991979633124
3644,1.105833428525804,15.89453325174632,11.722568494187117,1.2769017400543798
3645,1.1052905139608429,20.731426695253205,11.508940647043417,8.906946041717301
3646,1.1046547912026696,17.346204296962856,11.661151447540794,1.7663331196965875
3647,1.1062344914122102,26.68630109763854,11.03883505567913,2.121115265751219
3648,1.106913439152596,19.609081369558705,11.535686830427135,2.323520012809932
3649,1.10761885244591,19.35607578005356,11.842389275556485,2.7919583313938703
3650,1.105083677061287,19.9256011788674,11.714899694339865,7.291047572627847
3651,1.1052633476759153,18.805435940368287,12.051267788613456,2.8393477553450244
3652,1.1084777454814807,16.990340087885773,11.089779210314303,1.3862062491755116
3653,1.1047756147150805,19.360724690339516,12.284120842198261,5.440422534405369
3654,1.1081490573675083,21.37146733037653,12.041447828830997,1.333807911615879
3655,1.1091798322203978,19.01698924892542,11.741040347803905,1.6721558336562339
3656,1.1115643778960598,20.159379281888533,11.266418693370039,1.7562418665899817
3657,1.1081058631577834,19.412371611873976,10.972416257622852,1.5548259451993662
3658,1.102593037593561,16.889381028173393,12.97667784174483,1.5685578085751117
3659,1.1049898684044872,18.628550727937068,12.785294107103995,1.8014571120309393
3660,1.11083197807379,17.79802788634826,10.525931442664621,1.2906706851755534
3661,1.1089910171730049,19.442821236059864,12.032025421425692,1.6007613392324398
3662,1.1090826589536704,19.734249000634875,11.919294820565023,1.1692787690721482
3663,1.1155477026418685,23.108270704750346,12.368208724593728,1.4901188040568245
3700,1.1259287778650393,19.419507892933222,10.822872399685922,2.5078199301536745
3701,1.1033741891363051,22.793813465504375,12.070368118404671,3.342005093734483
3702,1.0982114207869969,23.45764755535475,12.332303413676778,2.5434133978477176
3703,1.0984572366351872,19.425847489223983,11.285233956006198,1.502728267052422
3704,1.0990138866507535,22.89687813019933,11.621032832292705,6.209818966076984
3705,1.1053728300515597,18.555411767952975,10.5436379398096,1.3694117253373328
3706,1.1019164684226426,18.94238820452693,11.331803137650128,1.4606697187178936
3707,1.1030022764490133,24.01947833520815,11.522716005594262,1.4921141214623466
3708,1.1068108445122276,22.046179980820433,11.130217864711994,2.844854989329252
3709,1.09907049282612,24.01681229130717,12.53805671707717,1.6351566296522448
3710,1.102649682494175,24.952713124886085,11.9323544165915,3.080073022723922
3711,1.099176727823587,22.085033338569417,12.199878338474832,1.5341294230141205
3712,1.1023945661848822,25.081471265805916,11.477314755234591,1.33738246655326
3713,1.1021259990353638,20.96093974579256,12.118332887865872,1.4099850772621803
3714,1.1034335755018272,24.293825266154176,11.730613601979153,3.7493021513001774
3715,1.10125781521548,28.348912716230764,11.750062381748544,1.4188151280234433
3716,1.1023162392310355,21.59578664090992,11.742527500581792,3.86749183985768
3717,1.1042690647192333,23.792372268333963,11.117200811089694,10.28691841290733
3718,1.1028618953722364,20.89057241693503,10.979838976633465,2.0639772311308544
3719,1.1026045772247337,25.40898145584442,11.929451496136416,4.90010567836051
3720,1.103793129135499,21.705653992899997,11.635760928598541,4.211297413508154
3721,1.1035403502434085,22.719628270340902,11.558433270358169,2.370720483483718
3722,1.103624580765997,22.1989157097861,11.55043114209953,1.3419004571562354
3723,1.1052309349341505,22.02503918069982,11.81952603472734,1.6245267795090794
3724,1.1015430504837318,23.73087753672407,11.99217635972909,14.476849503756942
3725,1.1045689558450118,24.149493431988162,12.217222192676147,3.377920242749536
3726,1.1024818107702907,22.78258630767198,12.235840085508492,1.4097244576254473
3727,1.105405746225049,23.895652683166524,11.084070640344136,1.4461744641397047
3728,1.1020302224060712,21.999725281701316,11.836164174608811,1.3652640029975678
3729,1.1025288918213736,25.060918222032406,11.474256935861304,6.622482048816657
3730,1.1023218854371561,24.40911375419335,11.92883046772242,2.0007188942868623
3733,1.1041689020655068,20.81357748237621,10.846208417646498,6.206827678041665
3734,1.1037410084525976,19.38113554578291,11.351444003125444,1.0899809955676747
3735,1.1026237871468605,21.655291862255222,11.875899661559286,7.192379816468004
3736,1.10055386619992,18.22751843844345,12.806275260562973,1.7571304834769657
3737,1.1045882231896544,21.446333739247187,11.267442704496228,7.233391421651718
3738,1.1045759952170862,18.475116795272953,10.421275066783648,1.6639522095269728
3739,1.1030623452166026,20.618560447916533,12.181425051779266,4.522787623316903
3740,1.1045773486661556,17.76705227925578,11.722766895198022,1.863217893013601
3741,1.1038334334274191,20.917868005281733,12.080374283269022,1.6647070015378078
3742,1.1037100998180305,21.545804874247317,10.962847325737503,2.569225263992221
3743,1.1043664128921313,20.556688344511652,11.53344802452284,1.76315662643803
3744,1.1036621107619946,17.651433487579077,12.140403638156991,1.5377797188519786
3745,1.103711005921151,22.561257736983155,11.681647885629829,9.527394086679204
3746,1.105637250513459,19.0078805204589,11.812391102982284,1.389967978251285
3747,1.104991202728594,28.468949810353198,11.578963198119268,1.8621971673514364
3748,1.1051454419995583,21.33937413435972,11.595538602626572,2.2085648880719955
3749,1.1066956142356859,21.11832324579095,12.205169852407698,2.97930548274648
3750,1.1067067881332322,21.37190960874122,12.417335511411105,7.157002126865557
3751,1.103154640828531,20.646487532629934,12.880639692786405,2.593160001352436
3752,1.1074949637346014,18.93648263142592,11.419914373842463,1.1356681232095784
3753,1.104333023446478,21.392466611179902,12.591172839994224,5.253183518016661
3754,1.1075835945190093,23.085926512754217,12.292189535197814,1.5425814336527888
3755,1.1092180121244788,21.057082647414948,11.393744293620069,1.7925510452572897
3756,1.1099323129580665,22.30704451753581,10.879955592621412,1.6734800847001758
3757,1.1080044644703821,21.78192973344281,11.538337969920292,2.413410129130697
3758,1.104775181756181,19.17202424437621,13.3379512064978,1.5391995274578667
3759,1.1052932377708775,20.151868522594853,12.992315207445351,1.474213837272444
3760,1.109277391472667,19.96658078028854,10.170323338203639,1.7116922704579096
3761,1.1063449086989103,21.706466001228993,11.975503023015126,1.4441339333377259
3762,1.1077407723606647,21.45026260004827,11.794911723276101,1.2530198925580485
3763,1.1152786496194957,24.974553207533077,12.431195286767126,1.0275474600298065
3800,1.1246302382710565,20.910573713936824,10.698832511144088,2.423361336960648
3801,1.1028183131619587,23.735643680072513,11.64533632234113,3.8400333469219605
3802,1.0980416473626284,24.07570761397705,12.431957816921708,1.7304895600159305
3803,1.0993040590803904,20.155156130992047,11.229509268536114,1.2392874009553383
3804,1.0973534712496082,23.69797688758884,11.89391804921811,6.49981870092412
3805,1.1040524430148477,19.581847863228568,10.502993180794977,1.4688656555996382
3806,1.1036599140312446,19.92859291411948,10.97840769046356,1.8182099888077776
3807,1.10163484396677,24.627578206774444,11.418752794915326,1.268799702767238
3808,1.107435302456513,22.901200704383577,10.756075934224151,3.1402500198423415
3809,1.0997660538309992,25.056166330730164,11.941820422377788,1.5500919614137718
3810,1.1026211273691018,25.81122595635317,11.682293072923457,2.3246292514426474
3811,1.1001030037415769,22.912652378575885,12.17169494723212,1.3965574701984091
3812,1.1014857580466793,25.716380822796435,11.793679200157216,1.4312815143677766
3813,1.102824794558143,21.583375304716956,12.197640256807107,2.0699628597411346
3814,1.104237101591161,25.235670612268766,12.07832528546338,2.9866506984257017
3815,1.1020565123671833,29.309545331372227,11.38461810982726,1.4284724650626068
3816,1.100988471517254,22.577119873652308,11.927929664818924,3.6836748725958794
3817,1.1043843681854966,24.80324452401575,10.982373815268298,11.0105421417694
3818,1.100461872833753,21.349562129210398,11.248062823881675,1.509147815726344
3819,1.1030352430673869,26.048996288299993,11.76413596123542,3.548831423443895
3820,1.1023512068783798,22.827310830993675,11.731461163027927,3.469533916123358
3821,1.1040054266877326,23.997397258866883,11.589748625605024,2.6050302897433637
3822,1.104824799976247,23.057384252454856,11.54336103772775,1.4404601982090561
3823,1.1022220352165224,22.557243178518235,11.998655184353458,1.5802842860844049
3824,1.101356145107572,25.059376737275958,11.987354017190297,10.151516922230162
3825,1.1027852552632988,25.679895413618535,11.518637238333826,4.003616568770135
3826,1.1031494877767773,23.86880671675829,12.179555454457532,1.308411354368905
3827,1.1039523498434456,24.59013487884037,11.57156263875847,1.356829505651554
3828,1.1007908586501798,22.670817598990276,11.868942395450825,1.4943705199813127
3829,1.103277962793209,26.207816872325605,11.393750184511616,5.172957680302836
3830,1.1025601292844465,25.321464356013827,11.468474411043374,1.680537714551539
3833,1.103652342417239,21.520722789380084,11.331532399349838,6.183545788271125
3834,1.1004614467794143,20.25066083072859,11.012517423751948,2.220929909811682
3835,1.102719649318825,22.567251196916978,11.434181150729309,8.601474821072344
3836,1.1023201277869785,18.750110670373765,12.490889298911068,1.6407044719384283
3837,1.103762359978905,22.031527113332082,11.571014767389922,5.203327332506207
3838,1.1039788942114486,19.094068822897878,10.669215348889546,1.9281994868683283
3839,1.1012600120724736,21.656726366830362,12.031261790894769,5.998745628083238
3840,1.1012141506077568,18.65962251475492,11.881858218432535,1.7707409309329833
3841,1.102981907316349,21.795812745919683,12.156423047560155,1.6300377344666812
3842,1.1018273670434588,22.52848829394416,10.570404030574345,2.300280396892605
3843,1.104473049520293,21.405566001060933,11.191044704858736,1.57622515440245
3844,1.104996272897336,18.505967081062696,11.809502882963773,1.5288308945015006
3845,1.1036774934617095,23.33681213765764,11.584390967925419,11.209303773507578
3846,1.1048949517558198,19.66178455908191,12.247116108981901,2.1411299637459593
3847,1.1056512047266365,28.95903783626465,11.211079580700495,2.3493368732895537
3848,1.1067709600721125,22.59316645978468,11.633926036496346,2.022748221798122
3849,1.1065309867577109,22.088076822344124,11.76969831715739,2.122680196704134
3850,1.1072280029782993,22.654141819105302,11.587253679054433,8.623666964457861
3851,1.1058910663198942,21.35459887472389,12.107319382265052,1.8056318189291074
3852,1.1072418266496658,19.94964546044144,11.289280844452547,1.5018985481858889
3853,1.1057258749220589,21.994138692050274,12.708759695495212,5.283429506317082
3854,1.1096607840029948,23.558205554610762,11.795038076182639,1.3309061016829662
3855,1.1074447489177175,21.933588122362604,11.853951661327761,1.625156153627502
3856,1.1092442814518975,23.07683825110719,11.538942798896723,2.1778415140051144
3857,1.110205969762586,22.389822946763804,11.076969775943068,1.455211810269231
3858,1.1041420322693474,19.7032558129087,12.81705382420846,1.8837175929456176
3859,1.1049005332039539,21.1436722979108,13.019247338365457,1.38661235531231
3860,1.1094621407852125,20.81586370707844,10.562872892241156,1.966576479052997
3861,1.1073738849618537,22.52057762081231,11.823636721745254,1.371924298753864
3862,1.1076005039618646,22.293491480635893,12.15903585388464,1.1818304183591075
3863,1.1137870183003058,26.187478327557777,12.591618156623731,1.4288597495093467
3900,1.1273198363357801,15.443590439466234,10.838515366645144,2.1675464508794735
3901,1.1047550221546196,19.085938209923416,11.924945897971128,3.8301858872323162
3902,1.099987221651729,19.652814219944172,12.30710515343189,2.66800888623216
3903,1.101190830956155,15.674054146110329,10.903318232435254,1.505540228216299
3904,1.0983814117025046,19.757947493361083,11.80225297128489,6.744295861366547
3905,1.1074474286741054,15.141477997194986,10.461606101797507,1.23221882886777
3906,1.1038779647919372,15.249405943248615,11.048769578812557,1.5628774228869065
3907,1.1034966017666519,20.3441371661835,11.096309416250685,1.9071312217548304
3908,1.1086098918965885,18.532736253754486,10.736701700297285,3.6411125919779357
3909,1.1018981012919484,20.454763956411497,12.063074866894414,1.4545856131176214
3910,1.1038264432214706,21.15140022063159,12.01325360527364,1.9748545474192656
3911,1.1030280934075944,18.508153564837052,11.320175655608553,1.6204760614608145
3912,1.103900266695023,21.272930761955447,11.094869471774027,1.1551023822679325
3913,1.1050888606521376,17.24644170034879,12.068960891146624,1.1804799456092168
3914,1.1071431404817151,20.460825281606226,11.59370206315668,3.3811521776238966
3915,1.103835904410691,24.641567025527294,11.07809671107758,1.460916637066886
3916,1.1049933588834422,17.828427066153594,11.63632443071017,4.206050557570625
3917,1.107275613219946,20.066586632528832,11.503641789013304,12.638380932071199
3918,1.1031439653850859,17.058752882148397,10.741188746457633,1.5368807216536406
3919,1.103842810164596,21.260719803203376,11.925352467286785,5.139763121785142
3920,1.1039757604661964,18.6216528279626,11.361052550084764,4.623458867256184
3921,1.1037508550975752,19.05332047029355,11.289565571783484,2.110730769243948
3922,1.1057941897774628,18.44949626537817,10.83346497981228,1.5370934733408224
3923,1.105710028711703,18.260505490977145,11.68918506048867,1.6707825551596223
3924,1.1033602902014106,20.575878058107623,11.478927300098773,12.03922581506604
3925,1.1034295807191996,21.181384167423154,12.080234113206089,4.690149103557142
3926,1.1060143479029971,19.32768254968145,11.989506034415315,1.3970567259127311
3927,1.1067859498565686,20.17185591350985,11.078811517106612,1.3956716500227382
3928,1.105149889553277,18.295137639129333,11.739291793098356,1.3384071277933556
3929,1.1048249362429774,21.412006836453557,11.307520087419961,6.822434023976373
3930,1.1050042878841355,20.46221822106949,11.952937505519566,1.3009625058231957
3933,1.1058302778110873,16.99296702432804,11.037124526585503,7.087228600807002
3934,1.1041597353891224,15.774088372241495,11.09189909437583,1.819850645438725
3935,1.1042962811363577,18.25253530952895,11.447238184110446,10.728406547996146
3936,1.101845074440154,14.397615272892171,12.884972108979246,1.649083974304508
3937,1.103553465614525,17.550189692829488,11.140293950607065,7.271928671797636
3938,1.1073671945550616,14.562235361144259,10.257311001852685,1.9638008736613284
3939,1.1035948895659058,17.205951321312625,11.675502136394053,6.255569313208175
3940,1.1052208210596661,14.292093002221174,11.104994393578963,2.2282153380801555
3941,1.1040727274258255,17.040864728371695,11.926959723838959,1.81372262262061
3942,1.1050629682499846,18.357237932886555,10.22920968163671,2.2942911664599928
3943,1.1069511517132309,16.815242622994738,11.107144319703464,1.7583253628533697
3944,1.1067696064607844,14.172765126187063,11.377737422134247,1.80217104606612
3945,1.1059557391340964,19.083122159166166,11.577471371629713,10.52316940216989
3946,1.1084039880555394,15.244998595224365,11.769864813756831,1.9115024680925732
3947,1.1068663990547023,24.523484213765695,11.159821720816131,1.6404206086234108
3948,1.1055541401136573,17.914453994223756,11.474519983941777,1.967149549862957
3949,1.1091125136007995,17.287101817443403,11.666980733415388,3.6950289840751824
3950,1.1096204403523875,18.027742549248543,11.63931048036381,8.93845689431659
3951,1.1047976283283827,16.95773877896269,11.8315378258637,3.671270050033207
3952,1.1100182144566175,15.331469003572211,10.573722398138193,1.4819908116407274
3953,1.1079511502753925,17.406414175684013,12.340575920874146,5.543532925014804
3954,1.1098960019664017,19.124482525563188,11.782528807654128,1.770948060477251
3955,1.1117395929248237,17.371157264323358,11.63719238263504,1.9730837834577428
3956,1.110959190593531,18.58023880715062,10.714870078152845,1.8735545464826073
3957,1.1096566880803604,18.244941736246513,10.978502843997468,1.7583512473069869
3958,1.1063116993965163,15.163982467037274,12.480966240058386,1.900058144827206
3959,1.108891581431612,16.62519136971253,12.616238680365814,1.1654846561640388
3960,1.1117524862185213,16.358424124262243,10.425732223450044,1.3308932674894147
3961,1.1105476830600303,17.892773185444366,11.709054372861956,1.4815529887247831
3962,1.1108285386530807,18.000177079603322,11.711193717965696,1.3704990663240935
3963,1.1154521673072797,21.48968713450344,12.332374045043,1.487121141210512
4000,1.126771885793975,16.7344468673298,10.291061535446977,2.8148518079273965
4001,1.1062024937030488,19.94722524817494,11.712462910774123,3.733480727476549
4002,1.1000834368517645,20.379756744105805,12.675503901813133,2.1118509233027574
4003,1.100154113692838,16.76515489821775,10.94653740502587,1.4775375937786175
4004,1.0977536999469049,20.0945800309115,12.241761458816033,6.836438290039624
4005,1.1044474762610836,15.913073298757697,10.78958817086433,1.9013504661521037
4006,1.1030899535707628,15.929500871445205,11.291276691711731,1.6803890244517445
4007,1.1017823061989063,20.858456320316762,11.21580360245574,1.2206238284231863
4008,1.1062969750444365,19.197384060071983,10.460073213889338,2.911861749661905
4009,1.0993228112527345,20.82908277914142,11.854986436712858,1.2311728806250497
4010,1.1012666473861545,21.88506071720277,12.01414567668365,2.6704124293596307
4011,1.0994406485110735,19.030767891369404,11.90075273644203,1.3700605467766023
4012,1.1009464157562394,22.012776773352083,11.480618582387507,1.915417104816766
4013,1.101987510734693,17.78513093272453,12.12546760245675,1.2601209253513055
4014,1.105864280710929,21.188625698715065,11.629170110250659,3.095349456944694
4015,1.1014921838120495,25.133611040210056,11.548354965210484,1.419101325957209
4016,1.1021044087916771,18.52804632786108,11.75033889448108,3.8674379012866873
4017,1.1041798546296497,20.85216624788762,10.7781815287118,13.195615598206773
4018,1.0988626292757644,17.4661845638386,11.49640005193346,1.7375593096633921
4019,1.1011469084983236,21.905157271937338,11.757304893588035,3.793525828177503
4020,1.1028115498444855,18.966646731799926,11.47220457076079,4.1856616227999375
4021,1.1031256541314278,19.903270644408583,11.531059573268173,2.4064185732479193
4022,1.1039942727919834,19.251588907672833,11.24031153246422,1.7966671992139929
4023,1.1029660612144312,18.847289677417972,12.116120628110206,1.8037700915290893
4024,1.1001248925978728,21.03959748341358,11.667452138714967,11.924567139074204
4025,1.0991891388313797,21.2778451246094,12.859571239122635,5.191388074071053
4026,1.1041304117803894,20.049687331865467,11.781775984987332,1.1581392240630923
4027,1.104049847349704,21.192026035832804,10.994473811154506,1.3702482236282747
4028,1.1033142811532684,18.805783211439927,12.064705468753946,1.3067719201383576
4029,1.1010744875575755,21.998695803755194,11.651723073905627,6.408377670608992
4030,1.1007208902966168,21.311181819895133,12.114043614230464,1.5352579164504168
4033,1.1046979042328815,17.599225371769112,11.123523161226068,6.412915961800619
4034,1.1008620072672424,16.238737800595,11.11222696214997,1.7006145539888837
4035,1.1032091246243803,18.294040521536576,11.522170642210854,7.470001183870432
4036,1.101988304680697,14.905400925731795,12.559703171750622,1.6980429449316516
4037,1.10423911613665,18.41446762455265,10.869000529668613,5.311413846334993
4038,1.1031382488630925,15.451467814021747,10.31708983247147,1.4746359626049634
4039,1.100150037637504,17.756762790173656,11.411793368111189,4.779036212610219
4040,1.102272272564182,14.864150354838197,11.456744041642342,1.7165086209773384
4041,1.1028006858595345,17.63320550753391,11.879300033586166,1.3440986919740199
4042,1.101831192243429,18.78694088088096,10.616010923718271,2.408138777235739
4043,1.1038497517553774,17.57660147121833,11.035817853231649,1.7276157573162894
4044,1.1038943456862726,14.83368427507112,11.923939545509485,2.001334503617644
4045,1.1049886274954306,19.44189634523299,11.295142756601127,10.444481618242975
4046,1.1048080522551762,15.894074776673609,11.600995243806546,2.316268499179403
4047,1.1051489127922076,25.579695278314915,11.175177270754512,2.2234349588089453
4048,1.1037958253075602,18.274826209498837,11.75861776848481,2.534599545471211
4049,1.105052592318666,18.083127905744913,12.159543332218552,2.2604367836712265
4050,1.1074669477113124,18.86460722329197,11.484559624697761,7.43953529501162
4051,1.1041324701077235,17.306721658792142,12.0413845964952,2.6594639804446176
4052,1.1091422746744595,15.877093058318039,10.47962736739335,1.4689000788372855
4053,1.1056704598491647,17.58309636740641,12.671500580840307,3.799366257425034
4054,1.1091068044340278,19.591013105963352,11.686692641348333,1.1175154872866173
4055,1.1103764343813864,18.061860977108704,11.610043110186483,1.9406213600165474
4056,1.1095958965893282,19.245774364184104,10.982741677056985,1.8798518684125909
4057,1.1086313455056884,18.595263518674496,10.515495954413812,1.710805663752951
4058,1.1048870346536264,15.52020985930043,13.089894175374992,1.7580935196725431
4059,1.107962948408962,17.39170653386682,12.936706325646439,1.5197690485850344
4060,1.1082038532272622,16.805698888988257,10.423954629688557,1.6712651729193155
4061,1.1079961842768205,18.56834528732874,11.712574769700451,1.7018608396072368
4062,1.1092801746621777,18.634701226800956,11.689118326069899,1.7681125485879816
4063,1.1146588656451824,22.10721661034352,12.614677403526937,2.2997278120996985
4100,1.1238525619644426,17.74065301778997,11.02668305486124,2.4258480551834474
4101,1.1030038088346652,20.852111220274548,12.003800254890413,2.6352652461157007
4102,1.097615913233574,21.22169065537158,12.377340136396024,2.2771059285833433
4103,1.096111542715946,17.028272982530755,11.674211814405314,1.8882193824807432
4104,1.0963580522173595,20.93667893754218,11.8904453821706,5.828795499843497
4105,1.105226218923908,16.599786782630623,10.367449337308525,1.2246650432990205
4106,1.1008979777341985,16.649024463587434,11.398270848854853,1.1508609068565265
4107,1.1010077946998602,21.65274688352034,11.46241419241343,1.6986738418417222
4108,1.104246004417423,20.36648115733976,10.863026649784176,2.336598011797138
4109,1.097818493316326,21.840260630343636,12.49092367827671,1.8572379084257449
4110,1.100805563499239,22.870380786808454,11.92423933804746,2.366963078229603
4111,1.0992656759366297,19.966485228152333,11.705588092181369,1.591571183731182
4112,1.0996985513515942,23.021507457284503,11.678784417209688,1.3961302560409845
4113,1.1016860585975443,18.485959282201527,12.062007018133212,1.7103144127388354
4114,1.1035176313637494,22.138990141844275,11.887300519787969,2.5355297231831653
4115,1.0993795187940933,25.92687391950291,11.616158943627452,1.1991003541088556
4116,1.1007412809388202,19.900200039255925,11.490080135781362,3.8121781005746835
4117,1.1023017690666226,21.687959486113762,11.523073120056697,10.823508195190175
4118,1.1017013561447007,18.593591506122817,10.915820237685775,1.3091878650119264
4119,1.1007553019614258,23.04121562302391,11.707440801181741,3.7840705642391055
4120,1.1008609324721097,19.780063805521614,11.313465473156013,3.8582924106079917
4121,1.1003760786097614,20.61133724911114,11.943884220635633,2.8916528142678826
4122,1.1013647211114248,20.166972348463023,11.820700767398401,1.3954664508289538
4123,1.1018145305799547,19.748793373431628,11.844989933759168,1.5817287731427823
4124,1.0994005189382778,21.940521378690107,11.681239284952797,11.566803479367115
4125,1.098390152704086,22.265717234946358,12.092765400596186,5.0315302797906405
4126,1.1019212526967503,20.968713158274202,11.986280858948865,1.2341693294397758
4127,1.1019919181616713,21.658257228770704,11.167153134199811,1.1831974743175337
4128,1.1018890688318024,19.6678019045497,12.051415780680339,1.315669325563597
4129,1.1002358187914907,23.069807886368867,11.79800307440597,5.67971567595941
4130,1.1016829732147202,22.077546493064848,11.99376959262466,1.4221351839537353
4133,1.1036937870224566,18.476760380252884,11.066610751570698,6.71306316889308
4134,1.1003497335122683,17.34397496648011,11.19122806695407,1.5482743073566692
4135,1.101471712318233,19.494972308140813,11.490243659354562,9.58242680265957
4136,1.0986919819349341,15.679053224908564,13.0240355426602,1.576440695637891
4137,1.1010181533031496,19.28984005304451,11.438685944869508,5.787287571302007
4138,1.1007553469209888,16.30913237762565,10.415489030311972,1.4075649608676073
4139,1.100418361922774,18.6143093919328,11.76186588878557,5.452316107551868
4140,1.1026925752128895,15.975517191089127,11.742577015616487,1.7190715332156015
4141,1.0991688988056671,18.960115401301643,11.921187925687791,2.023316709370086
4142,1.1005899024011474,19.48825292589603,10.987882757079879,2.6461504623852248
4143,1.102289011829462,18.337755374176,11.627787608418695,1.262263486434103
4144,1.1036752362086062,15.574512501818147,11.754883433856987,1.0260508718418362
4145,1.10174548136718,20.674172172417546,11.619818412351705,9.710275648291045
4146,1.1041485320707813,16.911023947562565,11.988539631967873,2.0311960538523812
4147,1.1042376482217373,26.389625024366904,11.306074693124234,2.335098537201553
4148,1.1032752177041623,19.56780023019532,11.582595428106757,1.7559292524720158
4149,1.1046234538573563,18.94929957993126,12.074515867127644,3.1107240646565995
4150,1.105032112379542,19.517628674150988,11.787908802480636,8.609876904919341
4151,1.1017420221361311,18.3286982740927,12.425415757684668,2.9215192267597008
4152,1.1050729799694339,17.050097445172263,11.08859712229161,1.6513584090741225
4153,1.1029819423070442,18.961195873852866,12.81501058973501,4.599437724735181
4154,1.106923218113955,20.78107646820693,12.034675403055308,1.712119502510391
4155,1.1086456348712082,18.798739372859114,11.142043405766813,2.3177994422611445
4156,1.1078577469794477,20.02065249985173,10.884383504910318,1.9899471073850166
4157,1.1067391475232877,19.371125322839145,11.128583988466836,1.6282397199669956
4158,1.1017575926602552,16.64288273684828,13.363309787234863,2.179031811788445
4159,1.1061053110149615,17.911074258027753,12.664487193967487,1.6066604491949532
4160,1.1066547535340827,17.64266063709393,10.483797758400712,2.0749570541898787
4161,1.1056294331280558,19.43619781301348,11.578130965553589,1.5363529433707372
4162,1.1057619579232605,19.654792397440875,11.54752700840518,1.2952730979471836
4163,1.1122061854323373,23.444692163409083,12.66696704697154,1.0925396692236526
4200,1.1217499067608574,18.4281839370362,11.495283687137762,2.0849490907521675
4201,1.1033893888838406,21.657374467029747,12.43881133721814,2.93395850433892
4202,1.0950708779535125,21.891328855646375,13.083754242717768,1.6241387518482084
4203,1.0949769916051904,17.72873623445281,11.489585237434591,1.1483553133070716
4204,1.0939057210196002,21.231832767338823,12.177198841785259,5.980981590200085
4205,1.1004297350005607,16.790260738229037,10.956380239626101,1.2711341929181814
4206,1.0985024102033907,17.303718473919098,11.719204766859518,1.3448448008924756
4207,1.0971986757347827,22.087281639640306,12.239918403533562,1.8393800496498067
4208,1.1015641099006104,20.146575530618826,11.57935567032762,2.4527716266793393
4209,1.0972425796021847,22.285388549245493,12.463896968589246,0.9222626216601578
4210,1.0993173247863621,23.141812355146147,12.285795898158518,2.672632688561603
4211,1.0975068426516943,20.02546643017669,12.261054081009043,1.2398727196878054
4212,1.0985612562069562,23.08511051319979,11.813647079649845,1.360123283188581
4213,1.098847595332595,18.728821500557764,12.549676155272765,1.6949857902820966
4214,1.0995434627342657,22.295531159775035,12.411919313579793,2.418291176563589
4215,1.0969195926436768,26.5370432626162,12.079155847890002,2.0258624914593892
4216,1.0982049841511425,19.899892536865117,12.034334116635035,3.6019478866028063
4217,1.0999189130368665,21.56583148441095,12.086961258577476,9.812653577622616
4218,1.0969072955834467,18.943567769198378,11.485976870672046,1.4325876999644085
4219,1.0975186077433166,23.431734408294165,12.154117542998039,3.5133761922427227
4220,1.09621008393588,20.019694908719412,12.18447058914922,2.5872440454305123
4221,1.0974794805162664,20.7251889876505,12.302626822642122,3.2005844409125213
4222,1.0985405533674706,20.48213275753528,11.998481106682446,1.2133561718079913
4223,1.0980527845137318,19.833532965399407,12.380171564331894,1.4672676041572417
4224,1.0947710432152196,22.484355699496284,11.985708162037827,10.924408329252502
4225,1.0957422194655355,22.78959923585913,12.328938137712868,4.225929851634061
4226,1.0980425846834996,21.19555780650594,12.963395380596971,1.505218912959659
4227,1.0997741274855855,22.120442388478516,11.852005286150064,1.308675476232834
4228,1.0968659130698952,20.156037996667322,12.08637220129775,1.2492101713415882
4229,1.0967192434251474,23.34033150790129,11.827768889202034,4.371598046314792
4230,1.0972896340772291,22.65409921508279,12.145303997471425,1.4376467556070818
4233,1.0993275560443725,18.709831926740556,11.842901691634026,5.635177030658278
4234,1.095925234434774,17.556721797855467,11.774204351458657,1.91187611645364
4235,1.097767142698198,19.776914143879996,11.807820165251002,7.612211232268983
4236,1.0960332257191518,16.079052125858585,13.015035593526688,1.2674723270785664
4237,1.0974423491764544,19.51442806164077,11.817530851226122,3.684473931464509
4238,1.096979838557572,16.70031268856469,11.184858178259967,1.584793670566775
4239,1.0981605798511356,18.766671510435497,12.083979424609964,5.158460336029587
4240,1.0979289505935397,16.13281135609382,11.622298305137305,1.591012143275084
4241,1.0959669019634428,19.247068970556622,12.380257014989946,3.281021397419863
4242,1.0974608710616711,19.748374868769865,11.626142248233624,2.3210820661319107
4243,1.0997816989578622,18.513302216247773,11.752060149293428,1.717311064030837
4244,1.0983342110979837,15.927170984870799,12.242420411306282,1.476436519145699
4245,1.0987147629528717,21.09675473001363,12.113003037656803,9.322888322864708
4246,1.0990439249149195,17.22349670730703,12.357112489334305,1.4993507729142055
4247,1.1013162535861374,26.883685580253047,11.626887546578848,2.1262475097558693
4248,1.0986995738218734,19.752558460529023,11.90400493443136,1.7386004386334466
4249,1.0995053388111313,19.24564916061074,12.440135849998141,2.323130468544942
4250,1.1017452631538822,19.870644625923646,12.05366176388395,7.201764917603867
4251,1.0987345701581048,18.81162764315613,12.63170152247578,1.9084230815182752
4252,1.1019782441122545,16.923601977835787,11.49048129700753,1.0530002558245541
4253,1.099966196216317,19.0754716865943,12.761243345520302,4.953505833770505
4254,1.1024765807978758,21.062657573426254,12.548116600547676,1.2415306671722233
4255,1.1042616972474462,19.20980069386527,11.519323550676695,1.1339961129435199
4256,1.103350009400105,20.40167901417365,11.351004179999688,1.390776430004349
4257,1.1013303413472142,19.843418133564377,11.576323640136765,1.6983546938007958
4258,1.0968501156135197,17.114013017096184,13.419030385675804,1.5107017014248283
4259,1.0999109676072238,18.288552938142733,12.858773991458452,1.3735831049443483
4260,1.103628976090141,17.93372846379897,10.854198129647926,1.575303778800968
4261,1.103962873405382,19.627285664498487,12.271044982161072,1.712736462805409
4262,1.1016217281450118,19.97185460610998,12.870537421666716,1.1956845795414783
4263,1.1104156542064538,23.605328770135337,12.68667384019407,1.296990430963695
4300,1.1275429731697806,17.680664124965507,10.020331748061283,2.1461084236115577
4301,1.1037363411982124,20.790029656843807,11.928221856084042,3.611685474795624
4302,1.0957388389439426,21.02569602525304,12.337730025842493,1.9999203993401857
4303,1.0975089184333018,16.959603125729313,11.114677574213879,1.9857481186906087
4304,1.0933638880483014,20.88432017411404,11.880944928111425,6.5065074973878385
4305,1.103236457104447,16.328482015980853,10.599593087322821,1.585067898032708
4306,1.0992761391396804,16.738461318086713,10.99073347290379,1.0913835575456063
4307,1.1002032316013273,21.64416280600228,11.364242731822964,1.9014468086138472
4308,1.1022971659970717,19.587409641213206,11.027816558228658,4.0425601598043714
4309,1.0970192310487743,21.99107158901064,12.518366524617004,1.3426369966885052
4310,1.1008849093378519,22.64721571636719,11.94063350897501,2.672711889410639
4311,1.0957942600408836,19.75150137869323,12.091619715020066,1.9763917366324966
4312,1.0974679979895614,22.4902754007547,11.517401090397321,1.6098818925861211
4313,1.0998184541820943,18.25933202888823,11.802954448900298,1.4295334268030602
4314,1.1011727729796206,21.703800320656498,11.598119647972055,3.2611378330357814
4315,1.0990220747428556,25.707527350667718,11.436052312385513,1.8514697798401136
4316,1.0978365467317444,19.46459776805793,11.331659966243548,3.3129357559221306
4317,1.1004476311192637,21.495566412091826,10.962042254530123,11.444552372960834
4318,1.0988461099691256,18.473204057018318,11.05350560540522,2.022320931403307
4319,1.0999347930881582,22.98046757063294,11.678870597709631,4.106694355490813
4320,1.0978166767707627,19.45670417284693,11.869258637495179,3.9348933434493847
4321,1.0999915427946751,20.454266627984577,11.491540533628617,2.989455455591771
4322,1.1007794331988505,19.608196806360738,11.62998185908957,1.380844555306
4323,1.0978893020638074,19.563038844896923,12.06742006305152,1.629636279747383
4324,1.0979219803734568,21.38398894420727,11.787204121307886,14.217399639318012
4325,1.097755508572699,22.64255936911302,11.531592110867557,4.7408069500481655
4326,1.100074790038101,20.597297352918346,11.863623842058063,1.5081558552258991
4327,1.1013798467613911,21.531692467227685,10.71362246259483,1.6537070232738187
4328,1.099672898398009,19.643798743723544,11.705781142892995,1.6957548449446416
4329,1.0972306471808402,22.998521863308646,11.568110036107182,4.02427596974831
4330,1.0990161413995831,21.76552017512394,12.14508317682333,1.5935990712034465
4333,1.0995964001458112,18.07663421780522,11.116396587951742,8.742633502327957
4334,1.099132012970408,16.881006447893775,10.958799886170471,1.6657428921270692
4335,1.098148671978052,19.1729994416964,11.53414128573709,9.354154632397586
4336,1.0975307175839708,15.634414627445523,12.8054278562529,1.15419392147986
4337,1.0990182122242818,19.157003461615105,11.022460574663462,5.606536400669345
4338,1.0990357193039153,15.945060394027859,10.18068222904381,1.7857389297785673
4339,1.095890634765913,18.44352162620151,11.802724121236057,5.077892109377082
4340,1.0989541281566835,15.56106906044085,11.515183635649338,2.0107252358030974
4341,1.0970304595383196,18.566666625279595,11.68140337827024,1.3877198254320675
4342,1.098824304693616,19.549819781249443,10.804420514362404,2.152467673497851
4343,1.1004007658711683,18.298567527286973,11.251432584037326,1.5294586883119337
4344,1.0992960450551623,15.487785031025261,11.748765229484626,1.6447093552981318
4345,1.098172386453634,20.472187543931657,11.083353957779043,8.60857994396901
4346,1.1033313473603161,16.589440919390825,11.713645506326106,1.5755376211418703
4347,1.10108197607448,26.139515709578575,11.087554388193293,2.042155782938379
4348,1.101422369760018,19.177859913035967,11.471078488953136,2.032336390691521
4349,1.1055883674926241,18.86559091560033,11.441972680119008,2.490894853276727
4350,1.1031097496029434,19.19323418083426,11.289011069982925,9.631155010290149
4351,1.0995928488951814,18.176021206798787,12.259118888955088,2.881124860503346
4352,1.1032275786915788,16.637615439062763,10.81419790243509,1.5372202720570853
4353,1.1008881536123438,18.86586772252993,12.220648306564586,4.4099992368274075
4354,1.1044807351278,20.230131652279695,12.03254266531415,1.4438097355848267
4355,1.103695630097602,18.75407305624151,11.30997688272933,1.714045010788603
4356,1.1052114254369088,19.50042171613676,11.289985981247224,1.7482477318849399
4357,1.103762453948686,18.94913311482689,11.175638636778821,1.4527032817922945
4358,1.099347175022229,16.60408572206874,12.629745701952952,2.407853142443618
4359,1.0995190022851538,17.602814683804365,12.847291434284838,1.0194645916641667
4360,1.1040497370006095,17.464310336815778,10.27743916437587,1.7970940900242325
4361,1.1035757048930515,19.119513734324926,11.568980982897791,1.4051538499964311
4362,1.1039348079531448,19.19061921440291,11.462856477776796,1.5624964570504818
4363,1.1092399038709024,22.654100448267883,12.279261683953274,1.4687645516833399
4400,1.129000269324847,19.651255799546025,11.157020906852898,2.242638381079561
4401,1.1087191884443364,22.100549832996208,11.77961036985067,3.4856123781339203
4402,1.1034512184200218,22.719288226545686,12.00757700579257,1.3823197027610654
4403,1.1034683046682534,18.75271772584158,10.839062789234132,1.3707765732694908
4404,1.101104567225792,22.450101105816348,11.513585720075566,6.6535953658274
4405,1.108214313984849,17.94034119637303,10.475660423590005,1.576308246200782
4406,1.1063282684267974,17.93801538582066,11.369043878433505,1.7948918071078168
4407,1.1071728395531708,22.93078139155635,11.222191301099551,1.0789153877793314
4408,1.1106292403458928,21.637026580667307,10.613807417062672,3.2026310038605437
4409,1.1058557641626947,23.074981240411716,11.714861194308064,1.5073126030822723
4410,1.1068568644390209,24.109871328994767,11.755428338131274,2.7289190497860276
4411,1.1051735548756791,21.395238184560178,11.566232947912129,1.3033526568845122
4412,1.1056741883719385,24.241558576117754,11.419829265378036,1.432625945967194
4413,1.1055033462424984,19.838722840455247,11.821413537076525,1.76454631754603
4414,1.1067081942025194,23.576305894909108,11.551007501896722,3.0457925214078165
4415,1.1043309679004245,27.4220482022708,11.591752156418071,1.3347952780162335
4416,1.1053480741568318,21.148497543508068,11.619564915527961,3.555457946359535
4417,1.1069021476126972,22.787468278851303,11.492921316023628,11.64915022186178
4418,1.1040360625312735,20.204210443995176,11.010754159559347,1.6260973179154676
4419,1.1067988238083637,24.742486468971812,11.58990032526733,4.793016920239065
4420,1.106225499886882,21.277888687847362,11.592740794620248,3.070584925898046
4421,1.1075186652532494,22.199939249769944,11.410665183608629,3.5278062168742492
4422,1.1083878254017034,21.69817384732949,10.917754088249955,1.5016946155377628
4423,1.105639263828157,21.212516638358643,12.150640320829556,2.0196158323878715
4424,1.1033965633029272,23.20842056192702,11.763853966946153,14.6246060485823
4425,1.103428416760224,24.055220067006918,11.982660398947584,4.315692510697763
4426,1.1066564964983487,22.35379348155782,11.821551184292208,1.249787023507447
4427,1.106700849822263,23.168697531154727,11.046657553964247,1.664247786262795
4428,1.1051957322649162,21.479035446522964,11.540118595876361,1.273071010834291
4429,1.104266928651893,24.49946330872954,11.375661317270058,5.616388387385378
4430,1.1044348299234863,23.39213200466732,11.956259145322319,1.6586812389952093
4433,1.1068028108605084,19.95075452682527,10.71673456390088,7.866463915904446
4434,1.1033197192043418,18.741153433997926,11.143137568028052,1.7477497408597489
4435,1.1039173206351718,20.896726573443942,11.517895151893683,9.18614910568691
4436,1.10351105185299,16.986125016501806,12.432439225864114,1.586954010438332
4437,1.1046908543256848,20.684633206494624,11.188891720411306,6.935435568229643
4438,1.105011760239252,17.62304956976,10.067563790955866,1.9762457183808324
4439,1.1049850068512281,19.996606199062654,11.579488711322536,5.285806166405071
4440,1.1057167696651513,16.793151452765706,11.720518022786175,2.1148059250699704
4441,1.104665670580423,20.27341291753633,12.334591579084533,1.8928852334339354
4442,1.1048965160912547,20.94284286611697,11.10834381582819,2.7368670859133926
4443,1.106087357388663,19.666224929361164,11.308733299954772,1.8697426175534673
4444,1.1075255846081236,17.17267797335003,11.863006193323816,1.2956915736003394
4445,1.104815866761128,22.165267344638124,11.703513538500692,10.454968273403368
4446,1.1066412570275364,18.25564676529618,11.75250332598229,2.319884649198085
4447,1.108692930148322,27.512718022192946,11.18904417572252,2.496843027812056
4448,1.1056053311815677,20.60920054302063,11.737348956707883,2.0152730178403164
4449,1.1093369347837805,20.43384601957688,11.638727623375178,3.503611994208542
4450,1.110574458374781,21.016115600597708,11.52987282006749,9.522578696538199
4451,1.1077822216817832,20.060498315068596,12.065252705560985,2.1143673462184727
4452,1.1105210484341335,18.45049492066572,10.768399231665368,1.4063583453444362
4453,1.107637189783686,20.54054972695127,12.223838868451216,5.843790524255009
4454,1.1114445041070908,22.176215187653362,11.271046864347749,1.169289373017958
4455,1.113027670379227,20.253417232150472,11.358421761444205,1.3482519346475457
4456,1.1121281802761878,21.28622353795839,10.562901648450707,1.9059499067056638
4457,1.110365200189965,20.2314693882697,10.983092216057182,1.7598506656874715
4458,1.1065511787949935,17.99245694051557,12.870441649264658,2.185398050911558
4459,1.1070629073511873,19.46302507646536,12.419506037125842,1.3573746971570007
4460,1.1107124907644155,19.147499621134294,10.258049150637694,1.7403788180942947
4461,1.1108109918728153,20.528193897676985,11.476922582847319,2.023993958852747
4462,1.1103275048392187,20.87735303081746,11.763214511128776,1.6603574465508468
4463,1.1150109319268315,24.35439314240645,12.156901938431986,1.712435604027372
4500,1.1344744690007191,17.762792338743925,9.97547216856147,1.4615443026927286
4501,1.1104522929508824,21.054230938661554,11.366221514699575,3.4569812766160415
4502,1.1029868500995235,21.770810120629424,11.799796300986797,1.866845949253033
4503,1.1043020914872403,17.702192665714662,10.644096221578254,1.5293778865747878
4504,1.1029084667668827,21.570005839074238,11.338379183259674,7.9836096725665175
4505,1.1104294444739276,17.099310879086264,9.832450707249729,1.4998643243361187
4506,1.106443040041921,17.123592995963172,11.100636741566555,1.667906488024651
4507,1.107141143545692,22.022104514873615,11.589695697041755,1.5718024583787118
4508,1.1111184635665383,20.476800016872122,10.435830660547945,3.7006431598110527
4509,1.1064439177608787,22.13170381226382,11.992266015160654,1.750224789820319
4510,1.1068782314358003,22.94027634275634,11.596464781605242,2.5701864110368597
4511,1.1057403340294778,20.105983981647054,11.74804670654011,1.8807704859090206
4512,1.1057218117839875,23.302097922573584,11.337070453365172,1.747180445347159
4513,1.1046213032411298,19.38664490252661,11.74482477727416,1.5885314708527762
4514,1.1095219590615735,22.605877411700156,11.157345460671548,3.2028773821257515
4515,1.1063612702057453,26.233857139972024,11.045979802108045,1.4091043088809594
4516,1.1047365513071408,19.88627330257799,11.681783620973313,3.2818546593389835
4517,1.1071348809822192,21.869024988488125,11.014566088350405,14.736263146675322
4518,1.1060776118544955,18.848572277926667,10.573853509673343,1.3866870620177247
4519,1.1050580828126169,23.626697663374497,11.19331978773437,4.379771625837951
4520,1.1074206586749291,20.124197818056047,11.060047440325265,3.3464008661126594
4521,1.1085734060127586,21.162164479027297,10.686750298339149,3.8440299077941376
4522,1.1077802030549178,20.331448172170873,10.923283292841269,1.5403042625337104
4523,1.1067750406123456,20.149353082614777,11.657679481637192,1.496349196539639
4524,1.1021312605964442,22.415514284111158,11.172666115417089,15.505737303366937
4525,1.1034579782414182,22.50755331575921,12.397796073615714,6.028002768986079
4526,1.1061064580504827,21.332632899792735,11.82179369544648,2.1138023561797445
4527,1.1050398253327272,22.18724632865757,11.124024196070605,1.3663253401229594
4528,1.1068664405361839,20.482914220482638,11.44884216365991,1.213524889118536
4529,1.103184953408975,23.352394845679168,11.073855026821867,8.088348929982539
4530,1.10643507114707,22.586396519336184,11.372969460940148,1.313168504503607
4533,1.1070756069662224,18.868081546172487,10.737672345989163,10.083370133034443
4534,1.1038632850017729,17.26651728922669,10.720412030559073,1.268587783146806
4535,1.1036377517553002,19.66214186705835,11.259637107994243,10.48622274167024
4536,1.1020385600589389,16.033806970437908,12.435894249338242,2.152315632691489
4537,1.1045841061739967,19.5115202264662,10.678054135237172,6.891157272990857
4538,1.1059779406679506,16.353697616760332,10.175688981162201,1.8267596563708994
4539,1.1047471868187257,19.106528461696993,11.478593750145299,6.036719113650468
4540,1.1069330915156914,16.35410261041112,11.490192114787435,1.667377458500312
4541,1.1029981006592735,19.216198938194644,11.629412925442614,2.1871380814050783
4542,1.1054878085716255,20.04440424659739,10.596421604164153,2.480325610191032
4543,1.1073492172858468,18.49679134139245,11.182406062419759,2.0041003039200684
4544,1.1069571864163907,16.14221600229136,11.556443342482083,1.5444554985335637
4545,1.106768344327805,20.941189486007087,10.979656227840106,12.227544256479808
4546,1.1082836459921592,17.36991415545517,11.663026475234952,1.9336165282222932
4547,1.1102727252058588,26.597250134084497,11.044435180603042,2.7097767054821693
4548,1.1073055587539349,19.722700135307125,11.177660740472179,2.059652470006009
4549,1.110473070652461,19.564393631542032,11.406153575029728,3.810567810573393
4550,1.1089775049589692,20.027835864721165,11.344901547120443,8.804922016556953
4551,1.1064885083813158,18.972239546424035,11.934580643991163,2.915259919962704
4552,1.1095441139695879,17.458036239528212,10.461475493811914,1.5593277656484403
4553,1.1081336964396489,19.427035312438818,12.19954596500993,5.08440832188403
4554,1.1120737549339526,21.040598494915237,11.636820218244562,2.2455075755409606
4555,1.112646386582937,19.47942780100276,11.385461582027668,1.9805927050827943
4556,1.11217683474186,20.354960659563485,10.709310360430063,1.8626259905708007
4557,1.1102929466972236,19.77637449602353,10.822936043826004,1.9742284127411056
4558,1.1064432659784342,16.964195390064962,12.64637793307776,1.6092979082564651
4559,1.1087602221174624,18.32495679660543,12.480656294458099,1.8073369813393902
4560,1.1120313767508763,17.972642363271703,10.288920275137222,1.8500658707164932
4561,1.1101008549047777,19.589031596529324,11.51955667248628,1.2719592545165983
4562,1.1107770707675415,19.6852423878561,11.692673077387191,1.2850894595948792
4563,1.1168223378838888,23.347699957180353,11.568550404387828,1.2704022713100085
4600,1.1360667854840736,17.755844831792515,10.713085057662273,2.617246290926334
4601,1.1110365881390107,20.736264403437193,11.266762576878785,3.3321335566698753
4602,1.108014201080832,21.152150150460223,12.044866062090847,2.1164585392324606
4603,1.1089972351534647,17.662438154840345,10.62145092455215,1.384084640089192
4604,1.1077889883601977,21.073430779690668,11.414902136864903,7.573797783333686
4605,1.1139496702451723,17.239205258975787,10.241768019074465,1.8224884099700505
4606,1.1114328407967649,17.18128038160051,11.076936091648719,1.402384229629189
4607,1.110898098334903,22.23930159150122,11.03584474648334,1.5690149251430487
4608,1.1134640842918393,20.567065261806086,10.610791996317872,3.2635274712061455
4609,1.1089544001903713,22.425803573285233,12.134544644716605,1.5920830221554116
4610,1.1095862866581885,23.183382090659006,11.922887871360624,3.274983124552403
4611,1.1088847015767997,20.814539869552178,11.54916537195586,1.8999428217508947
4612,1.1097793057760958,23.333682030691566,11.221585211568378,1.3118414643190317
4613,1.1101981535835255,19.209006114753844,11.794547527358178,1.6791887935216296
4614,1.1133033640356989,22.622952144045406,11.59592514163078,2.826959340064535
4615,1.109832961227661,26.44506500177357,11.256565091898299,1.8839773284037753
4616,1.1109058273141474,20.133696128841216,11.23894845441272,5.082516860287178
4617,1.1111418131396484,21.585216909317573,11.240587544290314,13.731684201092822
4618,1.108808634499004,19.122656702283614,11.43768392422685,1.7299386777433134
4619,1.1097968581486273,23.377994894466283,12.08052120463305,5.733054426444859
4620,1.1102953240667528,20.402993199706426,11.246291636058311,4.035481419441378
4621,1.1102273083245051,21.063785325826107,11.626180361165451,2.488891383691703
4622,1.1116535917103858,20.26574516259945,11.75621817626506,1.6994736782693913
4623,1.1110627933181485,20.059827556374483,12.000334327113599,2.104429394849821
4624,1.1067691298630356,22.15675772051875,11.813571176509386,15.584086117740249
4625,1.1094466186987104,22.77367177505391,11.817102626379661,5.742578739013918
4626,1.1102876922515261,21.411645778303022,11.959404534439185,1.8854890356389225
4627,1.110206934394759,22.068349467446073,11.159803877550697,1.5982179558555385
4628,1.1089522167542667,20.27875268708896,11.591128048209319,1.2995737210423626
4629,1.1081505346597509,23.49805333308287,11.68970884619743,5.098962807726963
4630,1.108460300184114,22.543767557184772,12.09123950780739,1.8916118086065759
4633,1.109107144445829,19.137423467137754,11.060701953788229,9.7592870376446
4634,1.1061201693279157,17.44332884261021,11.203454279539653,1.8193888598078736
4635,1.1075992030141348,19.742393683902897,11.45463919198475,8.424966421225179
4636,1.1071258740164909,16.29212069727729,12.672720437452918,2.108865546840394
4637,1.1077153007806235,19.992875311878823,11.035624745405288,7.71994065756119
4638,1.109704463393904,16.64765150825668,10.571975472072921,1.1961833388250558
4639,1.1084901780093703,19.025603017855186,11.563193438152286,5.2550499944610465
4640,1.1076879859705717,16.32203519097092,11.389079415277196,1.7041426392951844
4641,1.1082438662107827,19.135469556327816,11.613152345237351,1.9034446764001451
4642,1.1099537699714288,20.463327865445482,10.765991278670523,2.5456106588849385
4643,1.110779669701288,19.176916539416208,11.371732981740475,1.6822649191925496
4644,1.113276028122734,16.36146870745087,11.539847753234064,1.742178310249461
4645,1.1113437318504542,20.942664636189868,11.480961260000216,12.40241379714061
4646,1.1139531810140564,17.188300519594804,11.695906834444365,1.7817826782439543
4647,1.1132766752325867,26.62745801193331,11.316723294343879,2.5074493763221186
4648,1.1131041609550412,19.937550664077186,11.608498942638708,2.8584748521643197
4649,1.1123839858615414,19.65485619052092,11.960567038023717,3.3670039565341696
4650,1.1127727843508308,20.38798872410423,11.691351900703829,8.866807980463692
4651,1.1099250903344402,19.101611936776784,12.151997283905573,2.8320702330673884
4652,1.1137491818695247,17.477518395407973,11.24473358198617,1.64383491045609
4653,1.1125727657836388,19.68496062258467,12.123002361548034,5.2546923692185
4654,1.114702798923621,21.791642605119154,12.09361539808437,1.2429375625099603
4655,1.1160473887561857,19.52121561245267,11.416357052236172,1.3605589560926294
4656,1.1163047753407864,20.620373217478207,10.976670850613875,2.397552117335228
4657,1.1146906323871404,20.078870016953424,11.196203125710948,1.622689573332677
4658,1.1097221528787697,17.494163338719304,13.001976778747345,1.9362100616273838
4659,1.1116277723773123,18.684702107742176,12.80973445572552,1.8255342421354992
4660,1.1136318054894903,18.20633914999166,10.437936655661632,2.021379584794474
4661,1.1147238593292799,19.608420595205818,11.760226273297173,1.590245950960039
4662,1.1127414700336289,19.271502780400354,11.631544304639807,1.7765565943330934
4663,1.1196955633181946,22.65869911560657,11.658594732108703,1.0832187787453187
4700,1.1374688496056036,16.004978435872598,10.232527624884643,1.0741312883659586
4701,1.1138460051201287,18.907476840564648,11.481139191013636,4.337829570220461
4702,1.109791895382271,19.32578996276515,12.205955057397441,2.6450205385088807
4703,1.1103510022102137,15.74162090698546,10.982930239043105,1.0330368363855735
4704,1.1081137529630702,19.641261966798794,11.55863690871413,7.705923025321198
4705,1.1150812587760157,15.279914256922797,10.389129176618065,1.3879904685786735
4706,1.1127557784216453,15.441541219745929,10.716018340759813,1.5375854664751034
4707,1.112105369849899,20.54903984099724,11.12640907085775,1.5645822010438104
4708,1.1152395774011856,18.748802279346545,10.877746067307816,3.591596517811674
4709,1.1080210332019222,20.682297438138637,12.031032465647842,1.9676713547216846
4710,1.115001574984291,21.436524682890738,11.50678842207875,3.558120446344631
4711,1.108843844392789,18.640034470656037,12.065943836469025,1.7769361548358253
4712,1.1108704474792346,21.581654313780433,11.556295474167747,1.5158420231776224
4713,1.1125179530874414,17.686351769236058,11.71339447465565,1.1479418652904334
4714,1.1150870585622674,20.95647415678749,11.402833692969821,4.302029493332872
4715,1.1123138176240346,24.654192339126286,11.067910771745774,1.9438172293984861
4716,1.1103518850745973,18.47462285667701,11.353916033612792,4.816598260548231
4717,1.112630484468671,20.47496277303184,11.569203734593916,14.526529839786084
4718,1.1108153445562505,17.358963999765386,11.317539637735003,1.4824284924602749
4719,1.1132632900606458,21.99583036006687,11.214010036507664,3.778899124283438
4720,1.1114621709104402,18.571799270543604,11.140604321394697,5.816912534882395
4721,1.1113970452714708,19.480035782438332,11.488635761047373,3.510911635220562
4722,1.1106941303120743,18.722539357364894,11.392093082374553,2.0077299196018683
4723,1.1101186086442878,18.448849654642185,11.973400592891235,2.0543394612713306
4724,1.1097465603259273,20.581558550021096,11.429134838367519,14.24614501525262
4725,1.1093876221887486,21.6098222487584,11.886300265938562,6.039388866147481
4726,1.109292230380041,19.904809459890846,11.63445005867236,1.8781141952455762
4727,1.1127224943672673,20.68997516189354,10.899610285752207,2.303334739879948
4728,1.110189947694647,18.640792434632512,11.557889966975917,1.1332349209182166
4729,1.1089859180498591,21.57885386916614,11.807948809589794,7.353190505811033
4730,1.1092678406747796,20.898051713571363,11.583030160598572,1.8772910766775237
4733,1.1108449678699042,17.083481395766785,11.015139969244647,10.665434145164495
4734,1.1064423449919567,15.920284003551338,11.290746587886705,2.3905102796600772
4735,1.1075941350283631,17.933608749121973,11.488494170597066,9.465651797837378
4736,1.108097208846247,14.259337527060339,12.63213522222316,2.1850745817831574
4737,1.1083934734752268,18.211895921457423,11.030186626143308,9.361784012578228
4738,1.1113485114125128,15.020135386438117,10.106585332408336,1.5953621949916053
4739,1.1110519056499102,17.10773982265282,11.112584433811486,5.978903756330265
4740,1.1105169278288507,14.452689234677036,11.13354435774261,1.7251582272062673
4741,1.1101763853503925,17.514780336659218,11.892855437328768,1.6417938428045877
4742,1.109897888502948,18.539064677338406,10.51526114511892,3.077845618723347
4743,1.1119461488991191,17.06819513385735,11.136131727767646,1.6204684615774805
4744,1.1121194995378845,14.319525965312558,11.719491251813569,1.3633221133275004
4745,1.1114145849448829,19.043920156702974,11.504193697676811,10.843816627400887
4746,1.1152261497710536,15.337608310866347,11.817460751053025,1.8040752005488554
4747,1.1135176606560953,25.055375031193762,11.01627872315579,2.865754078808332
4748,1.112222919411925,18.170315762023005,11.482550293242998,2.1132245122922475
4749,1.114090717221128,17.783178326387517,11.792762220295932,4.067548924756504
4750,1.1122108380234024,18.49311449774598,11.875306035910906,10.012970317875979
4751,1.1105376233376234,17.323387195560628,12.413663211682628,3.7608289448482903
4752,1.115677885556227,15.97230185924697,10.80200746774023,1.5862169360386016
4753,1.1117665576744664,17.891851318888705,12.466483462493994,6.93828760827087
4754,1.1143663787961433,19.359582948245176,11.811703945210965,1.248264299364319
4755,1.116704041813699,17.846227581485284,11.314420277043483,1.4179064813112208
4756,1.1180418511477737,18.725574545413306,10.511026570495577,2.0214415846057
4757,1.1154238382775892,18.04993073945441,10.884293381164081,2.0494226472027215
4758,1.1107461544554555,15.285878991869813,13.068156927389696,2.0172064751961525
4759,1.113577488666985,16.764358176336437,12.47216722502088,1.6336873908686487
4760,1.1162816530548256,16.249066908893933,10.325045533213455,1.3621725087987144
4761,1.1140071508973028,17.88561497407081,11.388865142040151,1.423991056728844
4762,1.114027122338647,17.683858001145815,11.709616312657966,1.7756974256493312
4763,1.1205999725556486,21.02255235765962,11.856361233966384,1.596681702974787
4800,1.131941650144873,19.12406065566177,10.807262367987043,2.0189793625933286
4801,1.1127856769678963,21.26237899083758,11.701148913017597,2.6155685768435606
4802,1.103194398399664,22.166077986674452,12.335722824087277,1.3057539366700561
4803,1.1034641891539732,18.11673733851663,11.12044811384477,1.6711633571197122
4804,1.1014753435450941,21.706829795667677,11.927459041729556,6.4425085355608935
4805,1.1081748339478759,17.276476635303773,10.585964611991315,1.4057936980847412
4806,1.10676015773765,17.77941633595692,11.143620801236178,1.5964285583225326
4807,1.1059477640740245,22.461936041503407,11.545971671313394,1.2649619884483154
4808,1.1104132707620387,20.609702468454234,11.104655603371114,2.8012824769248743
4809,1.10288929360938,22.414931376425443,12.494780569370487,1.7042552643696993
4810,1.106804935546331,23.474669364939558,12.396782366164665,3.0094873843300065
4811,1.1043634156382864,20.732277605257096,12.034908962533308,1.183512517881589
4812,1.106174676886216,23.714658258873346,11.36869705474713,1.2329383855772336
4813,1.106160694701553,19.735639636144118,12.128499357472137,1.563383978935153
4814,1.1085862317862807,22.835419065906358,11.563842925107982,2.3286771178778967
4815,1.1046068986000672,27.057840890454468,11.655722603203683,1.4832598230335923
4816,1.104962192745109,20.045214363568032,11.869535089501168,4.433021895965791
4817,1.1042207510196673,22.48053469928854,11.178411120842442,11.148355579949207
4818,1.102849730577934,19.356563273818978,11.407739609020512,0.9626236992187546
4819,1.1028846267550507,23.80384061646307,11.936593848550539,4.428002187627599
4820,1.1047449230236894,20.654828908047687,11.374579005655058,4.030454935637362
4821,1.1052587509179774,21.637196863893237,11.694470559587403,2.3699382960081645
4822,1.1075944490945895,20.989278879437993,11.178743267370537,1.9248578109967842
4823,1.10440282697479,20.303420499146704,12.250475825001235,1.6898317889151722
4824,1.1022197522620525,22.718846524248075,11.730134225872936,14.632685547635166
4825,1.1022311661053488,23.36889326608136,11.924804162828078,4.468199710097755
4826,1.1050323856463544,21.748676893075476,12.15680454117967,1.5834831568909158
4827,1.1043738152868372,22.65580797463428,11.066134473731529,1.8872164584463493
4828,1.1025918540337203,20.16130227947248,11.84179123225112,1.2036942773224932
4829,1.102522911869314,23.43281388148541,12.183159765696841,5.91590009213667
4830,1.1017610279553631,22.966866833424348,11.92001904715687,1.7430821835802577
4833,1.1047694765317635,19.351676099702424,11.037523029256098,6.734691866524937
4834,1.1022162340299504,17.864836825050624,11.59804017021622,1.39606815260747
4835,1.1017309534815314,20.185526903519264,11.566702752849714,8.466769715926228
4836,1.0993950213724386,16.40657591154002,12.898030025958674,1.7180402704007858
4837,1.1021731401986503,20.131018294772748,11.392796551241343,5.782560333877974
4838,1.1033152356634985,16.970680765383285,10.782496335321957,2.10690086730138
4839,1.101913955586148,19.328668608932656,11.885781548348673,6.730418558996307
4840,1.1053389290137896,16.406912296267873,11.574503514553179,1.8283589704279148
4841,1.1019079956909754,19.55392166774877,11.820950270413908,2.441050740006097
4842,1.1039048670086113,20.790686962722265,10.817728576343628,2.0550272368503233
4843,1.106139983921508,19.26570278608568,11.440893327370521,2.0424050389106383
4844,1.1055943260766674,16.62505699661781,12.017958796163647,1.7915359451425497
4845,1.1044404989491234,21.370525210676032,11.43531576316298,9.646206823425675
4846,1.1055947331235467,17.430653280323583,11.960114294509275,1.9057391354990572
4847,1.106330044337081,27.01366334653977,11.141236504218847,3.062601449023511
4848,1.1049188326460597,20.20985179188602,12.082642211524671,2.603161974577207
4849,1.1077344517881673,19.824065847442274,11.913443181473186,2.4253646824593837
4850,1.1062761340634222,20.683918679417793,11.722173994386846,6.85770964707417
4851,1.105504328635901,19.32187698150284,12.37318242792103,2.1609341009954353
4852,1.1071852154571555,17.576307673032243,11.160184978515142,1.416680048965463
4853,1.1054086070129994,20.0787973559447,12.501275846514739,3.1760139622495718
4854,1.110119543067762,21.31576410894563,12.556728485459454,1.2343514735403869
4855,1.1097982705698861,19.681492336957636,11.382208870222035,1.3135404565399926
4856,1.111572783499761,20.925035960695343,10.650604960336109,1.8837060908792356
4857,1.1097151150352396,20.06004333553459,11.09328558703612,1.8284061975355506
4858,1.1044842229468412,17.314897752853923,13.335537562275167,2.1802739460405727
4859,1.1064345305838184,18.757696461204308,12.87536520870207,1.4019796879284212
4860,1.1099666611532586,18.361753773217643,10.345213467636418,1.8606560472587665
4861,1.1082641012427998,20.054755541743152,11.981139792232527,1.6562384306107027
4862,1.1079674201107275,19.96452049934566,11.594085264200684,1.892529940871769
4863,1.1137602726885074,23.84380784838144,12.376996149825795,1.15337773954706
4900,1.1347059503101544,18.848899844299446,11.598592900991246,1.4836251986325149
4901,1.110762602234529,21.686770465934373,11.72944626485398,3.3412645104733922
4902,1.104568109160482,22.341190941025417,11.807296798553255,1.4773887139095812
4903,1.1059117737915178,17.95804084827863,11.026014594552082,1.0496871514834034
4904,1.1017622874410142,22.005508308166135,11.93424781184851,7.429549216017242
4905,1.10962711923935,17.37207677403986,10.560747388617242,0.9257051206091182
4906,1.1080585191883063,17.7124707297917,10.74799596308003,1.5577377252120599
4907,1.1073024569007923,22.89837006587416,11.014839180680758,1.638766657841731
4908,1.1100911717721438,20.834361491897827,10.983773508062866,3.2053045035294927
4909,1.1045638813177001,22.77319197580636,12.196930827233912,1.7142877578711855
4910,1.1073977765571714,23.985209548216822,11.552691816663,1.9450449940392391
4911,1.107644081297131,20.88856634017209,11.576879922610011,1.4361702758904467
4912,1.107553928788115,23.682408417284535,11.405209392776921,1.5033721072587787
4913,1.1064308601041124,19.87676576994028,12.05992726751285,1.2403360407638913
4914,1.1078822585634227,23.01043056806726,12.045352943413222,2.8179206785690885
4915,1.1066493968329767,27.01053734924696,11.46124980179456,1.3681692205661165
4916,1.105705613083798,20.413158253429167,11.510769316613937,3.7994753358466653
4917,1.1066001383975306,22.5206503400527,11.306571991450486,10.308706992394306
4918,1.1019722970776444,19.19147517886952,11.32712243462876,1.4245870163778018
4919,1.1064442146225744,23.892167166976844,11.799229418191425,2.7065363016163064
4920,1.1054562955938625,20.820548764538163,11.143308554412046,3.418313043991316
4921,1.1043668170863874,21.83571450030277,11.893307466325853,2.5626488186439236
4922,1.105808137317369,21.03318054561797,11.137243241661725,1.397259835334916
4923,1.1028043210082816,20.49348561280204,11.907926069991962,1.5496853770707455
4924,1.1014479059899225,22.833600269024238,11.723453335166235,11.737451081411326
4925,1.1034129449838868,23.525969487644986,11.645003255934945,3.8827607228102745
4926,1.1027618274917705,21.90748715523433,12.199004198480706,1.3859837247741
4927,1.1043327908753924,22.520937791159305,11.312315894518756,2.160680666918651
4928,1.102810387345118,20.646748565393594,11.564342123257283,1.3362930184201576
4929,1.1015693689288089,23.902480256528545,11.69150078587073,4.481361952899263
4930,1.1029902061895451,22.825632369409156,11.861490748191514,1.2110111949114335
4933,1.1042955583940057,18.92904528030755,11.037312010784001,8.412950959120254
4934,1.1000629678365894,17.945512699743563,11.384555336350484,1.821993888094774
4935,1.100786803007674,20.265679991427458,11.439917818111601,9.157223985744913
4936,1.1002119436760571,16.53835737810979,12.658712612553431,1.8713982438823131
4937,1.1022906861093262,19.641697770355346,11.732462363474678,6.636451315506586
4938,1.1031180669441119,17.037351590247457,10.226767610382515,1.3703899095893632
4939,1.1015102595339517,19.55206524102784,12.07935869974134,4.782533908647677
4940,1.104065556303455,16.307259242873492,11.329546915486874,1.7282805113140027
4941,1.1026654926005834,19.5566439904442,11.755758866675997,1.5937288148135083
4942,1.1042731574464002,20.50622170657438,10.792411752326032,2.3079315232161854
4943,1.103961730120876,19.196424513882768,11.097443905710186,1.437524590555929
4944,1.1055611033116624,16.345029744352747,11.890009575675847,1.245183981411033
4945,1.1027573825019827,21.37185631557078,11.363229929428382,10.117079548226219
4946,1.10699661827559,17.539360712003564,11.721403409607335,2.062852214027023
4947,1.1074996476876355,27.05077340820103,10.994501279294203,1.4515450103396539
4948,1.1060934465371857,20.11511131744034,11.484033912053473,1.9294385043969966
4949,1.108176959070349,19.74556806451066,11.654376412615006,2.099659529391095
4950,1.1066625559869936,20.616489048010713,11.491124594656155,7.844294566562086
4951,1.1054688536821753,19.176536752510113,12.198789713753424,2.2702100030338013
4952,1.1089266540559588,17.77338188322154,10.991410427900648,1.7145492795189496
4953,1.1059122800284045,19.876137450553756,12.42876446902805,3.3575718639236634
4954,1.1079898749974781,21.447688450256564,11.942421585439385,1.5524456028910993
4955,1.110085240502858,19.59265028927378,11.56330040262902,1.5271823449000785
4956,1.1106157846022726,21.168131288192995,10.762078301137722,1.6086502302425052
4957,1.1089056975172542,20.29871012151946,11.084307144836979,1.7895295623126375
4958,1.1024943368050744,17.35493970406717,12.98163369139319,1.6005349565497913
4959,1.1068833079943698,18.887503972602527,12.644058897196976,1.4970273539367025
4960,1.1095688572425542,18.255720588580896,10.524128246574344,2.1362050495714446
4961,1.1092576247327843,20.347736356590968,11.481716543479875,1.8271831110596441
4962,1.1096185687717985,20.394472262280228,11.202269955735396,1.392207663606856
4963,1.114731625082704,23.997821958878646,12.291107268565616,1.37558021172081
5000,1.1362007975661843,18.875572280918522,10.632928610483107,1.3256909553647789
5001,1.1122248169838331,21.28862330257405,11.665754500889777,3.6051112424798464
5002,1.1038140647722483,21.83620382160276,12.525881052404994,1.3862675536721702
5003,1.1058131730234633,17.938450993705523,10.975007326548525,1.2789200800487526
5004,1.1025451392401286,21.736539256449944,11.723760321162766,6.352683868862851
5005,1.1098583094594663,17.194561074209087,10.389055787042546,1.2283985802125743
5006,1.1071762477990599,17.240922412219568,11.292313320946326,1.4128581335628094
5007,1.1063142471712561,22.536330759710953,11.319221740097047,1.1554454239005267
5008,1.1109783528927335,20.71825197035447,10.535389635025117,2.7365577108736576
5009,1.104726418594709,22.948308071250622,11.965545482324151,1.4547981084181874
5010,1.1067601234441617,23.42159921168741,11.806200261598924,3.296485058758561
5011,1.1054744784039223,20.57469048510524,11.518820500120285,1.908216321606238
5012,1.1053355151269797,23.285377632274912,11.304654644949322,1.7868658696502973
5013,1.104388095503598,19.567976428083945,12.219683420018628,1.1187229975635775
5014,1.109099214853842,22.73421171902206,11.35309541878702,3.093747854185504
5015,1.1063722196940013,26.660524774278578,11.054437472534529,1.507316144219973
5016,1.105222036531258,20.17055052562594,11.424828480716103,3.7409420393026664
5017,1.106727077598523,22.487876938230478,11.073335075101742,12.353593351355139
5018,1.1022783797062337,19.20998479212115,11.035094320833515,1.593268022484369
5019,1.103395563379707,23.848098766605094,11.710684808330436,4.252535495022742
5020,1.1034309304274776,20.339425735252092,11.598972484739402,3.6197187098317127
5021,1.1047523353534452,21.40967044052283,11.132722863087444,2.8658659156608173
5022,1.1041138263169266,20.686693735549216,11.372741921859856,1.1207246268928812
5023,1.1036563284370995,20.355152326975794,11.875998961812314,1.4957965608458803
5024,1.1004499089520803,22.393639113055816,11.989898395780966,14.537871975116786
5025,1.100807063749675,22.928961047351148,12.08547172547635,3.4361565567620516
5026,1.1032629492463015,21.53277665644993,12.00416206000898,1.6160443674950875
5027,1.1038334613731322,22.108869867737173,11.262493375254424,1.7847496043310866
5028,1.1014685331773535,20.266644148510537,11.76422431396136,1.3562819370593824
5029,1.1020742684280382,23.48589605750278,11.57880203091338,5.943431783199556
5030,1.1030007370802684,22.77902998761842,11.795620820726985,2.0161039493175363
5033,1.1024094776109874,18.968506351691182,11.231240261660874,6.669575072382261
5034,1.100683094809052,17.78394356991261,11.512063669633585,1.948639961703019
5035,1.1010696387614296,19.99643142435415,11.377165041912136,10.087764766450222
5036,1.1010351577768545,16.39607012574366,12.695031583399592,2.324972301629065
5037,1.1013202157787465,19.801617215096208,11.277909425580479,7.337357092423291
5038,1.1024347971774333,16.447301146873084,10.691010853085842,1.4533108607371439
5039,1.1008673617549087,19.228891038084942,11.25824092020881,4.790978723267682
5040,1.1023639309606448,16.51624145186495,11.382904986277154,1.750811448386637
5041,1.1014342309896383,19.46253627671116,12.028245759648442,1.9673055329740958
5042,1.103561365503361,20.27074600634265,11.05267823028669,2.0451940077490187
5043,1.1034319578668994,18.621763527650593,11.258841864148218,1.5629751405140315
5044,1.1050186145811343,16.157843626663734,11.887155494029418,1.5493566881617589
5045,1.1036015074407248,20.950191724337696,11.454844143508424,10.668521997173102
5046,1.105757518212665,17.296603839488032,11.88403390485112,1.438421880646717
5047,1.1061422947910329,26.596712445139964,11.110627890568901,2.4351570289258015
5048,1.1062460166855033,19.749103851060333,11.570965299542376,1.7152264016474645
5049,1.1062056131084401,19.515260755611294,11.858717619350134,1.8778338738447835
5050,1.106339806358266,20.23174041715095,11.610958514737467,7.482506236294789
5051,1.1039930088454055,19.130990142297655,11.830796179744294,2.3711907712367806
5052,1.1084515100317074,17.4410792386799,10.784065753182311,1.3408790706492624
5053,1.1063720205696537,19.456615105345318,12.503761601102546,4.104740629212355
5054,1.1075410514681194,21.225207834103625,12.167595125520977,1.3513255584516288
5055,1.1082112535116007,19.40271838169326,11.769247766645728,1.4735368901509414
5056,1.1102663044774603,20.62808915252106,10.953201351095291,1.4889103387914118
5057,1.1076467333765483,19.876939389485322,11.086949995581053,1.9936772351971856
5058,1.1042217997773407,17.1125321898281,13.034926438780376,1.571579369806817
5059,1.1057266827002392,18.82372096444862,13.031459172992443,1.9708251769871357
5060,1.1088409486506643,18.343208985203045,10.187793948312247,1.2306910048480233
5061,1.1093257464671018,20.018866426470648,11.596771712506024,1.519415702604969
5062,1.1091870943609266,20.005219361598364,11.484415714024854,1.3516693058103135
5063,1.1166117399954725,23.33819147427137,12.053868166702964,1.0430941031895606
5100,1.1369004394451374,19.219437186018258,11.171960971334386,1.2032015779477498
5101,1.1115470044991813,21.393135868288308,11.70560041820814,2.8715805455799437
5102,1.1046474199933924,21.670029170133052,12.18607754730534,1.5923921316977483
5103,1.1053794620349784,17.962332934176917,10.997738485951787,1.126303952730934
5104,1.1033470493506172,21.596336514118065,11.578856535955863,5.820238930449526
5105,1.111206913451905,17.32367136272813,10.642669170846556,1.055331751543877
5106,1.1078594422164239,17.327766293751353,11.209185296699497,1.3398214465282576
5107,1.1083661830983926,22.413581619660455,11.14660827886832,1.2777273755392486
5108,1.1111868476740907,20.589815324646427,10.563188680421332,2.440898914835831
5109,1.1051547121526533,22.638319898520354,12.215890536700924,1.1513098857576565
5110,1.1093904523677558,23.603211587482335,11.605866720519009,2.6427219414788854
5111,1.1036811251870855,20.626938122356734,11.859792270184311,1.1424018147669854
5112,1.1067966869651342,23.426943488214828,11.666267929937705,1.373354724696472
5113,1.1055702455705838,19.36803595731369,11.816699822945225,1.039662236437214
5114,1.1090854160801646,22.73207845123199,11.767242729955235,2.3566766731639364
5115,1.1042231286180106,26.895438788431985,11.310962195999416,1.7935569574532717
5116,1.105303784950285,20.001312787120746,11.742946121994429,3.1298842199815216
5117,1.1063600471053334,22.42127794095325,11.461333699853606,12.510538609884936
5118,1.1050488316790066,19.064988706798776,11.076641745076685,1.2101189109920387
5119,1.1025778553463832,23.52046444629544,11.917931010373978,3.495165958864884
5120,1.1056854634843665,20.330426730282824,11.474223328428282,3.7791284554908793
5121,1.104255167811531,21.318706598394876,11.98211045717761,1.9316789337347349
5122,1.105621763307385,20.329488186441043,11.662732027760276,1.1275758047039366
5123,1.1037222296558475,20.49134081663525,12.215964494562645,1.5050951065222602
5124,1.101075603620148,22.590506895527945,11.81700842150767,12.222891042425806
5125,1.1010180713952837,23.389735625492712,11.896903537855579,3.787110151245743
5126,1.1022158337652164,21.342261729468383,12.072018507457535,1.2160879593219633
5127,1.104541701218492,22.34061272690972,11.279831290802246,1.2101896667464223
5128,1.1029110082078097,20.31965574340047,11.38859804144519,1.1554179344504654
5129,1.099833469454141,23.940704715606028,11.817690038126278,5.996475951874848
5130,1.1013135766715636,22.436429511744876,11.993878169256623,1.511089204671282
5133,1.101103736655703,18.822925865702988,11.37539320842616,7.718424547627137
5134,1.100389421692749,18.025045705015447,11.479412049011023,1.912258746778256
5135,1.100020006539108,19.823133080918527,11.637257661842828,9.577261477930644
5136,1.0997570354293589,16.52453089914723,12.539382899619616,1.929472313237437
5137,1.1026255777230476,19.686653815858023,11.53784189469502,6.49723617758575
5138,1.1042735017155034,17.10099533030173,10.836776681321693,1.9215066064716173
5139,1.1008260750959684,19.444368071813756,11.886004743964378,5.062659125055649
5140,1.102579556671877,16.072066867175774,11.758882070928733,1.6004882721582174
5141,1.1015216833873778,19.376655411360073,11.982213133598835,1.6030882225285812
5142,1.1026664900894085,20.225339988108818,11.127598761105354,1.8218202688364613
5143,1.1049839234440588,18.994675717235847,11.284053989899116,1.9135903120281081
5144,1.1030232548213628,16.21364360292854,11.669481660228314,1.2844231781750106
5145,1.1027326244984956,20.816823737648825,11.923399684713434,10.844646006680565
5146,1.1070695977664975,17.699467617598856,11.656980005636992,2.3896244443676484
5147,1.1052537806210048,26.629200340034533,11.442911567557058,2.9158689065358576
5148,1.1050537812283039,19.974064714284403,11.88002016959052,2.0798412002252453
5149,1.107980842416855,19.34846620583498,11.909709248883697,2.5501509324568588
5150,1.1055789825637408,20.459536177756007,11.534929579449368,6.099729440581181
5151,1.1032792069470925,18.75398331567478,11.877476782070671,2.2991658788770604
5152,1.1089667240314849,17.62108485722408,11.05905120540712,2.0920373243195667
5153,1.1043267076694303,19.854151047488507,12.633627183624686,4.757875387465887
5154,1.1082443218808136,21.340461492936946,12.128344579989816,1.3412964754852164
5155,1.1101524116083652,19.54324295490428,11.517127334981335,1.4755521324890368
5156,1.1105538870814755,20.772578789256382,11.021929382394916,1.767984436504097
5157,1.1089887996217715,19.833452037166012,10.890887198999115,1.6318560495117724
5158,1.1046809993828777,17.037920990293244,13.130944631482059,1.8532476322278744
5159,1.1084619558099915,18.76387337991798,12.802126276666995,1.6976040311439151
5160,1.1105973715017903,18.232484331066395,10.542475526772202,1.7082552430695455
5161,1.108383137119363,19.884151180178886,11.638663119714272,1.3824912912545744
5162,1.1088032254682758,19.763181038609037,11.787923004724624,1.3952831204183807
5163,1.1164799283523668,23.29589310645908,12.66723236526251,2.515426459923433
5200,1.1354576052034948,18.922559815039044,12.040989606333547,0.8049468520197853
5201,1.1123402696427125,22.59330989594672,11.930425326576463,3.417822655496727
5202,1.1039230689803914,23.070078980749123,12.89900152454804,1.4942459041445415
5203,1.1058180835663654,19.172496736420296,10.970480992185916,1.6245349761067465
5204,1.1040248411298728,22.90915881703444,11.843346392749513,5.8640286210747234
5205,1.110875453489205,18.78322977189284,10.522925727160272,1.1071154276672408
5206,1.1088987795639809,18.580903862852985,11.32969855805064,1.1085027483327512
5207,1.1064991088878093,23.65782293146806,11.479511943884356,1.5198694417016476
5208,1.1119324223902072,21.90137458714512,11.078922686843045,2.4964334043706904
5209,1.1049336992438188,24.111850480223133,12.440405698885838,1.381918756117516
5210,1.107168370540162,24.811289072774546,11.64454591138998,2.85132855178851
5211,1.1047085120925104,21.832511241297798,11.775868693317815,0.9672482551609466
5212,1.1040467251143742,24.876004589627367,11.915297205912823,1.3256058288170145
5213,1.1053665772510421,20.524030441491544,12.494755156605503,1.4177564380751795
5214,1.107372204993738,23.97476072073426,11.987216019302238,1.5683873712841228
5215,1.1053968583994933,28.096318262801777,11.413862010382184,1.790975732028866
5216,1.10388117018311,21.477179271374048,11.601714351625528,2.6581594722922843
5217,1.1050726049865547,23.28720358634648,11.930146528086315,10.719715148740987
5218,1.1020164988192451,20.799263397978127,11.18887528165818,1.5207332766592305
5219,1.102487822768519,25.10023083094797,12.130096852164376,2.729165328271517
5220,1.1032920518170888,21.879017368664996,11.799227680828945,2.805622584453913
5221,1.1021002418971633,22.767821228329005,11.673297208871286,2.6515413737450952
5222,1.1065504610406351,22.151165034216685,11.083086318212775,1.3665794137577787
5223,1.10432979952814,21.45946793993126,12.635438200444229,1.3182841566792665
5224,1.1003777996996642,23.7400906376424,12.156351454147028,13.020381589478575
5225,1.1000235681314943,24.22695420944937,12.179894038822093,3.049251269589918
5226,1.1018504932863142,22.921720662763626,12.069487987207191,1.6318707446274539
5227,1.1040478548283783,23.67904356285425,11.669219729172474,1.5759841508877177
5228,1.0998243248053856,21.366773196456958,12.394243223100029,0.957588984310056
5229,1.1009480962910172,24.533463607824324,11.628082701211321,5.4665767857379
5230,1.098847268904211,23.92197085248903,12.047470610015148,1.422904774907609
5233,1.1016772500941074,20.184804705072427,11.312715249401577,7.685389741375995
5234,1.0989206350207579,19.269529949080418,11.417074839282083,1.4877357219313878
5235,1.0967334460027691,21.378107806841623,12.182099216807094,7.359193420622978
5236,1.09814754623806,17.4796824215383,13.123630431734236,1.8695076254171539
5237,1.1013573389182802,21.10731798618729,11.392320886491945,6.232428129220151
5238,1.1023899592609685,17.729882419548442,10.984440856983166,1.9486577599016797
5239,1.1018396690442374,20.59463218446774,11.820133154221365,5.137218071562793
5240,1.1017665959706358,17.614407184622102,11.372527448265396,2.3218470624529903
5241,1.099276305385633,21.00049303086799,11.671439127960294,2.3541659505767503
5242,1.1008776230565893,21.460799820195454,11.110474086253026,3.0628095684820167
5243,1.102346358486794,20.089018984108357,11.333305973380742,1.7695668093040642
5244,1.1034946928682958,17.424425304065963,12.149218187314766,1.4086947309199611
5245,1.0995487392338124,22.276622553702985,12.243894600780633,9.46534646168098
5246,1.1037532973411455,18.654329978928892,11.804040197987266,2.3416360346266742
5247,1.1035863589181847,28.103816909807765,11.285907726874488,2.1198968672462652
5248,1.1042247186622864,21.25898206130649,11.627207521744596,2.1922255268885715
5249,1.105657109035065,21.02544540992092,11.830537995663637,2.0113837222271718
5250,1.1047279279038218,21.256019076230395,12.12200829164462,7.3644925115818625
5251,1.1028190146671133,20.511447592089677,12.12836272880933,2.2163099313386585
5252,1.1061292317381122,18.617889679002786,11.040577059521434,1.1774796139707597
5253,1.1032027624452927,20.667565722311156,12.525418263551982,3.991427920393338
5254,1.1055954684746852,22.26782073481852,12.386947066114178,1.2882374159456584
5255,1.1088802724350153,20.715921217305883,11.983362863155579,1.7979602738270544
5256,1.109558903050048,21.942721935317177,10.624127178433456,1.7328133808965043
5257,1.1079806609880785,21.161439388115884,11.058793775700481,2.0878806604755433
5258,1.1023361021465394,18.66189417991571,13.102437063762414,1.6593427904792817
5259,1.1050394350327064,19.85406735320121,12.976936288940394,1.88756444733098
5260,1.108748306564889,19.745061658773928,10.251412798702463,1.567101607768776
5261,1.108316972681571,21.082989464558253,11.523907552361607,1.1445070770530066
5262,1.1100287817144576,20.999375975262538,12.01074118306104,1.382165097595662
5263,1.1148750101151386,24.482301745845703,12.373693137077089,1.5109088852289316
5300,1.1426755912459516,17.64309176836194,11.402798977397387,2.3825513163314778
5301,1.1067819210491918,19.582069939422826,12.838826907200495,7.395865785097465
5302,1.0954059224051949,20.731342960937553,13.610762784506782,4.381763075013945
5303,1.0942494240817866,17.358678217198438,13.128358790572664,4.183406653543076
5304,1.0925262152973851,21.537203464150625,13.84172938475329,16.60410790430347
5305,1.0981853643249115,17.470962217626955,12.81080990782513,5.373563025868779
5306,1.0952896965932408,17.384659869095955,13.780244830724653,3.980095811222429
5307,1.0940652559933832,22.714284746298592,13.622858379743553,4.382732899054943
5308,1.0969866805202149,20.76708530554239,13.61682692860798,8.536107628155069
5309,1.0931836896367597,22.862676186580558,14.39039810757107,4.645430248190117
5310,1.0958445043262117,23.86190681728925,14.21669651645589,7.363712796302843
5311,1.093496677585816,20.925898233853584,13.736869408246733,4.646490348988448
5312,1.094103289589755,23.94346513984625,13.91365925574728,5.801855139485018
5313,1.0936000413709912,19.95357293895402,14.145413098950142,4.534932890638538
5314,1.0954751742939677,23.164265706659915,14.119684292391735,7.6679374268626965
5315,1.093034800861778,27.286844260200454,13.779429157431807,4.142424743005709
5316,1.0909005251829085,20.650991288500382,13.870091957092141,8.091961189847028
5317,1.0936201943790207,22.632769489387858,13.793380430015002,29.722794685324825
5318,1.0908023692714084,19.766938504076627,13.842412681645325,4.673208686947432
5319,1.0905962483165526,24.090985529719774,14.027516041299434,10.997226679131781
5320,1.0896549593531997,20.783991206055017,13.932611396799569,10.164036766860132
5321,1.091575981036743,21.954360525831806,13.515638562991734,7.816642937057588
5322,1.0928796945573387,21.111394348563948,13.530032906544937,4.545305566932994
5323,1.0920591073672448,20.712364293073197,14.195591179823772,5.131476322377461
5324,1.0876215030449266,22.85180750962703,14.312320946792934,33.52861115411634
5325,1.0877655437817824,23.232182460596693,14.523385495827734,12.48901065492169
5326,1.0898118226225801,21.901664832900654,14.559155533883898,4.9416983510709676
5327,1.0898976484743637,22.780695525434027,13.772415766228141,5.594289454074317
5328,1.0896175843546965,20.714325092784158,13.613094358807018,4.323942486879596
5329,1.0872803227433236,23.57102034544727,14.229725321327878,14.232602814498339
5330,1.0882731555746008,22.83771776358986,14.107219620085628,6.575353959682419
5333,1.0883843410625527,19.252032987430063,13.76679100422986,17.279929714007316
5334,1.0881848269754282,18.048107494803965,13.577239075794122,4.7517183499216
5335,1.0876688421545173,20.153740137434344,13.941213005143997,22.62056008724817
5336,1.0867484940259258,16.437831446306085,14.860896407406022,4.707814540528829
5337,1.0897245879506798,19.911583658824114,13.540987843850829,16.641778757857914
5338,1.0908435506153347,17.239210924569516,12.781596274146409,5.177186626325963
5339,1.0882121169054952,19.553846299161435,14.460160738735413,13.549211646049127
5340,1.0894423854233386,16.632079172279504,13.895637009132448,4.784507692830241
5341,1.0901701652162912,19.651532124889773,14.064398102497426,5.393819469446486
5342,1.0892041669520032,20.358713936064863,13.338224139857866,7.5187177253891955
5343,1.0901267983854204,19.079547680071634,13.384453093848162,6.5428482512576
5344,1.090000246197825,16.345810249517374,14.143506676396955,5.756825098942136
5345,1.0885158107883233,21.271513225744417,13.707900524319857,23.54230791963941
5346,1.090516179636488,17.64241003128106,13.7216027582657,5.273567315892994
5347,1.09068908831081,27.18278237145072,13.689327271518554,8.021195673383275
5348,1.0902866061748657,20.6519382168939,13.455799982073517,4.928234465683692
5349,1.092654709698083,19.936613685819967,13.980181729206178,9.772317625831278
5350,1.0922097429740185,20.470859121327436,14.065487358390687,21.799214760752374
5351,1.0903803632739553,19.417718780382398,14.441574586742023,8.943886326349757
5352,1.0931174428044679,17.94933838724844,13.366980109231438,4.725271109887113
5353,1.090162721843883,19.99136797342186,14.683682086319582,11.906782095378372
5354,1.093635222588383,21.86056863575328,14.262355191877202,3.850860135907947
5355,1.0966422304811845,20.002056527847994,13.99013789823041,3.375257514307168
5356,1.0960414492680517,21.14561805592853,13.234899917578193,5.719815705701432
5357,1.095776867441364,20.484537614959034,13.34098262143847,4.574357736854192
5358,1.092032835466873,17.519233910087596,14.968284098526743,3.7517176393571816
5359,1.0932362712099761,19.009005606558908,15.14477828672403,3.9559526091506467
5360,1.0963693921679987,18.570884257249492,12.761578521213199,4.226778823273437
5361,1.0945264444895477,19.877015314045355,13.728109531448348,3.1390628833959586
5362,1.0971850102714107,19.260181345451993,13.458253404147497,3.1612805117143714
5363,1.1090844519569076,22.00974153708722,12.965317779814223,2.6243831505294772
5500,1.1455820468071283,18.73252506105777,10.594121555808387,1.5196826955298468
5501,1.1232137425107296,20.98930338371835,11.163724872894585,2.645698342208794
5502,1.1135124441483522,21.98539222778322,11.825170517448644,1.3182762446573997
5503,1.114109462490898,18.302936479131105,10.95423633637017,1.039155313195204
5504,1.1133114511533864,22.221205657654988,11.474908629886276,6.574103762149721
5505,1.1220035357065412,17.999062001838457,10.827168532118073,1.2528782662814393
5506,1.1184593675065015,18.057513764227803,11.068227532681451,1.0149318622116108
5507,1.1178784857323143,23.039309924692272,11.323572214432359,1.0253204924000685
5508,1.1205321821784655,21.180613605703922,10.905239047938116,2.3684870258659716
5509,1.113964624406656,23.204870084021476,12.050163098419358,1.094034940800566
5510,1.1157236052771144,24.076592688120012,12.069861814851352,1.9279165110148675
5511,1.1149467478848971,21.171041433707412,11.358895970013261,1.050629613746784
5512,1.1147371826191512,24.141687103635267,11.120015434727154,1.4840520637652357
5513,1.1152574950815768,19.942570530104412,11.7744854456112,1.3143522300004529
5514,1.1172825287842791,23.109071246379212,11.530016289103713,2.457412092943348
5515,1.1134610526131565,27.080449499943335,11.373508570606482,1.3509483819371033
5516,1.1136963006103453,20.419768422626653,11.499439531416204,2.74015648519607
5517,1.1132640132456713,22.896583646250104,11.086174218751434,12.542047294538321
5518,1.110684540137124,19.732647177201233,11.148920425973694,1.0385656157903027
5519,1.111204982848894,24.074455541876667,12.023450369355107,3.1099624325160193
5520,1.111306035144957,20.919875970755427,11.23837061450568,3.350246416430595
5521,1.1124829560224478,21.67192798765243,11.679907045737039,3.504533497187058
5522,1.1117336237251731,21.09772194595042,11.216820085269656,1.151867758140937
5523,1.110524420015588,20.64515265417841,12.111213237973905,1.286400741861868
5524,1.1092515858813645,23.401727354536135,11.138023709367157,14.096068872119773
5525,1.1075670667416704,23.802832756400253,11.62712224023452,5.117440168086246
5526,1.110652722431775,22.06978040952076,11.851132471334251,0.976858525048917
5527,1.1109824270998585,22.962744287331933,10.901114920639737,1.445772685590179
5528,1.1077665526045808,20.421716676230222,11.585643927666721,1.5734650232220244
5529,1.1066012214245096,23.97391174062989,11.60925287477762,4.817603007169232
5530,1.1073312680799137,23.05033444294181,12.11282205251285,1.708807700045132
5533,1.1112516795417864,19.4411844361339,11.116539279266485,9.484858768670842
5534,1.1078827987016726,18.372422464822037,11.26675352712045,1.8359674465719518
5535,1.106268512499259,20.79438236502089,11.474420528730738,9.266485796755955
5536,1.1058851435097783,16.764111745342884,12.51101082651372,1.9338761608469368
5537,1.1103796086028588,20.36282661675028,10.969856346679306,6.76055213475983
5538,1.1092180071329258,17.022670582392458,10.682832570503601,1.4337675562079255
5539,1.1084966364783695,19.721662417396846,11.665599445186642,5.167861599512869
5540,1.109206616214793,16.88764136646383,11.721135678733061,2.0228817668904138
5541,1.1085381624700368,19.714987150662285,11.761361950156958,1.9462578550811527
5542,1.1103408697503243,20.52212041893265,10.343452601004925,2.994568170314161
5543,1.1099199549199572,19.465342237449676,11.444310913642447,2.0143887058253958
5544,1.1084637268392221,16.53316304136322,11.697013064502103,1.3755879095493555
5545,1.1070562533569457,21.319782784200434,11.340126369010797,10.30263456277792
5546,1.1108465473811273,17.410291631257902,11.993069662640325,2.520410488519437
5547,1.1096848016997802,26.900535402794826,11.122261194968086,2.829005146162237
5548,1.111091056602898,20.268187108740833,11.740023988181578,2.598665693060134
5549,1.112063272055267,20.084050288638473,11.746123914601108,2.5749704579269848
5550,1.1118466324982703,20.743405684072915,11.591181850126304,7.612055577299984
5551,1.109122785780249,19.543184926131723,12.370008349041333,2.037026998167114
5552,1.113182563590218,17.985251047080826,10.881748205207069,1.5437094057097593
5553,1.1112538992494587,20.131959287268174,12.316267406808082,4.9334849752221155
5554,1.1139459848834392,21.678277190080884,12.391893845272396,1.6423964780199958
5555,1.1164355327892288,19.774332245827217,11.290563898839089,1.851792297655841
5556,1.1164139044688084,21.090348806137246,10.844940868521993,2.573616884825174
5557,1.1176724208322626,20.485441424656244,10.964319899740866,2.409073752470861
5558,1.11177502442033,17.986355862929813,12.486731452162553,1.7525576159619032
5559,1.113044975800322,19.530487989181715,12.603859832931176,1.4151285076403461
5560,1.1182429152643212,18.926046138940855,10.220990323041947,2.155261266209887
5561,1.114802330045322,20.543595041723524,11.176341589886263,2.200961131684944
5562,1.1151657381901028,20.350323322162314,10.987799303479305,1.8004642950195047
5563,1.1224548316678535,22.875917868489758,11.293007840705553,1.6680268488881873
5600,1.1630440154522448,16.381412418748155,11.649440370517404,1.2716485279485619
5601,1.1306008452749092,19.41105168185503,10.955596332530732,4.699093806906065
5602,1.1223609588079375,20.558213468423542,12.0943919890699,1.7820399137607776
5603,1.1235518297372218,17.060633000935276,11.144713674081899,1.4770871347414012
5604,1.1205726045160418,20.92018943594427,11.540089811018,6.845284806294301
5605,1.1289616162993608,16.97931008095909,10.631421880865172,1.6386115036562023
5606,1.1259621495164267,17.067518563867488,11.198663183237114,1.180681367868207
5607,1.1244338827783598,21.90115204529573,11.53206352192413,1.787529066384398
5608,1.1276191948094019,20.237755693910017,11.212386202815747,4.054245031629743
5609,1.122804717218359,22.445633730411075,12.248896744507805,1.6223541845120266
5610,1.1224077364349336,23.059309855633863,11.835171174243436,3.1799099761896374
5611,1.1208207387987883,20.38965659292844,11.987417627859344,1.060805394228991
5612,1.120208412179048,23.186481650903765,11.830672257323435,1.57699601306366
5613,1.1215952368618654,19.092731396198907,12.387772870918436,1.425443944938165
5614,1.1240184718182782,22.410709767023057,11.827001071504844,3.753250955414402
5615,1.1187432664498296,26.3190984823792,11.424955978390226,1.4995029057325866
5616,1.1183780327131472,20.08031409321745,11.716743445856812,3.2078277129932347
5617,1.1198665252702165,22.29188335492649,11.327118502875122,11.354021913561233
5618,1.1163996140550771,19.03240859995521,11.329912839285255,1.2611348161479914
5619,1.1185538795245396,23.114432328347682,12.090551157017513,4.053876106748221
5620,1.1178598373201654,19.982162266219987,11.656849112493845,4.082187711339151
5621,1.1186204431823468,21.006965385329373,11.527857881924684,3.7091789889913453
5622,1.1187489597156615,20.127415536597624,11.180244434372472,1.1510715783524015
5623,1.1165671089424578,19.84496263382984,12.336240917004826,1.5958658099419887
5624,1.1158567861196682,22.2248456450356,11.863359936251436,15.06445259259763
5625,1.1148473399781584,23.01667346827993,11.861527332388292,5.855523181059988
5626,1.1151359587646623,21.069650461623517,12.206436396148089,1.3014085070713757
5627,1.1177386489326488,21.965059536124663,11.086796498378176,1.3770241013423166
5628,1.1146929782875534,19.886092363889762,11.775967735723619,1.407273565983029
5629,1.1130211541974884,22.864916580194585,11.913254641248937,10.999269867788115
5630,1.1131890284601649,21.964296818821477,12.461897989267587,1.7321261497515081
5633,1.1163709323783075,18.699479563671762,11.113390367669878,9.175824951311427
5634,1.1132068073028454,17.218226563115312,11.327409210200992,2.236724924186118
5635,1.1120756851250821,19.70583276643168,12.224536690725012,11.847690970136584
5636,1.1146907586088126,15.836335842329351,12.505830681657642,2.0539921439389577
5637,1.1155599037686492,19.45252712306355,11.506385940723447,8.611108551492999
5638,1.1173534456616303,16.50096576433474,10.609764770628106,2.0214824869061694
5639,1.1127981467812134,18.78982450431337,11.884866684296309,7.396035707448618
5640,1.1161206321834054,15.681443780068093,11.45935592224794,2.1375766414535384
5641,1.1142251962527023,18.96108982776607,11.56609680592298,1.8267326571899598
5642,1.1154159948305984,19.704652342482618,10.870604022684933,3.361406797045813
5643,1.1157964281618202,18.85340438286755,11.25753165614555,1.8463178655089703
5644,1.11773438590869,15.635416567374019,11.954513918155342,1.9984629099756746
5645,1.1120122102701364,20.7013979561773,11.602852080037206,11.829476980965815
5646,1.117577250800124,16.725563793680994,12.061402645917623,2.2519328022516745
5647,1.1157256665941337,26.151740774256794,11.5669602691755,3.288266433224412
5648,1.117492493145988,19.299061005827046,11.70849203119209,2.4343386253211503
5649,1.1193466811535642,18.934819890549107,11.77421810442618,3.353456607616667
5650,1.119095682873766,19.644871373076988,11.819762181872392,8.4190323515548
5651,1.1157577068592046,18.66871507153652,12.435247395290359,3.406374018160086
5652,1.1213397002825913,17.200328517380054,11.31723124150353,1.590409515219232
5653,1.116729170510628,19.14815215077255,12.675108828181413,5.090894493281307
5654,1.1215197363388496,20.802892640314596,12.213716956184328,1.565465605479222
5655,1.1232355685326683,19.02537718978929,11.383392833824155,1.6698194308537877
5656,1.1255780698990177,20.37915661647981,11.04315588689898,2.106463105299985
5657,1.1229768448312611,19.6917231331638,11.421232494120169,1.81484908125152
5658,1.1193645903343334,16.967482290006213,13.071263480948195,2.192736862370066
5659,1.1212242741961744,18.40321531566068,12.81744050375138,1.7540147512396207
5660,1.1247102453363993,17.942363415836944,10.274132849423603,1.535557895199413
5661,1.1228035908809173,19.409795003101337,11.422226615679872,1.740334089166663
5662,1.121564857608856,18.716245397977097,11.530478572863759,1.6706273369089308
5663,1.1326620321746765,20.76970662201334,11.059522403931032,1.657644588665178
5701,1.1402469936386397,19.863668302345133,11.24465962487032,1.4767508698376415
5702,1.1177723835869522,19.82148758430696,11.766903464004525,1.7628239539119668
5703,1.1113737373711319,16.05666473392105,11.284848396221633,0.9569165109509241
5704,1.1093406958792347,20.136634422253916,11.522061184657627,6.0167466799726315
5705,1.115470037971014,15.651157795514719,10.387114420232898,1.4355978474336397
5706,1.1144849116872317,15.939654061405818,10.973738035492161,1.1762602968720077
5707,1.1128486044780421,20.98114608164235,11.48666542333221,1.1022671441356635
5708,1.1173682811819647,19.30180125597652,10.825887433470912,1.9491613481221675
5709,1.1097675987317266,20.87797269871343,12.078219822264954,1.551526200638467
5710,1.1132385588881906,21.642793382058798,11.541280762198527,1.3870340372444556
5711,1.1087967501560163,19.166662023672963,11.544471831973032,1.2315551124724822
5712,1.1087681016240893,22.021964865869325,11.399096107780908,1.4392684433639675
5713,1.109437678602326,17.885495720524073,12.017678535192186,1.1737458211337604
5714,1.1115662408771585,21.144228397113974,11.931992668420211,2.1385429096845425
5715,1.1099490463647588,25.343166977970878,11.256194371057596,1.3297403531324392
5716,1.108039516382223,18.692315184235905,11.451206555244621,2.758410894389526
5717,1.1095459523920035,20.86223262626548,11.434030117069941,10.720564113488166
5718,1.1070729674152868,17.708524912189294,11.161695609992751,1.3343393364023357
5719,1.1082346788485944,22.134601834412745,12.00385429407622,3.672476485926827
5720,1.1072933051540652,18.88634143456072,11.437616934396965,3.0730922248593844
5721,1.1066589885615192,20.01158523433521,11.172212325558725,2.2257659731948922
5722,1.1084978596585338,19.353332640571292,11.493426414192639,1.2700940760394026
5723,1.1059048979279733,18.619514790739874,12.345315502736097,1.5446863675939897
5724,1.1033780572439735,21.16787765685868,11.568141473391782,11.97519959896141
5725,1.1029896258427656,21.754761539841954,12.018290471827266,4.694230652275601
5726,1.104699691237326,19.676620231031,12.04644257214246,1.1942417498434938
5727,1.1054904107024945,20.732561113912706,11.478914746572345,1.3690776819455637
5728,1.103848479685686,18.92774237435511,11.48212735887447,1.1395128699524268
5729,1.100377272354955,21.91765569000827,11.757416245349697,4.723932396103816
5730,1.1010560566586338,21.05955384266632,12.047703055882838,1.6687239085187184
5733,1.104715573773574,17.514611882757205,10.967039889648436,5.674706427696048
5734,1.1016530459137281,16.363929920295774,11.205297881645581,1.7822877871443346
5735,1.1005775713394672,18.349353793682734,11.570212012162143,7.5602780619540955
5736,1.1014172613302864,14.936020551030767,12.768380078586675,1.8800332981524952
5737,1.1021381095178153,18.354057721115513,11.462453006341207,5.25694428846572
5738,1.1047021233368108,15.473883955621563,10.796689944927303,1.94633666881429
5739,1.1032638908145342,17.610530892370072,12.22118629768406,5.007794782563623
5740,1.104643059071742,14.682962628912847,11.368941705527588,1.877284457096734
5741,1.1026686153894216,17.786508228096782,11.594669870043216,1.3716982767139123
5742,1.1030662501771442,18.757897748719195,11.02951830621681,1.932700278638274
5743,1.1039459015413782,17.516736804049586,11.284627062125981,1.4765787886595985
5744,1.1063061297227312,14.504757753566174,11.590387800894169,1.32866357827876
5745,1.1030366650734633,19.657306363073012,11.254097545370875,8.552481755184079
5746,1.1053360115537172,15.898202715233431,12.063866774874654,1.7477229549789262
5747,1.104756413574331,25.057581239421257,11.002291164236388,2.2505844650638815
5748,1.1051798928375647,18.63662566622004,11.562620300941333,2.129402566066452
5749,1.106252488208167,18.040225809890284,11.743989377713559,2.5629872470207657
5750,1.1044821487979892,18.64449182343732,11.662325502726599,7.614227831912001
5751,1.104171193405449,17.512897519370533,12.081115703332962,2.449779589090718
5752,1.1076775458497803,15.938651444300014,10.9894459589906,1.403087214982957
5753,1.10724920596097,17.968664221897452,12.124525968977041,3.0906034879971536
5754,1.1088105277051945,19.719680320214216,12.224920122373296,1.7783670869704677
5755,1.1118179935903827,17.90503611111668,11.31095010615509,1.804911501307701
5756,1.1111378327469723,19.455679588249044,11.17728749236919,1.6659367583350946
5757,1.109910921881065,18.864587547461156,10.976643499798145,1.7259969129598256
5758,1.1064458198854576,15.771840857937267,12.611865480467237,1.5513335282160028
5759,1.1089739281122803,16.959303566051155,12.705685190995398,1.8324255567944914
5760,1.1124719014386162,16.833239537567025,10.250768386468991,1.6867923922968013
5761,1.1122276122724533,18.115912627657963,11.005112713632142,1.5135615782554348
5762,1.1228598718962213,17.471207433640313,11.484026571638692,1.9476591945440451
5763,1.1468446211555523,22.073282803082172,11.60558359525483,0.675565155118807
5802,1.1373604017503047,23.782058659018638,11.917988281898793,1.534417949128212
5803,1.1199931536373218,20.109880451808536,11.279353439640294,0.9213072473647264
5804,1.1113150213556149,23.413980532203638,11.713946795088034,5.026681839159065
5805,1.1154627667572177,19.190756930301447,11.077874907185699,1.4265808565200102
5806,1.1132251428466167,19.560435288765643,11.41247446183751,0.773267533924463
5807,1.1135877848814542,24.698783499290737,11.627707657431175,1.1947982511784017
5808,1.1146115521711288,22.930061112174947,12.018968428130936,1.833486802857652
5809,1.1110373892033274,24.89015026829045,12.39001674770957,1.0382836796549388
5810,1.1111694850215967,25.40528032446252,12.064152314191405,1.6831552000799677
5811,1.1118293957881944,22.789831094677016,12.076690127902125,1.0777741169500492
5812,1.1103763403294042,25.84334056103117,11.582659096397133,0.988013638329135
5813,1.1107284418781953,21.452078426110415,12.07249789409991,1.3510929793642361
5814,1.1112173911941925,24.849814325146976,12.259963576732465,1.1382562015266597
5815,1.1086923988495998,29.092692213782108,11.936716511003207,0.9984951342827433
5816,1.1105526137697805,22.184449252233478,11.378345869590438,2.2996628480584733
5817,1.1097808652450867,24.401999604048275,11.558957831130991,8.49227982271707
5818,1.1051610668849807,21.08443811312009,11.343692111047684,1.2273245122461987
5819,1.107965185778749,25.686717873376224,11.749252693286923,3.149968587858036
5820,1.1070643433576506,22.49446452116518,11.90710642617173,3.3697865251923886
5821,1.1064576034551348,23.63531704756849,11.792577103192116,2.196208440950906
5822,1.1077852897674116,22.63665005955589,11.991066897055777,1.1804444622617634
5823,1.106116595395502,22.38079778231085,12.242934412667983,0.933791494572014
5824,1.104374217107204,24.788193432810594,12.082733531334224,11.203740504491247
5825,1.1007547588071829,25.135943568459986,12.855713040978332,3.5319516170670227
5826,1.1048311231736494,23.529222401211648,11.85028101407057,1.2090523926745227
5827,1.1051304825787749,24.595628236568544,11.866388104092454,1.3089783636214474
5828,1.1029662071706996,22.108678947507364,11.818183595445149,1.3118051529862287
5829,1.1009272286658534,25.601078653633234,11.716081638371046,4.542706915708315
5830,1.1009777936609657,24.72685905052395,12.567285960167029,1.0993304101553083
5833,1.103881071018919,20.96266447700847,11.381680142008562,6.337607114610365
5834,1.1022495165076214,19.891853311933147,11.638961318735776,1.821885256538663
5835,1.1016117074836282,22.220480343391124,11.954591880385395,7.016078312736186
5836,1.101716546736396,18.381908666409416,12.840844792583512,1.6577527561918979
5837,1.1025608964327094,21.94787703129373,11.775446666972753,5.200527520763624
5838,1.1048405034231692,18.802510750882245,10.87678520660687,1.7157749880283077
5839,1.1013651924920442,21.35931522677898,12.091922168187294,4.142337863598525
5840,1.1046643390519797,18.575791508572554,11.91928880567934,2.031798304032895
5841,1.1036095080637736,21.352460068638884,12.168749738398677,1.6032571073047404
5842,1.1036253690448106,22.25323060276787,11.215038004971285,2.185780549823048
5843,1.1048598853571376,21.087371337196448,11.614926569841996,1.5489587166055723
5844,1.1044269649600886,18.16962885974973,12.134357440569747,1.888525521033101
5845,1.102539547721281,22.904694099094765,12.077103693605357,6.340718685837303
5846,1.104577944085683,19.436350697429003,11.885799520081378,1.870811090171327
5847,1.1058627219276482,28.791382208372,11.276303596372518,1.9415861415467885
5848,1.1050662346979119,22.103189269096983,11.432092684974208,1.9316682067110453
5849,1.1069826634671607,21.40608378868463,11.912954587297717,1.6320306052231428
5850,1.106890837274901,22.104985028910935,11.83047020831929,7.733683465686981
5851,1.1033621777745084,21.054832901563998,12.493220455932427,2.1189370270577466
5852,1.107055678506071,19.68345523020691,10.964827913778759,1.6343845471442204
5853,1.1047588322446567,21.360303835695966,12.62671326351434,4.213720322131197
5854,1.1089829643474203,23.306626370581252,12.17545343238825,1.548694414803128
5855,1.1097626878250717,21.38603402383577,11.771874002116945,2.136362937547374
5856,1.1124223052399427,22.815965821192364,11.007595621433484,2.029518921955717
5857,1.1114516884470087,21.974284353131992,11.009488118771015,1.2460913292986595
5858,1.1071559249038472,19.007903094202753,12.632868599701936,1.1737418120472043
5859,1.1078653579486242,20.661885687644425,12.866480368305645,1.524990844474862
5860,1.114988908193276,20.518123374370536,10.458202431676465,1.8121262162403462
5861,1.1224318647686726,21.894281427984225,11.565065346911195,2.902698046968789
5862,1.144997234114812,22.036503531591638,11.612171391297727,1.067647928268492
5903,1.134900732256155,18.663725872739537,11.19484444963713,0.9936948723885953
5904,1.1156735061659926,22.47703222787626,11.686903138642226,5.595613239522302
5905,1.1159651957148853,17.505693747486802,11.112824683766194,0.7857264053749017
5906,1.1103888726823097,17.973351177257047,11.379916172304256,1.168941699547946
5907,1.1114320422116746,22.898150570100114,11.760765736516586,1.302779275265547
5908,1.1168040741896783,21.0968732335102,10.946520362462726,1.3154446188209674
5909,1.1090909385394951,23.214364554979106,12.095106478829136,0.8811628896234391
5910,1.1106068952069015,23.98292676925845,12.154156271393278,1.4013705442884699
5911,1.107846551184927,21.100628330554805,11.658878852886456,1.1203393933650008
5912,1.1099333029580174,23.95221311758631,11.36038197811392,1.0223867087505432
5913,1.10965515479064,20.15622941219349,12.10134977235578,1.218477957439444
5914,1.108732113144736,23.127119779508078,12.117971921840239,2.191594136305009
5915,1.1081299021964697,27.400384398076884,11.424970246148664,1.2598520870709427
5916,1.1063798200482458,20.67113980709319,11.792617738602258,2.528298173055394
5917,1.1083953015514352,22.896946543536185,11.678595886631967,9.420729706154544
5918,1.1042990259991994,19.964428476143077,11.465062796923746,1.4003389079669633
5919,1.1065335989263656,24.246835787935428,11.78566880219971,3.2343847910376455
5920,1.1063294046197643,20.980987364266582,11.50796466025606,2.9019189572547264
5921,1.1060977069337223,21.922066173235137,11.418573269692095,2.0233359089772187
5922,1.105115266263227,21.548003223680407,11.486469113473063,1.2694155612977165
5923,1.1056500655295183,20.54021580079801,12.034191531384025,1.4847974269862976
5924,1.1017256745117958,23.115555880982054,11.823296790422198,10.161792295312157
5925,1.1008274830403324,23.71879102743221,12.429353314217543,3.803390623021625
5926,1.1022073482384898,21.831751333504037,12.437215019501982,1.391990192509442
5927,1.1036664620138643,22.760835591815738,11.98919533838178,1.0637497886927798
5928,1.1012539288204837,20.665656004254558,11.767977628743836,1.278055835525671
5929,1.0994770205682582,24.08314433820181,11.864438432982178,5.0198728021974945
5930,1.100291686728539,22.86587756447016,12.024157004577212,1.4313824836589233
5933,1.1019148757818,19.520722382352485,11.323639235840385,4.874182922316235
5934,1.1003703062586945,18.387325105531577,11.225536644956183,1.5007187778273496
5935,1.1001115290517296,20.810842639427587,11.316018135570019,6.331661513581194
5936,1.0990542107333432,17.020157268557007,12.588164429916437,1.370178351237128
5937,1.1022184302686446,20.736282212279633,11.225139812496144,3.558618383562499
5938,1.103191620651971,17.445377980642267,10.643579733981552,1.6188153670585486
5939,1.099680248674685,19.780840139328166,11.640391437712712,4.888457489614077
5940,1.1032189510470836,16.657073288871867,11.326996238218596,1.5579542821324697
5941,1.1032090488473236,19.872083247757406,11.837126112148084,1.4440217179875323
5942,1.1018722144224051,20.64230661678309,10.942654227839254,1.7310553825739876
5943,1.1028513044977997,19.358456080420876,10.917552328932825,1.6698195757832586
5944,1.103250559906397,16.616629713806645,12.020250676777037,1.274630364643386
5945,1.0996258587679504,21.744390682781045,11.58960118021548,9.504861822790456
5946,1.1034017851978315,18.0057309882422,11.507080492524944,1.494709140625233
5947,1.1043813925904014,27.72154292220818,11.211550275206587,2.2495905593502528
5948,1.102864400358421,20.619856717905865,11.759277103234766,1.5362681514715693
5949,1.1058487602336928,19.967302496987298,11.915194807336588,2.381167989586821
5950,1.1033330986380125,20.691543840187887,11.57629682816606,6.4674970059979735
5951,1.1006699180755406,19.68892961730096,12.044677845327222,1.9470836194956322
5952,1.106674057648994,18.05353410000684,11.110140668129068,1.234678586703693
5953,1.1032382882880067,19.976337349586988,12.374960261777925,3.379725883434955
5954,1.1072220681662548,21.67252982834155,12.174366137114095,1.516788388280755
5955,1.1099832629797315,20.039265681257277,11.50738343075825,1.5333312948925968
5956,1.1103798641261169,21.3222855991261,10.96559645715975,1.6789396581416693
5957,1.1090466038835833,20.891973098852766,10.891946080625173,1.8263114019034545
5958,1.1035142224004317,17.66247269816379,12.530828985850857,1.6514080522543366
5959,1.1093721945156836,18.82389639238498,12.539456661475786,1.6099874307327542
5960,1.1222865283209413,19.047740172707844,10.307930817977606,1.3886902293303334
5961,1.1392847388200036,20.48251290979136,11.407796391239703,0.9496644768313898
6004,1.1371122469686965,23.09803707010884,11.382572705652189,4.440971005114541
6005,1.124031716768998,18.4640714561077,10.468101954430187,1.1619276523755748
6006,1.116700874516625,18.735883911944626,10.947148557394792,0.8736125521453324
6007,1.1148634958178034,24.092374862136786,10.7713955295748,1.0783258396596176
6008,1.1210669326100553,22.10179905399613,11.166248708747423,1.7170910425207995
6009,1.114673060884519,24.172652211619198,12.235548499802919,1.1826200706398755
6010,1.1158875446266845,24.479627570005274,11.85223056413012,2.253206965490492
6011,1.112238921763346,21.736726690921692,11.359641993367017,1.107940982331425
6012,1.113110308893769,24.82542226375432,11.079151712663108,1.1879142433635614
6013,1.1130990026661152,20.886288293173738,11.288103362490737,1.0018462513183204
6014,1.1162915381247487,23.739120327648383,11.7284953260932,2.3007855771469528
6015,1.1133281001032385,28.03172181294582,11.12398748553089,1.2468461894138503
6016,1.1129575862140595,21.23705296326216,11.379154342661376,1.9545173992649483
6017,1.1126220227234027,23.756135637463164,10.9076785342991,10.816626370917096
6018,1.1112622013626259,20.479927582654234,11.042003915515885,1.315173132635419
6019,1.1111331016391883,25.001894154562006,11.555544900899879,2.036601112271994
6020,1.1098795716204066,21.95768267589041,11.299871904137946,2.173399241650351
6021,1.112297205441661,22.860403178930284,10.923471666762838,2.0231654538300727
6022,1.1099291439033092,21.82557279085663,11.828117913113678,1.1705125135611547
6023,1.1090550677750983,21.43737133963396,12.043627829452191,1.0686075033195956
6024,1.106095203673131,24.068371697520238,11.69491420907754,12.894582307114437
6025,1.1058326515799253,24.138020102520166,12.175117758444156,4.247885149412347
6026,1.107304374304654,22.457064383066108,11.998258067232914,1.2119390572325055
6027,1.107347446916478,23.48546522864652,11.257236804689128,1.2141134853881042
6028,1.1044611553820192,21.360207564476326,11.804938160777121,0.777212137843649
6029,1.1041994365542604,24.81406395877564,11.326508502738653,5.894994804767091
6030,1.1029973819940087,23.822080377165197,12.180149799649499,1.0443159104546076
6033,1.1057500079310871,20.436663115202585,10.731848239774255,7.506254206296894
6034,1.104330382651117,19.288148284178476,10.839964313595766,1.905617487963882
6035,1.1042469905899484,21.603646300492702,11.260555696897569,8.245846192247186
6036,1.1039332615578552,17.630144304254713,12.628402651795026,1.8603138261275867
6037,1.1059142952605967,21.321587886022453,10.35681185294331,4.46222683774039
6038,1.1059373859038004,18.11450386708368,10.409877790735457,1.4558931036536784
6039,1.105899942294882,20.737267060042292,11.069578555119039,4.103277278555879
6040,1.1059019355475388,17.41527797452759,11.178593647960774,1.3460236942583887
6041,1.1042471393791016,20.39812611707908,11.58737467164723,1.7308982005340328
6042,1.1066302531411645,21.66233113906535,10.581381306882864,2.4546711790736064
6043,1.1075337723695344,20.2253666575151,11.184595945098613,1.7300556888627137
6044,1.1072838960811957,17.305030533581856,11.868672416420095,1.3506018608147223
6045,1.1057160877036836,22.416371562834193,11.558199132151318,9.214154530359696
6046,1.1077489540939025,18.574687620240837,11.918937857520904,2.260354206106065
6047,1.1080931795094289,27.843118124401506,10.585970323078719,1.6012893832024362
6048,1.106613088797191,21.245746857871048,10.942298505151983,1.7039088204345976
6049,1.108710845235302,20.4159519910409,11.833383538534656,2.752857259406794
6050,1.1071822319432572,21.727522534130138,11.181068000178396,7.705303245351001
6051,1.1038644836513023,20.415848256454144,12.275413558407417,2.516322209517918
6052,1.1100604970830028,18.864529320115214,10.758547008861498,1.5284929035489914
6053,1.1078596054052887,20.87915593140432,12.006110632102391,4.177299836259474
6054,1.1108917039146353,22.5236324646562,11.589228662869049,1.8335473919472618
6055,1.1124164064940867,21.07070497792023,10.969734508945935,1.8100841812878623
6056,1.1132615500367935,22.463775267658157,10.961497351691511,1.4838432036771243
6057,1.113003080525489,21.281878534283344,10.77165226038974,2.3742439701200584
6058,1.1095719894549592,18.517602771723098,11.984323077912578,2.561296253749915
6059,1.1220860191445021,19.047721222640234,12.392582872026502,2.031133820689588
6060,1.1426666956307425,20.056055795410337,10.229932226505305,1.0722483532015321
6105,1.146325003333625,17.296874386089225,10.326307427564243,1.2444536551944925
6106,1.1264656292792035,16.904340888179778,10.79015701327063,1.0642292823365431
6107,1.1196758092648824,22.396323806421908,10.839712753478693,1.0787023240472546
6108,1.126536913633222,20.941361436767213,10.456742905058496,2.6620769785491447
6109,1.1190928144451533,22.531438275718212,12.287236977505437,1.1137834571031289
6110,1.122015770957414,23.390019739873306,11.62099462827197,1.4390452495099852
6111,1.119834424128946,20.601898118370535,11.659222861677506,1.3303881722911441
6112,1.1217887158647775,23.621678415923647,11.126356112182592,0.7239056841078344
6113,1.1207727692162188,19.539800535799625,11.50149054339043,1.2140532570009308
6114,1.1241728840461742,22.913746473403044,11.618282095271283,1.6073048051757235
6115,1.120310651069462,26.966974130899345,11.118217294060884,1.2020638910333197
6116,1.1182750168591722,20.553122227997513,11.284203539591514,3.7186728371441884
6117,1.1190009712523878,22.75645598869504,11.212688824387143,9.808612232014994
6118,1.117177799645144,19.340324845548988,10.865807575355461,0.8138046592408635
6119,1.1202226330847926,23.709851103432587,11.635102993679233,3.1089337190811044
6120,1.1176665898893428,20.683105751985742,10.956713375613147,3.3008072336245817
6121,1.1177817983518088,21.481264747971984,10.902440367053428,2.5461639736985946
6122,1.116926977081923,20.76180873962004,11.280810839584742,0.9486632744143427
6123,1.1164586227198954,20.321463798079346,11.671701378258046,1.2915680924243413
6124,1.112709180820507,22.52077671739518,11.197440654387554,11.721516472410144
6125,1.1129654636529251,22.830463069240572,11.788808207209614,4.527227927282344
6126,1.1125063297442515,21.339070339819042,11.891680548018368,0.9093566216410475
6127,1.1135822695738156,22.059250257673988,11.530404050489228,1.3475267783054565
6128,1.1106393631272329,20.077473412276664,11.780061901546462,0.7822479195998798
6129,1.1099803725235842,23.32802233467466,11.329212982690212,6.09754977561251
6130,1.1071682672994845,22.421611448276515,11.972853526289228,1.3734825564021287
6133,1.1103812322962234,19.167818295742492,10.605235811946347,7.545922465265074
6134,1.10714494390979,18.303039164508732,11.117367580931477,1.9547455275511765
6135,1.1101590923621634,20.168039139277514,10.725605070854161,9.004457080156895
6136,1.1112008362663475,16.45493339830637,11.705785208328923,1.5945402788688634
6137,1.112122641593739,20.418855082591392,10.561273178279313,6.5851664004229615
6138,1.1131018063151628,16.853069003329296,10.095468851693859,1.4334030506427928
6139,1.1093686957846356,19.607999375801906,11.305046589911806,7.143980555886875
6140,1.1130656227029734,16.21824941569317,11.057252282664157,2.0011499893797424
6141,1.112223459118561,19.14346560187936,11.109882439381224,1.5762761762465072
6142,1.111384406852957,20.379556518549172,10.438672134837482,4.367865907745009
6143,1.1126846645027617,18.796828928776588,10.91940687119624,1.5366710966814714
6144,1.1129078493612774,16.033986594824754,11.631668524728163,1.5962502724974195
6145,1.111035347902521,21.24391763930029,10.93525256601009,10.170005513416836
6146,1.1106975511425077,17.663161718943144,11.327092540543944,2.3425051121811036
6147,1.1133660555275322,26.806109433713257,10.932109373534193,2.1801413643236693
6148,1.1123056145729755,20.15478761804615,11.012707500230984,2.7077100231317583
6149,1.1142450971704712,19.853078316294447,11.334358007455304,2.9017376801668244
6150,1.1131318597679885,20.185010457091153,11.28147598459721,7.984107575127695
6151,1.1105710275268459,19.264411227127212,12.139108354682385,3.1994440266919044
6152,1.1141754792653353,17.768064278972346,10.624608780875699,1.3807659161495542
6153,1.1117380921485098,19.56821343599846,12.141298480724219,5.233644430953949
6154,1.1180330520537123,21.37400513561035,11.263907958615611,1.2404239713995124
6155,1.11978740151843,19.469631853646213,10.990720016341383,1.4263797930691895
6156,1.1196927223264037,20.940184120260255,10.528547374734428,1.54417216863815
6157,1.119149065520465,19.96389147228085,10.417299041114264,1.9003489401279983
6158,1.1250292413964982,16.16887164437226,12.182582598915701,2.622350835406314
6159,1.143215900477479,18.11694579491201,11.586211868029023,1.1449141167851813
6206,1.1485234786306817,18.270603040613825,11.027158444295019,1.4079752826030696
6207,1.1284636627133546,22.745379836248784,10.859824805171494,1.2896927282287978
6208,1.127383254745518,21.11978589159642,11.01429415076244,2.0646701553430384
6209,1.1218105763650656,22.61645091349778,12.197946165671482,0.7942918485751063
6210,1.123118388998417,23.97083123988809,11.388713735670617,1.9033023915746037
6211,1.1228604266217046,20.97408760908863,11.425981623812515,1.1281571180337744
6212,1.1249217913019924,24.088696231312568,11.070213401500434,1.3540254911976057
6213,1.1254307651405382,20.121800994173512,11.54188785467316,1.3402247694821467
6214,1.1264731208541903,23.31909045533264,11.397869668061125,1.5434321999500364
6215,1.1255473513245493,27.012729689915474,11.229818105157282,1.403500067568378
6216,1.1230202031865253,20.58647771966023,10.931363618005275,3.009067877309247
6217,1.1221097708483876,22.9086744778594,11.281228392177328,9.757649799012743
6218,1.1222769594123716,19.576463334221643,10.810157984456225,0.9926454991147168
6219,1.122224185577252,24.305030737444355,11.468345233136263,2.977523788204562
6220,1.121754085042722,21.073809722837552,11.05136987334964,3.337324720622335
6221,1.1231757739468144,22.364042688086496,10.682303515748053,3.0994410917627766
6222,1.122533809816397,20.95926322789488,11.400410563397433,1.1114319711503418
6223,1.1179733539455774,20.489181638389894,11.7562636592069,1.2727834993790124
6224,1.116782855282421,23.24108297906368,10.842395406666638,10.297338665969793
6225,1.1146190262532856,23.05075934986261,11.862289587412901,4.7916999343424225
6226,1.1152519770466818,21.814414241693587,11.903842221971697,1.0370742543683396
6227,1.1148806467097379,22.36354536326162,11.225481025554172,1.184832595446484
6228,1.112080941312543,20.555575687306813,11.691131196729394,1.4094167380812817
6229,1.1132063374173524,23.548143638171872,11.51512700396256,5.029435263958073
6230,1.1101501165669856,22.608006007118117,11.97498562129088,1.1763937658122532
6233,1.114419313459491,19.540039188857065,10.8137188121252,7.107315057319763
6234,1.1131544501821038,18.48773932113178,10.39488224384644,1.3291304505960595
6235,1.113593412966409,20.900623271648396,10.73699575032447,9.19064471312173
6236,1.1133175143897673,16.624707581028158,12.226888563863703,2.0214016361792466
6237,1.1160312238893235,20.892554158934146,10.496986246457876,4.926659287556439
6238,1.1158607714975173,17.4899091710917,9.885286506021984,1.4095866635095293
6239,1.1150214409315264,19.923281477244643,10.868538811169003,5.308211040129905
6240,1.1154312437216904,16.529158826885713,10.921542565581571,1.8372204654566833
6241,1.1158825985342304,19.916961917644493,10.91074896630136,1.8083462569385484
6242,1.114785625622567,20.925100662526685,10.355984114572843,2.8486402741160357
6243,1.1168910491164115,19.544357506714274,10.73930158498435,1.4519788886491827
6244,1.1159580720605198,16.405812677878014,11.426631476463216,1.6174005941271452
6245,1.1125369800363365,21.722755159716314,11.067928922607376,10.825772261404694
6246,1.1174986034806746,17.58227008825413,11.23242784465668,2.0876689261397208
6247,1.1155013672248508,27.594547709802313,10.754301788144923,2.393216148850903
6248,1.1168723604356376,20.64025433081367,10.770807713025706,2.2066601691153926
6249,1.1185150252499727,20.242159318098317,11.358613368816359,2.8359547342827374
6250,1.1173175468208814,20.88106696463864,10.981830323015625,7.876784500613786
6251,1.1149363873026308,19.578701957597698,11.4780434865154,1.4105473180048076
6252,1.118805386108924,18.024932256593917,10.228110430226668,1.5981647642414054
6253,1.115451988399274,20.19607164605589,11.43517405062423,3.556060969160655
6254,1.1195988826072294,21.737899741440504,11.748379736774732,1.9482581834674713
6255,1.121126826383878,19.806575809215442,10.89002325040399,1.6828328638174386
6256,1.1226466805881594,21.24871344876391,10.372270398401897,2.3351644479751905
6257,1.1325443588856465,20.335946845073014,10.285251574072543,1.6944717928134527
6258,1.1494864053497285,17.80662811717926,11.793036764738897,0.8906075636231076
6307,1.1548432806335502,22.905746093788373,11.28999288358362,1.0706437968623546
6308,1.1429901962848439,19.156840367214482,12.106928729670434,1.8793534361607358
6309,1.1319905067865668,20.360218838651107,12.43269458369559,1.1958109118813272
6310,1.1359644025509616,20.94902965023734,12.233075279008217,1.9287379961660918
6311,1.1340503216464446,18.515660431843425,12.419779026056466,1.3793268391818243
6312,1.1346048622977436,21.27622601198556,11.736835778998863,1.1816789427712782
6313,1.135376873503723,17.473209922229103,11.833270949534112,1.2989235606522909
6314,1.1359095152118608,20.550973989851805,12.761790903428636,2.2549050794295495
6315,1.1350277932924173,24.771705080671563,11.786855082047554,1.691549023928125
6316,1.1346667782608437,18.013873980179188,11.518280427675327,1.7966903498188587
6317,1.132143791243153,20.166576879197315,12.169321473216918,6.9169840116526276
6318,1.1298612317118728,16.939370571720456,12.075915446778378,1.4502182911183155
6319,1.1340241709945138,21.37051043353942,11.869184803418232,2.983787779739538
6320,1.130508888862226,18.374557394697085,12.141377178666483,2.7344887508448377
6321,1.1330178790357655,19.51162512223212,12.48362720264547,2.4917376766692327
6322,1.131364958529838,18.31893825902934,11.703928559188137,1.1611655559128844
6323,1.1283969995419363,17.668855834124678,12.695115943797482,1.3250160712963506
6324,1.1236781384113592,20.714669976900012,11.924423979128301,8.764562648183734
6325,1.124232175778579,20.155792841874355,12.220882838351233,3.4927153989985795
6326,1.1268006706013614,18.982955784353436,12.675109925886717,1.402448340891979
6327,1.1244348183473514,20.243254631469224,12.354161103100298,1.5924034454890297
6328,1.1233533063585563,18.02209141191243,11.986937661641289,1.057251887569559
6329,1.1236961803143177,21.12710455570635,11.904922035242876,4.807271793844172
6330,1.1204626996298535,19.85171946679347,13.093482687275143,1.0823136491135368
6333,1.1226434993480052,17.166742554297755,11.00933443672786,6.077538465341648
6334,1.1210815659413975,15.885961125275454,11.78474433956986,2.0197611400857127
6335,1.1226435806800892,18.159508105771494,11.331786694591873,6.061945735483393
6336,1.1223615362409278,14.040624953407349,12.16131857403881,1.429843388645147
6337,1.1234325121695468,18.302246810068613,11.538356344106855,4.637800079463024
6338,1.124696054200488,14.802312465665127,11.019463993640095,1.3241659771532923
6339,1.1236567886019981,17.210706376112068,11.714216426585843,5.912367935487327
6340,1.1240409220607208,14.262473638066682,11.385417875397103,1.4261907179915463
6341,1.1240704108005262,17.226680741758425,11.485274453792291,1.7906239421785348
6342,1.1232462997056154,18.388629255614674,11.220991805141344,2.085540134935738
6343,1.1237241179902218,17.070071219451556,11.472578390565678,1.8991709858133938
6344,1.1238944179919947,13.59028045089205,12.017226436142678,1.4054027347642173
6345,1.1216956936058413,18.97825901278951,11.839593319032312,8.162810119974434
6346,1.1234936615183844,15.622657583711256,11.341966465488248,1.9777653489649623
6347,1.1242187757571331,25.0460952612498,11.17271688616914,2.534695263749431
6348,1.1253667878316773,18.090897282796636,11.411007937983886,2.5635575111280176
6349,1.1256479832705226,17.848750188108426,12.290120433120684,2.3952725644629944
6350,1.1253320386429222,18.34895993102141,11.368865925830615,6.146781674066756
6351,1.1221511128495898,17.01324822732545,12.557157391973561,1.8582759775466036
6352,1.1283755468256813,15.907226405505883,11.068402865064053,1.6434692090419236
6353,1.1250177762243752,17.711920077268836,12.328827556473765,4.003798099313435
6354,1.1303599168409106,19.064534723718946,11.763670942091808,1.5340649664184067
6355,1.1317280977482191,17.854380112151105,11.031233938019176,1.825905191299922
6356,1.137196708361637,19.706868259288232,10.781246831135222,1.9491976540932365
6357,1.1586102573426211,19.54706821462102,10.876024982445708,0.7664444215052014
