7,1.1174562479180012,21.981863279113263,12.98789773731061,1.7350404858749775
8,1.10338232575625,23.448215478255573,13.018492850353454,7.22919728581408
9,1.0948196439463627,21.83755079293294,14.338074861345502,2.8068298238857965
10,1.0899166799542936,19.448142036889212,14.66820710676785,2.844706759795092
11,1.098520294184353,21.42971537780583,14.022519476657838,2.9067611262010806
12,1.0987297889024878,21.951626546191072,13.177772498316118,3.032209252682168
13,1.1023446697167216,21.839317736834015,13.720208166434734,2.8643433592490593
14,1.1113447521142399,22.36257225162484,13.145665874430419,3.9244810107362627
15,1.1085382618606974,23.603267187082622,13.910087352438243,3.5692361418740024
16,1.1115051375381935,22.6431778973849,13.265497747071016,6.140253048524103
17,1.1126649631829526,20.53027267029994,13.716802642800836,3.394553919408497
18,1.113684103515733,18.822781862951384,13.382151695414041,2.63826636869413
19,1.1085726917713334,20.842287164416064,14.528353309279888,2.645770705545843
20,1.1097201693422725,19.790002576967193,14.01637735389417,2.4043708969514586
21,1.1113738343136628,21.909434485441736,13.636165978545941,2.8946114263240816
22,1.1111004810967078,23.271213081168668,13.68618800365171,2.3136012897451277
23,1.103007190532377,19.553907034605484,13.5107846119025,2.909735407099127
24,1.1026882171042043,17.67761925528099,14.621416001639426,2.8591115071974142
25,1.0973751230513382,18.9039746531517,14.789398888104827,2.302506856922019
26,1.090957207212444,18.4510664067884,14.439448349898102,4.33578664602334
27,1.094570452287474,21.112892555606138,13.720988777070154,3.3204314327806745
28,1.0902431624272484,18.236307981957086,14.147338799972154,2.3833572870707043
29,1.0922000914445305,19.749293653649225,13.707406829012239,2.927533197522233
30,1.090369015235618,20.200486033984024,14.31285442561921,4.654685590739444
31,1.0885017412916114,19.228306312325884,13.91839132685449,2.9994260367129804
32,1.0911822562521287,18.633664864909438,14.288348190517507,3.4968763543399355
33,1.0870295439716955,17.295104156907982,14.628887449222555,2.9290629330515254
34,1.0907946414799454,15.735696485756028,14.387467006659703,3.3291434743407695
35,1.0836695351704422,19.186733126550774,14.226769032921005,3.518817897563348
36,1.0843852155944422,17.197820857731315,14.624851323800804,3.788626260432205
37,1.0914972703183885,20.176338510590888,14.382010786960228,3.2315342628682213
38,1.0891747401937752,18.376011148781327,14.161741645181932,2.558947690649544
39,1.093741592125205,21.267832607146538,13.772431472596779,3.113919421501574
40,1.0879961111459844,18.614590490459957,14.355722318680138,3.357453293191961
42,1.090646479315863,18.018011324324284,14.419230023365028,3.1425299916452323
43,1.087612357633532,22.917219651664617,14.035536164721837,6.1020363755071045
44,1.0940488971493794,18.336165174985506,13.975382709605356,3.4474858675391724
45,1.0903552484196275,19.065985550283195,14.02214774975278,3.0689255002823805
46,1.0909342638455826,17.42180015435747,14.093036590740027,2.9052237653699327
47,1.0927565756120443,19.455309512238106,14.181946811861284,2.3278052277779024
48,1.0900442184138772,19.369661232507248,13.945211680519131,6.478276390061922
49,1.093358180343037,16.398137527751103,13.92037493159858,2.5446187417659867
50,1.0947697777590892,16.35941404880379,14.123948417493464,3.561658407291708
51,1.0890955310292179,15.087499481595986,14.042077245690173,2.5383755881876144
52,1.093924995368993,16.57393079335891,14.252493338525973,3.075454527516016
53,1.089661363091457,15.294519291221095,14.96596706401397,3.4365528986379403
54,1.0925462122090612,20.75221372966432,14.04180262942857,4.165435005403413
55,1.0912323651359743,17.294820543433243,14.571701449469918,3.176337481546042
56,1.0958476456083848,16.21760098747037,14.739858969139853,2.641555871802007
57,1.113581165178771,18.239190865080445,13.326330129833254,3.5494866850342337
106,1.1170254590375677,17.095771518942858,14.06261427314206,3.7211324512662673
107,1.1052148725766662,17.28485891859895,14.32721176987423,6.724095945237588
108,1.0958825813141093,18.294440308597746,14.421390049724497,7.94038957074827
109,1.0949291056677666,16.989588261849534,15.158804811627798,3.347920714551788
110,1.0897830295348778,14.904260568267267,16.1460226414828,3.2329229617004587
111,1.0979143302250696,17.19480590408093,14.983986338302273,3.676299591331763
112,1.1018115460066562,17.50387534215454,14.320061217488577,4.106894599757165
113,1.1049032287478597,17.27281979981564,14.856801332852681,3.8995273762656897
114,1.1151285589574293,17.948540508129383,14.685961219498717,4.3039803083566905
115,1.112058377985731,19.448824284226372,14.623925758181501,3.9665907924769175
116,1.113710334713269,18.844090614182335,14.319320549767372,7.108906631511163
117,1.1182622713839376,16.08512776510617,14.135801519193642,3.6584307339945066
118,1.1199115975920657,14.191828965470158,15.26802865617175,4.020380604272187
119,1.112685502246606,16.52007529186802,14.854706898895115,2.8006189119788165
120,1.1146989565041956,15.26625287805685,15.106648211455166,3.1586622514057545
121,1.1129349133993698,17.58547138956612,14.682001586459448,3.799680310234929
122,1.112613864569036,19.087217654008242,15.129819757926768,3.3678878714223965
123,1.1049466885658883,15.305381996870667,14.830185618493944,4.232887825304011
124,1.1025746584589693,13.759747579626406,14.983857241134624,2.8575537411909093
125,1.0973173116124488,15.184535866037283,15.520525695206308,3.952817464657028
126,1.0898523227788894,14.37642017105857,15.806325193849743,6.952189382347764
127,1.0919274059337998,16.929230494388005,14.771653534528896,5.111248335112761
128,1.092865797379923,13.940447313760751,15.07180853748889,3.6897098671970676
129,1.0910284694027328,15.685342508663926,15.406872575821586,4.531128809500957
130,1.087312716870028,15.811667899963718,15.517279895146633,6.752569817164078
131,1.0895838035071677,15.27195868777479,15.181267144976454,4.514258432930409
132,1.0906416647763217,14.452754112545925,15.671949988335733,3.545752538629842
133,1.0856461528667745,13.456133299243845,16.117106586131243,3.8986234827863573
134,1.088862560524655,11.78446206361911,15.829577186471624,4.087144206544107
135,1.0852722016729244,15.100061578931891,16.32008804387052,4.706407564981032
136,1.086975922397291,13.088711021929852,15.475720404037823,5.6173975160137175
137,1.0898774863299994,15.89160656849543,15.514918136239743,4.56778579732384
138,1.0870597739020593,13.818690439578813,15.582465801128594,4.2711613140064655
139,1.095452692715747,16.837811150756266,15.12295679585478,5.086600188888674
140,1.0900354517581932,14.208134532138292,15.727060018986663,4.511868571575282
142,1.0919595789217011,13.21242737792475,15.340271388185583,3.6637851832448893
143,1.0899876295962971,18.557351962682006,14.824154918721906,7.3082533264525535
144,1.0936766930462432,14.400866202544558,15.2183836095715,4.878054116093112
145,1.0919197402437222,14.502454200250446,15.122311910319484,4.915799503400242
146,1.091404874426677,13.034308742234098,15.418875866041121,4.5161558192806925
147,1.0934259916156,15.124040959473485,14.621906462679572,4.1969324152065655
148,1.0902828812438243,15.172869774564967,15.435489294504546,10.194919254308413
149,1.0934961812587358,12.276307398434847,15.931961048491825,3.672858231937614
150,1.0923883990157253,12.052133856694542,15.154233261433058,4.506486847009565
151,1.087870273288372,10.926607085093817,16.010625365652775,3.9401516782678523
152,1.092747183485504,12.491964781683677,15.419281738474417,4.074025970192238
153,1.089755505040305,11.165320560468727,15.581382749630283,3.9806015613072514
154,1.0914313350919047,16.126392913341675,14.575619382906323,7.305888311895917
155,1.0922570631942528,12.966761132460858,15.271595876905177,4.693733209030575
156,1.0894516667582466,11.744426205852653,15.915377788830778,3.2671551376770136
157,1.0988238523976834,12.888139544668524,15.423512768037039,7.711224362795901
158,1.1201784803708679,10.939169316734679,14.76274519749079,3.7897322848109987
205,1.107482942810694,18.303280734629265,15.83358223264773,3.1898722026262467
206,1.0942659756272375,18.466228607085313,15.590663942955205,5.066731766453074
207,1.0925343654098196,18.204212003946786,15.424095258830624,4.617850581404171
208,1.0895887363818964,19.622303863181866,14.775479948017288,7.289446655615568
209,1.088615700586581,18.552941694046712,15.568271210410376,3.7244925911134903
210,1.0874898878733483,16.109724251604415,16.069189454192422,3.8481686453431165
211,1.096529259572453,18.10636937034704,14.677332894916976,4.454459813320742
212,1.098320199515821,18.454998015924293,15.079330627887733,4.967073695088591
213,1.1017573627232506,18.46505493441371,14.734107431908903,5.020546703695963
214,1.1142833610609917,19.54403155983783,14.821539675470227,4.973080277613208
215,1.1132166137416013,20.726012746684958,14.6764466321922,4.227659864279728
216,1.1187829380965824,18.951434063297167,14.607845824474639,5.978429218414392
217,1.1209073087841201,17.001532149253883,14.504598621461762,3.6703213414295943
218,1.1237800358261203,15.052323837854034,14.525730246300421,4.3051921641772095
219,1.1195178467963525,17.703171431060916,15.390528931558455,3.1720692740276646
220,1.1200994652113399,16.272453434430414,14.997689534837416,3.7654896487091025
221,1.1177933797017998,18.544116265569336,14.670926339928487,4.331984081325319
222,1.113662035901911,20.293472855092922,15.185391475929237,4.911471218707538
223,1.106471208457273,16.51385332044361,14.962891718006743,4.116569869230607
224,1.0988522842017296,15.176580179694827,15.44248707824354,3.196127091408217
225,1.094539416263186,16.367900815945386,16.117636998312957,3.7552198941660846
226,1.087380071405367,15.73432047452657,16.327582455382657,6.681816316898007
227,1.0874267490648417,18.11893784018923,15.216503419222441,5.729126479608276
228,1.086831148908934,15.286485713116797,15.907671403917965,4.213457038524096
229,1.0883171069113184,16.928865377713407,15.237268198248696,4.601160102702095
230,1.0854387743996756,17.189212948099236,15.730257236360554,6.20114621184198
231,1.0848814858943734,16.436467137267584,15.682718681787108,5.292615896538664
232,1.0863569009447958,15.865768641394176,16.22099480569437,4.113717587330684
233,1.081695799603039,14.607545797152552,15.970957845728234,3.7150806159606407
234,1.0840604756227996,13.029835647546731,16.158526778826246,4.724081952907992
235,1.0783121152604396,16.424398920844688,16.27901069853513,4.414691941081756
236,1.0806227853504218,14.207954585401355,16.239458610327034,5.480243403535254
237,1.0828751384606736,17.336043820116906,15.282709247867391,3.7359720847795064
238,1.08312844183849,15.388548256623325,16.492644328392437,5.194646708016617
239,1.086814020758,18.270420927136357,15.367578274917461,4.515975897843512
240,1.084616581979484,15.582765576729912,16.27160471028161,5.016550593809926
242,1.0837953437118013,14.770556650175045,15.763889795041017,4.461393835504226
243,1.0836590679739293,19.99717514480415,15.526853108455423,7.6367685241555705
244,1.086589508878728,16.039051531833618,15.86086400852553,4.853439616219485
245,1.085928354541164,16.12925205902224,15.379813406181826,5.002489885920285
246,1.0859411012792353,14.237529131482946,15.832392360475803,4.1996285890398415
247,1.0871022448161316,16.61761216758347,16.11695870254296,4.238290295030702
248,1.0842065569214379,16.634660308984667,15.885189151685786,7.485634586541431
249,1.0865200048110946,14.095439295201736,16.010316721573922,4.248837136961043
250,1.0891251319297188,13.575660827548212,15.669743873903892,4.736008293618112
251,1.0844211250747657,12.008616370078908,16.179113919084216,3.9056126884556948
252,1.0870584903159777,14.220112012434422,16.276156194903567,4.9819654981701635
253,1.0832239037188005,12.706388560518217,16.660983009918144,4.2751610159159394
254,1.0881283606910097,17.08122141972075,15.615391547166542,6.159436324756721
255,1.0856109276629098,14.319503852607605,15.741040368357616,4.407338758925352
256,1.0852949330078574,12.884101903092771,16.105096740567458,3.8647248594134775
257,1.0852323822257028,14.042579437288163,16.32145722244807,6.655871815257907
258,1.0990610841240513,11.68958691646464,15.331383466308203,5.314890280227904
259,1.113257696581335,12.69561244284268,16.081331301171723,3.606847718368074
304,1.1050927052780775,17.58155502865359,13.015879817146942,4.463656599959418
305,1.0919149657656615,17.728428601314075,13.88430289006122,3.290707050906103
306,1.0882767828553375,18.129806639602542,13.179840822349044,2.9233182048139943
307,1.094904630689084,18.460601669273906,12.962043252924703,2.783180653801649
308,1.0930647873650472,20.144540020290773,13.032594918172974,7.044534089286566
309,1.0923977610277427,19.418070722892608,13.987822268144035,2.97738530253171
310,1.0897554961269114,17.093023911602295,14.479013142722971,3.3875280164323915
311,1.0977249434504657,18.78614136790094,13.30463633086395,3.9385240765738194
312,1.1050936119970365,18.97505240047305,12.533959178621302,3.0045834356030614
313,1.111048383484016,19.10037649444816,12.820052992498244,2.4696608097965114
314,1.1249299273969549,19.652778802806317,12.321492640350424,4.06895803243436
315,1.1285091021272067,20.944460916696777,12.746829987275122,3.6139381673732323
316,1.1338143389048543,19.41203772399722,12.144501151894595,6.261990553051066
317,1.1412173110081956,17.330828351525028,12.317883315882824,3.6899056517733753
318,1.1433731625739114,15.738921204224669,12.99040099502619,2.6218917524396805
319,1.14000867359884,17.989730791548105,13.016944587570066,2.574252086453009
320,1.1384260760088614,16.547733982364264,12.812617960143628,2.972680188420535
321,1.1334281219216737,18.602472329732375,12.364646440391736,3.319918458966918
322,1.1247987010534073,20.733352481164776,12.90189937977049,2.8109466550916014
323,1.1121178356250048,17.162932254246563,13.002761979935148,3.0510074639068274
324,1.1075630414458486,15.407527845133577,13.690599292310315,2.265126560426916
325,1.0992861567335745,16.887969664809425,13.970115581038225,3.0704249623632274
326,1.091441699587047,16.188683590556966,14.188977518504982,7.6223329473060355
327,1.0916335164998618,18.43617226288652,13.166648679452102,4.15161000121007
328,1.0897827124223807,15.933618734476653,14.157589098022816,2.665689215244819
329,1.0896648464440493,17.367736377110663,13.633553727417604,3.4182438445901817
330,1.0850990229694573,18.078387065475393,13.956272949968374,5.571395517396573
331,1.0873742144236822,17.059840274241267,13.471519565459518,2.4793197327826775
332,1.0883494859870184,16.10078855535114,13.417258978261389,2.5539276480474697
333,1.0827336280271902,15.288932676456158,14.031009481882483,2.8986921949244926
334,1.0846891986132583,13.744955365456871,13.820030273743335,2.67295917239671
335,1.0799856552800942,16.534531320944033,14.035369958513375,3.1573853022530023
336,1.0811680999999185,15.050034142465465,13.972067832219428,5.370690113925859
337,1.08644979147444,17.758144833577465,13.567630753206203,4.157025021012308
338,1.0841738838939368,15.63356574858437,13.886764684868755,2.520817754450704
339,1.09116905403798,18.539890969418998,13.229944319407064,3.1633914492948803
340,1.0859500409448741,15.583753552190915,13.916320198282124,2.486746769579527
342,1.0877770681236434,15.028437726541547,13.30849227636556,2.7253825137444494
343,1.084866588808374,20.218369820881538,13.116867107668051,7.685612562385744
344,1.087340247891967,16.20153248452063,12.967051673777789,2.8851838314435496
345,1.0882530682016074,16.192720309937396,13.334215373600143,3.1679387834848796
346,1.088048383963852,14.958921007134073,13.541234241334903,3.7026387386737327
347,1.0888748282434233,17.21671177535376,13.2448258944713,2.559402415542458
348,1.0859162587586846,16.752525968140805,13.30687466861404,7.956173564985454
349,1.089557040845449,14.338759116487571,13.555089380668292,2.118060642950399
350,1.090785998089761,13.863955133716095,13.481209506925554,2.7807048406573913
351,1.0844704250777604,12.898262620144289,14.227615295991956,2.611099718587925
352,1.0881504864782603,14.348613494905846,13.740765291825905,3.4124841151125347
353,1.086255896198011,13.283681043332223,14.982060729852922,3.9341047477001867
354,1.0899661812521724,18.102057804083874,13.279287428101517,5.614642742931688
355,1.0865173559802968,14.51621316928419,13.815539079932513,2.424156105178739
356,1.0869065427726587,13.40015979238175,14.630736677221059,2.917125907713354
357,1.0865834511365335,14.586965107339875,13.522706199253506,5.722376749690303
358,1.095886567576024,11.982184548309652,13.42996798416961,3.0520012204095823
359,1.0965522651591983,12.64287236332667,13.728740841781644,3.4123942649542953
360,1.1172792656286623,13.476609490282335,12.8286190709191,2.728060217841879
403,1.1170483338956743,13.701956158173429,14.462771626184063,3.8874632751052873
404,1.096595198752937,16.765106977653513,14.229773417930918,8.732730641762283
405,1.094724963151561,16.954700530697902,15.31921543790438,4.590854417721167
406,1.097831303409711,17.79295221645392,13.713611068154291,4.58818346918402
407,1.1027277334241805,17.85260120632413,14.065954697955245,5.38150847776885
408,1.1040881908931817,19.502165433169154,14.036042606557167,8.91654391135479
409,1.105791420349044,18.427099798678345,14.617401807445193,4.355792174619336
410,1.1020537228801086,16.505592145990587,15.11723168102367,4.19413775189407
411,1.1126734024100469,18.38577160631606,13.982305424715896,4.3041013555788865
412,1.121102274683963,18.63855368864937,12.90360680127633,5.500039363386946
413,1.1306317262672465,18.66069901299346,13.767610068567663,5.069857376532431
414,1.151239863448556,18.93847593986604,13.162427189775244,6.1677074995343935
415,1.1636388757733223,20.091079058888567,13.409653517890918,4.570844671259204
416,1.1739144585123358,18.7009884780902,13.072204342628867,6.034905358474112
417,1.1782006716288376,16.434471628770833,13.429116426434689,3.0655929654954885
418,1.183496063060936,14.511348973928156,13.287622575402215,3.4432336751658448
419,1.1836064097208758,16.791282787118433,12.880065743631967,2.7757703961825704
420,1.1732669319154256,15.697082721031666,12.877878263859122,3.4624311233646106
421,1.1680440108133774,18.055144939197003,13.324569175462939,4.2972093086769325
422,1.153937515677873,19.73353718698564,13.875177681603938,4.6239608212943875
423,1.1347874703730259,16.43620020040203,13.332630288198075,4.773419190006564
424,1.1240381532904022,14.833532039501769,14.81745964289511,5.129878633288383
425,1.1146630351436517,16.122662794213948,14.270452084708815,4.108084825949053
426,1.1040787139309463,15.833792714236244,14.765524371671885,8.472958413793016
427,1.1017027445792122,18.000412556776162,14.329335527540234,6.8131348855227225
428,1.0992726973039193,15.371975383793934,14.471039205185305,4.41927072766685
429,1.1012175878264823,16.680333002699548,13.856542039789812,5.531682164250394
430,1.0956828812810155,17.553802175434914,15.026634303695925,8.192480474746217
431,1.097060013378631,16.337867489365404,14.50198716852209,4.360815256001043
432,1.097034207211565,15.978642759645641,15.057780596535826,4.614430054480365
433,1.0943066007858209,14.28046035139265,14.802855711142374,4.8948018212635835
434,1.0958107531784413,13.162204358595176,14.772049713324506,4.639181026582201
435,1.0909975409723853,16.116202176139552,14.779455854583894,4.927907315694965
436,1.0915142254715307,14.138273143703442,14.50539763929795,8.478939291478362
437,1.0958618298105083,16.93260402893662,14.6829778819814,5.6073355687416235
438,1.0956776460683448,15.175513077261838,14.378869377636045,5.8151898118841565
439,1.1002604580728468,17.972283993969935,13.967393701248856,5.462709527984471
440,1.0955454875885207,15.297293758583022,14.558251631170169,4.983884989181028
442,1.0969477617362788,14.613931114160366,14.674302894791282,5.451475597995829
443,1.0943870277351933,19.599532426302027,13.627141697351023,12.436548204638488
444,1.099816727098923,15.431551397320911,14.511168024235678,5.377547709514088
445,1.0973785530606412,15.487494669901684,13.962430710271931,5.473089585379217
446,1.0974117293010965,14.425782362465204,14.435562564028686,5.842028905958588
447,1.0976082442520334,16.489572399536502,14.34251174622382,5.62446362559054
448,1.0964195400630015,16.33130233942031,14.332862751574853,12.920362485928532
449,1.1000741977704303,13.624234015270105,14.613468099707864,4.681910764699796
450,1.0989059315654688,13.281510295708559,14.524768027188005,4.89342358273245
451,1.095376142693557,12.210768540353381,14.982499456857886,4.916427473271678
452,1.0987279243254615,13.61407918035238,14.693761750828324,5.274852196814836
453,1.0962955065704298,12.627233694231597,15.08558713854378,5.756241122183309
454,1.0996552227955532,17.23024168452477,13.856416393257327,7.4412099415463056
455,1.0984550434402345,14.010785328049641,14.517283320245541,5.823294587939804
456,1.096805384434758,13.073970030387123,14.833949657188237,4.472208656189347
457,1.0971505612155437,13.705144527463473,14.778215490917244,8.133471779030872
458,1.1032644872674875,11.320295061983275,14.704530691966077,5.031176102152244
459,1.0999041306349,11.85872989904326,14.812556884380845,4.231207801258933
460,1.1117648839265801,12.59245387481956,13.77510063683243,6.500156845778758
461,1.124862411118893,16.3534241641963,14.03076576214111,4.711784343974374
502,1.1064778199152092,22.367126131644053,13.462058473896455,3.3314437170926805
503,1.0872795696061983,15.720891404099213,15.370525428639137,2.6622720741164843
504,1.0772891485482765,17.301844081738437,15.369269784596453,3.73618879008094
505,1.07705751114049,17.91091846418779,15.457645949243343,2.1103682035769076
506,1.0802067413270422,18.424309641464035,14.81969449574755,2.572649107603228
507,1.0874218185760034,18.500426026802927,14.467933809029477,2.9118648098042197
508,1.0873172392604016,19.92418477079936,14.322885644836218,5.4961028775088625
509,1.0860284376998908,19.366397506402784,15.165927641353292,2.881414274075797
510,1.089981373431297,17.219697029913796,15.560246762435519,3.4487080226206825
511,1.1016018850076483,18.782211009029986,14.408005996365619,3.0946513356669745
512,1.1118994642992523,18.77006942312127,13.644993415362713,3.2316545117175717
513,1.131495117520229,18.570379739407887,13.487323401651954,2.819908861874474
514,1.1621909023104513,18.567264109136385,13.053001757896732,3.730135530592189
515,1.1867605865190343,19.262285761378838,12.747140201743779,3.077459057527917
516,1.2103891583250386,17.546958047132286,11.471164672338901,2.5135674151524587
517,1.2204073414714498,14.964335167244498,11.186909425334134,2.3676345965965915
518,1.2254209471595123,13.753423531827645,11.197546774844811,1.910991634082863
519,1.2227456249905702,15.51826876893297,11.48210222278807,1.9868971597266365
520,1.2112723524234508,14.551641913831286,11.428599379022451,1.8561792786281326
521,1.2001635090327927,16.059508896413305,12.676197764534974,2.907108667625925
522,1.1692217428172333,19.115302606917933,13.776266648688752,3.7746223166856354
523,1.1371595926395073,16.46934863627336,13.937269250224077,3.6846728528617962
524,1.116699498614109,15.160228105283718,14.685547595059843,2.94871181137384
525,1.1030338792437568,16.454589795307584,15.384862294266586,2.2624994955685582
526,1.090299704538392,16.329101826777976,15.486355049699878,6.004343810399853
527,1.086635500058808,18.345604884351463,14.85252007780524,3.111990934600557
528,1.0848578464430476,16.13302675591489,15.382378543682925,2.552969824908885
529,1.0850614235097316,17.221376114968066,14.959221904228887,2.559751169202204
530,1.0806936305368715,17.86453198563074,15.619120753717306,4.42599220941621
531,1.0810182970568434,17.100427666618206,14.760656744455098,2.5029843979234636
532,1.0825662038329853,16.44157475035537,15.422750448457691,2.665462653412482
533,1.077643549691079,15.010210253025468,16.068884038772023,3.218823045857105
534,1.0784927376947326,13.84874762105229,15.278142257416192,2.664348864437427
535,1.0753040058293335,16.672969085403125,15.531887949906157,3.104837609968046
536,1.073963123699568,14.901579757990511,15.67474879324886,3.6797364784447235
537,1.079574024593421,17.556503317823967,15.223419088628708,2.5234703688023705
538,1.0780002340807533,15.556799552301964,15.271864299839066,3.3592070947497485
539,1.0841481547366956,18.520303310983078,14.828851672931455,2.936159896779404
540,1.0799141791336173,16.04759808730505,15.535156524999698,2.8113236828578514
542,1.0786646013949446,15.189897009861298,15.320927435953418,2.322758375513365
543,1.079126573543434,19.783389660093995,14.965866063309873,6.042933148339116
544,1.0806047129502507,16.48243389195329,15.004018272710256,2.6779930425448244
545,1.0793635331947382,16.32118444925892,14.670715459978647,3.2527816550365505
546,1.0805192866227054,14.675938772820317,15.07719958138123,2.6213005175285486
547,1.0815883143944447,17.29643263173229,14.839219661304625,2.0530720311762405
548,1.0803532471818689,16.853655650440345,14.888675119747239,6.409375894524443
549,1.082928131522614,14.341967911744849,15.623120821910252,2.5472711387496796
550,1.0829868875933495,14.052068422521339,14.960510796255528,2.767472012822933
551,1.0832905880212533,12.502075835395903,15.421096263347575,2.578490272736807
552,1.0818571019000947,14.038200223906816,15.25903948650125,2.423537013357639
553,1.0804072770307722,13.083384082069085,15.970406761839161,3.0588309440055363
554,1.0818093635437118,18.230234140151484,14.679622019912967,4.073240883122598
555,1.0818751558975424,14.350466191429426,15.282477441495201,3.4158776611454154
556,1.080954908311555,13.67589428024255,16.02953350494842,2.4036326636563574
557,1.0805742378175447,14.269840807276854,15.260696241409452,3.354872492300955
558,1.0833359193343919,12.435051657797969,15.311795672346307,3.065140337065127
559,1.0813743956880295,12.861356970147938,15.38152757563847,2.1914773654399897
560,1.0881202877798486,13.812395211948582,14.793273776218589,3.5752052856818186
561,1.095756948245236,17.29148618480229,14.864384241003679,3.0693357577834863
562,1.1081892708471213,13.353301374124372,14.531481286223551,1.4735728327664401
601,1.1098673929034286,19.73950315488338,13.91300122359065,2.177997204096184
602,1.0938963018499173,22.102821512285267,13.474633037817188,5.196907024335551
603,1.083397074449814,15.976815951337763,15.213948615506691,2.687629032779573
604,1.0766333905622687,17.85368109156554,14.862435753777186,4.756670657231394
605,1.0804524388043968,18.613285453202757,15.070649299104797,2.2948957333390774
606,1.0824393175378664,19.33512672396636,14.424366713417378,2.782763858519838
607,1.0905100350257573,19.423048819672207,13.825175857689784,2.831369474792367
608,1.0902828659543289,20.711004123777165,13.761846990297979,5.092993737907177
609,1.09254774548046,19.88712316824329,14.692409131637433,3.0150347947440577
610,1.0943961320713846,17.741753741303025,15.098149442988891,2.6702481770167696
611,1.1089176799444505,19.79906913707931,14.178934404705014,3.4771742676325594
612,1.1274810946185185,19.33188229607905,12.375926196946322,4.047641471464131
613,1.1580217678549978,19.123040706638978,13.197248804819267,3.771309473286238
614,1.2223721421123217,18.86867702947002,12.21156837107245,3.890634548162347
615,1.281402493387245,20.141202726908432,12.585770432881528,2.9923334151198304
616,1.3610901799262884,23.33162032087575,23.2256342623718,1.6581935264750887
621,1.312993964478492,18.322953063602153,11.623950518954302,2.0453058382170886
622,1.2447928927211174,17.516050737136734,12.593089998623523,3.09014978984877
623,1.1699114876610295,16.649675545411153,12.962951910694658,3.4235392799339337
624,1.1315155992703334,15.88409566316251,14.274531542681629,2.506340323386539
625,1.1091255586886475,17.352890118769988,14.339982774477274,2.681596222600185
626,1.096513673538551,17.12805427768624,14.665425349877836,7.055597167853124
627,1.089853573718791,19.583000941865436,13.978500920888571,4.4907543651336885
628,1.0882776944300072,16.85205436393515,14.809057404072524,2.8862075990327503
629,1.0885998217836694,18.428054852325207,14.016539296001923,2.8868849845838027
630,1.0824812748108856,18.82021689620025,15.254392123364235,5.709815972609019
631,1.081996657766154,17.737161428840544,14.419151756494035,2.8740823795210555
632,1.0853461677274963,17.496870698037803,14.621812419280037,2.0340641956244636
633,1.081388787658566,15.797289559277393,14.773019183595292,2.563691860978148
634,1.0825650738871382,14.70801277197145,14.73510279873303,2.398777269364328
635,1.077330617864577,17.78758389765632,14.668738695533799,3.775886567419266
636,1.0797215241947602,15.860798255279247,15.184305157270568,4.389880441453005
637,1.0842508559452242,18.901295935458766,14.318677567733499,3.3977486207637755
638,1.0791997069897585,16.728242710174897,14.824211571741122,2.8482709555032026
639,1.086391078780573,19.94348447792538,14.028237594107123,3.1950483340839946
640,1.0817657679307278,17.19821043889112,15.016589470725311,2.874695088619255
642,1.0815133984885488,16.198122726013434,14.613121248213655,2.933656715427469
643,1.0835350286444785,21.070638435396354,14.166394868682417,6.9561951158474935
644,1.0845946332580196,17.252264923691737,14.023335587221403,2.8359689696682953
645,1.0829030386461136,17.472083310437178,14.1419664473675,3.0787457682297332
646,1.0822106301711716,16.081770122587887,14.504288512277952,3.5351824544692034
647,1.0839886662001705,18.00821786792859,14.541747972207666,2.8568458077459127
648,1.0820970549385518,17.91621556858424,14.31306574407978,6.843650157844126
649,1.087285783849041,15.25711214236399,14.385240070697991,2.2106496783382594
650,1.0850846363762428,15.078531938049732,14.26607612582942,2.987653025605254
651,1.081738435404949,13.715218729821627,15.16070551382366,2.494128046153441
652,1.0842354693511678,15.665798758136825,14.739388001482132,3.0028182833902117
653,1.0843030970136625,14.08970006289886,15.038938711687512,2.495720910855881
654,1.0879712267414026,19.00625271453327,13.763199064347713,4.530636600412528
655,1.0856224118628828,15.723202434877779,14.586799601216784,3.2663584702404886
656,1.0846406003335363,14.357136254303361,15.32026614969512,1.8749318733790796
657,1.085830822018642,15.093217178223071,14.621970063814688,4.722071095048312
658,1.087869852162044,13.014137860856467,14.629249068975774,2.8964089571939127
659,1.0837187262398955,13.776673181234916,15.07988049212765,2.082669265297737
660,1.0899553066399568,14.414591033807424,14.379604193606136,3.111828107232267
661,1.0912471033348052,17.600297980153357,13.780468529276243,2.7259244961562477
662,1.1003700056176264,13.622358619263988,14.131470240960219,3.8501373336144367
663,1.1168785932233614,19.782186264467803,14.33321985585007,1.5877692498481482
700,1.1134515648739727,19.237603143762403,14.856090067976822,2.295144856910943
701,1.0916930945529788,19.580899965877748,15.334372859517542,5.363043004455091
702,1.08481673275731,21.565564052295347,15.22400932563118,5.828709388117404
703,1.0804594189861114,15.70661205007662,16.47231379515884,3.2716588215091655
704,1.076742203905779,17.96271440656383,16.03462563329954,4.87287032342083
705,1.0786814133788887,18.65522853614655,15.930189695604755,2.964243529976816
706,1.0827070689260465,19.156141219588708,15.423842397466329,4.179307418427761
707,1.0895091687230019,19.342887386727906,14.82473542135942,5.181193067763159
708,1.0899980751462626,20.685412618719344,14.57448043391692,5.4373219662595496
709,1.0913537518594005,19.96412921642743,15.859226939870371,3.7752359534457205
710,1.0948422291607687,17.70437674359259,16.023749583928584,4.267627939143605
711,1.1145141639877445,18.844081673348814,14.514149402997882,4.936390027806167
712,1.140095975743773,19.19839368729437,13.26661444022233,6.379745045143394
713,1.2002069691836916,18.520564292621383,14.086649112751612,7.297862435580415
714,1.3584295142637781,17.321230765233697,15.880129023944574,4.9953844687521896
722,1.3649208041171315,20.177812665330066,14.110680563908975,1.446428782409499
723,1.2355883856692527,14.435619302529977,14.134364195666798,5.261319017705253
724,1.1462125832204166,15.549842171274502,15.011601542931357,5.262491765439437
725,1.1154517540388205,17.18921402713338,15.529518359860273,3.994244077363576
726,1.0998764558499055,16.693526667223395,15.56223796951191,6.3717821110871045
727,1.0918128202393598,19.214475372560326,15.091079287752024,5.118026042293507
728,1.0861320887598203,16.74574061444914,15.615556606137455,4.050726437437136
729,1.0866906469633681,18.11303174400562,15.883850619686015,4.665968962448424
730,1.0820205086252215,18.846058823929752,16.567308156778495,5.9440300446281675
731,1.0793470974016186,17.824443130276364,15.521294116197954,3.4995037632372714
732,1.0824108837886646,17.121349556880826,16.114002238302593,2.60863113871517
733,1.0793199706756114,15.858869698199003,16.27950192092352,3.9333757005999384
734,1.0812100207602588,14.468299925543631,16.01570991987479,4.441291218282607
735,1.076773949605637,17.638694481969466,16.18132442765272,4.4937167800271425
736,1.0791023252295713,15.98207534779177,15.777041425750305,5.696239732374751
737,1.0832635912475037,18.558238695937057,15.879659314954834,4.820640931164501
738,1.0822174685932613,16.659256075719558,15.7389943225573,5.0775796828690964
739,1.0885766036782905,19.529234961476703,15.31380767691857,4.6656792367701225
740,1.082693028668988,17.02116819003759,16.221952667640586,5.266276563749435
742,1.0785531555253007,16.12740405198845,15.566824148449152,3.9074688536083273
743,1.0811850316998874,20.92937003282315,15.675767634563416,7.435412525868139
744,1.0843867648006986,16.913930388206545,15.67604700633428,4.776407813282544
745,1.082760134788318,17.030366386714817,15.121758498621125,4.555212578011411
746,1.0832154362500055,15.889804512382021,15.84174733395184,4.32945523727864
747,1.0831093904377782,18.233623600581026,15.514758417359431,4.671872365639951
748,1.0806949733205786,17.596640909162776,15.77496550819365,8.402992418510442
749,1.0866207361957516,14.944076599535604,16.277198931432533,3.9953841937255636
750,1.0870329559569951,14.425449426595414,15.12845808995249,3.594824948908373
751,1.0803325011089284,13.933546642068809,16.259545305288157,3.3065105687355145
752,1.0841902342092928,15.229935638305555,15.722778585129973,4.434067158430094
753,1.0834213040812768,13.953513566820247,16.020263858487596,3.2323297332268424
754,1.0886960861821202,18.408552288159946,14.618869300324803,5.161751027946668
755,1.0867986959769895,15.178252305570801,15.333340308742002,4.569291666246144
756,1.0829902295410776,14.631723970768297,16.42384151538315,4.543699353772632
757,1.0860089246411249,15.169698534575897,15.568430539290514,5.828334679007651
758,1.0890376263535908,12.81591462251659,15.918268299841126,4.4929128579396025
759,1.0851570811806173,13.965545641955044,15.662605925920772,3.532129985985946
760,1.0882085581928904,14.50270325671728,15.475552712427822,4.222005980281026
761,1.0866594167938757,17.454237744160476,15.284302342334442,4.903038369220418
762,1.0864136040186547,13.397671505108763,15.23850838108498,4.153737958632243
763,1.0978742213571673,19.442713734947915,15.090343534062955,4.354598036441117
800,1.1108318337143406,17.136990136087135,13.474599851030336,2.1324488812281883
801,1.0930712713063309,18.55742239219883,14.32393226384935,6.116437763002081
802,1.0897862402771783,20.938960414292133,14.179980981535804,8.623397076738746
803,1.0861151794844561,15.434297063808648,15.770189233664906,4.288309295146598
804,1.080141210644509,17.968473564694065,15.616528373321598,7.9200914327396905
805,1.0819254653607229,18.940792120846854,15.626923455413044,4.220229406141152
806,1.085141596178408,19.052542794884687,15.015199116581284,3.9611195909390235
807,1.092608885634441,19.26128970808343,14.380678085317488,5.376276202580642
808,1.0924274454229133,20.516950438266772,14.076512712956257,9.596459386424943
809,1.0948827412788757,20.334336343946042,15.34345847527966,5.181685569730926
810,1.0998595262651478,17.96111755155992,15.739235586011349,4.65467106171635
811,1.1204740277244114,19.844333084192368,14.362150237613134,5.375717231942786
812,1.1581013800402664,19.655479259205958,13.636585269679825,6.803098552151042
813,1.2592311875142177,18.774116652654993,15.316577984479139,4.622279116317944
814,1.5069244895303695,18.735705917905875,15.885359300717955,2.937922053673513
823,1.2629181462105301,14.766319219739264,13.87592457407045,3.400728968094418
824,1.1642651243163096,15.459136796124696,14.716257173654418,4.986492588374621
825,1.1227714918484646,17.274259357608646,14.97835225513951,4.470099589525194
826,1.099003027724934,16.902879518947195,15.280365373962336,8.582704852027074
827,1.0948702095132445,19.156932201307587,14.835940987149694,6.059934493823937
828,1.0901589154193927,16.57528826369941,15.188368720920382,4.548998084394153
829,1.0918951815122273,18.04757123964243,14.847805684243834,5.227818105245963
830,1.0850495145043815,18.870231382629303,15.319238135134718,8.302336888601516
831,1.086762940918041,17.710586483794398,15.113755309699886,5.088621831910005
832,1.0864897327578664,17.18574444801379,15.522726811464405,4.693835167598882
833,1.0833654896600478,16.126233053847002,15.229422091955884,4.271141247083415
834,1.0853627192188438,14.775400890353888,15.20648030145436,3.870564342349566
835,1.080995315112366,17.410782172138717,15.283495251387029,5.422046982592397
836,1.0831216668539072,15.987651986897589,15.924335488383432,7.493329284994578
837,1.0864916764556172,18.321889310344964,14.424128714405576,4.57775259212098
838,1.0837316696747672,16.57768071948408,15.031778849416595,5.09994237291874
839,1.0903264898802758,19.35953542856921,14.43442193981107,4.975797053552425
840,1.086557546616527,16.8623444191862,14.934137299344236,5.169842205980874
842,1.087677902813829,16.077797905434664,15.434748810284312,5.310244824003867
843,1.0855687038835407,20.970283529220932,14.322643733170937,10.121980529472443
844,1.0893005425802023,16.827571799074498,14.471751761357384,4.9657098404569995
845,1.0857755066496104,17.455605408749896,15.315085229424415,5.716737181368774
846,1.0881842640893824,15.547658480591524,15.209006398358452,5.161979170515682
847,1.0867959569726549,17.679767674976087,14.776315709253433,3.8046490692928114
848,1.0858703873945301,17.51766499890697,15.139958099850313,11.129830400547126
849,1.0893209012368228,15.382452722922398,14.886772505548176,4.943567183466717
850,1.089729262054112,14.654997131000174,15.119811216996071,4.77824055501292
851,1.0844142207965175,13.821689472432924,15.220643052547993,4.251108550781186
852,1.0905012345665266,15.40028897369882,14.907720706497189,4.864705435417751
853,1.0865624746863807,13.924936503237001,15.604436343297637,4.08992460305076
854,1.09239452058698,18.645030429972042,14.469942455667503,8.048472146497216
855,1.0903193386196757,15.550569442332487,15.110172138091379,4.995106416219938
856,1.0867313927009585,14.47058145180606,16.075115839549923,3.8892223824972936
857,1.0873601640170665,15.21309271275942,14.938164328374926,7.180932783375394
858,1.0928176745888318,12.96640678034211,15.003940740733237,4.865386468307467
859,1.0878999125554387,13.76919628101399,14.856574349986522,4.055735318604451
860,1.094805827331164,14.34418174909917,14.924574440956073,4.727713357749469
861,1.0936153086535316,17.277095812004923,14.577249519170186,6.174626346650461
862,1.0912880309917097,13.507287089751847,14.677007131467624,4.692000080602227
863,1.0988641074314962,18.846549003210853,14.318254516501097,6.818214530287482
900,1.1039011445977112,12.454001447477546,14.56359903426003,2.650883717009239
901,1.0917209836378208,14.22464780949721,14.762522463014783,4.763055287594595
902,1.0880572249904816,16.549543418667024,15.129517340965474,8.665010102003475
903,1.0813914438657852,10.661102899337166,15.866135319217374,3.2011199931878016
904,1.0770848542388571,12.891107738721715,16.266575468360312,5.750601992445394
905,1.0772868730199257,13.694705968059978,16.366257003558285,2.66324006339909
906,1.080335315189919,14.320465927800763,16.07167271479974,3.6823214976670444
907,1.0907621678859944,14.24495355002396,15.319859376253113,4.2395603169509535
908,1.0897300910635401,16.016152233427288,15.256667250140683,7.832679548694912
909,1.0921111274514486,15.367001013808867,16.211183692682383,3.7134661941128098
910,1.095739047162726,12.746480658957209,16.4643597647843,4.151993754259678
911,1.1198486938252816,14.908774883276994,15.317872511210242,4.4850579475889925
912,1.167385861032659,14.950203612227751,14.816196531366359,5.32364507157204
913,1.3043231026050588,11.995904520265114,15.308489894305689,3.4639320412416668
923,1.272769093405507,11.812486774754047,15.414302799740897,2.784255647590331
924,1.171434411707244,10.803752813399718,15.984906581558999,3.84059592899496
925,1.120540014948339,12.496985427585392,16.026237847841962,3.629130337202506
926,1.0983335887272456,12.478769118281392,16.070303438856687,8.921087626942676
927,1.0932651832820792,14.459796731416423,15.33164174183209,5.27571066110574
928,1.0878596941508325,11.597112061180699,16.025803514490615,3.2917152797601754
929,1.0873411244678655,13.261436043598657,15.514896919519629,5.955721940279013
930,1.0817206528361236,13.771402718775148,16.807631690983833,6.357013060484372
931,1.0849792500184785,12.763128384059657,15.565536990204867,3.413553257619061
932,1.086585349414411,12.455085367128232,16.68047640739489,3.8615334698821453
933,1.0817971177955057,10.887721574658634,16.263862662929753,3.5669488902350097
934,1.0829038821835377,9.647215853574421,16.36448751214999,3.5879737240865563
935,1.079426271079833,12.733743940213913,16.425052353830008,4.442931022688946
936,1.0790101289469747,10.827276138525427,15.817983832684169,6.1842418679699085
937,1.083233239564689,13.675119705504915,16.11816367712347,4.564962608985234
938,1.0829099086582223,11.619618260599976,16.332370494160447,4.5608787468238114
939,1.0874605507009925,14.172816299163836,15.766719933634398,4.840952512220222
940,1.0829650064840568,12.32066651916862,16.036484356575272,4.299797521583429
942,1.0826619328265983,11.201746943072415,16.15322380187961,4.220682481513317
943,1.0824793986325238,15.843541047976707,15.670664443015506,8.941897808245013
944,1.0850271719612998,12.143784550657644,15.722784096715943,4.8134472350744115
945,1.0858551357820239,12.474502309173046,15.86708689950804,3.907544607077449
946,1.0838173437428795,10.89071084734481,16.01148565541347,4.674194493768073
947,1.0834117710963551,13.054250195110395,15.568352231929092,3.628902787146282
948,1.0837946401244964,12.642533949098977,15.677625288900884,9.279795331584285
949,1.085615413315039,10.53609032297302,16.078454464905512,3.7588173298463645
950,1.087684933271026,10.07090466927846,15.777913095905417,4.226440788026169
951,1.0837857532457902,8.76513685646817,16.283490303013995,3.3521856947699478
952,1.0870352174641043,10.735165155304548,15.4402386059149,4.245137332565722
953,1.0846735648882007,9.128771675104325,16.78740758950809,4.043659327654603
954,1.0884883973964485,14.167236420287136,15.54750814328177,7.323844331417797
955,1.0875735360156236,10.702375611418496,15.767004384662629,4.159620832375747
956,1.0860525546111177,9.819900267061415,16.79710012073363,3.3521723866788733
957,1.0857190803505634,10.500158987066571,15.787458054653623,6.007536066972532
958,1.0920889112537353,8.35705498409458,15.970020258117552,3.7482516300765445
959,1.0849214110829029,9.026023847842374,16.473283098899092,3.2125145830474193
960,1.091196323706314,9.679248641707634,15.624678856245954,4.823428143933117
961,1.092659875103928,12.583988597405543,15.020453230640465,3.9588588609437694
962,1.0891274564029114,8.404248723224532,15.65447220378193,3.716076553006742
963,1.0949862963936339,14.133755293932412,15.033646120643073,5.699000952692151
1000,1.1249102548733971,14.724615340748452,14.522073498578958,1.8018972214441704
1001,1.0944410955629968,16.24907632420621,13.955061804719286,3.8077973162125223
1002,1.088503929674507,18.581446862679147,13.920136567652087,6.5718807838353195
1003,1.0842009466428035,12.592883656893248,15.585852123271012,2.5126801232636966
1004,1.0780168009858118,14.982168175056355,15.320731111160045,5.044470960985674
1005,1.0802372059248277,15.845607206929646,15.664980953352043,2.380468044673217
1006,1.0837071648497818,16.28711387737962,14.681359810790738,2.6226440148646373
1007,1.0895372340204228,16.744026013579756,14.237031637041987,3.179891179678896
1008,1.090722365673989,18.17927437365491,14.362517066778615,6.376932245081619
1009,1.0918670837884095,17.339879775900634,15.133456659738235,2.839054151193062
1010,1.0991537885765186,15.398985637380044,15.127527770436096,3.335373500837855
1011,1.12242089876388,17.031033621547255,14.56234016831859,4.079246364939555
1012,1.172059833960772,17.00063069685251,13.62632182084506,4.191963582889066
1013,1.3138810770219131,14.055395028347428,13.90252403289087,2.6357627347737864
1023,1.2946596249414044,15.35398830056061,15.22660061238572,1.5116095821447393
1024,1.1786165361538503,13.143663237580997,14.936760093841206,3.707128275361671
1025,1.1218987037706385,14.67124287013117,14.964178638341727,3.3464265755462024
1026,1.1000170699005078,14.307364963712725,14.867644943680224,7.152162822931832
1027,1.092511386835267,16.68884404036003,14.887237088032835,4.902239870470474
1028,1.0907245573515112,13.946749125950587,15.22203132389274,1.8345990228660645
1029,1.0904913966890513,15.717673109171823,14.80389715373211,3.3018834696951678
1030,1.083017085658888,16.182968171211474,15.366378959235147,6.960198959740862
1031,1.0861423057306814,15.130694629624863,14.735577046687023,2.773658156043383
1032,1.087840691643983,14.505837427246007,15.230780780099298,2.654940419160426
1033,1.0820485440569327,13.206005364002912,15.1861055743533,2.8682922307264502
1034,1.0852383109967192,11.526159675167843,15.078431822809181,2.3173339805524007
1035,1.0788437518751681,14.935143734075973,15.019999392004841,3.475858242148138
1036,1.0802782118431096,13.390082456924343,15.284897116779938,4.416443535447963
1037,1.0864069798017446,15.8916084388441,14.520310261869746,2.8530432187867762
1038,1.0828341636993613,13.939327688695354,15.341319149441857,3.6677326624270044
1039,1.0879879487478286,16.86707512699939,14.782079467743499,3.503802221121656
1040,1.0835333884263814,14.462721309292098,15.370739947280251,3.102540921572216
1042,1.085116051229065,13.40533452320099,14.94070351266149,3.0091903864939846
1043,1.0852391448420067,18.073736354676782,14.930394204669037,8.147032327727002
1044,1.0866370343290952,14.414939522364794,14.87849675602591,3.1018781740009373
1045,1.085039105587141,14.269357445809398,14.323148045769004,3.425064841848043
1046,1.0870036906655958,12.82074930109005,14.416505992720671,3.3878806704231947
1047,1.0856792269841646,15.20693880967175,14.891551612935409,2.8419774616246425
1048,1.0839687413678845,14.994430636836702,14.860379442673995,9.24729322887348
1049,1.0881892848221708,12.635180044752088,14.827980348594002,2.862274057774688
1050,1.0886238553616205,12.176664934920337,14.960612861511018,2.985021959581056
1051,1.0862453696030647,11.117863326887454,15.584431557649497,2.841753489194557
1052,1.0895243151608112,12.526274273534712,15.680437900971135,3.253856810749078
1053,1.0843523951417813,11.384446304062793,15.572534776400456,3.9509163800233056
1054,1.0916190854984849,15.757407797304404,14.256916456612837,6.016602897767594
1055,1.0879180989834614,12.855165649578696,15.081000165106673,3.273249372915354
1056,1.0880705057179398,11.648132044501093,15.57614340560751,2.3144567875472584
1057,1.0900986836523994,12.591256824361981,15.274946952885912,5.32889386589923
1058,1.0919421119128565,10.162561737685992,15.031276003718562,2.4044297193771964
1059,1.0896396244296707,10.96374595389481,15.518881608894516,3.1502048905720477
1060,1.0940282241391808,11.562889118591873,15.159974511600039,3.8328823340153373
1061,1.0922884174191192,14.603406244477158,14.388742469650492,2.6462172812046423
1062,1.0910279096195385,10.991855775778744,14.723586866493601,3.207597595463634
1063,1.0963744952841212,16.26673041106317,14.20225310058538,3.4307534156324815
1100,1.1125579110909838,16.796827668998894,12.909654927664723,1.2956769196215558
1101,1.0913547508769192,18.403131731643114,13.639201938791775,4.130119668525146
1102,1.0848303226388738,21.001097131525018,13.34189720909772,5.7931143540665735
1103,1.0812680795045304,15.438863025902931,15.314224058802537,2.3502125269015997
1104,1.0769050800761626,17.662883615877558,14.883824166225663,5.536490410820835
1105,1.0764538821033711,18.167890716645214,15.116987515924336,1.9601119464001793
1106,1.0798925351870046,19.126856489336195,14.222295768231557,2.624672305315897
1107,1.0843461685114846,19.202324887995648,13.962402328035902,3.125327067577191
1108,1.086780018487855,20.287089670063605,13.745440796751863,6.492485448646311
1109,1.0880118642276526,19.832270691149702,14.680061513541784,2.5775551048701066
1110,1.0945057271967262,17.680512880962535,14.963943812856762,3.4554705118869276
1111,1.1128793237074894,19.14357715120779,13.886132060365574,2.798610602331043
1112,1.1481119832290618,19.14052794467425,12.908110765156726,3.4006132622443896
1113,1.2391309707247664,16.790794611012203,14.046617955655416,3.4483133512417443
1114,1.3657927691358642,16.789115560192943,16.115880595209312,1.6600477704825694
1123,1.2439902898239017,14.981666632826713,13.816154644079921,3.1542584699939096
1124,1.1535886149440162,15.144490755607045,14.197344898413883,2.9519608624727836
1125,1.1139441969022115,16.933060942526705,14.611657460985727,2.991973547720225
1126,1.09665282811164,16.39224864206828,14.822452078271237,6.683891828160283
1127,1.0893724458253375,18.80303931717418,13.835704466815706,3.8368353465730545
1128,1.085688825067514,16.485844134033425,14.760428452841525,2.8495420964970952
1129,1.0873908517954618,17.86179283480329,13.876666011066842,3.246651204646001
1130,1.0820102474344713,18.303530292979193,15.065413636938015,5.089517036030444
1131,1.0821335214919516,17.39392038583031,13.990395993702075,2.2204195094474066
1132,1.0846012432832262,16.53026170953688,14.630177923960249,2.2878660525606844
1133,1.0816778909996991,15.461171385375172,14.576266694799424,2.161393021058269
1134,1.0824141398228202,14.595007701980618,14.614344563336136,2.38303790279715
1135,1.0765953586115125,17.1898638510621,15.115505944467257,3.3553291859025083
1136,1.0770583546614803,15.288260733668768,14.71356849145166,5.0852497285094085
1137,1.0833856946764113,18.270461915494582,13.934739072042834,2.780485314727349
1138,1.0801689597288402,16.059578289300017,14.323821610360868,2.8784240941573493
1139,1.0856577502106641,18.959228400271687,13.858047655534442,3.4381287124800464
1140,1.0820322114167633,16.659449883503143,14.502554977870458,2.3938833267484005
1142,1.0840145791090747,15.626378533303171,14.53511981969906,2.60670121075248
1143,1.0817881298343244,20.413872029495153,13.839980215600896,5.604244938332817
1144,1.0865896528892738,16.943671773121103,13.82962969496441,2.58556962425144
1145,1.0826688923835077,16.77377507596398,14.063554569911728,2.6678956323166676
1146,1.081804869916531,15.177902236198877,14.223936705933333,3.2508859070942853
1147,1.0838304394448106,17.370478646691996,14.342654686411601,2.0981788736178726
1148,1.0816866296645844,17.52417771970092,14.071845752728741,8.348960194260034
1149,1.0850552157893485,14.769698784062092,14.318724182900286,2.5915236362030036
1150,1.0839953763265902,14.440282892090623,14.024273407720091,2.2813094753017182
1151,1.0815225573150213,13.375313635433393,15.088224095248304,2.540991362787924
1152,1.0872106431380841,15.032381538713214,14.7046532338946,2.3575180597797414
1153,1.0841199617708346,13.674356619481818,15.231954473142421,3.038921593783747
1154,1.0859391627081831,18.614863619539655,13.607686592330504,4.552476349385872
1155,1.086432083544792,15.19679671392676,14.665571184296518,2.755272402688692
1156,1.0849988850859817,14.288273590865705,14.819616071733678,2.515466093018044
1157,1.0863011388891401,14.819871503700895,14.56046589463376,4.1204286134683015
1158,1.0903766181491863,12.411288868020698,14.355260648860474,2.7459847261942647
1159,1.0828876457091485,13.80605868839915,14.460485225443785,2.0541544610250906
1160,1.0915734031139939,14.010703223673078,14.18058167680385,2.438491783850461
1161,1.0909590795385775,17.03622697685099,13.878455309624176,2.641295655573681
1162,1.0879115688169458,13.666260078539073,14.120156331040006,2.3947208764741976
1163,1.0933151249413438,18.989829078967006,13.55623135281578,3.8677123444043953
1200,1.1125659624573832,18.549660795210936,12.416212370453225,1.5788170107727246
1201,1.0898109059175547,19.322148484723925,12.913822248178748,2.347232080277419
1202,1.082307733282487,21.856592777480568,12.971020494561197,6.713580841265089
1203,1.0777126881613779,16.104527976561297,14.631806715874772,1.5869268372868475
1204,1.073859132482635,18.326964066886013,13.93385724186278,4.719029818923635
1205,1.073454312254838,19.47830405673571,14.298372513158627,1.6768948412999352
1206,1.076561326437943,19.59143048013669,13.314244341604565,1.7491416232123438
1207,1.0831085055033465,19.782374512766165,13.312862305629256,2.615676973166065
1208,1.0849010127124668,21.552874489624998,12.561700366938277,7.321017033240903
1209,1.0855970687505687,20.470046727562362,14.03149182873912,2.2458830142778305
1210,1.0881228096824496,18.53760060527601,14.66144679889006,2.3710048150855103
1211,1.10402434462142,20.189578806436923,13.320019918142421,2.5811774183072833
1212,1.1254164388257482,20.283597457597672,12.359246388858942,3.2611581996970553
1213,1.162608259951628,19.863524965128473,12.814227839664827,3.1114263074431188
1214,1.2250428475194854,19.31588199395037,12.038788176352629,3.0178985605878537
1215,1.2666023714933952,22.089141250420717,13.589619122568884,1.990431994372855
1216,1.3302770078011406,22.692221966726724,29.49999301187702,1.5004681832456432
1221,1.3904317788189966,26.798971281540076,29.499995140512077,0.959879276715759
1222,1.23758068198928,20.01021804248569,13.5519680219267,1.6280101653951244
1223,1.1775713175848939,17.144654792163692,12.217147460774347,3.019261594205064
1224,1.1302705187026123,16.457234709405938,13.957446382712217,2.609766258750313
1225,1.105057230594871,18.178276926124315,13.75736196606892,2.5167057304811347
1226,1.093096772762777,17.652723453330893,14.065047757176282,8.94911243695193
1227,1.0849888548283368,19.67311348136779,13.133660089170403,4.095841373020026
1228,1.0835141892409506,17.121071877448333,14.085557391436657,2.3141023714348763
1229,1.0852957752489765,18.59549367386693,13.270122079903308,3.8049059021542435
1230,1.079834550024682,19.173028421609242,14.346060576337608,6.3229141975240974
1231,1.0800693585409586,18.187991764005336,13.464180737073283,1.8544310775756374
1232,1.081219771073425,17.854713617643455,13.760621535793621,2.444979944209583
1233,1.0778385826483452,16.498566994521294,14.059256237978605,2.50458453824752
1234,1.08120367701569,15.096971927928575,14.117060897963198,2.2175031397100344
1235,1.076257439459405,18.26017753026781,13.986773011393508,2.7336687524936596
1236,1.0750427413685848,16.37121503761586,14.004655490982232,4.545616004729721
1237,1.0809517005072165,18.907322005139704,13.570245692374652,2.233438221928079
1238,1.0780669626165826,16.911732709972664,13.566000796080006,2.1544356044684387
1239,1.084741854831419,20.021245144814223,13.430958203005497,2.299892957105918
1240,1.0809219102617404,17.793501786027353,14.112469061448701,2.200221980789945
1242,1.0815603950679638,16.461606671944747,13.886328216575782,2.0609877392505354
1243,1.0794606162347788,21.532661066009844,13.07433257845593,8.23513723586582
1244,1.083356388112186,17.435948162108236,13.381052831694026,2.2641668157943187
1245,1.0816797944060161,17.6246650617842,12.875118725389884,2.5345798084745863
1246,1.0815617057702704,16.5686695315366,13.495438150535893,3.104747706248348
1247,1.0822772066560729,18.44095935135698,13.978243851391772,2.1898155792228926
1248,1.0806732336771618,18.21417850559557,13.563610089341259,9.914560618874361
1249,1.08396178439023,15.737573811072188,13.696217828819293,2.7832849644562785
1250,1.0857243169813084,15.505189612533753,13.41369725080481,2.223922160379076
1251,1.0792278506816089,14.279933694773478,14.609703501463583,2.0486201204131707
1252,1.0824177137583155,15.5932090485755,13.815789442624187,2.9901793350514048
1253,1.081111807720107,14.376612939185712,14.512657043150146,2.5457645895049392
1254,1.0841510774052598,19.44812113195228,13.03250812819862,4.998497128859719
1255,1.0852907872225719,15.813919350940157,13.658978709385556,2.2202931052017507
1256,1.0840265808915388,15.00191857698968,14.892207420530791,2.115727988612307
1257,1.0857244997038527,15.373087058556521,13.660208911835932,5.084590530512856
1258,1.0905099620184202,13.004049171517151,13.774934626480478,2.6221257548957926
1259,1.0839301811651412,14.300019338687765,14.355327276855201,1.7361676148954084
1260,1.0879981729861377,14.848027865862173,13.26082488790779,2.3972067119609592
1261,1.0870885081856312,18.08328573942151,13.317000414503955,2.340998302199773
1262,1.0856061577451643,14.249051981105184,13.709850874703674,2.243852682514328
1263,1.0948044946138615,19.659560426745806,13.086201371203842,3.058268613298162
1300,1.1058662418149963,14.818581983737845,13.503781362174626,1.4846030922750206
1301,1.09344441016546,16.7178031763188,13.28159198571558,3.531086195197645
1302,1.0881584334252643,19.14871929461095,13.480791097586142,7.6923560063629575
1303,1.083655977391947,13.693810018985177,14.435831308255691,2.4305267158624044
1304,1.0770322414440583,15.9790116974183,15.014489391275905,5.466867630357331
1305,1.0782360780805054,16.840638552415115,14.738238553927262,2.25546728739147
1306,1.081130948824863,17.332476694100613,14.328713606817093,2.354753593275543
1307,1.0870901776398507,17.350293466450008,14.018188939167313,3.5230851436626613
1308,1.0877073737443717,19.090641772660476,13.514340321332291,6.932238451205854
1309,1.088765065049061,18.159124826631007,14.768130830424774,2.795286552731324
1310,1.0887453201440742,16.348397099542947,15.059723096695029,3.3732295569612716
1311,1.1008982971892827,17.966171909193434,14.331503509890338,3.0389933504191826
1312,1.1156276705284087,17.887944064615386,13.470915524740075,3.366223675442691
1313,1.1320205683048494,18.091269387853092,14.017540743626679,2.796356819468733
1314,1.1613358438759356,18.31445925537392,13.332210971094598,4.302331665742353
1315,1.1751982395060467,19.36121463918678,13.412924160177548,1.9891959806618311
1316,1.1945986077450175,17.236872893159184,12.7077298645015,3.256916398642556
1317,1.204402928629402,14.83794583594115,12.34477330297987,2.104473676217682
1318,1.2036822240176428,13.208974692899977,12.388533237823648,1.4074896803808048
1319,1.1994765759843895,14.766877535618598,13.178903045883034,1.7563934254454203
1320,1.1913167497575536,14.154934924211924,13.157561173082415,1.697173111013076
1321,1.188537339783637,16.09553781508817,12.79211334394024,1.986539184951863
1322,1.1661960155683897,19.065127051992373,13.380550180530179,2.4501170192925392
1323,1.1396377465574115,16.04324325272198,13.369223857700327,2.821465165873612
1324,1.118541304455192,14.501239681880953,14.42827173095615,2.160563875106211
1325,1.1047166202853862,15.984283193996,15.21113182337743,3.218766868998901
1326,1.0938013346781157,15.332076775247268,14.634275292869804,6.880959686159723
1327,1.0889512324790185,17.562806157212293,14.281238012179847,3.8874163595557394
1328,1.087612911410368,14.890251042690256,14.966139522245507,2.1442160285956655
1329,1.0891928038501826,16.27698993133675,14.123929651417084,3.9489053451070313
1330,1.0840338574496935,16.93222995561377,14.821817954453767,6.094657397530399
1331,1.084548809926288,15.876843724217485,14.378759644977544,2.4593649277269627
1332,1.0857157690576027,15.366759968510484,14.52777442854205,2.107261897490814
1333,1.0806643581139512,14.359433429099067,14.677602706713708,2.054619393983382
1334,1.0853202976272973,12.734938510026224,14.527582478655063,2.0764442107156147
1335,1.080338208215884,15.675556955650215,14.523395398394742,3.3012566282193903
1336,1.0803551618056872,13.91786379356091,14.540988129460295,4.872601146397951
1337,1.0845207778446193,16.57354329756479,14.568969078923889,3.5472722313694933
1338,1.0836477865041472,14.541187455710313,14.47301264757941,3.347697998186333
1339,1.0892097725561787,17.626357122281128,14.217063105955608,3.2054457774811698
1340,1.0864186363634414,15.289633347254995,14.57526238609808,2.783926745954205
1342,1.0857295319827749,13.975752376482848,14.82884707652682,3.0251854227009183
1343,1.08566677928063,18.892776667820208,13.907108251804063,9.308885311841768
1344,1.0870596758388849,15.129458903987196,14.205567800753906,2.9393607647060374
1345,1.085449005329372,15.412238823958345,13.733913876499592,3.2020181630270743
1346,1.0864111250033106,13.900375993250107,14.533462866808652,4.256253559452072
1347,1.088157839254354,15.97831701736313,14.208576802222364,3.0793375596918224
1348,1.0835630756177699,15.813109210156451,14.223690860505256,9.380005785148876
1349,1.0881276513116422,13.528446656149487,14.42980413801078,2.8443428567366063
1350,1.088857142993805,12.638200647483187,14.034750857556348,2.7648105419292746
1351,1.0831315365938674,11.755234226088868,14.86642246742144,2.176079613776269
1352,1.0860287914538729,13.283068177184624,14.562232270594528,2.598831590274125
1353,1.0867041388588607,12.144467787704233,14.858171194566735,2.844250882166815
1354,1.0907446101953098,16.632550608160695,13.493278823489927,6.380913107026385
1355,1.087866135231037,13.484387463908522,14.4643057050406,2.8030434475926063
1356,1.089998674245859,12.69607851571725,15.127914481869944,2.022790959254545
1357,1.0891976683721,13.188359262279246,14.140132074623578,4.747758584442044
1358,1.0945520884804858,10.939958188827557,14.588573518452169,2.565942164183423
1359,1.0890266601746434,11.546097901411736,14.671060204832658,2.443933136455272
1360,1.0932587403444518,12.440051110556999,14.168486550796748,2.9412100294926864
1361,1.0935133250993456,15.372553037821776,13.68232695178646,3.2192907755261877
1362,1.0928638691071801,11.948062074585792,13.86643825219913,2.5691778517058577
1363,1.0984050596310255,17.26370974138076,13.120461183463986,4.219424614117585
1400,1.1344905196441968,19.73771553024685,12.790888366691737,1.4925376618733739
1401,1.092828106931312,18.76733081624746,13.77522141299295,6.678960430505022
1402,1.0899499532950125,21.924271521915294,12.978085616709748,9.824261488958886
1403,1.0893678339202475,16.13562304321944,15.02686005397692,3.8047467194387257
1404,1.0842120002812499,18.678670805161342,14.572837261399593,8.098965059370675
1405,1.0867880277755018,19.507214227387834,14.915539274927017,4.017917923324312
1406,1.0897542890301035,20.07365831169496,14.106911207514626,6.839900699958371
1407,1.0953314723114667,20.2491550345407,13.420110183007496,6.866126469221547
1408,1.095860672960725,22.010937907009247,13.42181636944238,10.822324985493303
1409,1.097871518645581,20.960808294380286,14.164113853274918,5.764709043009297
1410,1.096544976690004,19.230587671218586,14.967459452842403,4.908370435352167
1411,1.1070158613388512,21.332836355138685,13.835229554221566,7.335425137911666
1412,1.1176441480059414,20.908219693612192,13.029522900010218,7.567961340195373
1413,1.1283127071283838,21.527836325139745,13.678202060392115,5.8877841920878495
1414,1.1476150679244799,22.101297546925696,12.478275159539821,5.90216386029944
1415,1.1591601704276921,23.291498448295233,12.759568884876328,5.670160653156799
1416,1.1674911819496556,22.049211570622038,12.93650100224381,8.244665192349279
1417,1.1793329828061714,20.017331020343743,12.624875740755636,4.6284915776303555
1418,1.181454183749823,19.170255626690857,13.66517533672394,3.6395384057999407
1419,1.1775611835410815,20.9069452262904,13.027635377899538,3.3846329529703563
1420,1.1714722195113996,19.37395733997396,13.271239648615163,3.9283244349628363
1421,1.1663472430181459,21.781465812096997,12.883397825979898,5.007501703571483
1422,1.1506532359375914,23.08460297225528,14.016434844801209,5.964597427195948
1423,1.133197902920614,19.174241861249953,13.131067864801134,6.3727931411332
1424,1.120670877500749,17.666609474115162,14.827745776922436,4.903515489398403
1425,1.1095420194237304,18.823449715903113,14.174448739695736,5.5050307589938825
1426,1.099622310671069,18.50299498995115,14.332173826372319,10.698558822659397
1427,1.0982862116126815,20.347489018703293,13.463563480078273,7.41849112744981
1428,1.0969135621750283,17.717936747771073,14.52852842559307,5.520730366152306
1429,1.0990150073108975,19.184485253860437,13.72510600101869,6.132352773090113
1430,1.0936748124493576,20.011635961377188,14.476246852380632,9.557057205387643
1431,1.0942425873374453,18.50210528357697,13.808006709635292,5.006482934141302
1432,1.0957517236550893,18.244797247299992,14.085420328824275,5.107306371369445
1433,1.08970357256016,16.947551963741113,14.570624649658312,5.865091813476737
1434,1.0961348562617315,15.465536185569006,14.680320625567395,6.631559875175255
1435,1.0892778698328183,18.755984375583765,14.366467008577134,7.318305212712221
1436,1.0905345730429454,16.67170687246452,14.756772305920007,8.126458122782145
1437,1.0956029578563145,19.552544133480104,13.992041810179241,7.683430159483588
1438,1.0932963793282162,17.165894354020942,14.183996079036962,7.052375040971486
1439,1.0996474254907613,20.249164631720447,13.775808509689462,7.0622891806893024
1440,1.0934388779885975,17.910792795452473,14.420978477274181,5.598780697165818
1442,1.0962919704640808,16.99036857512208,13.94103450175233,7.292544090622271
1443,1.091948715853895,21.793419789943666,13.728460179503351,13.350893321548243
1444,1.0977118111436168,17.810119171843088,13.570178123481798,7.2637852037175765
1445,1.095865326204694,18.028153249043662,13.460825755125029,7.126589417713122
1446,1.096118254079623,16.659330460367457,13.77921437855497,7.6556643220816225
1447,1.0959579152309278,18.787799847476464,14.325082509817845,5.851968839597496
1448,1.0932530693145806,19.13262692262784,14.086444248008293,12.967603099685741
1449,1.098431830899467,16.28107135227992,14.616547257487845,5.821670769404145
1450,1.098574510480508,15.646561163290526,13.732831090859868,6.2388522506577955
1451,1.0960633979803966,14.773794247837818,15.019290203279928,5.23867329863276
1452,1.0988810404856442,16.561407890829017,14.623255815868717,6.758498262049706
1453,1.0972617167339767,15.051533552313323,14.872655659012079,6.695747636974664
1454,1.1001183659891955,19.79049845295045,13.166801014395716,9.853343019674899
1455,1.1010155633468202,16.242154726226282,14.165732144060517,7.59877653779218
1456,1.0982298438215172,15.581837989672493,14.746917226366357,4.978519206762128
1457,1.097804949196923,16.459495703605974,14.522653498457398,10.162551918142668
1458,1.1043261680755394,13.831262253941157,14.282113953791681,6.432366491863873
1459,1.0997675178563187,14.983971771690317,14.42186450703858,5.091977708375751
1460,1.1050852646293439,14.93149158648669,13.985568527204986,7.333991507779308
1461,1.1009522854202523,18.20107517833588,13.936785462469125,6.43349672300003
1462,1.0995565122139623,14.618362181523262,14.083497702799894,5.836576309954095
1463,1.104088478558264,19.45318472360058,13.979804304790417,8.730388110457053
1500,1.1027980289635557,16.59085147067498,13.76447307758932,1.4845895802139433
1501,1.086965460803492,17.955633596816003,13.926507155131512,1.802825734008648
1502,1.0823765980067332,20.33187241183002,14.010344632274538,3.292307043634233
1503,1.0783943426510623,13.904727545012552,15.926931208602483,1.634765267931631
1504,1.0691094883199264,16.547044809664214,15.165279817461853,3.3631701412789377
1505,1.075047093923204,17.374742836306396,15.53600805959583,1.6636283298923114
1506,1.0739296473625721,18.080344413285047,15.085628545541327,1.718144087119078
1507,1.0811275240750648,17.67377938827894,14.63907365553906,2.0936851621670316
1508,1.0792546413875417,19.30947637578307,14.414607189320806,4.336381027429375
1509,1.0796349772132432,18.617132712193897,14.785575794893697,1.8273289286528271
1510,1.0793324584520854,16.952952812252008,15.615566855989849,1.8321090580621502
1511,1.0876765946625322,18.501401354103923,14.06235725871276,1.6104989286823748
1512,1.093658140402682,18.72057369974374,13.823819831459447,1.8404020823788325
1513,1.0989797841180693,18.779003346871242,13.889162939170076,2.0683757745892857
1514,1.1069577411266383,19.513523124343045,13.653466553054722,2.706502864295648
1515,1.1122522628029397,20.544706974407283,13.721954344848292,1.7311869075338795
1516,1.1192778566304764,19.44990605220028,13.642884491016122,3.8785316319084995
1517,1.124375181311996,17.100039180367844,13.218061939773937,1.5516040046174329
1518,1.1238452155442336,15.848854455804066,13.93966361218501,1.9702474458729433
1519,1.1193276666507792,17.867873569621132,14.181074130457594,1.487661841259084
1520,1.118311224110707,16.786942185058688,14.51141727248945,1.7071651727710417
1521,1.1156858249224446,18.831333863882605,13.418929745507516,2.053648694480885
1522,1.1127470751656647,20.169118197040763,13.859976705468904,1.708905877634952
1523,1.1018719136855974,16.61058080035025,13.46010556385492,1.4146076544739674
1524,1.0948610112449242,15.10945606339399,14.710254601130869,2.0031288031728947
1525,1.0908515934394525,16.342212703625396,15.330297993045097,1.5971233098911206
1526,1.0823710901563972,15.5421473850073,15.066103362140803,5.243809801357951
1527,1.0821927495635677,18.082358668049878,14.858941825363855,2.696727458894943
1528,1.0800048024936608,15.594591412491475,15.02189759507661,1.9298807836643366
1529,1.0846766598151472,16.852705311287178,14.005572456696344,1.916131783810279
1530,1.0795586265490256,17.822160745523497,15.412315832840095,3.3104879352868872
1531,1.0785953362025418,16.395294537198776,14.361754884991122,1.446309693660449
1532,1.0793040071593298,15.806514765580177,15.12375554927628,1.691353530141081
1533,1.075252193021305,14.23816565234438,15.079356142634014,1.6829166022925155
1534,1.0804782262582622,13.289360833098169,15.069611037312876,1.5664475942852605
1535,1.0748161236548677,16.12151767376625,14.415783820666318,2.077269437052031
1536,1.0763832464481258,14.662366235654385,15.05456095725773,3.126134734093099
1537,1.0785508195896005,16.906650258356787,13.691020336800504,1.706984612719814
1538,1.0774297801741772,14.69889390296474,14.503978166655214,1.6045293935778273
1539,1.0847502637474757,17.86186718337533,14.704154425294854,1.8308563229505486
1540,1.0806926914753858,15.248558924773818,14.7611577041809,1.9055091950290755
1542,1.0799569670771456,14.454259917265443,14.828661200295572,2.0400649971308495
1543,1.0797290094207617,19.46370061819827,14.426591394381827,3.8709688754875833
1544,1.0828392783441192,15.58640410654306,14.21923458249283,1.9971685779904393
1545,1.0808283719628868,15.712242658570792,14.592065441134864,1.4419544960129895
1546,1.07939977925791,14.069081820293466,14.76134993431168,1.631406934218255
1547,1.0823974532830398,16.221366414224523,14.340836544550303,1.5301757762772146
1548,1.0814120255945558,15.99885895371606,14.369545715511666,6.56923892285748
1549,1.082165997598224,13.970315568529674,14.816829432014543,2.0991471369140884
1550,1.0835525384925442,13.628997461347723,14.445550371034445,2.3276918131419464
1551,1.0826150842248874,12.109657916583345,15.409724573352998,1.5119177344664154
1552,1.0846095831597262,13.880286956115055,14.58528802293965,2.1188364727022337
1553,1.0824227770907826,12.51242334039955,15.24486388968383,2.1907760243883927
1554,1.0840996039451392,17.677204352064113,13.888644323224696,3.500822813319145
1555,1.0843514806983336,13.71977068514163,14.760326878699797,2.265915546471804
1556,1.0821588284049946,13.412562842133342,15.470818545918403,1.6381721756490883
1557,1.0851213736489282,13.639925897639818,14.961237631198943,2.6673269748376405
1558,1.090158863886091,11.345033137748077,14.758412225789245,1.969373947527372
1559,1.084192905592601,12.370911040823888,15.08258800660037,1.4574069109179044
1560,1.0891166535980132,12.857300446363325,14.072303603305864,1.8750270397433921
1561,1.089874481292626,16.035435346762366,14.267670555244335,1.7131916001641607
1562,1.0889953932048402,12.599349109762201,14.255703776935906,1.9394166390900451
1563,1.09654687086922,17.980072489837507,14.106840104156147,2.2912602239315643
1600,1.1022325715826875,19.204860466885975,14.68073122001956,1.394827934234144
1601,1.0868861660877398,20.428567261087565,13.643118928703835,3.222026184898349
1602,1.0788945970320212,22.48526015234439,13.139586030437183,4.608000984435865
1603,1.0752565574633113,16.47347575193444,14.637811736155102,1.3027860145463996
1604,1.0679049529461466,19.063757276502045,15.006223221834578,4.322120737341081
1605,1.0679046525136913,19.824567473468118,15.343297537173653,1.5565857127058105
1606,1.071220968607655,20.30089579192845,13.985291338006707,1.9909973389426736
1607,1.0758196444722348,20.494370942024503,14.082824627391458,2.461738441637438
1608,1.0742078926900305,22.33330954337841,13.10938080895479,4.797728734383524
1609,1.0749736968286174,21.00241214463697,14.774940384884436,1.9646272058817507
1610,1.072726447162797,19.28674207767479,15.241808996150084,2.0703298632700453
1611,1.0792137234075376,21.03470696083333,14.286552154948803,2.0340119708127338
1612,1.0836815726710323,21.01892756289066,13.377576531709147,2.068274800199806
1613,1.0876380272769537,21.35565273609982,13.824434163990304,1.8089775472535292
1614,1.0954585001082486,22.073688874315312,13.331697132176181,3.006032160915063
1615,1.094784827743143,23.48927868996615,13.328325852532846,2.3660522516553537
1616,1.1012442366647561,22.10942160495991,12.977447458952271,5.721813967461769
1617,1.1023471090063248,20.045721842340487,13.558332091437828,2.281509812098506
1618,1.1068397346320336,18.28267719823856,13.380047121313831,1.980574130827467
1619,1.1008299291219117,20.578142445453437,13.514249531495356,1.8780885699796275
1620,1.0990239508293227,19.39765949382124,13.753771460971109,1.9908279136197384
1621,1.100533380204407,21.367029017001776,13.311107944920103,2.1152640114477093
1622,1.0980943339687546,22.806486750251356,13.620724853146525,2.2697227956062807
1623,1.0885792174319007,19.540227968619355,13.764263699123568,2.131243578598467
1624,1.0887972334532718,17.914772253001477,14.819357560444473,1.8269022273544768
1625,1.084703929725923,19.172976436071515,14.709129098748704,2.289530178306762
1626,1.078146015976273,18.314090572720325,14.462891391978111,4.593971868552406
1627,1.0783533369635525,20.61025284587172,13.957422775408073,4.648893250746373
1628,1.078101069902446,17.72677498746481,14.36127229723709,1.3898547021346197
1629,1.0816915553300215,19.145319754609606,13.807555764866795,2.681131674652498
1630,1.0761375617149544,19.816914857018308,14.669140763430367,4.40419333554071
1631,1.0764254126677442,18.870559404973395,14.144755036158378,2.0271139635352258
1632,1.0785603789145797,18.43367649405002,14.742713324399348,2.0587594354938528
1633,1.0736882536638719,17.231525326070003,14.572649129404928,1.7261691042113056
1634,1.078503644287557,15.488106693113675,14.440474209734155,1.8236424178029662
1635,1.0741500027147082,18.792085475872856,14.426097055490855,3.133538239898646
1636,1.0731313537843865,17.038049433765103,14.625136939226882,3.563728475181509
1637,1.0762032573111169,19.53721571264338,13.778772847274203,2.433399107818383
1638,1.0738465525214251,17.573864477634906,13.965768661165756,1.7853153993262108
1639,1.0804937506293386,20.266930785952464,14.179726512659633,2.810356802127818
1640,1.0790229494936305,18.00513391466401,14.223771950847267,2.0689460738646055
1642,1.0769096721164912,16.932973774515773,14.533372374376833,2.1721405704981365
1643,1.0767329634301939,21.785822946157083,13.819794522646855,6.57487519998129
1644,1.081354826480074,18.113102684805487,13.590016881039025,1.987739760069192
1645,1.0781176802606804,18.37969001209777,13.767078680387156,2.3040442290973586
1646,1.0781196581308863,16.68027115605085,14.191773216902103,2.7177447436121778
1647,1.080158050195494,19.050716146285517,13.961429026909423,2.409119975939535
1648,1.0764874941785605,18.771525725246295,14.133250214253186,7.029515968635763
1649,1.082317409298957,16.533672874310067,14.325239288089794,1.8826066904978151
1650,1.0827258320833353,15.857838689219518,13.857095355174279,2.0320747157028323
1651,1.0781081103846428,14.876153560166244,14.628572564071604,2.10867021760064
1652,1.0809738472861679,16.448032278023,14.577629639264888,2.2496396105031176
1653,1.0788652448665228,15.087603571131522,14.92909597685609,3.2801751004930813
1654,1.081738576261736,19.676599353626784,13.527118712379007,4.263466828516598
1655,1.0833787247621944,16.18062551639833,13.82866257416701,1.8494709840912935
1656,1.0795965557234242,15.473147017069914,15.392633385525299,1.8279128596964647
1657,1.0803047688484264,16.29843443550222,14.621882512510929,4.804775003640613
1658,1.0844988329421708,14.073988999150158,13.81929003514629,2.3260709308179126
1659,1.0812570809229813,15.199554762576104,14.656235886588059,1.8354219704151324
1660,1.0894156350736457,15.395600149783583,13.637632479665495,2.064495451867242
1661,1.0864726083014362,18.651752425605665,13.96481233823459,2.779049802915026
1662,1.0870479564000017,15.201690372679565,13.977404214104066,2.314615996877647
1663,1.0952481716143527,20.37211268920756,13.332484370509063,2.8980552504833565
1700,1.118006657693973,14.505437334602117,13.11032196885829,1.0646369139447411
1701,1.1001543289629963,16.07630514151787,13.933200577992894,3.25774196029503
1702,1.0954689246823535,18.359851682602027,13.956004264918802,7.457903344128813
1703,1.0901921971729467,12.623677732315098,15.946339581094263,2.5425865683910405
1704,1.0848880904051381,15.03924961126604,15.386164968680568,5.260786463252834
1705,1.0854139726353114,15.647939054648445,15.617379225435252,2.9251528467059527
1706,1.0861904187449756,16.163393996949296,15.319283764551514,2.5410898138882487
1707,1.093523392753142,16.32010825258914,14.293385022857999,2.092375879379877
1708,1.0915647452967574,18.14377334755979,14.116545155699685,7.058395299977132
1709,1.0903706643214113,16.91935688227922,15.438932403348923,2.249794148793981
1710,1.0896782199378805,14.98041358044517,15.87705387199448,3.1710775469940073
1711,1.093228687960876,17.02372767149236,15.113717712595019,2.7590351231210533
1712,1.09743155919382,16.97380140199371,14.278675966976843,3.3999486830197947
1713,1.0973964024730747,17.47057495169517,14.52192200498072,2.1583700052873622
1714,1.107568352150948,17.790310529018416,14.419449356175376,3.977946397046067
1715,1.1038779638299443,19.46767205859817,14.739283111854968,3.913136547480907
1716,1.1060336272434526,18.23662768705452,13.98170249160057,7.423721092453241
1717,1.1090141704490288,16.51035349234815,14.120126064493235,2.7974101676969694
1718,1.107931283817211,14.828317892818703,15.095745604470634,2.365798077868543
1719,1.1080019166968906,16.65276433604662,15.016358414499637,2.436730212278106
1720,1.1062751181658976,15.365409818732623,14.644765818272633,2.264403164430039
1721,1.1070205878696853,17.533614648045393,14.279310210206454,2.6820901416130725
1722,1.1076025623784695,19.519509696633012,14.668758870887174,2.4267140341228384
1723,1.1022107173972386,15.486946347540115,14.784553857436885,2.912138856068306
1724,1.0992184698640488,13.93079062275408,15.492369886957443,2.0798148956759523
1725,1.0974573730230466,15.200850783413447,15.285779749610722,2.228274283946732
1726,1.0927328219296748,14.44564681488758,15.331908654657902,7.090661544303733
1727,1.0946153840916073,16.42885265538999,14.656260003533166,3.822442785595785
1728,1.0920331786080408,13.809012459847871,15.3776181263893,2.575230974574073
1729,1.0970525342840358,15.330327294497962,14.192466109798907,2.8032011301549424
1730,1.089294540927636,15.982672928788393,15.394781678810176,5.175758639252948
1731,1.091700919994041,14.984871082967198,14.762129800988138,2.238608758426177
1732,1.09302069163717,14.467550820250414,15.185315989189723,2.2068422773404066
1733,1.0921343717974799,13.104256808118826,15.271112977404231,2.4748669215503276
1734,1.0944694297908977,11.455077611022192,15.190462524949792,2.7990999964773926
1735,1.0869040783649542,14.985283831886113,15.418406833798493,3.5034304563023877
1736,1.0893360074857001,12.897824651281836,15.661857110521362,4.613567092068376
1737,1.0960299420179156,15.708125185345072,14.675396146330753,3.740212181322711
1738,1.0932979231738382,13.509316361118156,14.93158631229653,3.5763677941331067
1739,1.0976210113842604,16.59190959738888,14.620407226992242,3.071235895022646
1740,1.0936906484496476,13.864765361152232,15.107020374866334,3.029644471274793
1742,1.093612103525518,13.255133606027952,15.517927412263989,3.030951374766889
1743,1.0953189847583398,18.210848380969196,14.17222090432013,6.813180959952045
1744,1.097321764998702,14.189586860546752,14.509207259580778,2.7506548839057903
1745,1.095106660179111,14.296360542904788,14.87508867070636,3.8377484886152393
1746,1.094825991487779,12.825209512696668,15.020694384980274,3.2278127914164116
1747,1.0938230982965778,15.194874723914337,15.09507537935327,3.215618405109599
1748,1.0943627734741523,14.705023521386078,14.590474848922241,8.32967509313679
1749,1.0997571481200559,12.433273203964458,14.973023656413792,2.2283408954484067
1750,1.100120176024968,11.922006824290193,14.88503101404794,2.9400496559353244
1751,1.0950140060529208,10.879895089736088,15.466511288096031,2.3643934778863205
1752,1.09800054441876,12.753513453757,15.458044017815396,2.821872625292077
1753,1.0950583360703645,11.17364590608547,15.72051541622504,3.407223609247517
1754,1.0994840290794579,15.72497901047734,14.433328063893633,5.253796888722647
1755,1.0983069362719629,12.316087628933381,14.983491551318567,2.727269175253112
1756,1.0959275096404142,11.811995782466758,15.824684058769643,2.293925788600075
1757,1.0973278036569978,12.494990823190486,15.159729268582621,5.443732309178213
1758,1.102237342249049,9.703467810404259,14.731078721536045,2.9428261186447964
1759,1.0989081602538229,11.13144266234183,15.142547800081966,2.3196238483681215
1760,1.10477240079786,11.255371401884776,15.087681500520139,2.7135413523771343
1761,1.104500710605257,14.409459623591118,14.566438997112352,3.2847540013266623
1762,1.1059276511684042,11.075281366729877,15.06890880501931,3.3104587352499752
1763,1.114741872919655,15.883029388127234,13.979048193835721,3.399887987570111
1800,1.1056715790337215,17.201105683442744,13.614156077603344,0.9091099303770366
1801,1.0931511546838597,17.874930846737016,14.382714269126744,2.6370210053303005
1802,1.0846758014475295,19.92493291948715,13.368136658500285,6.198664820370731
1803,1.0815241618233573,14.193311983653592,14.967962035240554,1.3643875074882952
1804,1.0745896118791414,16.586934678507358,15.041109525202442,5.862972713254453
1805,1.073885282772547,17.485785309817846,15.236128247762618,1.642590273915885
1806,1.0781806297217758,17.693418084720804,14.260200899681374,1.9293691609415562
1807,1.0811928387503886,18.38240212082585,14.02736475064385,2.055157735777849
1808,1.0806495437074357,19.24811994486144,14.388055744274308,4.807578675406463
1809,1.0803223608284738,18.724399249094887,14.918937794248368,2.0151828438073416
1810,1.0773152997279307,16.719444066535385,15.503726309053375,2.6422722128061444
1811,1.0819860528826069,18.430974616012374,14.813821603816734,2.2678670991266525
1812,1.0854223033861936,18.88411078032051,13.416180857239135,1.8202484271233128
1813,1.0850530799264622,18.976096624119705,14.090070783563146,1.9568411457273287
1814,1.0907958561167224,19.525593887833814,13.890551858398965,3.9499104028940364
1815,1.087764232750304,21.201628811759317,14.181660469077203,3.010994073208099
1816,1.0908882508327167,19.935913594248145,13.822618253765441,5.897581034957964
1817,1.091261797599538,17.68665752065729,14.179515977146922,2.2510150653100043
1818,1.093295295585747,16.719515288033637,14.767609550881271,1.8605354890370542
1819,1.0905527575100133,18.187330810158496,14.687287650180378,1.8361327489973172
1820,1.088495488990963,17.42650144074626,14.418076928457205,1.701726719541639
1821,1.0942893398171865,18.85652691606637,13.668225367777445,1.9858952541743844
1822,1.0932969180384584,20.867142439963278,14.328466628561957,1.9358132147739362
1823,1.0885086674155813,17.2642815085271,13.975000417279237,1.9535651237476885
1824,1.0874120664076512,15.595832404001941,15.066902012400929,1.6693549041897084
1825,1.086477020973815,16.532654679006157,14.97107544651573,2.3589621982565667
1826,1.0849645189077908,15.847509241309265,14.926018388740918,6.421378802206868
1827,1.0826434734584793,18.11352440764863,14.358823624830539,3.423990015412127
1828,1.0809505446967294,15.757352037029124,14.634180139135957,1.9204779407798023
1829,1.085773877099008,16.84786338961803,14.162750845309834,3.6885610995804385
1830,1.0801792940607968,17.378398866784877,15.223201355835968,5.848345133116577
1831,1.0820532233187743,16.588069647740706,14.319464875637665,1.7046691724348337
1832,1.0855143112846966,15.913822572834727,15.089806181211525,1.8110172396122652
1833,1.0826796889265387,14.731392188042705,14.997749524158667,2.156534540415771
1834,1.0818194580099356,13.494201728167576,15.13470240823104,1.6698498505741943
1835,1.0763424443845373,16.196701086270714,14.617907811900789,2.6020910649411757
1836,1.0803259394637235,14.480125741143794,14.740294144896646,4.7424716346914195
1837,1.0831135322576424,17.057156039049787,14.434901269796415,2.6190682497744606
1838,1.082081238496,15.213240830510944,14.381639315763193,2.254670258017932
1839,1.0882186001841712,18.0210822202641,13.96762143604291,2.339227909715421
1840,1.0834423948361225,15.496905082316948,14.540583640297813,2.4760938092170512
1842,1.08406821071827,14.784630093486927,14.461184722747698,2.1089505009800007
1843,1.0835632099836203,19.59352287044245,13.944433695616818,7.291798501562304
1844,1.0874406851196228,15.737845554734475,14.357414577577483,2.8660742427266865
1845,1.0855890278349942,16.117940008547496,13.965561871782695,2.3436208178287767
1846,1.08340769100752,14.370106705278088,14.629963922871205,2.547163040072953
1847,1.0866046652001788,16.615243775547615,14.158482488723571,1.8700099494010438
1848,1.0846857784739288,16.456146757010266,14.414648401407742,6.789664345603636
1849,1.0871601293210489,14.245409366376343,14.566861231853888,2.305312172475052
1850,1.0879634557404128,13.674169073759046,14.11760498295346,2.7316943765217445
1851,1.0835632898997287,12.537326343597208,14.980663243059187,2.3374653087195694
1852,1.0875959275354803,14.014285621654576,14.94048302975072,1.9371683870287026
1853,1.087620351953795,12.6879517985281,15.118804740203542,3.0364010724764854
1854,1.0898882477145442,17.43109636538786,13.892702621253388,4.187168585314504
1855,1.0890583287558422,14.330603261427562,14.583392383185934,2.234377145401024
1856,1.087905846227346,12.979774251440904,15.466564940689368,2.1193402609612977
1857,1.0882015401507805,13.71556106705928,14.787698336553474,4.332049535019632
1858,1.0944152332254824,11.514863458865479,14.479112973241408,2.1410081912444108
1859,1.0877097285691988,12.47151154454609,15.178273466075758,2.118642472780462
1860,1.0949337321923103,13.1837336465047,14.414527698620695,2.0336743262723096
1861,1.0970287653993178,15.729899349704901,14.704309370128469,2.4348668209268434
1862,1.0954526318893536,12.690138662333132,14.61311899816664,2.43133253432675
1863,1.1059900988807698,17.928405112111534,13.59194878955298,2.726019927500222
1900,1.1066071485666364,15.22660071663066,14.714812584067085,1.5663332521090017
1901,1.094207188824109,15.864750562100346,14.917711516193087,5.787349488903578
1902,1.0877146157772921,18.444185502709615,14.8296107607045,9.398920182785403
1903,1.0852707047878132,12.663824874543284,16.458351690894023,3.0600875539283967
1904,1.079321395800963,15.074453269856724,16.13083411556378,6.8587114085376335
1905,1.0785492013505455,15.928377895295982,15.995500553209645,3.1498311969117734
1906,1.0823041867435008,16.56089506926883,15.623771150332496,3.042852580005406
1907,1.0863653627806258,16.62285509682016,14.961185471332504,3.9278193156689705
1908,1.0847352259598393,18.387833723589026,15.342260940250283,9.037479867353236
1909,1.0842599539694633,17.259248165501457,15.759348163800809,3.4836158899918583
1910,1.081027246927483,15.514031247839982,16.280655618595794,3.2017653254707104
1911,1.0868946962521167,17.23986432235463,15.278697038206529,4.037322480987601
1912,1.0866000414167583,17.372313579839744,14.720960819470617,5.166259547928509
1913,1.088405890806788,17.566212409672122,15.211988007529445,3.943925237109795
1914,1.09457669654505,18.499837405825716,14.987913092364602,7.396020302779743
1915,1.09044267416469,19.920009496113323,15.27734435346902,4.717894923155314
1916,1.0902658496744961,18.607633338566053,14.725438918089559,10.196303344510925
1917,1.0940475252430655,16.555547603548465,14.720329461896803,4.597620408326545
1918,1.092780669123294,15.257150490039969,15.3269561251608,4.091253950395748
1919,1.0899271596301257,17.406184025425254,15.479258190116497,4.980584216330768
1920,1.0926751789650222,16.138954703606444,15.21382141452256,3.47907375517185
1921,1.09404501220737,17.852297240769964,15.067102431234112,4.312180768650311
1922,1.0954673669615134,19.737292632243825,15.616269937418984,3.8146746449131403
1923,1.0914653746932657,16.088747080873837,15.127686914421892,3.865881783043383
1924,1.0904019977900519,14.230563973030625,16.307073925838804,3.240671289161848
1925,1.0905549433457262,15.603999349556481,15.931820778320542,3.8189076333891867
1926,1.0851569960648648,14.697266473454315,15.8875207959941,9.862617779815498
1927,1.0889631286422685,16.779667700737765,14.964212633470385,6.4073611631839045
1928,1.0854366946279357,14.26708711410479,15.823809972489105,3.11574715883999
1929,1.0899432584246238,15.672543067748881,15.174100427626488,4.932419495324838
1930,1.0848001850203601,16.63138618502416,16.238462535443883,7.962588862128461
1931,1.0884622726107867,15.346279787247676,15.30884847006031,4.3909984416254195
1932,1.0900368892153907,15.004250213514647,15.580626887438438,4.3738810537107415
1933,1.085895837708155,13.43714452700743,15.86921454019648,4.314831649863684
1934,1.0878884198848817,12.197139232974347,16.081794591105623,3.8662277151681788
1935,1.0827484289933804,14.828433317385215,16.114125531312553,5.1400850103593445
1936,1.0859886571699595,13.694685364559986,15.791475910234123,7.4638740559800505
1937,1.089982333789988,15.670043086719591,15.379887224806192,5.0763370248036095
1938,1.0868600231585177,14.112931437863066,15.787829874881252,4.352025411660916
1939,1.093533449234197,16.8036026812253,15.026644972246759,5.553858448667021
1940,1.0882447274554303,14.570943680673313,15.889646227542002,5.124456747123957
1942,1.0898379731387582,13.409670453452671,15.54215568024923,4.467455439945817
1943,1.0882336540065694,18.446887723447986,15.32795386913479,9.915393129563103
1944,1.0926991732565818,14.074965356794182,14.826701600913271,4.399607229626188
1945,1.089602746105241,14.697893873544396,15.076669567547865,5.3135315039115465
1946,1.0898970376262176,13.361798017571976,15.16555947097313,5.608762226805083
1947,1.090573540190799,15.377431491867137,15.224033152965498,3.5373933159662005
1948,1.0894076932156793,15.334928625233935,15.033788967929274,10.638794394936463
1949,1.0932439280571793,13.10416772361504,15.580437676303855,4.182091641647599
1950,1.0935921917129112,12.449958856957117,15.025636796877984,5.020866139391171
1951,1.0894200977639474,11.432825424343509,15.818660832898562,3.6479483790469884
1952,1.0932271530559252,13.070010451515287,16.00574474404882,4.1847722695959275
1953,1.0901056657913721,11.815205326727158,16.277247381697638,3.7772391082198618
1954,1.0941319387748747,16.57933560348874,14.671427576934548,8.094960846968366
1955,1.0955408652773968,12.603949531114207,15.567074605972664,4.635731665903799
1956,1.0913592499179925,12.197486633386422,15.859668484424322,3.841327295458114
1957,1.0913752897280553,12.742511069854883,15.534190970002697,7.336167018281679
1958,1.0963804124491119,10.392098201326476,15.709361369931358,4.042743495995893
1959,1.094846260142854,11.258328073308828,16.115277018025854,3.880480775628265
1960,1.101978147039407,11.664305056463773,15.073071462280321,5.060453076511859
1961,1.102362558789098,14.837365177523745,15.015562275581889,6.1069962417864465
1962,1.1013366282542922,11.230940528977943,15.485211261627086,5.134648124932439
1963,1.1104728635910597,16.1677585832923,14.723136386494028,7.390265811355403
2000,1.112935379709559,15.27110063288453,12.775914220987929,0.8295700161472144
2001,1.0930014276052284,16.33512046766127,14.866770133464698,3.9660039575299693
2002,1.0864143548469896,18.727790579551222,14.509058240153342,7.475639333262098
2003,1.084281257243252,12.781211857813808,16.016262483299094,2.4597377608076356
2004,1.0755149612857087,15.595585231666975,16.086040886695926,4.902430152934854
2005,1.0762152331950507,16.13651854547922,16.052918904287246,2.4154181186704418
2006,1.078301875444011,16.50899859174489,15.586786647705852,2.8974884195269355
2007,1.083909466997902,16.499109415911295,14.71872741404241,3.375967845261698
2008,1.081539971341311,18.29115306756354,14.989381116085413,7.73711736726152
2009,1.0789968372880905,17.439859488659803,16.312746640905015,3.276808306725182
2010,1.0744777901688454,15.206301359531412,16.371187566786556,3.342919446476025
2011,1.0816698657978374,17.130957166554236,15.926560069513812,3.402150870617997
2012,1.0829445380822307,17.532848449379042,14.980176026729536,4.091577821348558
2013,1.0817995632955486,17.490988734049054,15.526609657544764,3.986695339876824
2014,1.0895002317149596,18.194466064226127,15.088306644983975,5.050192984223098
2015,1.084666021561938,19.85030743692044,15.379337379403738,3.901125072544492
2016,1.0850165907184697,18.71036631108782,14.755327627740641,8.444013969855275
2017,1.0889031838857564,16.758397933993294,14.912112253890054,3.351849526092747
2018,1.0871958311781373,15.211401751510257,16.013916232087,3.585444875643538
2019,1.0863693996501247,17.591655338500797,15.362477932460761,3.1185920799939124
2020,1.086667900075724,15.975583403695385,15.263785424448935,2.7642590095306305
2021,1.088053682053473,17.807588815254192,14.931207059981908,3.1548482838068064
2022,1.0904580301002624,19.85853540465968,15.328161536357005,3.5989579606796407
2023,1.086568240421516,15.683147074561148,15.324699371584268,3.167384484746773
2024,1.0865817574881833,14.57024994129729,15.705368542471449,2.49664182939381
2025,1.0843745155567717,15.55267483847682,15.693796635193513,1.963602320340308
2026,1.081613760157575,14.654468274957017,15.790508536106152,7.285287260707521
2027,1.0811461396483473,16.937344285344604,15.560084016212405,4.460496494065195
2028,1.083279959900161,14.35395938585133,15.760858047633697,2.6983966295516284
2029,1.0877704913855561,15.498898323278219,15.081896921338057,4.222058339179266
2030,1.0836018841884583,15.86527039742773,16.083415242870323,5.51552570225214
2031,1.0839582841351865,15.217304996175741,15.809241956863158,2.7151191584498293
2032,1.0854175619796609,14.903958109009197,16.117507105282815,3.4662517462362215
2033,1.0805162725966844,13.579709782980915,16.165762765248434,3.4101113753159753
2034,1.085422275965427,12.30829100232831,15.670614904119931,3.1454648888864503
2035,1.0813077199759906,14.829850841517443,15.498315296962303,3.7472980296958998
2036,1.0823268829283041,12.814264403722468,15.560315943212663,5.609679406792854
2037,1.0855739123238888,15.696973507928318,15.261705821585087,3.5411334533066254
2038,1.0836580145101322,13.784460103273807,15.478271477798765,3.7756097166642433
2039,1.0903031845543263,16.562911151312544,15.330511772087615,3.1901329778450376
2040,1.0847016451591494,14.294227644333644,15.431443160105973,2.856412656926043
2042,1.0852606908321742,13.50109370174335,15.622942039920723,4.225245526380983
2043,1.0863731100571303,18.195209574685176,15.424624973279986,9.014371754035631
2044,1.0892654497656582,14.117772502791095,15.035600496072856,3.3424176106860015
2045,1.087506463678343,14.705089815999928,14.826541337345775,3.641969701320627
2046,1.08707945946551,13.068968504899802,15.436298337301698,4.348848389063871
2047,1.0900426778895664,15.235017236529053,15.627500587775437,4.356434927438802
2048,1.0862497786618899,14.812291131163809,15.312049957123843,7.154862945824486
2049,1.0898370190732456,12.545728900373783,16.107310802205838,3.21801209373839
2050,1.0901544389496916,12.067439645872938,15.286603728273446,3.248797750224251
2051,1.0858868959142525,11.273194766699785,15.478151163014852,2.875117699604493
2052,1.0906258842003924,12.833353481575418,15.506126748403085,3.278853301790345
2053,1.089263727211139,11.482338240188326,15.726427728330105,3.3244679334508147
2054,1.092091707865455,16.149048391970506,14.823528020981977,6.139356859659749
2055,1.0930152780064162,12.579435123170034,15.232075683272924,3.1736461022387403
2056,1.0899878653289556,12.296359669215587,15.975470087101181,2.383164181609995
2057,1.0906715641980003,12.249105468388985,15.415471240994895,5.916403906657904
2058,1.0946483320093285,10.476511715738551,15.340801707036814,3.1458909915483275
2059,1.0898945287554636,11.418442961172447,16.02889608368586,2.6771850563684945
2060,1.0983921976587334,11.530994552396916,14.98414067933797,3.1423664999030776
2061,1.0997248096293482,14.99310032792194,14.7866608347183,3.9304924110130743
2062,1.0983170290209747,11.197582206375033,15.162617585601572,3.5022497590431887
2063,1.1096904240513092,16.322414390818672,14.577977690760076,5.576842217723007
2100,1.1131589778653659,15.097359092667778,15.027069308990912,1.350925276053911
2101,1.0902490794030748,16.542161432753918,15.118136575580044,2.938720623679443
2102,1.0827195669779472,18.96639538722972,15.31905167144362,6.799915035191536
2103,1.0812876677816203,13.089510615719487,16.407287203791856,4.058965262232359
2104,1.0723256867643896,15.550470273199762,16.540790538966093,6.831783012475533
2105,1.072931968116518,16.204598522439163,16.622518603096058,3.1568419076786185
2106,1.07423538710321,16.770381654163096,16.207523589902014,4.1850172075084995
2107,1.080251403102297,16.5704969153155,15.687376808223892,4.056296317907932
2108,1.079275352649104,18.427398595641225,15.56724290392166,7.787602736734374
2109,1.075921286408176,17.733526904848876,16.487688688211925,3.0405895718609
2110,1.073801550348716,15.408081435946244,16.87104047822137,3.6884788648326805
2111,1.080657335796593,16.928721329279536,16.263763781265055,4.384050673297694
2112,1.0792202065350534,17.475393084496744,14.862798827177611,4.2895080120347995
2113,1.0792458369698767,18.141382269627364,16.176162598173796,4.396358450538857
2114,1.0848232509740823,18.362011060316952,15.783281976120973,6.241111011032885
2115,1.0787624523503292,20.176510675779696,16.17953669994574,4.683845506850995
2116,1.0807624543553556,18.586679872257665,15.869421230686262,9.986316935968786
2117,1.0821909235559415,16.801943704553235,15.609142714885326,3.396549179112928
2118,1.0825205089251912,15.318609903554448,16.06567029715252,3.9987438892350684
2119,1.0804360347446573,17.72564677133549,16.289938581039866,3.406937502057446
2120,1.0800733737817778,16.15889302988954,16.083788867759754,4.259437987876412
2121,1.0848429322319475,17.899660508916448,15.428834850683,3.861307492641411
2122,1.0835498862064838,19.926878113688023,15.640289048781417,3.6837014208396366
2123,1.0818759001398315,16.133248528210164,15.288822080025682,4.059711983328567
2124,1.0825539092318455,14.439922496456346,16.35937218601263,3.181206609018717
2125,1.0821949418601071,15.622290536277733,16.843286348650288,3.4862138144491888
2126,1.0767165087752428,15.038872857202454,16.31326659443662,6.367119847348179
2127,1.0792600194146753,16.9845993746691,15.922979387954092,5.2632353603299675
2128,1.0792370437533385,14.292194360121288,16.427435872466987,3.779632201457312
2129,1.08309761832309,16.026370891898683,15.57979652210284,4.287375647530416
2130,1.0793482988048881,16.092040213097995,16.22975581373822,6.420882027933662
2131,1.0825075764491,15.266723323308142,16.61150981706503,4.681382641120863
2132,1.082793978189129,15.01920686772305,16.058358702295788,4.240603796001953
2133,1.0795028594925535,13.449979175529446,16.758801007673114,4.7203325462191
2134,1.083049677198039,11.997965126715583,16.67339460759291,4.026762017733847
2135,1.078735949551408,15.109099020649529,16.386922484114454,4.568970695419543
2136,1.0792748772759053,13.275931033517383,16.420767757569905,5.5739941523496075
2137,1.083581182665936,16.12938858405109,15.825943949222149,3.801476745428621
2138,1.0829994771585338,13.970323271052148,16.275191878888606,4.1678707277817475
2139,1.0865858372678199,16.82844040113137,15.159345057414946,3.82837786308697
2140,1.0825727655651043,14.719050458186349,15.784414419807586,4.380377732360205
2142,1.0840637344518929,13.514612389588175,16.065825623272833,4.358319119241027
2143,1.0842577322285387,18.320144789369802,15.82253247944908,8.35229573456056
2144,1.087294944865813,14.513600178548751,15.585528731225718,4.036951687288027
2145,1.0850786841811053,14.793999150913667,15.981762593172162,4.539711890677434
2146,1.0830934806493169,13.429662421988924,15.918678483836926,3.9093152788249093
2147,1.0863663277402933,15.510388653876793,16.036470701505145,4.154421002734851
2148,1.0832890735270495,15.119724392859496,15.807888049917823,9.373879308202172
2149,1.0882142635441767,12.809171462505455,15.913927458872106,4.190360570411758
2150,1.1058385889791473,13.635419688847369,8.041065204951547,32.095348479208724
2151,1.0848648769804279,11.427869135469399,16.7815229279283,3.7449100028552476
2152,1.0867925429447927,12.814460438998003,16.764158517968927,4.135408598998566
2153,1.0853505339720102,11.785610912756619,16.535561314811297,3.9118080906392403
2154,1.0892288603566036,16.143516959720824,15.644973414420447,6.040514939044195
2155,1.0892113117705247,13.045732763575508,15.921436879612992,4.188015123821143
2156,1.0846839927947247,12.412640665305803,16.580640631547265,3.4364687781387793
2157,1.0864087927823955,12.714648741354932,15.877927549989955,5.6683712552606424
2158,1.0928854666550658,10.306813181136205,15.982774218462584,3.9526174107192604
2159,1.088549764485339,11.449218598768857,16.114782604970767,3.5082957460938395
2160,1.0921536814847834,12.14978061056633,15.988367454535355,4.851499055226038
2161,1.0979310473934956,14.70197774139691,15.308803516032786,4.676741664101619
2162,1.0953268538537853,11.373181947409941,15.43783065416049,3.5684138613280347
2163,1.1048920685410084,16.840465233856353,15.477239993988542,5.75821739312705
2200,1.114769654409719,15.055667830842632,13.963584683552584,1.3476880578254116
2201,1.093454637145211,17.253152235649566,14.053059701803118,4.228312868961953
2202,1.0881685222273614,19.584381505859675,13.823535897331157,8.482059271263212
2203,1.0827451010036244,13.985177887216361,15.229091547550995,3.5465089700044143
2204,1.0784747988492513,16.412500205803426,15.222103277600874,7.680943631099501
2205,1.077824686875241,17.225454083139585,14.931837041945577,2.824317049314599
2206,1.0804349872228052,17.48101837946064,14.72008504999108,3.392215203238173
2207,1.0839939698007668,17.73900618447697,14.508772917735131,3.768702972106263
2208,1.0823631802599742,19.300618315887167,14.127362206187419,9.836286451031217
2209,1.0808886734799192,18.558370027921388,14.770092983443389,2.8548560127345395
2210,1.0777392419902205,16.506291355741403,15.659512229750247,4.27416513343125
2211,1.0815785676417968,18.165074265437934,14.56582573758346,2.978996456278886
2212,1.0832907197335544,18.23871250395129,13.665955507099524,4.1298462892634245
2213,1.0815440842015709,18.80099459804038,14.209779492312382,3.144025176586076
2214,1.088046641207996,19.16680085200651,14.012912927753591,5.892386824753106
2215,1.0827176672856706,20.940596351740975,14.872796564755019,4.703749176185745
2216,1.0844858312618402,19.99153760485979,13.984672639691558,12.330147344061325
2217,1.085594173319714,17.661019416438393,13.874823743778467,3.274744820612722
2218,1.0853396250671208,16.238000763197494,14.777188844739252,3.2881702059599944
2219,1.0847750122743856,18.43596173973819,14.465637954844308,3.5477480475043786
2220,1.0823247139827443,17.501101884742564,14.621475081132015,3.599592016802365
2221,1.0877420879144317,19.076975249191563,14.370931919452481,3.941619606419736
2222,1.087770230794859,20.838749552077044,14.62402950402341,4.071562031558563
2223,1.0860286051598107,16.77460561112377,14.180092916754433,3.669640940478746
2224,1.0862243307108,15.443189658750603,15.730457626859556,3.4845126477691246
2225,1.0844724500923877,16.938788261333624,15.115636940740506,3.695472373127172
2226,1.0829117836540818,15.716287093234474,15.215774240788917,8.108545171038644
2227,1.082872386843061,18.11289694407105,14.821476817313316,5.394381224638421
2228,1.0839288149008601,15.035635987327446,15.423283562421267,3.22420036150174
2229,1.08805199368768,16.74118886697507,14.168625890933201,4.401319560647428
2230,1.082491743210942,17.411981052452273,15.271137241724075,8.010569332221598
2231,1.0862329421435768,16.34634565733214,14.529693335803023,3.6459665869058613
2232,1.0900814349612702,15.632580492461194,14.60542109296649,2.8840035207966626
2233,1.084490554414855,14.5032019898951,15.155099662303153,3.037755723564098
2234,1.0872376090737972,13.149465464276568,15.473578006078714,4.1322141272313155
2235,1.0836692177459708,16.20005379362998,15.06901504630076,5.510704164861354
2236,1.0842545101594323,14.277372663205753,15.140466200606065,6.679960702953184
2237,1.088390514086576,17.142737402098007,14.675211356927909,4.009459945122491
2238,1.08784246662385,14.922655642892114,14.815964872615805,4.144946023984269
2239,1.092931537876104,17.4698815401094,14.121954653334196,4.763087116221588
2240,1.0887194913516887,15.46221672375142,14.559173284458826,3.7532412549825347
2242,1.0876490175783664,14.67929265151851,14.516412191827799,3.6152647465410377
2243,1.0875577265967014,19.51789542833973,14.179060310365063,7.66156211889063
2244,1.0927151383359843,15.326928410063289,14.429689319428876,3.886391868013255
2245,1.0885772058059102,15.739009701249946,14.418195352964904,4.971827290670558
2246,1.0892144850208965,14.517488669789014,14.41406092266904,3.906716097797284
2247,1.0905246490374056,16.36114539204775,14.88907185473082,4.216761965655055
2248,1.0874686127078508,16.414196141525927,14.726234892965923,8.943831928444538
2249,1.0915410627648017,14.052507770876911,15.059694760063003,3.877100256850779
2250,1.0913441692154426,13.508849970162828,14.263177907005007,3.5943084773791676
2251,1.0886614338512264,12.235221654945118,14.829295839146175,3.5447649699861774
2252,1.0919300954994262,14.185244393547032,14.670839578009735,4.419280984423663
2253,1.090623022497156,12.340025216394768,15.613976867737609,4.293438512253528
2254,1.0937108603381807,17.278803739105523,13.723519609666473,6.689500845809948
2255,1.094451512213775,14.091214987721655,14.868614987698988,4.1904969202862015
2256,1.0907423675850636,13.210968723845397,15.553880896170307,3.256015577484927
2257,1.092247469587669,13.669941318201852,14.812854768473617,8.310632731237533
2258,1.0959399901256583,11.655554321065736,14.928434225574517,4.136719657072963
2259,1.0944517407041399,12.332528197942917,14.871577281183528,3.273530309041222
2260,1.099458125853914,12.998556907968103,14.025213455539443,4.397980303952686
2261,1.099316516849204,15.729828429717612,14.62584015392014,4.225782499388365
2262,1.101285243383717,12.339854385090883,14.577115070349807,4.45653331156628
2263,1.1084455858806448,17.280020984033367,13.95233663342458,5.582498260753316
2300,1.1105840931438071,18.78225886447822,15.812904817004187,1.645347410871673
2301,1.092970669988351,19.216538911044893,15.463831950964755,5.01470833896286
2302,1.0859895919963807,22.078613581796564,15.010882387652327,7.2328011469020215
2303,1.0796138877256036,16.00721318929245,16.590633711395988,2.294364491034718
2304,1.0734406202893716,18.15750120977434,16.632872566241662,7.629881902648724
2305,1.0742908751919853,19.21891843249512,16.958608457606818,2.58318357080918
2306,1.076088330279807,19.548919050845775,15.970817266646879,3.6220239718561538
2307,1.081639959687222,19.696039411903424,15.123146098872967,3.377775405709303
2308,1.0780593793432192,21.29472233881679,15.612280246666774,8.095273057334506
2309,1.0761272387660654,20.270817449189956,16.63500544872034,3.46698277058295
2310,1.0740575475275411,18.362194912943604,17.02422053393804,3.7460416303168063
2311,1.0795608390729396,20.273452295316982,16.318942782299583,3.5364195679683066
2312,1.0800134168289706,20.63291479389548,15.869645328915059,4.380805504013775
2313,1.0775857151764225,20.741487006328317,15.732167880512048,3.4387447089382728
2314,1.084192589405382,21.32937036109876,15.38226404448208,5.262761382839043
2315,1.082075010123042,23.134206259191643,16.02414911115488,4.716365096663208
2316,1.08022552681564,21.98500889961538,15.38655867886979,11.080121819045496
2317,1.0815235850483087,20.08852548614072,15.393315071872665,3.187578956238977
2318,1.0796715087974778,18.253968392185016,15.811531287343461,2.6019116088252
2319,1.077933405476823,20.491552932178614,16.579843575059588,2.771415339634236
2320,1.0813474861114476,19.565031629160615,16.31361013240282,4.048122511564714
2321,1.0853037805459247,21.03272416233727,15.528171964269777,3.698523020802311
2322,1.084806739615934,22.82441110610185,16.133430748634826,3.5800096459194823
2323,1.0812164952500891,19.335949347781415,15.564672503276192,3.7761309190435433
2324,1.0827746899392463,17.68963017828138,16.587152441599045,3.3177721438721255
2325,1.0811755236760943,18.91107022692567,16.768108338927213,2.7894329810736225
2326,1.0774177587502152,17.58917776129244,17.034173739973465,7.662784823159353
2327,1.079145983912064,19.916644461806744,16.073939659841592,4.783231782142793
2328,1.080452242563519,17.249991743350176,16.707310243211346,3.092922888299732
2329,1.0859594639101207,19.012263761294783,15.124344418359048,3.6911326767445742
2330,1.0809179297869749,19.39595742724498,16.7596631525094,5.953476450855187
2331,1.082480048276061,18.49023195743495,16.170040819035375,3.7579833148061805
2332,1.0868335574193166,18.003860040964636,16.62886546601092,3.335467126546093
2333,1.0818022491236416,16.459779468668774,16.53842745090098,3.0756636556871726
2334,1.0845778617133808,15.137210027517845,16.614596558700406,3.4686388975739466
2335,1.08058907229196,18.14652263402178,16.20973613442568,3.988791468121553
2336,1.0808168914527454,16.50817666198177,16.436402182087857,5.658099716395281
2337,1.0866305014693614,18.880891395065674,16.073665028547314,3.878119998343811
2338,1.0830858825893956,16.957087834420967,16.384087117787153,3.868644078390712
2339,1.0873122368187509,19.92912176969824,15.68481132279331,4.470314563898645
2340,1.083576213929105,17.707449459984822,16.332032402655628,3.2309026441304196
2342,1.0858864287555494,16.716817723641956,16.590302441124155,3.558578743096816
2343,1.0840310116282739,21.33023272308524,15.726620992790577,7.781062480341301
2344,1.085942203321571,17.607294265435833,16.028370763319938,4.312194453300426
2345,1.0850077120586097,17.621191114628836,15.866641772093057,4.3667255623566925
2346,1.085744409735282,16.349822243569513,15.97861039599422,3.587183281718233
2347,1.086653603566411,18.781455175271685,15.776510289037073,3.255381291389692
2348,1.0830557159571403,18.290385444617982,15.47927633604405,8.015125653624448
2349,1.0875217211969606,15.989809123840896,16.91393167718871,3.5787189986740433
2350,1.0898606902845926,15.288502973940908,15.684574816837538,4.411902987671956
2351,1.0847550366688667,14.2888417352775,16.32202357799992,3.192880144561649
2352,1.0881216512235374,15.877979282548775,16.23938637593046,4.270207988811777
2353,1.086036659150901,14.64295392808109,16.933773355844924,3.889893270374924
2354,1.0898756321170913,19.451590635804152,15.467535476710532,5.443056745884874
2355,1.089682298466326,16.08551573378252,15.861493253362937,3.763039476557966
2356,1.0869387052285593,15.096280016876552,16.661235875311185,3.3209003926790697
2357,1.0897327468731801,15.54328133322254,15.933532657861297,6.106312164192722
2358,1.0937671908065405,13.221427692941873,16.018645614878043,3.8996088702881258
2359,1.088969064788579,14.292231562779868,16.312049496482295,3.059807747121466
2360,1.0974620432803495,14.88585708345148,15.875485646755266,4.257374764609434
2361,1.0943736767853,18.052745147307363,15.73506284441688,4.601513426319247
2362,1.0954555890320565,14.874055295712589,15.974367358568184,3.8646130008480846
2363,1.1032609521455259,20.110957351934257,15.165983450280281,5.411527342228404
2400,1.1085697950677906,19.28162331457486,12.774836634227105,1.596544548830118
2401,1.0907572462356998,20.31378188257151,14.775491602554412,3.429087285090653
2402,1.0836332354435427,22.382946830367178,14.282951119600787,5.963102974112921
2403,1.0791433724738448,16.709877060982585,15.987418861877527,2.6459037995704247
2404,1.0725462654223579,18.844431652876427,15.306597286954283,4.811893737482694
2405,1.0718942643199865,19.72458958509898,15.877912066027012,2.4364270399136716
2406,1.0736663520705694,20.406916984745415,15.183854327214325,2.7114148489768293
2407,1.0795906224123972,20.190166145210345,14.539224159906064,2.9702493975415702
2408,1.0774979878412219,21.807176430519956,14.676078983651028,6.561203376838704
2409,1.0753084028708335,20.995035015434723,15.256481106575015,2.7348699553157068
2410,1.0727014523298521,18.913211491111184,16.10980225087,3.3150547287017513
2411,1.07564972100825,20.886219129842225,15.157554884345469,3.1283650984801104
2412,1.0785853458220287,20.76747033883964,14.030477373041121,3.1336765947316665
2413,1.0759025733528471,21.073289070092038,14.515393204353524,2.4668469397732795
2414,1.0820535579618873,21.783015020429527,14.528602488621493,4.08842354861589
2415,1.0783069854557907,23.38381579833635,14.86659925448743,3.6180719265686654
2416,1.0782969392381292,22.39564543012616,14.673205014913645,7.65520405168918
2417,1.0786641815319167,20.37083285069257,14.536159416661269,2.9501264375425786
2418,1.0785273130378152,18.56681278281875,14.866106499133917,2.654874714199735
2419,1.0773669132959416,20.800313294206703,15.061800498961302,2.5780181572354315
2420,1.079001582070701,19.50541620439785,14.811980222971489,2.48884525954111
2421,1.0834168216072888,21.356970478704483,14.536963203010052,3.150014863207983
2422,1.0823740144736735,23.220506282406248,14.934123949084736,2.5356110283397006
2423,1.0796773893018783,19.452774220412007,14.44377470003507,2.066491999519595
2424,1.0809603969608939,17.727012937162094,15.88421508737993,3.008849874836974
2425,1.078719245162023,18.89207471239971,15.571479081056072,2.6089190596259684
2426,1.0763499015651814,18.456582493103593,15.489668288762255,6.762247906498325
2427,1.0787558906399821,20.263324391217825,14.745412139881186,4.746043969938291
2428,1.0787569952789986,18.135015140612147,15.510486937760938,2.406250171280532
2429,1.082633628021906,19.078199652223635,14.442576314938675,2.95470727969212
2430,1.0780312700725379,19.76012736369846,15.722828900960032,5.233041730144195
2431,1.0814707881971635,18.59639250461587,15.114577804136255,3.0792993517625167
2432,1.0844774335189795,18.24853983506302,15.636243738177617,2.867908225528301
2433,1.0803741956765796,16.763306868431748,15.93201740500634,3.139751194150645
2434,1.0830453411464487,15.620887267968746,14.858813600405272,2.341342082892386
2435,1.0785286812993837,18.617276722689308,15.628424827343196,3.482525513557362
2436,1.0784097721931643,16.96571506999494,15.521526870597338,5.191631639366913
2437,1.0841677905717169,19.202844783305405,14.725944835688846,3.165074348912069
2438,1.083117610202908,17.353998926964106,14.881104585124572,3.661294283274007
2439,1.0867295340001633,20.273578201391587,14.423064052901706,2.980844153045175
2440,1.082651549446335,18.246293673783224,15.572694454813261,2.865918635005417
2442,1.0841364383079617,17.17981917133647,15.131913254203463,3.5481628332423036
2443,1.0841866812456624,21.801537825370897,14.624654759852172,7.0358721734690555
2444,1.0874135160983445,17.888004925863726,14.67793697642502,2.8388993584775006
2445,1.0833205236502443,18.267207361814947,14.627478017184496,3.081440532008936
2446,1.0845548965222191,16.277266123273847,15.013398893733324,3.843282144572257
2447,1.084228656852292,18.723453755264558,15.025420414814116,2.861426255193707
2448,1.0832586984970827,18.88969719998902,14.813355150265693,6.989061276561387
2449,1.0859076314509344,16.067735487101825,15.373274210581902,3.033785902617249
2450,1.0871914162025575,15.851765100614916,15.05990976799693,3.208692342886833
2451,1.0823436866223453,14.764172600529898,15.165562559742641,2.5078468617065455
2452,1.087575197272936,16.23038745052903,15.232639780712418,3.3097743263021195
2453,1.0846874404620874,14.985732706227198,15.779259457171953,2.9653446132732753
2454,1.0877481515842022,19.650972198250805,14.306147809397011,4.672251970849345
2455,1.0885146091796623,16.221116222242536,15.377786323346461,4.040956928907241
2456,1.0840618715002726,15.401745804326147,15.737492567800745,2.5326581396809815
2457,1.088158346794987,16.082771759704965,15.225403052776901,5.40113828106995
2458,1.0907475999545955,13.850028743710082,14.832676706287646,2.8024484736760185
2459,1.086513208588228,14.958602414339026,15.429648915609407,2.353789242655524
2460,1.0950902546522783,15.420782858977999,14.930219021415871,3.491558588958683
2461,1.0936173694633002,18.298009999897168,14.966341704314171,3.247736055260286
2462,1.0938438240380262,14.994349957023953,14.918059617673885,2.9240086667792218
2463,1.1008834209922338,20.417294753051245,13.858461701515797,3.47652303030959
2500,1.115829329951871,15.32333303361195,13.759821818241045,1.0650684887344586
2501,1.0961482983687476,16.927927213300382,14.591246327247395,4.947717244458323
2502,1.090000526844786,19.48611908086744,13.657983808170043,9.280401432351045
2503,1.0836890287155436,13.753431576165962,15.840813566222844,2.946277424581049
2504,1.079050083679254,15.976903570978516,15.372200069565986,7.621798234030174
2505,1.0784972359941754,16.739165338754525,15.816889616197958,3.419610262819039
2506,1.0808951372545437,17.36603248009147,14.682718382025156,3.7404270845119494
2507,1.0859502273942896,17.448627208416585,14.618756723973549,4.0149341734132955
2508,1.0831457656672985,18.90040754855018,14.425586565713603,9.71730991608067
2509,1.0797481932113069,18.423057453112055,15.67943426993579,3.8759836566823216
2510,1.0778113093923667,16.13050433061728,15.521913637134583,3.5394935780945413
2511,1.0830127805508154,18.21673046269879,15.422985620652037,4.792290490233787
2512,1.0823888208180208,18.3851199638683,14.152677391591144,3.6471350237459856
2513,1.0819292727381165,18.87238192204191,14.778971066357633,3.7912337659109663
2514,1.0870015028532063,19.04834660476694,14.435915389953186,7.238137306162266
2515,1.0839124857534503,20.62997732260238,14.612099217547847,4.594744398842526
2516,1.0824694418787804,19.695095334118758,14.21170989081703,10.382227430942685
2517,1.0843736665413888,17.383393465496486,14.413523843757051,3.7813884162009694
2518,1.0877702514021064,15.63625544444052,15.367035336094556,3.0794661623296866
2519,1.0835150289999311,18.51299165560535,14.641530560766224,3.2303725377013808
2520,1.0832048909843892,17.018288736672044,15.159844479390035,3.9129024436270754
2521,1.087799015637565,18.478577992087292,15.063404084981626,4.051110614489213
2522,1.0888009151651012,20.411627960601372,15.127269242486642,3.8100489977095524
2523,1.0849210696089138,16.854823921421108,14.428816807381862,3.3469879100635076
2524,1.0858844833711137,15.31882502997623,15.51562896617321,2.9369927225646286
2525,1.0853663834575604,16.439828888509904,15.46717057995768,3.267920314741293
2526,1.0819500419780332,15.392291581721281,15.286192752247556,8.149462235176232
2527,1.083001449808155,17.665207675051946,14.819960791298085,6.335991423438831
2528,1.0827513414530099,15.059667966282852,15.410892726771472,3.343990980995417
2529,1.0896660780959797,16.673463220050078,14.61628969357649,4.221373520315966
2530,1.0849595759539252,17.047515905910256,15.522645150740782,6.890551810798082
2531,1.0866996335941677,15.938370250516092,14.927448638333011,3.2959034087317174
2532,1.0901792928721268,15.257336667130634,15.527330463401421,4.684986512818565
2533,1.0842310805822983,14.551340347691314,15.265040028542899,3.6104749984671636
2534,1.0881603482098274,12.979260063159941,15.237470502417866,3.0039867887327008
2535,1.08473676098832,15.693450338452388,15.023085595595928,4.451587883460037
2536,1.0856049366580125,14.138439334456931,15.616986292170994,6.707574383250935
2537,1.089454277585662,16.85923950018532,14.383808001855135,4.611680348066649
2538,1.0894597381852313,14.617595464290032,14.862671058294818,4.988808905731962
2539,1.0938315806749694,17.577016816518025,14.572761670400148,3.9852235620612673
2540,1.0882117239433344,15.477931873531016,15.437177513895447,3.9382989025438486
2542,1.091020237312788,14.408102523690538,15.32715419904588,4.410894836110471
2543,1.0896288513313428,18.849398312109763,14.873722449050648,10.175026616515238
2544,1.0910465899149235,15.239411378246142,14.679631068218384,4.292481799494871
2545,1.0889842326766785,15.617003107498634,14.711171613076008,4.853590385134017
2546,1.0898309346175532,14.0839349939821,15.37387398348531,4.691386895798175
2547,1.0926210650833097,15.916186234526004,14.682384570045086,4.674506062578628
2548,1.087972470669861,16.294097381451483,14.532292069959173,9.671997633309958
2549,1.091857338791011,13.56828316730381,15.169578797322355,3.96002973491475
2550,1.0945987678835833,13.083235949181175,14.677410038451496,4.66505287724281
2551,1.0889878031466824,12.051738871869384,15.277716803629184,3.68694733183113
2552,1.09165678793087,13.489012055039913,15.264440553273673,4.230544479816783
2553,1.089969906177048,12.472234898732278,15.368419634220523,3.9209809419731863
2554,1.0936153167659146,16.689410332836932,14.426294417133171,6.507483877937683
2555,1.0943855021442677,13.623407197446408,14.832715767579748,3.9798377186753617
2556,1.0897397692635773,12.869341445765349,15.71429935405935,3.518125307298666
2557,1.0929100434398007,13.264893539751958,15.238762207289913,6.561068104460521
2558,1.0973354725893407,11.168983244865107,15.116931900829927,4.230534637993393
2559,1.0937130090296165,11.79095610346576,15.360824052536426,3.4884620807736675
2560,1.0984580528720878,12.515683389680774,14.68840254453328,4.254120972883016
2561,1.1011902554152362,15.730012326573414,14.029018554540404,4.163718011318313
2562,1.0981560862092516,12.193182012612311,14.725259859898067,3.684170422340763
2563,1.1059641258738355,17.254890492456195,14.630294710103792,5.383150436362823
2600,1.123328494217666,14.72639394807123,17.027577245386848,2.6965125559374794
2601,1.0972085850256676,16.996637238880595,15.930250671438195,6.206455964601428
2602,1.0884552517656807,19.295292177430895,15.22237187581264,9.678663894668468
2603,1.085131380616838,13.60267501451657,16.57144231019163,4.219422323090234
2604,1.0770967086938024,16.211471766984427,17.26968410285952,8.201727103206068
2605,1.0782979247621887,16.975928806171876,16.91549960548111,4.680884826332347
2606,1.079928210739082,17.37619013239374,16.016974938305353,5.214339847718405
2607,1.084769715896001,17.18294225534582,15.727880505887736,5.870090593099512
2608,1.0815323349866914,18.846599602211658,15.472188608105228,8.655022264788423
2609,1.080585161018203,18.213395592464085,16.96419991299703,5.365487347403033
2610,1.0772198659741994,16.193327944553662,17.034052453182387,4.569745307161362
2611,1.0817568948059164,17.838069638877744,16.32024994092768,5.643206791859116
2612,1.0810538289511027,17.740296569546647,15.382827086737185,5.789280906182539
2613,1.08303365548144,17.98419239107556,15.922969802928396,6.011983155188977
2614,1.0872016743348754,18.929819301173115,15.530982477843276,8.441657769527826
2615,1.0815824496955262,20.651055831948845,15.433578449197263,6.637908274825322
2616,1.0821623487842675,19.071449226640972,15.686293641838883,12.802708828911006
2617,1.0811650167149975,17.506188178652756,15.630875979461676,5.5863343544590816
2618,1.084606415260216,15.838521415825651,16.259002433257553,5.112252637484313
2619,1.0807122214790796,18.063222367583645,16.328519743413946,4.6435816605211455
2620,1.0811377767804784,16.903105389289042,16.44351666860718,5.873340233782434
2621,1.0863269622474951,18.54565412157293,15.577049693452878,5.334872114472006
2622,1.088207893536025,20.24277351859089,15.96572774464223,5.286373533738499
2623,1.0862399420532483,16.570792891833612,16.02615572531267,5.437950842422081
2624,1.0866285224997427,14.622799286605805,16.336797852397314,4.284340620901162
2625,1.0837360241047467,16.170757124609526,16.376104774157554,4.2769455535928085
2626,1.0811354226522958,15.605790121573005,16.77671828206709,9.319508782664391
2627,1.0827202711275519,17.762408991757724,16.26824326740632,6.9750522116883715
2628,1.083146803411792,15.122493073820982,15.866695969963745,3.9444437182265006
2629,1.0878197155913878,16.429251485366756,15.62410142611196,6.467898547667576
2630,1.084107652729943,17.06713446949949,16.735121744539086,7.441818103331005
2631,1.08652667896227,15.889851067380032,16.164473079890183,5.622428613824597
2632,1.0890303721365517,15.560496849114163,16.777778347737904,5.781320639650267
2633,1.0872101094326787,14.202794195921022,16.39512030309695,5.579597040632377
2634,1.0897969434043544,12.686157314892164,16.50460558866643,4.608095532710826
2635,1.0854414745837768,15.82160086098027,15.86058887886186,5.714208333723645
2636,1.083508281064035,14.397497813218896,16.341243878946532,8.161456409095322
2637,1.0877059513327518,16.580697562582156,15.384158079565756,6.769355192213597
2638,1.0883722858204812,14.627143163539131,16.563913758826626,7.10533583807619
2639,1.0919682779830884,17.588830280001126,16.118518767752068,6.023271867401891
2640,1.0904606034613273,15.018626245185256,16.48393119937007,6.077337834203744
2642,1.089919734439321,14.03782817801021,16.242634424698256,6.25098384091229
2643,1.087177802785142,19.22105947242974,16.08234363662096,10.53876374365206
2644,1.0904163033261725,15.606765767014464,16.065154292531904,6.80806302069364
2645,1.0900753131288157,15.328512832563941,16.1100437677988,5.777263323031095
2646,1.0897548993870623,14.007736871383496,16.305743052402942,6.751720196090655
2647,1.0919212936415101,16.146471352484735,16.183750558379465,6.305035717319136
2648,1.0884308260698567,15.804325344602534,16.37036815426079,12.313920302410642
2649,1.0897578593500952,13.478779665642056,16.63886001995875,5.369339251910046
2650,1.1085388712090007,14.209288237342436,8.588659938130142,34.2737846676985
2651,1.087637810666122,11.892946925684093,16.874308831461082,5.285787018188712
2652,1.09186121646015,13.46800115286845,16.81876437635113,5.708071938661731
2653,1.090053035463331,12.264039449642892,16.832329631148703,5.788531182966665
2654,1.0931689350203422,16.82225980440007,15.042239945087289,7.527116713196436
2655,1.092553940967078,13.456682165936993,15.936910641353913,5.60575827762526
2656,1.0894623964987833,12.759506108083318,16.676911313027805,5.529342798625632
2657,1.091350947542324,13.47806431910853,16.530137849987636,8.62581778606894
2658,1.09670000012287,11.252198813194582,16.042792484801506,5.280540875954171
2659,1.0920479063664261,11.82833704261921,16.116941431100713,4.918963647550614
2660,1.0968767738254963,12.546200974258564,16.264367776520974,6.424434174830265
2661,1.0991733364073182,15.581305376194821,15.976579585563702,6.700264165125469
2662,1.0994159737620226,12.41848425771578,15.773331285787119,5.614593652650231
2663,1.1058599563778344,17.379187416106816,15.732673725568958,7.857871476157207
2700,1.121408310693477,14.836614322377644,14.604812079497014,1.2331094847881114
2701,1.0972071344867995,17.117787349043073,14.775193093421704,5.059101163720472
2702,1.0892135150966498,19.37252642041811,15.125638118756262,7.261900797964181
2703,1.084348205171146,13.549113809084293,16.175524979723946,2.677753480969587
2704,1.0762281335526995,15.976146379748004,16.31707115242265,6.210677412769424
2705,1.0752749143478724,16.738680125140586,16.39238760957049,3.788890373490066
2706,1.0774290335885701,17.01838924822666,15.74320419244561,3.213222116648271
2707,1.0823168364958609,17.086600143356026,15.827286165534096,5.224852544677016
2708,1.0778811306465965,18.71463574014599,15.119704049867627,8.151902122581532
2709,1.078742426319694,17.963330126689996,16.667106181508878,3.2068300577322453
2710,1.075863327680256,16.074333899713967,16.481914839607775,3.554520806226575
2711,1.080965781726477,17.616635314537312,15.51311184059445,3.6419789076593023
2712,1.081118322384775,17.884083281822317,14.916666487867221,4.7364905581932115
2713,1.0790824635396234,18.531057746496845,15.489279964637348,3.545115826722928
2714,1.0841323895315564,19.004523066229932,15.384819196307166,5.092470975247537
2715,1.0824301115502346,20.568040574005618,15.520705528836194,5.066283725423171
2716,1.0797285673734998,19.445411242443782,15.935081639174822,10.281311322709525
2717,1.0815615357220114,17.485366574366434,15.734289689930785,3.9045614731493288
2718,1.0836675646749894,15.600566458078303,16.126369917297982,3.163408360647535
2719,1.0805670554187823,17.94332653642713,16.486975502407635,3.766512999339991
2720,1.0808898171314005,16.97050603770919,15.687306883436698,4.111761765412393
2721,1.0859670062289817,18.744573893726013,15.272141782793193,4.770737268659235
2722,1.0854409716841915,20.441115512308034,15.7600105072128,3.85322975944473
2723,1.0818978220830906,16.60677135982275,15.52341549801198,3.594761344048429
2724,1.0845115089315713,14.919864634399207,16.404762572390926,3.2838759932126087
2725,1.0829065838441714,16.124969214795957,16.360969478461563,3.868403006142972
2726,1.0807628442351078,15.479876821774408,16.172767401280925,8.046697619705242
2727,1.0801636967223105,17.33153649885017,15.876065186053516,6.171859815137185
2728,1.0811994117099155,15.232457163574924,16.16164083471903,3.0359611854072814
2729,1.0887337634549934,16.12254693713921,15.415657555704682,4.99618991226264
2730,1.0848714556341346,16.99142032773873,16.574218243350376,7.129349921577979
2731,1.0834752473462432,15.857334699875475,15.728933774415472,3.594728548514937
2732,1.0878102914253054,15.681717916969383,16.1676323235653,3.9638055393860427
2733,1.0847091321385365,14.40230318805714,16.031796567432682,3.870627409957294
2734,1.0905913063182127,12.685547355057745,16.027282883105443,3.69659151286202
2735,1.0836511889968294,15.47799922287566,16.038993061124724,3.97634040508379
2736,1.0848685842838572,14.226203518373948,16.319499506705355,6.707162565873321
2737,1.087777810631396,16.425341281092617,15.959279878113692,4.430286930104262
2738,1.088898079054739,14.851844557993454,15.575908759034498,4.166086366358158
2739,1.0929525026952671,17.48803337092377,15.568213946396503,5.073312113056308
2740,1.08826848945246,15.077630406006541,15.785691517273365,4.10790534820228
2742,1.0877399734506323,14.355321608444655,16.136522180987516,3.8640864984800594
2743,1.088300892542204,19.272741550761683,15.980128730248085,10.224436725036869
2744,1.0891324047898805,15.440799615731182,15.561279457375658,4.187970942399873
2745,1.0892198089360932,15.6309430612201,15.584345388636358,4.103221122869733
2746,1.0886000708913397,13.958587153471417,15.77058919779364,4.643034832129705
2747,1.0891727426932414,16.21750779529931,15.862879759564215,4.185030318182036
2748,1.087090194717056,15.730744795076161,15.783328821053901,9.306060270145293
2749,1.0915804060813978,13.665579266893365,15.717075493757582,3.9195264501715363
2750,1.0912978649947647,13.030567274720612,15.823424040813254,4.224391692118125
2751,1.0850431242392922,12.081055838451627,16.467179569853574,3.276075977222063
2752,1.0909987774523062,13.402940514422234,16.213281903897215,3.8487520705849056
2753,1.0858167695853156,12.277280210324044,16.733642415220313,4.236418788581586
2754,1.0932939083390747,16.59116827526446,15.516915842074104,6.0844938079375055
2755,1.0926236493245989,13.399667149378972,15.657013880700589,4.15456415707187
2756,1.0895883068765733,12.421914235754068,16.91904237130174,3.741388778700865
2757,1.0902149829453958,13.249939013817174,16.57917573846223,6.163467006789551
2758,1.095857834074356,11.240946138285167,15.719067917343322,3.916938067722621
2759,1.091502502684901,12.077822757252683,16.757478992775113,3.821957522041199
2760,1.0984484709479203,12.53097145619185,15.771160400103508,4.483587859226292
2761,1.0971388825311468,15.257651458639234,15.7294084466165,5.096490362785172
2762,1.0961547748251443,12.255130685138855,15.773368226936473,3.792602644774867
2763,1.1051427692277827,17.20287559741869,15.176225225374912,5.237577398984402
2800,1.0986398244181768,17.64304826539128,15.813212640515651,1.289882796505622
2801,1.0955347602288894,17.3595775336117,14.987368617675285,4.1111877979437725
2802,1.088825668171595,19.0453824845987,14.924215684068647,6.211541100600211
2803,1.0852497187141685,13.584282975261173,16.421422717840482,2.6209661384774767
2804,1.079425699077145,15.82595239719299,16.508656209450415,6.3084616724242535
2805,1.0785793888843012,16.43458697791754,16.479090355187434,2.2297990519366637
2806,1.0789376390093404,17.07754748480584,16.285437594279095,3.3319449087161135
2807,1.083478308838493,16.977413479676596,15.710339216619966,2.9504550779135528
2808,1.0830508750534937,18.506785439546004,15.376828161073016,4.7378336226629125
2809,1.0798891608776533,17.42700053077105,16.857286359888832,2.502893842624876
2810,1.0782719285594933,15.719982597773056,16.729812631857186,3.447989565918145
2811,1.080709114818441,17.736727470082577,16.039234328956752,3.3553430483196616
2812,1.0822814601006272,17.540088758146094,15.279493150760043,3.3807352985645296
2813,1.0803158056431053,17.91554878043027,16.07118339454622,3.206408078539771
2814,1.085975495027609,18.683178336907766,15.513606815594777,4.335776538547282
2815,1.0816641967467289,20.273977364141118,15.982397805289654,4.131667594271159
2816,1.0818042668218315,18.903293425091608,15.976514961346373,10.298014770278575
2817,1.0828512550905223,17.13958220185456,15.59024193098467,3.067374902333091
2818,1.081861329373535,15.436077783846528,16.480438968164005,3.1128766321846912
2819,1.0807202205532154,17.660881995178357,16.546858584980676,2.7835273528237847
2820,1.0814939346360357,16.176224447811304,16.659634117129247,3.2455569713453687
2821,1.0862932296486478,18.282108216772283,15.817934292048418,3.682044851452155
2822,1.0867597740986399,20.05753566381292,16.15310514572466,2.735919109195598
2823,1.082804664126754,16.42857673110709,15.46499743003193,3.452388889220014
2824,1.0844590843470416,14.96291018811637,16.090452279669268,1.956320716322918
2825,1.0822692283520725,15.779931552324229,17.15994820984574,2.707419071222454
2826,1.08041220752294,15.180108385490666,16.632023815301572,6.7642876515663355
2827,1.0829728921086759,16.99160400091272,15.83072479477088,4.612057608655052
2828,1.0837568905353852,14.71563386284972,16.07379060697732,2.8224257689752204
2829,1.0889654069082138,15.959636555574226,15.837097669103724,3.2567870904140115
2830,1.0840125255686097,16.540168820270043,16.582662780894093,4.943470332161002
2831,1.0875415986033008,15.576708280939863,15.739795954820137,2.3171976236460528
2832,1.0872095757148763,14.920063360532428,16.265005845706078,2.9345805704061387
2833,1.0846515238561962,14.182726940573055,16.52870922271246,3.379538756241975
2834,1.0898790152848086,12.524953228072292,16.373314733412066,2.965307739411445
2835,1.083911165838492,15.576743927921836,16.66304892802365,3.7862046163273098
2836,1.0849696471180321,13.717241611954174,16.686271548727333,5.486352249775897
2837,1.0895786800820633,16.219106684455873,15.816907705224498,3.871896397423326
2838,1.0868424515945272,14.4527545707607,15.869434801002074,3.5001398002360458
2839,1.0914890896814133,17.120380140580828,15.472344207508772,3.07552331824986
2840,1.088879573240479,14.774670786569924,16.21436822756917,3.724438360249551
2842,1.0889748700539055,13.806974134357091,16.455931776725087,2.9150682740576004
2843,1.0887847184968167,18.52437281810224,15.679222485299304,7.32501712987249
2844,1.091014477445684,14.820070004486242,15.92989745568997,3.800413967849928
2845,1.0892723002126006,14.728732004829489,15.970158981685493,3.570155134636226
2846,1.0898857863709706,13.37654809691963,15.91355292619484,3.8356578193607858
2847,1.088552890890678,15.73747603053416,15.963294712504382,2.6548102119047488
2848,1.0878028679391996,15.420622391990552,16.035309169622867,8.79930539231185
2849,1.0909835817778781,13.31838362718761,16.154383437960238,3.229559936930224
2850,1.0908202539772955,12.803729160458277,16.087809865360335,3.85491035631572
2851,1.088829445553818,11.19036289051427,16.304357563673726,2.8023173783037296
2852,1.0899058461882398,13.199746672465587,16.06747924254588,2.8419321997131455
2853,1.0883322073402653,11.654060980891606,17.209501657623335,4.321170528284161
2854,1.0884229035801845,16.466883103024287,15.969118146895006,5.200016226448449
2855,1.0925782326799707,13.206866815112162,16.179355999576185,2.9939736654927454
2856,1.0878397911028412,12.328990711579962,16.72591643513257,2.592458622541622
2857,1.089683482730919,12.607958484364284,15.782244382370768,5.507249474936282
2858,1.0940236502328637,11.075637909812794,16.157071333094603,3.269842098403344
2859,1.0903587599566757,11.71961079118619,16.3771700048587,2.6400923995682337
2860,1.0965485463792224,12.344931800775749,15.892929533694085,3.209028233880109
2861,1.095883097821875,15.511563487737314,15.873567040397763,4.413281008168715
2862,1.0971588678266893,11.893564893387591,15.607795818312484,3.1046233397395415
2863,1.1035629341466568,17.366964272049717,15.281997936107473,3.6657885822536955
2900,1.1207029007937905,15.083556167837346,13.730189890203466,1.4747656480782156
2901,1.1014819411658505,17.515767362730628,13.827884783583706,5.056402958328679
2902,1.0957950781316081,19.954454536815526,14.657351178003754,10.217806792432595
2903,1.0885100078052588,14.571201231435841,15.336751481344104,2.9416958030249467
2904,1.085987660984669,16.6952771812299,15.321296197129588,6.902220330433408
2905,1.084333180809356,17.70004434917208,16.128912982498303,3.529486538028505
2906,1.0833286393487982,18.190304775008318,15.376066102707298,3.3002310910348664
2907,1.0889608821536787,18.081628349738967,14.364769087327424,4.716217171488338
2908,1.0852554459804888,19.635124129192082,14.70680263833086,9.070221280406194
2909,1.085116472792087,19.09868140169561,15.670460603063077,3.256742661402806
2910,1.0813707938675234,17.32128271192754,15.930871564546123,4.154182319656601
2911,1.0865116476056347,18.83043706885435,15.119457832760508,4.061901007425406
2912,1.0858518143648275,18.836149543788853,13.82040195112904,3.9652881085379854
2913,1.0864854369709434,19.19283868585281,14.625115750884282,3.6372851084042583
2914,1.0907285373383622,20.27022611425454,14.12092287322975,7.024617826155523
2915,1.0858324680566631,21.636575357791006,15.071752084654806,6.915247638459972
2916,1.0858041353924008,20.233053285194483,14.460709994242094,11.671546685282099
2917,1.0881453264245757,18.322408410254535,14.428954585327798,3.5644609567691177
2918,1.088201129070455,16.682441778808638,14.709126575215612,3.8976102261800816
2919,1.0870035297484824,19.047087388715674,15.376162448779965,4.410710110501162
2920,1.0887176818237785,17.454140317703562,14.97170932834751,3.708949762880983
2921,1.0902376307551085,19.684024475194644,14.573891470097008,3.9166597237990826
2922,1.0927006651682538,21.38862791274565,14.725265701276697,3.5445517193578024
2923,1.089259112040479,17.423213616476424,14.817335633625612,4.3842610244789935
2924,1.0901567122900455,16.167587624916095,15.65131363000287,2.9879700242343965
2925,1.0895927543206143,17.2264893545147,15.20763163715211,3.169731166333776
2926,1.0861712861794235,16.551221325225434,15.419887028276953,7.830877585969995
2927,1.0882001843363438,18.509182568794596,14.670728606154272,5.026381154864087
2928,1.088706500125979,16.011710530902043,15.679891805323079,3.3552069419880066
2929,1.0934278481463353,17.30755684085909,14.468493293169756,5.453588613698759
2930,1.0887057091557388,18.233102537410986,15.457747214633626,6.39863045387461
2931,1.0931605874593153,17.056088059068227,14.774824579341972,4.088812659497667
2932,1.0946866159230384,16.434383317715554,15.226546142316701,3.66620020429641
2933,1.0907004619842502,15.41600929264374,15.221165077725797,3.6688960601358276
2934,1.0955630524224962,13.839661928844965,15.491935530422364,3.8404052585971775
2935,1.0897648773091633,16.69954367607556,15.126492115694194,4.702525339707929
2936,1.0901462861092381,15.144884620077535,15.223181124339893,6.994176961478227
2937,1.0957109077141856,17.619056975732203,15.27871072608014,4.717277453070298
2938,1.0915558409294241,15.527622532633552,14.76751256584242,4.14481869991759
2939,1.0980567062070794,18.48816678776591,14.270286813237735,4.658393787272756
2940,1.0937243665362724,16.116981980993213,14.914986273107989,3.860409051647542
2942,1.094871240903179,15.041423673358398,15.372487016307096,4.002860079215858
2943,1.0924601817751025,19.966269223908437,14.429143019980245,8.580914414913341
2944,1.096601580596549,16.089651885924603,14.84114336217817,4.980567798166468
2945,1.0945539414407883,16.47727329121821,14.631184822104865,4.764547755589845
2946,1.0950804689790739,14.758885979887989,15.082596814185083,5.179859477511023
2947,1.0956913326954063,16.95567975373496,14.983743396179136,4.04690022060611
2948,1.0918258321500007,16.72805225901916,14.926854795315451,11.408776517945645
2949,1.0954079035531592,14.184088095270917,15.504049677794624,3.716736513791243
2950,1.0975494663013183,13.734367016480201,14.578040573042601,4.802845209836203
2951,1.0914490851640255,12.870015235807566,15.62707514525227,2.843950283682832
2952,1.0948387618587694,14.697004492390837,14.61119740443562,4.347595572354893
2953,1.0930916124117513,13.354745364802499,15.32991359608727,4.472744822914772
2954,1.0965644921894735,17.741293054576367,14.389570629660007,7.337342745600971
2955,1.097336888542384,14.211113172162598,15.003546448618666,3.955766852302531
2956,1.0931734674963929,13.676363325018494,15.725217707905408,2.7920790186934368
2957,1.0953110889634603,14.223953801833112,15.334358675204545,7.429665826569984
2958,1.1008167562718063,11.957652846465447,14.97586757988466,3.70416441661133
2959,1.0954552737515277,12.850555638132699,15.034381210705604,3.427068047791175
2960,1.1012032436108457,13.788337826266165,14.543635259741862,4.904454674468339
2961,1.1032850795729072,16.39389449296762,14.51515392248221,4.773618426591309
2962,1.101144478835778,13.172708085828033,14.667532496339746,4.232742682312577
2963,1.1083709947353237,17.94235838104065,14.53401905466147,5.738776760866288
3000,1.1276825091666904,14.950469531255322,14.02564628204009,1.3989692970245187
3001,1.1004064317092905,16.218347234539408,15.388793462342159,5.056390798364947
3002,1.0888077893143902,18.605730926659714,15.36915327060228,6.636760432808812
3003,1.085564959285251,12.707831479209224,16.37080204479722,2.9429150577666703
3004,1.0759639980350157,15.061969278024193,16.334807394198116,5.859037587305798
3005,1.078417907523348,16.099862565597235,16.66915619097923,3.057035437429898
3006,1.0804130673405388,16.38520141715877,16.36465167534428,3.835013035644598
3007,1.0865921690683518,16.42406277557826,15.628826079537347,4.185203495153421
3008,1.0834115733897725,17.911674949555255,15.718095919087448,7.414153691938039
3009,1.081048894945023,17.112999688255346,16.125547428449927,3.1563453766999974
3010,1.0762145920467212,15.22871894201803,16.589739144579852,3.8916282349874134
3011,1.0815587489848406,16.977301771603138,15.70811974110639,3.859536146644242
3012,1.081706495739562,16.982452395981518,14.7696980007055,4.245149707989245
3013,1.0831858830544288,17.24015244752875,15.403160316111528,3.739668466078389
3014,1.0866648333019766,18.094250510159164,15.037845488927374,4.719358454380652
3015,1.082200949844142,19.595160258675477,16.02694261164851,4.99612389758362
3016,1.081862972839812,18.38026245219168,15.320422409264651,9.972060493314748
3017,1.0850614988395446,16.453520931661448,15.216747610504301,3.717399718444207
3018,1.084101143687217,14.668582069857562,16.07287514374049,3.3388256395257914
3019,1.0830096443514106,17.310607898018592,16.136929604190453,3.933481248850182
3020,1.0831024059764316,15.73092210492712,15.905765045859404,3.82882362137939
3021,1.0874717709312194,17.79460402915408,15.116767149398148,4.112698307655406
3022,1.0879784221276834,19.529999421415784,15.828213135005978,4.296971395827489
3023,1.0847379564260227,15.678856678043081,15.09270234229556,3.036448748973593
3024,1.0851972896293867,14.150841548891124,16.17525517301942,2.6990790519889734
3025,1.0841881172428733,15.23345687707054,16.561285556100387,2.6409417741118815
3026,1.0832946853078356,14.52259224071558,16.02200674794619,6.8453447850209095
3027,1.0853099357380085,16.436300481455586,15.886663788593797,4.650634549498143
3028,1.0849590354052172,13.952574919554044,15.879575959084328,2.8107644924685613
3029,1.0907051422091634,15.20383474267191,15.433717333815638,4.226854744762847
3030,1.0851082895192505,15.86517004758627,16.13565006725239,5.56543635987601
3031,1.087832916231903,15.018066511248255,15.525147244787503,3.997043618730941
3032,1.0900692723257392,14.676173455055961,16.813997134468377,3.638736815361678
3033,1.08583945239339,13.117087819232552,16.367929477122132,3.3607086866999945
3034,1.0896219662226394,11.986901109316882,16.332680127557786,4.134533512822457
3035,1.084229912682311,14.549854013094222,16.022802373643913,4.504433480854157
3036,1.0873185401624594,13.023490469072609,15.686918384316364,5.779180939440569
3037,1.0897255979866596,15.729350110941969,15.216699914854885,3.9304853850261643
3038,1.08905712525742,13.74510817831737,15.476216301662767,4.222604993742847
3039,1.0936111554003622,16.618723872465836,15.971122366203101,4.290173466446316
3040,1.088936571740868,14.047975340051952,16.064375909398485,3.843291478737957
3042,1.0903951871435196,13.223414703105261,15.929974333308634,3.288404724075118
3043,1.089980690429755,18.09575482910844,15.576380776770646,9.133521545323655
3044,1.0916741907393173,13.903528460705774,15.423893843620181,4.200991578033314
3045,1.0900176208973074,14.335009585164693,15.77909744454613,4.56325809621744
3046,1.0877023174106046,12.739773412865935,15.6811441678076,3.8767377016895512
3047,1.0918623890608057,15.074516726913311,15.516556889118965,3.953492378684396
3048,1.0894035001723328,14.770278178277398,15.513233272484255,9.147484815598974
3049,1.0913179657298533,12.353873233651253,16.096114774457995,3.2982662899338084
3050,1.093500809113048,11.9577650999365,15.26247207466489,3.8032371934098235
3051,1.08673398280531,10.99339286600185,16.638435882252335,3.5147538770362146
3052,1.09005506851911,12.600925828356319,16.129668416697402,3.920238506937889
3053,1.089920108046886,11.131376471074708,16.639527119763518,3.6161054917807367
3054,1.0913429604266565,15.682054628342348,14.87229102800054,5.243243216284987
3055,1.0922876036649363,12.524662955089989,16.07035163031059,4.074286862182418
3056,1.0900899010128104,11.511864173573152,16.35908833835652,3.323264269041367
3057,1.0930229022614946,11.976150125990866,16.193287966155335,5.870490636799977
3058,1.0958084622123574,10.100572518076397,16.018233658636703,3.20398437474191
3059,1.0914412216934082,11.216319694508602,15.9118233482715,3.333176933246993
3060,1.0976761257825032,11.420009577910017,15.328747303736794,4.245164935350698
3061,1.097783601435896,14.717414585281194,15.670900256752718,4.238234498432421
3062,1.0964818514133419,11.340734628490392,15.672899275480674,3.6408219319286346
3063,1.1052914097086772,16.597385766835956,15.233668769143524,4.62306450687365
3100,1.154689353399987,12.417542597113421,14.012233407426786,1.143273506967343
3101,1.1017998160131313,20.086927090883115,14.884879752686043,5.242501632112476
3102,1.0957253265012268,22.076389188965248,14.564870701038114,8.404864523719207
3103,1.0874015597807765,16.622357830848614,16.370977093368236,3.4481835160346725
3104,1.0811729791948625,18.943146959463274,16.116812232955393,6.648313834854625
3105,1.0840955326782138,19.491062035838965,16.516516565597872,3.0274426763051863
3106,1.085653932705343,20.201894248577663,15.482832790409695,3.613275283000571
3107,1.0899319577567985,20.03952028503591,15.272358844549931,4.045043492895777
3108,1.087537548086017,21.82170572337644,15.313574465841993,8.332936261298446
3109,1.0856863831594068,21.029181943886773,16.21662201142536,3.0000875530031994
3110,1.0818361616382886,19.180147104536033,16.789950492098008,3.3064245876678298
3111,1.0860068154642837,20.638939979411944,15.530111954049099,3.420439227425944
3112,1.0867043486261043,20.831596174588668,15.230086076812702,4.849193570446184
3113,1.0863489544517029,21.082348144946902,15.461858009077428,3.4648353134099246
3114,1.088809951699591,22.004127948536162,14.60584270619163,5.162277864861789
3115,1.0882957670454543,23.468850173625924,15.415122864611494,5.669325929361401
3116,1.086544314515282,22.14295961586988,15.220560821446226,12.57955575319689
3117,1.087894602651419,20.18426053138183,15.371217931742423,4.189545273959071
3118,1.088908390219302,18.585278139319968,15.68615356078668,3.352745256826753
3119,1.085677565070113,20.89212830347632,16.123811052421026,3.689341770209099
3120,1.0863827086501685,19.493120588233552,15.96707268750564,2.815633473046053
3121,1.0904096818903677,21.36045828084289,15.425884945178048,4.39743164710125
3122,1.0906159609256405,23.419009277877116,15.459265912481479,4.093288834638613
3123,1.0893654768247087,19.458421641269542,15.22314232629476,3.079995490459344
3124,1.0897797417169939,18.055059377411105,16.54491857470901,2.863422290173272
3125,1.08864641957583,18.981971600488198,15.839653995731977,3.362826543492336
3126,1.0860756867820518,18.13404642749586,16.40823199001532,7.434658043446923
3127,1.0872992141414646,20.253090264694144,15.48264630629876,5.092734415986165
3128,1.0877409908815938,17.942322595585512,15.920786463476169,2.9238478363549203
3129,1.0948915908131713,19.152709240440775,15.666060402648109,4.548809733769053
3130,1.0882712070923108,19.982657549760436,16.623024606222337,5.705781337631473
3131,1.0896712943397127,19.031185655292024,15.76560144225696,3.715467588815126
3132,1.0944388006157066,18.19382405846416,16.0216226196953,3.094770932465637
3133,1.0915103563701747,17.08848398886795,16.1139976402492,3.598645488085894
3134,1.092442337939576,15.762029123207236,16.051586610878946,3.276666858819911
3135,1.0885553588467154,18.876088592644717,16.32962301128869,5.512825229971954
3136,1.0908389633326674,16.485091658963178,16.162337655614113,6.164611199570531
3137,1.0948912433114184,19.656632322231083,15.23334122701793,4.569596060129872
3138,1.0933212618545933,17.35613555689593,15.527310902478657,4.473145112144151
3139,1.0997249866784486,20.239104430140237,15.316840307400176,4.617417149385931
3140,1.09556513050819,18.035856513384598,15.907001333755167,4.6840558337971485
3142,1.0927174251380427,17.200436682811592,16.177875738774574,4.20338657769406
3143,1.0919529138042945,21.767582984797144,15.724813232460225,8.018567016070977
3144,1.0955581577230404,18.046813382994774,16.181572448626174,5.552305315674703
3145,1.0951869051387892,18.191128501053306,15.419802040910119,4.30138341390461
3146,1.09536037687669,16.78476739231934,15.380975051573373,4.100505067591721
3147,1.0943637391179568,19.009988391156902,15.681819635719915,3.863632111016728
3148,1.0912249705657917,18.628045629933794,15.623079801883273,10.007749298784507
3149,1.0957778468319201,16.22194517044559,15.83536699157947,3.8435282537479973
3150,1.0976849693549873,15.50812636784425,15.623582444731733,4.7728397684779065
3151,1.0907730447746535,14.388302088620435,16.226715239203283,3.3671518865390127
3152,1.0945685055761143,16.492641591135794,15.941030211889597,3.748472073350826
3153,1.093115153348403,15.044991262374632,16.425182487135682,4.328625482821953
3154,1.0957570660718499,19.786320278335218,15.077351835717897,6.075456259545373
3155,1.0954296762211428,16.31010303353988,15.421798430908101,4.582245314548863
3156,1.0937144300725683,15.674546711531061,16.621178268498515,3.5484605259931272
3157,1.0949452987489596,16.030652866571007,15.881531759356736,6.974156172298917
3158,1.0996251269535153,13.903774045028204,16.018309696512144,4.543665079980152
3159,1.0963384680704684,15.036363729806668,15.986041340936778,2.8768298826714562
3160,1.102046746671554,15.340398493121617,15.915652261231514,4.283424672193264
3161,1.1009652967203496,18.174616056523057,15.626764120988204,5.76514132437504
3162,1.097659423244917,15.212976621961475,15.614372428704748,3.8055673257916576
3163,1.1087542620355704,20.197931292791573,15.330023783588084,5.434269651010656
3200,1.1123090373739273,20.263713051316504,14.066393180476819,1.040586551088887
3201,1.1029900510681543,19.35179078121093,13.613287722429261,2.772128383456686
3202,1.0942406241721714,21.61605857376909,13.610818797922821,5.642196691288742
3203,1.089105776174379,15.795398543439715,14.941499529392884,1.8271666762478311
3204,1.084722512494313,17.8732551661484,14.564454822519927,5.830097555286798
3205,1.0843505318902564,18.90662159151599,15.184739979755815,1.3984195084554851
3206,1.0842880401134343,19.35616851417517,14.325744686575614,1.6749684569041225
3207,1.0897929049605257,19.41821638496227,13.642091279169552,1.9555555499983739
3208,1.0868648763315454,21.05610968466282,13.684477383508646,5.333847584920095
3209,1.0843966110987018,20.400521600346146,14.775564614574359,2.0339756767891863
3210,1.0810309578053021,17.98891836168571,15.481509579190936,2.8132592506529015
3211,1.0855279612927253,19.87691741763486,14.464223770002748,1.5276544013251074
3212,1.0852603881889047,20.26353277616868,13.329303047385453,2.2024852942810083
3213,1.084523663869576,20.226798516013737,14.280945043477185,1.5986295314424455
3214,1.0918530411649756,21.173231706509803,13.426066383002775,4.6205907307159855
3215,1.0846096363252735,22.90549145576859,14.324989829558499,3.186811550210895
3216,1.0860224789267483,21.66382986008681,13.866760065892734,9.459703852120397
3217,1.0836898380585789,19.360423281298594,13.683441252878726,1.9583272415486663
3218,1.0863849101772893,18.080483076488626,14.283720191990094,1.4367098352392376
3219,1.086397211935742,20.209514547796648,14.617903637127,2.2310379988039926
3220,1.0858005771234454,18.996213293659782,14.309374866929122,1.4434174291462614
3221,1.090359921015101,20.509319671886935,13.92995334305251,2.3380754458123802
3222,1.0919465405032536,22.590587682623667,14.29288529896355,2.1835274018446507
3223,1.087631426951083,18.838403839724453,13.874014477714741,1.8778080939220332
3224,1.0911890252142669,17.085177706281364,14.930199490113534,2.237891428992219
3225,1.0890701238073812,18.374492443277116,14.824300782456653,1.818152471200089
3226,1.0855625815771863,17.839237410543017,14.47543094436765,7.149327047073166
3227,1.0873257446649751,19.916576771580186,14.289991352348538,3.124229460319007
3228,1.0894436612425173,17.319898999853258,14.388796358886834,1.6369564212494512
3229,1.0937996315670149,18.76488554398924,13.925138893215284,2.467020453043485
3230,1.0917059841092764,18.91031909390527,14.944202370648098,6.184825046351579
3231,1.0906513647525227,18.051967534433366,14.033190280876116,1.5586957747295338
3232,1.094082014256738,17.519182302521664,14.682401221814933,1.886064763705257
3233,1.0899683477733835,16.374757826154372,14.620343205241442,1.867881041757071
3234,1.0931503566742835,15.014040765331917,14.525379155729992,1.7838053617889977
3235,1.088324878784365,17.610628870364074,14.119105281279548,2.346530298102433
3236,1.0910339911734361,16.03681642589047,14.32078779855928,3.8390100128705242
3237,1.0954787327954667,18.675151273840296,13.918165849902923,2.2038725581133676
3238,1.0929695933132468,16.544217536713365,13.883336263604473,2.3285488002185106
3239,1.0961673490410266,19.824831288842617,13.419290185473027,1.7776367771808756
3240,1.0931013910848286,17.186089489284274,14.13508877095088,1.8046327736392151
3242,1.0927447118102014,16.16631147552655,14.057708180313334,1.922228280731999
3243,1.092759027128918,21.302973993143997,13.713588466880106,6.305113222193947
3244,1.096514782993631,17.040433570489505,14.083647111702035,2.161661552046165
3245,1.0933700619044562,17.58922461571151,13.677233893996366,1.7114154206785719
3246,1.093734128638342,16.055316884798746,13.933948691048464,2.657513292498077
3247,1.0945256767818037,18.18869344374431,14.180411643094526,1.8908634972372207
3248,1.0917490816059396,17.70666483975153,14.006612148282251,7.3847850204927425
3249,1.0956006685106254,15.228678254267718,14.452706474701419,2.183168928591112
3250,1.0961655133565893,15.14548025133707,13.946762255160754,1.7866343392751751
3251,1.0907756582083845,14.151695665461036,14.569858023724327,1.3934316925207655
3252,1.0934032237550662,15.745117760007869,14.42437066666579,1.940588308237501
3253,1.0923043352336161,14.696100376451607,14.738144447831228,2.675487016190336
3254,1.0950284629548943,19.009717103964384,13.677476620471092,4.529159243532482
3255,1.095655952746297,15.291950666841467,13.941201916328916,1.7205384421192167
3256,1.0937915009285224,14.983159869764327,15.109977247746183,2.090608625034025
3257,1.0950475631425842,15.464852476714455,14.379612028026417,4.211953670669786
3258,1.0997210398149573,13.145899576412484,14.006924848373057,2.0153045821291062
3259,1.0948074046275211,14.060557167826516,14.814120556174094,1.7488764769480116
3260,1.1019816842188417,14.676016470726436,13.733621855535674,2.036728137339019
3261,1.100900809597746,17.595248953412096,13.566073091123565,1.7779498315868603
3262,1.09923768121135,14.122740923084862,14.142873147510977,1.894993880995659
3263,1.1052432721320433,19.366973072493796,13.724319223463064,2.386205233880471
3300,1.086858119590302,25.7958657839486,12.393983873758936,1.2162829972797053
3301,1.106031690527067,20.51619374524535,11.884613826287856,2.5944961740187877
3302,1.0964147427814877,22.949803485670575,12.218231245101641,6.294260328086676
3303,1.092277663321753,17.427114748997536,14.277658272414138,1.4832807634066878
3304,1.0870018614514576,19.7045810062256,13.761646280397706,6.0229679228523505
3305,1.0870535358535605,20.53952073634734,14.217113943264968,1.033494994519773
3306,1.0848932671692495,21.326915398508003,13.153513222101795,1.5994554950540383
3307,1.0915449795781333,21.026001937393687,12.635000857021428,1.8590490044215782
3308,1.0905722694089537,22.690145572206365,12.411880780353453,7.432643028906586
3309,1.0873046786246015,21.937594441929537,13.94424465356538,2.0902407974842983
3310,1.0822464399028033,20.11440347721075,14.311563231218798,3.732329226604577
3311,1.0880522873724614,21.743025094024773,13.221132750521665,1.6251057730458172
3312,1.0889564329418178,21.66773515478624,12.1869158085606,2.014916749393939
3313,1.086803300215913,22.06996760599776,13.24205542931978,1.880412271626268
3314,1.0926072618266667,22.641577797120583,12.459855188597983,4.8246667886585435
3315,1.090364373157199,24.399292963742802,12.984154237625553,3.0084983944451253
3316,1.0894838114890764,23.22743955467256,12.586065926510708,10.657871936548718
3317,1.0893826087135,20.867151181587374,12.875070357813382,1.9497876423614466
3318,1.090640086863616,19.500065106946497,13.529738983634724,1.577648099355406
3319,1.0874147720976357,21.9820614601472,13.924834210668646,2.276913301870022
3320,1.090011017624986,20.52365694511916,13.178151338863115,1.7129011622997061
3321,1.0942427098605962,22.45328463977679,12.293256626824782,2.276711030940436
3322,1.0938725038274464,24.50746871154276,12.886725430651795,1.8666458493454325
3323,1.092825894565598,20.375173936191455,12.658887735486356,1.785364034978219
3324,1.0910201911829096,18.958969083306876,13.828940335044608,1.4256561421601792
3325,1.0911847057991348,20.310738486529864,13.961014191761286,2.516949272109034
3326,1.0891075784363469,19.220189895659345,13.680244924509521,9.088444267163363
3327,1.0891989670285358,21.413567347698514,13.41915363895637,3.235505495397378
3328,1.0924182540285645,18.638344471615095,13.573113090229713,2.1146608544639585
3329,1.0969872369303626,20.279054217918848,12.864914950301648,3.1573414105813593
3330,1.0937559036649125,20.87226211293142,13.359558695653945,6.305235163195029
3331,1.0936174231272588,19.64740226981923,12.962005962551462,1.634613423189858
3332,1.0932963546376853,19.186735720972187,13.628120453632393,1.7368450139410199
3333,1.0905557522745761,17.985055611876593,13.756435455015662,1.7864014415791323
3334,1.0965404438952187,16.387039663074905,13.492626654114147,1.650849510960379
3335,1.0917301998391102,19.743982728988495,12.965457345278368,3.004965043901356
3336,1.0920845517357325,17.680875882053982,13.570936650378274,5.371147648443795
3337,1.0949876331797646,20.174125059007885,12.614648089355919,2.0103368503883834
3338,1.0940543032126135,18.291613522686248,13.06338034489929,1.9858946279721061
3339,1.09941195419986,21.000547815643323,12.836389543903184,2.253294515999766
3340,1.0955712273364218,18.808970684894184,13.34274485021362,1.6299130755326705
3342,1.0939768947509882,17.96976505288944,13.239308588600466,2.1551700127093976
3343,1.0953387977921811,23.02721633679179,12.823902139386556,8.277369766855612
3344,1.097013282451253,18.91687509778586,12.683788441951439,2.638829455233498
3345,1.0955136189379078,18.969073635909982,12.543465508213092,2.674107454372776
3346,1.0949943242163684,17.43137405935916,12.808912032004486,2.838891712024639
3347,1.0972800233460704,19.730060675860557,13.207728787376508,2.09871653227423
3348,1.0931791711384842,19.337703641602424,13.266446789130066,8.984826687001489
3349,1.0981480943740285,17.299001681682654,13.468149396269327,1.6670611384787097
3350,1.097966790647611,16.63688179113146,12.688606054051291,1.989951909581767
3351,1.091259201391699,15.659116484907221,14.026920596956469,1.9907251851334888
3352,1.0960917711351215,17.03422099947147,13.3686321326608,2.900622556178208
3353,1.0952075554671041,15.61714687527063,14.011886306454205,3.4403045942316544
3354,1.096339517628175,20.58492255794268,12.2402542098483,5.734738841316488
3355,1.0978653452755973,17.136181574743606,13.205094226844231,2.6020401777274498
3356,1.096037942671198,16.24667532121841,13.85736670617166,1.7603713827732563
3357,1.0972751471125572,17.124383690389656,13.369373033070417,4.866234286754948
3358,1.100796773369869,14.510446179112877,13.423694560367704,2.1472757440900727
3359,1.098011498055761,15.867772068145436,13.37848457485444,2.044625330150991
3360,1.1016807295141606,16.237915228287783,13.120348091741311,1.6854233196275403
3361,1.104073267825106,19.050595645375115,12.780810653575875,1.8350985599554874
3362,1.1004178130284479,15.757336904622402,13.51467925408086,2.3298997828777943
3363,1.1078163523274873,20.784427161559325,12.292985235140625,2.866235699212982
3400,1.1188379176943724,18.9336381601679,16.053909502683457,1.5040078889495196
3401,1.1038810015867033,17.929781212894724,13.168774018255085,3.0353287247625627
3402,1.0953429044181655,20.268586325484755,12.85930591225597,6.931102960318833
3403,1.0893164276911302,15.015713610723308,14.882644082993226,2.0533029043863333
3404,1.08303967270925,17.20851176638976,14.536493285517833,6.7971642742140475
3405,1.0830656884515126,17.986375636115923,14.830768562974637,1.709244946703975
3406,1.0849569684783742,18.33854479481342,14.032520888730437,2.6806634609485482
3407,1.0910793165273391,18.416886647719878,13.893542770447995,2.411858639703479
3408,1.0893974745207842,20.128415066842763,13.260333814257528,6.591955863378127
3409,1.0873082673903636,19.12868125749834,14.934374626505372,2.533032429525193
3410,1.0823414620804543,17.063709642880422,14.891766995632356,2.734513339487649
3411,1.0853693547741268,19.38320810858681,14.23983625941635,2.3171674922028602
3412,1.0878584309791888,19.132182115190837,13.134284641186563,2.384890230879119
3413,1.0864440770538624,19.446377661992166,13.969311541744478,2.517446705768115
3414,1.0912811149533082,20.31588928812116,13.379963428260645,4.19636000486066
3415,1.0873835021283473,21.926889815032816,14.203506772741838,4.458419064688747
3416,1.0881009490413545,20.644834431204405,13.769860038105817,10.521021357817078
3417,1.0882916747039753,18.686231250706964,13.321551555853365,2.292805396752661
3418,1.090457412473376,16.64676266615889,14.083471731096797,2.2307181550630903
3419,1.0870023901656811,19.37271810820267,14.773929917055916,2.7672764355783745
3420,1.0895449048753394,17.72021489943691,13.820425731709621,2.5283524868145877
3421,1.0918633914150915,19.786697000805134,13.760386212982027,3.1681329287035687
3422,1.093277858792263,21.48798680092874,14.35557162521875,3.3517014304762855
3423,1.089151632885213,18.23229385254208,13.771838943418649,2.0960292908809612
3424,1.0876233438937266,16.347737976595607,14.828056423492658,1.8534082360364434
3425,1.0917296229263846,17.49509425524014,14.536506445487248,2.7383382175310373
3426,1.0889407407715148,16.6827748407102,14.213678893046557,7.047855779503728
3427,1.0897205739572728,18.747903456202636,14.228268879309077,4.1593472353263445
3428,1.0900101080382045,16.348200448363535,14.282529297829432,2.092465417573003
3429,1.092951937318974,17.59157297816107,13.82255711949166,3.4545630726893335
3430,1.0897230607573747,18.05719718082343,14.680837424620027,5.644907276861895
3431,1.0937082767782806,17.078964655552852,13.729929556052497,2.482857076309021
3432,1.0950873328700672,16.877789918396804,14.412799404648679,2.1412485041245426
3433,1.0906913424884406,15.630167101240465,14.643740463627772,2.58169949698519
3434,1.0953604192829183,14.232539228091039,14.124563627716775,2.273219422730147
3435,1.0897688089090392,17.34263912555384,14.641247870974993,3.436979563771712
3436,1.0900725487684115,15.240617309590785,14.210461732633215,6.063971339375577
3437,1.094679022878451,17.805032080635442,14.081354707179548,2.9331251607341224
3438,1.0942766417724177,15.738837012319046,13.878293816412501,3.1400063471284176
3439,1.0990109041344498,18.714397732931374,13.134763587286722,2.7897983775918465
3440,1.094788930045216,16.14695774530766,14.16128119075139,2.8910561209810357
3442,1.0948486489154488,15.400989100104049,13.824738156544624,2.5589456412863143
3443,1.0945727548314128,20.44530015624187,13.471721105356965,7.758810399930405
3444,1.0971024860631169,16.586189306954008,13.278175186991323,2.7231775417313036
3445,1.0936192739081063,16.595480781709377,13.510278108662282,2.7765931069555303
3446,1.0944044140895444,15.056831223643398,14.03993044581252,3.1171260290757794
3447,1.0963509154281734,17.248858382480947,13.671620390214258,2.300489713416361
3448,1.09319995856134,17.116370424148165,13.585752961569957,9.764008398466348
3449,1.0973299864007884,14.492152784492513,14.03284742254846,2.593536660238237
3450,1.0963497848015942,14.064071452456329,13.817468316828698,2.3917731840339096
3451,1.0928015166623033,13.16367560881684,14.115862144271299,2.118529436546567
3452,1.0964869748321264,14.673989324833215,13.931966491879605,2.5238416171596403
3453,1.092608730916244,13.473575549149098,14.819197335574728,2.9963083245352893
3454,1.0972579509099971,18.155401683029268,13.7773927789874,5.443469326703683
3455,1.0976344867327712,14.43848195934481,13.970144791519468,2.366667485595713
3456,1.0943458890943503,13.869662559800389,14.990484254325208,2.506547653491737
3457,1.0937796616458932,14.584984471379492,14.215337786178454,5.747634583507937
3458,1.0995880336221464,12.441998986316685,14.39175730120178,2.9861277813200444
3459,1.0956412409380696,13.27150239070791,14.223207208855586,2.2134297537343137
3460,1.1009582631289587,13.593583041675705,13.637045941821095,2.8478194358939555
3461,1.1042646666087574,16.66026831422643,13.414979322902413,2.6836123526480105
3462,1.1028211397847623,13.358929325231921,13.78559947243078,2.3508174150090304
3463,1.1069336768504578,18.269225538260766,13.283497901383035,3.2625834223947603
3500,1.0045192089239086,45.167477796847365,15.764869004753034,0.8196670579623464
3501,1.1075120360445707,16.757168340879872,13.965481293845297,5.301188316508668
3502,1.0998583824714063,19.18650691243221,13.470708220493606,8.430063139574042
3503,1.096587182624603,13.70544040568748,15.068749727654572,2.9440899068992734
3504,1.0883599287472505,15.74927465144826,14.820934160702015,7.606905194020459
3505,1.090138625558628,16.633826897761413,15.172121986071268,2.894017946847183
3506,1.0905909473604272,17.142709723447147,14.673781556257318,3.8963702745907915
3507,1.096340711384799,17.011341595004566,13.974422988267952,4.480077535971608
3508,1.0917245011847474,18.93621942238304,13.673535170099564,8.87250946665986
3509,1.0922762275391613,18.268487254339345,14.983717690600791,4.235234109912073
3510,1.087088631601715,15.968204519172618,15.817694843130168,3.825494548357205
3511,1.0913681368741235,17.674002754095728,14.728380514224595,3.7572516476443996
3512,1.092465016539816,17.913945744001833,13.52291506008823,4.141549315334354
3513,1.089985220857903,18.211454721769343,13.683963624130445,3.2007125792299966
3514,1.0964774793536636,18.65630026362687,13.673504673894865,6.977506149593454
3515,1.0913391892169932,20.445759023173075,14.439101631902432,5.302053226173684
3516,1.0903498477161928,19.301375867281315,13.919196686873363,13.112172022333521
3517,1.090293677614851,17.468597835019988,14.21104826402267,4.088804869341141
3518,1.0945102148165815,15.763843637563829,14.723857873174689,4.053947276817823
3519,1.091358382757496,18.16730180256987,14.964610248375516,3.613601204605678
3520,1.0918095032061037,16.747850146105243,14.323148008421427,3.781621019633265
3521,1.0972770460905772,18.477150837245198,13.832314144928093,4.3924294758395686
3522,1.0984144967348048,20.418768052777693,14.61627656609989,3.5249798800002954
3523,1.0948186449063213,16.464128926573064,14.460454224501598,3.918012896037016
3524,1.0958596045012148,14.902624326251276,15.213903003376087,2.7819320857916834
3525,1.09744784682273,16.178660049792647,15.231086454969475,4.0178839650765115
3526,1.093250900605521,15.788658935972643,14.71785348885094,7.464747252102
3527,1.0925890452429283,17.696607702101225,14.258111146233823,5.5319178643182765
3528,1.0953583801674416,14.951345687388342,14.771622446028756,3.021145213653479
3529,1.1002035606713723,16.75021189073405,13.911536764575779,4.789312053420118
3530,1.0957411127737042,16.94275458764274,14.943576085006198,6.766638243353063
3531,1.097313388706993,16.166284963616356,14.110709969059174,3.460054390477936
3532,1.0988050734090409,15.33062518500679,14.75641168041257,3.7293055390307406
3533,1.094011299059488,14.312097062140849,14.41191165548718,3.0076750057178656
3534,1.0993355483965563,12.676788896082074,14.661872709233167,3.329806450073054
3535,1.093226987684418,15.821834687807522,14.512264498318297,5.562102143791911
3536,1.0956137923492164,14.155358276547126,14.881010681975642,6.659379102235863
3537,1.0996350460752014,16.78460772800075,13.879605869911138,3.862685870739723
3538,1.0986189260281312,14.481295046360135,14.513263147950711,4.920109882083712
3539,1.1022997857022045,17.38632691669131,14.012930051365242,4.495517389038376
3540,1.0989077730331376,15.111110852022065,14.887521504342521,4.404041783858496
3542,1.0993366475160067,14.181051528849794,14.311993044149649,3.7143332741897015
3543,1.0989950725536712,18.9470626416936,13.70798074377735,9.299219741896692
3544,1.101404001007221,14.990003878170693,14.269665420550854,4.438867006507519
3545,1.0988542736900284,15.509413661722906,13.743818313629617,4.758301267602759
3546,1.1003824138040486,13.861492064028239,14.214609796533157,4.770081914249144
3547,1.0996558069085467,15.890249861128428,14.279535975686777,4.256952972609684
3548,1.0965695503104853,15.777754730060437,14.124628643251668,11.203573490231264
3549,1.1020839916480938,13.366524021795653,14.830913853176742,4.305375138242937
3550,1.101630286128216,13.029879438361782,14.279823745257618,4.567737027035907
3551,1.096581906305703,11.888861168111688,14.81054610031769,3.800867797062554
3552,1.1019824188978786,13.297363094766434,14.521934486097772,3.7878110460076413
3553,1.0983982161891872,12.12424762411798,14.810058758262496,4.724169733246597
3554,1.1017517639121013,16.625794474678845,14.171746497936207,6.561036397580654
3555,1.1023041949013566,13.326140081276504,14.778278733051343,4.824534190096672
3556,1.0998592887556498,12.736379076408076,15.160425136325635,3.4496061012811996
3557,1.1013194505197166,13.361197952524073,14.476635255440298,7.068318991425457
3558,1.1049424116247362,11.126775167102808,14.381297223468033,4.560290579638295
3559,1.1000380198442088,12.256946126911998,14.876270233562222,3.2465174361850275
3560,1.1061084023451202,12.282608474174534,14.071983197912289,3.7012172852517353
3561,1.105464180632345,15.361442312310775,14.36927506149329,4.493535098558363
3562,1.1044041657224992,12.073168970987904,14.260794611195116,3.767177536474706
3563,1.1117757302721796,17.066042987499255,13.69186915930258,4.902891814432267
3600,1.1880219677929427,14.085136153207628,15.223250563097634,1.0309612537155486
3601,1.1037807808585713,18.220160539293897,13.405848977101622,2.053137467833936
3602,1.0949607593419446,20.263264728349327,13.440017150990299,5.044605511677047
3603,1.0886254736769612,14.541037309907697,14.95238559125847,1.1848227237492772
3604,1.085422143883655,16.605097591172363,14.776116061368363,3.6769430707453883
3605,1.084210953463243,17.530760477727764,14.960404056542709,1.6044964671042448
3606,1.0838500379222065,18.078490866582126,14.682006486341269,1.8903727958992387
3607,1.0892477985423954,18.098276902650944,13.834169021053222,1.5694674155623702
3608,1.0874043563654374,19.74402512126705,13.638345676418476,5.919663575039181
3609,1.0844007830069646,19.04205876566537,14.530539668178871,2.0377410465393764
3610,1.0801250734866912,16.967613098542042,15.385974205854897,2.2928880921640036
3611,1.0863316130779557,18.451949138332967,14.28800646155583,1.8741359145002177
3612,1.085125835148109,18.656524150527094,13.108990032521781,1.5128752952956517
3613,1.0856655410172398,19.171924245335177,13.923169514837676,1.8440789500700618
3614,1.090831040569817,19.725224035303096,13.787071476734372,3.4507325589289217
3615,1.0847349178306873,21.475733225906858,14.144058428254299,3.661765282344675
3616,1.0858518713617458,20.163978310869215,13.812364510808509,9.44961815406751
3617,1.0873128095551652,18.107575371210835,13.52468925459298,1.793735830565165
3618,1.088482649796785,16.787025003170758,14.12412062656067,1.8085421336592928
3619,1.0856401980438422,18.81572430211328,14.21215649716878,1.8769692715125539
3620,1.0859959290975685,17.587989866262294,14.013559588751226,1.9459062913745189
3621,1.0913019559395625,19.330644143516416,13.668862441263977,1.7836848987032143
3622,1.090841215075798,21.4690666845387,14.559538011881274,2.3841360144114145
3623,1.087156464873571,17.538868958782533,14.076481282568839,2.1001627259986515
3624,1.087533110116079,15.845581350598556,14.661212618713586,1.9168816251817182
3625,1.0882730458277687,16.955712738208277,15.16781266011503,2.423862132023057
3626,1.0856964655345345,16.25182388082892,14.861599863781782,5.955753459645865
3627,1.0859842558098878,18.626068216702432,14.053563402703375,3.3406997903800324
3628,1.0875428716597648,15.89080350647318,14.773623780595546,1.6770385763126663
3629,1.0947526449163674,17.111132638466906,13.692819277836733,2.6104803765221716
3630,1.0891520280091753,17.83678915772045,14.757221081669657,3.9964671392451487
3631,1.0919220812293386,16.684811914957468,13.971694091278124,2.0427259956145045
3632,1.0934436482958925,16.057422311603013,14.561987558808351,1.8997001549342587
3633,1.0902547498220891,15.121599581145805,14.986102325954612,2.0871624224426473
3634,1.09336832191762,13.514787510236708,14.476760840604996,2.469548940360955
3635,1.0898692101731469,16.508225007390095,14.07412086142909,3.1227924276474064
3636,1.0891874957867833,14.758555585586688,14.324988249450088,4.538583883128518
3637,1.0935773005940934,17.63542532731378,13.501499707626593,2.413284387259863
3638,1.0925290592604946,15.165040975814623,13.777614571153038,1.9282448430233006
3639,1.0960312357929873,18.120988387663758,13.727348951919168,2.316474260109758
3640,1.094375803843358,15.830932844178259,13.966794395780264,1.9621288942070558
3642,1.0939014837815806,14.919647125147595,14.114507364096267,2.309847637056869
3643,1.0934237980902968,19.799404135405062,13.411831137718666,5.865013299634455
3644,1.0971716202470145,16.03037800524866,13.586517566969594,2.0353790159291045
3645,1.0949349378858824,16.166289918446438,13.437307661955247,2.0444450050417586
3646,1.0940239381104964,14.576187145169701,13.9885570459415,3.1168440840436467
3647,1.0946137197350332,17.111724670210613,13.933953523858369,2.0510891746888653
3648,1.0906613852031202,16.657950498835206,13.781739441999392,5.166011143977564
3649,1.095684540777414,14.28024744506491,14.25966570254261,2.050862126070916
3650,1.0942977042996922,13.69185277467431,14.089313150677157,2.0361847231815435
3651,1.0930902888771123,12.541086880136659,14.668081659659153,2.0545116734416577
3652,1.0953092556253767,14.429532981936863,14.122195729625572,2.122358772337913
3653,1.0914570426284835,12.904357995283227,14.728459969960252,2.4123347446135686
3654,1.0957054110913051,17.803377251168907,13.529813544395594,5.2317749573757615
3655,1.0973996481483492,14.480762145289013,13.730577509821599,2.109930117056666
3656,1.0951006587704268,13.398628151742473,14.856864267013796,1.6190101842304134
3657,1.0948465044001692,14.08480400344809,14.05918144719011,4.079291205604743
3658,1.0980182035549606,11.72786948679332,14.067145319811175,2.050356163966365
3659,1.0962390057181997,12.963488998145529,14.466496989561264,2.0800453232942484
3660,1.100926422586162,13.395669925953518,13.453104491256537,2.2302117679822517
3661,1.0995323622039028,16.383900312450248,13.571390533295563,2.2285654933016805
3662,1.0987909254075758,13.11755490638387,14.119559745306395,1.9703162507848646
3663,1.1045229308558127,18.044658507293647,13.216348701274713,2.07862279300193
3700,1.1081080268155392,22.86398923465362,14.024429890994186,2.3554348062119237
3701,1.10172041122931,16.13649278569398,14.583367909795447,2.782064899606319
3702,1.0924243228060975,18.48848070760262,14.102718224078206,4.060384495274946
3703,1.0861116748600588,12.537924452313662,16.20137007847447,1.6389247435566474
3704,1.0816220934431504,14.823320987343436,15.776185409560103,5.021974792910861
3705,1.0833094244759327,15.284005736057312,16.017308058824064,2.0965618011419487
3706,1.0839080414112563,15.968652170394664,15.237820988926531,2.6312561527844163
3707,1.0885425328223548,16.06178398235547,14.874798592363842,2.5094817812489363
3708,1.0852673062466347,17.51098237649725,14.863234588830387,5.191820065777096
3709,1.083384886792948,16.908493048191882,15.913214051791991,2.429575548496603
3710,1.0800001357905555,14.544558893892969,16.18303918323199,2.794376485767451
3711,1.0831947156960373,16.813551883866854,15.355669942660844,2.1623702432956935
3712,1.0834461212830988,16.57112288463386,14.630439838890558,2.499121157290451
3713,1.0838040752215827,16.78138094420941,14.734957886159732,2.7390883804731145
3714,1.0883388139902455,17.643741704702347,14.912694410044463,4.045270297236649
3715,1.0832057737301464,19.30099401100214,15.179670372465441,3.257413275999687
3716,1.0843455795710857,18.18987005063996,14.913984431972844,7.239906818883483
3717,1.0841440878203608,16.32504832516805,14.97105536681103,2.8039802934477183
3718,1.0866374129963376,14.526836217465029,15.76442940284497,2.6829014976970704
3719,1.0856720514591405,16.806489396503522,15.484544275456061,1.7254419177337508
3720,1.0859256110125957,15.304786069379634,15.191830573407408,2.3219132467886143
3721,1.0922602481418984,17.265341499911095,14.54202665279679,2.945701926492253
3722,1.0887305938350915,19.55536043996149,14.928939142853412,2.4205231498678867
3723,1.0882048906061144,15.251971012571381,14.73696006888051,2.4740203837683463
3724,1.0870183769907886,13.61695687831617,15.593369251556645,1.8285661744441863
3725,1.0870959388833186,14.872711168603,15.59392559186538,2.4344963904089356
3726,1.084814424954871,14.23449626671934,15.62866688245706,5.38627607460813
3727,1.0863133909928677,15.95209935837495,15.441820751823133,3.692852125733642
3728,1.0866668918529074,13.880944843387967,15.10969793551582,1.8518935660696156
3729,1.0914442009839038,14.931820878778082,15.074574398429661,2.45745835747163
3730,1.086319995455387,15.620325594611169,15.612639430921092,4.5718621507117385
3731,1.0892956210596823,14.754286534990845,15.157347452329349,2.7308670224882117
3732,1.0909638726816364,14.13178053843622,15.143730116962786,2.6926500676543235
3733,1.0880761649118302,12.929194117397486,15.67298692624354,2.813454568627361
3734,1.089959500631873,11.343105506272753,15.224930945743184,2.287147497083922
3735,1.0862992684918125,14.216808274648546,14.982901028098013,3.071896535994883
3736,1.0866076320301385,12.741225215131282,15.41642951382928,4.018533868308303
3737,1.0937432270245961,15.535742304159063,15.187331148514092,3.1025425892705396
3738,1.0897891646650613,13.053030718403994,14.769090484723412,2.4606998001921316
3739,1.0954058712925816,16.150263397254577,14.524735033701925,2.5315460726098635
3740,1.0902441773934648,13.71792007367228,15.52027458384776,2.854179828228077
3742,1.091028013352385,12.900794420634984,14.774963735073024,2.7104224933334713
3743,1.0893962422235859,18.000383154985517,14.833884832701921,5.765107723242792
3744,1.0946324850609026,13.613172835918418,15.073582872598516,2.587239568189536
3745,1.0903725917570872,14.179231517543862,14.393684511733857,2.7300132069373313
3746,1.092783262745724,12.519909069897002,15.072739701508755,2.5818992210208522
3747,1.0941341276751544,14.86576055052742,14.530090347533173,2.0310130064960212
3748,1.0899835319758917,14.458240568938926,15.106580847753557,7.011902507319872
3749,1.0944188154259127,11.94804126516364,15.114112176753622,2.1630964556926875
3750,1.0932774775822969,11.575540403081167,14.77411477884432,2.404307616839663
3751,1.090042892566926,10.321727304791061,15.677969402632637,2.53663103138204
3752,1.0947364761405813,12.004977186439366,15.671785541064317,2.712023029855688
3753,1.091183692268555,10.848344828942967,15.92256547274886,2.739165720443499
3754,1.0934599807812966,15.385864230049673,14.969039896420027,3.6882561393423243
3755,1.093293223275589,11.975426040225898,15.235598063427584,2.9831505265438434
3756,1.0926129381846899,11.230632421105526,16.168812221982353,2.229707559123371
3757,1.091805460721411,12.004444414073415,15.72994614350342,4.477550375262388
3758,1.0958023505449626,9.872637323212627,15.213512696899361,2.684486943266975
3759,1.0923169531201156,10.720132148037166,15.768483896472285,2.3821654097701734
3760,1.0974033308605726,11.120680343298238,14.791426855312025,1.9548792364318073
3761,1.0975523424429898,14.270115154541905,14.785512657711472,3.2877229870010507
3762,1.0960244687415266,11.054568636269805,14.742860375999241,2.546204707464041
3763,1.1017375579703064,16.358164810215083,14.923209876733889,3.242903924498041
3800,1.139374680419967,19.42276016331349,14.02002227430246,1.4335572588218033
3801,1.1089597406400922,18.487182189859386,12.68312702976667,3.532092033445869
3802,1.1036616744423564,20.66382837174086,12.479846242707184,7.797615198941608
3803,1.099584224296072,15.415530898968138,13.718258769894591,2.2233576397828987
3804,1.0921815468843985,17.63877629305189,13.983023389117706,6.2412632556922665
3805,1.0920444261549647,18.35550940249521,13.809446452653871,1.7904953174012
3806,1.0928988932513615,18.840487206006557,13.598850075636465,2.415831451927141
3807,1.096290614649503,18.771116881349922,12.862885962716147,2.854751613672606
3808,1.0955686027266824,20.603078393450147,12.821531576006153,9.068746363271156
3809,1.094454530794931,19.57867458374615,13.632279485454712,2.532680847251218
3810,1.0884545482697296,17.655225454554994,14.175846955890142,4.418454004421851
3811,1.093977936561484,19.858491026948023,13.528786037378236,2.8598686178729693
3812,1.0944894575905741,19.587278127129835,12.377136497943614,2.6180752736192208
3813,1.094076203688223,19.812924968296556,13.29056498081367,2.613987121086996
3814,1.1008947255592305,20.78245617010523,12.719033837523494,6.122660380821036
3815,1.093631232844447,21.979135679363186,13.18523275639996,4.838840143801996
3816,1.0949756654069256,21.05263564890211,12.92284883819036,12.630590074497768
3817,1.094405693314158,19.209949433591678,12.378000306506763,2.631332098954472
3818,1.095372533479655,17.515688317485914,13.389596993611836,2.590576221487337
3819,1.0936783720074401,19.680325944368015,13.554085833351746,3.3324716799033736
3820,1.0971231346849672,18.09517154957356,13.522200801104777,2.3531502883221034
3821,1.098751150426828,19.95998597582182,12.612059224457525,3.25182170297429
3822,1.0993383569488282,21.828668701172194,13.39038928425706,2.6656481885325
3823,1.0966926525433078,18.31342083486777,12.79421131739639,2.6352546595237616
3824,1.097529810244169,16.56713189123583,13.824827579243733,2.4485511824332504
3825,1.0978969687381765,17.899339375561745,13.631691611577342,3.3283538976545244
3826,1.095081741925293,17.478714762660477,13.513738919231532,8.451505693621169
3827,1.095779870394715,18.95250168142042,13.395013807665176,4.309573528104381
3828,1.0974995242234962,16.722829308477344,13.896010522491558,2.172739929299896
3829,1.1022068754746672,17.968531900217577,12.832900130898471,3.8593021178675837
3830,1.0969901559832316,19.12779598700848,14.177980765157805,7.174613313193328
3831,1.0992966005108955,17.92381618347009,13.067957330555117,3.4524993503111054
3832,1.1024297811977168,16.80266989531249,13.362321628256955,2.480649324386105
3833,1.098411356629112,15.614874159917095,13.439999025662257,2.3435885231293314
3834,1.1004630494525647,14.577817272974716,13.701899257253734,2.4903063154437888
3835,1.0960358135680763,17.338159898932282,13.407867476555772,4.344677013384989
3836,1.0982879009751192,15.927510959617784,14.122733818959865,6.066171985720689
3837,1.1022986211025267,18.34466315571089,12.660857301095412,3.58824989054026
3838,1.102272460363143,16.18685744115875,13.08961815064794,3.011440856698397
3839,1.1057447777786924,19.092538877360074,12.71810703447503,3.3802121178932385
3840,1.101233301143852,16.81822570480094,13.357644134339493,2.381187936620635
3842,1.1009716073454083,15.821689708400847,13.058008890077954,2.632318899271965
3843,1.1005075320697983,20.54008308864956,12.57848781950887,9.115721256547571
3844,1.1045523604870866,16.72727492834024,12.851933893485162,3.101652602937193
3845,1.101610893348891,16.898186547912335,12.48430045025275,3.0223909496753567
3846,1.1018946388976112,15.472966517961208,12.85606335776223,4.569677451694726
3847,1.1011373974870946,17.544726790830627,13.23236371118629,2.6869916708992823
3848,1.1008768540892457,17.471412801758493,12.633172281350502,10.205515726529818
3849,1.1042511642576298,15.110725346102605,13.225421680460475,2.8019375849640302
3850,1.103672653539521,14.577340965250736,12.99380705858455,2.246060565347304
3851,1.0987514096618252,13.317743090920375,14.322728390630378,2.3922820192522516
3852,1.1028769029497225,15.186824941140458,13.672380025156714,3.9925808153124605
3853,1.1012919464508404,13.824017813056384,13.760173998247645,3.9136832025199784
3854,1.1043266084264491,18.714421194323926,12.470714947951095,5.896934858607007
3855,1.1053356402106835,15.10254125398624,13.122883485441802,2.5257369631120286
3856,1.101421787139234,14.388690627460516,14.381914992848065,3.0891112197927173
3857,1.1032702557148382,15.09139977635185,13.657653214786887,6.479427505533179
3858,1.1076962633622538,12.733509275979692,13.117949860747748,2.852307413747561
3859,1.1034913705245437,13.818987877419655,13.701471383116429,2.0428427583638444
3860,1.108780298692904,14.216639024136091,13.219609395380466,3.0280923151856833
3861,1.10944690947816,17.07889666881452,12.677062125609556,3.099379570164588
3862,1.106677514265456,13.66947120304449,13.031474976112936,2.681310000515385
3863,1.11126055932224,18.64895367462161,12.52263183139395,3.437215425293481
3900,0.22095418722708532,832.5401493061079,29.499999999942975,15.823756228594862
3901,1.1083320880245622,17.537137475371804,12.323155402885387,3.2965449906633695
3902,1.0993385706603749,19.825006467000712,11.878529331636194,5.416305927225082
3903,1.0942916359148869,14.321234394701797,13.816990167247742,1.3250339284097727
3904,1.0864107034592423,16.52158418220083,13.581898522034662,5.280641547368052
3905,1.087121920322066,17.677274138168844,14.075041818438136,1.6138932858990316
3906,1.0883794748629059,17.963716435929808,13.2700880814754,1.6545257502800992
3907,1.091714697628923,17.79813869733965,12.486877565983589,1.8093932954592085
3908,1.0917220755285066,19.19579146451152,12.56370851687316,6.611089097225841
3909,1.088242559410347,18.557833865488558,13.966743871718464,1.7314667914303916
3910,1.0848035431654934,16.42752930614117,14.065610551996736,3.4227517004426646
3911,1.088650350759519,18.318818265321326,13.369262768956583,1.7126292468848745
3912,1.0910375702812363,18.45127256873342,11.867525040427175,1.6969803822443814
3913,1.087670047160793,18.83597453186568,12.980880795580621,1.578126575991371
3914,1.0946399288929645,19.517596010213694,12.369169537631796,5.740957758632564
3915,1.0890532168129055,21.08760134049348,13.074161036917213,3.5168532101636045
3916,1.0897219944246732,20.052610789356322,12.444223215674754,9.933227376520248
3917,1.0908060537840354,17.885504010886766,12.16685819594002,1.3729705223812307
3918,1.0912640267599165,16.430162242181012,13.313700732149247,1.929888324276886
3919,1.0874360041964732,18.773424873985558,13.089789506849915,1.968103444705554
3920,1.0921542308314671,17.301946972489873,13.078638737577542,1.9722569272671513
3921,1.094394326778683,19.1195194574483,12.273022247346473,2.3321275896092457
3922,1.0932172656263206,20.74633898929359,13.197194929895215,1.54057755405956
3923,1.0914120193962693,17.10317729050222,12.726171465135861,1.7899904113034613
3924,1.0908176195329704,15.574968975547922,13.825945406108383,1.615133859582896
3925,1.0916496937101676,16.857062332683324,13.563814369256317,2.578776342118048
3926,1.090120126287995,16.07501698411203,12.991835382458921,7.11343610372438
3927,1.0895485352209258,18.123063205650123,12.52382630292855,4.490255848625248
3928,1.0912131234000646,15.684742558395227,13.224005871413835,1.615774794428576
3929,1.0977969319057868,16.975847043751454,12.569998123388148,2.6374976396989376
3930,1.0917584340436153,17.680967928972915,13.683022304437394,6.666224257126909
3931,1.0945434926520399,16.596579607964113,12.885686609317693,1.7749743151570543
3932,1.098276155313576,16.120337272952522,13.172066642533562,1.7771844940804842
3933,1.0915530922652947,14.78231172613008,13.308599803196676,1.4871584577859407
3934,1.0957044152807027,13.473246794323332,12.98863411172519,1.5062945203154567
3935,1.092352714517155,16.6797418879525,12.814705242366921,3.568296000782823
3936,1.093515530052039,14.587887546681626,13.02171629562887,5.173809018594843
3937,1.0978568754872082,17.210737473787024,12.508588023490459,2.373937095519681
3938,1.0950666267611315,14.954889266348903,12.767140673579084,2.121431836804111
3939,1.0991754178922823,18.036758664577043,12.43790108479799,1.8864837617024681
3940,1.0973730013233947,15.397947471421293,12.98353269359913,1.850092234297003
3942,1.0966600502140549,14.82586826881726,13.124891326636078,1.9395582982341397
3943,1.0954438795099002,19.698925710748604,12.133859918795435,8.11670298967141
3944,1.0984230630869127,15.870434390494438,12.75705380202334,1.3416457187348474
3945,1.0969904019607235,15.936690017636792,12.59178649435165,2.4201336322052303
3946,1.0972845500831452,14.404599347400644,12.83033397977382,2.4494310590645076
3947,1.0986968294457982,16.366671813775813,12.830603360144075,1.6696992591594435
3948,1.0973058176608363,16.04071839942015,12.725786136748804,8.358262001793044
3949,1.100510083230415,13.969129457664353,12.993250602506818,1.9654424401806894
3950,1.100091206683153,13.580801329366132,12.347516674447863,1.3644026892035395
3951,1.093966874488263,12.520896463028256,13.865182020936329,2.328585386635933
3952,1.0986643296958125,13.744170741371109,13.074623561034452,1.9565736329809098
3953,1.0957922982081705,12.865289043913327,13.638792298461697,2.4701171315631556
3954,1.0985369823071673,17.721098227818082,12.138941474826796,3.9889985695652896
3955,1.0997018694003888,14.03367177813194,13.087352037239665,1.9318701751243452
3956,1.095573810042829,13.350665613174112,13.790423569837367,1.8002657821027515
3957,1.09676292603284,13.961534802727785,13.374857094359236,4.8209709565336105
3958,1.101514494705024,11.535706291828506,13.122786134646837,1.7566084505976196
3959,1.0970072992634556,12.744504087850617,13.720535979060513,1.514079291018673
3960,1.102223992329414,13.082491250579055,12.666065189235992,2.230125220067481
3961,1.1028443348055885,16.028224941625677,12.220806020816408,2.45451238791211
3962,1.1005425599342666,12.502764867479979,13.231348550996696,1.9091060264100372
3963,1.1091383228143596,17.83452497067967,12.70399956869393,2.3892745645217426
4000,1.1178044148597235,19.203289207680086,15.669151781826336,1.3184967471713473
4001,1.106976912413653,18.27122132723453,13.333621313318847,3.065467636920823
4002,1.0993279044369821,20.580180413283287,12.590269115253742,7.143034757460618
4003,1.0926892867504363,15.074522132091404,14.68476576999806,2.0850985321254756
4004,1.0880786231048536,16.975804718963346,14.088882405891194,4.066210139984536
4005,1.0848075248090348,17.84071773992102,14.7219011089245,1.413302610257085
4006,1.0886397855259098,18.441735666261216,14.418690070266857,1.9770948865328313
4007,1.0915791485445419,18.360475439514932,13.71026094063526,2.2735500105603776
4008,1.0897361184274559,20.1469267058107,13.838667429383436,7.213679881844553
4009,1.089376023826116,19.4142093105434,14.845679099274399,2.132007413038951
4010,1.08357120756175,17.0386171019376,15.157121504762468,2.8608599015737073
4011,1.0873943295723272,19.007899882148234,13.967286379885167,2.0506338163471733
4012,1.0891216419306713,19.40230873324006,13.133232157115907,1.8955675799366718
4013,1.087211569881951,19.568963051706678,14.222969582386893,2.165089591507018
4014,1.093211466556184,19.98985004059063,13.489820656207298,4.498965153472227
4015,1.0880309442336256,21.732171218884805,13.665480800773288,3.316976003564348
4016,1.0864611275471905,20.363965429578684,13.955299668202434,9.191859514629865
4017,1.088295836917395,18.468385262314296,13.923508907206315,1.8124672309396666
4018,1.0904176410577529,17.017817270247207,14.575392265606641,2.4921433414799425
4019,1.087313401749673,19.1656302949383,14.227655540433691,2.530757870480372
4020,1.0903077327883792,17.54488076181831,13.887071240920083,1.993420782088019
4021,1.0934761074298045,19.449093322634994,13.640502977613748,2.9913819086196285
4022,1.091853258646075,21.748818889894125,14.276147588873037,1.7079872078472813
4023,1.0886848777723506,17.696571387744157,13.52152698407521,1.7034117953220824
4024,1.0915616725920247,16.18792967612888,14.803453431896417,1.4831425322608913
4025,1.091610405348153,17.418702570413362,15.069877949189584,2.1503510323725075
4026,1.0900985837578572,16.713962358697344,14.381209556470724,7.7113017918631375
4027,1.0898079494089048,18.813187800032523,13.3268390246516,3.458120435979064
4028,1.0902926429883195,16.243235004441754,14.477029200246411,1.862690718643885
4029,1.094783625142795,17.622587894097606,13.559204127957985,2.8442623954049386
4030,1.0902837337251303,18.158087019873733,14.77718299442543,5.752244928756197
4031,1.0927077669452485,16.809830647266406,13.672621764531135,2.223835289751503
4032,1.0954964888871368,16.43530751919472,14.786355680611111,2.273636543595828
4033,1.0915611867632606,15.230897387488701,14.676008605093275,2.0714560740134016
4034,1.0940328049188286,13.851101154553554,14.373755552479455,2.0919762845058236
4035,1.088435765165968,16.95442422172207,14.217719394242833,3.166162456583816
4036,1.0921413749069369,15.087730363679643,14.760865891561686,4.857500349891847
4037,1.0963109642626565,17.677338906751366,13.681842878409489,2.8810491490905483
4038,1.0930317596777146,15.72689503396427,13.793834884476942,2.7449413620359953
4039,1.0997090679080086,18.468357639669833,13.879376683687443,2.239907842301935
4040,1.0950547491077247,16.129663578019258,14.21414105780905,2.3048723907493436
4042,1.0952837383846905,15.296234656012933,14.029954791234914,1.9706756920912711
4043,1.0938809541834336,20.110140144900686,13.65853931932997,8.433921908075531
4044,1.098198478273312,16.23468628573045,13.728194321193358,2.299757038511831
4045,1.0964149510239098,16.501519364691152,13.730075940293371,3.2072025184571813
4046,1.0959189679659949,15.043334444609876,14.077330658704732,3.042390764234796
4047,1.0969968516483182,17.262785466126395,13.906861678782438,2.297440916040418
4048,1.0955264691914048,16.86486291099372,13.581595186795491,9.6797514358107
4049,1.097734295735025,14.487155683561904,14.267420636438217,2.700066571559827
4050,1.0983614460343345,13.899970064304389,13.6706363817088,2.506100435529691
4051,1.0949678449925555,12.901679033310964,14.764280090915731,2.31542233745788
4052,1.0982671353567273,14.710411427328314,14.262114201297198,2.70242367135159
4053,1.0954822574702314,13.456128956212345,14.731921318411791,2.60276487920645
4054,1.0983176065371785,18.000853376380217,13.137158015912942,5.550028203196002
4055,1.0960379322165335,14.507356299413527,14.332117013023392,2.8147264533910312
4056,1.0937913917809496,13.913591193332143,14.881830723527138,2.076257311229615
4057,1.0968503737051007,14.329006335514608,13.936141203329544,6.157809514821284
4058,1.1013705490844872,12.119491746280943,13.907220146241267,2.1860124126991556
4059,1.097781863164512,13.458816578895098,14.370242054246525,1.7601770758921704
4060,1.104272485684492,13.291169219920699,13.860736541204417,1.8954120612194376
4061,1.102462860336814,16.66560336180732,13.234611305347125,2.862570266460623
4062,1.1005058702853838,13.275132958401027,14.470009609750726,2.0211013698331306
4063,1.1076339339639507,18.050229513540515,13.332191527349668,2.820765375516044
4100,1.0472824346839003,35.57355368883947,12.968727182071095,1.0811564877357391
4101,1.1031690135495194,14.542846735612384,14.393075776237048,2.8979144881077232
4102,1.0933612812639182,16.748894377597942,14.169951398147065,4.586681791871917
4103,1.0866415898428683,10.520435473599758,15.737642211567977,1.6967432509309166
4104,1.0801350758320956,12.852488723220441,15.634985706722016,4.162486717336355
4105,1.080339792168584,13.59049975747075,15.62570164922133,2.257829004835252
4106,1.0840717049368416,13.923946743473241,15.027192044634681,2.817432416632307
4107,1.086452528667267,14.277636790939944,14.407845667453936,3.2724239173375693
4108,1.0855517188339956,15.72562985831184,14.52151050546618,5.031483005288697
4109,1.0835868949111316,14.808870238295112,15.777521257199913,2.6724251204719813
4110,1.0811790302934476,12.946578506025915,16.130346626920222,2.541534796130749
4111,1.083387033878455,14.683627490676892,14.908335506171989,2.443736494987652
4112,1.0850966457259996,14.81243221256971,14.122797397653448,2.8565178166642657
4113,1.0829407233971362,15.176167288553176,14.562742463527698,2.3406422543501515
4114,1.088748697477579,15.70370580962892,13.882999170589025,3.624028004750927
4115,1.0842838275948241,17.135161121139085,14.716576655012162,2.767840125089814
4116,1.085444554130689,16.34538092691162,14.609431702119878,8.344172677866249
4117,1.0838101602597845,14.399956498853046,14.29030443089399,2.01191463244176
4118,1.0851415038804069,12.984803563785901,15.336196444258869,3.306037532731123
4119,1.0849394756467903,14.806920458819912,14.991178189021968,1.9756386138534567
4120,1.084773134806249,13.607530030538136,14.62827565502089,2.577473512441299
4121,1.0894855662362257,15.133183691364703,13.984363876091427,2.366655843094457
4122,1.0878618634438577,17.13336930370333,14.724279179748978,2.678238256350831
4123,1.0844500971768682,13.582315454391363,14.739621098044978,3.13534784932392
4124,1.087194985628457,11.891477843312742,15.514841159530178,2.6905293969917503
4125,1.087202334815317,12.835203444081644,15.683197841647338,2.5303713332055358
4126,1.0846174341586177,12.202331961861608,15.56897506525036,6.461095876663885
4127,1.0864792046037415,14.402627361270648,14.780235885712377,3.1053071060201227
4128,1.0853159825750611,12.00012035494358,15.004247284124899,2.34988524640683
4129,1.0911565092863222,13.370072661996836,14.312037345919027,2.5185497456536585
4130,1.088179408175573,13.948673018186756,15.489294965354542,4.185609590033101
4131,1.0893806591403243,13.042232813732149,14.44128301225861,2.6120533745942214
4132,1.090718106142143,12.044539064533366,15.17985454379349,2.1288098130917628
4133,1.0882916167514733,10.98077255869602,15.130074303103811,2.79486233924268
4134,1.0920565565495006,9.743186665670198,15.322925492040287,2.6639549737718653
4135,1.0858692301356794,12.632793747454851,15.173142577196934,2.739654515314088
4136,1.0852597696254074,10.795682559200616,14.830943370563269,2.9816019321888927
4137,1.091431156581831,13.4692871031563,14.636813880715932,2.3623888169377443
4138,1.0893824755243362,11.356371356866724,14.631431124887753,3.2124979399924887
4139,1.0938636343538093,14.508993991127886,14.331966312614233,2.835961946541438
4140,1.0905742776562213,11.930004149416039,14.831579285674986,2.5184189585928354
4142,1.093254865644136,10.9907337751458,14.974925312079936,2.742583374519823
4143,1.09352311643476,15.7566676236092,14.815832735345168,6.800611153039082
4144,1.094603430566173,12.104515220573044,14.592056235390196,2.40099475670146
4145,1.0920506693378569,12.255311946392842,14.443946587906142,2.4990451483561387
4146,1.093469896161862,10.511109029456865,14.511953820946635,2.3243691353904516
4147,1.091402277135605,12.870102167124783,14.212104509450503,2.42088879353423
4148,1.0917960446404458,12.560756414116835,14.77756926907614,6.88103962493794
4149,1.0929201378231106,9.98451321136189,14.860991753105553,2.44118964629065
4150,1.0927369811921788,9.842617286604854,14.418940605205476,3.0567596820954583
4151,1.089868377828335,8.704724846947716,15.03536041875919,1.9874425856282982
4152,1.0945056639627313,10.079982998582672,15.131443958157579,3.5978762189829214
4153,1.0921094593586507,8.749289932399423,15.538968383537005,2.724473878787481
4154,1.0938568321908897,13.78941801640398,14.159047996263679,3.951649588564567
4155,1.0929775199347254,10.45453791132479,14.31099030171948,2.5176748989848563
4156,1.0919084207481156,9.48850261218868,15.411578531471454,2.368970029329471
4157,1.091510629483014,10.167356958087067,14.710078346673347,4.950936405331542
4158,1.0934471924971148,7.970963739005893,15.11648090850008,3.1203371133446516
4159,1.0911628684730896,8.385336807946365,15.340104919562892,2.0132562039356285
4160,1.0972313935250209,9.528966479775654,14.659058875928249,2.229736878441944
4161,1.0971418556298074,12.331560618199868,14.335447829539905,3.2150442655990523
4162,1.095138469280644,8.74598895177481,14.817382020580975,1.9277486511464332
4163,1.100173689125983,14.433844142227802,14.767740916303357,3.550065640719626
4200,1.1835512141599691,11.479762298859509,14.312979852720673,0.6717838717598608
4201,1.1056650571763225,15.394867937141838,13.738267455943712,2.12997111406236
4202,1.0977712274502067,17.45464626387768,13.441258746589284,5.515305845868199
4203,1.0913946224064826,11.736518646050083,14.691555036636274,1.6566314420467545
4204,1.084216094645997,14.167212488046388,14.5830391004754,4.363745483368099
4205,1.0841818540639538,14.476010418953143,15.24163285567801,1.2142894875469858
4206,1.087430212644921,15.636500607044205,14.434377813213729,1.6148553932480856
4207,1.0898937692857142,15.18413088165313,13.60832440950592,1.4758298462924215
4208,1.0879095046157923,16.80659417446024,13.96546997612436,5.197852746941469
4209,1.0860892271589582,16.341439051444276,14.830046948584457,1.9091380061969478
4210,1.0816534162476208,14.19882537843466,15.50950396594134,2.6935555329909633
4211,1.0877826389763223,16.005228508550104,14.077851749137347,1.767042289246162
4212,1.0862578018135125,16.190451689512965,13.342422228484478,1.9403276703816954
4213,1.0861856763855737,16.147513017379627,14.059196497753499,1.577959959311221
4214,1.0919038614311503,17.0179443121719,13.896542352428959,3.411935693534302
4215,1.0863711012882917,18.727804176377564,14.339785951086478,2.866745108147303
4216,1.0868102528137555,17.375164075136283,13.583158241600637,7.898422393541413
4217,1.0860091123332236,15.40815016109568,14.020473196033661,1.7036980771226706
4218,1.0878670907816235,13.973303980947874,14.61633796499822,1.5407359389267494
4219,1.0865872078991075,15.934689409250193,14.463563570830107,2.014195764049357
4220,1.087716706658856,14.670382998174896,14.338212261110016,1.599997594288105
4221,1.0909584179074856,16.408451344903092,13.788782739340684,1.8188366724646383
4222,1.0920454556575654,18.60757766803082,14.080523013193462,1.4294116200954825
4223,1.089026715124159,14.598067734258205,14.06281409383312,2.0430019812536577
4224,1.0893188875613435,13.271833321997248,15.0858274176159,1.3827860015473012
4225,1.0883676297849665,14.347242673553385,14.91788996510514,2.514175882208402
4226,1.087024612563556,13.56749548412615,14.85548180293114,6.562452182541982
4227,1.0894902872498866,15.820673520529953,14.008683478896048,2.748012188807265
4228,1.0891478099257725,13.258799410898602,14.612085790008656,1.521098918119985
4229,1.092258934537863,14.268099554634851,13.729744646203079,2.3161000149725512
4230,1.089971147175331,15.197616095786334,14.83736575776309,4.69735903616305
4231,1.0888577672479454,14.062022614611415,14.136054371786406,1.7745671926355073
4232,1.0923651724517645,13.4456137010315,14.713251845837164,2.020984699432602
4233,1.0885846727189292,12.08234694952364,14.957119726629688,1.4329666902172662
4234,1.0921950359928803,10.83658266034639,14.680136598748252,1.7501102160765238
4235,1.0894166283353768,13.558597324718226,14.220943727476017,2.574548674499886
4236,1.0889407312980595,12.01870564772934,14.41575151904294,3.2623964632836593
4237,1.0930642796971035,14.721866134539004,13.97496781001656,2.4660736948978887
4238,1.0925606666151593,12.470465423995748,14.241803724874286,1.7787650582117327
4239,1.095722602675697,15.538389205046858,13.837385157508933,2.61959419566518
4240,1.0930060324747772,13.080927725020219,14.390812970886213,1.9149532121226842
4242,1.0941770480338782,12.239922662357543,13.72870835847493,1.9300328191205305
4243,1.0946013675109443,17.383159784992237,13.695952436350572,5.559897689888698
4244,1.0961421650880603,13.280489785050792,13.889359169676249,2.2665851969612913
4245,1.095548314909366,13.360750421350268,13.882298362581915,1.9771677886982768
4246,1.0954010308102682,11.764025275135198,13.924512614292512,2.0729692848726198
4247,1.0958139824370534,14.029399486410085,14.279968854747008,1.728424152776555
4248,1.0933309921957348,13.725737512916186,14.117200816224686,7.157118806421409
4249,1.096189033088774,11.408569014901754,14.387673888836733,1.810109699047088
4250,1.0954324108987776,11.102206763790392,13.732664887506296,1.8458949197722732
4251,1.0924857566663584,9.97516141546479,14.913837714738087,1.9721986726799898
4252,1.0959958567018602,11.35954907646249,14.333821946408309,2.192787367616333
4253,1.0940481285404526,10.008348332751348,14.987849918134414,1.82602813058487
4254,1.0956962714907303,14.878811934164412,13.295716141846333,3.5252750733861955
4255,1.0965203373112753,11.450183565488523,14.18808683705597,1.922764214895084
4256,1.0935387085059556,10.790666010007683,15.286950926710716,1.5896046354929836
4257,1.0965360694298694,11.162544427536083,14.241609818288703,4.307395583388709
4258,1.0982972834804627,8.939450065234572,14.218545398258671,1.7970693789147043
4259,1.0936712398139496,9.832370035183864,14.727988418634613,1.9898137026021625
4260,1.099559412067645,10.660348913525914,14.074910801928887,2.1519662459563724
4261,1.0988930681365783,13.711183348073781,13.787378868453132,2.529747778691679
4262,1.0997031595002316,10.027072489317463,14.151701925896749,1.6957191926424044
4263,1.1044824654229788,15.284518049352645,13.889240528853788,2.2866931859275126
4300,1.072333237139244,26.487825402012753,14.961052476852792,0.9906708936598629
4301,1.1105465507158963,14.882486881435517,14.346963657825652,4.009395308448307
4302,1.1006008009029213,17.31823312896455,13.572708718989073,6.23635866230152
4303,1.0957950678097395,11.839805736171515,15.188409726276479,2.240177658194594
4304,1.0897204517515575,13.973050772666712,14.827641503964387,5.221472715034372
4305,1.0869337725651598,14.58625085384639,15.923955028761892,2.4671628125719414
4306,1.0873067303822703,15.31923197887889,15.036596917495787,2.8644549555829686
4307,1.0944035547336162,15.059868298343732,14.680694400932481,3.1931182143109265
4308,1.091935625797347,16.98152792817676,14.267954266438199,8.091346071563324
4309,1.0904535528641166,16.248103239483907,15.704873176827467,2.721806246474399
4310,1.083824249032899,14.227882320136969,16.236992653918875,3.254125977593949
4311,1.089184889046842,15.65101817670826,14.760654480161689,3.12190112760711
4312,1.0909626494131917,16.146406672827894,14.173614094727174,3.5741939877856566
4313,1.0907316464713168,16.193848462119593,14.478647796259486,2.50030363883662
4314,1.0941660872250631,16.89232062076147,14.644009199435763,4.916978096384755
4315,1.0917233199800083,18.381439020383297,14.733924864346722,4.535055798007059
4316,1.0913823863524743,17.09821936927836,13.986297710373336,9.6745965045137
4317,1.0904789017666607,15.220762118026185,14.770344824741091,3.49951695442455
4318,1.0907273617790418,13.359676334160218,15.103726316989476,2.809741241969736
4319,1.088581750218372,16.118686985362604,14.920622635812983,3.5985478176054984
4320,1.0898263082799102,14.541161157987005,14.982868308457174,2.478814580575567
4321,1.09511872668987,16.26807414405308,14.479072074747117,3.096597736783758
4322,1.0949424190038513,18.13350911405376,15.090771882040944,3.3761075577349366
4323,1.0921386263302795,14.235769993137207,14.511533738323678,3.4275216871423897
4324,1.0926988996009146,13.038693543511489,15.766457822847588,2.3902572348700497
4325,1.0918705224771679,14.143624385956045,15.760252419007259,2.925327562278225
4326,1.0912590584540012,13.502833720724858,15.561904374406259,8.141300498666956
4327,1.089896781462707,15.396462181746575,14.972947573661408,4.387332795671874
4328,1.089990824825748,12.792827399096746,15.530096726863222,2.101472065365779
4329,1.0966039923861632,14.281872726586883,14.634828512816327,3.432126743671172
4330,1.0897324037498948,14.982185390992345,15.617208180121604,5.589931953493984
4331,1.094043520315021,13.915784723263984,14.836229378808603,2.4464624104057564
4332,1.0960839032463634,13.437544938924308,15.426371236017403,3.1458566984589518
4333,1.0925532422505742,12.042540992800097,15.166922779698261,2.659127564716439
4334,1.0970570289691897,10.526016177593679,15.52545659098789,3.3516707927864156
4335,1.0910535018378893,13.681629734377086,15.484079945702073,3.3180328138598028
4336,1.0907411824225663,11.917009636587677,15.35674778189953,5.291802978183198
4337,1.0968765841909898,14.658119237930322,14.968428875662173,3.809917060967282
4338,1.0949492634912652,12.624793342378052,14.761778610312254,3.4873239788927144
4339,1.1006160515086787,15.287846461113823,14.984586787502948,3.845802510285932
4340,1.096387857501484,12.726754967983547,15.179910984231729,3.0506347410644037
4342,1.0964515236523322,11.818036592809268,14.76854620876455,2.8452661089532585
4343,1.096773949187278,16.712409018474286,15.107936660791962,8.615145410468916
4344,1.099789964880379,13.12656190726067,14.818073496273671,3.4562719549879297
4345,1.0973447849528837,13.55016437649476,14.591193993985465,3.2791662975357347
4346,1.0976794435130457,11.743428890829367,14.63418706455767,4.253350880611077
4347,1.0990798541556557,13.870982365131995,14.732639658254275,3.16309344422323
4348,1.0968711812088023,13.753733167957302,14.661523269181881,7.427528168932278
4349,1.1015475166709319,11.26649176936869,15.092688844306105,2.5750201095317746
4350,1.0997460053865866,11.02580110932631,14.968214973886248,2.9169818487218744
4351,1.0962173159786184,9.633046552055344,15.307685906134381,3.043741215968515
4352,1.098957296431392,11.225725329888885,15.315236464163965,3.749688027569435
4353,1.0973245722620975,10.32095458464217,15.73634199309138,4.626062181620203
4354,1.0986923977881164,14.703817716200172,14.561926014256239,4.930980902278368
4355,1.099478645509939,11.21112408821986,15.018084800499468,2.968797063000412
4356,1.0975779276810746,10.419649906018961,15.924795281325553,2.483191943964187
4357,1.0974479682188971,11.139860708877379,14.975540803156274,5.6494745736374785
4358,1.1013723003552092,8.785295596329094,15.178985667350476,3.6186400165103962
4359,1.0992928217083053,9.672515431241699,15.528342932871361,2.9088435325838295
4360,1.1017879620599025,10.60217363207434,15.036072669408888,3.532065939829286
4361,1.102388931495045,13.492747861891566,14.33248657793052,3.3256931788599515
4362,1.1030092185046019,9.986875844772094,14.886529344289356,3.3059388109151073
4363,1.107094507210112,15.112115855097647,14.48318029714729,3.696458854330421
4400,1.1130486919832965,23.44056327961857,13.762094015837368,1.2687457781684177
4401,1.1086801851129497,18.930776866922994,12.5865471399381,3.8885994055071236
4402,1.100722245250322,21.35415822493104,12.192669391422374,6.794234647822312
4403,1.0952603057698718,15.855681508395028,14.0345432242021,1.6978842367542781
4404,1.0870651828340643,18.286735372911398,14.013764415705994,4.604490574057165
4405,1.0887299793771044,18.995698263133903,14.185682736031621,1.9840849752822876
4406,1.0901396631352054,19.545826440353494,13.396016532897294,2.083537259868346
4407,1.0931026379015187,19.482241160168535,12.976245460646494,2.201381728687224
4408,1.0924380458708811,21.233670974486508,12.509430499148342,6.203342905426093
4409,1.0899427762868836,20.17834250947746,14.132956242982859,1.9111794856620057
4410,1.0871787017520118,18.17154993710157,14.443486379704677,4.037965292499873
4411,1.0918563277074484,20.4604561541801,13.326153117515297,2.280655863053346
4412,1.0914879183916062,20.199353178661273,12.066036815211163,2.2798320012375632
4413,1.0909484757273142,20.581569766376212,13.063768709319648,1.806213860575142
4414,1.0969266854811393,21.159642890462866,12.61274456655212,5.631692616799008
4415,1.0913147642955567,22.916027302240476,12.979132534213573,4.012667857900051
4416,1.0907974305771484,21.650112709486415,12.416471912534869,11.864578359078866
4417,1.0920289945977164,19.5703068917052,12.974897206760222,2.2831139155733293
4418,1.0921966071929199,17.9389952475425,13.533164329551102,1.9927488448332333
4419,1.0897136983331477,20.255177633692515,13.773642224725583,2.7831092403456057
4420,1.091118124377586,18.993340976248682,13.779513144473043,2.393667523907712
4421,1.0951763000827357,20.667186958352428,12.56454938197346,2.5125980001234773
4422,1.0960899904900223,22.533881301382934,13.466605454520945,2.325520509801192
4423,1.0896548217462392,18.869738491317808,13.125283342933155,2.141955564677119
4424,1.0925019315679858,17.578333037531877,14.07342834368501,1.7579271096579594
4425,1.0917476190204052,18.34840353627988,13.72220479374375,3.274492660949441
4426,1.0898886506456877,18.028024220545415,13.568487128485888,5.349283090286224
4427,1.0886767873330336,19.762670520508674,12.988804888511265,4.751497365155559
4428,1.0921356911938072,17.414173323008438,13.790549828534504,2.070773410423307
4429,1.0953144450579297,18.840826258973586,12.96808090771685,3.8421060237348756
4430,1.0911115725727805,19.347465641077314,13.688620661536506,6.245879803888069
4431,1.0946251037784909,18.218836940770508,12.812759633625582,2.0249383152896288
4432,1.0962176805666812,17.66364145365906,13.646908365684235,2.4009646323594995
4433,1.0907508007494369,16.404273056814496,13.920205992377404,2.2831905837903963
4434,1.0962814605851732,14.73362295156882,13.777930136813273,2.4150112326039403
4435,1.090842558972811,18.169759141168257,13.7917223171615,3.8999110245148256
4436,1.093368218956332,16.39101020424959,13.570159493717671,6.025332776408986
4437,1.0989647850409492,18.85851426789637,12.834256451111887,3.0090485586700626
4438,1.0947174762494487,16.790428592841998,13.02964078329043,2.0413281855113383
4439,1.1002325638183095,19.829550975530474,12.764532493563223,3.044054295849536
4440,1.0958013053271358,17.463395310685936,13.423106010424638,1.7919678376094712
4442,1.096646739914037,16.54741255716957,13.08367447902453,2.5814414522474594
4443,1.0977241236642157,21.31020385932783,12.323150267324028,8.691843657315845
4444,1.0991426651436913,17.642274525337264,12.830377908543708,2.3596554578136226
4445,1.0995643885247208,17.651692631801016,12.717277162068772,2.608975450254844
4446,1.0987489547153488,15.841103949849353,13.175101381142454,2.3602657806109173
4447,1.100173565955709,18.369539243106598,12.889688660486415,1.9733214794208784
4448,1.0959640062968028,18.26417951776569,12.928064169055297,9.193864289376542
4449,1.1012199715581803,15.726158808050354,13.541079488576322,2.0351417397592764
4450,1.100918517313644,15.254805217372958,12.953579233203397,2.269762814019413
4451,1.0978459681785622,14.009290802414158,13.69624365209952,2.7187444019959504
4452,1.097578155294236,15.792171056208433,13.787083179951363,2.5017444587638087
4453,1.096288923280205,14.43027838947998,14.08832856603413,3.0461232429246587
4454,1.0973812964391496,19.185589138324346,12.894673614397258,5.325403121108685
4455,1.1004263419710012,15.558244344559837,13.218526666361512,2.0745188436372324
4456,1.0954928142884661,14.861111004756033,14.281596510056564,1.99370947205827
4457,1.0971218013998616,15.810766301000507,13.670312527166697,6.03224206333262
4458,1.1022241555324408,13.314564152091776,13.339308904909643,1.8575213959210515
4459,1.0985971438274154,13.961737333646884,13.818041786327884,1.7594132124749018
4460,1.1036120398640568,14.766123333370729,12.81767865324359,2.767159978746495
4461,1.1014387857031827,17.933252316006527,13.052988123053549,2.972273382972721
4462,1.1003216490757195,14.352459591616151,13.306268861683803,2.334960592541242
4463,1.1075075598469415,19.191006473639373,12.802290772849634,2.7055452414568073
4500,1.2450890348901524,1.302040836479015,15.057958483984638,1.2052411539809473
4501,1.1185746289656486,16.173251602987136,13.26570970179235,3.1540887256690295
4502,1.1099402062020294,19.029920683062382,12.425890303501813,6.838049776924201
4503,1.1056385629130823,13.378422164288795,14.53645384072631,1.4552907182815185
4504,1.1002344755684048,15.557702165522366,13.905054194111772,5.765336739473968
4505,1.099778360647226,16.43312765648495,14.437103853139366,1.5584897785323901
4506,1.1015317297042826,16.97882561272653,13.87373468332991,1.6860547924751093
4507,1.105747387567935,16.822412991832717,13.22491274716099,2.3365095829231732
4508,1.1025599219286084,18.430594532235144,13.124874075368362,7.220894228722463
4509,1.101746056570386,17.783627844142835,14.3129994528311,1.7356789796980199
4510,1.0960269857678895,15.832273918529598,15.202604404222468,2.8465828342947974
4511,1.1024905940635166,17.646320338390797,14.201024374197182,1.656452224437963
4512,1.1014101476969362,17.685546998888377,13.169915392769905,2.1368408825400063
4513,1.1006825159877829,17.553308040546973,13.48023622114117,2.44974401863292
4514,1.107855377258464,18.703331304418764,13.535095799279963,5.300617985293141
4515,1.1017032152163164,20.42748482108919,13.652093447256988,3.856360680251854
4516,1.1019823078297872,19.102285048808945,13.216784406560999,10.399452917850338
4517,1.1015295970811991,16.95950206950258,13.613668654480506,2.0364698690115737
4518,1.1027793218954864,15.382286206189201,14.379965388429323,2.170440518867581
4519,1.1003248358742703,17.802289729294852,14.379248508792429,3.0395575882623427
4520,1.1001452697123606,16.344579727777244,14.118568763479965,2.020940157555845
4521,1.1054164775621338,18.272148800502126,13.289104796911854,2.261166444307977
4522,1.1063652883475026,19.855238298539433,13.929821816347927,2.4618079658964698
4523,1.1025183778996754,16.2101805566415,13.655154450690462,2.70392465571454
4524,1.1031974824678472,14.818332350440292,14.480199794534785,1.7925759934249497
4525,1.1023246388303556,15.828460862896229,14.142460237732502,2.636558551046757
4526,1.0987042293861418,15.316129279121608,14.407689431528807,7.391200135172975
4527,1.1008489777931445,17.289975344716858,13.413860843830552,4.680307874838291
4528,1.1013761020380322,14.822703051391208,14.276452766817723,2.1515442287565283
4529,1.1071663163585064,16.28860195815496,13.335582714902372,3.7933133684343683
4530,1.1014633570716155,16.65006779959166,13.943711162402602,5.232386706573674
4531,1.1037961953213402,15.548375293664225,13.883357936600214,1.8460762421667993
4532,1.1053372273307285,15.229009832174759,14.380141721943279,2.017150484247118
4533,1.1028888599935829,13.886089001848784,14.540376323800336,2.8801959493874123
4534,1.1054554373746144,12.363205829765537,14.16583824493999,1.9080613108414677
4535,1.1023150846282885,15.315062026143877,14.03833393326242,3.963004802827566
4536,1.1039269290974334,13.495931593604666,13.714475693122425,5.57027971274223
4537,1.1086385802196317,16.010230047803713,13.32931716160214,2.696682343214908
4538,1.1043316286958937,14.287645579577,13.624265771316054,3.4676536391771764
4539,1.111439749801819,16.925828045249318,13.284236607617395,2.357108111956997
4540,1.1064370432772896,14.787332465074666,13.978573112427341,2.130490428968871
4542,1.1080661432542396,13.710275537720364,14.27311743332921,2.547268067711102
4543,1.1070809215910096,18.57562222909089,13.432477020365882,7.563882695126293
4544,1.1096832501893228,14.888778177933379,13.428649802682909,2.59638294838093
4545,1.10781878847298,14.815471428572964,13.436255361830622,2.9322490061276825
4546,1.109026462875512,13.788893163558736,13.693205380548498,3.0631626240562535
4547,1.1105124162630486,15.73339164259573,13.488192896451203,2.263514458258894
4548,1.108588931672825,15.456308844495712,13.2640437750118,8.992157672127979
4549,1.1115952221444456,13.287014739934175,13.815675062377798,1.8625728800304455
4550,1.1099248825343633,12.579253713930681,13.874175727445358,2.433126812626778
4551,1.1058131667120703,11.4826014114901,13.971440980659583,2.00586739954503
4552,1.110654347478101,13.032099256176826,13.957478645819933,3.0407770871919904
4553,1.1073561891421744,11.788994157012235,14.58654499992967,2.8994480581630673
4554,1.1082707267161447,16.565433947066097,13.46514290327942,5.954261003373563
4555,1.1085945444393417,13.185622280748683,13.970750859645678,2.85873331684337
4556,1.1081524050698874,12.3923952714541,14.660735951916077,1.5906199998859614
4557,1.1077059229259931,13.0782714720661,14.226926005342243,5.874120178876424
4558,1.1136728512852752,10.588129292669295,13.724664977331223,1.9920082581878131
4559,1.1085090254919874,11.484749546091622,14.38393384797945,2.04975368561461
4560,1.1129706106721877,12.058742007455631,13.871208701562828,2.4969823465408436
4561,1.1134935598905282,14.980058886130422,13.21032843970578,2.442411993241303
4562,1.1127912044481219,11.511686326996898,13.516105523492003,1.9666834221666973
4563,1.1219020097974552,16.48844394154846,13.311164308602715,3.5826675935447385
4600,1.1829460526086732,11.47092836685575,12.49653150940166,1.5465937228593505
4601,1.1197259575727039,17.592632330394796,11.426988162435118,3.0453879059863835
4602,1.1101613204970266,20.271897859431625,11.419870485302908,7.039967960423441
4603,1.1083964955180967,14.675106435666745,12.847779999019679,1.8149425645924504
4604,1.101098706894355,17.115238641213434,12.659988343410074,6.676441178375341
4605,1.102046558937777,17.594329731716677,13.294725132236994,1.5977826897057492
4606,1.1037009898808487,18.402136946419837,12.029928105001767,1.6658499436689063
4607,1.1070809473107837,18.627777009318127,11.524905163372997,2.6111722517418436
4608,1.1039262657881883,20.403621624167915,11.172219342657847,7.957536625137153
4609,1.1038409017749207,19.370831510603107,12.923631774289793,2.391737020851842
4610,1.1009471189713758,17.361010126777487,13.40822112823244,3.503000703346384
4611,1.1040579696139154,18.860438876683606,12.18559068643361,2.6205555415359636
4612,1.1048627131671376,19.316093985126955,11.155932342990065,2.454410259825344
4613,1.103451194590195,19.420557781709388,11.989700693598477,2.1269971951218944
4614,1.1080095541109194,20.373613397467075,11.280214030240323,5.010314515761559
4615,1.1021413805680804,22.008068191564778,12.077511993530875,6.729076373231915
4616,1.1045270883535037,20.53276626080293,11.325874106327614,12.520265547250215
4617,1.1048695825829369,18.276761207051482,11.716356258578482,2.5400752727170564
4618,1.10405268791598,17.124803307458087,12.276415707226542,2.3642349922788513
4619,1.1023605053610999,19.180618469794805,12.421632780715893,2.497144328253709
4620,1.105372777961584,17.409485919617623,12.081067399220315,1.7488792721222437
4621,1.1066585523917183,19.86415899264158,11.468952750886396,3.1181600390507334
4622,1.1067857968062822,21.600706943705788,12.26239145093475,2.4619629990214302
4623,1.103882454179541,17.86579133279193,11.7698147563765,2.1614822900492503
4624,1.1063719420773988,16.23037945184218,12.702561950948553,2.045582178897276
4625,1.1043686872242804,17.451570590769737,12.954240755462672,2.220267227782136
4626,1.1007530936597532,17.00910374971017,12.333117352695739,7.871006916154859
4627,1.1020672133102993,18.7281317165536,11.865109281078066,4.84446910427065
4628,1.103797614155171,16.266475431045755,12.676038198866467,2.391005357999306
4629,1.1068051274475301,17.867649759759228,11.77899511301224,3.831513278908265
4630,1.1027104061069168,18.460947391646226,12.616275353376167,7.370733304576905
4631,1.105081131352032,17.182505721161867,11.73512174415649,2.216466004592904
4632,1.1091609401911662,16.40707049944646,12.312979275571523,2.6335848256182137
4633,1.1039572881498994,15.241897159897851,13.10899868597291,2.0770565883430634
4634,1.1077411130236106,13.936255545052456,12.520252526102041,1.8620991724486895
4635,1.102130816915046,16.99031845474263,12.196258100774761,3.3025427848085243
4636,1.104863582396988,15.22679359701866,12.467593434225297,5.606247729520338
4637,1.109985641702681,17.699714242491243,11.917847865722585,2.985964500828006
4638,1.107623355053718,16.038834205657388,12.054772771338863,2.954917418711036
4639,1.113584948980816,18.432440708594708,11.39227312039418,2.433395018752091
4640,1.109631173731493,16.357525096009393,12.263575112525308,2.3977426493797553
4642,1.1087260775872305,15.373960482582888,11.752615178044648,2.42794792027613
4643,1.1086082293030568,20.156519428070307,11.527032251352075,11.369485412412534
4644,1.1115203557551994,16.260174582043145,11.570627376887813,2.424045591233892
4645,1.1111115285790636,16.482068153509417,11.63641227204454,2.625407170510132
4646,1.1103109538539921,15.043142270398134,12.278667269354555,3.9400953223015356
4647,1.1128622991628372,17.231861089235665,11.726947287060035,2.310145926988407
4648,1.1087071611520618,17.21460059538663,11.536075881769099,12.061775241033471
4649,1.112010741754809,14.575289754874504,12.330624221804513,2.511644521457744
4650,1.1126995816570868,14.248734166983839,11.809783950339632,2.3209527417291915
4651,1.1072758458867031,13.183934942676869,12.633865424632562,2.8536812940867016
4652,1.111075141837966,14.759532453677208,12.22653929775556,3.0876130109620155
4653,1.1094142143046526,13.381828926038427,12.860678005324043,3.5285666075925297
4654,1.1130576561905692,18.03495566759596,11.185607586716458,6.868228059367947
4655,1.1108418805005327,14.613475747564893,12.471266767040827,2.247424396631104
4656,1.1108780802731906,13.817417652403543,13.169456772604532,2.02760937071961
4657,1.1109212714157732,14.425583283081579,12.188249826203473,7.147316963575845
4658,1.1144124537151714,12.156363059027415,11.974861784485253,1.9462574582509053
4659,1.1107966237765563,12.903713814890631,12.32682596524679,1.8125895874494966
4660,1.1154775127965848,13.54962338293345,12.030095805400562,2.5381284836203677
4661,1.1155057582770915,16.572885510988712,11.819253500772552,3.2957560824104237
4662,1.1137039354275362,13.029329973044172,12.137803945458971,2.5261938841733564
4663,1.1195734809614315,18.153945787038644,11.183291027923575,3.7375253984009347
4701,1.1158154199856847,17.283415682907545,12.522668169223273,3.7503411996730485
4702,1.1077333245908336,19.756674875517753,11.513760987405481,7.337607104581145
4703,1.1017887437618796,14.168331044789477,13.66523074698155,1.791606340361924
4704,1.0970687247123216,16.478107757760544,13.57382431214409,6.112543775365297
4705,1.0975570016628338,17.438030438700086,13.509515278191367,1.482273063234923
4706,1.095196726350281,18.150474861633985,13.173009650865312,2.303482695324626
4707,1.101190822562001,18.34231209264252,12.732509296969466,2.456227847427986
4708,1.0989873003821091,19.821942792411694,12.73483109996836,8.589090975214152
4709,1.0967607044062186,19.21869538969856,13.488359854113645,3.01612211946526
4710,1.0917893201596869,17.401757716864168,14.197900935701984,3.1516655548282184
4711,1.0991190374496542,18.71298998885668,13.08256501625825,2.605896277329953
4712,1.097982394187261,18.563284939667742,12.005482130893142,2.477673999920881
4713,1.0956578889279682,19.228064319903165,12.867690388593724,2.0500631489442434
4714,1.104062356474544,19.50867551977324,12.47622404041601,5.467867148619654
4715,1.0977203179745085,21.079855147513793,12.674152350824098,4.955848273064701
4716,1.0982686551628686,20.095561504779116,12.366125007747202,11.179424921863978
4717,1.097975755101705,18.232072931682087,12.514880686442257,2.4310445504408738
4718,1.0987942043657033,16.65972764712601,13.474406201473515,2.35053983757621
4719,1.0973940676104232,18.895408594272393,12.868914469252786,2.541028754786487
4720,1.0969574532933584,17.333500498586318,13.23514778962271,2.283977124261019
4721,1.100714001146716,19.439165718770653,12.37391051195541,2.9184707961841205
4722,1.1017021774749933,21.008791195437595,13.228654000874403,2.602568702236926
4723,1.0971476078137352,17.236925682927488,12.907705506052052,2.0809474302603843
4724,1.0995850576664805,15.465922881638525,14.009966645407106,1.9608957269365974
4725,1.0976954634977099,16.795431750727452,13.91647720184456,2.960447904826586
4726,1.0958909471260185,16.132407803759637,13.674502433615455,9.974256058921448
4727,1.0963884403271624,18.356015100708856,12.836333823684406,5.841543532165146
4728,1.0961388455927332,15.67589405319265,13.723499055221149,1.7633900227105535
4729,1.1010963719125122,17.40273094511303,12.956478715580054,3.77129441435037
4730,1.0975602464777336,17.87407623415853,13.715590139795445,7.782149222915282
4731,1.0998267729965368,16.93578980762025,12.887036107162686,2.4635503684427484
4732,1.1000395312143607,16.163397106641902,13.841367957771684,2.4780993501648982
4733,1.0971406065025802,15.01453690311511,13.981923850379358,2.1055535548563458
4734,1.1016092466463938,13.312990283522765,13.113325204210545,1.8736687972200732
4735,1.0960026739961561,16.718621290449946,12.936010992233914,3.759485790502196
4736,1.0986229896799977,14.95356338223515,13.058986632555385,5.760773339623953
4737,1.103568017634042,17.37941677156315,12.423746165930769,2.809164935833666
4738,1.1008393554037847,15.267350390589288,12.813479556294396,2.575304663179997
4739,1.1066584158305726,18.36150269757587,12.456835160152666,2.744589701319125
4740,1.1024358346246228,16.051746610267294,12.579361318042078,1.9686056435110741
4742,1.103238013049848,14.864131884477764,13.081438092742403,2.0410818240358064
4743,1.1019656707894858,19.95204706882588,12.47392954759093,9.062819002076129
4744,1.1055331132699577,16.034232433697454,12.643253569295403,2.6196396772459427
4745,1.103924854934526,15.917669787131313,13.06796752514181,3.2543395799924055
4746,1.1041296515613443,14.75428333408216,12.772480148709207,3.4588055226880043
4747,1.1054236684253143,16.755077529891917,13.051749122629861,2.9911255303152724
4748,1.1038136249634254,16.28421062506833,12.421310952831265,9.165186863904616
4749,1.1072099543487783,14.287441362454851,12.909488345840332,3.276748008395236
4750,1.104855591240389,13.843429448548202,13.215380594682925,2.338865778740634
4751,1.1006730781950826,12.556390752614112,14.029507492530291,2.2754495770822345
4752,1.1065547616988385,14.34097463501974,13.42322835149109,3.6214542853349982
4753,1.1047237745956928,13.020234533501638,13.276714101521984,4.010718619273201
4754,1.1061481555259405,17.76902945406313,12.720162605655533,7.342402013863846
4755,1.1032200672355417,14.190424142844671,13.441813645179142,2.7000461214319706
4756,1.1041408288840742,13.30201373081378,13.969162963009646,2.1105471961121167
4757,1.105884375601055,14.055578744292093,13.321413373166687,6.84089779613159
4758,1.1098831048624198,11.458052005641163,12.871912539400345,1.8993565545395568
4759,1.1059708427218942,12.63828260295421,13.476437394190441,1.948895066045571
4760,1.1090081393064946,13.248686215093207,13.239469630826296,2.710891278771919
4761,1.1100282211881762,15.935072646846026,12.72402308923485,2.859441101317065
4762,1.1074376762512765,12.469722178178962,13.254239678029988,2.616214350866051
4763,1.1129619555635015,17.262823473045263,12.479500340470132,3.425615612016494
4801,1.1151122502468434,19.021755069169572,12.678286239202807,3.563181798287397
4802,1.1079237572200105,21.414370471916822,12.228622802693016,6.8229745319617425
4803,1.103537459268115,15.913250995353458,14.390869353668085,1.730428960445873
4804,1.0976629183660465,18.214274470922295,14.209948864551155,5.419885688288502
4805,1.0951545183679448,18.834659423685927,14.139782545742337,1.1569398559633164
4806,1.096769480421198,19.30462565201061,13.317017543442985,2.2486424348136453
4807,1.1023281603957802,19.375962097378927,13.436447535714732,3.1901268815537436
4808,1.0985407738363173,21.168519905740638,13.157915148712517,7.6435883172696215
4809,1.09718402601179,20.540488188442094,13.836911625892846,2.432817044912416
4810,1.0948498940259634,18.284599784280992,14.903466631284129,2.93142852108803
4811,1.0986517819044805,20.02792914698672,13.164657014809011,2.084845954504853
4812,1.096629298157294,20.343992603025786,12.815616389296522,2.558630192823636
4813,1.0974035586623323,20.45715574313489,13.30822253206787,1.8625152277129084
4814,1.1025540682354347,21.253685712594454,12.835796035734775,4.96089314219123
4815,1.1001059167290652,22.61314920989189,13.061951263205588,4.187512763441761
4816,1.0993443042750628,21.661349782189752,12.964159967583873,11.514877072624802
4817,1.0984365548956405,19.445679690316098,13.230731456497084,2.4108165593484956
4818,1.0985828372617523,17.73970825582995,14.08006782305755,2.6297915336766398
4819,1.0959950436047725,20.54165200939928,14.38875180235765,2.939249311624117
4820,1.0966478619539313,18.799646325034473,13.992793230025729,1.9863828752903736
4821,1.1010242689390772,20.682249213983756,13.372333273051481,2.437894858331868
4822,1.1016100827156237,22.30672393710847,13.857271898540501,2.270704976747662
4823,1.1003239875980209,18.406013557310615,13.367496821018687,2.3809498391705852
4824,1.1006898227294892,17.079903814347848,14.02004322720676,2.4163979947343046
4825,1.0970189115822715,18.45720013720597,14.418077355360696,2.775679827308896
4826,1.0948197361577225,17.577235721594725,13.958450011268061,7.987871977360916
4827,1.0952939748315733,19.585461755438043,13.381908203406883,4.7616710296285065
4828,1.0963088867343351,17.312229980058742,14.179541864315986,1.8846301059990935
4829,1.1021313559330799,18.347112998274387,13.237840676430176,3.797127185994888
4830,1.0990693661391506,19.453056948127085,13.643550788267751,5.64794127828693
4831,1.099499588013203,18.07727536618687,13.509262396580962,1.7702341574633635
4832,1.1012374244470635,17.49791096158018,14.113426776824948,2.2190602531609787
4833,1.0982086290365045,16.203727951495477,13.734895777344041,2.399926206382347
4834,1.1018363567861422,14.51172282764089,14.111487769000622,2.048402780034083
4835,1.0970596770196126,17.787465421292257,13.71439411159167,3.4734137654816286
4836,1.0987331178237705,16.146397397439987,13.674692619822713,5.1827646979461885
4837,1.1019884975923304,18.62872712915181,13.491475796193203,3.1851462837045483
4838,1.1016886585390213,16.85365876065365,13.459431022401295,3.14563638619757
4839,1.1074109527210514,19.544453449075554,13.030476247032281,2.3506517673240843
4840,1.103252880283945,17.106152797292808,14.174625659931257,2.573357529799511
4842,1.1052478351791368,16.10517294926985,13.677953124074453,3.0254698487921354
4843,1.1026635036790475,21.43249293275786,13.063974006637276,7.038470756979693
4844,1.1072746761022012,17.4627191473281,13.284633869179,2.7100231338402887
4845,1.1055102676337851,17.51239480498665,13.128128426479298,2.474136194481541
4846,1.1050196849518146,16.09937144188659,13.623436896365078,3.26528416334632
4847,1.1069961973014115,18.237421279025444,13.660504578642989,2.7515079261319646
4848,1.1046089066119062,18.209902307895167,13.123306120931348,9.802215908434063
4849,1.108044092576706,15.657828721597097,13.719255067276952,2.5638466058332177
4850,1.1068383789334617,14.964742357556608,13.475952849173828,2.3645815024307417
4851,1.1028410129346986,14.272137377937817,14.209442888837803,2.522260958278414
4852,1.107263192691019,15.5604369613631,13.86471686100871,3.319409108261538
4853,1.1033629882269338,14.552981884590753,14.485309093397122,3.7812294173129963
4854,1.10706873968253,18.99571919886868,13.318955557708088,7.168529853052975
4855,1.1059649161367442,15.457858673380814,13.628223189678735,2.5035832647135545
4856,1.1033436749689773,14.880748393238175,14.381851023607782,2.4143222129020567
4857,1.103356665565476,15.516345916205484,14.273128397268602,6.60735316296107
4858,1.1096472108522681,13.10739851971196,14.095237952737657,2.3180706354720484
4859,1.1044348594432674,14.277705635704512,14.142160355364206,1.7531229572991702
4860,1.1088646456613014,14.545132808797117,13.18648826563436,2.582236509745092
4861,1.110164968944566,17.78233742947043,13.516952718250161,3.6479143819477597
4862,1.1089688314977202,14.125455164082434,13.169787858396996,2.1404811534274004
4863,1.1161777832307311,19.038667527725465,12.903365474788533,3.341425240152177
4900,0.025628245858459936,9198.245921701888,29.499201746249607,74.35344607568612
4901,1.1054727361506576,15.86339825166072,13.989983352568634,2.2816332239898918
4902,1.0956141475643908,17.610563237201657,13.614216748826987,4.597919211623571
4903,1.0905663290779606,11.93062637287764,15.007310751393955,1.4919621205734088
4904,1.085032327666671,13.604946150123922,15.059791371410435,3.9593307625774394
4905,1.0827387953047354,14.610906965436193,15.275400673307502,1.8519419133724757
4906,1.0864822087802535,15.420064369700048,14.160974085474367,1.7929961182022285
4907,1.0913463369471748,15.447418900055837,14.304930607830102,2.4094653014380127
4908,1.0882840981285087,17.02537723082832,14.011515807177345,4.896587394508484
4909,1.0863428621862434,15.925755464492457,15.128314246895297,2.1343512868151353
4910,1.0830199590389955,14.1815948156253,15.460591629847627,2.203234106118372
4911,1.0879413076447833,15.74755272205673,14.869717580193987,2.3619830108412314
4912,1.0872113897861144,15.706511516417153,14.024344640386536,1.8139125940127918
4913,1.0861746861426,16.16437940739279,14.587496339510867,2.1353450415441406
4914,1.0921932338034794,16.99309007146728,13.964536911873964,2.8004444590010253
4915,1.0873259100651524,18.52673579423929,14.567025203326663,2.2952454682805365
4916,1.0876096517122682,17.209827160197236,13.93440421936929,7.310070572494754
4917,1.0877767914170926,15.354042892097189,14.081901067493998,2.0117272125524104
4918,1.0885775418409311,13.308537331754055,14.668640512753598,2.0964440127425523
4919,1.0839592062717547,16.054682450053022,14.977982129302006,1.3739771008811732
4920,1.0869424183437115,14.618175069442422,14.474982780316138,1.7672672726772962
4921,1.0878882322560248,16.229222812492996,14.218229298885568,2.113660250264063
4922,1.090908533461418,18.645507143580584,14.283084956433838,1.7604662637196251
4923,1.0877655877197827,14.473918351205507,14.087074649379302,2.1655775422238257
4924,1.0887254133908946,12.703174860316048,15.372786616147755,1.6346917032239652
4925,1.0870080581920374,13.975787643549484,15.560704551082557,1.8988298155250178
4926,1.0825088639267566,13.274511934992246,15.514762466606392,5.3813946360788405
4927,1.085529554603806,15.219998837723006,14.669343776725098,2.352345233180952
4928,1.0880993260969953,12.779647828451179,14.983146062027595,2.122237383243384
4929,1.0895830794978614,14.271034919120778,13.768253928972298,1.4865448324814803
4930,1.0860642595687158,14.72417360204534,15.191932928658046,5.123379781798014
4931,1.0902592082690656,13.988527986997713,14.124616890815135,2.1229213255277486
4932,1.0896271964660702,13.278566872438928,14.771055980542569,1.7193474967355042
4933,1.085286260255177,11.982785395979029,15.076222505830248,2.2378787940148426
4934,1.0902351096709115,10.416704419944617,14.981617370099949,1.557142643529347
4935,1.0847692712268382,13.709729491502758,14.789645931897173,2.7331488906474157
4936,1.0879025198109733,12.123724544517591,14.485790279697342,3.698748143330447
4937,1.0913685066368464,14.246846110880064,14.262843999701964,1.8091640084318352
4938,1.091755895915472,12.57017287137531,14.070087323198658,2.104551499424149
4939,1.09653132794046,15.303322662942655,14.368399089271376,2.1127228413794312
4940,1.0935140011738205,12.871048664617053,14.692398658320363,1.9774756632242143
4942,1.095183271355686,11.949046977065105,14.757648249376615,2.1124654616337586
4943,1.0930237141337662,17.11467512993842,13.994508657520377,5.499731330794099
4944,1.0962333647752,12.97686417869403,13.886307921928596,2.186285405114994
4945,1.0931923081404036,13.276937033682572,13.924510018020309,2.3166013725085683
4946,1.0946908886240931,11.584967361471877,14.144234647115693,1.8528764013350931
4947,1.095844511742176,14.099752550573006,14.321265539892273,1.9867287359719559
4948,1.0942249746026795,13.722992565399252,13.819503078766683,6.185073914206369
4949,1.0964080112450059,11.166020018692798,14.777958907810344,2.227473135684977
4950,1.0976405987375029,11.101255896957891,14.31258447541631,2.240042702335086
4951,1.0927307014090106,9.635079930910985,14.763391992765909,1.7579360214422994
4952,1.0949546909324375,10.930901663471078,14.632289937891102,2.153212896361681
4953,1.0912528536466668,9.937254972089363,15.115144466750511,2.8021334047147306
4954,1.0949704072810078,14.8172018421935,13.567515641418188,4.0842819869939095
4955,1.0970449508200042,11.176263236551431,14.340025146646008,2.0015723522413222
4956,1.0955220834174566,10.57957786200189,15.418732152551144,2.0600829307224795
4957,1.0934530402643112,11.201538181957218,14.17924231708696,4.097634966207365
4958,1.0979873730672225,8.866377896514278,14.661707425262238,1.765534221077778
4959,1.0947174643088122,9.70159075293972,15.205571437170518,1.6131240559913722
4960,1.09842246251005,10.426397750231004,14.334957610984617,1.876489063603271
4961,1.0984728141593996,13.685799847378886,14.373618076634914,1.9136028501924878
4962,1.0968377160194924,9.894477218568806,14.530078586906276,1.9466178287876292
4963,1.1013019814529883,15.693133674254346,14.168368134715152,2.5702502042603106
5000,1.4206382146140735,-18.805506567461414,13.827571846626352,1.1658777743456852
5001,1.106752520880846,16.956523156787274,13.7591278255683,2.513580905860787
5002,1.097640854509645,19.342138936377946,13.95854665765976,4.174100700007367
5003,1.0923289908879175,13.610784656264157,15.415486332703965,1.824248752402943
5004,1.0847369062015064,15.607509004548913,15.482978092275253,2.7815440257552573
5005,1.0875298214954234,16.42433292758764,15.388753121557661,1.219398549739733
5006,1.0878148441202566,17.239057510356265,14.910987487873854,1.9074989068838077
5007,1.0910751742653462,17.370961670190187,14.126272833201973,1.7367349934738014
5008,1.0905028064964606,18.685069366267467,14.262702435257276,4.133079476211761
5009,1.0886267609058526,17.773482338737796,15.456755451027512,1.676898259059215
5010,1.0833461446627595,16.128186948499827,15.742247543427785,2.0641492617963357
5011,1.0887936003495142,17.983086390882278,14.722664366813415,1.9486896275465733
5012,1.0891596775293362,18.16062042672425,13.818852767422491,2.105274874536936
5013,1.0880416274425182,18.181202911811496,14.662871142267198,2.0365058622710657
5014,1.090922404903357,18.938815252953408,14.676001890356337,4.129398388124991
5015,1.0888000328140544,20.855599160250666,14.567827260484476,3.5006512248795962
5016,1.0877253163976845,19.23908638996297,14.233664377862613,8.579359254317051
5017,1.0898848260441185,17.227346229874428,14.378694697210497,1.6608623363521
5018,1.0909615457752724,15.835313007540586,14.575466918309797,2.1332938486810593
5019,1.0868498743827806,17.809810158940998,14.923850080092652,2.0797847216727967
5020,1.0876675430276197,16.49238197864554,15.08547544081769,2.0720167393920343
5021,1.0896457100247783,18.932483586335287,14.368521890340277,1.9867139391618556
5022,1.0916906588683888,20.0788166374445,14.658339775742997,1.5928165591644263
5023,1.0889579358875512,16.54910823617964,14.36801594260916,1.7036426475565418
5024,1.0889300352129119,15.000144867647279,15.657276373663487,1.6147404470365194
5025,1.0881587209945118,15.719530365584527,15.773200337892392,2.167795144016579
5026,1.0862371226744383,15.160045824112812,15.440546153917786,5.461380273951919
5027,1.0861237239267776,17.466925362736816,14.811548809685673,2.94309520117421
5028,1.0866606907993996,14.748683214306663,15.282491269776388,1.580957361261812
5029,1.0904510215615488,16.112108054697053,14.72892241890356,2.6143276856946533
5030,1.0899686843097844,16.983581377034163,15.110616617789775,3.8637689037644956
5031,1.0903558897206667,15.991183438633264,15.080474942129872,2.6145089279517775
5032,1.0926345239845854,15.052989732361093,14.821152782183088,1.9750526276206701
5033,1.0889061143576133,13.971448579747793,15.514926014342546,1.913561153082948
5034,1.091887689552169,12.55755165431617,15.215156456954125,1.7376873437208469
5035,1.0877560225525182,15.578363119852565,15.06731888749191,2.5461174887809683
5036,1.089237363435524,13.993004452698234,14.888934563580532,3.4607215029198244
5037,1.0938331521017914,16.465756307499795,14.614955878399114,2.1746960928470003
5038,1.0924496904932428,14.544685988898504,14.955941505661269,2.3443657513110994
5039,1.096846293399168,17.33370887782065,14.392197946484874,2.8779894744046732
5040,1.094423786635645,15.032900204772428,14.715109405428807,1.9055240148421013
5042,1.0951046284027683,14.095405549965585,14.524069409527971,2.2862918518239193
5043,1.09498420032233,19.151442246251218,13.971741880937953,5.291043437440801
5044,1.0963954850886775,15.107302586984034,14.384921338093255,2.169724117251385
5045,1.0945399155754723,15.418696568461792,14.179535845127967,2.124073921710916
5046,1.0961057260791394,14.152476118058027,14.480088141912749,2.73400711738389
5047,1.0971859825686936,15.99666237625728,14.312252056689987,2.1484452378853276
5048,1.0948917538042198,15.606971225516407,14.473593775449265,6.757613670199405
5049,1.0986419785983994,13.479310062152054,15.085698003701886,2.4816028241338692
5050,1.0997757519169395,12.852181976419848,14.672211643089659,1.9044959998097506
5051,1.0939446354498974,12.006556568421065,15.25889766915256,2.1382889961839995
5052,1.0969709530418181,13.55125912742246,14.716021833959859,2.252779877278396
5053,1.0968029342709187,11.924048554984731,15.18976024156152,2.9641264021975076
5054,1.096750290515715,17.011152890108832,14.170429165180575,4.20059381633354
5055,1.0980534128096902,13.016546079942243,14.81477675882536,2.239675375663644
5056,1.0958541186776039,12.402122681492742,15.629982514782867,2.0030462556589614
5057,1.0975770535212206,13.196716048403404,14.871223253940158,3.636173830873322
5058,1.1005370553816525,11.07245463335511,14.838191790843293,1.5651199424114668
5059,1.0967109017514927,11.587334433137416,14.990150673278647,1.8750858082375408
5060,1.1017990236201047,12.629166301064663,14.904601138193323,2.1873337676014835
5061,1.099614107266789,15.37626004310362,14.230458555660913,1.9879321859727614
5062,1.0982426063009387,12.1929499301215,14.920062425114347,2.0463802769306407
5063,1.1033631280065357,17.159248479321274,14.089029269320752,2.822444899825485
5100,1.2227109333259096,3.3094798175598,11.783465419902322,0.786566716535382
5101,1.1201654119689348,17.063473931102486,12.92251823434158,5.596732921193438
5102,1.1115197867937436,19.85646871604569,12.287246918140713,9.255020160792693
5103,1.106390107710962,14.69953741596691,14.1947731347845,3.3059803108143013
5104,1.101449661697003,16.595006739268065,14.062838309667164,8.670233731094275
5105,1.102179480020494,17.912526501267234,14.166430807511684,2.997741015164017
5106,1.1048071097709826,17.968326002460447,13.811835100363647,3.7821391871361323
5107,1.1083099488161852,18.146666040646224,12.921598339843621,4.328966375547718
5108,1.1041135473370152,19.84460770430557,13.175881679800062,11.476025646717371
5109,1.1035848027814978,19.010360048032506,13.877323082746,3.816099501725216
5110,1.0983134100331018,16.972890313549556,14.574603307479093,4.205958082863307
5111,1.1036345602468356,18.633487854454085,13.326742334146557,3.52036768385439
5112,1.1029100104921439,18.760306873119212,12.974712820978182,4.355548608300498
5113,1.10103799664292,19.300608334296292,13.891909492321286,4.742876082075573
5114,1.1071440325984971,19.973300556424658,12.932050073906758,6.868778700275092
5115,1.103069200592099,21.499307699701344,13.561484672589236,6.537986577427686
5116,1.102363691046552,20.4445375906696,13.078755218056676,13.459536207184666
5117,1.1051053304979597,18.05207841589183,12.964098804428552,5.099029721597251
5118,1.104973378348909,16.62375973472924,13.522649546643388,4.282770803877468
5119,1.1003707185765843,18.744438613256623,14.328989044146992,4.754895384887224
5120,1.1032409996350998,17.403939392434552,13.88344753336848,3.482453167680091
5121,1.1062370049675057,19.454717607149746,12.816899846153328,4.989404690403269
5122,1.1054829030323696,21.198067350712787,13.583848540083997,4.390034211201969
5123,1.1034048157381837,17.564613179453996,13.126981138534227,4.1637780461559695
5124,1.1055866307248012,15.747165480894507,14.003132308166078,3.1713895313519775
5125,1.1037103319052664,17.309012835075,14.166021491140096,3.8479669330460204
5126,1.0978519771434228,16.509972804410705,13.764569031777341,9.80170875122565
5127,1.1010195611555276,18.492907811597515,13.26030829372795,6.587192383885856
5128,1.1025953197629863,15.765636330017202,13.867782534483485,4.098699594050909
5129,1.1062298833145956,17.41489519084174,12.93151541881564,5.450756342569
5130,1.103336535162378,18.007983800030583,13.972892695910716,8.365247082915406
5131,1.1050032278521944,16.633714531422587,13.717594850750356,4.524625224049487
5132,1.1102297625665027,16.37128208668769,14.518352493673504,4.191662659463788
5133,1.1023737848697173,15.128286393900535,14.172707135326235,4.429127870747551
5134,1.1078984762675168,13.670664324436178,14.306666544330033,4.985107560719577
5135,1.1039205055159462,16.892579074659587,13.685926325485594,4.946088420216366
5136,1.1041448216901524,15.008909307356976,13.917688214512227,8.626976562597504
5137,1.1100364815677235,17.61960850637626,13.222606545162563,5.20723586350611
5138,1.1085978801496454,15.409363591223471,13.636994399154302,5.527536592657516
5139,1.1130620838775322,18.49715099787194,13.368709003600097,5.770780980519811
5140,1.1091919469857965,16.080935229398218,13.956693480161446,4.498018811390254
5142,1.1109731889163492,15.290008615079262,13.522309640535354,4.300428557549953
5143,1.1089959031399559,20.217867394478287,13.238874840617633,12.731728782737889
5144,1.1117870962572802,16.08789001916736,13.338278314199417,5.004843993953645
5145,1.1117986184625464,16.56108275224578,13.212395896458126,6.294122428252509
5146,1.1104928662537155,14.910049444773907,13.287349669336658,6.197479210174916
5147,1.1141259122029747,16.930371559181488,13.314063469463493,4.389845827338486
5148,1.1092142011009687,16.861321504424133,13.285658157657826,11.345555113023508
5149,1.112792512390723,14.525873266092317,13.774254040294217,4.682319023280037
5150,1.1139389800186061,13.71893668765007,13.010100417052122,3.8428474693674395
5151,1.1105510035034323,12.409907271517456,13.676682427087087,4.029540846155002
5152,1.1130082350456079,14.38292869541565,13.918067481832084,5.359055825131613
5153,1.1115171321354187,13.234011618905111,14.224847195474391,5.367165695590853
5154,1.1120053169847408,18.001665848174852,13.1706105517156,8.040689424807262
5155,1.1143109335794847,14.305812542179616,13.931592808807705,4.258532323398752
5156,1.1099939048219294,13.722106604262647,14.346445675984938,4.490795228790033
5157,1.1110993109944525,14.279138950479371,14.011238242969082,10.378781762108753
5158,1.1160288162299155,11.976449388315682,13.385049105431788,4.281158382077617
5159,1.109692723281657,13.135308124075426,14.075235641879422,3.5776098154179556
5160,1.1163825712398756,13.333273067879896,13.383860450642109,4.868967101190591
5161,1.1153137778181774,16.245702960233768,13.078015854076225,5.246295690910468
5162,1.112784696296081,12.88132886124308,13.816791797619876,4.8542707898579325
5163,1.1181068569416521,17.899998888710073,13.166178552931829,4.962326737530881
5201,1.116968108071194,17.36476404606137,12.41111481942687,4.176878830798834
5202,1.1087837540700833,19.97538207623264,12.414390317346642,7.283169453654507
5203,1.1059339119778244,14.345384596013993,13.863241735040097,1.678767639398407
5204,1.0956050127801193,16.77043282468158,14.013621172720557,6.267472906823897
5205,1.0975519365142774,17.47728214829019,14.41993947609188,2.289926964319106
5206,1.098834764561521,18.084815644327477,13.279536842171204,2.656586456106466
5207,1.1029787317784998,17.80862832860076,12.751040377261853,2.7181747066886652
5208,1.102789110268854,19.64381946039476,12.454322046861572,6.879519261149905
5209,1.0981098781985024,18.829670126184883,13.567517172671673,2.932556453482983
5210,1.0939881549508756,16.689881504491854,14.434831615032945,3.5164673389913674
5211,1.0992163034363611,18.696136896827614,13.170285144863426,2.2490668313748343
5212,1.0989055665317569,18.732495072858825,12.35945424346511,2.2161424310127584
5213,1.0977310442670305,19.101228178623415,13.437516919766871,2.343511195216624
5214,1.1025627586645346,19.58573328890381,12.435498790940395,4.54303347146903
5215,1.1003115193999233,21.420781917194567,13.083737274268167,4.492028342489576
5216,1.098377471714283,20.085819538018537,12.773880487038243,10.891646618011025
5217,1.09904740208583,18.087396905945987,12.992084736109442,2.394046902629163
5218,1.1004045457467808,16.385984414234045,13.67402941358642,3.091396358297585
5219,1.0981671912742677,18.82790229995777,13.617393605975026,2.3415287100752185
5220,1.0987953984511816,17.46566171562269,13.521004141286076,2.4354666003118077
5221,1.1020950377123606,19.279294344988063,13.017275065408052,2.980293501902122
5222,1.1033183398341626,21.281570466019616,13.423110051330058,2.176960850301309
5223,1.1000251071365452,17.248800376440766,13.1093424546494,2.2597552627999233
5224,1.0999575064431855,15.853381595196685,13.910411407004256,2.15887974043486
5225,1.1008700428695928,16.788776359988272,14.190400168760466,3.2158387319485713
5226,1.096178616034233,16.282180728737412,14.0305155592397,7.382337359553159
5227,1.0967167659887977,18.393761647070818,13.01306762035089,4.357297533280808
5228,1.097361059929552,15.76846484165987,13.517520319911775,2.2469602945049743
5229,1.1025741853347004,16.948219498629587,13.04084900698926,4.043589237463482
5230,1.098089641847191,17.33804987797891,13.866868647356918,7.378138484386417
5231,1.1011823771551723,16.556319270119566,13.034333467066162,2.1339916345233787
5232,1.103824742876641,16.1468708384005,13.757947133104217,2.5131931831985836
5233,1.0991448697703268,14.872469433272991,13.53832077393525,2.422946643615093
5234,1.1037023601871812,13.213353778483624,13.591110852816831,2.7558264702082194
5235,1.0978681531657934,16.672923251351744,13.58305434765784,3.705936102752851
5236,1.101904610485172,14.858742755164581,13.43129975032926,6.4237001994683975
5237,1.1046512906627453,17.293206009697418,12.863139753336842,3.3107086273046864
5238,1.1038690917779341,15.400158331314847,13.1226597328223,2.7274369823438
5239,1.1103916435510284,17.948512899655665,12.872661991333961,3.1656591885698258
5240,1.1064527433303306,15.727237064318892,13.407767831112416,2.1345851413487593
5242,1.1064989071227902,14.986415895654718,13.186576126601429,3.048751336973501
5243,1.1063080791717035,19.839611277234717,12.832045875695194,7.972387655725269
5244,1.1101645709591246,15.891772347764766,12.919604969639256,3.084641094690308
5245,1.1079478337600226,16.024283947312767,12.871285249640325,3.524051136350128
5246,1.108383476528104,14.552464006811968,12.8152101119059,3.2376649691798676
5247,1.1086560532685799,16.544202348230055,12.876301838351544,2.5568346975200487
5248,1.1067432601545755,16.520794433329538,12.934895783736398,9.695626649054477
5249,1.1106694697407815,14.136044906642901,13.459476102918043,2.8008866752523067
5250,1.1085394802496569,13.891289630890919,13.030720767577233,3.349318946888489
5251,1.1051310282443332,12.430403054532968,13.891360980742066,2.941606686421801
5252,1.1089471502132058,14.16943992902922,13.55478491716849,3.1458658723800514
5253,1.1058371321002076,13.008926571239288,13.912448731369647,4.241780653332425
5254,1.1090249493516906,17.415422223986592,12.876290804472154,5.586907700818916
5255,1.1094224457082678,14.321001081935002,13.428396168106492,2.6397194450776786
5256,1.1075937075254896,13.275921949531407,14.219491676699807,2.586055601906539
5257,1.1054470359587678,14.192175371698902,13.510257258476283,5.170370986532065
5258,1.1122802867059414,11.884289711352444,13.27877446743604,2.2413426404281074
5259,1.1076934959763323,12.668463284373608,13.693809302120648,2.2727665572854288
5260,1.1117639725725372,13.29751841443336,13.185437890317447,3.0770493641349246
5261,1.1109604815897574,16.179166694897628,13.118905540037442,3.112713774301243
5262,1.1087170972958404,12.624560794549879,13.110217700309175,2.2973884963313043
5263,1.114487606960618,17.875213325926737,13.019152015096306,3.8311739082948844
5301,1.1170109552639726,17.3715246851137,12.822866451790683,4.458295061191221
5302,1.1119477275397542,20.099268564408202,11.812041556138494,7.992854557656823
5303,1.1057860677237301,14.712246284033215,14.187164215630052,2.196600219313221
5304,1.100863517588729,17.007157771810572,13.468544373227411,5.781173610578792
5305,1.102384372440273,17.665789870364026,13.537836030892892,1.8019361315921005
5306,1.1013215523447055,18.126895002268572,13.031637264785124,2.4580471166356697
5307,1.1067549476409244,18.274430277834174,12.379261893060166,3.019646696305715
5308,1.1022993256647995,20.020242041452576,12.210903604548678,8.208720554623373
5309,1.1002492241285282,19.107832718583303,13.786347773577088,2.9151358188655254
5310,1.0959811902914187,16.89035390605945,14.277877242428497,3.253878647710654
5311,1.099060607389937,18.952551866254346,13.264073369875252,3.0985454691449705
5312,1.1011712032729195,18.97906228426613,12.222571075010753,2.7659968940759554
5313,1.1005363008724556,19.006193736080228,13.063454043764507,2.452870844120156
5314,1.103666472061794,19.831804668586678,12.468593182672036,6.013829903268476
5315,1.1001606688516643,21.65299844514307,13.016737346918324,5.970197163373382
5316,1.098785449834277,20.758341058421006,12.431171140863562,12.053267127237865
5317,1.1011055709301742,18.588939676499386,12.513286132209354,2.417837629987802
5318,1.100724775013653,17.00491134922527,13.223636087584815,3.0879451832908797
5319,1.0977426434115771,19.108199215964788,13.620565848879279,3.215131487537246
5320,1.0997459286204765,17.716796725757114,13.417883453702105,2.439421558616644
5321,1.1027784584008757,19.38053521567477,12.817373628809195,3.0557453341232885
5322,1.1040703932245028,21.730278828221245,13.415682868617695,2.9875185293808904
5323,1.1012729653274966,17.809758551194836,12.620113978782337,3.024550606807166
5324,1.0993654888317657,16.049597176671547,13.780957924203813,2.0558300118202797
5325,1.0994376244226922,17.452050569015757,14.277561382446645,2.939896093298113
5326,1.0974909375216542,16.44516294619673,13.733254345539878,8.83998666716673
5327,1.0981204247874374,18.7549122628439,12.908973347961615,6.267290230311314
5328,1.1002156887710888,15.758918787846977,13.528704591677707,2.476554489723387
5329,1.1056777492053012,17.46833436260955,12.667461740754248,4.050143102624668
5330,1.1010394862102773,18.07572184954092,13.707244049832344,7.3124013462035435
5331,1.1037406813678061,16.785952937484847,12.974559778369713,3.094667010041153
5332,1.1044952100603018,16.0590109174754,13.824432702900975,2.3954119489646857
5333,1.1008251430961966,15.067724579299469,13.681779525798785,2.712825744194894
5334,1.1059054534813049,13.660677963988897,13.708982621939443,2.7554720741766165
5335,1.0998554522847022,16.825013231774367,13.265973514304187,3.7082281308262157
5336,1.1027930027252446,15.071620802301128,12.920688648048904,5.459325776456393
5337,1.108720958398916,17.347937990862324,12.830681279223093,3.398221404535161
5338,1.1058740452617581,15.707879732210186,12.887405768922884,3.283388097877371
5339,1.1105523693965358,18.41426670017357,12.674042286201148,3.1549260396944487
5340,1.107965934957266,16.102136500333494,12.96504351242405,2.5976739673851
5342,1.1080735765113097,15.26624863185038,13.32391971888289,3.398578783869695
5343,1.106051823809865,20.139928997789323,12.70475895787741,9.099403910625474
5344,1.1116161899038548,16.08087607789549,12.581863316801114,3.4747364253788007
5345,1.1080259414497993,16.65186311362823,12.816506001122304,4.068278397642238
5346,1.1089211394210823,15.117787376793727,12.484515006378185,3.24963633162088
5347,1.1094178145339526,17.106228287085226,12.602564544254644,2.8387191689021063
5348,1.1079916148351443,16.757167465214525,12.870489764098167,10.290413815661498
5349,1.1121054161877182,14.613432256063884,13.218097929241132,3.177565628640795
5350,1.111439450401904,14.065306832610942,12.78206282242302,3.1371045610598864
5351,1.1076021573481492,12.640910176153788,13.572688670063116,3.024175031382521
5352,1.1100307664856044,14.4429796040772,13.16098737081455,4.279247655441583
5353,1.1079239520755897,13.216173466962045,13.59423196341138,4.110272390808428
5354,1.1105119405546102,17.733266380660936,12.21985259330186,7.890639296250601
5355,1.1112337488538813,14.297295180830105,12.995024714627608,3.2215222803687333
5356,1.1084637187769184,13.438899235481745,13.662448404984975,2.5160110473153923
5357,1.1102619173060582,14.247575301628803,13.016270481571897,5.765509942965417
5358,1.113356286890149,11.989894513744009,13.220769849920803,2.891417342668041
5359,1.1095312058858586,13.09610544591442,13.532281174449901,2.8010641902591966
5360,1.1134962925176595,13.402211669739245,12.864357480338226,3.2832527230727004
5361,1.1129571551229365,16.694503807256115,12.943507406273593,3.854326807785586
5362,1.1097212007693793,12.924938278310371,13.11697439577407,2.6794221679870818
5363,1.115988881389533,17.9560769569037,12.576731586670059,4.782604318424317
5401,1.121389864187427,16.16641656390503,12.972014365716081,6.106309073160639
5402,1.1138640503906168,18.99011060657537,13.428217829966748,7.507453668181624
5403,1.1086668289715034,13.454733624671015,15.186773984139615,3.7399266703088414
5404,1.1032033161258408,15.853407921839098,14.440757730148245,7.090021489122426
5405,1.1050581577453218,16.50647750185788,14.338221634377595,3.4046740096080703
5406,1.106077942133876,17.037655703400834,14.18264267271797,3.847337598506151
5407,1.108632476608591,17.272569620038457,13.867184208667528,5.248195637144076
5408,1.1047253488633422,18.84684810825098,13.77725301253261,8.40441978802876
5409,1.1024167143377492,18.01487514830928,14.384773339658647,3.7293893884424887
5410,1.0977304258967848,15.80553860464139,15.030357717354594,4.724048441067039
5411,1.1027274186349671,17.940121548613774,14.332382024016251,4.11661853167216
5412,1.1034926406426084,17.89340781028143,13.373275116308273,4.208072486869892
5413,1.1009674342642752,18.3619247523724,13.761781892627246,4.71243437768342
5414,1.107185281976565,18.59114637928604,14.022093058830377,6.903467503481163
5415,1.1039456613073073,20.329244553915657,13.81036727027161,6.58804859790759
5416,1.1009812901591824,19.18004134943727,14.091845533622596,11.105300303475227
5417,1.1020052057363996,17.162563911635537,13.368518081238479,3.259350504698552
5418,1.1032745273606226,15.758028053246319,14.427239014099525,4.417473391661204
5419,1.1011030558560895,17.80736070849874,14.482444643965893,4.384094859126694
5420,1.104204840496958,16.801719142933823,14.363690289220997,4.459171002553829
5421,1.1079110343636704,18.21516400314891,13.575807461770394,4.628861426567742
5422,1.105995268270865,20.440126525460844,13.780560554495871,3.519040166142892
5423,1.1025274594633259,16.474629272060383,13.643124072868218,3.8909436191277678
5424,1.1065010992283077,14.889406167524236,14.440683655961454,3.2382677793622214
5425,1.103919005100709,15.83450844036124,14.630231594892091,3.745991083057767
5426,1.1002556739690845,15.349507901123491,14.931126952064089,9.190077351196962
5427,1.101259664779795,17.221909092446435,14.368258093484169,5.851662985522333
5428,1.1024675604925003,15.056415761150193,14.132980434294232,3.2712276285358066
5429,1.1060777068448755,16.141478861670475,13.570021237687,5.580735472457347
5430,1.1042294175290437,16.574931974978128,14.643880125356098,8.174457822848776
5431,1.1058166971656098,15.698837119596032,13.83087124266801,4.009719755791832
5432,1.110151125630948,15.13705391749274,14.317565912600104,4.301486545516992
5433,1.104491657260962,14.118184081192435,14.709528297184042,4.069974037677222
5434,1.107992474053717,12.553759515610148,14.329350512951027,3.572141225027373
5435,1.1029732823409664,15.719952877217644,14.22468083627212,5.264164902823683
5436,1.1044710761297893,14.106346736834968,14.371729482021877,7.151635538706732
5437,1.1098612281181797,16.578000333909387,13.91202448900067,4.700999502420083
5438,1.1096726617976564,14.554571854267618,13.832801007709028,5.3492671923140005
5439,1.114328687887514,17.46254539989039,13.839551798563056,5.024862142795056
5440,1.1119998084695097,15.061443794898398,14.219501073101053,4.04836360083296
5442,1.1109819893723667,14.153181720234977,13.972269511539782,3.834725284858965
5443,1.1116618961432938,18.816658079696882,13.177586150897298,10.077214673284905
5444,1.116183604838066,15.01874102669339,13.921341191254006,4.774497292421888
5445,1.112333194444148,15.353973891428245,13.97109643983509,5.603254798296252
5446,1.1145827806889104,13.849213467192753,13.967287228540176,5.3145502673562754
5447,1.1143568763624156,15.884771974622657,13.435540207212112,4.299773811679198
5448,1.1107510524668378,15.66051265528573,13.639715885042529,10.68227071181767
5449,1.1155021352270806,13.202173500534524,14.118928375552455,3.954095415215674
5450,1.1147188232713816,12.89777987134721,13.842056683745135,4.173049669692286
5451,1.111605185587774,11.814836636050831,14.786851991866914,4.094941427015935
5452,1.1124721554666992,13.359634131071111,14.037227812285732,4.364643568082482
5453,1.1103748811187604,11.771437738190588,14.560139866737874,4.655581438642867
5454,1.1146228221801597,16.720000633911717,13.41056871179432,8.082514424019086
5455,1.1142748333263646,13.43906330522993,14.021080640124497,4.003482929253923
5456,1.1119030595355108,12.71947023881855,14.67054963129782,3.382188046334506
5457,1.1138466992781386,13.421217995524943,13.974090424729487,8.543437578209572
5458,1.1142027403500812,10.820537325872264,14.071847141871487,4.048964418524691
5459,1.1126900948720277,11.712067825991962,14.58936714678184,3.1921249169280927
5460,1.1208383028751618,12.195885932518033,13.539118453364662,3.9307536682707047
5461,1.1172931011813751,15.318602129573327,13.675074419874003,4.920076510665468
5462,1.112506387493599,11.667986956931612,14.035000664729623,4.693740655736333
5463,1.1192547474457133,16.604948126467537,13.378294629185257,5.154011111868904
5501,1.1182497390096569,17.390930532012813,13.007184446378236,3.138881252089593
5502,1.111190714913413,20.246764919380105,12.686518833091066,6.364316764971234
5503,1.1065204430873272,14.306350759531133,14.652097800785924,1.8367286723058396
5504,1.101352721212476,16.601331160333444,14.229196039899087,5.047688444656292
5505,1.1005106596996899,17.26464440087079,14.742479181661235,2.106229625911235
5506,1.1020931942360275,18.167198720435767,13.93166761464279,2.657721245458946
5507,1.1072917770693702,17.807426537669286,13.170086020485956,2.1748651446462173
5508,1.1012409573660735,19.63991451046893,13.218456869994853,5.530985778893111
5509,1.1001860659162292,18.561511028971363,14.611831781962062,2.181175511118616
5510,1.0968767097332377,16.734156228942542,14.717001474229766,2.4064634607855484
5511,1.1006515188310895,18.808611805355405,13.771722803460495,1.9604716137798663
5512,1.1001387560524487,18.686531635713123,13.075784703885107,2.2119904705996962
5513,1.0987019761097199,19.079918246730873,13.588874771911271,2.5887065904155393
5514,1.1063215883888877,19.798273631268348,13.138495486518831,4.318497976189656
5515,1.0989322121720237,21.624452077031396,13.571482580002185,3.600372374692582
5516,1.0992898737895456,20.13456148583922,13.722692296940487,7.924969928271165
5517,1.0996799117528189,18.14278580764728,13.668659752994023,2.2166334089775765
5518,1.1007387872385723,16.628442981582513,13.937640482069263,2.611529799417315
5519,1.0960496425399786,18.999748220649256,14.134653566466845,2.6657889942018778
5520,1.1010626692853032,17.39431877626607,14.160261495816822,1.9637580191411321
5521,1.102492432406754,19.264586969849955,13.763631608523868,2.373617770761748
5522,1.1057693291567618,21.124148587732098,13.906941675102521,2.2531927464465733
5523,1.0994848845624705,17.331762973499668,13.419781078807915,2.313814648700591
5524,1.1008569450226657,15.955024442436686,14.83857253215484,2.302165989142199
5525,1.1007315744999147,17.025470870169734,14.673442694587774,2.1745282797594427
5526,1.0961531400151874,16.241148969372762,14.493512075421371,6.433675933325134
5527,1.0973649963817065,18.387351774762628,13.814931109587047,4.20677599399871
5528,1.1002327610258373,15.525233522984115,14.153656704110077,1.9123291493271828
5529,1.1057298969043607,17.181882124066703,13.779953503039795,2.8076294762697205
5530,1.0984603981068315,17.936641878849308,14.336370606411117,5.03357017734373
5531,1.1017674602185148,16.37750459429056,14.167087333741263,2.428098661211375
5532,1.1054673481585362,15.999350388223228,14.18882738945893,2.5669002889353663
5533,1.099678474211388,15.308435379757077,14.55724667620403,1.8398251238366417
5534,1.105183044761651,13.493498766238885,13.74349770401703,2.235408735027242
5535,1.1003300752449654,16.909021711044197,14.376619654855581,3.4207365946129977
5536,1.1031726303385283,14.713998113137542,13.857568888476102,3.976993454891083
5537,1.1048797585570953,17.539407115330874,13.922911845956992,2.9054958036993255
5538,1.1052727791127661,15.395922642457414,13.308343934349061,2.486228180508074
5539,1.1111096886242484,18.45901310178706,13.435848541128884,2.8218670884862256
5540,1.1089534690056588,15.709712460656677,14.11273419333003,1.9144048610979731
5542,1.1096283114217926,14.823313457118989,13.737947832088729,2.214125784127539
5543,1.1086151984622072,19.953219527339282,13.136606341811856,7.835709191501772
5544,1.109419001487144,16.28537069482337,13.564522995428035,2.9010127715159677
5545,1.1081295662137722,16.31246240574188,13.195916431109836,2.0998766992397333
5546,1.1097544913763542,14.882026882808372,13.528515289513848,3.039584592202889
5547,1.1083663854983292,16.8946066921113,13.933189623514291,2.3570669160641256
5548,1.108313888465592,16.697248728718822,13.12869858004895,7.228096992099667
5549,1.1102884753832742,14.278847539231611,13.96084522744617,1.7812093409009284
5550,1.112982471050688,13.699532738432538,13.401634414736446,2.745200435340708
5551,1.1079640419645562,12.668906742498171,14.36613400999156,2.3481669918423482
5552,1.1117871674605333,14.221349338546693,13.640017912290954,2.684334961332069
5553,1.1084616496287063,13.363523612954829,14.561708129866625,2.960943344117047
5554,1.1102429568386865,17.679464218070127,13.185327923150384,4.495495284393732
5555,1.1111466833783559,14.178754083871333,13.962028441714054,2.7343859308936276
5556,1.1110372098599517,13.472858587188776,14.817729911476443,2.135769112373321
5557,1.1104309767018101,14.190079369554269,13.829331972018077,4.605394581924502
5558,1.1155621646427114,11.759909022290785,14.224562178210144,2.3578717904086504
5559,1.1090456186722302,13.014552051843223,14.264456877550094,2.020907464447167
5560,1.1139460775924763,13.17468978249005,13.323928115366167,2.025520715245769
5561,1.1141608717609626,16.57395758991849,13.181603834635451,2.423292554535267
5562,1.1099044952319035,12.593647392430926,13.627302718349055,2.610390512496082
5563,1.1175978499922894,17.79615547538311,13.455032348191443,3.58079567736095
5601,1.1203173086555727,18.275292082722718,13.473202785831186,3.0501865521363793
5602,1.108036295178484,21.092475085414467,13.925950904623308,4.331072736851149
5603,1.1017212281394373,15.032159314618964,15.368458593202769,1.8203916397347109
5604,1.0960738130238203,16.947175360733993,15.537847202541316,3.964358101339065
5605,1.0959144274781256,17.88286115708748,15.463915740666513,1.8509197403629887
5606,1.0963505433536789,18.72375509887654,14.669611543514808,2.3476281794470033
5607,1.1027509226687389,18.682718730848947,14.512388137898089,2.8792635333859984
5608,1.0998927857719725,20.315501090857776,14.422365586160543,5.100074985260255
5609,1.0971759467992688,19.332004682749353,15.328036246876282,2.15845802564751
5610,1.0931673018688417,17.280498844113502,15.433044262332563,2.393564544708795
5611,1.0978282709051588,19.149787885610547,15.052883074261885,2.337706431668573
5612,1.0984451491396596,19.325710283243104,14.184028012562846,2.554839405909818
5613,1.096474500254335,19.55291855443566,14.914518570209829,2.675338949012993
5614,1.100744539370851,20.309589837327636,14.6858241929942,3.5681422982574866
5615,1.0983203763208618,22.075875157231547,14.18717264911607,2.76380594293974
5616,1.0994050666203818,20.279955620357867,13.78950517353202,8.77552701413252
5617,1.0974168374837787,18.771841561995082,14.211445382404133,1.963463899573495
5618,1.09785668844987,17.087439249662555,15.073089177207901,2.778673040646503
5619,1.0961644149567795,19.128364084577786,14.945064314245728,2.6041546781588867
5620,1.09653144290428,18.100988438685913,15.13102768807201,2.500169881557982
5621,1.1017104818009043,19.873584445930934,14.109220909629432,2.4852287481167687
5622,1.1017197126087748,21.685731409859745,14.722295084947513,2.67163703173583
5623,1.0986808756492699,17.620750336848694,14.18233542766059,2.5476356149259316
5624,1.0983653832522289,16.58423552112327,15.874306418023162,1.7171348251069616
5625,1.096267012136685,17.74291714273116,15.877445970521718,2.3798082069469477
5626,1.095959097188594,16.365960261993354,15.272192145617414,6.234137893176505
5627,1.0972652380841106,19.093687407403152,14.723709001299326,2.993422743051979
5628,1.0976471923443978,16.296857566561528,14.989563954056448,2.1125767728734917
5629,1.103864480298273,17.588878324953264,14.226495826611021,2.854111519997538
5630,1.0988104835414672,18.13678984460152,15.420528083897924,5.895957919359287
5631,1.0999741559245417,17.18377044582025,14.973293821182565,2.1959698602978133
5632,1.104621258766301,16.89758669643599,14.93386960016696,2.392933293944717
5633,1.0996934585859024,15.297197239157017,14.874331287711765,2.3988637845115037
5634,1.1047627987712438,13.88388347246298,14.990777347262322,2.044290448161253
5635,1.0993852848540862,17.01525029332586,14.628848933729929,2.4515496176224802
5636,1.1008514161280387,15.331796770617588,15.175550302005938,3.8753198481694313
5637,1.1041971375278206,18.06874084387072,14.518767444981957,3.52422190229685
5638,1.1033535516650252,16.176277391891595,14.915085701761663,2.858339170800511
5639,1.1083617198144884,18.743907881718687,14.776915930089565,3.031341120191239
5640,1.1056818747817745,16.66263809367245,14.83722836927549,2.4767372156356684
5642,1.1050503036608879,15.355212187907405,14.777876827243759,1.9336829381328353
5643,1.107707650356623,20.07507003123151,14.235193032723812,5.340171487224711
5644,1.1101980070023205,16.817971463240244,14.486781704652184,2.8937639767647036
5645,1.1077695674845702,16.39136081901872,14.374292162954815,2.051399213504035
5646,1.1090795202804895,15.172006337395839,14.242926722063379,2.625989445699543
5647,1.1083003578652664,17.29076632091955,14.934830997713288,2.9282379513469046
5648,1.1068885984480257,17.240634507280205,14.527078484737974,6.248730827977254
5649,1.1086082229890915,14.85113353829955,14.981616461193255,2.4836126604285487
5650,1.1079321747455504,14.288729734342095,14.258565507081874,2.668344226055347
5651,1.1057735461261367,13.077579530907348,15.273248131850805,2.5210733021329834
5652,1.1090288269318294,14.645993055710301,15.321835620403176,2.1592599472610843
5653,1.1071966647947808,13.410628439710294,14.942291770470463,3.0120603755504027
5654,1.1105516512682119,17.841570668178075,14.115105637983884,4.488204533073514
5655,1.1055262686701548,14.794002597776014,14.816233740758927,2.7361916480119484
5656,1.1049360621785178,13.95261364821931,15.023226669954907,2.6364575880558982
5657,1.1081044643965414,14.542138985480051,14.970026828353372,4.293245149422345
5658,1.1120595653583953,12.539397283141923,14.643962813815591,2.558712289207391
5659,1.1072636094044728,13.318492922581644,15.266051124599937,2.309941589345743
5660,1.1117790837286983,13.593715940934738,14.624154749663042,2.495818324757902
5661,1.1103460806175,17.080191501491672,14.604561542914364,2.966474623744785
5662,1.1109661658782475,12.983969338906626,14.826226966295899,3.2576913774369443
5663,1.1226171811165713,18.661459940691596,14.63673365995249,2.3594307852301832
5701,1.1426468080658219,17.13593004288962,11.717312970345896,1.1828155135087268
5702,1.1239166685326414,20.37157185395649,11.470201239034335,5.745892135723518
5703,1.107739504387172,13.62759479694724,13.531512468105003,1.5839842770732733
5704,1.0976849725209,15.834777710802037,13.660960886154625,5.222968596113763
5705,1.1000447792520405,16.77191963579754,13.927404551954613,1.4937397158722776
5706,1.0996400859827775,17.54720092665089,12.570854868435555,2.0637852295194867
5707,1.1057882430656936,17.4743104693356,12.270030219139429,1.345401785105399
5708,1.1020306505307884,19.14129945889613,12.468630993701803,5.753940505354654
5709,1.102883048712297,17.978483148388836,13.212193752619944,1.4387345044666584
5710,1.0962543116244479,16.34453300940899,13.613802450334955,2.6174838837138896
5711,1.1004706674832212,18.077286532409747,13.11328033797905,1.6847271754766526
5712,1.1020289121236218,17.97869503826283,11.969838330927084,1.683289343244397
5713,1.1009058458624954,18.08667221055753,12.529073710614728,1.7491049977808955
5714,1.1042279753837358,19.472280644407878,12.688750379335152,3.2224234734362165
5715,1.100039871045652,20.830625477981247,12.866945117620396,4.087274609458366
5716,1.0992414783768043,19.615653228548705,12.51642555949306,7.551167989296447
5717,1.1002333631996897,17.70171868967322,12.814062445540369,1.63851380684329
5718,1.1001845975993598,16.033578501292286,13.272835880681011,1.5080179893621979
5719,1.0972749763407668,18.165303425852112,13.310609160978226,2.0865825057612657
5720,1.1009373468454218,16.914256845256848,13.018524978862418,1.4672419246152466
5721,1.1044371526425887,18.937603214072137,12.425424907282528,1.6707991580315853
5722,1.1027970903240176,20.834097348803287,13.092067459728908,1.9927856464322196
5723,1.0997196155947522,16.938308487094158,12.485722185428166,1.6672909995818883
5724,1.1025520848593733,15.275491745241924,13.34588696759957,1.378222876047547
5725,1.1003286797730751,16.232290595890024,13.673910420502171,1.7513564445055656
5726,1.0990778153416534,15.626394777449912,13.602680518996435,7.388814404504854
5727,1.0992261760094126,17.7181572677578,12.641021036312717,4.048049395128147
5728,1.0989408575097117,15.321612916937648,13.160171919924835,1.699830105631865
5729,1.1064897734714263,16.703300611018243,12.670353671124474,3.1356759619384724
5730,1.10169311889931,17.046299939891963,13.573679033993304,4.829875918491014
5731,1.1039674862078017,16.204891405303403,12.555015589096211,1.4525143864138643
5732,1.1052383435457043,15.322354325289076,13.138067554119768,1.6690097442130833
5733,1.1023268781129385,14.385884699843377,13.433728847138797,2.2310644085913505
5734,1.1051070068578306,13.099375361604679,13.420459168011462,1.6617797758232926
5735,1.1019978882787014,16.21255720733448,13.085232535405988,2.2145358300792193
5736,1.102539426269652,14.362190016605998,13.338747149699806,4.0908140841633776
5737,1.1079016755718518,16.99395605576204,12.290086374280019,1.8785151021640352
5738,1.1063392298971209,14.774589033124453,12.532388795352105,1.9169993948375628
5739,1.1107472615589877,17.957637934612443,12.14870888357555,1.5711311605177518
5740,1.1084319962662947,15.377552851092398,12.88506714935483,1.8363034948141619
5742,1.1089768801359057,14.613765588073646,12.65818212923665,1.871458979793757
5743,1.107730081885348,19.281142212671096,12.463658140653463,5.980382099402934
5744,1.111522120339373,15.438633843285292,12.191964236655279,1.8379481145655114
5745,1.1103291598744074,15.768609384550183,12.444284419234348,1.889606057253986
5746,1.111186958110197,14.00724751305974,12.654560135283315,2.206257927631333
5747,1.109476368606901,16.40554129764164,12.41545019923508,2.0196383176377064
5748,1.1079306542241272,16.073287153518,12.365268864075295,7.563086498075369
5749,1.1141031811062847,13.523442283970603,12.856693408835863,1.5342782506310233
5750,1.1119292962977112,13.162475938756943,12.543481064867073,1.6096211582184055
5751,1.1069052069345064,11.80617012636099,13.389751204608215,1.9743825220925744
5752,1.1116282302216636,13.881786249214356,13.312345839523921,2.0934408475923543
5753,1.108998866718018,12.74910145571537,13.46363462958888,2.2735939181190186
5754,1.1110642894174905,17.120221953048972,12.152545407910234,4.043649386083139
5755,1.1100899058762044,13.928063008471765,12.626943219633139,1.853563455376881
5756,1.1094207289583178,12.901589671467004,13.665943162737772,1.896146420159644
5757,1.1086355993612667,13.472196665891788,12.820201548505539,3.557116568097743
5758,1.1154278346280238,11.272520064237815,12.692564005631231,1.4451684789755779
5759,1.108808069475782,12.491533980115365,12.996606119445255,1.518112890665196
5760,1.1153532440529972,12.586326446359534,12.510260565712539,1.9327485477378792
5761,1.1168948141407418,15.861650669005575,11.969252411866998,1.7636726109441683
5762,1.12324019982973,12.016398424326308,12.585478132721677,1.8038826158048598
5802,1.142149789624623,21.99925846339947,11.602463564954896,1.9448921516679545
5803,1.1240293172211147,15.608710242183305,12.458118460289153,2.4382913295194717
5804,1.1061442382489524,18.03461309063592,12.416397817398419,4.295159424877665
5805,1.1046421840556986,18.704852257033625,13.309980299814837,1.205828475816125
5806,1.1077966028003163,19.338841791775756,12.227041684857735,1.4495301537352179
5807,1.1107121104730258,19.44070684373934,12.20691002519731,1.47540624167428
5808,1.1066936084896188,21.23818300397859,11.937685604322844,4.790416296415978
5809,1.106251796569357,20.204752576843376,13.204377481812413,1.730893173996023
5810,1.1010194501823045,18.504929848797232,13.22239908706382,2.7467043468436265
5811,1.106381685974464,20.02299090134901,12.574695140694784,1.7623935781426443
5812,1.105563643447809,20.0046344189061,11.61344492417603,1.394173247386846
5813,1.1046648384176903,20.52817196484612,12.397485556034406,1.4564159694751349
5814,1.1099295539678364,21.031210706861096,12.094348936728595,3.2314179078703753
5815,1.1055105379028136,22.850978039361955,12.12710889367147,3.1549360720379513
5816,1.106423881125694,21.743365844201875,11.540907837907708,9.826863692393282
5817,1.1061468905689975,19.705084443220866,11.857652908481747,1.201003808142014
5818,1.1067438249171242,18.067456747019015,12.770363155148086,1.8696742778282454
5819,1.1019913307845326,20.08051063627177,12.563875222463734,1.889250678646026
5820,1.1047457127844034,18.88011441527045,12.816773341752224,1.582646417687845
5821,1.1103203191619408,20.90017958338709,11.979105366370197,1.5952918467990507
5822,1.109077850698543,22.60229210421504,12.631824157578054,1.2599904060015783
5823,1.1061206927040002,19.09480812425387,12.24287854302782,1.659766238499879
5824,1.1071127572359396,16.998101037236314,13.272347483540466,1.3585042157717007
5825,1.106834274708543,18.540394114672903,13.187846804402053,2.1755081713977065
5826,1.1021781839338594,17.75427287592161,13.064352531938418,6.512525357831764
5827,1.1045630182213104,20.01224993392099,12.058472087148633,3.6531059651402726
5828,1.1054418480882293,17.188215996479503,12.97200552745816,1.7697376989430482
5829,1.1103939956136708,18.593922361848314,11.962648822954405,2.028419116107269
5830,1.1057164623316007,19.325832325807987,12.99322546450667,4.1771195716867195
5831,1.1102265985418258,18.317171030779043,12.045575658489687,1.90844764096581
5832,1.1103567018075096,17.564029788370284,12.967572733991018,1.3652373290191875
5833,1.106977321405234,16.350991309855445,12.842935417934576,1.3438125892347341
5834,1.1114191154958524,15.020193497811837,12.711279686005229,1.6152541297451724
5835,1.1070314947387108,17.889271604779417,12.622265057555145,2.6584607149122026
5836,1.1098733944061419,16.257865809230417,12.471383784497725,5.079625649272628
5837,1.1121296051119778,18.929611843803926,12.207047199855333,1.8450012983485256
5838,1.111888820440937,16.896648988658317,12.378170348590627,1.6754412833091574
5839,1.117661399582592,19.7799575167299,11.691140731435356,2.270277269660912
5840,1.1130793913802333,17.066057809641034,12.470773805280798,1.1849363131169095
5842,1.1124200835390958,16.625504758250297,12.622526242929137,1.473153910329808
5843,1.1150313308191766,21.176640822562504,11.780322847373176,6.0272008184057855
5844,1.1186976596878548,17.53669322946397,11.758955203969883,1.7379416111890147
5845,1.114924838860903,17.665362231671853,11.629016566345605,1.9601387258551155
5846,1.1153077082161393,16.423718838638102,12.031313290817053,2.4944066441832975
5847,1.1160723159383046,18.4268380870618,12.214172837624556,1.712550560977374
5848,1.1126043293650667,18.189488112230816,12.08465723687031,7.695203442552715
5849,1.1173756728846589,15.557786905509824,12.629930277270459,1.903151319327782
5850,1.1169510285445325,15.136398018450402,12.12691868153671,1.8931963085890673
5851,1.1113281831202055,14.080230877434438,13.187381110598842,1.8989538223799132
5852,1.117673036627403,15.678214629767947,12.575510420774322,1.9847643543736033
5853,1.1140905859661792,14.351916239974523,13.021443808148058,2.5608390840530584
5854,1.1165175835973589,19.378747147462896,11.702317571719975,4.34660767107456
5855,1.116313498022851,15.774676283263158,12.452706584646458,2.5031614604443533
5856,1.1144358077361896,15.017168090959244,13.19549959543629,1.536072810653374
5857,1.1137409588395504,15.73892339828549,12.463435514257451,4.503291691046563
5858,1.1182567693302212,13.28832217232483,12.407903388613342,2.1506792447634075
5859,1.1150742654438557,14.017700231235466,12.447755988600388,1.4837248927950408
5860,1.1229997057108174,14.537176609390059,11.823627549900342,1.4940187879112443
5861,1.1309097154984487,17.819414174076297,11.837977909058942,2.5145413088934654
5862,1.1422990212611641,12.73942345302319,10.107750599892327,0.9653650915243235
5903,1.144225985949321,15.58405503341291,12.931653130005317,2.4372893804282203
5904,1.1216666339861283,18.08892166570471,12.413422188138835,7.464528896003951
5905,1.1116600415118514,19.311203096130708,13.043811104620483,1.7810479772454628
5906,1.1130185872880676,19.635462807832166,12.165286124864501,2.5630220251975264
5907,1.1158851463920936,19.947577335554026,11.986672352467792,2.551615749162013
5908,1.112096253983011,21.998883680628598,12.469464991805452,7.409555835210616
5909,1.1119142891109124,20.7090837218371,13.269028513756503,2.7440304278286516
5910,1.1059984156237355,19.007815525913067,13.43082236222389,3.7559027671457828
5911,1.1106081934681529,20.538631300686745,12.980765223769367,2.4260468100087826
5912,1.113151401280143,20.53763182426196,11.658360425332456,2.537907005831643
5913,1.1099826111664381,20.82921351481696,12.470746891673722,2.086547917922808
5914,1.1170993870926877,21.640369475582855,11.920110812435464,5.763944752276867
5915,1.112805733706357,23.15938757176447,12.580787489804743,4.7949779036779585
5916,1.1103731253534856,22.269758151848354,12.1788190195692,9.983471540111145
5917,1.1113033626886921,20.148947356911343,12.363969674521028,2.7900956917083373
5918,1.1127039874356723,18.532404228135178,12.70706589815096,2.8612306072872484
5919,1.1094732162505023,20.70222388031716,13.511207336214072,2.3034380528783607
5920,1.1118301527213392,19.28734956226012,12.681220234278129,2.47242037380503
5921,1.115223052860405,21.3942919702308,12.075546168882088,2.738000687266853
5922,1.1151079682983194,23.037818784397945,12.793240905126796,2.657236868215496
5923,1.1114863252864065,19.237079402371148,12.616649882828565,2.60226651719102
5924,1.113686096834123,17.57462613383477,13.211787083874976,1.981198349647014
5925,1.1113627123906888,18.958046116140224,13.233085737413539,2.690387462767001
5926,1.1079092149391299,18.05668597052501,13.386630492375856,6.661696087988814
5927,1.110219220241875,20.329974117418583,12.58391441153465,4.8617888743114515
5928,1.1125053083426608,17.71143591901547,12.854532077512436,2.3794501680735145
5929,1.116523531566595,19.219658950124252,12.359057980834683,3.297860450200116
5930,1.11107087610848,19.788606092032133,12.891369873661777,7.082547384955489
5931,1.1162050769606988,18.737248966893585,12.308239736129332,2.17803837816084
5932,1.1169415807696692,17.84083112171949,13.228263596751201,2.1059235847033992
5933,1.114071012033975,16.79954488560385,12.875957477667518,2.4464144847240754
5934,1.1177126574455414,15.414980664947791,13.06042646773121,2.856309622660153
5935,1.114220176685111,18.35035096356106,12.645013217457484,3.9820972406404165
5936,1.1143081821836696,17.055402454468165,12.857155743191063,4.29083027591018
5937,1.11850235069839,19.519329862055788,12.324706744101931,2.3734178283299507
5938,1.1182132601557695,17.480451655770267,12.340229457620275,2.9900715554829
5939,1.1244091616208296,20.31864443595687,12.0839315429566,2.57637646883392
5940,1.1186082605657939,18.05097598017554,12.837284825756383,2.8694145407522726
5942,1.1215218806585507,17.130088909094848,13.069182220460938,2.73240116610139
5943,1.119104396655113,21.867396174302996,12.075823349155822,8.561785661327123
5944,1.122685550042619,18.057455503742037,12.364585883441798,2.6823184355796803
5945,1.1220595759068162,18.133351135950747,12.19207101719004,3.7555166974467173
5946,1.1221625148121335,16.741894427616117,12.228590202367926,3.640162830612993
5947,1.1220070174954933,18.99171615885229,12.627557594748932,2.579929778365936
5948,1.119523051810103,18.690663806037414,12.719979678561767,8.135502785720634
5949,1.123652207022268,16.250947243243864,12.66287013424256,2.3897077586575652
5950,1.1234085963949696,15.663438663164653,12.68176128732655,2.5331177238654905
5951,1.1183396017177911,14.68772319860623,13.082487862891838,2.352260481348024
5952,1.122096360635204,16.401563515360973,12.713933169536373,2.9563308570880724
5953,1.1215601139551639,15.138861184715015,12.982668946969774,3.9181258296895596
5954,1.1222459963141047,19.869079098985004,12.026122562571526,5.126862803897994
5955,1.124460365331684,15.915593945477633,12.655806638611821,2.970759101884414
5956,1.1213330183438934,15.34328745700892,13.778147639034929,2.469667599482022
5957,1.1201909416357456,16.37381359878714,12.760828653609748,6.20329666478169
5958,1.127417022635271,13.79375709106884,12.982410967654808,2.704442748467468
5959,1.1236274519540883,14.443836559887433,12.424613075676673,2.2580423724041907
5960,1.138363258715053,14.694566843597698,11.968679434544427,3.2582400301183725
5961,1.1521607422006066,18.351089818313042,11.819822373184001,0.8253628627499313
6004,1.1354066864360228,17.386305258436405,12.083904959227429,2.694830828153199
6005,1.1195780050475528,17.777575635836286,13.01399111937085,1.8027833118819916
6006,1.1102887582673098,18.385210703658228,12.10516306483082,1.6057152237776784
6007,1.112569613651124,18.659729330977754,11.67537820209579,1.3611115523143154
6008,1.1121251493925852,20.161366826769648,11.904120956408288,6.579911692548743
6009,1.1081641989900348,19.03025144053173,12.886693352181847,1.5672322023383607
6010,1.1023460828906781,17.29700589931319,13.85726527980031,2.8373022751176524
6011,1.1083810930589177,18.931869427411815,12.474381628152118,1.4444253885378637
6012,1.1053673146518594,19.613622376770817,11.957664758430754,1.6790485155877646
6013,1.107553345259045,19.624758332711703,12.03932192440998,1.129858350313697
6014,1.1115240760278895,20.345390977414844,11.957226662066553,3.3471072870524354
6015,1.1079043387762257,22.06925396186201,12.23440743082546,3.1615283197528274
6016,1.1081891436278601,20.825965168039286,11.596082502347928,8.443955887786217
6017,1.1098808275959209,18.380005653355255,12.108550084435487,1.4686226327626144
6018,1.1086522192622315,17.28662626420341,12.786496877625483,1.5738938861371843
6019,1.104553067959021,19.339333326170163,12.64557698208479,2.1420022599205795
6020,1.107854966036278,17.707360955107777,12.794396659668502,1.4966433589413284
6021,1.1122783950030757,19.966479666636047,11.764283159496404,1.7736470906955208
6022,1.112389718937078,21.62213502445829,12.5662004035606,1.4910213553784597
6023,1.1100256304303067,18.086904188086574,11.831037370403541,1.5155619557688644
6024,1.1090816711091378,15.752969610959322,13.097842592235684,1.152741506082325
6025,1.1103172002590327,17.146304860075922,13.44435746256933,2.1049225791979485
6026,1.1068136584063866,16.651689678788507,13.194361265988203,5.329160572983466
6027,1.1067588350377888,18.731922482350544,12.368368512756057,3.0906966024705285
6028,1.1082507701823059,16.265888069603776,12.793473094735582,1.4470323753649594
6029,1.1120353193874966,18.073907258302377,12.215146855746113,2.4404251730958766
6030,1.1114475409549542,17.94695483035068,12.934206366465935,5.175328982166891
6031,1.1122057847103584,17.376404690508707,11.945619144700077,1.460116329140375
6032,1.114380850705976,16.694625886610876,12.52644303159633,1.4796145649341277
6033,1.1125058771833818,15.328406675971113,12.806212564272164,1.5405895592001921
6034,1.1159560819792167,14.18529766394522,12.795071300844594,1.25119130303939
6035,1.1119369576146605,17.19014265446591,12.45543329106837,2.2847030763161267
6036,1.1120183383715367,15.437880876443021,12.423257323723085,3.6196966163927735
6037,1.1181059056147602,18.09102082794136,12.04600853573121,1.805827815126153
6038,1.1161379157964704,15.761916675102764,12.159048370198823,1.347009423911493
6039,1.1207258922004373,18.754777297182166,11.957695696050504,1.4132703118543735
6040,1.1170654579834007,16.456655378073897,12.370554335937262,1.269994580844531
6042,1.117026080804221,15.67522590138187,12.10764834704266,1.5489109021242369
6043,1.1198773131644932,20.545046388236365,11.477423778614783,5.591561628824268
6044,1.1185430204312934,16.569905430469586,11.942659658031014,1.4494217869244828
6045,1.1164279311102572,16.61603433059366,12.092822094979354,1.3043434437044905
6046,1.1186599494126206,15.163506499914087,12.231981589019533,2.5077010387823853
6047,1.1201320868343672,17.00742326309044,12.041429253311737,1.471761462239307
6048,1.1179973930071037,17.280561115772276,12.122449686700188,5.512033725493221
6049,1.1213878997623348,14.626989031064893,12.61441900966837,1.4603581075216714
6050,1.1208864663686124,14.285662387515629,12.170416686540781,1.5477649324978855
6051,1.1155462548623953,13.374174255812,12.931389434260836,1.5891470419751605
6052,1.119853660773267,14.545346842921925,12.777851766403776,1.6655856832903908
6053,1.1168280849759353,13.35388098787142,12.790426809606705,2.364204450066624
6054,1.1202308263919918,18.301042614989626,11.812266409082518,3.9475232066008323
6055,1.1200298256572947,14.431020992015803,11.9578622727058,1.0212095419260092
6056,1.116415887140611,13.930805019476134,13.393046163177125,1.3011632509697308
6057,1.1196149728416793,14.684204138897918,12.156772099281632,3.0583250018712693
6058,1.1252888859840793,12.2066386519027,12.472441770021595,1.7721437293484716
6059,1.1288942092126866,12.863134969961004,12.683077768929726,1.8764223120237824
6060,1.1501591739566346,14.413801742863367,11.626474856284515,1.1688951520259188
6105,1.1433223939599393,18.840377045973874,12.671177414678672,1.5618757857680836
6106,1.1250928823426034,19.34363323229887,11.721095412101203,2.5108872430370384
6107,1.1186931517946632,19.356739334578894,11.817812085428182,2.1854651815981314
6108,1.113697960611299,20.93571365282872,11.726150043159478,5.59321051856366
6109,1.1106521856537588,19.925386477229086,12.678582845917992,2.4728573229421538
6110,1.1065003897517323,17.92096316511475,13.069203990480622,2.4962060324562882
6111,1.1103090157391382,20.067957217855533,12.160284233864683,2.3281474455368376
6112,1.112753095447673,20.373075114113945,11.397390087274971,1.5919711275948432
6113,1.1116243348916097,20.259859636223453,11.770096086233751,2.2627407977355336
6114,1.1187469339350502,20.854487929261573,11.446836169056136,3.2583213570787217
6115,1.11223171646873,22.820750693976862,11.884303908948473,4.253952905967541
6116,1.112650223647775,21.692083350213466,11.457068425665321,9.375208546583776
6117,1.1126947237446876,19.215584783126815,11.909595703816256,2.3100755038195033
6118,1.1137085466699557,17.61439329596438,12.389388631876269,1.8059808210383248
6119,1.112488818130023,19.929281988084462,12.408273274261695,1.54564460996179
6120,1.1120848739883957,18.52003950209986,12.366682243933154,1.9800850168668203
6121,1.117415917129415,20.665595459903344,11.590842338791122,2.176978441995855
6122,1.1173367081985983,22.47957382088432,12.10612981788094,2.229577520207265
6123,1.1138253583226232,18.639985808457578,11.740938342698604,1.7826300573483052
6124,1.1164887677044788,16.755471185287416,12.831495459672384,2.0569268903312166
6125,1.1122244633444403,18.110845423493853,13.11355897478961,2.5485659883666947
6126,1.109885935224212,17.55049410916759,12.668716577419653,4.8403999452705575
6127,1.1136859694879344,19.587645881277723,11.71010639015544,3.4929650120641402
6128,1.1134391456108699,17.025479822196363,12.304361182792046,2.0890096748144025
6129,1.1176699964115733,18.41132332472963,11.786286221965181,2.5764869783790902
6130,1.1148062641112366,19.020006010553953,12.651943488709426,5.554661129548953
6131,1.1172982119828472,18.32365054864719,11.724757642564537,2.070058184100379
6132,1.1192258261597188,17.524502115905694,12.478611521385913,1.944829413726565
6133,1.1166646908634714,16.053654134481572,12.520955393437257,2.561572485223253
6134,1.1220929208060508,14.757438925559248,12.226449009317633,2.0143718168862517
6135,1.117261999636948,17.787621893859722,12.065861825499452,2.6076611774253706
6136,1.1164439271347077,16.610593831929,12.418249652870506,5.436243663410216
6137,1.1220693445168697,18.791096119974714,11.59002375882138,2.321796308690006
6138,1.1223606841838134,16.700768035582215,12.063774080028903,2.1911077254881186
6139,1.1291522623767263,19.502500333464212,11.559016260735012,2.9244852693313956
6140,1.123254801920694,17.119582657327115,12.164354202400222,2.709602611201708
6142,1.1232496115203063,16.183224376278275,12.183196026144635,2.34121680788787
6143,1.12246653564764,21.204205348571737,11.427512768917865,6.704253770241119
6144,1.1273562570719755,17.566859476913574,11.467851474034289,2.6847695608695976
6145,1.1245380651691155,17.471963517160372,11.681689466158197,1.8525821808986787
6146,1.1242701912407713,16.065036095041936,11.977280952958688,3.193815101338881
6147,1.1255943867846434,17.89164190441682,11.920977399404366,2.1802008473116397
6148,1.1256238694181206,18.129094369206335,11.78828225279416,7.404425962739661
6149,1.1266622834892224,15.129927656100296,12.414993732803822,2.4689640773308565
6150,1.1277907820872348,15.035164346635101,11.66690309899697,2.041004355433054
6151,1.118246620948678,13.774271230832221,12.28667916816861,2.1547395242518523
6152,1.1254863016879924,15.480288061443474,11.982119258335882,2.0387191744659967
6153,1.122696849803495,14.022732870151524,12.61775299932335,2.4027858388847627
6154,1.1262555727950974,19.012684603909573,11.45654138142961,6.0460324669923695
6155,1.1244544828770608,15.654689538014752,12.030999394165557,2.563527128709362
6156,1.120610619841176,14.465083338627172,12.83582292328168,2.195694737000664
6157,1.125442005596464,15.426889690438207,11.99040045948692,5.846846237711355
6158,1.1363687338049688,13.089020177453037,11.942027884543878,1.8556602881307747
6159,1.1497725923419937,14.109446522631417,12.115392435120745,1.1287497465532288
6206,1.1477726767701895,18.145402566150587,12.907377099085256,2.1680091773168693
6207,1.13169061784243,18.699538259098237,12.021697066082345,3.6223870552992015
6208,1.1190608534274935,19.83454229427877,12.658591149766146,6.301709612404309
6209,1.1140051042407233,18.33929384098303,13.80162771294488,2.0781944772894176
6210,1.107970729033133,16.368451857141952,14.26136479174389,2.528069092153109
6211,1.1142580545733176,18.4322565902761,13.56311928110856,2.596449621170293
6212,1.1151400352919179,18.873066573948893,12.676836772853258,2.186706008141583
6213,1.1127596068349128,18.674771016302575,13.191083507848031,2.353428729281697
6214,1.1196306149080075,19.826461911908805,13.311332959931322,4.175909009314369
6215,1.1153928190301148,21.135687878857127,13.411793532443857,3.11421332834138
6216,1.1114241556240898,20.282775928123122,12.892545031755407,7.883656047296279
6217,1.1123909844632627,17.937499484400547,13.071698914538805,1.8882751174024406
6218,1.1163019498660154,16.383525299032257,13.321090844815684,2.0609484544160006
6219,1.111005520318868,18.19558588363792,13.755305886681846,1.6948501670212495
6220,1.1133701842596406,16.82817134158554,13.523276188116256,1.6541255362978007
6221,1.1204817696538327,19.113977712616578,12.72704124032448,2.2004395764844684
6222,1.1180175747454717,20.609972663049398,13.317761936135206,2.102374126748274
6223,1.1148770868524258,17.075277648589264,13.044639615550466,1.6012078554675573
6224,1.1165802830757336,15.091005961489067,13.510558936236427,1.8718131285861306
6225,1.1152099938802666,16.041390210331244,13.877442727249713,2.1780938881879224
6226,1.1104579697526682,15.564714927779235,14.133774839419178,5.48486435445179
6227,1.1151921771227729,17.88482818051281,13.559088560453452,3.656321471485441
6228,1.1154121248031206,15.591750697142915,13.414654151715064,1.8266934825965795
6229,1.1187575992623573,16.869653009350554,13.172870110279062,2.6613831876603578
6230,1.1159869508042457,17.41913039238325,13.970550595847293,4.562883875675131
6231,1.1188166376755104,16.624584194172673,13.240278470741886,1.747095375656852
6232,1.1236224534662844,15.68929189159938,13.94390083928003,2.005018929977604
6233,1.118467465239832,14.75371754318567,13.876730725949038,1.8543057551056914
6234,1.1243374611136832,13.731099260517025,13.639184673851107,2.267600576487555
6235,1.1176349224102093,16.528576557024593,13.354083429749775,2.2708117709747238
6236,1.1190216444808982,14.552032473252126,13.428156118524033,4.246420888230386
6237,1.1254670495405428,17.086949690762218,13.343143064154663,2.3723945293081594
6238,1.1225396582425917,15.314302784328929,13.179424683080603,2.7520328380073504
6239,1.130285261757079,18.11315437661808,12.865385985957111,2.1461574676240844
6240,1.1243989987916818,15.468341100152582,13.48076190377377,2.2714858087556657
6242,1.1251921127907607,14.956637067187001,13.082628370669985,2.4808046030541626
6243,1.1238116988850162,19.749352678276704,12.733786088554924,5.3438686989248225
6244,1.1294121632289118,15.762141903563357,12.907347439619294,2.5455775677282513
6245,1.1248137854709819,16.125807081372137,13.05645080782002,3.33203215060117
6246,1.126354060700685,14.56497898070508,12.913141410374259,3.1649029144912584
6247,1.1257188473623045,16.798725201571415,13.165734089459535,2.112539954195834
6248,1.1250653237446724,16.420084804035163,13.128213974356688,6.997917396175154
6249,1.1281968006804475,13.76092076053721,13.012620098608975,1.97472115162315
6250,1.1282217875037233,13.597204297436065,13.430204474471818,2.8829237553790494
6251,1.1229465701844816,12.305913322179446,14.086565859482901,2.070309570935253
6252,1.127189061768008,13.719971241483021,13.377827707802595,2.6359580785255887
6253,1.1250908879917207,12.68111676330256,13.782923509979726,2.675897653533903
6254,1.1268801506803132,17.843335136645162,12.839202379492324,3.4756547439144114
6255,1.126609565269685,13.995619646308851,13.21627890769221,2.42320675740347
6256,1.1247040793116108,13.141837205140222,13.568959537316411,2.2527135745585265
6257,1.1344916518916732,14.346470578802025,13.384953200639735,4.974980053666473
6258,1.1540527362856967,12.810176922111197,11.79278898220728,1.2371489889156653
6307,1.1655774336545492,18.541409968779877,12.836583571060087,1.0953290184429776
6308,1.1385671104395865,19.553013840524613,12.308164438548168,4.455959169448442
6309,1.127916705242922,17.572556451384017,13.178017480362708,1.7472130182539591
6310,1.1193439711718893,15.136878399486056,13.626759724070686,1.7340449104352282
6311,1.123214419880091,17.476465387797077,13.129916513340657,1.520731691708008
6312,1.1256260840696386,17.51079231253488,12.44668619157371,1.4964189175809766
6313,1.1267007999761989,17.507897416511295,12.807994408897493,1.861563177361708
6314,1.128080752549421,18.543065465057637,12.585267661523911,2.512759842746172
6315,1.1286278647585208,19.755440919367878,12.93057632606889,1.9870415018845824
6316,1.1251568895641864,18.869578488851513,12.739128558001305,6.304655667753672
6317,1.128991176928991,16.51143547579301,12.625162892434819,2.084127003201359
6318,1.1281157052081607,14.770140035403218,12.688477697590942,1.7417952742266376
6319,1.127527711430162,16.38056237772726,13.63297311196474,1.5239320923048543
6320,1.127315920751053,15.52067113640487,12.830287820089874,1.8071140971815496
6321,1.1328990029767927,17.941136320800744,12.570686828248036,1.696522797614906
6322,1.1315028156438152,19.25200672337108,12.864127471800765,1.7413810863027124
6323,1.1274913174581331,15.72331915038684,12.923322631725943,1.6287182840142571
6324,1.1298598214750917,13.48531451731394,13.18821807604798,1.6180242990947704
6325,1.1297315993556525,14.648441692912806,13.566788756196967,1.7201914085010277
6326,1.128549591164783,14.010538914001097,13.610855538873828,4.0953893671255255
6327,1.1305609947993913,16.730279447685675,12.476983550044618,2.0707749459619866
6328,1.1311423283526336,13.87024691690278,12.915961729194159,1.8248780549745924
6329,1.1327252385503674,15.532718143052533,12.878581555510682,1.6753661923941858
6330,1.1312940120495298,15.71214533237516,13.197510065473526,2.8450282691469524
6331,1.1331415935984415,15.17751620738071,12.465801441929688,1.9189157922201523
6332,1.1377547546596964,14.203967055842751,13.025520535852804,1.8522280186540112
6333,1.1328149121503448,13.294550953032973,13.217787277070919,2.0856688551313
6334,1.1390278325844063,11.470657526251271,12.671598688942357,2.2267903815404426
6335,1.1336253673705539,15.235393026135975,12.652105025321193,2.065820203377679
6336,1.1361557101352495,13.150786323765477,13.223674717499073,3.2415251105886007
6337,1.1396958092955172,15.99195240411988,12.559351794991978,2.0448401664360016
6338,1.140772776786644,13.888301539026461,12.778905851157488,2.3120802882457774
6339,1.1431235699985078,16.944840782198142,12.609462621606944,1.7580341943583189
6340,1.1385260921353544,14.159123462615229,13.190665841025671,2.0397855613682423
6342,1.1386681334343955,13.432031769897764,12.674280386389926,1.8808782881015735
6343,1.1396562629280065,18.20011630059414,12.59781391376922,2.858366975498993
6344,1.143211516867424,14.475576175073392,12.483508129928842,1.8265116285825778
6345,1.1403959212238228,14.548472124535143,12.216801921550152,2.3024558592988997
6346,1.139221491588739,13.253971048278286,12.583388377234035,1.7787721722447098
6347,1.140695280314402,15.1611200293111,12.772033707462885,2.5014127010453153
6348,1.1399324032088243,15.27408730921361,12.480726326086002,4.3322457571593675
6349,1.1458665408379367,12.497491648350271,12.775449392814307,1.8942133359269555
6350,1.1408473281462836,12.054850282477101,12.53351070847466,2.307813077047024
6351,1.1368783687311628,10.939531371550936,13.382670999255572,1.5818469126629442
6352,1.1414172490436465,12.459316518897301,12.731771230776753,2.026621325888689
6353,1.1386464133005267,10.933833865265976,13.666822016639193,2.028082725948889
6354,1.14135143760844,16.575983077224294,12.395395164338549,2.7653595559831725
6355,1.138476766719397,12.982666901332163,12.910302909827639,1.6706823426764397
6356,1.1390219792839478,12.269605111680582,13.277102853783171,1.4941106481140556
6357,1.1612306806808508,13.15567275123525,12.459992680460005,1.0830801145211983
