6,1.2183097887036032,18.264378816574848,10.07244927081369,1.036979770562392
7,1.1310237888188635,27.3146163039514,10.22646778853797,5.510662622527571
8,1.1316048306548225,22.76997108534273,10.57310359087956,3.6086509166901086
9,1.1237435615896894,25.57673166211575,11.289064100574938,4.251543506671018
10,1.1279583085137028,23.367984645832895,10.993701240532806,3.813526841152742
11,1.1288405185301702,25.564563176533976,10.712473624336708,4.398464196471443
12,1.1277537474181545,23.339925597522214,10.21230939820983,5.198097498971128
13,1.1258683513289947,23.275149599729744,11.018547898554832,5.047428435181729
14,1.1267983924209137,24.94783832445267,10.817527867495379,3.402030597127894
15,1.1239933450878392,25.01963485406583,10.439590927047785,5.080137933195675
16,1.1250717322770671,22.986807120737208,10.91801075000463,4.795313782793497
17,1.1186049921571035,26.5310615573943,10.98085917737869,5.532471388606263
18,1.1196157643189883,23.692648639193028,10.480802942597203,4.332876260181371
19,1.1204821802296898,25.937312654656203,11.08604863185013,4.345952327890635
20,1.1193003751280983,23.548824682566273,10.584312395113741,3.9175217106376374
21,1.12752924453514,21.54246941193588,10.124289528919672,3.9030456165745693
22,1.1165603142850113,24.106873698989546,10.617077154929552,5.404851968920547
23,1.1129406500451153,24.541130903426275,11.301745317701815,3.103934943814038
24,1.1140162071881323,25.663930461159197,10.786306320461676,6.078227109659914
25,1.113074886166875,25.10555531716405,11.110946925891483,4.151824162517353
26,1.1135690095222524,23.945220009758973,11.220740957727706,2.9309200226003345
27,1.1138667693149238,25.56219079054382,10.83641800966615,3.576992500666722
28,1.1115552093671017,24.481723580502646,11.146902238181193,3.58242470133973
29,1.1058925978014826,25.085436849682367,10.835564897171432,3.741713510185474
30,1.1085190579328563,25.683953893115767,11.238446022770619,2.5953847662520215
33,1.1051002745660707,22.053064187092538,10.015173089696368,3.6364614084135214
34,1.106881793324895,22.077545464407436,10.106810778713818,3.5227559723960806
35,1.1054247741034395,23.09789768567511,10.410740690841953,4.016099608680614
36,1.1056360256359143,21.420023278370454,11.687672957102556,4.135648224463732
37,1.1092411907530488,22.52595330417014,10.605311800120623,3.3710136587517225
38,1.1122503888300126,24.017640015770688,9.835449323279132,4.3600508309941315
39,1.104529605460169,24.35642799780605,10.770935122763973,4.474145342703961
40,1.1083983931552939,23.09732552437162,10.836611938403221,4.537114061021576
41,1.1138293522460283,22.067904877492747,10.881768921619432,3.9251273919817287
42,1.1164286492014421,20.95709817492078,9.924363845632627,3.568286247501292
43,1.11084322356605,22.651669021581547,10.315990167930012,3.9875784882170695
44,1.1151010226756224,20.154438094931628,10.77825919880698,4.494062424938207
45,1.1117206331937592,24.207170208363,10.184404935473832,5.067602317504514
46,1.11853814664981,22.963191915303554,10.635240610339865,4.39039334161607
47,1.120300218156644,23.253208791815577,10.297760430069781,4.89600107505089
48,1.1200572262374713,21.630277523989793,10.425130094866917,5.25916808494175
49,1.1223637844555978,21.477367628802813,10.967090821162756,4.409739944056005
50,1.1281042817678582,22.664243513125033,10.529434490658462,5.163367225479105
51,1.1271834190473957,22.249388640393434,10.844196762985833,4.580362804131049
52,1.1356863531719383,22.07658204912395,9.932590589186225,5.31588655549197
53,1.1340786477403342,22.372603850773686,10.889515880329515,4.621089895656735
54,1.1411928442180803,21.66084875657995,10.910168420910304,4.50879266474354
55,1.1517163508447832,22.772472664781212,10.23195082118957,5.605426522631577
56,1.1680243308474272,24.453386290276356,9.490063480889987,3.561171307146018
105,1.1580027933165336,20.39374166879243,10.58669819522591,2.106831145166021
106,1.1348964161610753,21.31687486272117,10.378905659462474,6.146131929197409
107,1.1199136695134242,23.97081711782001,10.262301227157549,5.038659251545108
108,1.1279636897100094,20.989532351763216,10.06162437904923,3.8064701106268974
109,1.1217743198973646,23.83451278212492,10.880332251055215,3.633729442248313
110,1.1247430550448563,21.895293564054278,10.883990477713471,3.603681694677021
111,1.1255314108156687,24.537708712591154,10.165551873355755,4.378227246380844
112,1.1251839983223173,21.950199137812657,10.33413580391714,4.636891771207964
113,1.1253353296269595,21.31748332504352,10.992015293905952,3.9489098211144995
114,1.120504688372775,24.337303976274672,10.686881635808836,3.4109189549366024
115,1.1217924866844136,23.582833421368775,9.865093668691472,4.865786965857089
116,1.1201241562093065,21.563469411974303,10.177723874801798,3.7205212217798795
117,1.1181737188507972,25.18173562777057,9.923267932526478,8.174437829226028
118,1.1176834960478108,22.333615808989755,9.82828816829699,4.705352529248523
119,1.1171802512609028,24.41432596857092,10.494742101546134,4.000305112260539
120,1.117433754549,22.340249206611436,10.569465547088235,3.444280184189829
121,1.1216178264349674,20.33535167091635,10.25746129919977,4.11186466894735
122,1.1164207811221196,22.35877524462675,10.496376920412104,4.7375584661428025
123,1.1118037333221114,23.190170973528733,11.21268858626983,3.4885560116483894
124,1.1107676499879315,24.183090948666173,10.708417177271327,4.28392657319088
125,1.1109101905850003,23.900683485878837,10.561649535281658,3.4421640011724866
126,1.1123960211225912,22.75177361602032,10.89098223432529,3.1854515188609644
127,1.1111726312979826,24.278804282172104,10.525540462389063,3.455003838654948
128,1.1089205202068293,22.984540129183504,10.809657995457751,3.4784587364478243
129,1.1034275963216844,23.590657975181177,10.455881907063556,4.212720093542848
130,1.1091069449788238,23.78745419851565,11.062612827182445,2.339677390039131
133,1.102654737997495,20.827704177112135,10.375664316724846,4.647463261678855
134,1.1046415019890397,20.176341707282212,10.465380026706903,4.103638284352591
135,1.1018320661429484,21.810875095830628,10.533864803517817,6.531695891203514
136,1.1062942752852436,20.152181546784576,11.256151486596785,3.8042189539348406
137,1.1070889941568043,20.906360552223486,10.215068216597208,3.587002875065614
138,1.107115559206693,22.679267285542885,9.379564023903308,3.7050259870349254
139,1.1054214489894023,21.80871128844578,10.574129918556103,3.573078357477747
140,1.1069039779618335,21.522103702480056,10.064748844930921,4.2811239758012976
141,1.11184752924308,20.508228243333107,10.5360474351534,3.7323212783171376
142,1.1124632734778441,19.6716701017926,9.690976175472438,3.7530759383066017
143,1.1086388066234873,21.007963923260707,10.121343996904791,3.5848031574752968
144,1.1129851965730146,18.72240840920064,10.51600424841194,3.3598458925986074
145,1.1096373974268354,22.474765703626197,10.145335241993092,4.612487240825894
146,1.1139014376819092,21.822728663199978,10.81184045659423,4.674760296119244
147,1.1170021618064836,21.735023481097013,10.033240416216076,4.789689525103607
148,1.1173466049391088,20.25513430559519,10.140408695976292,4.543795232750864
149,1.1219119374356639,19.82384521875807,10.20323134761522,3.6548842617336046
150,1.1229778244255983,21.88642336137607,10.51489724138226,5.020461726549038
151,1.1257603597581456,20.482017112550533,10.607901601196442,4.432372753012499
152,1.1322249344555997,20.27942342269393,9.67143656800178,4.858061047652752
153,1.1303196232653665,20.896216477445403,11.206716808952592,4.561645422220919
154,1.1381044262516722,19.940789543540436,10.673864683231255,4.850019078216633
155,1.1442227826605746,20.03130224008477,10.105747696233006,5.141672522749169
156,1.1527594288648129,20.505908945587922,9.836494443464721,6.698548916776149
157,1.1749926976453886,22.32983077967098,9.936685475782562,5.693314508660763
204,1.144636016653202,20.918106281921514,9.690028962259326,2.8510582504167474
205,1.1249452443327281,18.11027090578117,9.688014207369651,5.366312880540548
206,1.1172379462229394,19.282519487061553,10.113428806201604,3.915237826884727
207,1.1120017005711758,22.06448732832612,10.17757195606631,4.587065500617224
208,1.120419009796569,19.138431078818908,9.98680644358124,3.2385259121747656
209,1.1142945740766101,21.750450749771037,11.386196406118263,3.041450237562662
210,1.11767172110453,20.02871569879168,10.671667666115196,3.356327212882479
211,1.1149752425094706,22.16382503801706,10.944279214269201,3.027299424188429
212,1.1134987519035782,19.812629426642072,10.32102022700107,3.4940212988814436
213,1.1135374540182743,20.28798668823688,10.980159833531912,2.9922932134242446
214,1.1118832412652775,22.036211404676486,10.785968044242505,3.1077546690093456
215,1.1123464465571753,21.28243442040762,9.968645870845705,4.036682789191487
216,1.1135764123357543,19.279653090580606,9.809355115833345,3.5770706023873102
217,1.1107370369666494,23.045393576834822,10.337126165918987,5.452096694231333
218,1.1112594270451213,19.780509768450464,9.78661123473453,3.6909301449225973
219,1.1100469904996704,22.29872060938714,10.357494570600325,3.6343538924465473
220,1.1082471164249879,20.103535328488306,10.116771171326263,3.091757146451358
221,1.1118712298701645,17.959473056988845,10.03218312517017,2.7842311556389854
222,1.1076626766019133,20.231095913673713,10.486499675399877,3.2574890104688334
223,1.1028181241640862,21.085999609105087,10.951779900756913,2.900272112556662
224,1.1027912088507876,21.970054053181,10.546732510413076,5.879684673889945
225,1.1010144159414588,22.133406978657078,10.827878543932007,2.5325409484328634
226,1.1029000939168474,20.87038405670897,10.981523134913107,2.0622608652674903
227,1.1014033107340748,22.25632173485781,10.30500465956781,2.5927982420739797
228,1.0987863496837098,21.382408231062865,10.748658415709379,2.9072665642084794
229,1.0956113982880666,21.789000544312554,10.58809625938503,3.154500305818826
230,1.0988002691164527,22.088846447482542,11.146592116173789,1.841928493900086
233,1.0958234132716578,18.431653686073734,10.109919525161358,3.3115717112880527
234,1.095673437949782,18.376359148581834,10.107909537827025,2.5839891764299647
235,1.0942867908696756,19.433726747689118,10.455960014086793,4.979527707769887
236,1.0973094089642128,18.434062319307873,11.668955736257258,3.0662140376775024
237,1.0984040674641153,18.9402509644421,9.965185371282764,2.7879976402722595
238,1.0994374025502875,20.533724465922116,9.580094566827208,3.326714656186355
239,1.0952645800755356,20.023437942700088,10.286728421535612,3.4411023591413357
240,1.0998884810683789,19.234596232119873,10.415459434178086,3.9599318115186923
241,1.1028782074873347,18.46387919439931,10.418681396561915,2.5752287746986156
242,1.102875413530989,17.549279463722137,10.024608481010539,3.1664470736825603
243,1.099762885861268,18.968714305259688,10.017872278896752,3.313334309576288
244,1.1023892811147367,16.619635600972117,10.572222873567533,3.4429312544119814
245,1.100785347167456,20.389158729041515,10.12217279212798,7.04029932763387
246,1.1018157013702732,19.842440601973475,10.826129161392878,3.5067531371486105
247,1.1055891782592266,19.666144814945913,10.15949359564352,4.067593232309258
248,1.1050948445835336,18.141692289956556,10.214533630037522,4.8743837088528625
249,1.109541668175107,18.239404980365755,10.322707877889014,3.188653981430556
250,1.1128065009929917,20.01023960036669,10.238666763053162,5.279971401573354
251,1.116358053038554,18.545082102540917,10.763561676974764,2.6532870170593488
252,1.122777010402169,18.663969421080445,9.411961806817118,4.076778438308504
253,1.1192616482431037,18.815208792765908,10.791223927815006,4.121447623551742
254,1.1287804243032227,17.922616185564735,10.686495646088352,3.651606960639781
255,1.1334977518728542,18.331134601430513,10.29234926526872,4.567296683730922
256,1.1391742771313924,18.761571219789587,9.622768085608033,5.304905234248537
257,1.150463076343612,19.9343135808501,9.588564821236039,6.578915621407237
258,1.1687896016265855,19.379812100037714,10.680947718898263,4.710703211724189
303,1.1356703549409894,20.751705826596048,10.434431592379193,2.5965208604507595
304,1.119716197396069,22.188765582071778,10.48336522168577,5.29273379533563
305,1.1147672717617119,20.058913765567993,9.39205596420538,4.093976045696217
306,1.1134127238943186,21.812785575434948,9.854294838790496,4.254518500402658
307,1.1136569485909484,23.88698685617371,10.2282856180376,5.134641013518115
308,1.118665786601994,21.38003496214141,9.786812714275237,3.21479202198521
309,1.1122817648475702,24.30801516121051,10.973218440176275,2.7465609260312
310,1.112543426941165,22.28811086621912,10.560727547958825,2.8463560199041527
311,1.1151114380745633,24.477303798920325,10.441192860695383,4.331670033459833
312,1.1120947498817628,22.097791539418274,9.972920489934,3.593705084479569
313,1.109954016173409,22.035099802118207,10.634579193930824,4.360642697753011
314,1.1077698825309044,24.588537043846287,10.823247202492889,3.516528795524891
315,1.1095094203392517,23.591688153448043,10.338683022822359,3.5009315004993313
316,1.106807305806472,21.985481827041998,10.078926774058239,2.8622955630919384
317,1.1062520435217025,25.104603334402935,10.284089996583784,5.285244084282736
318,1.1079384137440997,22.269300982782887,10.15354908298306,4.163145433655343
319,1.10467344434873,24.64280235588513,10.56623466777875,3.6790621569717072
320,1.1053242254637934,22.434415016259372,10.447621697500663,3.475407073040524
321,1.1101476972384403,20.2985649525611,10.1522525469301,2.9840162474455765
322,1.1023556771366139,22.661534632946097,10.534403532745964,3.4679153794449373
323,1.0992302082825889,23.353009580858508,11.059461359018828,2.650827501890284
324,1.0975901780050963,24.54238858056319,10.672871295371168,5.28622666400142
325,1.0964335208135985,24.750705423713068,10.518528970479991,2.884882768518806
326,1.099838258911273,23.37737235329766,11.27672245418684,3.0737962113153
327,1.1045509651438217,24.44350463952036,10.358790911619424,1.8775500800281058
328,1.0981127139303466,23.757688908691904,10.558086496576074,3.125446727963745
329,1.0943332842736737,24.03475054193488,10.389862564190237,3.004212027028518
330,1.0959763072480506,24.757169941714178,11.181888434767034,2.425713281848106
333,1.093586020339705,20.52748895229646,10.188910693314917,4.662776652504829
334,1.0932911423968654,20.85671406228959,10.272311833254323,2.6362407131380294
335,1.089667578447596,22.25806040101201,10.456998304559969,3.4755725413226664
336,1.0938090258052127,20.51684007921085,11.622163922755794,2.771631940394795
337,1.09537636204899,21.304893061807896,10.175329459731682,3.4638878248192166
338,1.0964402691590447,22.722940699210305,9.661021775989692,3.4386200542638776
339,1.0899203031844666,22.87202471666181,10.88943601083078,2.8098390320198603
340,1.0952518227780486,21.923175867475166,10.481035695760285,3.7556292633947064
341,1.0979677472595522,20.840583334752786,10.61192423563125,2.8331736584691845
342,1.0994467290151486,20.135088504966646,9.390577941687717,3.507211021906827
343,1.0966999023146757,21.069046726609276,10.443571150134126,2.80503495711766
344,1.09823225141582,19.768258447054595,10.569762613050745,2.2700041080988234
345,1.0967345859334101,22.66397582831973,10.460548252175354,4.033244066632194
346,1.098972071865453,22.392164739506107,10.380542601513506,3.900888587376064
347,1.103852883092588,21.783843016838006,10.330250221013978,2.7122474393950946
348,1.1040295274902276,20.73049163167694,10.5193951836362,4.064841269501404
349,1.108754052091923,20.18301963410316,10.582881336749194,3.1686358592205957
350,1.110520573747623,21.852233099684014,10.49192366354149,5.052585307238005
351,1.114588032089989,20.58897527274681,10.493894277550519,2.6376021046524896
352,1.1164538508303203,20.966724167960543,9.661473331495825,3.7028699301906585
353,1.115739827575812,21.367003092261584,10.790461912316054,3.3681314556983737
354,1.126232750546907,20.06788146590824,10.879332149669294,4.026421931265311
355,1.1287497995312794,20.856866692266,10.465135564698665,4.187512793520834
356,1.1370927289778807,20.772348952583634,9.88136504568446,6.506482100122339
357,1.1409078842743177,22.555851363920308,9.76557148362603,5.784836100234018
358,1.1489615383974203,20.854889049915226,11.063837350100677,5.788945750245911
359,1.1755516085144249,20.952298108819818,10.72305384203794,4.1871823969736015
402,1.1340828335262796,24.60352352320785,10.903910905544189,1.4717301339388844
403,1.1173429421155738,20.6202943804767,10.359923037139,3.9705794008537625
404,1.1086498189313538,23.21918649485871,10.519747373770958,2.9457838010378574
405,1.1133720430692988,21.10750672472584,9.544114661259306,3.9736924525062522
406,1.1132155297032038,22.472618433538635,10.253153583484172,3.4451005597892927
407,1.1145058215952046,24.412185791085765,10.316525505249736,4.099007152172842
408,1.1160994383747422,21.99327914366078,9.888723871077564,3.182599543580772
409,1.1108938918068139,24.70198482983044,11.359910688077477,3.1762178778495005
410,1.113672461844943,22.736501417809773,10.669863392919346,3.350940103565633
411,1.1126488972022894,25.12402012001336,10.634304226931098,2.653926195885428
412,1.1116096947485048,22.736760891421195,10.56613437849755,3.7322227572299687
413,1.1086485173520895,22.76663307946267,10.688662059561802,3.9438328174316055
414,1.1080917646191386,25.185075678994878,10.841206447500273,2.6401040022068045
415,1.1048199305953068,24.696944810446528,10.385284912188894,4.545007420635665
416,1.1075552873397079,22.591260543492215,10.327634387373132,3.5020195543612984
417,1.1059803566094775,26.10008504294781,10.55753188094961,4.8992440028498025
418,1.1078999353743721,23.032371471924204,10.397741778753504,3.708869901786206
419,1.103032806609987,25.365265975947555,10.587942692655933,2.34139635553049
420,1.1051907725711627,23.09074162400413,10.708015285463764,2.7989489746175216
421,1.107730822119138,21.258227612945934,10.566929792249974,3.12133329869772
422,1.1029695885183675,23.49499477106638,10.539292763451662,2.0907783585124484
423,1.1016133633070944,24.543293386822455,11.091988048537907,2.7006147534366076
424,1.0984680602425394,25.447896140024607,10.893228702577165,4.699635317705917
425,1.0983808099995627,24.92360845509061,10.69442144665377,2.7333254967164557
426,1.0977293010359384,24.612209861374836,11.54463102564871,2.861642649545634
427,1.1031834042529551,25.057242849428253,10.471373648866637,3.001348247986427
428,1.0984939524100459,24.3131044216214,10.923510319630724,2.4104164049216203
429,1.0961539906238922,24.723100222942353,10.56233182601918,3.6165235008670895
430,1.0999691299717407,25.151867868657558,11.003132792619102,2.203010345929479
433,1.092740303305466,21.721389608187323,10.326105697211569,2.840013515171213
434,1.091406232045412,21.87429560579505,10.52105813141741,2.933238497421132
435,1.0936729777579066,22.530035489406444,10.42090692680148,3.456096907752817
436,1.0926127689323106,21.199995430329174,12.174996666408932,2.8483853704237325
437,1.094894517042164,21.89590291032616,10.797678828676622,3.8191909898708283
438,1.0953293001457398,23.4549827443604,9.543569413338233,3.415861465087232
439,1.090490723221366,23.476158915043158,11.286340832742367,3.6332165351115644
440,1.0967517630791004,22.58949150630536,10.944609084038051,2.8174761215833177
441,1.096422381807236,21.595883013793017,10.938931580594023,2.8613993483345337
442,1.0975006161739793,20.787165977977814,10.355428277092788,3.027251533253958
443,1.0961960135715965,21.632473168120537,10.823655816782317,2.574609894555491
444,1.0978608928390017,20.69640890854197,10.821451137617878,2.3988387306371934
445,1.0970441567151985,23.414745242880418,10.625219233483314,5.1436958662450465
446,1.1007621597641952,22.629502034213427,11.378221159932759,3.5763970495411597
447,1.102899719846457,22.69625161141815,10.37446029330085,3.3868990468819353
448,1.101051363991285,21.25836643089589,10.99080768197546,3.150370212476428
449,1.1038988658496,21.17416843793525,10.929326161267833,3.0580925272238284
450,1.1079403919395086,22.418855177109553,10.675486371668057,4.647916387353653
451,1.110429882651348,21.690289667774756,11.136524563332467,2.27068995294496
452,1.1161822603355949,21.60776551272156,9.861137461232373,4.3191265777483725
453,1.115031709181035,21.887250965237325,11.314955218742417,3.634123313567165
454,1.1233297520868066,21.045902576203044,11.079104565482362,3.793966897969079
455,1.1274840947013884,21.432220498452736,10.469837003659999,5.01674292323306
456,1.135111015240574,21.558033109569497,10.033818300293275,6.3868372621354705
457,1.1394423026064229,23.640826123868813,9.715839086969828,5.800969504307269
458,1.1394130854238111,22.496159145607866,11.49550025791707,6.711630693894902
459,1.1588807531968894,21.333697521167668,11.054669584697933,6.176436598478077
460,1.1933358537665477,21.47498594634582,9.052515488751737,5.637084846794551
501,1.1283843393114588,22.406173162545997,11.037564806454611,2.4067811355875373
502,1.1118269660237816,23.0758258798321,11.307096580915523,4.113777397882615
503,1.104807822989865,20.03669108052231,9.864089237559249,3.5460602897298945
504,1.1038580750372178,22.911921647830404,10.437149881789129,3.3154637516844643
505,1.1112599716321843,20.440104570813546,9.909529463275454,4.280168318736807
506,1.1097040162494716,21.498495260588122,10.510917625901616,3.260297792715461
507,1.110109490843437,23.70390567359223,10.55001886543841,3.805813502730991
508,1.1124866481803426,21.249392960478776,10.501551190578363,3.4382338631528744
509,1.107852146667781,24.269109312309485,11.004201001528639,3.276681793907251
510,1.1100111068577752,22.50209628806428,10.568915716338932,3.105425308734851
511,1.1071062361817088,24.644614258377523,10.542269417273562,4.094039436045847
512,1.1071239954651653,21.983003722475654,10.435436025914802,2.5692979733608623
513,1.105515828073455,22.19573517697266,11.001355485305439,2.4674436277698004
514,1.100910353324534,24.686585773065765,11.178234093085386,2.6349240211536578
515,1.1036230926723898,23.85197874518427,10.561125074135246,2.8307187908320492
516,1.099884441831895,22.410328348222304,10.842155209901685,2.8566328573110527
517,1.1010426102536002,25.62365519559069,11.011241484313455,3.820719757139773
518,1.1014127659415167,22.48667345267799,10.407212904512129,3.113956643168996
519,1.1002855408415058,24.63460091481128,10.634522008709943,1.8991442682542683
520,1.099324250487215,22.874343716312776,10.829408621859521,3.7236592100160895
521,1.1052045488315971,20.64642381778984,10.42256062801416,3.2201408096870905
522,1.0984362897525601,22.908147064686194,10.614819177592773,2.6039992034895922
523,1.096037252176557,23.720023287265178,11.440532493698232,2.1644731042220453
524,1.0950735226625328,24.317082496988068,10.529228135229852,6.408416555155164
525,1.0951040252204098,24.60247372899157,11.020997644380284,3.3131274629415426
526,1.0956702552400182,23.76482404054453,11.08827918120518,2.7345406784461623
527,1.098570917821835,24.557103561394037,10.642743577134322,2.7858355593847444
528,1.0939579899666856,23.842960484056814,11.057752703353374,2.7098669184944146
529,1.0907189654763418,24.65650593915939,10.307793239048442,3.1712015607926127
530,1.0939310736213763,25.138420463787206,11.228923371649254,2.1591489082801365
533,1.0902277696676794,20.95706966711134,10.388935724284204,4.121980514692668
534,1.0906068195426493,20.686415274274413,10.570411648528706,2.6790867501764515
535,1.0852738210313675,22.342608789822837,10.826112445852337,3.6756718350230235
536,1.091010106985454,20.505225689735077,11.819381526075114,2.2540422264992164
537,1.0898765368313903,21.462293176698996,10.186890445413484,3.5362508163167177
538,1.0920287452564152,22.78499037140878,9.78306235584176,3.115174481087113
539,1.0874577138132182,22.661666456349387,10.791489456771224,3.4527100947187335
540,1.0909320429398706,22.032086366137587,10.773552942435561,3.0845981786005723
541,1.0956798045417473,20.973481139197695,11.034398408214466,3.068471645005115
542,1.096020866665826,19.948461160332275,9.974881112466285,2.6489026994494127
543,1.0927743474508833,21.19209705416442,10.660582173719229,3.6614231065818363
544,1.096255606592159,19.210553848425857,11.046181436907467,3.478237713890416
545,1.0927180319130514,23.201411850359722,10.717280480327977,3.5459503950331617
546,1.095849074899217,22.62594887913121,10.777640498751413,3.509598149673692
547,1.098559698610125,22.206173601490676,10.428159781134807,3.4936083463970267
548,1.099115158908985,20.766277479851755,10.630195682453472,2.9738629419884415
549,1.101825668829702,20.47560226171032,10.78773715068242,3.1114019519423604
550,1.102316210294407,22.282373507948073,10.690004802041505,5.292000494293299
551,1.106966618664685,21.124931734666625,11.13296976233687,3.1795980542926654
552,1.1096978940430073,21.26050300152929,10.371105350921816,3.3773192434111334
553,1.1106491396173985,21.501194873648338,10.94801929759589,3.176772572751062
554,1.1172548298881162,20.366753628164442,11.586954522284213,3.382287827823508
555,1.1222373137299912,21.0541993183326,10.598539459691946,4.033243312401261
556,1.1292981515409872,21.08116997954248,10.46132824568338,5.8102071015543375
557,1.137353885989358,22.17496620215573,10.072400939887075,4.7081740885473184
558,1.1363137802108272,21.576297011239614,11.566166054468855,5.658959684968737
559,1.147901036966658,21.32251140489784,11.140688814423061,5.038596703935934
560,1.1723720934226702,20.809113161557573,9.110595524972746,7.881248405922898
561,1.1909969250414356,22.57223258991199,9.841679151372182,3.7706752263609635
600,1.1741644498477666,11.043121831573206,9.815475684117821,0.6552344248388815
601,1.1139314388834198,18.224191344789865,10.598517346187888,4.026628218443755
602,1.1000638901567887,20.918843747572076,11.086357473818902,2.5929133413335306
603,1.1052110598099572,17.49078034795037,10.490729178435611,3.5189758096877966
604,1.1044516558785875,19.932377770625067,10.859092672771688,4.168632361358177
605,1.110961721395567,17.79390941583242,9.888761213960295,4.091869335251976
606,1.109212153144541,19.05469877921446,10.517651920916292,3.2734828229985435
607,1.107056986453403,21.09041146622528,10.205328900183236,2.8819520135191143
608,1.1128204080823278,18.56194688285654,10.310137720080297,2.5709286215080644
609,1.1041452013663415,22.12397264089079,11.651789517597328,2.893235129642868
610,1.107894830725868,19.818930862197977,10.662864937615149,2.823408678009819
611,1.1064492070884318,22.033611485533406,11.144541095851155,2.66841658843507
612,1.1063031755865245,19.28717283406197,10.860428408320024,2.736609479650294
613,1.1041152357154476,19.20114424389135,10.968456367501634,2.8202667105384265
614,1.0997046489413114,22.24416298363136,11.032096061493958,2.6247503388561437
615,1.1000784043542713,21.27253733560584,10.617560380798684,3.1722055901945625
616,1.1004330576213075,19.17629283293866,10.729234565549675,2.7244475004899464
617,1.1011188394980609,22.51799550697293,10.237103200092418,4.000212150383292
618,1.0998567054774302,19.960067894276552,10.427729791622774,2.3499137153966148
619,1.1003245075059722,21.984184987077008,10.958868544054386,2.4125270344918355
620,1.095908110996749,20.445811873141462,10.627549489742941,3.012345786461391
621,1.1034992270049755,17.923367957391658,10.426317580299088,2.869484618196966
622,1.0985264511328956,20.23519805832745,10.435107170529694,3.057943830084833
623,1.094957939177458,21.19267848936476,11.338103069152373,2.266196950246254
624,1.0958971587027542,21.93604971031855,10.686010301390997,6.301064834432792
625,1.095459875638226,21.710372176888963,11.229421857750236,2.8734139478435874
626,1.096851742853344,20.561041919105975,11.205685138839733,2.429384838799596
627,1.0982317450641768,21.86807661279852,10.747381824286238,1.7713310296944766
628,1.0945546446150864,20.922445986484345,10.927138906620138,2.3628502728843754
629,1.0909598588125091,21.469021941199784,10.95501300224936,3.1539764894816154
630,1.0937473462380936,22.1276412149286,11.25397521934121,2.1333769956210653
633,1.0898471492592117,18.356757935704657,10.404307062820752,2.2374028753337325
634,1.0892838239574094,18.16286565026858,10.6807708105509,2.6620756796388108
635,1.08744902606573,19.004255294913182,10.993344198627733,3.930363864945093
636,1.0908108641638454,18.024641583598026,12.325735871303175,2.382799904739258
637,1.0906479935561892,18.527353074649007,10.827189975252544,3.0348593910774397
638,1.093550834989819,20.014913813062826,9.695301270998666,2.840146237931521
639,1.0890374809927856,20.043308030654735,11.268282854518889,3.235325179610154
640,1.09009746542866,19.155681283539074,11.025322142778286,3.1411139287332874
641,1.0929509961084087,18.34576190681091,11.119194178600406,2.4666805023009464
642,1.0940217970756199,17.47382190037279,10.329073183154794,2.3830607197514952
643,1.0924920048690288,18.48153975953162,10.619903586432581,2.8588020747903293
644,1.0946695292822135,17.00678276867658,11.239534431921212,2.427586385993758
645,1.0926449316539464,20.008571976283296,10.635168232449326,4.136932270582694
646,1.0952897041651937,19.456903746839032,11.434481853311373,3.17977271884653
647,1.0974339660692232,18.868571899371727,10.751856200152483,2.4677118858896727
648,1.0981037774211142,17.961310886385085,11.114050256464008,3.2296889510878506
649,1.1013692260011805,17.46402961078565,11.058543383665047,2.5897766027842994
650,1.102781277839165,19.673487422988977,11.076891201120688,3.9241988303214166
651,1.1078218991787867,18.359853983540123,10.970596804181715,2.7863043194890396
652,1.1112786975395461,18.286612619168647,10.104282873320061,3.4650307189379737
653,1.1109587071236524,18.635434216855835,11.292607913622684,2.488818558862269
654,1.115051635819885,17.78380236367959,11.455096943283483,2.6101533267529198
655,1.1212098129598191,18.221527226402426,10.617182738045752,4.316981096013198
656,1.1286973967929819,18.334484158587273,10.169437583761562,3.7348765562968267
657,1.1320720206153359,19.7981918551796,10.218024116088978,5.06574571055005
658,1.1338016593698392,18.788301640827363,11.297557399141226,4.258277806301801
659,1.1429900255488148,18.024942937867618,11.413570843725184,4.152243436188309
660,1.1623403031040118,17.534022013251473,9.123266756071711,5.449737923807206
661,1.176021291790564,18.036815322617837,10.432209859995107,5.874227831331496
662,1.21367491103817,17.298267755075088,9.874003504400042,1.5586600748137596
700,1.123708433701679,15.366877685286315,8.959542773794542,4.8145849337275815
701,1.0997886808959751,20.272933880265597,10.236556266936594,4.234905472881779
702,1.0997752353143466,23.216513885187393,11.245567150237685,2.601783799101056
703,1.104393531788979,19.730887040281367,10.036061338180222,3.1844817937298115
704,1.1046416582950809,21.891185852870073,10.878556053293822,4.2944760000531765
705,1.1068176066593398,19.87067928832699,9.7243138250736,3.2872878775865044
706,1.1076918240340003,21.090847120010192,10.530910956706892,3.2019737856721378
707,1.1056117345307637,23.429097507817154,10.286179362738379,2.918006567715676
708,1.11155030933451,20.82094499299664,9.835249343219155,2.987783427956127
709,1.1045741846111785,23.31314040064542,11.039400804692955,3.6048364021178165
710,1.1053216936240446,21.797004572479185,10.471103954249733,2.8924020994307686
711,1.1018214991681579,24.601543764412785,10.715686764811444,2.351932809835739
712,1.1027696731349816,21.2295853666428,10.492127241543288,3.0228205233558247
713,1.1010037899203413,21.442178427892973,10.609525390120877,2.7914950257634095
714,1.0992615891692714,24.09794138003994,10.880735302294665,2.7635350551132816
715,1.0984519826037926,23.675776635987003,10.302609539098926,3.1440372941670978
716,1.1007631242715745,21.112925520547353,10.141207080179605,2.7283856167564853
717,1.1006509222900462,24.696810603998436,9.979032900808138,5.544240525232669
718,1.0984104060091266,22.00895387802026,10.312154933608419,3.2829000176750505
719,1.0975917960187875,24.179987727667303,10.55811075646874,2.3696486970249073
720,1.0980007216762975,22.034890490944253,10.26648286862803,2.8675444237391803
721,1.1003952471485856,20.049167184162823,10.2873136405422,2.0988795661655444
722,1.0979329434154008,22.339205602250722,10.464494724448956,2.3309373729848644
723,1.0956636516004667,23.240005677473643,10.871521747734764,2.1103512514459917
724,1.0929587033193302,24.086907397382678,10.560147415951471,6.020525297204028
725,1.0953119976969987,23.88691694260682,11.059547849930436,2.176667282141965
726,1.0970794962418664,22.83559592850423,11.117101699906584,2.475572228834879
727,1.100239396587225,23.910973575016158,10.002027081802828,2.1521675961962834
728,1.0919609361899574,23.268667535902207,10.928602347892214,1.9812609692738765
729,1.0919538939364837,23.727009885452734,10.504239510191288,2.9479656875391718
730,1.0942880428839739,24.38082173894408,10.577185576174593,2.767912842663893
733,1.0876930253147121,20.622781801810188,10.283768639395815,4.098866069351048
734,1.0898677904803329,20.080551221196938,10.357442973477655,3.4235320285436304
735,1.0871576219933397,21.283601446750655,10.617995344920143,4.007739851171481
736,1.0918743361573002,20.332389862589064,11.708989720633559,2.6596087714728838
737,1.0891006585743397,20.873955717603067,10.484102250355972,3.6805225391144982
738,1.0918753533221301,22.25414417043671,9.864114839558068,3.2821472184231864
739,1.0860897154971476,22.365674955707014,11.321944172075282,3.6714380593914626
740,1.0910752786735016,21.24509114954679,10.631805686752056,2.920815091134595
741,1.0934828991540535,20.562012167749895,10.64242209271558,3.4468176436823295
742,1.0931879127676538,19.563201774136655,10.232468436056806,3.1443999334745967
743,1.0902557473904742,20.627936995817574,10.49307593395624,2.8651940088384404
744,1.0933884415366828,19.26621760752589,10.191799459299599,2.2418468817094888
745,1.0916631345708154,22.30082083497183,10.792741360596292,5.352421773793335
746,1.0953872053071185,21.46230601802556,11.091249815526522,3.830085781795647
747,1.0963312305578121,21.774230661778727,10.19764348349564,3.2532212920120402
748,1.097545088950795,20.101640382084398,10.816401618025875,3.4545868628801295
749,1.1009528745634676,19.883677493684438,10.831692547893843,2.7060205723978044
750,1.1016911825458573,21.828863232255394,10.63156248107202,5.898681478137967
751,1.1046703334294745,20.80032886865937,11.03742196856312,2.8275533473380583
752,1.1095067519032755,20.17543537663198,10.030181003360092,3.6573856945734433
753,1.1065750883590582,21.071690906065086,11.044880583988666,2.970675635592466
754,1.1143320544550404,19.871836793112127,11.236118234938784,2.4155041811204674
755,1.1199505026437993,20.37093852173994,10.290370582696514,4.596587659929712
756,1.124160428478924,20.34106909219373,10.190632331059762,5.009042579426135
757,1.1298881679739532,21.95603759597497,10.269533122402311,5.232007170468802
758,1.1278731664581065,21.154991144757375,11.394293972517138,4.341295271533055
759,1.1404846391124546,20.346969632296453,11.323599216507288,5.520808019220547
760,1.1548026639183029,19.836869821777594,9.103031986711557,6.325885744656569
761,1.163167377228914,19.186794180034642,10.175471222072165,5.841432405642341
762,1.1795740997079067,19.212527589966925,9.862450950984126,6.352172853756327
800,1.1202211371258128,16.629559150917647,8.670658299185408,4.868222884376703
801,1.1026798261777517,21.170095925597252,10.76114501117745,3.530319785181456
802,1.102739236001673,23.955473779093094,11.204839124024698,2.788720321039952
803,1.1082268468626506,20.51459226106607,10.636521308941601,3.1194418796542287
804,1.105395916342071,23.391930306651044,10.81594868943475,4.7391760163206
805,1.1104564444810205,20.920935525685998,9.917465513028889,3.7717955010963244
806,1.1105361874460917,22.38826502068997,9.925203891693059,3.025184161819169
807,1.108945597225057,24.232545479995903,10.581220921111418,3.807836336567845
808,1.1116803846559484,21.9656296690912,10.134223193353145,3.9109655991504817
809,1.1056021712747506,25.092612472279505,11.430387954305107,2.39888514278255
810,1.1079562111666315,23.08433259746499,10.462943443592136,2.9399503159568336
811,1.1071028733312187,25.191589313533548,10.745060648507062,3.2038950459936753
812,1.1062150804088393,22.557319014658244,10.728391335522678,3.51789804896885
813,1.1038307448266251,22.48918827749324,11.188452669985299,2.504391392421919
814,1.1032132628255378,25.19633796317882,10.559273662237374,2.6133929232010846
815,1.102293407337221,24.447611391745397,10.439107517064404,3.4923209323929765
816,1.1012995085023582,22.578866250524104,10.972260850871784,3.5190210456242728
817,1.1017293749688,26.069304486174968,10.404680516789993,5.749623020375103
818,1.1036724880195432,22.757713344541177,10.409845444163409,3.53122667415922
819,1.1003815747924222,25.233784200640137,11.088531820229818,2.763963929376612
820,1.1019766868886682,23.176121892926954,10.582600147854139,2.3701856760083255
821,1.1037025196805095,21.27949625132142,10.754402058458782,2.358364737604528
822,1.1013974811998186,23.318634463515696,10.615284525885043,3.5247392971810774
823,1.0995454939928944,24.228678204566393,11.270194598968773,2.33096580052354
824,1.0981659956447636,25.124228322894524,10.934913603438385,5.027909733903881
825,1.0993397733210186,24.912927982507206,11.030467026880162,2.480091725766055
826,1.0986439335937532,23.873655758323316,11.094394800826183,2.5579053189217977
827,1.1023939713003663,24.98030484628548,10.686605446153694,2.1283763485544824
828,1.0977295647537486,24.289640278127447,11.23900189612428,1.8363610622017532
829,1.0955375064836868,25.0068632241558,10.69008566083642,3.3466991178732357
830,1.0996719498697793,25.253139413030205,11.032772641785282,2.214466917834204
833,1.0916059631289035,21.70735737894352,10.536806541511316,2.986072184055029
834,1.0937929802583912,21.4922792918245,10.516533338694545,2.7919262615296447
835,1.0899180606255794,22.75996182618506,11.238859756763354,3.8525090573724317
836,1.0936008721142165,21.38118944223123,11.929898297417193,2.737115403175225
837,1.095171471725123,21.941331542774005,10.511551620439215,4.081737387518397
838,1.0947419082855134,23.706103112567103,9.960806093261489,2.8481606798637347
839,1.0925481123385679,23.21785773271224,11.153266880193932,3.7067642226222532
840,1.0940331031851138,22.64552830292449,10.91844397675408,2.317660007265404
841,1.0976741245855755,21.4094553894131,11.068080111563392,3.415258545554393
842,1.0976967305193037,20.71887020919642,10.1356920367216,2.0045343066233827
843,1.0938219444727484,21.93959844371807,10.395914016835626,2.640057894872967
844,1.0978531908620093,20.18404288347772,10.92919440169464,2.5214532347227188
845,1.095352692164983,23.697979041179273,10.558658160142944,4.668608489680226
846,1.0966313626291215,22.877206310837295,11.319851403122826,3.07261850183411
847,1.0971445858924955,22.934222300866313,10.535802453252423,3.073872354737325
848,1.1013469846307453,21.23311235664793,11.037169898677275,4.412678283736231
849,1.1020982535563362,20.96839443216527,10.961584689033504,2.5389783258342944
850,1.1060210675698359,22.722654412478374,10.731114069131404,4.779216120055098
851,1.1066333193301148,21.71811289086258,11.147911429618873,2.6218825039455242
852,1.1112829296558715,21.607851583249886,10.326948556843048,4.164777201148683
853,1.1100006138681806,21.862722734432257,11.183725832873487,3.090842072723816
854,1.1167158777357928,21.378003028522134,11.547040898969147,2.8020949830733874
855,1.1214914032970142,21.704543891387143,10.590713264401288,3.6629113790702212
856,1.1272147628156577,21.71665745176658,10.40850265800425,5.432439579168817
857,1.1342282563825532,22.79775123286829,10.043477997103658,5.309125923433997
858,1.129431563016157,22.41424538278159,12.344573265769393,4.3484894050803256
859,1.1432312095813124,21.538306202931558,11.505041171117597,3.610849467177566
860,1.1553427912484902,20.981242926039986,9.363945392245245,6.636332837781816
861,1.1573652339973408,20.30610994935952,10.20714312505486,5.9693671854103485
862,1.1725342334988156,20.35627936595288,10.182445939694833,7.394653188686989
863,1.2084608961617587,26.07356387359026,11.061404299005977,0.845655726221603
900,1.1150169862406496,14.704842442875279,9.010510446936753,3.803209140858901
901,1.1002675085365496,18.943810173716347,10.36928135715202,2.7037799203313497
902,1.097631087329923,21.719017696952665,10.92086581506615,2.43873111016204
903,1.1012288204638951,18.633096650204788,10.198856230563354,3.303392077227136
904,1.098644134170207,20.639415452254138,10.665648646706442,3.8089069064107286
905,1.1031052311794463,18.506912930351998,9.792874639927115,3.4748809492783663
906,1.102279022581067,20.04727215629808,10.578011111377014,2.5134180000126864
907,1.0987240339327424,22.114593459846798,10.535019288011975,2.9715575500757305
908,1.1055849917464835,19.46768482510967,9.953061586588664,3.1410485033953197
909,1.0983991226951029,22.25905675989433,11.442276103670718,3.0067877241335093
910,1.1018894433777275,20.69741162982793,10.537368474309972,2.7356686754633266
911,1.0993484631409733,23.047434067310594,10.721621326173706,2.4081876131546354
912,1.0993709077651654,20.222341380733628,10.53304253727293,2.9247895492071136
913,1.0952485565896377,20.21039943606381,11.106479714415734,3.2440898687710136
914,1.0961474508434497,22.477863756770553,10.67402934548985,2.065438588742961
915,1.096192022580327,21.657966583075705,10.12314761904863,3.181917492604226
916,1.094405975369084,20.046860141115,10.514826384199347,2.2724197646428985
917,1.0959426830384476,23.566977282759698,10.562824363193627,3.8596521101986974
918,1.0968922698648138,20.48051916618202,10.13245478463266,1.810365418326457
919,1.0947501460402334,22.919208428504348,10.632566875628314,2.1806700641045493
920,1.0937227416686544,20.71317431710098,10.239223883066906,2.6361699764308373
921,1.1006894150910118,18.51754965362851,10.074065889633284,2.482782993543842
922,1.094775244702668,20.78884436941327,10.476528142077184,1.8335988567245887
923,1.0933158924367528,21.954602199316604,11.211460060463269,2.3094330556877463
924,1.0917580073703208,22.621720404642932,10.702468071344184,7.329715691721094
925,1.0932836645053154,22.613731080164392,10.955649635470483,2.2286741212223187
926,1.092835621929774,21.707595712796675,10.980847193633023,2.613025109354658
927,1.0954804913694745,22.873285460926503,10.649449464934015,2.1328877675341174
928,1.0939505515992778,21.88968995621157,10.723874962440938,2.4172715047847526
929,1.0902297448726321,22.18386324692023,10.680486463344455,2.470152145509834
930,1.0941134994063626,22.93817805311061,10.854233490914766,3.022239042160837
933,1.0880308903459392,18.97258920743625,10.635179307421971,2.4278618569109884
934,1.086289464502702,19.172966983642002,10.91020899563541,3.1776956221949306
935,1.0861231661832567,20.011669548363336,10.82345269602107,3.5957586937738664
936,1.089310046645449,19.190391246976333,11.894475966288743,2.7000300076122183
937,1.0901495412751285,19.657437489631416,10.269193723592295,2.9938259507100025
938,1.091919481088733,20.997942464557493,9.710885096603475,3.2220103467489203
939,1.0847111436185268,21.276680074710015,11.087374983691776,3.9372128772266377
940,1.089175874015227,20.269650608706602,10.690482518116825,3.402218951001975
941,1.0905817594374179,19.115528198298364,10.685176803835873,3.449285167304065
942,1.0943736439705256,18.485372250902937,10.022891542536655,2.1120893755223
943,1.0885917884580791,19.47207611489247,10.52505596751814,3.0902785834254556
944,1.0917235911768102,17.599210842434555,10.992313988104886,2.368271644479962
945,1.0889556832588918,21.1116518554566,10.361001935556034,4.523055782368891
946,1.0922814836109547,20.573854113777003,11.129676739777437,2.8428929783822903
947,1.0919417698814324,20.356940448593587,10.723943209616264,2.441518895544246
948,1.0933644687926913,18.941088068881154,10.634790021634279,3.699879983203633
949,1.0957413822843147,18.463378754152433,11.005402968951595,2.40544356064004
950,1.097848919626052,20.54787193835784,10.687125573190336,4.253075397964636
951,1.1005577650668426,19.4108954428387,10.998456728603408,2.4843776798112605
952,1.104251965172427,19.04224706766068,9.97223447844275,4.0856754209699
953,1.102649972462732,20.217489881722695,11.39244031899548,2.43502268527612
954,1.1105655535085008,18.63350533469091,11.220833564189236,2.767530492992921
955,1.1151318302880109,18.903819551837604,10.316901251431945,3.837183317506382
956,1.117813258667773,19.70762545109865,9.941200698878882,3.890935100959732
957,1.125769148627771,20.34656013203735,10.31273528629676,5.188325099070782
958,1.1212455763832554,19.756122527727012,11.956481887636562,3.417734771959603
959,1.1298634656088788,19.10832514485954,11.28143343248498,3.676118760671245
960,1.1428904966961715,18.642453725221568,9.417561019117642,5.606017368477585
961,1.1466855026211151,18.186623501365172,10.336074190268421,5.541617130661103
962,1.1613817820004422,18.105695880856118,9.920149888952317,5.976272958254285
963,1.1882633468269774,20.561773021739295,10.634801923402922,1.5652671430974958
1000,1.11548046383878,14.714253167255668,9.196360354266812,4.235241121359559
1001,1.0976504326157848,18.96407829992832,11.030515886676453,2.5694992902399663
1002,1.098083500180289,21.514882088002555,11.230205153771236,2.5186996928748977
1003,1.1003889136878502,18.821321271175893,10.426010492966869,3.668967420850861
1004,1.1030790423044117,20.744617750287865,10.812757051625393,3.313564157485574
1005,1.102495086311228,18.542920387538572,9.530812344755216,3.0665612918873157
1006,1.1028523844083546,20.000521070326162,10.15673051433235,3.4004501487484196
1007,1.1005061137959813,22.133075914764795,10.611053812853452,3.116974306557662
1008,1.1048616210753988,19.237312941158887,10.531465797163621,2.6760338691103547
1009,1.1001643698453296,22.582887987438802,11.179603412424466,2.311858805890338
1010,1.1006226931695577,20.522694025529862,10.958406669539352,3.0217551002791136
1011,1.100023149416445,22.402473902457167,10.909169378586688,2.0480823081569226
1012,1.0987194368112,20.192811591861226,10.4544740637192,2.897338534239586
1013,1.0967352942761321,20.124029934138935,10.984317957697284,2.752932613961601
1014,1.0967894879217892,22.22760543621181,11.110112532382024,2.432800822789012
1015,1.0949788736111739,21.87145047759442,10.603660028440247,3.754397534190235
1016,1.097316603234172,19.77547405230103,10.66133876720161,2.170268798195416
1017,1.098028511748833,23.160374806835705,10.786229493350223,6.483752342148967
1018,1.0961732624603109,20.725650785224662,10.451067268776256,2.6829685038454674
1019,1.0972321220361323,22.679293724902767,10.732597946075815,2.019798834666372
1020,1.0949840770187282,20.75043173109351,10.582521210791274,3.221438535225804
1021,1.102663430212931,18.500425897281172,10.08965555168797,2.187973395374431
1022,1.0970951910113622,21.06462501906394,10.441213684751144,2.9888615054271876
1023,1.0948715718943953,21.69443125328513,11.238410103428802,2.6941347009220795
1024,1.094804817911869,22.21793723648617,10.997177424059311,5.181962230476171
1025,1.0946982455011083,22.275792049454523,11.03035612113516,3.1456714438825752
1026,1.0931319943355962,21.62887732497375,11.594960629887025,2.3444444786577483
1027,1.0993503134372902,22.43593107893799,10.644942277127438,2.021227521574792
1028,1.0952197828274752,21.765821991149124,11.14926849940437,2.731900442333295
1029,1.0915159910778045,22.28690146288699,10.8175805792279,3.048134001823372
1030,1.095524980466325,22.95051765316463,11.168276029175722,2.2827350011376555
1033,1.0882216557009337,19.166582456321727,10.705327833526914,3.861886852007842
1034,1.0897330415502646,18.919962824208838,10.714656984375535,3.623924357898686
1035,1.0868858902870722,20.715575663964067,10.789792522281092,3.6002152954975006
1036,1.0904076239308116,18.99219809994571,11.815184949762164,2.5135395309525634
1037,1.0913568675251806,19.947758512099064,10.39465064145915,3.999936531009555
1038,1.0923954957871385,21.13388852832687,9.960968283842398,2.676888970966177
1039,1.086820808098816,21.393702516566986,10.895635456591913,3.3184131085816504
1040,1.0901212531842353,20.309684915465738,10.629154449551164,2.740704965525235
1041,1.0935470288368683,19.149703640416206,11.20984534982114,2.813230246093474
1042,1.0921949672706615,18.54155030341588,10.571363934776658,2.908478692992757
1043,1.0904931007620944,19.343199027085987,10.116774263823228,2.285961272764612
1044,1.0919683037422607,17.578819324374525,11.36916963516749,2.491528052180401
1045,1.0893524218792323,21.02769171721858,10.746953866306072,3.944038231072842
1046,1.0923023054643803,20.572401072261364,10.818542987523548,3.015437985456175
1047,1.0942183946675663,20.000490226659753,10.362770832658306,2.7792799341490193
1048,1.0959073996894018,18.58411615984139,10.986836645220556,3.3001949091935496
1049,1.0964075388340024,18.266596224698734,11.404678873519298,2.908163535395307
1050,1.0983489795770944,20.633435140836173,11.334309665348323,4.027825717389915
1051,1.100798845855955,19.263140145965448,11.222950501440662,2.1103782176216654
1052,1.105070715067194,19.256827503835407,10.222363556525798,3.61678752525085
1053,1.1029236741582953,19.652135596788302,11.469491761931145,3.8691007018929504
1054,1.1094062597021732,18.617885254538294,11.17136276096635,2.603062432225673
1055,1.113116383527765,19.042895704578676,10.864327391323508,3.907809328561386
1056,1.1179504088626167,19.273904018728587,10.238113179310675,4.346598198120611
1057,1.1238657926796825,20.434405667084384,10.327900525478269,4.20569306251296
1058,1.119882782759197,19.52272992683756,12.090611287585647,3.1251079671195012
1059,1.127882555987519,18.982936834696762,11.514267447229962,4.216773431453475
1060,1.1397775368557899,18.576427913131123,9.660648594151434,5.870952546696559
1061,1.1398455500542573,18.345229181870245,10.528867965550637,5.581720857063093
1062,1.1521742159615758,17.82426327856706,10.482243350761177,5.330491205889202
1063,1.1710733229855006,21.418862238397338,10.512025859643124,3.4278995567681085
1100,1.1170700154198963,16.680919545927118,9.06715058434344,3.6409174473296417
1101,1.1000774856459743,21.21174430161164,10.511085611966294,3.124986562049679
1102,1.0980909694930823,23.884439025725918,11.762556091124724,2.7212355146388445
1103,1.1013183211475965,20.54631767782186,10.2132552420997,2.4427710091512465
1104,1.1005406996936533,22.853442054025635,10.813693767312209,3.2602146067570863
1105,1.105564273754393,20.909352472358734,9.780935781530271,3.768668158916771
1106,1.1062108933746158,21.93125906428394,10.047562426334823,2.7484688019463737
1107,1.10140610424455,24.16203164422905,10.309681432562343,3.0080088852106446
1108,1.1056629964931177,21.74828349421519,10.021565340598647,2.479990198625582
1109,1.0983848882968257,24.820909347073375,11.443136187527783,2.5466552992394256
1110,1.1009300821514565,22.83448464925048,10.265451390558166,2.7373677462858588
1111,1.0997607777359266,24.664132872235434,11.142788502310319,2.6927567492254
1112,1.1012118270972047,22.246101600833605,10.454233519065628,3.045786934802503
1113,1.0977348937466702,22.16350643415928,11.1101272009297,2.5986853624339186
1114,1.097349673809297,24.57264892694639,11.136622426506834,2.5623013419860285
1115,1.096418846633502,23.933711410814972,10.46844411440653,2.3478815649153573
1116,1.0993142968292349,22.08169625106871,10.426335816828168,2.805669061610177
1117,1.0982835693528055,25.902664483538572,10.37704948431034,5.536100474023965
1118,1.0966809824317225,22.594047544468392,10.28873218037522,3.259488928145653
1119,1.0964457532471605,24.998186614422305,10.784817666259205,2.787349707537629
1120,1.098550509388943,22.70239683119076,10.420296703752973,3.0458712480404424
1121,1.1017331091674851,20.894366517915934,10.166541354663957,2.3417663829477546
1122,1.099947502120114,22.77806680972833,10.545587411331509,3.0273163118008646
1123,1.0975070317069737,23.929732973779487,11.183334675356702,1.8812496173990714
1124,1.0963207676532292,24.56489841297717,10.495210839450033,5.4821751392236475
1125,1.0953684565310873,24.937243320454012,10.611119769934806,2.539140871300151
1126,1.0970049574130054,23.919896439166013,11.336849590168555,2.7071279881630033
1127,1.1015065048214434,24.561216217814483,10.486420672741874,2.9629791406167203
1128,1.0969767838575537,23.84516528316943,10.383300355660825,2.7491361721473107
1129,1.092543185678961,24.536021176776966,10.676690994251452,2.6726495855042467
1130,1.0936611748055582,25.24200319916016,10.73734703218653,1.9399523360766149
1133,1.0913505886970316,21.11268212850566,10.32680543044366,3.745809488577809
1134,1.09409465185143,20.70605686073951,10.723853262088674,2.5990959968902194
1135,1.0916857631763763,22.26154906903494,10.525831441133972,3.6331231469981207
1136,1.0925837517867465,20.835182113377694,12.097522723543904,2.1916755267791768
1137,1.0933646603559852,21.64086954397567,10.792153767365049,3.838734821066241
1138,1.0939584011943195,23.13492620223399,10.122189125272122,3.202448315603794
1139,1.090495322637489,23.10811386951419,11.113433027968767,3.428070659716024
1140,1.0924715717514708,22.425935825646327,10.812769699569131,2.8920314845086867
1141,1.0953628281133425,21.11044557344853,11.093255261544572,2.6098285500616543
1142,1.0947386799827756,20.54395637964899,10.115718525748793,3.2232764578818514
1143,1.0919148388147804,21.614109840560094,10.628620891002916,3.1374721142525335
1144,1.0959424403140647,19.592446114015274,10.73301242507243,2.1409732681820746
1145,1.0890135516662596,23.255051808713517,10.732121731176564,3.312628959098289
1146,1.0928892460337645,22.73748529241951,11.08211803442071,2.873721531776998
1147,1.094849162993006,22.20780934444167,10.043324244918091,2.929811255674381
1148,1.0949034379584264,21.167324623741372,11.064365726170646,3.9161869456311407
1149,1.0975379969006747,20.879491977749417,11.163354280293113,2.783113115697431
1150,1.09640073593171,22.7595795434268,10.836485558709896,4.498238888569041
1151,1.1019416074562196,21.459370239710616,10.972471796226515,2.3329651112550485
1152,1.1058025015599282,21.158851419793507,10.36173848211434,4.486206650767212
1153,1.1006010858469695,21.88038347256241,11.545579757605594,2.673278454553583
1154,1.1102005901410263,20.309414044259107,11.411963879502611,2.6194529240668114
1155,1.1137647231428092,21.135763362301258,10.501547442162678,3.1851291357503775
1156,1.1182288421794901,21.189237810809583,10.09128495627492,5.542790412291071
1157,1.1223109193166172,22.433079161636446,9.889225481222967,4.167855709001041
1158,1.1172435864446224,22.0917853372635,11.896936671860978,3.708222913388285
1159,1.1274939736990908,20.76838920225673,11.747760468023072,3.1626227810282117
1160,1.1379264053763738,20.288348263732757,9.436737380908694,5.725800181420617
1161,1.1358715260613454,20.414225522833227,10.690101958890827,4.504505143948481
1162,1.1436141779637023,20.13591653766529,9.807509153729091,4.540880017118971
1163,1.166517639407571,23.285439502785046,10.582615182161918,2.9048085739814864
1200,1.1154118746801214,12.954702667549773,9.223365772735278,4.370254729664954
1201,1.0962320407071016,17.75800059213049,10.710922555239138,3.052001285802759
1202,1.0946426845798054,20.383644566754985,11.174258509934026,2.552605257468119
1203,1.100074361496016,16.681108052619937,10.273776177896455,2.632595255390874
1204,1.0963836239363713,19.331301580470384,10.813207785619435,2.6554020820065176
1205,1.1021400650280155,16.858700303413645,9.528884893938253,3.5086825602139204
1206,1.1005898383822372,18.205469593388628,9.933635426369221,2.6184088344708067
1207,1.0976505886021788,20.33598450857671,10.633405106180447,2.270331717918324
1208,1.1035308402764468,17.732381510285578,10.306352607284087,2.904646752636435
1209,1.0977683014040565,20.89771104526085,11.018078830082956,3.0227942584074157
1210,1.0970175420251695,18.999038450896993,11.289039687455363,2.2276526304207045
1211,1.0958934370042872,21.33125272501753,10.969499290083032,2.5354282164581843
1212,1.0973510607683723,18.478174806169193,10.731541808013626,3.331751100912291
1213,1.0946775655591396,18.663083161365197,11.180077078765207,3.1348812373787505
1214,1.0943449696868057,21.035741738504385,10.937570748178379,2.4456515983703078
1215,1.0954415309028471,20.14392833360116,10.59015996467235,3.575171366164827
1216,1.0936311243110302,18.689458408736932,10.625844278820436,2.702409576280686
1217,1.0946245578633238,22.103163900918958,10.54056507970396,4.8146786133194714
1218,1.0946880061222717,18.742114543132306,10.669283220724331,2.120375333006263
1219,1.0959602503591936,20.963996038426167,10.707447057473283,2.0931649373197883
1220,1.0949161322343783,18.691639790342926,11.278615992528067,2.268998889644525
1221,1.1006107495820743,16.848520431683447,10.768558355069027,2.320405246979384
1222,1.0974932142226768,19.130341902533853,10.489706191229299,1.7487856882307777
1223,1.0937898130235282,20.13890259627188,11.217968067901685,2.8445570257634896
1224,1.0936604697596042,20.82223730884492,10.783356494125995,4.400187613396173
1225,1.0968296760628848,20.698515965331083,10.72322205919237,2.41368522697454
1226,1.0958942688981763,20.343979885172434,11.080240651589616,2.1889169089362106
1227,1.097346824725756,21.138775561525414,10.617837285310786,2.8811543147468757
1228,1.0947356011627054,20.120733059421802,11.077116420714598,2.767233473302824
1229,1.0928289152957313,20.874823355162114,10.767527698648893,2.341413634582946
1230,1.0963093504592207,21.260765478003485,11.160884514622852,2.135761038104015
1233,1.0930784165240441,17.24995263687214,10.445887025304732,2.36776858088072
1234,1.0899614062050644,17.89562237631978,10.70921555020071,2.9933337682252055
1235,1.0887710119309237,18.70840243223771,11.38236801008168,2.70508329369031
1236,1.0904194394746403,17.66206383826781,12.232005114739785,2.1848048520538623
1237,1.0929505692163295,17.954725166347817,10.802435720868658,2.93405251789302
1238,1.0933186546127311,19.691856295439806,10.083330165268942,3.0298855022633204
1239,1.0884346898510358,19.572400037806183,11.469371486667695,2.764848775254131
1240,1.0915721524061397,18.902883401920423,10.961322014988765,3.2283186461853877
1241,1.0948247626426977,17.718028698434907,11.24138932313344,2.5339706349943216
1242,1.0949939610920745,16.69295402270938,10.257847139268273,2.914929235621023
1243,1.0896110027230892,17.813343931254035,10.686166727933909,3.2866452847219128
1244,1.0916933179436599,16.513123864937604,10.729421035877005,1.5839585341483522
1245,1.0891309832234413,19.67009170649858,10.888737075496168,5.232998929842513
1246,1.0917570769645746,18.974719720071178,11.532235688190491,3.3294737194741644
1247,1.0915691266518242,18.439359580549453,10.690463884494543,2.368936225499459
1248,1.0905825945918552,17.202442280992184,10.897169790993814,3.3235028226660863
1249,1.0940419906787315,17.244095451808075,11.125800808775503,2.772585984573916
1250,1.095737306424982,18.631218811393477,11.106547565270047,4.622765313126893
1251,1.099574509084371,17.540062173096587,11.526040624254476,2.1063479067087156
1252,1.0995260618222666,17.793891566645623,10.220297312743556,3.2360730768061883
1253,1.0983244363304678,17.910664151583916,11.601412486880827,2.784775517503684
1254,1.1064280627714507,17.102282400688797,11.498010056902398,3.3344245450605636
1255,1.1101976657152979,17.537160801546285,10.501646577790567,3.1696007553326506
1256,1.1128309779878314,18.06242529383201,10.243325778548323,4.543771231618838
1257,1.117090971464847,18.908823185674066,10.412081419164844,4.531003886422152
1258,1.1121828628785486,18.23966292353086,11.722839938401354,3.402321181542907
1259,1.1194909036669347,17.379360794188827,11.91465936764874,3.3908085107440824
1260,1.1315017027730407,16.97217881050214,9.527292045962618,4.21006487037707
1261,1.1297004394881556,16.59652803642228,11.108846789934809,3.5253469257730887
1262,1.1338227365764126,16.77534544459015,10.647206730200109,4.932832222373281
1263,1.1605456560924983,19.780474113847887,10.669632855097916,3.346163580425312
1300,1.1133901989816681,15.347090234094551,9.080391366253394,3.973035939038998
1301,1.0962860534383327,19.372969370868624,11.080358054809409,3.6959506953139885
1302,1.0955932166016065,22.244024469724657,11.368611146644154,2.3051351722947735
1303,1.100601884025119,18.301384492917126,10.41394539160035,3.152080381463783
1304,1.096527511183521,21.171078300534045,10.607507586327309,4.271015498514292
1305,1.101284310664941,18.735507073726072,9.676252981647233,3.6266669292466034
1306,1.1017921562185338,20.00170332493265,10.267109711895767,2.2997318364441517
1307,1.0986149321285614,22.096495762240885,10.728874674968303,3.4397029171376725
1308,1.1026149618042524,19.6182930829887,10.090581421079872,2.10651841781772
1309,1.0951601603981485,22.819371391792902,11.07779226975333,2.2565032396813143
1310,1.0992071529664853,20.52817015381882,10.822319847882977,2.9836070770706375
1311,1.0963855150300845,23.30722727622736,10.907128853894209,1.694401160678468
1312,1.0972278402423592,20.61308775525208,10.49569203519196,3.140486787178948
1313,1.094809908012044,20.14226039186129,11.004455037155894,2.519381099263904
1314,1.0942509193283247,23.144778907707007,10.74387738955324,2.4188480663600607
1315,1.0943651823073173,22.42959044764676,10.383948134220198,2.8125680040116547
1316,1.0949832520061447,20.349925464289605,10.654787216220665,1.907868196498746
1317,1.0955415522349745,23.627638132563714,10.416400675065184,5.534316566141354
1318,1.0970163769707908,21.052853880019946,10.580728977634402,3.0711217128978565
1319,1.0964067060820037,22.975578431465156,10.754107946682444,2.295408792197228
1320,1.0964232431280547,20.937599440897216,10.820240722385769,2.830290719600589
1321,1.1024434866103832,18.94319192567879,10.731781749271835,2.5864060423377775
1322,1.0993065635874233,21.248560117600643,10.3662731698311,2.2948748473719056
1323,1.0948391012054939,22.12943532110868,11.087530930629702,2.1537642873862293
1324,1.0943089001784614,22.958910496855903,10.831105102181647,6.342992023855417
1325,1.095922972034661,22.558170545178992,10.971816404013195,2.951639357899654
1326,1.0980242810807606,21.93515817397276,11.44714729601931,2.1378429341441976
1327,1.1004006730274216,22.966267938667855,10.475885666751399,2.5007296441293683
1328,1.0981534462355587,21.960856085460875,10.894876282576437,2.657071840102176
1329,1.0932521735455654,22.33043495719951,10.64573650230873,2.7926050548166375
1330,1.0963195504134942,23.350535821259196,10.748793430858495,2.3170124802182013
1333,1.0924673502115125,19.19173098118023,10.035672157207573,3.556388818277309
1334,1.0910546190554682,19.402494205590447,10.639508391143796,3.1704474536310534
1335,1.0913020673153508,20.289369007428952,10.709667905031136,3.4203819036825087
1336,1.091845969799258,19.540773431839696,12.094213962652947,2.8618094709840665
1337,1.0945112931860221,19.61953064427586,10.289047022443933,3.3546038086137737
1338,1.0968694326908406,21.265290322961903,9.735143350692246,3.1317191907455157
1339,1.0895511759622454,21.472099356499623,11.172466452990564,2.8935563834246723
1340,1.093328855762547,20.519672434583093,10.810742976469411,2.9750657485055183
1341,1.096014091034645,19.30601728695007,11.2182297582055,2.95452782252312
1342,1.096541123019033,18.31945215489746,10.025316240270147,2.7373670082687966
1343,1.0889326104705817,19.59078357003749,10.729669188166707,2.081514036677479
1344,1.0951946886301613,18.02998410635702,10.928523465512136,2.4598744943006174
1345,1.0918645677199164,21.626139790656843,10.811454610410149,3.219589792043518
1346,1.0913409932441565,20.70640810513362,11.316192377846829,3.279904716862699
1347,1.092635060211509,20.649872099629405,10.376943323529629,2.691841545576798
1348,1.0921648085886522,18.968547122631193,11.157048203867532,3.128520711715568
1349,1.0951641884308405,19.134658956211624,10.784622910248679,2.931681212095464
1350,1.0943340241375914,20.544101965974427,11.005099357256604,4.960634559814519
1351,1.1004650309212263,19.640439867635457,10.725533065669214,2.2201571639759963
1352,1.1033196737343445,19.167604283086305,10.60922030497338,3.012031361770681
1353,1.1008630440830303,19.860809861418034,11.322098567673102,2.2262139373243537
1354,1.1049142185827756,18.863340346720367,11.227867075005,2.047579591371056
1355,1.1093305190676992,19.078041977498497,10.390514926398554,3.1181221283307607
1356,1.1120407824520016,19.318223927154364,9.859661107508078,3.7541491378391485
1357,1.1145197986251092,21.01867030113322,10.312987783825047,4.173535508359449
1358,1.1095337784774852,20.270541373122786,12.137479590576575,3.5568489571950783
1359,1.115639877171896,19.390261275653074,11.624405211175295,2.9769644782042333
1360,1.1250272187466703,18.94710323465202,9.765805683219318,3.490398799421756
1361,1.124434433193636,18.395690670856755,10.974739164754887,3.838278709410784
1362,1.130358600735505,18.521437460909095,10.419933843894281,5.0940690996471165
1363,1.1528869895536125,22.147256583280384,10.631682527451224,2.954024105429713
1400,1.1176032613910767,13.150252205273423,8.636164283556996,4.155123170084999
1401,1.0966774158533725,17.808467852624943,10.86436388596348,3.3508237306360846
1402,1.096587381949809,20.18391831414219,11.178608041121866,2.69663931213699
1403,1.098556940893629,16.613428386047918,10.61711449879636,2.4675729074778023
1404,1.0972809621343331,19.299999956405433,10.789782785641018,3.734544352932261
1405,1.1002018056593255,16.857742317898044,9.823876965935327,2.93663438820684
1406,1.1009456868564995,18.119927327635125,10.038868656579979,2.967534630958697
1407,1.0980858095306816,20.668572508606836,10.673089311788285,2.734471955112321
1408,1.1008993384654893,17.75594120712235,10.471171196064661,2.701278477735316
1409,1.0971900446430054,20.43786354365642,11.41192378895097,2.232619519383099
1410,1.0970830079802938,18.906707898927756,11.045158464877938,2.3406476355214267
1411,1.0972378934130673,20.769180196847604,11.154891810376947,2.1482302520005976
1412,1.099678285169819,18.574481825452846,10.407166796966564,2.3318350627179183
1413,1.0967229166742045,18.313488727445268,11.027133953368073,2.8669708098670093
1414,1.0966762877888552,20.999599762808053,10.650098304786498,1.633442357956938
1415,1.0953079546636173,20.315248510766637,10.481610706406206,2.714897580204735
1416,1.0951344508000955,18.508210464070313,10.63907193471163,2.2637009419716474
1417,1.0965120779978539,21.69561566068398,10.603667667924606,5.539433333605406
1418,1.0979577688030802,19.00961094090778,10.575912878845982,2.1500686824451387
1419,1.0981655724516557,20.945135949834757,10.935292996032878,3.470726705040948
1420,1.0962732513445377,19.01284556791677,10.529895587954535,2.7123322677369393
1421,1.103228032529971,17.113831191214768,10.4535615045288,2.920299962423625
1422,1.0986734046983855,19.306689481570327,10.53326165981936,2.9374062930280713
1423,1.0957480994570263,20.020136836722777,11.367074535559565,1.980697993713015
1424,1.0970030464377323,21.033088908006693,10.765319152440393,4.487543974705033
1425,1.0952988608815268,21.030965071098827,10.730971212324672,2.794349320202975
1426,1.1002839219058402,20.27249482212379,10.94103240053299,2.380845019799756
1427,1.1028189087077573,20.92832397489153,10.480306620931952,2.1610213784363097
1428,1.0965401208862253,19.949259013644024,11.107199202396126,2.745401026891941
1429,1.0945742959153388,20.922379384880927,10.484195254478568,2.596961570766192
1430,1.0989500797955045,21.24941633756521,10.897369415495659,2.0974742250205107
1433,1.0912348102246243,17.54478721648537,10.719206999676729,3.865100674843728
1434,1.0943590710617304,17.371242517519033,10.54564275230392,3.3675110727320243
1435,1.0941008474136495,18.377339686699937,10.68101121968709,4.4422983183321065
1436,1.0956156433393638,17.41812850460978,11.807907132832598,2.3505137168008625
1437,1.0969025843886544,17.821828715274677,10.68776900457352,2.5613009317273185
1438,1.0975205982592953,19.39592383981967,9.836158504881023,2.5678964966826805
1439,1.091153763150618,19.418948666094956,11.023834324977033,3.7705416915865695
1440,1.0953753712660315,18.382948471727197,11.012875734774031,3.3260766573506593
1441,1.0968621698271752,17.286222261641637,11.078655212587591,2.6378478503684586
1442,1.0965148594056675,16.511658444262924,10.265543184195295,2.623805300424599
1443,1.0915422462411506,17.948805180533284,10.496419680977757,1.7132503408677697
1444,1.0942584845945826,16.299005807894947,10.718544411013971,2.191406148138979
1445,1.0910052441496023,19.488361740252664,10.888917726995382,3.566681362128913
1446,1.094170643286106,18.750334423924357,11.34234340544123,2.4550826229274385
1447,1.0953706392470293,18.418388526884225,10.472874881995095,2.134108651278695
1448,1.0942922843330225,16.946761761700746,10.820323634117685,2.667566547515375
1449,1.0957919501426954,16.90872602145221,11.244756748976402,2.769146722502634
1450,1.0972293930608181,18.781595271669634,10.61934562191464,3.668004390703529
1451,1.098297363926443,17.784102046640132,11.14690567919899,1.8061554483541116
1452,1.10130126687732,17.881100896244785,10.145582453634955,2.784906210454452
1453,1.1000179328668107,17.59295740890738,11.57762294821765,2.695818313524243
1454,1.104371318735773,16.90207292610239,11.479385965573364,2.446693703177243
1455,1.1086714008038652,17.315111917213216,10.995980773043378,3.951978981326474
1456,1.110153535980971,17.23245556377974,10.057072134375165,3.6741305008161533
1457,1.111333350827917,19.202755664063748,10.110909561312194,4.307156461906247
1458,1.1060981530291492,18.398195483913064,12.044082458298512,3.067455512986054
1459,1.1129007913152449,17.50995542726953,11.618412381225724,2.943912879758309
1460,1.1260725158887743,16.991512526382852,9.836900097359004,4.285896745026422
1461,1.124006465552784,16.585247265153725,10.67341922885153,3.9026517687094886
1462,1.131043664242692,16.28110180260327,10.53202476553294,3.3682545225838383
1463,1.1493224560114423,19.42732445427461,10.950720104423038,3.569472189673982
1500,1.1149093101246983,12.969147115614478,9.019696519178881,3.954644698738533
1501,1.0946265015331362,17.481000001269173,10.73179313838136,3.1235353977744555
1502,1.0920672893783003,20.378524088811137,11.447833298240388,1.6027015828038105
1503,1.0942879004803885,16.804296606049697,10.679610686940265,2.745415230644686
1504,1.0953755305600643,19.23101155766913,10.573964832941916,2.6635150998468227
1505,1.0963505073770015,17.165075734674392,9.612754782785519,1.9599425238374073
1506,1.096933361994932,18.26527239069268,10.717039513310414,2.1143833960813234
1507,1.095672379669417,20.156793621310907,10.58040259578087,2.771094051365917
1508,1.09877794427127,18.019139063395315,10.497817977233762,1.751521628498361
1509,1.091603169185776,21.036762323719604,11.1291957656556,2.445744829344843
1510,1.0937301555145207,19.420057938745586,11.129543870790096,2.3250782090206332
1511,1.0932431199308899,21.8372415730707,10.657455840534334,1.6898489416429139
1512,1.0957192768536619,18.551763010859432,10.623925562538417,2.3560935759671957
1513,1.091880725851935,18.80184617241065,11.129459126503892,2.3388511140347266
1514,1.0932234426756027,21.418981685932383,11.036666703652852,2.45799115177988
1515,1.092996901451764,20.12950539946118,10.681045892524944,2.171199336862517
1516,1.09244066453139,18.92373374529805,10.582667952736424,2.6362899900632315
1517,1.09508441847876,22.205274651101625,10.43737769670992,4.244498169295591
1518,1.0926963754232193,19.361714215387103,10.539765167610085,2.8241432542784657
1519,1.094382618839156,21.390778611221968,10.9078175192739,2.944386619731036
1520,1.0938939488694153,19.50135246112462,10.407569340637718,2.086163419381509
1521,1.1012684463768798,17.133711301713298,10.029484952921917,2.2391354642257193
1522,1.095129834461632,19.73568845474133,10.792417905163852,2.310699252430292
1523,1.094219895367725,20.422438294704182,10.886285108624081,1.9539764460769884
1524,1.0952890178636177,21.198154116875468,10.62184769455782,7.455493757314837
1525,1.0946311560052346,21.29336228570508,11.301254560314081,2.67876191004982
1526,1.0956381494093237,20.324188852845346,10.95203308669381,2.2808358031197007
1527,1.0999479475937584,21.361007106664363,10.483479641979876,3.0392365433589554
1528,1.0961054902143446,20.550455062076455,10.947418993687956,2.2600753467710306
1529,1.0920569730594527,21.047555773994596,10.881792734721044,2.9369143512165214
1530,1.0961348070619321,22.028922266984225,10.781827099041672,1.879077862496099
1533,1.0916196001200642,17.959234115012716,10.182325921069042,2.592702317167386
1534,1.0927698338548832,17.82825282892456,10.256239401201823,2.5683106469218115
1535,1.090961002164621,19.02382030657111,10.491831465563024,4.811451020168658
1536,1.0935850877139217,17.9602465891958,11.913216058852262,3.812133013509974
1537,1.0944909639146028,17.97709453213621,10.669018366272034,2.7724008913447133
1538,1.0949590849068447,19.476006892599717,10.008720317441405,2.63766112820497
1539,1.0898153368580075,19.7418233484632,11.029819653907913,2.8496955481664057
1540,1.0914255264549206,18.770640950032625,10.932276316098516,2.239996632667934
1541,1.09595061731506,17.568520871525628,11.247193108785144,2.5668642825800925
1542,1.0950927637375603,16.99711376825143,9.973418713682122,2.7387980264517915
1543,1.0898287457005376,18.353188919212908,11.138652170025479,2.1498245813512944
1544,1.0921331815938888,16.462183903943252,11.081067575285926,2.5908974642592844
1545,1.089260170899505,19.763307730812645,10.691382481144082,5.744239710620336
1546,1.0904025858927726,18.91530707140584,11.398555532015111,3.4341729284401588
1547,1.0911795875068335,18.93823209265879,10.345391720548443,2.1430868698948875
1548,1.0914862123262798,18.11452020991548,10.989885155136296,2.7552839192534186
1549,1.0932166349914365,17.257098044057134,10.88359277928042,2.1865718838337926
1550,1.094495332577672,18.91151947331725,10.569015352658154,3.752991425730609
1551,1.0952516760650834,18.01961496723336,11.226326988620853,1.6371904551756702
1552,1.097866108648818,17.83793973377213,10.171332829772659,2.904373215255471
1553,1.0933171576720755,18.411975921607556,11.04250049656998,2.6345657487742877
1554,1.1027966890527483,16.971074155507043,11.646748712197775,1.9499493060750421
1555,1.101353731244065,17.57318753918504,10.786295951752813,2.96858878213308
1556,1.1055101426867222,17.831035698615725,10.074731789572546,2.961859367116912
1557,1.1076073085852702,19.324360747568416,10.129729115665485,3.7436999455760307
1558,1.1044783896720964,18.281913981556745,12.237838713603548,2.4464490807094035
1559,1.108107463306602,17.654546140535874,11.85176069888465,2.522361454516501
1560,1.1172033084658188,17.761692146777463,9.664886432093033,4.363699207658211
1561,1.116623163816659,17.29492862231813,10.786948301337173,4.358475852098228
1562,1.1244728166134088,16.651091264678524,10.62233372527343,3.387446780654433
1563,1.1469378621441553,19.300828734782712,10.743314750957,3.1918136773330397
1600,1.1106884706971651,17.75480071598074,9.531245099966805,3.818145962380142
1601,1.0922823747833605,21.736933571128844,11.28678441875888,3.4338028365722195
1602,1.0922745944923191,24.89764724097923,11.254539044063419,2.4457855706155875
1603,1.0969755299194257,20.462884872896794,10.35998582472838,2.5180774428954473
1604,1.094533362683551,23.216448533120595,10.809075463243179,3.398487519081031
1605,1.0995190455031285,20.828031253258512,9.859612043664667,3.3457190700141775
1606,1.0997058932975048,22.247083451288084,10.053810828593422,2.422061714600504
1607,1.097644158617198,24.392526550843385,10.728092801838601,2.6655616913542755
1608,1.1008140994232773,21.995935272499572,10.172082298934559,2.2162370410664853
1609,1.0952516160719707,25.158227975273714,11.418970968797165,2.238366265061704
1610,1.094967439029882,23.406597752299415,11.230818032248251,2.2445382044305653
1611,1.0959569806032228,25.388946748594012,11.074544090802632,2.9666801844571933
1612,1.0972461199571362,22.609425306394794,10.618387227819968,2.0662799411575645
1613,1.0972930082101986,22.405468992688228,11.15757956610014,2.3761573649737278
1614,1.093727116927081,25.48532233082967,10.843044435192528,2.2773904363895787
1615,1.095690887973435,24.443213188778362,10.821261513498769,2.6955324519926367
1616,1.0969416193958712,22.458030564015345,10.5113657397858,1.7170160592981647
1617,1.09335304885472,26.217760528021476,10.44231088716848,4.794818896769695
1618,1.0970037572888691,23.21716331182641,10.176406629303486,3.020606604982127
1619,1.0966603463104456,25.369552361445024,11.004427440179997,2.5023213797054953
1620,1.0994703646117225,23.388560545537086,10.720427674671202,2.3898724245392047
1621,1.1035807877034423,21.172220558110663,10.631571409855104,2.8834060216714956
1622,1.1000132020142799,23.465694775671942,10.567454631091186,2.0009697622302105
1623,1.0974654739404817,24.437532356633874,10.895929328521628,2.0213012753485895
1624,1.0961875111036143,25.237064509464076,10.758974883842317,5.397563687213743
1625,1.0978878858724817,25.13547668068916,10.97187888627168,2.392625532462505
1626,1.098495593583257,24.36701315813269,11.170182833948049,1.9469592803225342
1627,1.103397039808105,25.451568154967017,10.415302546504662,2.5046912077588255
1628,1.0990831930861595,24.85959684096541,10.922870455422604,2.512919783023767
1629,1.0962009383283342,24.83285941334079,10.701708043437646,3.06321951734989
1630,1.0989051666000735,25.29113013300084,11.160001520436428,2.421051514806068
1633,1.0939162860279779,22.383499845706023,10.55674782876068,3.881630649929543
1634,1.0970041748691621,21.274784472490726,10.810215695006882,2.8495363866387686
1635,1.0935335420515364,23.225653105143486,11.094274574491658,4.129083158833932
1636,1.0961562171536807,21.750984441597776,12.153431864583887,2.494929095241408
1637,1.095620324616837,22.516221293094766,10.686157064015864,3.2560334014737613
1638,1.0996213870862375,23.504478831019117,9.926504834656777,3.0679786822640964
1639,1.0894839775844527,24.29445455807814,11.029449829688907,3.379331781025987
1640,1.0960873573823995,22.88279840320243,10.781963699736885,2.874617936788635
1641,1.0973143909340337,21.764664625735445,11.438867716199184,2.612742762005851
1642,1.0956389738439882,20.848426501309397,10.265656769246636,3.0763360409984712
1643,1.093548914352825,22.355010345710422,10.87377075512703,2.7600460122174417
1644,1.0963647668947596,20.29739819338342,10.93977741248595,2.1792138775732406
1645,1.0923770489612294,24.016288923574745,10.564957040319785,4.105816758561517
1646,1.0941719159229895,23.333219086437968,11.43155148056513,3.60820016248245
1647,1.0935279396626123,22.93175899562084,10.523543829230436,2.1326865517316573
1648,1.0923303216552505,21.398624557284293,11.228221917797798,3.15756275350057
1649,1.094111546411199,21.408375824910564,10.981304924477307,2.698339497429812
1650,1.0953880732962245,23.258611207759966,11.180490664808408,4.1011109955202105
1651,1.0991874508976605,21.664099377924476,11.220125459537712,1.9341173634254913
1652,1.0992223939956562,21.7444841709366,10.214113660875258,3.599955523721916
1653,1.0973137538370932,22.573447828742875,11.574894747667594,2.420761796053579
1654,1.1002688098926863,21.365707974049066,11.433679777220192,2.510816047921818
1655,1.1033487869821208,21.50093320019997,10.542298227515216,3.200038304740852
1656,1.106520577096462,21.691471322548637,10.341334658627897,4.5506822718396585
1657,1.1072193332135205,23.044075625238168,10.644442018509649,3.7583049305429994
1658,1.1032857776040952,22.581872522272477,12.263528288001947,3.2331344725703786
1659,1.1084210779502979,21.56259734818339,11.88793438771166,2.421281470391294
1660,1.116323661513703,20.960009022797486,9.470035875742763,3.51130190335681
1661,1.1166386869435607,20.6054799819517,11.056821670761355,3.1244170843918004
1662,1.1206579517343092,20.642934698978724,10.711391675486057,3.527000251842176
1663,1.1428582265620593,23.184154773331297,11.340662310466042,2.7779576549317837
1700,1.1200161429516482,15.02730751710543,8.98244262793047,4.174929530381896
1701,1.102567118047357,20.07443884201972,10.521503314837016,3.200790211736378
1702,1.1053066944689713,22.70901143786187,11.197773070649342,2.343011785187494
1703,1.1071565362367266,19.306791852221373,10.244756897450593,2.771809221776638
1704,1.105164989758736,21.683714771248987,10.894052028604488,3.4259179756007816
1705,1.1105852851150977,19.522960600162023,9.623936127119608,2.167941399772259
1706,1.1097169770464856,20.815619233771425,10.37941050354509,2.9147716688183762
1707,1.1080458568068037,23.101618435642045,10.41166853852538,3.0542481090862315
1708,1.1072264540250756,20.496605197595418,10.260907965295248,3.2954516902446134
1709,1.104551316894314,23.793513736550047,11.102949424950278,2.5135637208371606
1710,1.1064059511364581,21.721589279151853,10.987230790868,2.7127251404903374
1711,1.108041118568665,23.642908353827405,10.987434742491592,2.274795745256785
1712,1.1089950021998864,21.125136056388452,10.529868366968621,2.8073433559057546
1713,1.1073581049620937,20.913073306889153,11.30610824083863,2.587781350133146
1714,1.1052457113679497,23.63970349316588,10.806397926321893,1.9957179221201533
1715,1.106245065996474,22.946878235086732,10.622251124146246,3.0632537720049418
1716,1.1094381677103737,20.917523222453937,10.590344090983136,3.595643049152508
1717,1.1077159339190108,24.586076758327046,10.51156122601637,5.701573896149211
1718,1.1076750723278848,21.686958585269736,10.431648777971628,3.5428649486450463
1719,1.1083992660530906,23.753720546368637,10.652457108642619,2.238292623004057
1720,1.1085056902178492,21.98401267587369,10.366209418807735,3.0452627114515205
1721,1.1140776525146088,19.967580276083186,10.825249260745583,3.478396048238944
1722,1.10970941676876,22.188774439775298,10.238590606905328,2.7835297801930485
1723,1.1086026044161161,22.93087860913968,11.085229165099744,3.0147625157170896
1724,1.1098395114425441,23.740560713734997,10.380946648463556,6.511649154306662
1725,1.1099181538623535,23.820977416757664,10.509631474057322,2.5521031747817613
1726,1.1116053247825015,22.679905231006313,11.094765645019148,2.4317732008751842
1727,1.114354099283787,23.729287283721387,10.372786687521554,2.8055509378778085
1728,1.1120414740499447,22.978951264760887,11.036654696138019,2.8640972988273714
1729,1.1066679875784031,23.437383510798387,10.728163434685598,4.231775143577899
1730,1.1136097159141158,24.136882233083156,11.130053448109857,2.747624799659016
1733,1.10783381027493,20.425655220576274,10.670583252687004,4.39842790455939
1734,1.108247629498863,20.403884542334612,10.627202282590105,2.9450993042082017
1735,1.104777065027206,21.522193013189238,10.958533709780358,3.7214911978430614
1736,1.1097033373982799,19.82005220375405,11.972021245487204,3.1654411728115694
1737,1.1082355081622388,20.57936792710543,10.531738299009982,3.9307029668846503
1738,1.1089680086620644,22.334508196313493,10.218222170045664,4.068815783769953
1739,1.103671942572526,22.14932628611003,11.256886530626254,3.610640468364138
1740,1.107321691507501,21.222069801449145,10.859095597461167,3.4622107939193723
1741,1.1084424243525932,20.403719111519234,10.981290899046884,3.0147207671832823
1742,1.1090625969065218,19.19470045799164,10.157919663225785,3.422750424274054
1743,1.1064880327417588,20.697872588248913,10.370168716304345,3.3857942227251177
1744,1.1066320368586307,18.93000773851816,10.968549562308773,2.5455523220734597
1745,1.102121727206608,22.034945377881556,10.63393764792916,4.452374047509117
1746,1.1045512435332892,21.59223895503761,11.204583600949661,2.7114030243214367
1747,1.105504799190359,21.20907297515295,10.362607394158681,3.2298443759340842
1748,1.1035260109572949,19.841644182828755,11.258834189263938,3.2629371036028556
1749,1.1073384737859804,19.755034080316364,10.858125616928175,4.056530029355535
1750,1.105262857307877,21.600782897393835,10.737133218671797,4.574591384500493
1751,1.1083662338890299,20.51244058024351,11.2634428914437,2.9205076827853658
1752,1.110866875716179,19.99408776779101,10.11461492027159,3.3783531460223952
1753,1.1074955276477216,20.40764934616023,11.704989252841514,2.380157139083348
1754,1.1115096958378392,19.472440187173127,11.78928179146631,2.270594095871506
1755,1.1151605065885746,20.036974902106465,10.77253702706585,3.057331736879179
1756,1.1171865599883137,20.09575681317725,10.418713086920961,4.5807095535800375
1757,1.1167153249695323,21.79287724028395,10.215510217226154,3.0848893256895327
1758,1.1132755982721412,20.494809879609583,12.105541441771459,2.645970999852189
1759,1.119500883093155,19.795854590441202,11.81419395322147,3.297737482617447
1760,1.1265622942594942,19.764053539219205,9.614478575188485,5.815676532576498
1761,1.12397293642392,18.885826199199133,10.816466337684352,3.9341130744063553
1762,1.1293264763793769,18.442792807286285,10.334326502829137,3.2626052944369803
1763,1.1490301560683027,20.75101166757469,10.572613468330248,3.6364444458276415
1800,1.1186524076274509,12.15128615762625,8.832361270422632,4.071892337796387
1801,1.1046302472153795,16.89093074109174,10.69803984589286,3.9569609149663627
1802,1.100366927868489,19.75821603089274,11.34914500725379,2.612909697190083
1803,1.1030324594032916,16.47096495123229,10.591650823104667,1.9924749784231306
1804,1.10460168522656,18.950480533301366,10.446590774941653,3.990331201262008
1805,1.1070819484940182,16.389070308602403,10.265667101858593,2.976372352054471
1806,1.1069172961845606,18.142575157350954,10.25314679499098,2.3481611118918972
1807,1.1066663756610942,20.113141283633677,10.513564817507712,3.517717049544933
1808,1.1097780981442495,17.71148208465165,10.395586871764802,2.9145340049531674
1809,1.1027632166039807,20.658721196109365,11.70620823802632,2.0467263187827984
1810,1.1058208201027993,18.71454559172711,11.324352973076154,2.5135518458846176
1811,1.1064079284929411,20.9486900255014,10.78721612985084,2.8890094943152067
1812,1.1072091216841229,17.921932217197046,10.713657586685418,3.2900742221168042
1813,1.1042742024171488,18.177920662592037,11.257915469612584,3.0654250894819026
1814,1.1052295924052804,20.424428758106547,10.972840137024468,2.9305114155797782
1815,1.1085298164833726,19.938084252289485,10.737424615332236,2.8940884264454096
1816,1.1053431927214208,18.492190623622115,10.54462790963002,2.8578664699902223
1817,1.1058245820403376,21.797881205358472,10.197486514381003,4.962887646710808
1818,1.1072870234011496,18.661837962010992,10.216752840736808,2.8023072873563395
1819,1.1066223994680602,21.26759890524269,11.177361227481605,2.329372083553072
1820,1.1085456988172904,18.98333086961277,10.429835034499469,2.876816934468366
1821,1.1161975683297878,16.99318687979851,10.370609566539002,2.732951814875712
1822,1.1108789660691696,19.174021390159872,10.188929755610765,3.1491147334249763
1823,1.1090192243541959,20.20793359496872,10.729872777272455,2.3723880340295223
1824,1.1074837566331464,21.121147072900165,10.89305995894754,7.817101591383533
1825,1.1077137274219218,20.796598673926393,10.993023153652407,3.1344725440834402
1826,1.1111329964949896,19.680744550678067,10.92991471189751,2.468054069929258
1827,1.1140181104986782,20.72504101713019,10.396703508154546,3.387450153828351
1828,1.1108534710434899,20.299301891436926,10.542421823811498,2.931445150587536
1829,1.1097121957710023,20.67790417525988,10.736580516693637,3.5453416526434975
1830,1.1109175622810414,21.15301988506096,10.772598188424134,2.688089342907349
1833,1.1087195385041755,17.436380679632173,10.308132946632217,4.28986753788337
1834,1.109568201755862,17.353756758732338,10.720706731675921,3.0108663855416786
1835,1.105657303477565,18.799271110473995,10.824380090953978,4.708741153458806
1836,1.109570749074079,17.16376960640356,12.234819402694157,3.047452926313988
1837,1.1071538748563259,17.95914458409561,10.49059144519305,4.456153661646383
1838,1.111158043977377,18.673270733883328,9.96090656895827,3.504018248396538
1839,1.104119256923615,19.31507447103384,11.222480122704468,4.251663491361743
1840,1.1066352853719927,18.71493175032013,10.89269709416529,3.264214221408395
1841,1.1097091959671863,17.34771783887579,11.090420725725723,3.892078002078728
1842,1.1067587213552519,16.708557542003437,10.565503862665782,3.8278641208507795
1843,1.1024784190775965,18.073758945815257,10.586826562121264,2.851832885355547
1844,1.106118746220856,15.903505154472018,11.105806211475132,2.780677650139502
1845,1.1019734547876747,19.348398350197513,10.951694253614274,5.650046884331695
1846,1.1047165404235926,18.512951920245264,11.81312485542186,3.69052656564342
1847,1.1042133883339136,18.20554897433939,10.542095518445725,2.510265657919502
1848,1.1012069549657484,17.435587238467463,11.03994835567002,3.5207052462680903
1849,1.1025681424407585,17.057509226013558,10.918434653333327,2.9423186645725323
1850,1.104526300044875,18.691691420255445,11.058022754028382,3.856422902919376
1851,1.1064155103634372,17.38196682008926,11.16171654398424,2.4059448155569307
1852,1.1063502202371063,17.442632476811376,10.413675728507853,2.7965263860371126
1853,1.1043293441836228,17.823232793896246,11.688966598162041,2.097900309523825
1854,1.109738120511287,16.837188044146085,11.368860328651838,3.2182519139910117
1855,1.1127370674863224,17.078677510476936,10.635573643529392,3.3776738609887973
1856,1.1128666688106146,17.482970532996422,10.508512616439148,4.268035614369905
1857,1.113663403722644,18.948674636655284,10.77746595044243,3.3816372441415443
1858,1.1105430088172787,17.38426435034685,12.198532622836234,2.9764723335638674
1859,1.1132655347925071,17.49671254805286,11.709821109922217,2.770823987354781
1860,1.1224261720460655,16.896793530480558,9.731408894353658,4.878143403238312
1861,1.1209096885476475,16.20078835709535,10.923034896822307,3.5161994253891686
1862,1.1256878010649087,15.557814211542325,10.458027646799174,3.2369900926635022
1863,1.144846155812904,18.26347024454652,11.17603051004455,3.2410068932405136
1900,1.1130420959332539,16.62546532075884,9.18041990424838,3.039006918428955
1901,1.0927679228064218,21.333846862236822,10.868921679921993,2.8508490816325263
1902,1.0886832950088403,24.248706196382273,11.276420963331923,2.2267776117009643
1903,1.0939420818622758,20.40678629436101,10.163951653464387,2.0818189309797233
1904,1.090794202303479,23.08054244681117,11.108857262823069,2.187853101205411
1905,1.0952181890021448,20.206359467276528,10.140859265517102,1.9398832654085998
1906,1.094173931140933,21.915374730860506,10.253678615237845,2.663061324360841
1907,1.0925322237897694,24.234481256735076,10.532665410295477,2.227549818406991
1908,1.0971820440438016,21.65529816946044,10.320872150233974,2.1885681200349048
1909,1.0922399900355595,24.647507040230387,11.069587066479663,2.5356166451564075
1910,1.0950865577203823,22.20960705946262,10.723452959143836,2.650349402838621
1911,1.0936281218773864,24.86453892511016,10.918595887648788,2.2359511380887818
1912,1.093727234324665,22.15415376853463,10.616010682073195,2.1448764842988277
1913,1.0933422675341529,22.3803355917475,11.034992091452873,1.9346693987715962
1914,1.0927945967870998,24.451694678320354,11.341680866367017,2.4085799613899814
1915,1.0950942630777736,23.891275598338268,10.606650510313834,2.3101168047334233
1916,1.0939956568195008,21.820087689597507,10.900555374161707,2.2855533179529366
1917,1.0950191390358939,25.681823466126854,10.174060604350977,5.058764757107445
1918,1.0957033616668628,22.89764209210294,10.259793158244317,3.2481060965599498
1919,1.0959522688369872,24.789301721122566,10.949409223836778,2.744023516512515
1920,1.0966080390378783,22.828463118650035,10.504097444600694,2.32444679416165
1921,1.1040972481901004,20.625071581466578,10.477781513144134,2.6112623348370554
1922,1.0990871779205127,23.20952934757296,9.965280622026484,2.555969041936947
1923,1.097618457788067,23.96537642756796,11.236188864357576,2.7196819714915703
1924,1.0980945836360203,24.923786232453637,10.663060461781582,3.565520038511926
1925,1.0985317070331186,24.9530881140753,10.856889414447012,2.450085305973398
1926,1.0990226661784568,23.66788177664599,11.102004190926511,2.676967304463451
1927,1.103508087866737,24.518001285831087,10.509563093777018,2.0676157781172004
1928,1.0987856192504246,24.168433289654462,10.664902375821061,2.4240219926335227
1929,1.098106639780711,24.55254501314214,10.406707855378967,2.4757918233874787
1930,1.1019520609562161,24.9855486767226,10.859897052332444,1.9249760975807297
1933,1.0953311819870521,21.54880209305313,10.254597621710197,2.4624237236941484
1934,1.0950436311829044,21.505030219019783,10.774109996512214,2.94062854921124
1935,1.0938382200203896,22.75812575404846,11.07649943123777,4.14134215281079
1936,1.0969543841641822,21.285472231740396,11.585346192532906,3.477088391337587
1937,1.0970547816149305,21.455907967354722,10.528510856240137,3.140243692363904
1938,1.0973211992935672,23.321052052064356,9.765292502140108,2.929239005866883
1939,1.0933484668205238,23.10874507241828,10.886983757733413,2.844095703182571
1940,1.0958409070971251,22.36799634338764,10.51329945930195,3.235416134955265
1941,1.0969839369729948,21.558227828399712,10.90713729945559,2.513107958359329
1942,1.0971529765680035,20.428867436516526,10.162738947632361,2.774661338099314
1943,1.0924404868228772,21.488008682587253,10.63964968040146,3.0474663725044984
1944,1.0967930241943673,19.88076609313784,10.62897533504809,2.395504549672029
1945,1.091447236646595,23.245181615246853,10.666661949114138,4.253544444226508
1946,1.0918577501218425,22.9294454162947,11.575099833886409,3.4041819645190934
1947,1.092469715425654,22.418553058478725,10.468176699548565,2.1112027445499364
1948,1.0923416021794619,20.99312215022471,11.339637302471376,3.351141238062488
1949,1.0904290264927528,20.591780214202277,11.58115961801971,1.982668125062318
1950,1.0925644411625606,22.769732381997464,11.119972765650074,4.355418691732241
1951,1.0943386125572891,21.363026731613473,11.529323643427194,2.151033098614758
1952,1.09548407643368,21.311921937110903,10.431850973810239,2.685951922456781
1953,1.0917989537008423,21.881603411902198,11.57330899064199,2.916272199333527
1954,1.0971552570690861,20.548215163748775,11.736178673538694,3.0867857992598964
1955,1.0993409163062473,20.952537124188666,10.508031497443273,2.9955588004983493
1956,1.0989607079808987,21.17988521701042,10.483344769456133,4.280479546563433
1957,1.1017795828517614,22.545356781876716,10.258602521184686,2.757504663366368
1958,1.0956734882986177,21.7298033302047,12.329311689463095,2.550624988179901
1959,1.101030937159876,21.275970311728514,12.174942641626588,2.3095275393211026
1960,1.1088743111707924,20.588263226296593,9.665369964508848,2.846313799948277
1961,1.1092546206572687,20.359373512211842,11.00137320472944,3.2988685104533078
1962,1.1123746300825412,20.17409239632458,10.860528481987558,3.8186299526660177
1963,1.1334849660886266,22.61332965456585,10.899297386407241,2.759395122383852
2000,1.115540372505528,14.874811880858633,9.140557479813836,3.6869695784407304
2001,1.096701484447559,20.20924004955961,10.644937522985987,2.947867965817943
2002,1.096292626479498,22.644618343193198,11.396103491628116,2.372124393953394
2003,1.097346214648539,19.46567461024614,10.569288927729218,2.5056144070815787
2004,1.0982026945012782,21.631073645803742,10.998512039215873,3.9265852609979124
2005,1.1041186904415636,19.28357690918221,10.20382105306199,3.0334582783187303
2006,1.1006834905959075,20.682227071215006,10.894466532882353,2.7443842070971414
2007,1.0998716752622877,22.515581945064888,10.723888672555999,2.940148203872731
2008,1.1031452686742493,20.518946393868106,10.398758520692956,2.4511019863402357
2009,1.0982277348184089,23.546537712119207,11.47226538306945,2.1098102510849857
2010,1.1017088878209063,21.231294172752484,10.984737587095909,2.025052167776801
2011,1.099325068364,23.755385158151455,11.12246530664079,2.84570550871878
2012,1.1016391487068602,21.134099445298304,10.740054932956047,2.7790541388567163
2013,1.1019522359647893,21.11439011821577,11.22837388913862,2.752283452132578
2014,1.100618260095102,23.823896013343763,10.890866312251228,2.0954716570891057
2015,1.1012798130386374,22.625253479560882,10.8902954983639,3.231909168808981
2016,1.1018374596172071,21.214402523094396,10.518380241002827,3.1084047671651356
2017,1.103377349297091,24.575596802018648,10.765952504800739,4.712585095256473
2018,1.1048705393734906,21.56334977341846,10.24886766958106,3.2732315572870205
2019,1.1049579757167713,23.94682224583707,10.734043744022099,2.602815479781978
2020,1.106036267652512,21.78756216785794,10.512821629723023,3.0397531156535478
2021,1.113391019839378,19.930258640983674,10.395367423594683,2.775554295254
2022,1.1087389304024646,21.982406108420516,10.495331349456066,2.6931114101835636
2023,1.1070158272616657,23.05797676263998,10.861027417823124,2.3510805059054434
2024,1.1053285278927276,24.18103095562422,10.737232404009127,6.542291445627323
2025,1.1073272518859816,23.52932439005444,10.86927882374597,2.708734266729145
2026,1.108672755773164,22.51118218864922,11.431153774129655,2.774361825252023
2027,1.1118960883427562,24.06105515550914,10.397011655446889,3.19940468814134
2028,1.1083851740891175,23.115798987694845,10.901768247366856,2.6504713235996062
2029,1.102051137113974,23.833999754325106,10.932550989689846,3.72956380595568
2030,1.1090150689002902,24.460181012101664,11.208985732947937,2.5590477012479194
2033,1.1040350884866859,20.573951035398512,10.531703813142576,3.4090374676840725
2034,1.1056791986450805,20.2474803921493,10.91601343457419,3.4053785216519192
2035,1.1034454641056906,21.472269757830436,10.914374786882497,3.65144421197393
2036,1.1050288328952955,20.556685749056683,12.013321136109058,3.3584424434626188
2037,1.1055832912842773,21.087979069479868,11.198257590266548,3.8759157225577456
2038,1.1051946995908277,22.374637634565374,10.02274525076325,3.9905078138033434
2039,1.100425486164526,22.137087461431516,11.444033597814963,4.610624810215903
2040,1.10388067217688,21.41358929350728,11.021871320418166,3.702332391453909
2041,1.10510630981927,20.408539264064906,11.235514871212061,3.0563981210463202
2042,1.106740338089366,19.45640919123859,10.158211724456272,2.567996961178096
2043,1.1010704781015421,20.843552796966463,10.613209647016186,3.282805623552382
2044,1.1023248549264193,18.94171456904241,11.131445636291925,2.4185480108533404
2045,1.099232420108328,22.448778688006115,10.941650672583828,6.295730451690485
2046,1.0994806936312604,21.582839245255066,11.477357127265185,3.0059207085829134
2047,1.0995949452501068,21.714194426914286,10.392358861796652,3.133538781245192
2048,1.099582423817514,19.996355828925047,11.089162030300193,3.3718005784112495
2049,1.1003900630793733,19.54548464341163,10.982716364890216,2.3590733974108624
2050,1.1005176587741357,21.675016005934804,10.935653003701852,3.828248052155449
2051,1.0994912818931797,20.263208724723835,11.51831732509793,1.804689467549904
2052,1.101931144834803,20.472373205319503,10.67754709197959,3.3489679331571613
2053,1.099300634068276,20.784712474174217,11.683633747766901,2.867098577994405
2054,1.1034878240806811,19.660284249240473,11.968680883037926,2.1027944893805284
2055,1.1060028666804746,19.953070769784787,10.861193819530024,3.0517551531927407
2056,1.1071591135030738,20.25470787728505,10.775914230102469,4.023850710842697
2057,1.1073861881006253,21.45305337879781,10.630315771791226,3.9437291694348113
2058,1.103466724890517,20.658441925397575,12.21362479660695,2.190962202740182
2059,1.1065203812145286,20.221573355948724,11.969516951092082,2.582854929326093
2060,1.1146720208654315,19.617234392332097,9.635755839384275,3.8759187350032502
2061,1.112342134284964,19.159608404748113,11.08719288989508,3.9150378351864217
2062,1.1175339198215644,18.635446664873314,10.7686890471958,2.89795309351832
2063,1.137563157774301,20.84611894610014,10.3904502306509,3.524609126716206
2100,1.116850717454921,16.722722569867305,9.270839787973019,4.383636089284601
2101,1.100429546644204,21.42391125802693,10.538495312965503,3.7718537765740203
2102,1.0975565255733832,23.97749975410716,11.401538632418333,2.628195205937174
2103,1.101678649703572,20.96763131459258,10.08705505778736,1.8004717709424205
2104,1.1013123753290583,23.37702870285142,10.530993271694335,4.03696217810857
2105,1.1040436947867984,20.941780639870682,9.605637346698261,3.797533616444794
2106,1.1053259357055685,22.077631398399877,10.32694819587984,2.3782067871228434
2107,1.102076418814573,24.204949975088077,10.428101542859983,2.180288115475481
2108,1.1066922465208557,21.958951595945525,10.497818166889617,4.09287898324739
2109,1.1010051575551596,24.86815480031187,11.553125361733592,2.700191726508607
2110,1.1056802087296935,22.885859810532818,10.97507294714298,2.3881350064488833
2111,1.1043801182618485,25.49377172774561,10.640378475759537,2.624463324555836
2112,1.1060430871498947,22.473403953136064,10.53981368240749,2.68364878064956
2113,1.1054537041096182,22.694807325457898,11.003490011116844,2.8554066951723778
2114,1.1059484655538496,25.175494154200276,11.01024521010655,2.5337215211090927
2115,1.1069134396520894,24.58927224167374,10.443375928945997,2.933759256243989
2116,1.107800409467933,22.819795254362106,10.56153707746409,2.835902832297101
2117,1.1088579757204038,25.91549622470188,10.353567437599843,5.810866309278508
2118,1.107817010045925,23.240459851960782,10.405265621321794,2.6791083765003845
2119,1.1089508320161856,25.665385890976832,10.649423871600206,3.408219526257574
2120,1.1102930549962085,23.362624682658485,10.61775022138511,2.34238302146657
2121,1.1165510908641965,21.301447506002976,10.621826525911185,3.2725561591482606
2122,1.1119399506645748,23.702105697176776,10.311510211343968,2.361522125173095
2123,1.108775578773023,24.524440077044655,11.44574675981893,2.539838067319397
2124,1.1112444410843267,25.71674341121618,10.27851549507896,8.962251735617503
2125,1.1111719438891832,25.185276301006216,10.931921871745296,3.2824294465963755
2126,1.114498540965843,24.071067424484596,10.959528795449565,3.142657627091554
2127,1.119741155939743,25.12599840167052,10.273216678121054,2.6500275045935417
2128,1.1136216228294558,24.36486976121364,10.727285535375497,3.684109574903689
2129,1.1115686729081087,25.088089661602254,10.843552026357287,3.5657112736824
2130,1.115361663750756,25.715225932935063,10.693160970989334,2.8964219515605962
2133,1.1088844679263388,22.232681541060604,10.56313325905137,4.638719368768674
2134,1.1120145452733237,21.828030108358227,10.341027003752119,3.6641415688881422
2135,1.1101094238264857,22.731400680951907,10.730788375546693,5.818982085950745
2136,1.1110954086266314,22.108814038182082,11.974916972318407,2.963959049646144
2137,1.1102201001791412,22.20429450356179,10.479725280956231,3.6042614149401353
2138,1.112074024607934,23.659081154171666,9.820427588688997,3.679809346635968
2139,1.106447000825274,23.671811391349298,11.169175590078407,4.075303525347379
2140,1.1104301632322926,22.712782579617304,10.889674758507079,3.357792359322616
2141,1.1103022232031476,21.93250407197518,11.378712060896277,3.213163618873685
2142,1.1091827270366057,21.13543017753123,10.50965381050932,4.070117638770887
2143,1.1067657248928253,21.942116719657314,11.010386745793106,3.6964471820478506
2144,1.108136652708404,20.50391991554628,10.938840691894598,3.5530192434895604
2145,1.1019797468156993,24.119764257894136,10.681939879182243,5.215948074642552
2146,1.1043246395036133,23.22454620716337,10.957481389123474,3.584878678142896
2147,1.1039848982328486,22.844648856637487,10.616746922080226,2.7059760360341736
2148,1.1037158090302817,21.553251052741604,11.53451118136844,3.0273840372038205
2149,1.1042087945748271,21.212048754390775,11.156646977541612,2.608390510893261
2150,1.1044455209316675,23.192114552759037,10.913075946605943,5.016605027670352
2151,1.1056462007430572,21.7276267432794,11.409066473045643,1.8605394841639946
2152,1.1066569343821409,21.55513052793295,10.333995802213483,3.3189819137104677
2153,1.1008724264461591,22.192099457007362,11.933607219850636,3.1782852829912844
2154,1.1079254400255172,21.022605863244255,11.657213766810601,2.3820571358444127
2155,1.108819339582533,21.378660523938628,10.688686594486942,3.1159672401125924
2156,1.1093686066951307,21.700551450989032,10.466271493805026,3.8454483751663258
2157,1.111407461508945,22.792592961519283,10.535295766000674,4.251449808437227
2158,1.1051377571838321,22.220266999202938,12.481751356362203,2.1215693904776987
2159,1.1102866158112215,21.580252818997913,11.924737052405696,2.7774030699093712
2160,1.1169872201033493,21.01187989016251,10.075013375655478,4.068895460136834
2161,1.1150112165849095,20.538085330566524,10.911836627455058,3.0791605511367126
2162,1.1203188466984457,20.117704582214834,10.635836455135305,4.453310938044438
2163,1.138152225991954,22.699733756950845,11.330144450653526,3.5248108532666533
2200,1.115307087580027,17.26385681885744,9.187529384172311,2.628107734463647
2201,1.096180274620102,21.903228780068407,10.594585053166009,3.0733496864945655
2202,1.0960764895750392,24.37625407457487,11.496457379877937,2.3353965137977237
2203,1.0973188232700186,21.07538633298086,10.298379466728957,2.1018388917802007
2204,1.0948644947772448,23.67985219333385,10.847534408024622,4.204329127762705
2205,1.1019057616365395,20.954278053042696,9.941186964524544,3.1480194005570086
2206,1.1000263972429425,22.727141932481995,10.17361130215055,3.180263979309243
2207,1.0985915366349708,24.68793425201168,10.588923303183046,2.6319596332018205
2208,1.1032421142893458,22.04060047882244,9.99531070463698,3.084087349120319
2209,1.0990476987890405,25.436601065080602,11.234959896577067,2.0480070247478266
2210,1.1018980886449157,23.203106930725756,10.651630583008256,1.8450307035801288
2211,1.1020785293115327,25.417328454257607,10.760579483832874,2.1359821936323224
2212,1.1023189169583054,23.0298229514236,10.323631467127484,2.8997497500440295
2213,1.1054518393609218,22.4222741707983,11.10629868664963,2.9441477325525964
2214,1.105395521264863,25.21672583129482,10.533276726223164,2.4111657140696723
2215,1.1061482351236747,24.390915640958927,10.705648239339927,2.6263943522234308
2216,1.1042216917657113,22.98134096487385,10.714014670895741,2.3971512677436495
2217,1.1063619469936636,26.51740058405181,10.219733999218509,5.739178851722141
2218,1.1062444423905278,23.498806593092763,10.308608928748212,2.4192277897808396
2219,1.108132599063398,25.530573703942842,10.722049253510443,2.696778459456497
2220,1.1087401647208757,23.527866236508373,10.749117467741442,2.2626481924313713
2221,1.113822671851766,21.549938407658335,10.420350628992281,2.6754501712766037
2222,1.1111414834037385,23.941568662086315,10.574538247691684,3.032013615604444
2223,1.1100844003566654,24.82201660455585,10.918966008664292,2.027801404854433
2224,1.1079504568308645,25.97945467217051,10.421550130398769,7.073954025173796
2225,1.109026328374609,25.67529102401314,10.848485393889286,3.2213788650836803
2226,1.1120923507746268,24.588359341983796,11.047499090077277,2.196812006529046
2227,1.1158304675078168,25.703305894696445,10.212279799989368,2.4167861274957954
2228,1.1111955658275205,25.04280423657758,10.885490206929054,3.449715403592862
2229,1.109739662801002,25.156178361502047,10.683796848911058,3.2888537456463087
2230,1.113240310259721,25.77916726852831,11.114729925309414,2.7944363202278004
2233,1.108556355301382,22.07123440720288,10.154002405082647,4.0913645532234195
2234,1.1090557977202977,21.92039710974982,10.317330067574769,3.372510522530185
2235,1.107156308150306,23.509173029690075,10.825703787888466,5.725830092096516
2236,1.1082546561780455,22.528134062171684,12.014261971358037,2.928532892331554
2237,1.111462283354736,22.481182021276737,10.308478387043895,3.689488157132563
2238,1.109708296343245,24.13200161543876,9.628181678762749,4.36108609296177
2239,1.1050768860380076,24.260896588556548,10.830779420527266,3.589988077312291
2240,1.1060943113359556,23.22886276445717,10.896003351382715,2.644118538522787
2241,1.1084834650760886,22.324700312572578,11.464158654350054,4.10005893753114
2242,1.1083667908578771,21.395000975505713,10.122605558537161,3.4214049566245115
2243,1.1036231459513068,22.598821599034675,10.541086546841676,3.028218246654445
2244,1.1057159216515728,20.761133327982314,11.035683303358278,3.183059348701944
2245,1.1012860905484056,24.301580359916915,10.554063796816067,5.787079997488935
2246,1.101947917119678,23.506718793136002,11.426473609025011,3.2646922793208053
2247,1.1027389153079408,23.423084272294144,10.483611635768549,2.9016684814201925
2248,1.100754277310396,22.047610765283093,10.827736185956585,3.891206278611797
2249,1.1027774115611308,21.40937491131451,11.48018420076843,3.7277633420425684
2250,1.1021606703037754,23.501916176175058,11.006454135486777,4.687029827943253
2251,1.1030920003049065,22.06628012020017,11.012740022215704,2.5733159117822697
2252,1.1053723912822522,22.188627937759083,10.490707688848417,3.0116188923356146
2253,1.1009859070089656,22.43971826984826,11.549401484465939,2.896282686481347
2254,1.1032812350458905,21.313385794165903,11.77638839140622,2.1146588842124143
2255,1.1040803804180457,21.756803500117115,10.831534024790242,3.122528954165848
2256,1.106298729259238,22.139050358051517,10.483732670989484,4.352190689495424
2257,1.1065043448311793,23.102965383354643,10.562479559527441,3.6109269951717824
2258,1.1026855050968125,22.36217851148121,12.190536935154539,2.7739334526656103
2259,1.1065070980930913,21.799268254531206,11.44410275037246,2.9212504548218283
2260,1.1141625082575168,21.31204706485596,9.512324994316051,3.766071503855157
2261,1.1126035245001096,20.989370463954984,10.758654211658184,3.4266401461332676
2262,1.1150910545090644,20.267392348468366,10.771362810552906,2.9865158636946116
2263,1.1322902098599394,23.04755056801021,10.784557301390253,3.8116352550547323
2300,1.1085587524644593,18.016678900048,9.353688389441748,4.033177487729418
2301,1.0908295636055079,22.231463947231074,11.126583566930856,2.574846661913731
2302,1.0869877980451406,25.305961761253077,11.878344041865464,1.776305478880845
2303,1.0911033594312494,21.260656949487267,10.64340616160505,2.262745993752848
2304,1.0913894118557015,24.202492827944678,11.11129254592488,2.628223732573299
2305,1.0934085299724148,21.477298472999756,10.03511645982648,2.578560734992466
2306,1.0955590786519285,22.94435672316582,10.617844337554295,2.9043631813518047
2307,1.0911224701463607,24.985905286699612,10.888950201730898,2.748676435890387
2308,1.0977033840914374,22.74312763455791,9.98692190766855,2.0653570304359725
2309,1.0886837676616823,25.985207541121174,11.630131658707425,2.109458656403246
2310,1.0915488182610653,24.16026750664108,10.984952058554176,1.9804522377217635
2311,1.0947028665979344,26.21814008319028,10.771038833827983,2.7636442096969303
2312,1.0953481465504484,23.72614018889334,10.679113858684698,2.2384521667619137
2313,1.0951622163890091,23.431262627790495,11.064285020150063,2.9876308004564223
2314,1.097851624561956,25.866042846007154,10.784618077870963,2.5498383148140404
2315,1.098447672739398,25.12762302027126,10.954376548433691,3.147113819272503
2316,1.098766681590337,23.4628563874761,10.642677132385305,2.700656555725991
2317,1.1019172949727865,26.70978003444619,10.181631017654245,3.817253338730268
2318,1.10154101491275,24.228747880126544,10.373376716337495,3.0029316006447875
2319,1.101474422340662,26.428519320229096,10.703610751179408,2.485658475067137
2320,1.1031603561337193,23.90840435165185,10.5681362301222,2.874049579512083
2321,1.1095194987897432,22.36904126935005,10.161294264484818,2.646401799313355
2322,1.1059507583027712,24.25625547001341,10.293930052467385,2.3004172443707316
2323,1.1017458936971032,25.38118015712893,11.034236207961637,2.969905760945274
2324,1.1032861053976706,26.198677117159217,10.633962788508608,6.5089839304574495
2325,1.1055301901399879,25.97909589752202,10.86810952183512,3.413735951511577
2326,1.1064647115905235,24.953755941748458,11.079539772581805,3.1298505922215734
2327,1.110658642410713,25.566191318240364,10.48493860024124,3.4941043199574926
2328,1.105972335842851,25.419229141592503,11.045180209496806,3.6487861446015453
2329,1.1003283783158022,26.26229504366834,10.753035119304473,3.8442443545497462
2330,1.1064740519350682,26.622853278874075,10.813110615938205,3.1497757281831533
2333,1.1024508017687995,22.51480988323078,10.418746341625038,3.0950165014285083
2334,1.1033986818243853,22.401046007995188,10.759984519689306,2.902084255333095
2335,1.0993532538114714,24.043665079948386,10.784154247447795,3.5265732482602217
2336,1.1023620675946315,22.44049587176471,12.290858725097456,2.691074809032672
2337,1.102329196940176,23.16726611260181,10.838032511843362,3.5412600197943043
2338,1.104420231385927,24.600200112818207,9.615713412677234,4.2094703485141105
2339,1.0973391472291727,24.453781346246508,11.439312919551133,3.575863581829785
2340,1.0993129770222567,23.604760551597963,11.084279020438137,3.9150550133083577
2341,1.1021954667563527,23.389649203738728,11.13147288070107,3.156760742835676
2342,1.1036789359044172,21.609825340395247,10.419403235894569,3.6672738775305316
2343,1.097195258825843,22.71643238463568,10.47192663401726,3.170947674629763
2344,1.0985250132743634,21.263124298327085,11.010495582106191,2.5614071830799747
2345,1.0953592213992172,24.89450667281799,10.70668034901147,4.43402416633821
2346,1.0959861480536168,24.18304790964634,11.35740916828997,3.5779741497238193
2347,1.0958236109348694,23.42931198813044,10.866303458843356,1.9389145055780983
2348,1.0954993591092104,22.39572262081945,11.374829656854265,3.3544474832073146
2349,1.0960441780934442,22.22426949785727,10.993366358218084,2.426959229514188
2350,1.0973277777104413,23.70929997106632,10.78031496168924,3.4445156297434685
2351,1.0961403571539527,22.171461994555862,11.467459825447214,2.4716647736233766
2352,1.0957138102099846,22.62851627943727,10.386892949725128,2.573125006435788
2353,1.0918734054095047,23.142120151821747,11.716635905730378,2.226085889285789
2354,1.0951340056922054,22.062476849044614,11.67225833316443,2.1979383839358975
2355,1.0975902214372948,22.151130199671968,11.085480933510091,2.1957326187194703
2356,1.1016871711826604,22.152124231553824,10.387845284045406,3.4048505104472127
2357,1.098698820920597,23.666301489504185,10.529118401622025,4.209555651070886
2358,1.0959613878518288,22.67787742096605,12.001511727258285,2.5081312957764736
2359,1.0990314683320253,22.512682276946915,11.93747215782546,2.8036334166963357
2360,1.1051943429817677,21.99616155536419,9.832733035998663,3.925231209096005
2361,1.1026893397102093,21.147751728875157,11.231711494778438,3.9828090087585517
2362,1.1087491240601364,21.421574419926028,10.6986393758909,2.7541911115497992
2363,1.128344546249926,23.32245863157307,11.040228978709258,3.196583936667525
2400,1.112023822901556,17.03675907248498,8.984247290480289,4.189722049217949
2401,1.0938518158041655,21.56754567576519,10.845743322402404,2.142344381384216
2402,1.0909922329747392,24.65450289638297,11.411906477516844,1.1254245571199748
2403,1.0954034638200765,20.814215539251066,10.006454171467567,2.409735289992061
2404,1.0945769303178052,23.205820789708607,10.745334573080747,3.3259617973434
2405,1.098333290958186,21.20308369674464,9.769637808726804,2.598320601767008
2406,1.0973783488197215,22.11335573972912,10.522770710987231,1.8908667983787661
2407,1.0965098552921988,24.33486893166227,10.389875728689479,2.4187900072843105
2408,1.1017872067475127,21.784670039513795,9.92821083693017,2.778434118645698
2409,1.0962621551199667,24.86404251917772,11.42669929378666,2.086146606677981
2410,1.0986478919308937,23.025595194257882,10.83831794370623,2.7700443061031184
2411,1.0999642444032018,25.05834467215435,10.650548641907724,2.4984245039187325
2412,1.1016381292280826,22.437815381227782,10.070994018778574,2.4224843487594274
2413,1.0993249556300906,22.776174468099292,10.928093429990453,2.591878818961918
2414,1.1012923800421968,25.041771549297675,10.686180446132353,2.7870922333104042
2415,1.1009709698020123,24.321923035998456,10.545953048720769,2.2967076400419257
2416,1.1032393327935777,22.377813035097287,10.354383725679229,3.2633151503852913
2417,1.1053328008358938,25.86304195535216,10.4459967645281,5.913723878775753
2418,1.1063666990614383,23.07296302101929,9.980161165976256,2.647904040300109
2419,1.107225906065659,25.564478181283896,10.503100285994911,2.384497692833585
2420,1.106202146496996,23.24550499032543,10.316261821955848,3.1215467702428397
2421,1.1133257156199183,21.438422511373982,10.246317261380582,2.0702306937080714
2422,1.108900786038167,23.686842388232822,10.333206537243145,2.574034391403044
2423,1.1065379993066888,24.57797517156177,11.04448312334754,3.0097571312029414
2424,1.10836890001241,25.41241307512431,10.478412349271023,5.116265805649409
2425,1.107430698838377,25.43459802352084,11.10774039620095,3.20877673791152
2426,1.1095171200932956,24.814927705546765,10.834526559362942,2.5349101271922
2427,1.1144479861936298,25.196367174411137,10.301801958305632,2.653182626035135
2428,1.1069123190638268,24.887839701153734,10.774154525312456,3.0184616107763933
2429,1.108324564124814,24.840960632113013,10.302735756159347,3.003691753841371
2430,1.1129865377405321,25.35685262589692,10.82924152834924,2.5811460275630482
2433,1.1056557145822095,21.94158785258577,10.25618447184267,3.411473433417455
2434,1.1060193468021269,22.44815442765474,10.48178975050862,3.7936603045038013
2435,1.1044511717329166,23.219817598449698,10.571120578076181,5.954972057943548
2436,1.1068631139060507,22.2168378666929,11.529762853948093,2.444789366085641
2437,1.1066912051386297,22.610083058074917,10.485542510630076,3.6131651363590174
2438,1.106502525112572,24.029392033817725,9.438530841142466,3.015306980404298
2439,1.1007521736954198,24.04925452231026,11.153976378481332,3.6918557730207464
2440,1.1042916175955435,23.114099360550338,10.373790534458067,3.0652231192225137
2441,1.1062185200653492,22.131308994136,10.834663452445051,3.0247190834937547
2442,1.1059747217433242,21.206876578207005,10.21706764484088,3.281111382949941
2443,1.10247008850253,22.367610373903446,10.862015426082108,3.014612500273374
2444,1.1039920357450796,20.91916175264693,10.736739665888441,2.648825505124727
2445,1.0973035252777372,24.26220265254697,10.79338608319706,4.72877115785804
2446,1.0988311487643683,23.302844038759208,10.966176223120513,2.9748844631091966
2447,1.0995765923133491,23.00746131069016,10.316690779263743,2.5278929084040054
2448,1.097687805052183,21.754336282465193,11.225034900681855,3.306281996530492
2449,1.0973539373450945,21.20874421568775,11.071404787765982,2.8748584445069474
2450,1.0978818137695436,23.143788047606225,10.608025812907915,5.640101892584766
2451,1.099667664285811,22.04095193221154,11.313489162206935,2.053811489048768
2452,1.1005147574428626,21.63153743813441,9.754063013480994,2.292181558657038
2453,1.0954536409538955,21.95262344771788,11.57068447200409,3.2875522555638406
2454,1.0981538886183289,21.011461815887692,11.589339951571082,1.889729308672248
2455,1.0990734973441278,21.649617012790927,10.882813761638232,2.613582102708351
2456,1.100503965439278,21.6272929423232,10.406700201638575,3.667653720638849
2457,1.1031411396838797,22.8939179007314,10.292080760867476,3.08021598338675
2458,1.0958438783630762,22.272468126122494,12.45463929598192,2.2973759903413598
2459,1.0993045544469504,21.905180013850135,12.170103627951171,2.9440701414659896
2460,1.1085308742974376,21.19073100579312,9.725551886924858,3.788856140541043
2461,1.1082504552370145,20.648253818957272,10.987233479897197,3.6513181625083977
2462,1.1079511178046115,20.681844872974875,10.409739317109457,3.0139510724633602
2463,1.1273632833465879,22.842377314425637,11.570712885484019,2.621828612861032
2500,1.1077417822759168,16.101242284422828,9.445277269175113,3.358801568805747
2501,1.0897535236449307,20.46029400663146,11.1285200343437,2.0730916042612653
2502,1.0870865910238847,23.175187764100603,11.473527699773271,2.1434433792949315
2503,1.0908143160723942,19.596682067086494,10.247135599364759,2.424116559323014
2504,1.089606064938613,22.260713535373203,11.085350507490308,2.761731877788783
2505,1.094399398670083,19.315608513449202,10.09063864050426,3.294312383802103
2506,1.091052725127319,21.26242254359367,10.271196145295784,2.1584319924477575
2507,1.092320638788187,23.088188763614703,10.83715947663984,2.026180381850313
2508,1.0948773018552922,20.50181258428425,10.729780173584135,2.2981012894290167
2509,1.0916401439239878,23.746585031155227,11.176777461029074,2.0056278563498506
2510,1.091352297584661,22.067250302472996,11.029744564101259,1.8875390036401556
2511,1.0964231753203948,23.894939288929965,10.858117157966769,2.5771157772331668
2512,1.0970311916075473,21.478081035324678,10.736246028979622,2.7173703582049598
2513,1.0962608217492529,21.168639197041834,11.284496241962366,2.445609172527556
2514,1.0953145162525022,23.72611292196663,10.647092188051245,2.4546991256378523
2515,1.09765311907922,23.311027798319245,10.537995054243826,2.769685020513657
2516,1.1002297004408685,21.4268856845887,10.705707043915133,2.5104452407437865
2517,1.0997706325745775,25.045274934071244,10.219496344655587,5.036109385748484
2518,1.1021589931561973,22.114775164428014,10.381683641493241,2.42467450403527
2519,1.1008778114487006,24.24898109539229,10.825838350391404,2.6012367179715086
2520,1.1048524339388361,22.015304569264337,10.668549101431426,2.5795407645942534
2521,1.1112488869845325,19.778980066496608,10.64041364133039,2.880664886700607
2522,1.1072796806811018,22.164058896466805,10.602374415759629,2.86074718191373
2523,1.105181797596265,23.14387917550981,10.931197023435477,3.2277128710429155
2524,1.1037192724508615,24.1803378036775,10.963680039011233,4.860744133775622
2525,1.1047152801968538,24.102819030372526,10.990542229193991,2.886719301844547
2526,1.1062660310108885,23.396106249549526,10.983555145425228,2.4912482811624406
2527,1.1132865934138827,23.628021712060775,10.193084194140283,2.612500360430913
2528,1.1062100082854653,23.49442679650014,10.786233038594373,3.276994815200607
2529,1.104765391283653,23.814761697994665,10.417436994865598,3.7980456751096634
2530,1.1055669284068317,24.55558422198369,11.35363979056563,2.952914437166786
2533,1.1015323726584005,20.60900994345286,10.323715660223401,4.976408339415028
2534,1.102497007660089,20.805092922516263,10.703060336480833,3.534343254726164
2535,1.100758344958051,22.129348084548194,10.692348353617815,3.237621925142104
2536,1.1012207848045317,20.70891580401534,12.317906430924136,3.181551190744262
2537,1.1035333306326736,21.037740528411266,10.580052434845541,3.7191730114954993
2538,1.1039517601474895,22.246164336720106,9.83724998781753,3.683358323140418
2539,1.0989156788028103,22.56650105326703,11.107661801883875,3.4748474649090775
2540,1.1013048585648337,21.959818499027346,11.079264789622108,3.9338599837506703
2541,1.1019491798208698,21.126274289762634,11.617425010751377,2.59116137799276
2542,1.1023816262891686,20.033986887811167,10.093125234809044,3.573381343807196
2543,1.097370172894442,21.021581251526985,10.569792507774283,3.333856161852796
2544,1.100530918626008,19.41250092115657,11.086582184154356,2.5615589595275967
2545,1.094851625076793,22.43174003839094,10.71809254685889,4.3836279558130435
2546,1.095355479107719,22.105664070916514,11.441365369719652,2.539324630655659
2547,1.0984597923879063,21.532854354689736,10.22142069646236,2.507022433937491
2548,1.0924206125605416,20.314663353525994,10.812292759001272,3.560035388906532
2549,1.0922695652763796,20.067577570066028,11.383351954563457,3.0172347476092027
2550,1.093145227466006,21.798674691008564,11.169278473153115,4.684173723160349
2551,1.0951767865242157,20.511536690718856,11.286641437684336,2.0876480815220813
2552,1.0948181812612086,20.36725435746128,10.5767305805324,3.830183131829981
2553,1.0894515783469172,21.15633647417248,11.753909409230046,2.9554620956979383
2554,1.093763226976708,19.96123914329391,11.78610548532599,2.0725205194010363
2555,1.0979001380416622,20.0928700650354,10.563350322514474,2.7454816127595243
2556,1.0958521771926704,20.261861487858795,10.782404260322522,3.205519350215259
2557,1.0989204520386788,21.775085555130683,10.663270840662525,2.8531552324939398
2558,1.0910254831362725,20.840053183955693,12.580926608050856,2.714480644286393
2559,1.097361609426451,20.504773767877943,12.15543091314653,1.6516577347206185
2560,1.104589595406715,19.64133073972374,10.121180067347058,2.916236687036584
2561,1.1016139007443018,19.66469846897154,11.294076233530992,3.9745436102709286
2562,1.1054735323561293,19.274057835827033,11.131287635666927,2.988578513991653
2563,1.1252653430734123,21.743746421363902,11.005594731455314,2.8390365339208965
2600,1.111300013782166,17.67850517147281,9.23500503337565,4.163828988056986
2601,1.0973259376273117,21.813387253080382,10.75611514605981,2.7152901535953893
2602,1.0949101273107975,24.448895620025766,11.674681960065799,2.262549171738322
2603,1.0981057707185446,21.243853283459625,10.537425183587745,2.494176409882492
2604,1.098023207664216,23.513853070121016,10.64026308655053,3.713101667440239
2605,1.1014970434496325,21.455537538893438,9.860001781620712,2.1126417176671453
2606,1.1018940891379128,22.859132635139648,10.031270359549762,2.6024590482612684
2607,1.0990268763823785,24.94357850058054,10.846900110262062,2.9129908920633723
2608,1.1040564339360983,22.692252238747045,10.170930340851443,3.062739159739995
2609,1.1003203461915219,25.505897046179754,11.722695057354887,2.215063523154894
2610,1.1035186608446805,23.674496465109577,11.043366801796111,1.7848214194308716
2611,1.1044298392775458,25.853951339301247,10.733758231296802,2.4251998840667985
2612,1.1053847496195373,23.148149111519988,10.653664266385276,2.552487111514847
2613,1.1040451897912007,23.340575566183812,11.365548735544747,3.086986627678375
2614,1.1035518596897154,25.79645045504583,11.06574094609128,2.95443701229866
2615,1.10603826503475,25.101152845268096,10.740328591619011,2.8729519846371727
2616,1.109113860713175,23.266760071825956,10.768248067052438,2.88777945943595
2617,1.1102296562761695,27.000894057985096,10.589447947831943,5.91951541493304
2618,1.1114441614565795,23.990774727865393,10.51511853635052,2.7321401011049384
2619,1.1118944162136244,26.17890090874874,10.94689261942337,2.652756622807196
2620,1.113420255015869,24.04459415657266,10.860936749063493,2.7199246228064524
2621,1.1184591148296228,22.11116637986202,10.812438587106918,2.899138613386079
2622,1.1172372375496706,24.49849896276234,10.345808758455664,2.9131973966420786
2623,1.1152023705377276,25.05071816582562,11.52659382786305,3.0450228849291037
2624,1.1125245012943514,26.47561078222537,11.024730455074586,6.442298181763238
2625,1.116086963702581,26.164387449075186,10.82791879581308,3.397230970844327
2626,1.1153013665329872,25.5259420777207,11.121915213568295,2.90997500953962
2627,1.121257903832934,25.938028798663982,10.396343037001571,2.7244194379199684
2628,1.117589509017425,24.920215341214707,10.967595025944682,3.105458045848589
2629,1.1113809724321297,26.192065160595597,10.664889190829435,3.8845776192831454
2630,1.116818951690362,26.739895012131313,11.039558055208728,2.6951663027256423
2633,1.1109066229383393,22.848138130936597,10.679771825806489,4.804421213956403
2634,1.1126537059172286,22.691530156559317,10.665992039011302,3.963035666885708
2635,1.1095630120684126,24.0081031704757,10.941651582543775,3.061953017599369
2636,1.1118163891031547,22.711321104235264,12.304730226616819,3.2172540327515624
2637,1.1131439626869253,22.871249676955898,10.93898749838244,4.179227885808804
2638,1.1163108789455665,24.425382406077603,9.882220368188005,4.027901119540082
2639,1.106803782591173,25.122871777651646,11.217761564800456,4.014258738813879
2640,1.1106344616612718,24.11958610377969,10.910424938772625,3.324059464751964
2641,1.1104068748749423,23.238051422665354,11.476494494112329,2.83804204906732
2642,1.1120379368134965,21.93210370911866,10.52325758169287,3.552146947597989
2643,1.1053808839248296,23.163837444122965,11.074213190062702,3.944278708293723
2644,1.1077565121752435,21.445622846165442,10.762738412080047,3.214399264270904
2645,1.1045423988860101,24.14811817954767,10.912794902058677,5.175781586279864
2646,1.1062553840661022,23.88538564571212,11.108973404769536,3.5061035386522716
2647,1.104167789312713,23.562399106728467,10.738146726848878,2.435552652825042
2648,1.1022542034568954,22.05719210276634,11.036509474565852,4.051014020957674
2649,1.1013572758002295,22.040672529486354,11.322996500064022,2.5048644543563956
2650,1.1011834288054623,23.7352694644238,11.48173109298336,4.319412293409005
2651,1.1042623961620985,22.67225389110456,11.305860648608343,2.031830585929249
2652,1.1012136476401568,22.805018155080436,10.773626202769032,3.685141802709542
2653,1.0986102684966197,22.717189411928402,11.553321946961509,2.62248273038281
2654,1.1018808559303714,21.700663357990813,11.697724216799434,1.8154887230043686
2655,1.1052072360659992,22.08897326288402,11.158303049296244,2.8709522001733148
2656,1.1022548162561545,22.531183592252642,11.080683791892914,3.6499349726180585
2657,1.1063002198230356,23.2608821328944,10.708047350920097,4.0128293330400115
2658,1.1004366126096827,22.98651687294232,12.444918394693433,2.7394699768824116
2659,1.1033887543698069,22.17860770759048,11.931132697799972,2.386944864895997
2660,1.1112283792656028,21.402256853560864,10.010720088375145,3.8820747381300578
2661,1.1090801474362546,21.218774700219356,11.110702293502337,4.023492405185679
2662,1.1116799209111863,20.214534033835818,10.78269750553389,3.7166761377944604
2663,1.1298674135307396,22.96106732313499,11.526976556753535,3.6525102722113183
2700,1.110573216919425,16.6517472368962,9.407136351821267,3.1775391404482503
2701,1.0919036841175391,21.370457610975905,10.998176019333682,2.115954188155918
2702,1.0887182683011947,23.929495599987774,11.618553695580442,1.8036831872170156
2703,1.0921123803817003,20.57934038562311,10.359703384577523,2.2754450018176686
2704,1.0903839106811268,22.83183663418058,11.101404467653142,2.655337252188573
2705,1.094661737657644,20.208371313280338,10.165144672103976,1.9901135704893032
2706,1.094841655469471,21.71206776039065,10.674763042266573,1.8786374000468264
2707,1.092247616685739,24.17813342127643,10.757288903635184,1.7318707923119525
2708,1.0971021495999789,21.427295324755303,10.67847373255119,2.7667736893573838
2709,1.0913450258520607,24.701069998406417,11.573231409777915,2.0709569987883634
2710,1.0962343951066158,22.555402754375844,10.715589132145803,1.9083829957248506
2711,1.0974814782387263,24.362034539149047,11.134131693948682,2.320000455987647
2712,1.0972909346368027,22.006985096914242,10.911438364691115,1.9830354914984254
2713,1.0989450397727456,21.658005847028722,11.31450860526088,1.994458674171711
2714,1.0973625426273979,24.51224968039685,11.084086541503947,1.9477147020867427
2715,1.0988692857859752,23.947768975287435,10.862050140195993,2.563835108289135
2716,1.1020503557458092,22.02483925112635,10.63370249131071,2.6788036986435473
2717,1.1047719706481702,25.477405767145164,10.604056973491053,5.484656487712514
2718,1.1035012233541897,22.53671194721483,10.420961918843377,2.6602729585827376
2719,1.1063761730260326,24.565120248201616,10.897825718069399,1.9951007755816828
2720,1.1068592213347055,22.74444442912252,10.383567593779048,3.033478478077029
2721,1.1109694485848447,20.943544564039684,10.725688707854022,3.1635667506777194
2722,1.1095589903420042,22.66994204959485,10.66480403435055,3.4194248283182795
2723,1.1081952008828109,23.876288642826673,11.218859390885672,2.2474544462515107
2724,1.1078990112332445,24.599023101876043,10.78634172027251,5.477660867442521
2725,1.1058978550410778,24.598110078967167,10.817920278545605,2.6958182239937822
2726,1.10942449810571,23.760893888270914,11.127974493593815,2.8084893284954933
2727,1.1106709855233452,24.836284395891667,10.508938904375464,2.866998265738132
2728,1.1088343845682527,24.104979714051076,10.289338378479544,3.2070679445229286
2729,1.1063352065368048,24.23668031206486,10.66460746157806,3.2800067356932967
2730,1.107202831024783,25.306228982874106,11.119298938670283,2.433163897598481
2733,1.1051206115473577,21.519015690248654,10.319957938076149,3.841997121503905
2734,1.1029145632096908,21.312597590880138,10.492825700022047,2.6229727983565225
2735,1.1017078008700796,22.503720944639035,10.83589341147085,3.465739811443436
2736,1.105033149291296,21.16352200023877,11.650472532952406,3.0962342717737767
2737,1.1049787426692328,21.91868393173677,10.454386126212098,2.5589287088478616
2738,1.1071325682672581,23.08713517717185,10.05915087726025,3.6983927497122755
2739,1.0985623334198784,23.389622302292665,11.202345584876038,3.1058824953799546
2740,1.102073219563347,22.783809970062613,11.14688294632374,3.9140643737603336
2741,1.1051381839296863,21.69102548056426,11.206398187485433,2.2569469993156313
2742,1.1057621568546625,20.456360424629583,10.076043486871539,2.442358700426052
2743,1.1004182449995727,21.658706668864678,10.418838759981202,2.741788649392285
2744,1.0996659662169168,20.119595349286826,11.034983293940376,2.5041764558516952
2745,1.0952699020276377,23.69600725189615,11.086280068306516,3.751242003624054
2746,1.0970601460644283,22.781465291808146,11.629902187511654,2.7311456713834894
2747,1.0962886201101127,22.692092572976712,10.876156111875032,2.7574055374681787
2748,1.0934564531049507,21.13454946472562,11.205006528340382,3.9966754477381903
2749,1.096683823203658,20.352934493058875,11.636600042773102,2.6772714046537023
2750,1.095995971381504,22.399933171192107,11.11750571439106,4.018953077088872
2751,1.097321420931835,20.987806844133328,11.538307507571284,1.6105697056805275
2752,1.096312660711292,21.224976525363676,10.458841931630277,2.8714040147578905
2753,1.091586895274712,21.935695302581912,11.581921155002147,2.7264842145513626
2754,1.0950473554955267,20.39946393584906,11.919341695233246,2.0282582321110993
2755,1.0962561680452416,20.961836504354192,11.043317812272305,2.7189536715043277
2756,1.09460580772764,21.386958009076306,10.680804835095243,2.7098264208957805
2757,1.097181326724115,22.46926147089593,10.655468917009896,2.809985747711509
2758,1.0919411657472802,21.733466745807785,12.375876951740205,2.046666130577715
2759,1.0961105531455475,21.151103086780136,12.283115374898996,2.4218260918607366
2760,1.1025975813483897,20.681759425273633,10.259762329294976,3.172986736281424
2761,1.1014470099948703,20.351389336451575,11.3777556466496,2.086696716077107
2762,1.1062696460940322,20.088692071930474,10.517795640418678,2.212821158076588
2763,1.1252634059459692,22.075475593496975,10.877180010257208,3.5942725219379965
2800,1.1155910792702834,16.60614522803958,9.32818497514878,4.431837413010445
2801,1.0992322307961757,21.574962387749864,10.841614836177001,2.970124709378606
2802,1.0997891098790142,23.848735737982782,11.189497952315092,2.0148381249200793
2803,1.1027465904014573,20.998615392858284,10.551337038795229,2.1744655676800413
2804,1.1023874391978856,23.045925397090684,11.33922506418098,2.592977281737166
2805,1.1056705095387418,20.79454886441056,10.178527552929632,2.287559441286307
2806,1.1044259497232853,22.08780900775004,10.676575008098784,2.4160551959491743
2807,1.1035424778174507,24.38357821367134,10.679854119441437,2.334969667776228
2808,1.1085330116934107,21.960198694663223,10.287725695096618,2.0879984066869097
2809,1.1010169632910822,25.24296164217972,11.830512851985768,2.2524422977288947
2810,1.1065093826221133,23.4217396532797,11.036370267704976,2.249557549525084
2811,1.1062231543582262,25.241242164100093,11.186005627986308,2.4048282882894325
2812,1.1105358664036171,22.304327552507164,10.85342206663231,1.9198244950672043
2813,1.109765373362153,22.5240754623628,11.33554862018162,2.548671832472644
2814,1.109155013102308,25.212139610778248,11.230952023406074,1.9866713377549183
2815,1.1105492621905284,24.694950778520603,10.737863496006652,3.093504951993447
2816,1.1140265649137842,22.74805635298274,10.962966022137268,2.90083333558948
2817,1.1158062523930314,26.09820740097334,10.7769422995161,4.956319954932951
2818,1.1163803924921079,23.425099025065435,10.682688445391033,3.5681731771645815
2819,1.1188435624984143,25.607094015463648,10.83498814553018,2.908313304529853
2820,1.1168766955498888,24.07567447079037,10.793911184373153,3.2927720278244945
2821,1.1242969847418354,21.671205228469088,10.814004558010627,3.3907592033008562
2822,1.1212798203506558,23.71248280225866,10.46949066447837,2.722382928782546
2823,1.1157265898687274,24.909677189415692,11.355926731449953,2.631754034598805
2824,1.11804375844301,25.775532719214567,10.78800700223462,6.4868637247719505
2825,1.1175875359098106,25.62961873176291,10.944266939089424,2.885093489698427
2826,1.1184919430305313,24.781005638270084,11.572203325151769,3.6002568210109294
2827,1.123633178251493,25.52506086149154,10.853917462940736,3.1599618285393944
2828,1.1211634000813826,24.71467590701189,11.036097411541858,3.222929954084292
2829,1.1156669352337147,25.267073422516653,11.115490010081105,3.9194209592141647
2830,1.120133318739239,25.956731555464604,11.590474978298136,2.6799021758447523
2833,1.112166981983867,22.38117620763796,10.611292487076723,5.131329890169516
2834,1.1170352692536307,22.208994632890786,10.41479820440703,4.679916226421079
2835,1.1117911771591593,23.72071523322477,11.062190270945079,5.279638334052495
2836,1.1136048860680732,22.255158915460107,12.495586238943526,3.23156196747978
2837,1.1158122189061936,22.88425790555875,10.526283278965721,4.241194539354817
2838,1.1178880952571302,24.162501248110015,10.412290718393084,3.7890241679465473
2839,1.110413542288784,24.433467121251745,11.842257364985665,3.89906737812536
2840,1.1130815172248765,23.398958371084163,11.131403106004758,3.998097676598783
2841,1.1142709573567386,22.5063861427336,11.584999550826065,3.7157437217389626
2842,1.1124650423580307,21.481183508612077,10.788452730139264,3.814758530230267
2843,1.109899026677065,22.65112175620401,10.67387488524652,3.5075102720690707
2844,1.1114106281215363,20.774861943385677,11.534762896950994,2.4668839364219246
2845,1.1052611740124465,24.28627034722,11.060962775260267,5.1375706976785445
2846,1.1064103418768143,23.576349700278634,11.551486631346584,4.30136701164608
2847,1.1089828278877003,22.953609665239576,10.642512323152577,3.5179103504403395
2848,1.1065296638629936,21.57366104174009,11.01428355090876,3.811524312546973
2849,1.105217636161861,21.380473877381117,12.127344925845323,3.4248681515256947
2850,1.104819568972539,23.317016754167504,11.04523446361554,5.8597438051335455
2851,1.104677322008587,22.058028627434737,11.28611367752445,2.724340008386166
2852,1.1057787104428158,21.905528387921972,10.665447969013863,2.96033984385711
2853,1.1014834943122187,22.473886546325975,11.874812665549605,1.880630878050984
2854,1.105321587480379,20.83555919724343,11.994927451216952,2.4238615782655786
2855,1.1069122444751303,21.58408101956309,10.721783544019308,2.0743224976066075
2856,1.1062193975191381,21.55140472126123,11.159557829589728,3.249013705663104
2857,1.1082564457302913,23.022102741202943,10.708230017508226,2.9589477397281247
2858,1.1019510232998342,22.486969139929496,12.704151648246633,2.753768427756662
2859,1.1070926045985559,21.561511321834793,11.904171563760919,2.225739073130902
2860,1.1108142312177547,21.371380456650417,9.962144136308726,3.040506117813688
2861,1.1106455448874002,20.66453179784228,11.192598320867965,3.315179353168062
2862,1.1137923348641683,20.078572173164545,10.683627300975342,3.1183786194794543
2863,1.1291148778248659,22.28646483001008,11.339529456273434,4.454729716550075
2900,1.0920491262370884,21.522415213473966,12.984058228507227,2.9471343544426727
2901,1.0730785231824616,25.703920238570483,13.578739598911463,2.040864604230144
2902,1.0723725292951438,28.379800403808893,14.300994798481726,1.853881426001436
2903,1.073525189712885,24.685664223871594,13.508576038320047,1.6614937987711027
2904,1.0728232107729092,27.02171511085967,13.885607294963366,2.444704416549074
2905,1.0736508298770662,25.00968121021533,12.921149951444502,2.3658093394689854
2906,1.0771982555914035,25.569411239621406,13.484366310297686,1.9534448007468492
2907,1.0754960568753664,28.180987599204308,13.730931023776431,1.8344931008040672
2908,1.0788294031191323,25.27094759266135,13.581317828936557,2.032957727189658
2909,1.0762320585224163,28.900100392814142,14.094601069018724,2.110917831506198
2910,1.0782581844456909,26.816044876980968,14.210199088965993,2.3311567449224
2911,1.0803916576580355,28.88619300716742,13.877014027150304,2.5393639639554957
2912,1.0822906877892382,26.738655620128775,13.243884945956612,2.5375848042408293
2913,1.079958757966955,26.41069877958704,14.01192155116665,2.106529412295237
2914,1.0818029646459641,28.567233159336265,13.990507071236099,2.4499568188768714
2915,1.0831574199312186,28.34908129440626,13.510780400715271,2.6866833688762926
2916,1.087286724088958,25.997773406479688,13.788534311916,2.926454972580597
2917,1.0843922629554743,30.23318615877313,13.254549674179964,2.9124452961004166
2918,1.0899654729275232,26.918197156310757,13.146387070571121,2.6797241223081287
2919,1.0880054584653007,29.097803822244625,13.847674487919498,2.670139524269003
2920,1.0880771229709494,27.405790009577874,13.444498730921826,2.1311696288920237
2921,1.0966905236873097,25.08693578211173,12.940098915292978,3.0829133222011147
2922,1.0945889494014376,27.31272712029554,13.455989282388842,2.4446216023373126
2923,1.0891701399524933,28.7701500016415,13.567590222989978,2.5822740179169195
2924,1.0878743677761715,29.38661008068294,13.644432067526825,3.8839759581212876
2925,1.0892374855467921,29.34811621382959,13.717925588293237,2.6785297664392376
2926,1.0911649943104205,28.43847701610043,13.663814606285818,2.3625171415383015
2927,1.0937163371290919,29.48365955417726,12.994211938426638,2.958459959432101
2928,1.089721013167457,28.662738369832546,13.412345360795081,3.595784081355021
2929,1.086665576491882,29.090191969130295,13.75747397656633,3.5103051542846333
2930,1.0906025434057347,29.70693655338404,13.698262139690062,2.353550841002065
2933,1.0852125587896555,25.86678347276432,13.281866779273452,1.9007814947488766
2934,1.0857393223871057,25.98344259119955,13.563020427146116,2.8084142817124604
2935,1.084654023195226,27.426355385684648,13.480766019944427,2.3247757525760977
2936,1.0872567200937904,26.45767858402587,14.19928930946079,3.01914350528113
2937,1.0884828657296568,26.583547100593258,13.307191943886068,2.769423598172384
2938,1.0890912450988726,28.41012875139265,12.813459067125644,2.9063357174329876
2939,1.0831283559589218,28.505937364127078,13.782268728433127,2.8112788369845934
2940,1.0865794127292996,27.26885006515771,13.321463449231002,3.1502223565333294
2941,1.0879111509518733,26.01207186701389,13.961578921293405,2.3290916399321846
2942,1.0858587235680477,25.092947556290316,12.933919149494272,2.7564344599680806
2943,1.0815919312868363,26.442333252089426,13.403037763681704,2.5960410682238857
2944,1.0821662041206477,24.688732727622277,13.584923870590252,2.617005814557516
2945,1.0799403563945182,28.223700602253317,13.52682578977478,2.369444580209514
2946,1.0771500341678562,27.585778546210854,14.111148973935023,2.3877105788445956
2947,1.0793060283271148,27.035291241586417,13.39586899182705,2.6272480849442927
2948,1.0769294884070213,25.58204828094216,13.932410851550856,2.8228640149971786
2949,1.0766221573623072,25.409046662508544,13.692079236094628,2.009911724272802
2950,1.0771228069638117,27.106312112264014,13.928985805889235,2.685492087835232
2951,1.0780333345986524,25.376939664213634,14.285023202475088,1.6465868604997196
2952,1.0777062909325426,26.1786313812904,13.360727608429618,2.16715182795931
2953,1.0732820653992015,26.211771082487253,14.588705708250693,1.5152252908756456
2954,1.0768130089227193,24.831715096865175,13.93828308188639,1.9222792781980074
2955,1.077110592847596,25.65154547139314,13.534586091700694,2.48574886676179
2956,1.0783842496045435,25.330482651409785,13.513709439393738,3.3634780248010347
2957,1.079984148400561,26.77301513861041,13.128662416605275,3.0153218219862583
2958,1.073815870194624,25.72700568969475,15.105343400592492,2.691959994722958
2959,1.0752213217437587,26.373710839792057,14.622027349833782,2.2216334719378312
2960,1.0853407572066698,25.23472474191951,12.804242062889129,2.3581124206682187
2961,1.0800374781934594,25.109217513861275,14.221928545094565,2.9717039315765996
2962,1.0902062586901853,24.783212669883852,13.563555788469161,2.088160825494664
2963,1.1038998071510777,27.00759362264407,14.021663394053135,3.1264835662513732
3000,1.1124631645116345,17.745284025986322,9.198084243911833,2.759336572165456
3001,1.091417450783501,22.604954417467503,10.91924875865609,2.4726565370655234
3002,1.0903978173647613,25.35736801781524,11.520515478538703,2.3635016153595805
3003,1.0947675034129727,21.391877836924152,10.526630818420308,1.9681185308411535
3004,1.0938978414393261,23.77781490277838,10.782688584409605,3.0660698497671186
3005,1.0982610864746598,21.005830294493776,10.423207679856791,1.5732095569281632
3006,1.0966932279839534,23.02166798455395,10.38366376053994,1.9500050940397937
3007,1.0958351554856443,25.142805858840987,10.581324756954938,2.3637980717799083
3008,1.0983876118787432,22.598053580859208,10.656547675974226,2.2156056182693913
3009,1.0959050329115771,25.472382823801397,11.386526586416531,1.4079251763067409
3010,1.0967370796987124,23.484921820173977,11.15235529993764,1.6445453573584057
3011,1.0984154526272802,25.88154760791788,11.165174354294273,1.8395650171711109
3012,1.1009168247946473,23.24571331053848,10.75528662093935,2.1618377781714573
3013,1.0993408495407957,23.462152157836243,11.661152593974697,2.7486717689372897
3014,1.1026944815891262,25.754455050658176,11.31151009024832,2.644155132726814
3015,1.1027861971045279,25.099516220523117,10.734462785031324,3.230752627973897
3016,1.1038638336338253,23.184302104307733,11.08242660677509,2.346135179479705
3017,1.1066648175073053,26.80057025845379,10.580082088613274,6.595250356624741
3018,1.1068889876904535,24.03500747134064,10.592722793760387,2.697360378864058
3019,1.109525658392657,25.856771166943,10.746294276842212,2.3711721211019254
3020,1.1100575545801161,23.83254345772386,10.560586040636577,2.5749376616069766
3021,1.1149269070341687,21.889854104534137,10.542884542007098,3.150939087657458
3022,1.112658440262907,24.15106397430517,10.322342709845646,2.6218077441530663
3023,1.1103303992293163,24.938049546105894,11.058298187707639,2.7159905032012235
3024,1.1085562172919634,26.361612263266263,10.588885409955482,3.5097697580321694
3025,1.1097253502623243,25.394077061537946,11.213322190047712,2.9377389329323385
3026,1.1121977132283387,25.02705151060957,10.731152314602943,2.374893334475801
3027,1.1139349268164336,25.950770156607298,10.246062706386656,3.0229450083578735
3028,1.1102425347128684,25.15194513018298,10.780918918922566,3.1746260163047815
3029,1.1056897436522595,25.694537825525927,10.825899322894516,2.539682172526381
3030,1.108856393387192,26.20077439899834,11.520490741374092,2.397017984128986
3033,1.104292105278135,22.413705611684946,10.616230760442555,3.8922073195023716
3034,1.1059592146341948,22.531510712150382,11.124773758568,4.019722186418955
3035,1.1033788758845013,23.68207471018424,11.08650852771384,4.5762147267032125
3036,1.1052774970177839,22.81456138022695,11.851990081532106,3.7881858452365056
3037,1.105628078004932,23.159933707431833,10.865444527643403,3.104744805256738
3038,1.107708070712331,24.3507933942528,10.326794529986575,3.4198285970796753
3039,1.1021669464330113,24.52081041816535,11.574844620869689,3.299165784161688
3040,1.104375018826013,23.79007429524649,10.970690784478514,4.160149333951335
3041,1.104828073644023,22.68258193404962,11.239810005387884,3.553467658519633
3042,1.1045628731074737,21.440776172663206,10.533938254741441,3.1965953887931438
3043,1.1014374409798668,22.734440633517952,10.908479925737813,3.108274796555757
3044,1.1024302384733289,21.219856630376192,11.239365409810956,2.396129944387545
3045,1.0957678737418493,24.990285720038425,10.848418667142044,4.742785802385836
3046,1.0979072799145924,23.993666332945832,11.560195401446647,2.3031511284266446
3047,1.09580083161763,23.84028176330756,10.50913502335742,2.2784462212861727
3048,1.0943621741027145,22.68506401408587,11.261213326805533,2.780676510468319
3049,1.0945648026884938,21.901681863430145,11.391244325093332,2.201675028236203
3050,1.094614824498145,23.52350158184538,11.54552436101663,3.954950662570479
3051,1.094762416283576,22.54018453256209,11.605825753033214,2.157656463700553
3052,1.0962254983379816,22.471923326314982,10.322692849544895,2.670355097185152
3053,1.0922631162242487,22.585552442065534,11.888061127727049,2.077316627031275
3054,1.0940092949370326,21.536189856353857,11.969404278069408,1.843341827810829
3055,1.0979354949109552,21.685509646130047,11.181864275074629,1.978985516329295
3056,1.096233478031992,22.319433516194348,10.717814613088045,2.832560123892485
3057,1.0962420599633882,23.64436721268797,10.538458614683437,2.3736813855415524
3058,1.0918524179752187,22.844308941801454,12.560881924672533,1.9934378083606734
3059,1.0947751835236152,22.114549756738377,12.310365908638506,1.736141244676613
3060,1.103766423666152,21.797766594998315,9.946466761023178,2.376161256262293
3061,1.1018341157993472,21.806354395020698,11.162919900997098,2.4939803430495355
3062,1.1059805946133425,21.0783581421506,10.770460015690091,2.1530713826030006
3063,1.1224264786984015,23.28291435607593,11.053004739925347,2.6320475129632426
3100,1.1151255915191398,19.07891316389949,9.167554296966488,4.569071428768951
3101,1.0948266467998407,23.90509131550833,11.155223275944023,3.070104718526515
3102,1.0936259010250773,26.599420102438636,11.52081783644278,2.5927882872999426
3103,1.0952512035347186,23.24362665911875,10.334129157454768,2.2054944960467138
3104,1.09600316527605,25.50667255070228,10.881536178226401,3.3321877233663777
3105,1.0996989767006757,23.23893360205453,9.982226210267973,1.7593401357101222
3106,1.0993767680306987,24.688307701661497,10.720708173556336,3.3289705570986876
3107,1.0975590488798845,26.584083328662803,10.470811896794286,2.453700034119289
3108,1.1013653280915463,24.272252673404147,10.431466082360807,2.9133129335547214
3109,1.0968964798361058,27.102869993966607,11.39996642404729,2.381619577676524
3110,1.0990650419183488,25.113840909861484,11.452495127181793,2.061463074898714
3111,1.0984195235438508,27.791952366282505,11.273898876326225,2.1008044637706615
3112,1.1044601455257559,24.44754376653743,10.518747013601956,2.428939582340712
3113,1.1044133546455854,24.894807957550036,11.402909685829103,2.383438625877966
3114,1.101893658311855,27.74169789991984,10.64722982119029,2.1387111989693524
3115,1.104365317857203,27.04831451602901,10.667754812259396,2.9829149358230778
3116,1.1060147338703772,25.138699825025036,10.65542706068687,3.3773023301497074
3117,1.1076715398202408,28.838081113922424,10.67091133871982,4.824401900974348
3118,1.1107636358719193,25.410335496198012,10.092520649818178,2.4563421733803854
3119,1.1084709488375781,28.258878249841086,11.168838177848276,2.5847480792945525
3120,1.1125096055116792,25.727078619622443,10.529400665812888,2.516282508152441
3121,1.117437508112772,23.869129291914945,10.575247530550222,3.3953943147834855
3122,1.1156086665184959,25.725910509205775,10.603676179403772,3.2673820661444273
3123,1.111943173398781,26.905815464146546,11.211781294399504,2.668090386433762
3124,1.1102253121669317,27.961612642503532,11.09314895535534,4.869811581634622
3125,1.1121246253231585,27.674847738322068,10.778199040735462,3.6938584246353305
3126,1.1133232827920716,26.77662081373127,11.265618044076929,3.2030047464661835
3127,1.1165156692384148,27.70821050930617,10.23431450992412,3.606336632244758
3128,1.1112713059187662,26.924413311612245,10.793499497524413,2.463123170966722
3129,1.1098683016758515,27.351650484292694,10.765675002161684,3.5212165171744148
3130,1.1116095124450502,28.29067266868099,10.809730545289202,2.697097745977108
3133,1.1065434566913557,24.503378965566394,10.535384072365787,3.7774941598540943
3134,1.1079946691607454,24.275290293906224,10.655072845382872,3.4827044286163544
3135,1.1046701130253194,25.284616543841395,10.979067230995804,5.198946335467365
3136,1.107848279274642,24.196776825694748,11.840159227715214,3.035276461069044
3137,1.1088579670576326,24.530829969984666,10.737839537166275,3.9283519611879605
3138,1.1092763231923146,26.014949410535394,10.425952737173334,3.5614439247848626
3139,1.104338536154259,25.94145169192604,11.055597073730555,4.00611467634206
3140,1.107965500056621,25.268407055941243,10.852268926009254,3.3742892559647513
3141,1.109152282598991,24.328049166923677,11.060845630460543,2.391392569850475
3142,1.1072842285083018,23.228571650036336,10.213630766758666,2.970616599020958
3143,1.101002761721417,24.486623840974875,10.812958710912467,3.817678399229766
3144,1.1027729237563193,22.80660376036984,11.337530715646173,2.5119080435208625
3145,1.1001355263099215,26.15769897231896,11.143265026100885,4.735172526550994
3146,1.0991565832743255,25.781283218247168,11.315665012842972,4.336265570427903
3147,1.1011168608944328,25.15259074930034,10.533866069392335,2.6942428013080644
3148,1.0993189042959495,23.579602775202133,11.488177687042032,3.724532186730464
3149,1.0972330161470052,23.624808459879247,11.416222287725565,2.3043519704052904
3150,1.0980732653392384,25.18730631882611,11.123158117585033,4.172852898704732
3151,1.0987030493755099,24.161291192103953,11.293039309458004,1.9223124797758548
3152,1.09635056640365,24.110480419291086,10.38945524641297,2.498866283834095
3153,1.0929672174354037,24.49102043358015,11.860853925215872,2.375216282498899
3154,1.095786940948647,23.65300654796484,11.753709237279264,2.409078752352581
3155,1.0971280183731749,23.42545832585188,10.748408704966442,2.851307528986903
3156,1.097317023550283,23.975973476293987,10.84240535144382,3.0623464338330013
3157,1.0976715748996635,25.420588436240443,10.714650567711475,3.5386868506154165
3158,1.092518703441305,24.704587467689663,12.40954544757822,2.2509417518909896
3159,1.0981861925431482,23.645154272194596,12.515007419223314,2.6902436706137416
3160,1.1055794582418579,23.455815575807723,9.516089015545498,3.358499262611103
3161,1.1025599629152203,23.308936399950387,11.241307045569398,2.173587047510013
3162,1.1042475028630427,23.074621923035824,11.220650583597909,2.1983187086935128
3163,1.1239689018221748,25.331279650597512,11.575465331899858,2.705506508382296
3200,1.1173378363251074,19.15281572641786,9.934195560336478,4.229156117464394
3201,1.0990580657876445,23.455995291434103,11.40230345587068,2.604188527025759
3202,1.0993237135774647,26.198887333345304,11.942508715451034,2.7401190393713395
3203,1.103217719579365,22.374168110792734,10.74558087548633,2.868189848002893
3204,1.1006916968934404,25.283914560716156,11.436873004205612,2.829130992643224
3205,1.1060007779571672,22.55072294050791,10.247705222929408,4.127712440523125
3206,1.10661861776883,23.658944290041504,10.71081447534092,3.074710220170932
3207,1.1022258889959686,26.234007991843026,11.09338617882739,2.7177971176943445
3208,1.1075050844530188,23.465963441961772,10.638440136724034,2.819933552155837
3209,1.1019244327084958,26.925950789075827,11.560268899140393,2.2080418069697663
3210,1.106233514784792,24.47656161477049,11.167377227692736,2.5423885962543706
3211,1.1068346240709201,27.059050412045103,11.617177599556218,2.882739244667328
3212,1.1091999380991584,24.161822463876316,10.915233678738744,2.55173431439632
3213,1.1098069652673372,24.10380217766424,11.322003857280526,3.735314534100466
3214,1.1077332900144008,27.138615465832792,11.418274094790815,3.5043349996543918
3215,1.1121358704846431,26.315562946061515,10.871854992251519,2.8429646972740534
3216,1.1139258074928655,24.741527239509164,10.750427795033676,3.5505122438309455
3217,1.1135670811948593,28.007449000814884,10.624658340400014,5.952825245746184
3218,1.1168193147721017,25.237864295597245,10.614248688018579,3.8454088398614883
3219,1.1174618508877079,27.138824307088203,11.061719165913996,3.657004963479628
3220,1.1179736615278815,25.31776494794692,10.962683855743878,4.353504210199696
3221,1.123676043022133,23.369941813448488,10.782792196472561,4.265580804904549
3222,1.1201692202266498,25.765890670541744,10.636330534183715,3.252656621762801
3223,1.11761306087699,26.52510040379244,11.185423949738762,3.268111014091361
3224,1.117859617298247,27.472754116254194,10.786057304338447,6.920599337437308
3225,1.1180140183670824,27.152339586342077,11.092268363183438,3.4813391572881436
3226,1.1186849918621997,26.305822239731615,11.075291297749878,3.0145554692072207
3227,1.1209520865954463,27.090427993108747,10.625710576280486,3.0474495448010304
3228,1.119766954306191,26.209517328626735,10.880911982098992,4.112492719092753
3229,1.112460110638049,26.98670420737001,11.370495765478116,3.6569386773435357
3230,1.1193838132302907,27.300752033032243,11.042199954497017,3.7444462660462845
3233,1.1136021214010177,23.577609346287243,10.509333785459523,5.410360278650336
3234,1.1138253284433657,23.363543279435174,10.9379476423221,4.786909443670088
3235,1.1106408162484054,24.87576461280809,10.728688757453689,5.315440752955368
3236,1.1135276852109732,23.558255221315083,12.282230049013803,3.658569147210251
3237,1.1146166470932637,24.088222938479092,10.947383917846068,4.307646884574846
3238,1.1160513056857868,25.30757550442241,10.26662155691795,4.281595282238582
3239,1.1091586781125997,25.403445667779184,11.540021056514973,3.4833408328101343
3240,1.1105022278749423,24.686926202457446,11.239599507253304,3.58731084288718
3241,1.1140009396255086,23.81770946580806,11.143986565830087,3.2832959316056884
3242,1.1145169575359049,22.425242686322388,10.858902511855348,3.493995842854518
3243,1.1046283919702424,24.400363079179183,11.014292571336584,3.80765079418475
3244,1.108659965438518,22.317859069038985,11.487284540622987,2.923656346613466
3245,1.1031747956584832,25.59019221112961,11.242338470748136,6.113014839525592
3246,1.1056698996539813,24.834843089193072,11.442338507091916,3.226165752170341
3247,1.1044865611038492,24.626859837343737,10.812520898756135,3.4062460429172976
3248,1.1029985416526285,23.098924417765975,11.389496737464057,4.223600631680815
3249,1.1001592368040005,23.098916454485384,11.19771976713976,2.8293734289680903
3250,1.1027238866667448,24.605372306246238,11.57733811617225,4.030856117535586
3251,1.103486908014915,23.601885575521138,12.032500751457336,2.6068525072416158
3252,1.1030051284324411,23.33361431933395,10.640137992708633,3.8505605895178316
3253,1.0989171940303322,23.88189924956154,11.896416708326116,2.7944864433009524
3254,1.1023619570382956,22.56049318052378,11.96289339874845,2.2117946261562977
3255,1.1023048892702363,22.792772143263342,11.119544249476508,2.8281269803589932
3256,1.1021967625531743,23.456675670470208,10.873565076992971,4.301394420556937
3257,1.1039117611126936,24.482944086491283,10.790697701730226,4.228128794738572
3258,1.099145321094599,23.578194369203896,12.752577209139282,2.5307076058261284
3259,1.100905360099514,23.212596826648813,12.766837331649603,2.80700017191075
3260,1.1116887421861683,22.571871134698497,10.260466997420227,3.397606959435108
3261,1.1069516157163246,22.38531625054579,11.512756122663983,3.226624958185057
3262,1.1097148637633527,22.111146479360528,10.968429329101813,2.503172240817449
3263,1.1252092023949904,24.625473572838178,12.029082792423688,3.9899791031381184
3300,1.1198962170292859,15.814300528411648,9.726539308624833,3.943951382675484
3301,1.1006211644957542,20.782490556797796,10.721244164974728,2.925221384766422
3302,1.100801136615865,23.379669170379554,11.097125955630945,2.547079198880897
3303,1.1033618575286108,19.98382253717205,10.269181587458387,2.4746359059122756
3304,1.104218275947747,22.44173519961589,10.823057342858165,4.236036742988653
3305,1.1074807975816239,20.04556599004973,9.72714128371739,2.8129184322502088
3306,1.1072706342403436,21.056057583989748,10.640915990562833,3.0836154189686176
3307,1.1055456464408087,23.55833048590937,10.657471098682748,2.5465902745529108
3308,1.1091076099430672,20.896801553242938,10.388145061863442,3.170576120769574
3309,1.101841138570569,24.164501883325237,11.328508747345218,2.4062142025182465
3310,1.1066142739170262,22.146223005286405,11.105376305866566,2.366808158082338
3311,1.1069746409123535,24.333831921551166,11.253140739251526,1.7098971658716215
3312,1.1110814414196952,21.31204603413494,10.56819930263337,2.660196636052327
3313,1.1106506654178978,21.488360370448913,11.032158548472479,3.016867885406986
3314,1.1085142141142148,24.68804594451317,10.944680448406178,2.439920132326265
3315,1.1142096280409926,23.42471191155576,10.530415556171153,2.753143814383473
3316,1.1140594654715983,21.991762524441103,10.572088757501017,3.1486705721505923
3317,1.1151003867191978,25.74491753325091,10.47881992126947,6.394664679335629
3318,1.1163424248953695,22.551901923062736,10.393654461155819,3.480951546994292
3319,1.118637205320193,24.617516011179124,10.773657814486588,3.0519627177928785
3320,1.1188039027898,22.861438161520923,10.26239534999888,3.027208288825906
3321,1.1246992938833273,20.58042727328777,10.64217317624647,2.9458654702234184
3322,1.1204159956006934,22.515220260300982,10.592644262289262,3.0391959477431842
3323,1.1173738849325439,23.608816690361635,10.757856830833166,2.9688196863463503
3324,1.1167586397815437,24.84353757422109,10.823108278883895,5.509855330645739
3325,1.1193107335107764,24.33764245213196,11.035917998563283,3.1776058115807913
3326,1.118207708690838,23.593828047462665,11.08389824939743,3.090908277838978
3327,1.120945017914004,24.294130972197266,10.427313440208678,3.3150509987529495
3328,1.1180749674180257,23.97195760798211,11.03428399256139,4.156213639179928
3329,1.115486140850034,24.05630615211835,10.51558003192611,4.386889963997462
3330,1.1170843853707073,24.812862085451265,11.269854512738664,3.4058725269609864
3333,1.1143277288270477,20.949572305364306,10.276345309009553,4.688880939216424
3334,1.112301313667267,20.897043214757055,10.73049889125012,3.469846873772935
3335,1.108745562645888,22.294030355893934,10.632065693657339,3.871749035033478
3336,1.1130837624412708,21.02555738886132,12.14366743455998,3.3066352711003666
3337,1.1128889899620682,21.67458145911064,10.356630898681233,4.476169441998735
3338,1.1171986670670153,22.71468208673586,9.932261123004587,4.215963059132777
3339,1.1096326765373954,23.005121805416202,11.293712395713147,4.285301125313004
3340,1.1132452132454906,21.961121811439327,11.05516952130552,4.536966588115312
3341,1.113799644529814,21.130783013561224,11.138575278266435,3.2346084428671285
3342,1.113676885732692,20.022898650065272,10.49819410448108,3.3885195545181777
3343,1.1061488956527705,21.507389483761656,10.985600692327914,3.8966975414660827
3344,1.1092264843551234,19.47528810931615,10.844542067370524,3.028359335569704
3345,1.1051411736277668,22.76435296080916,10.220505328086908,5.955353888958307
3346,1.104018303450085,22.58196020911604,11.238810270546367,4.17267271943328
3347,1.1061135425120385,21.834237891756004,10.617288836259021,3.0574478525440467
3348,1.101613611082013,20.725160459808382,11.344796018100858,3.4858689634622797
3349,1.102740672382112,20.289790551671004,11.263088295251908,3.0720746764098728
3350,1.102953765180635,22.310341489395935,10.97311902163886,5.914842555345236
3351,1.105432201807266,20.571603078886902,11.615751172161461,1.9534504667985486
3352,1.1038948236322381,20.635945744526843,10.466348319471203,3.3979722199903044
3353,1.1001545709347054,20.756079343396177,11.971198140253625,2.9882974029657072
3354,1.1018644541404288,20.16624913679395,11.816554987269676,2.58466509460088
3355,1.1050654670589182,20.477690398112912,10.756361588183834,2.809008210246369
3356,1.1014456134469202,20.634696207672565,10.84091940900999,4.622613662818565
3357,1.105205050609364,21.796468962965772,10.551220488655185,3.196796141192728
3358,1.0991872615749931,20.875744297843642,12.145781515436322,2.3578915303360146
3359,1.1044865779941022,20.29274658048353,12.128777029305084,2.4874341685535244
3360,1.1088477055721473,20.096036329139455,9.840979468326703,3.2617451427103887
3361,1.1066232299214989,19.776581325884393,11.341937513247824,2.9219381378554856
3362,1.108949160224967,19.368582968155472,10.796090327557895,2.3244203228983196
3363,1.126201828254735,21.973550586996623,11.77493153287961,4.08508558158313
3400,1.1213962936885704,16.17558542427312,9.235541377730872,4.329711811487867
3401,1.1017169027213143,21.685646595620934,10.676897199191409,2.652659508319472
3402,1.100954454145412,23.888923992367285,11.595145520509345,1.9454206238183693
3403,1.1062693590497008,20.26540573436492,10.504911316552526,2.8959902861591065
3404,1.1038225420074521,22.670454694822737,10.778663470071168,3.2942717380504205
3405,1.1104935130604494,20.254439608750587,10.03159246981282,3.520321289355158
3406,1.1102366893978493,21.79212404667947,10.345919539315075,2.387810210836021
3407,1.1081180939429114,23.538492849378905,10.457067459009686,3.5435389954188543
3408,1.1120199888280098,21.61423017721044,10.637421668415966,3.1414333456726666
3409,1.1069029943850404,24.48464419783683,11.12930836270119,2.2834998897284646
3410,1.1097241988541968,22.420597675618634,11.19275526001759,2.671598624952836
3411,1.1086232930332445,25.379754216103404,10.962774400388687,3.06035282976828
3412,1.1121478374091274,21.975629291554075,10.408691003185325,2.942487146976638
3413,1.1109722802576965,22.05115223716052,11.179863348851871,3.138654975637232
3414,1.1117847008253596,25.05957394744375,11.093738549635274,2.6729172462356092
3415,1.1140721992568696,24.19298134716748,10.638100031763223,3.386816847971941
3416,1.1170885727746465,22.447387036766223,10.59604281581328,3.115544308187428
3417,1.1176879332361793,25.443301854445334,10.478914555369744,5.124377928584096
3418,1.1192619607338816,22.469340606337603,10.666052593747295,3.946879197429752
3419,1.1199101810556,24.966373868831486,11.005783482256357,3.356659807063515
3420,1.1208461196260167,22.969326138791537,10.764806882245539,3.606219943742573
3421,1.1248774651416171,21.369345332499474,10.72850223437405,3.3068991873502602
3422,1.1229587314677507,23.132948641065006,10.862788158072934,3.411154862603478
3423,1.1202541390757164,23.930444088030946,11.201912452542564,3.220703269434224
3424,1.1188052987871653,24.921395393418532,10.979128492356818,5.180871977699704
3425,1.1172481811536703,25.422806715910376,10.836365081748161,2.998176426165635
3426,1.1216280832354817,23.66186153726965,11.080423081429217,3.609489868720327
3427,1.1258472182209667,24.800368047886607,10.306226885657505,4.089079687061945
3428,1.1217213738217497,23.938317660448416,11.295618702080045,3.2244176282601082
3429,1.1146289958659328,24.915768168219383,10.774067155314334,3.9750852770311615
3430,1.1211384851290171,25.071280870481488,10.74283890534609,3.459424771418447
3433,1.114157238913334,21.944256921505538,10.655246642524235,5.4777613544438415
3434,1.1140205721619982,21.36749200175926,10.489553513307797,4.701505081302478
3435,1.1113209887815434,23.14984404243772,11.185382985248681,4.434044051829964
3436,1.1144426457535153,21.442851861631425,12.123854821957114,3.9086866617748135
3437,1.1163088946529833,21.94398473122564,10.808938132686269,4.168132380870502
3438,1.1184677556676017,23.189137141728242,9.82923574747284,4.277355195774231
3439,1.10888783912593,23.485629112080833,11.285670291918525,3.46454917630215
3440,1.1138955182989405,22.28928306494656,11.019683562065918,3.783252434718408
3441,1.1160878995382384,21.50217997050694,11.22272496649824,2.33656973766695
3442,1.118253997528723,20.224186541952918,10.237125482078591,3.7792906689562633
3443,1.110338382426381,21.865729033251938,10.753158992609846,3.340874845679627
3444,1.109174424374689,20.167802300563906,11.058119269166838,2.7238743517370856
3445,1.1075626872531337,23.52343627263578,10.81769942845952,5.8640384509067145
3446,1.1065297713201991,22.745661119069943,11.609229972121447,3.251381418661168
3447,1.1066784904258178,22.838497953286822,10.70441833576785,2.0528920542517897
3448,1.1041937308599863,21.074712759270394,11.263274318371574,3.8745661196438377
3449,1.103998952268962,20.51981477066772,11.41262478118775,2.188568495899903
3450,1.1038780414017784,22.63298875584989,11.320785275863317,4.466141089547964
3451,1.1056866402277752,21.300409368496588,11.832439793913942,2.281353235955691
3452,1.1042388748544407,21.21705465345399,10.521510601658512,3.0374335200872276
3453,1.1012364670667998,21.623763643862482,11.666899396296369,3.0240485882164685
3454,1.1050389130225737,20.384292931778592,11.502530701031699,2.4875333520878824
3455,1.1024270967357446,20.97972515311268,10.968800483597816,2.890330120885137
3456,1.104895979008325,20.982044673539736,10.582682486810334,3.6146036743187744
3457,1.105954621630662,22.33421270445918,10.622710670692022,3.361324408957378
3458,1.1023398826208717,21.204031063596428,12.579684721011745,2.416632112648949
3459,1.1044483824570446,21.03997078177903,11.851784977917436,2.46957583131902
3460,1.1108662299943417,20.127991595092766,10.181504172858904,3.6776191126720312
3461,1.107400991458225,20.20440538587557,11.10211484259593,3.5104712825846245
3462,1.110097763248672,19.582797044900264,10.909036117890778,2.726188858703935
3463,1.1274470524847116,22.47137695737583,11.541159199897367,3.6164443226092655
3500,1.1234164575159185,16.292453135233213,9.363098173347899,4.425506588908935
3501,1.1045874562563223,21.25222789346786,10.99392322261067,3.528677585933921
3502,1.1032233212652733,24.02193028047974,11.570881618184284,2.1837641665625567
3503,1.108909351322917,20.52432441565797,10.57880315210172,2.3765716038986433
3504,1.1083281383703092,23.22273614032186,11.079678125961445,3.531631749805347
3505,1.112426051936544,20.404405565569643,9.976999682964914,3.2912700245333575
3506,1.1124486202727608,21.588871088463566,10.66907872326378,2.5739139929714216
3507,1.1097503055485831,24.147284061736123,10.62227839999689,2.601261601134557
3508,1.1133757161915405,21.626410211817685,10.5736045457797,2.679367249393179
3509,1.1074158719491407,24.734550096896793,11.6096006497289,2.262866100319984
3510,1.1103704934219005,22.743986175440803,11.62030757757284,3.1546382535497846
3511,1.1136263178232755,24.7791228933725,11.19805621012384,2.3925695248479872
3512,1.1149093711797093,22.063278038712372,10.784552695264626,2.6094895394308364
3513,1.113779394330749,22.499354704043014,11.269266563191819,2.3751308743842854
3514,1.1124958926796182,25.163332184820487,10.945512796976987,3.0051765726792
3515,1.1154905894049623,24.414907515247037,10.625686996345168,4.053379008112268
3516,1.1184450177615728,22.684932310934983,10.861797479450251,3.496410769010758
3517,1.1174405262760962,26.38327365879941,10.931971846739323,4.658682719675842
3518,1.119567365216482,23.395567589245847,10.809971696639492,3.4496637895792275
3519,1.1222625962901485,25.336769114914354,10.891863721529084,3.9967759915925307
3520,1.120554776720311,23.333748223116284,10.77553813757489,3.2879332322912758
3521,1.1264771543065992,21.509980064863463,10.843676250481627,3.1499901772736076
3522,1.1221462522192462,23.404266219088495,11.023962354379364,3.5964187153883853
3523,1.1199313270979547,24.594148847551462,11.586114396178061,3.5525146298755104
3524,1.119465140534874,25.24197257049335,11.159546111547433,6.904835900359297
3525,1.1214906966298885,24.83076178903272,10.962102863475568,3.6539078105475835
3526,1.1206738299981285,24.379992759869413,11.43726560475215,3.1845010127571878
3527,1.1254820760216822,25.028610367125577,10.772738628239017,3.5692740767653066
3528,1.120693709875982,24.29297664370734,11.171867203094886,4.233352316535921
3529,1.118398034985464,25.088810990781806,10.93090657541516,4.769161478374462
3530,1.121633087391568,25.43408968517223,11.207996746472615,3.2839432519610394
3533,1.1145440148705636,21.824175404552115,10.240743751979513,4.504704164270661
3534,1.116346448078515,21.948157609838436,11.16429957679882,4.679475755535275
3535,1.1144819894195261,23.00124811950399,10.739614132103561,3.5276078068077834
3536,1.1168210873115618,21.66823973090792,12.36429744587138,3.117410225921731
3537,1.119073129473663,21.840469496194164,10.571631769288734,4.372064722943207
3538,1.1192225604151322,23.4438492774324,10.632033263431008,4.655439547819749
3539,1.1119976999728087,23.49093772349795,11.557836420429302,3.7361466099763057
3540,1.1161889855873206,22.4953021796723,11.007535801468103,3.6200428607234736
3541,1.1167971504738312,21.802558495174456,11.534570222825941,2.889343643654781
3542,1.1167413970158637,20.414720619824276,10.821380607549123,3.785235548325436
3543,1.1099115310136454,22.385611737438673,10.770549601567405,3.7501844628628507
3544,1.1137924241913881,19.835291248288005,11.011907343776262,2.4925905339998535
3545,1.107305642377914,23.663266323310758,11.026092386095021,5.508152762440285
3546,1.1092090821599803,22.690094382981417,11.712293741028393,3.867737996093204
3547,1.1085980896810799,22.397541053387425,11.004750448190922,3.15390736271505
3548,1.106043803892886,21.387793346435142,11.059702228529105,4.366641826940344
3549,1.1055882707608093,20.71978195962876,11.506202629134451,3.8096710371160243
3550,1.1043649621401597,22.84702540129477,11.091723422222662,5.104604569062763
3551,1.1050974942039002,21.57040405028098,11.295804096401895,1.6907993085376323
3552,1.1069636391352742,21.529619624022384,10.663399377894425,2.8548060543198974
3553,1.1030606903511893,21.888234435666824,11.750857582129193,2.7482474083441644
3554,1.1036313262941742,21.021769291591177,12.07690626217026,2.390527771433698
3555,1.1073350712088248,20.991557725387057,10.774852517776779,3.298840564190487
3556,1.105633109585644,21.433617817705134,10.724042898698753,3.597060832706543
3557,1.1086846468461815,22.001831315304113,10.961034465473015,3.144354075894837
3558,1.1032034519825835,21.380736453713848,12.373194770981392,2.6454271136782426
3559,1.105175988741033,20.74373372901305,12.122000288257928,2.984688041259567
3560,1.1134448892257245,20.45973197259894,9.78300758398762,2.7721916810923193
3561,1.1102792149260896,19.80293210586874,11.216492031968466,2.531184933538957
3562,1.108699494957032,19.881806007186714,10.696799190947724,2.6219119776739643
3563,1.12892671973526,21.680445399285272,11.427196326474725,3.438847039067902
3600,1.1204715052629948,18.230210820717787,9.388239152629662,2.917106614276114
3601,1.099566370642457,23.189809194333733,10.977023477475516,2.6772515981927576
3602,1.1003683604816858,25.328381683120398,11.828595093222903,1.8675392855255013
3603,1.101463763964892,21.94976255976697,10.7608443910525,2.2753048788312795
3604,1.1020235299731507,24.351126143821165,11.229484077745315,3.2067780575536
3605,1.1056376808257016,22.038048733919553,10.076599385674806,3.3988362183739143
3606,1.107200418281194,22.824370665743373,10.710186335628572,2.783002456611549
3607,1.1025172597685793,25.06356176957713,11.188274584706347,2.214650243841623
3608,1.108072473227471,22.922912030713764,10.254055132376873,2.3434710725720027
3609,1.1024047222273186,25.914227348368176,11.686882912387123,2.374805269684851
3610,1.105891757747924,23.92139347739907,11.251738560476973,2.0465012647792435
3611,1.1067646277559602,26.058746530019093,11.196805771890482,2.6111898543123515
3612,1.1098717926997514,23.138305845529484,10.748493064902119,2.869928689130993
3613,1.108587881283517,23.326504556047183,10.985569463285263,1.9161298724340825
3614,1.1061050328384423,26.193301801707555,10.929406325019979,2.6503819049266486
3615,1.1087285891333916,25.838023919489707,10.796821402461056,3.3168524210581274
3616,1.1119702662155835,23.441717482698078,10.919033307554791,3.3604007449445277
3617,1.112734096349288,26.91128075937651,10.747303732289728,4.87666833357055
3618,1.1114850922510917,24.44021382892609,10.853891962745301,3.4123696410531617
3619,1.1135746980831136,26.275489276829802,11.258193682438469,3.214898728751014
3620,1.115745143984066,24.137869008579337,11.071717471112038,3.79941513009589
3621,1.1207240930690063,22.069338732582846,10.852074973240722,2.397846138629052
3622,1.1169402663885757,24.50606105484288,10.636009599770526,3.07447727858719
3623,1.114689200056323,25.400223012330667,11.26789262142934,3.38997135670488
3624,1.1129933648503063,26.34444027696375,11.05985459843417,5.190115117322644
3625,1.1136680069789835,26.267236925398418,10.844498980320626,2.4876009061448303
3626,1.1149742381449264,25.136037085598005,10.99053142915134,2.8482708612861263
3627,1.1197768347413155,25.93621393717146,10.422519973241535,4.35979600640686
3628,1.1146745512393486,25.35340804530921,10.657434024465445,3.1565670841767903
3629,1.11004566373754,25.881843338079896,10.95203874027211,3.780942379211132
3630,1.1144154549485012,26.576322405221497,11.382979117409233,2.9394775926322874
3633,1.108610274451476,22.717654352495945,10.683850768074464,3.806881917894731
3634,1.1116986808892877,22.195519492963882,10.810753217088664,3.0922698736216603
3635,1.106974966621275,23.859321069670578,11.258571766725673,3.8130944401216618
3636,1.109227958382087,22.67695886999959,12.433616428419093,2.9691637302354144
3637,1.1103437691921367,23.14799708504935,10.59438452311437,3.613593917382731
3638,1.1128558215508402,24.447772187297183,9.958086088798474,4.011312887690559
3639,1.1053522959289779,24.910978444459317,11.294685004478731,3.673533891426623
3640,1.1092885779731958,23.40007485430671,10.88809915777579,3.5699879028992267
3641,1.112673539952524,22.872463311831694,11.319317675850026,2.207201383442688
3642,1.1121490501276265,21.42724438200508,10.238584638021775,3.4734746339307225
3643,1.1035265164879573,23.240742136257058,11.225198570860856,3.8380156410595054
3644,1.105636833391448,21.811343771540766,11.22377537334322,2.8072837704743305
3645,1.0998055074971005,25.071931041417628,11.14879509842089,4.210099197717844
3646,1.1015526204366464,23.957296975155312,11.438099926474388,3.3779996701347614
3647,1.0996171736861653,23.957129371404022,10.621276980615523,2.0107342303975133
3648,1.1014275107714953,22.180777279911553,11.34448452579755,3.4527286274685465
3649,1.1000863766948281,21.977055577827407,11.759732118985355,2.5458558558686653
3650,1.0996789496563288,23.96135404206053,11.461467537572515,4.441079573201494
3651,1.0992599525909632,23.03884487199352,11.564498562879475,2.33459264162269
3652,1.1005938471878307,22.78454569939447,10.784580722369347,3.434498305339545
3653,1.095676359366567,23.12253593681267,11.793730289843156,2.3548128261616332
3654,1.0986787980512138,22.041489221578022,11.886245714359983,1.464214737220731
3655,1.1006382272430533,22.15373470292478,11.24121394668822,2.6070754798593185
3656,1.099185449154744,22.59167377809037,10.481253482071741,4.0646542422725895
3657,1.1010231324883089,23.581001578824537,10.812710817268188,3.2519541213242684
3658,1.0975207841188954,22.68320193213778,12.505333672084024,2.5685343170181323
3659,1.1014943332733411,22.19333365119052,12.508892502999396,1.9159617621151164
3660,1.1057867056355493,21.981809128490774,10.160428449358164,3.391860251904259
3661,1.1026021560912005,21.599880107860873,11.355233637979909,1.6854102304484562
3662,1.1054511770113276,21.177635132558407,11.42163909364289,2.208519023344292
3663,1.1238112326213827,23.67232986485475,11.52816581746434,3.277634597886922
3700,1.1313295861900081,16.685315364746373,9.274012333560124,4.354652321080754
3701,1.1114538055731775,21.92857803591085,10.638673174783706,3.336653468251754
3702,1.1124552973739357,24.708083092076045,11.46300162041576,1.5635483475936771
3703,1.113482057318275,21.268900185299696,10.372245719406427,2.683896966481668
3704,1.1142648604735181,24.129893608310546,11.17765540644124,5.776881994141263
3705,1.1191326456252775,21.41151530675211,9.94210792289948,3.617957351531842
3706,1.1180876639247526,22.65667520512475,10.36780337919507,3.367345630952475
3707,1.1157357795830514,24.85942526437622,11.121554848277448,2.972749765153637
3708,1.1181784192963153,22.54150034914986,10.233400855611917,3.1051501757672595
3709,1.1147593444714776,25.381294469559336,11.584259668547176,2.9186147547280545
3710,1.1171839851657428,23.424493765761415,11.138568791859623,2.6686780641929824
3711,1.1195969250048317,25.728429097232205,10.357027127711977,2.0779672998204854
3712,1.1215712309570833,22.863226229418586,10.71507080682078,2.699565235619362
3713,1.118831278210906,23.346405980021984,11.468988468420761,3.120801309217866
3714,1.1181530042331635,25.91936331956495,11.294296526397439,2.7336275032106125
3715,1.1211986608533377,25.367864622244646,10.964255122635885,3.0080606238143095
3716,1.1208557559636783,23.391085797527506,11.094044542673974,2.7179731138339482
3717,1.1211631450332542,27.125639485989392,10.887744425437246,6.630055161070712
3718,1.1243767862182985,23.596525100794924,10.664298446811888,3.8261753240543377
3719,1.1255733960640453,25.924729042794258,11.425150487094175,3.5963358534310865
3720,1.1276248439178325,24.214269170785816,10.840699718230034,3.363773950481009
3721,1.129065428809317,22.240021505839994,11.16259525112068,3.422959346806922
3722,1.1263833756945,24.07421955709414,10.738922896111635,3.0182251609639352
3723,1.1235049947371558,25.20669644261832,11.128961856486688,3.0647897279757847
3724,1.1238655946923246,25.96891150705506,11.215321417052442,4.619335053008842
3725,1.1227172077989918,26.170898543920288,11.292345214854391,2.971466600122632
3726,1.1268436810250169,25.032921398862012,11.265700216578916,2.782210716131097
3727,1.1297007619886237,25.83256474124824,10.76654201835485,3.4298173256928255
3728,1.124367019282907,25.47570100565435,11.162991798916973,2.830205129954365
3729,1.121111765566914,25.73424908691222,11.112592423462859,4.448393598901528
3730,1.1247419155554856,26.322046977525133,11.274867715078573,3.0037299167949465
3733,1.121965794860377,22.153077136524615,10.86702490944282,4.697194590480195
3734,1.1209039080620007,22.49280216496005,11.123109660327989,3.6740725512332477
3735,1.1164906543810837,23.701294119221412,11.090351808717593,3.4098893184312473
3736,1.1195469240885105,22.2632638786174,11.908185709566235,3.8859288798153075
3737,1.1199547064284272,22.928802993319632,10.919944481360032,5.686016715946246
3738,1.1241233700131792,23.85176147932687,10.003786742908733,3.8724744418165185
3739,1.1155255854393018,24.32402435107724,11.762036761714247,4.08833298456636
3740,1.119728436509703,23.147308665320686,11.23387064529776,3.8260824208010074
3741,1.120133770555666,22.693247609571298,11.360472548023322,4.080796761851342
3742,1.1220751027445688,21.272631685780226,10.335832223222667,2.676986488979617
3743,1.1161328810453017,22.48616758515662,10.812321028898758,3.3134584178924418
3744,1.1162238844719097,21.218077335382542,11.042945058429142,2.5165840003361963
3745,1.1118381354184292,24.36995550930245,11.065756355811237,7.655376567079246
3746,1.1143325777882969,23.761405447080342,11.416050246825499,3.445528512959302
3747,1.1114234750140506,23.476197702884164,11.022555987035444,2.9718216561362802
3748,1.1118746624749178,21.92099776499268,11.467926995281942,4.35861408246449
3749,1.108264965531015,22.07836875219106,11.259742624164868,2.775716332046975
3750,1.1098541423626316,23.64036055504281,11.116045094542384,5.397986048575362
3751,1.1094786477053962,22.410034501294348,11.56322699600744,2.2270789223465415
3752,1.1108082514420392,22.439051027848155,10.71205225459239,3.002886505564199
3753,1.1069456518362066,22.726293303267504,11.71704098399076,2.7626102964353754
3754,1.1099332320724218,21.304025695722384,11.829092469379,2.2555395161187484
3755,1.1105458032185356,21.95971413223837,11.071626003005509,3.741820611222387
3756,1.112484914912068,21.811714505742195,10.735466971040935,3.7288332522932044
3757,1.112678497640196,22.93123288721791,10.836771381470054,3.3459098190275607
3758,1.1068324931550295,22.30827808454003,12.314333468916384,2.716815350850948
3759,1.110049604139395,21.67150918869197,12.318686711398493,2.3676645931522065
3760,1.1166028818843516,21.022912878309864,10.070990217925543,4.562577672018726
3761,1.112784770869252,20.754270221913963,11.433898829173266,2.865020629807414
3762,1.115320761729207,20.081370570207763,10.883100955358817,2.719909549941663
3763,1.132876761122196,22.483053024750937,11.462788633558597,3.8227630819060447
3800,1.122145100717742,16.301447298179703,9.385341356747649,4.588044968881355
3801,1.1056814773578014,20.479429892479924,10.75228665744095,3.7009208680536814
3802,1.1043850631249712,23.003645870713044,11.26949085051616,2.4819513982711974
3803,1.10882500557604,19.662674973596847,10.256667732817146,2.3239662152189156
3804,1.1051412413193538,22.329300007751613,11.104124058471033,3.325137788266911
3805,1.1081702424932125,19.962126666173326,9.65934258198072,3.0196489464807343
3806,1.1105663260103609,20.983766516026442,10.443854995326323,2.6569147238609103
3807,1.1073785283848456,22.94493020731896,10.5450538090248,2.470325712345501
3808,1.1125624225371429,20.668966230514364,10.159482675162815,2.7378359321651486
3809,1.1059157390069183,23.934139271722774,11.34155903139061,2.3837511392349606
3810,1.1094638204176615,22.24868522252409,11.078682690240239,2.3783204474529125
3811,1.110672661374468,24.06000609149383,11.13740456298523,2.12603320567882
3812,1.1114054782677218,21.430897611422612,10.8636546203409,2.8640680083398187
3813,1.111470810674024,21.656073307724956,11.08799896075351,2.573402414565763
3814,1.1108587005751398,24.130282596359898,10.730051935946188,2.7802492733242623
3815,1.1121927614776788,23.314132800297514,10.654175193029467,3.8001097569056523
3816,1.113059453355509,21.534656953099372,10.804851893947545,3.480859356075715
3817,1.1150715048530744,24.937391111432945,10.509320075650473,6.070236205838897
3818,1.1151714992854787,21.971481799981778,10.403806996711173,3.714193987524431
3819,1.1161248184128547,24.2418680191403,10.792572176450209,3.326002271028017
3820,1.1169359092283686,22.579345855501302,10.582008606126463,2.9242337665343765
3821,1.1232714984936765,20.256790952139674,10.430720653488052,2.9257786013279756
3822,1.1171325405057888,22.3630670957331,10.689948786661445,2.633082811905354
3823,1.1125452134937004,23.527932043146414,11.421651908159069,3.3904120780356797
3824,1.1142259427305545,24.43494417623142,10.925105673544762,5.529438802970474
3825,1.1144980126794246,23.99529992641722,11.205942308504167,2.5335763323868004
3826,1.1153396016554475,23.534770769425446,11.064547882437852,3.649811243521274
3827,1.1183565231876513,24.26870010358425,10.425642845534776,2.914199950128251
3828,1.1169738343084608,22.67950397112456,10.723310607784036,3.067826804989965
3829,1.1116899760981955,24.10251580789091,10.774189564914726,4.386913788140284
3830,1.1176061671234254,24.339575808568974,10.98757743645024,2.5588286653448544
3833,1.1111527636332719,20.697016018653077,10.19071848080276,4.065046556159704
3834,1.1127210393666038,20.60991663759538,10.790599183904954,3.4836318078071513
3835,1.1081660915584,21.95191778759399,10.81642208990932,4.461126897752212
3836,1.1111011237849333,20.529176102811935,11.902164704414755,3.54116472230069
3837,1.1135980936507717,21.108486884921977,10.560435320752347,3.5430269213592185
3838,1.1140445790516105,22.266018634174333,9.989866337247681,2.95571631916529
3839,1.1085743746161065,22.62876504218457,11.167421602540957,3.258946112539955
3840,1.110632381482176,21.737126931098423,10.62771347972394,3.9748587247993816
3841,1.1124589996225764,20.622086150778106,11.177037736433041,3.451589260735184
3842,1.1122681151595375,19.500652867136893,10.135540606237086,3.3731026895929417
3843,1.1059175664123926,21.096612964230793,10.635903105603724,2.426717137956162
3844,1.106122839661025,19.447740009365514,11.018110738057516,2.4957100018250604
3845,1.1012323295460875,23.052717807978418,11.380985794000177,5.469055715674934
3846,1.1055424033028365,22.097894607315858,11.024626894484232,3.5932805347922256
3847,1.105610779974248,21.613952973684125,10.615445024460694,2.6232807358370738
3848,1.1007874720374877,20.384967079901624,11.092772312645826,3.2176401805806654
3849,1.1021445435959973,20.452342497595687,11.264017185708267,2.3184245895091276
3850,1.102572054281362,21.863124187916572,11.485090523745077,3.864898824810231
3851,1.1025738120669193,20.930981081902466,11.466255460564676,2.443715570888229
3852,1.1028624729061358,20.83366264768313,10.624654613848493,2.94125655851962
3853,1.0992903593898775,20.866590814591593,11.292118442077166,2.2357377450663773
3854,1.1017933138177456,19.817428095950508,11.534183390005934,2.411762526267273
3855,1.1024726599605417,20.081711491392344,10.962812569744402,2.9612030199658705
3856,1.101157889590459,20.360777986745976,10.690416779615122,4.857766890240487
3857,1.1047274868018309,21.618867179460466,10.67371182042072,2.799804392487838
3858,1.0987722036756802,20.6429803875574,12.543369172023791,2.058205326875693
3859,1.1005350121038997,20.325106851433947,11.89303237055931,1.8578997359484715
3860,1.1076023905488075,19.611757609174155,9.913811243139316,3.731106499293336
3861,1.1066818220750376,19.046846483403456,11.004489479698037,2.293780122330339
3862,1.108348810969159,18.86447297881015,10.957801698168018,2.844771402938716
3863,1.1219934851726374,21.940494320816416,11.26447613588214,3.9212050082085583
3900,1.1229363460437338,16.49083459163731,9.395690859258636,4.456092610757068
3901,1.105925166621204,20.9091656256142,10.80220003145688,2.860998662813928
3902,1.1042627941470695,23.392158868265874,11.649467410613385,2.5318357666782916
3903,1.104982458831197,20.118677019247034,10.665417063515461,2.746106434254085
3904,1.104318333956206,22.53345080744852,11.10724715341033,3.8700953163304077
3905,1.1111152955253762,20.157818723974927,9.759698823656429,2.914249149072579
3906,1.1083798976262953,21.604888800336116,10.288189765624569,3.1392862201311145
3907,1.1069694746188707,23.718137183386634,10.665932067332497,2.724452172265253
3908,1.110225766391866,21.030155392858624,10.138466707099843,3.402621870518562
3909,1.1049486081899147,24.453690647900203,11.635288700179165,2.822269177381963
3910,1.108339384950333,22.52294273299609,10.874263492688257,2.0327590278446124
3911,1.10944968426917,24.3112365859356,11.284536114234148,2.958547059822671
3912,1.109469773728126,22.181869909978037,10.747856116433505,2.6578558053529893
3913,1.1084547579100057,22.00406448804694,11.207767888963314,2.9161104457753813
3914,1.1093422360876635,24.537415339422257,10.853073680787993,2.4678734018384962
3915,1.10928860964746,24.180750008518356,10.363138258054866,4.670842530296454
3916,1.1133561337186828,22.111014845781895,10.455024492089507,2.9577226943096946
3917,1.1118174782334265,25.596059386498013,10.403940683934074,5.954092822526829
3918,1.113326733693441,22.77631197859701,10.231764061949393,3.28486480758791
3919,1.1147907097053789,24.827482881371495,10.770431576116007,3.065437648783096
3920,1.1130010958934424,22.83657432107964,10.37053246893165,3.53160201026247
3921,1.118532876169601,21.07427464333989,10.871739642148226,3.2258467420856243
3922,1.1154122606365924,22.70462592614245,10.32677276435162,2.923002366334908
3923,1.1110159829379893,23.977884007884303,11.160087531491598,2.997319372343321
3924,1.112527035030133,24.491277043763713,10.794653921645798,5.565023567839175
3925,1.1135962810497937,24.437263925603318,10.806638162653512,2.583601308787363
3926,1.114402107713178,23.57835405663582,10.964436449650952,2.3694365607895467
3927,1.1162653438083097,24.529599337626973,10.520414869950603,3.363818258429318
3928,1.1135057544180318,23.673841746470973,10.777926073723084,2.9311957721027473
3929,1.1097819375365507,24.07062148642168,10.662844920083387,2.779145448779341
3930,1.1150487861638139,24.59718020212386,11.038553097687684,3.234665791153486
3933,1.1111603029071682,20.801223744350445,10.132091980081768,3.947185277283062
3934,1.1100585749412804,21.051252262006148,10.99597050311868,3.290495501747476
3935,1.1059546472005042,22.237430806214057,10.716262445142796,5.19189013451068
3936,1.1105184124430036,20.876955377181762,11.830855031940235,2.240165624368423
3937,1.1090170144039126,21.4643205194079,10.580665289101038,3.8113356674818655
3938,1.1108477216591317,22.838255781968332,9.595154104415988,3.8248848940162126
3939,1.1055334244189132,23.078385527549205,10.940494882819625,4.321812662542567
3940,1.1084233493337718,22.163092993299557,10.561379339617822,2.626161024352988
3941,1.1097957230987654,20.929062087916886,10.775518021852125,2.637199220902991
3942,1.108957495591499,20.043272166951546,10.13294350826619,2.697763259566084
3943,1.1046911093978757,21.34911167866943,10.466624599143323,2.9720003078407937
3944,1.1066031924752053,20.025144804998245,10.953880792118701,2.90718181233765
3945,1.1002581995440297,23.08836071995184,10.739263757013836,6.284614548989369
3946,1.1029093944408472,22.282546932591313,11.263475282225103,3.2423324897886854
3947,1.1013248460704441,22.22926634432736,10.871304147613138,2.998350758461826
3948,1.0997881306672395,20.87292439262209,10.986084346817576,3.337364781738434
3949,1.101555987341301,20.57749577091,11.01338210068974,2.880254445859824
3950,1.1008643534302784,22.427891975590374,11.288621388507718,4.1966604589549235
3951,1.1007047262008611,21.26104323102699,11.13495755250511,1.9787886218811699
3952,1.1000793267429623,21.53400452359189,10.120079689145651,3.4829694386540453
3953,1.0954189686903508,21.409081996335402,11.810133000525273,2.5350141053182784
3954,1.0980780264540413,20.732447821430444,11.683212035637608,2.1035320844953795
3955,1.0991204206569833,21.010435899764005,10.929236448351222,2.6551503545686677
3956,1.1000963673316952,20.92111505937398,10.686617886165656,3.055873408993075
3957,1.1025686025209924,21.832860145003277,10.671340958647932,3.2039806007256755
3958,1.0977379364802458,20.889275744511608,12.493864398731429,3.037272307057373
3959,1.1017704592261557,20.852125846200984,11.943540640000641,2.014289742517678
3960,1.1067850698093498,20.438743621799823,9.9352389274098,3.41716867701396
3961,1.1051663999023038,19.822847115706892,11.335612953150335,3.3667761560276985
3962,1.1057636199164598,19.719834254175833,10.407333301761518,2.736288751068119
3963,1.125149158752848,21.799895860240046,11.526511062681488,3.753326197959643
4000,1.1263423626762707,18.399294102472048,9.122279421553769,5.274802989670045
4001,1.107847509675692,22.39347021102909,11.007918785511185,2.6429581575521723
4002,1.1051270671907372,25.16373908587703,11.517112118972618,3.1164581183809763
4003,1.1092375985324514,21.499675781852492,10.527452459227149,2.867955934251321
4004,1.1071372243404172,24.31739186344435,11.057388505233925,3.8060082549715424
4005,1.1129265563649127,21.24607798658466,9.68674637032091,3.1530621599503945
4006,1.111434541897636,22.921707870762795,10.288097969778043,2.8076761492835143
4007,1.1086579069377518,25.244144815506342,10.566891996817391,3.031347858278543
4008,1.1128259727266387,22.969369173744905,9.991491942111923,3.1462350663865473
4009,1.1082399568812606,25.825245522976576,11.674025903571744,2.4523875836084237
4010,1.1094296614061747,23.78620176644581,10.993178735088343,2.152448556200611
4011,1.1114198055897475,25.94975981456747,10.838958531050544,2.597197521488003
4012,1.1114853997470888,23.13646955675879,10.71896517694462,3.286735302841249
4013,1.1114803360125511,23.485391522415714,11.258118621166908,2.422990074730661
4014,1.1101731676835156,26.176611566032385,11.004365157206513,3.1616430529566784
4015,1.1135175802747228,25.431688667888103,10.20796157377504,3.1005649266212867
4016,1.1133309003309257,23.544347088368706,10.56293916297797,3.118965001660056
4017,1.1129190574782648,26.85425334165332,10.604364837552762,5.306785913839039
4018,1.1129491053302947,24.327567194673765,10.568957648166014,2.6426768649082635
4019,1.1124804141478288,26.418675294791527,10.863003554295737,2.822170274150924
4020,1.1162396934963499,24.084870417609125,10.67239214294609,2.7940632038959654
4021,1.1222764180616884,22.20530054414684,10.642013315077941,2.494796546234371
4022,1.1163625470783338,24.236804225350998,10.249167155922711,2.790709041707298
4023,1.1094453917759914,25.863652143148144,11.253969352878833,2.3193249903760957
4024,1.1121944103022892,26.219856617291388,10.373056100057312,6.418043270495903
4025,1.112661028983096,25.935111356155897,10.92175140440049,2.5371809329510415
4026,1.1149690389770264,25.04699651679098,10.562277371060228,2.1528906730695367
4027,1.117624076098466,26.11398524655964,10.054903995553978,3.5719178815125616
4028,1.1132349272289852,25.20895197413955,10.737874262421531,2.69443337193494
4029,1.109407273603867,26.005796718272368,10.752002324224561,3.2018635488998455
4030,1.1148476307805133,26.200526605670632,11.169567753065698,2.9840561688622107
4033,1.1085059390058278,22.57303198657231,10.480768391393054,4.864866559541738
4034,1.110293500207398,22.610636897581138,10.837044052226453,3.171759374736546
4035,1.1072127786319557,23.482197523379373,10.930203865820946,3.588107264503313
4036,1.1107336491868178,22.33154444476506,11.88295347258589,2.8954596106850667
4037,1.1132307761573843,22.67625930447752,10.444526077977837,4.650772642819389
4038,1.1126959292717244,24.144349345150523,9.858046744933345,2.8442972365788823
4039,1.1053203188474345,24.195650762833356,10.968881420591421,3.5910642034686218
4040,1.109852077965951,23.47298856097108,10.709385843029528,3.448223517565589
4041,1.1117619822869678,22.370857573000958,11.165719754259708,2.9295437523766026
4042,1.1100476081161965,21.68140201392732,10.673079539440762,2.910679447828996
4043,1.1037209937903518,23.31876036224645,10.54381954066972,3.428821345836669
4044,1.1067197596485296,21.14420098735062,11.107929797520372,2.8317829939581802
4045,1.1015248002614355,24.722465433352156,10.637122040533448,3.7040049549625276
4046,1.1026627026330815,24.246470444595293,11.051599500645244,3.060364143615386
4047,1.1013617776968379,23.657615186408375,10.79408361566412,2.4684499810898117
4048,1.1006407910685332,22.132416682496846,11.305892753491815,3.191829617711856
4049,1.1009925534165024,22.30584495445151,11.04296168391741,3.1403328836197493
4050,1.103022591305952,23.82278539793761,10.654210202628978,3.8702475882759555
4051,1.1022920122337323,22.71320099633895,11.194756251568984,2.162971736693855
4052,1.1038198354415685,22.48333111606499,10.243324486443955,2.445814792831695
4053,1.0986923089674794,22.732146452364965,11.780173556834697,2.875109814824944
4054,1.100982766515375,21.847182295309747,11.624124056830118,2.2870716100371693
4055,1.1027986452166312,22.338284618126693,10.865451627423003,2.680584087528353
4056,1.1038605787372766,22.188279076839734,10.70577607410845,3.922778482851635
4057,1.105586051851546,23.418050949399138,10.631140383265734,3.7762476930673277
4058,1.1010145030166767,22.215163516469307,12.665137813789363,2.6346521790049238
4059,1.1041569158659885,21.94470019535058,11.966760196397503,2.1463204536149623
4060,1.109305842695666,21.58773483952882,10.159504513767683,3.257313600500976
4061,1.1068747168724664,21.182395500771904,11.041746279920284,2.464873156916345
4062,1.107091756642499,21.189060605322737,11.129898818748268,2.90854287405076
4063,1.1278027316500643,23.411226720949013,11.735114019935754,2.5118737375996685
4100,1.126944669856102,17.53665478706165,9.556691910128821,5.277838354760728
4101,1.1101306685603836,21.425569593182857,10.71024017364458,3.684008888358391
4102,1.106709024352681,24.331458348615772,11.465950671614484,2.6775470460693027
4103,1.1124941904573897,20.34714200821236,10.083857571345755,2.7774113833988276
4104,1.1089835162495199,23.18859664516709,10.420309989134683,3.03655892284673
4105,1.1153670877403796,20.78403432884761,9.577760321379321,3.060139895521711
4106,1.1146929844635265,22.074003198850537,10.1663927168486,2.7733209638340104
4107,1.1106008150461997,24.2239736332667,10.269564964520546,3.0250701571086833
4108,1.1141960557804464,21.734877745168774,9.955233419061821,3.3522270445439486
4109,1.1101877197387913,24.569920010099807,11.364718384667833,2.3377769705727234
4110,1.1133559141238665,22.996281392841126,10.634722725052344,2.618341320922789
4111,1.1157145119223058,25.002012791809626,10.56044902112386,3.5481591870604037
4112,1.1156611985804572,22.254874536589647,10.041332041782612,2.7321138508899074
4113,1.1144646615615175,22.346357089679383,10.731884367449148,3.1509162447413672
4114,1.1110441955210544,25.23630329424347,10.8625839199878,2.163815190002321
4115,1.1140031623892914,24.30439844526249,10.3734225680671,3.0409328463039595
4116,1.1138718101315965,22.82861582018443,10.377390376634708,2.8395603936420932
4117,1.1149743602015045,26.18422415871047,10.22670085697551,5.150411107141542
4118,1.1131991680730031,23.144879942068965,10.51131339295022,4.339841564337752
4119,1.1160863508940704,25.071464982304725,10.178969573420234,3.1436505261911387
4120,1.1158755856110838,23.32392522642775,10.28744742745524,2.5947086664785735
4121,1.1211630106758173,21.276488401741606,10.573059576895785,4.195768609813607
4122,1.1147267092187862,23.589287834575675,10.52124692030724,3.4869762070808092
4123,1.112250088858497,24.575843206524763,10.943021058433926,2.676321990501498
4124,1.1132658519374075,25.309648527283965,10.71132235280016,5.685482386496981
4125,1.1137799202519933,25.076215285229946,10.555945491620298,3.51632276296314
4126,1.1160560811761184,24.13974715265904,11.138991141445887,2.8932333396761583
4127,1.1185649711318457,25.00308954569601,10.386890202960172,3.3589570015111274
4128,1.1150734292348874,24.31163066887589,10.785400824017405,3.314333139212054
4129,1.1104096189497048,24.66239089358158,10.456635845201696,3.5158294819495524
4130,1.1146649352298907,25.577577960000227,11.28420594934528,2.6470017390116545
4133,1.1103887239636572,21.575482376453778,10.323943085804558,4.21949514573051
4134,1.1106934009586837,21.528065184274908,10.836588194297917,3.103627253884389
4135,1.1082885043159283,22.708924595444355,10.630263944108682,5.692939585227156
4136,1.1113821559263102,21.281506010789613,12.00626656985865,3.1840653883095045
4137,1.1109108769266856,22.20997379697027,10.3755315318222,3.9730104465658664
4138,1.1142530846543228,22.91087938138773,9.775634026008191,3.310517840983792
4139,1.10767211212756,23.849159093281287,10.582480796347353,3.6203843791784673
4140,1.1105919129953248,22.713756781700678,10.970099131401815,4.460487502872724
4141,1.1121982927898566,21.76917537011763,11.005190186478963,3.4827311726050763
4142,1.1115666752222555,20.71785604561327,10.339807961849807,3.0828320053374463
4143,1.1063492634175505,22.272409521011813,10.67086347605981,2.9847880085367575
4144,1.107912582546736,20.22399814084377,11.127756396180128,2.636931732914107
4145,1.102565014061717,23.685802674606713,10.745894314151725,5.339011460990809
4146,1.1040046659434046,22.699871954550048,10.923708810187316,3.2597645648988527
4147,1.1054825919603402,22.741049060371466,10.540664776048414,2.7660712247683494
4148,1.1033041178107768,21.00672331864003,11.37490382184544,3.3827664663408052
4149,1.1045159474454451,20.978617031016114,11.06551587554908,3.373903229264595
4150,1.103551974307325,22.948754725279866,11.03783018724998,5.7828036709315676
4151,1.105785657305777,21.538336686320264,11.062443131913186,2.6918099179586834
4152,1.105082747712152,21.582897677563963,10.58068600873729,2.7289091195138266
4153,1.1018571030299538,21.898877112966076,11.38613204454933,2.9829676397646394
4154,1.1050810716067472,20.85214228862713,11.329703362255483,1.863676558416819
4155,1.1048088799234774,21.568529915072244,10.563842932476819,2.7468490227171003
4156,1.1048488996780557,21.49830677075516,10.735287719993401,3.3988504266302346
4157,1.1067807835155894,22.466781744105447,10.24096260757479,2.913142308179522
4158,1.1001712178635017,21.599246720553843,12.409262198109946,2.251612404866516
4159,1.1051401589986807,21.108467735013146,12.139421962435973,1.645383585272996
4160,1.112222035008003,20.314712338767855,9.601339399157622,3.4381786732472093
4161,1.1114101882781975,20.00147899857438,11.169986605571847,3.8575433306177445
4162,1.111405673129664,20.153340014054844,10.480220014150321,2.787093316515172
4163,1.1294092685967005,22.507962791438878,10.951220435027826,3.249593733005094
4200,1.13988800968703,13.767696430321541,9.389267751306376,6.123318654719751
4201,1.1177032031438494,18.725235460141118,10.440501799318666,4.123864627155192
4202,1.1192873596327648,20.93833990087778,11.31735940588816,3.0799192716961397
4203,1.1225500340169763,17.479578247660687,10.46390326786745,3.2264923918047823
4204,1.1204023352344488,20.448557605264494,10.55787008405995,4.941668091974723
4205,1.1246006216575524,17.877110577937152,9.553303298106357,3.537808042564655
4206,1.122798879407123,19.204088043208777,10.110297362814846,3.0997624603940777
4207,1.1195240178247259,21.76992304760888,10.368615857490154,3.3570375493015763
4208,1.1254258801517265,19.167911063596772,9.789695175774288,3.530194560093381
4209,1.1206534357525635,21.87273845805622,11.20667329702222,3.3024959628096977
4210,1.122248170036732,20.21511739759373,10.995283986251895,2.866812502029349
4211,1.1216688463888231,22.788133772378394,10.84497343962906,2.8303035801911918
4212,1.1229092688701072,20.030775315293013,10.405355540608136,3.514785076342185
4213,1.121484957247938,19.980505238330913,10.98485432045572,2.6595918756928394
4214,1.120868563916941,22.48078001359128,11.187387154268434,3.127490070495866
4215,1.1221797418220953,21.644414783782608,10.616464196462035,3.2860674075263367
4216,1.1214154290810614,19.9113658046634,11.108250012809865,3.1623111373647173
4217,1.1224302284665293,23.241605521068063,10.204421493317774,5.991820106508912
4218,1.1239367846666601,20.311170920000198,10.382789033591003,3.3463295043322203
4219,1.1242455187664004,22.402151344102695,10.713280032103196,2.7281845801190157
4220,1.1236520224669955,20.54949445297805,10.529374933362957,3.807769063511649
4221,1.1273522058118242,18.625746162638666,10.659691448557338,3.4511308606504842
4222,1.12435588227894,20.726993651879255,10.347687883511707,2.556632077391095
4223,1.1199950275139945,21.78321517143762,11.145917564809677,2.7775886527130744
4224,1.1187160026325402,22.619074127243533,10.826711972285247,6.596132297047339
4225,1.1201977568405925,22.31932140634537,10.691669366783197,3.341261750121961
4226,1.122969883090998,21.575744867215796,11.096065930762672,3.125490293187622
4227,1.1285756614461577,22.29516825028511,10.079771503382425,2.349183126361924
4228,1.1230153484492875,21.56830813608118,10.751695395504967,3.7357494220468945
4229,1.1202940936976409,22.143118935856997,10.890521781904923,4.8071525330514735
4230,1.1218935625892172,22.44247168523619,11.20493319462007,2.93668827301241
4233,1.118505165357449,18.83595098361476,10.790642390889522,4.979636578644428
4234,1.1180106352967154,18.698521465603267,10.627687585564269,3.2606060308067053
4235,1.1162899314499612,20.579627366913325,10.694157606767241,5.147485961830157
4236,1.1201448344727358,18.659231517833593,11.739380067417061,2.8109189784456636
4237,1.118418054009647,19.490539055915765,10.82622775317401,4.150254258550944
4238,1.1190345790491316,20.76927115969471,9.875504810763108,3.9945659874358546
4239,1.1161973598779962,20.8498081504128,11.255403932975135,3.768649232971195
4240,1.1188003050521573,19.688341309751493,10.768054077131508,3.8511626710936593
4241,1.1166354721592002,19.166138574157625,11.27296621033892,3.8847714361177847
4242,1.1203808665115114,17.743823125180022,10.26164141543752,3.5473666462732933
4243,1.1141208479333815,19.094898685389794,10.937140194696914,3.726627958882323
4244,1.116921412861841,17.11508943222968,10.891371501745809,2.4164403481608208
4245,1.1112831180244354,20.928359864584795,11.138515786791203,6.2837469525743685
4246,1.110260952061953,20.343530778970923,11.620779350727547,3.236490438821899
4247,1.1123474129783526,19.7680214455991,10.391105268558762,3.3094201080199945
4248,1.111115110158815,18.511010186456645,10.979652688711559,4.242240061691024
4249,1.1139553423534378,18.02816352670284,11.305579229569023,3.202038732214577
4250,1.1131651575219645,20.264249808874816,10.97813698529827,4.969084710063202
4251,1.1126787253324104,18.77866804749696,10.938323743202082,1.91657334936992
4252,1.113099266100862,18.543071037764268,10.330080048531038,2.965744711562594
4253,1.1097673523471905,19.062377077029677,11.797302399080925,2.7994824468626476
4254,1.112553497585431,18.05860958040145,11.75197628241705,2.587889777104741
4255,1.112696482211146,18.425261366616127,10.961424123487054,3.1866405028698193
4256,1.1134321134315022,18.600147572760193,10.466999766082596,3.7778183148630142
4257,1.1189692951562693,19.454123751072565,10.414627904807121,2.4940437283143817
4258,1.11331859300843,18.687381254950612,12.336727989479522,3.223722020040955
4259,1.1141154658716867,17.993521649900277,12.144696324546398,2.4599179402816924
4260,1.122052970259532,17.71114262892594,9.651172629999541,2.818425758001292
4261,1.11724770011352,17.002060426001695,11.276014175283645,4.182690349196054
4262,1.1208940158698772,16.439564082340386,10.31114838463348,2.557812601912394
4263,1.137551885532863,19.022838616890315,11.43359487094881,4.508802797771208
4300,1.1254627044904977,17.998990879916565,9.911825707677309,3.8493174002393027
4301,1.1071830311526618,21.761098470780183,11.03774751115627,2.763262968655403
4302,1.1037424550308623,24.30009658198892,11.793035649718709,1.8196359693518882
4303,1.1061294157638386,20.47437653720515,10.58698482659155,2.48578493285087
4304,1.1032393645290954,23.11656278938372,11.25155730327057,4.177262119475388
4305,1.1082748131802456,20.55978000486108,10.141680805182348,2.114588225991373
4306,1.1074117535431587,22.176955100476935,10.29376283952633,2.9859848095446653
4307,1.1054193511778871,24.196085414172224,11.132168112211076,2.904037322069073
4308,1.109483450645402,21.53889912391624,10.708340785936532,2.5040536087776863
4309,1.1048330484496425,24.83275407064723,11.583869671502615,2.4727678180501855
4310,1.1076116710610326,22.638886078586435,11.119342672972056,2.681990600744028
4311,1.105578170218601,25.31096014641266,11.027183458038559,2.3590329669496284
4312,1.1070764783989286,22.52771889103058,10.918643958414396,3.5535361341295655
4313,1.1057038882903834,22.095321282052765,11.559445968575766,3.369012080706286
4314,1.1037305022312982,25.245822857895522,10.89568707774783,2.357758544726993
4315,1.1035624074300316,24.230800936314942,10.38521280758193,2.6545828731926364
4316,1.103162496640901,22.867483184948114,10.871597338121042,2.5555688150675757
4317,1.108589709131802,25.988189244386902,10.924192701573581,4.4063387272912395
4318,1.1053622798571738,22.961168275800958,10.78613753020531,2.9545876210377315
4319,1.107746701558801,25.093629651421583,11.075594517968389,2.4240596176464027
4320,1.1063367824636992,23.075834237071245,10.953413312809522,2.8763688446656768
4321,1.1106366091463475,21.130132678990943,10.448953719983098,2.3228860528128163
4322,1.108511324756056,23.297091205912896,10.492893404614609,1.7704385951149453
4323,1.104502707802927,24.44754248828625,11.181597258435117,2.094701375485543
4324,1.1042488216450137,24.574188946860748,11.06596256792044,4.458274640081527
4325,1.1041066556894685,25.059054694185406,11.355258816024845,2.432164652322411
4326,1.1077348556173119,24.016034574933407,11.226345459999175,2.310703109878049
4327,1.1087894371161833,25.07148392764582,10.604632932130663,2.520230575268245
4328,1.1058912576943074,24.16596912332346,11.38271810103522,3.1552604560009385
4329,1.1026266879763382,25.079692135400506,10.913691354950462,3.0841652989474686
4330,1.1060168317007362,25.382556136101233,11.219515881205524,2.513268832319935
4333,1.1012365493436256,21.449493125309328,10.781398241993942,4.451132176627902
4334,1.1031073797192472,21.205566496121424,11.095943787711718,3.178787745990194
4335,1.09940813958905,22.589933179071522,10.952387591184015,3.6050893517264972
4336,1.1016559050303139,21.386541732621538,12.010246914082748,2.842865546111451
4337,1.1052858934383112,21.78227446094663,11.070538355134477,3.0472923685414686
4338,1.103902989960115,23.358146586325248,10.136000144187685,3.4224828205201443
4339,1.0995264151761008,23.779030297013545,11.07441569523495,3.330458809879412
4340,1.0992465854507785,22.990581981151063,11.0867148009007,3.197336081056147
4341,1.10150676725978,21.630188102419847,11.514485581424806,2.9340012106547246
4342,1.1054045689785474,20.378659465911163,10.617065352681681,2.7830775746821073
4343,1.0971486637512686,22.09204034039085,11.057786076130075,3.0386518213376363
4344,1.1002740339944195,20.067821640115255,10.981477810366977,2.143940814099839
4345,1.094904194396687,23.742731946816658,11.004671192099126,3.809465471253181
4346,1.0970737346477026,22.55776722477766,11.28669158353052,2.4824412902609536
4347,1.0971715392534092,22.762995889248508,10.866509496275768,2.0187757278015592
4348,1.095490378373158,21.30828651343924,11.514754742751073,3.931605391854572
4349,1.095624752178592,20.84688684462892,11.839860828165813,2.2114370552275053
4350,1.0955482822715927,22.96090202008738,11.324259417922983,3.443946471454757
4351,1.0961119642332624,21.354266222760476,11.675772499880392,1.9491666650991848
4352,1.0979434952456,21.34919357200765,10.94558124071287,2.554213477690015
4353,1.0944271726564716,21.75261383270466,11.695838831697262,2.2781134167022676
4354,1.097961716511679,20.711465152450955,11.893654090673984,2.3594311958753664
4355,1.098123070106,20.944253899293695,11.11062375948059,2.4383807573691008
4356,1.0994793266665601,21.501906092558038,11.05661992971504,3.75605404517728
4357,1.0996967012456034,22.681466626341315,10.686575275873535,2.7991121978932876
4358,1.096038295130518,21.498418237510478,12.66648587632423,3.0372757623219733
4359,1.0991498582971102,21.2331107027668,12.24187890022777,1.8158538808615015
4360,1.104965108348599,20.970234103821483,10.296189906311218,2.702261804796297
4361,1.105197180410068,20.303430428008514,11.729471535384505,2.5660212408178023
4362,1.1062776306973192,20.663519634933373,11.392952964486655,3.26233358371149
4363,1.1257642303258928,22.96844975962055,11.740152891266353,2.8961051612546043
4400,1.1390882681555552,16.38881224231958,9.167786667163424,4.824925591611553
4401,1.1218401795319122,20.390796923273218,10.855557187050975,3.518094996934154
4402,1.1175581513938768,23.37189859940778,11.147401398430393,2.668924981778898
4403,1.1217771329109703,19.754015522465092,10.222079238211933,3.653636064696916
4404,1.120183624693504,22.200672934984468,10.873883892359956,3.4639950970201254
4405,1.1233399246640223,19.76926211222619,9.557409602187787,4.101749613162671
4406,1.122805292891924,21.220827258247066,10.225369544488963,3.6481645867263266
4407,1.1213031458135037,23.530406286719096,10.72474952538795,3.8738183676761877
4408,1.1249629370120435,20.991501127792557,10.1661018675342,4.514438693079483
4409,1.1186642016769008,24.278191972821418,10.983524736360136,3.1909639947330417
4410,1.1199503912590811,22.399123935060075,10.777359594326288,2.5948016581688194
4411,1.121818055819451,24.4132527864291,10.410638662925823,2.6892930122066603
4412,1.121574415058303,21.97523812951436,10.353982537279856,2.4068656144018847
4413,1.120492351857269,21.552572277846885,10.814206734158697,2.941558104840991
4414,1.1180217033578914,24.46040527945586,11.053787851568906,2.5376680408693764
4415,1.1187811521294635,23.616404725526458,10.585688648086926,3.6064113968431397
4416,1.1206933253765166,21.650460534114224,10.13379051531238,2.78052744336969
4417,1.11953836812471,25.474861198589835,10.10373528135721,6.777863062645809
4418,1.1202865594651676,22.375578547044416,10.607728261650122,4.225821305671923
4419,1.121116299405187,24.900527190687235,10.247633373546122,3.2759160986610367
4420,1.1202584307112853,22.64382845346408,10.390092115032244,3.3847689577702305
4421,1.122014761297378,20.81576008809358,10.566430752568113,2.9459589956831955
4422,1.1204045711073198,22.836361382716483,10.758457148625657,3.065748470206971
4423,1.1150137647967928,23.82673943151604,10.838650486884406,2.7979519746898642
4424,1.1160970965781103,24.63329081414595,10.873270879249805,6.754007311784446
4425,1.1167044110695266,24.29519545095537,10.838041781350821,3.5033033269019027
4426,1.1197388498456269,23.38733859224982,10.874867977223255,3.294784266646615
4427,1.1214555313969365,24.24790088329446,10.290125425293537,2.6529641584848593
4428,1.118259701287023,23.51956429570968,10.903694047220396,2.9981498107438265
4429,1.1134489467443338,23.992961632811646,10.858711775268137,3.4905263772235102
4430,1.1185792954980958,24.674367509870997,10.79222619957467,3.168754471826187
4433,1.115485953036986,20.731236673066718,10.197356555204935,3.0450866614529195
4434,1.1159564229145016,20.457053993750385,10.52504802131604,2.4619499718725515
4435,1.1124651616442773,22.141461698127824,10.574397610118586,5.234333589181498
4436,1.1168207523099516,20.269806258893283,11.959077247202174,2.95967005241268
4437,1.114914281705962,21.109579833441522,10.16797029486842,3.159467196502465
4438,1.1161163895309891,22.483358044315885,9.736558556259943,4.04511532252736
4439,1.1108299658626741,22.733299445956625,11.158665035035744,4.453224989070641
4440,1.1130108267806949,21.542948317146312,10.821584526480828,3.6756536446672645
4441,1.1145083450222988,20.619927626240035,11.22529910387605,2.935749520953116
4442,1.1151088206694988,19.536247349689443,10.030031659333872,3.5973600881302716
4443,1.109240294694279,21.538458368527202,10.61712300467383,2.4089171761233357
4444,1.1137011503287606,19.240591103822357,10.776544599139472,3.1522543914179404
4445,1.1067856473046604,23.014873776972085,10.484265488995279,6.842869326024559
4446,1.107646596745692,22.30082966380169,11.210188410923257,3.1109908218828446
4447,1.1087488977952693,22.175478603559675,10.42338289607286,2.806317322101119
4448,1.1076798893311839,20.301780230712072,11.19521119266601,3.6852944077211265
4449,1.1066911717598817,20.355598153421944,11.3225790253096,2.753563311045177
4450,1.1097642054062915,21.84371028801149,10.712831294810119,4.656401205481185
4451,1.1113947420157348,20.75570661102629,10.85822356430842,2.6456866253761957
4452,1.112423811257535,20.71795354964265,10.031080133308135,2.6210754365409006
4453,1.1069888111852426,21.072414483600717,11.596642607137598,2.4746210096573615
4454,1.1112791557569817,20.071391699754813,11.552731115468898,2.0311333564225973
4455,1.1140107691090244,20.477371767300756,10.809262040563352,3.9292984833069107
4456,1.1146270794397783,20.661539516026707,10.512527340284445,3.437218045126144
4457,1.1152345955249703,22.055460710542157,10.51090352528879,4.45130166274308
4458,1.1102942136612077,21.200490672679273,12.188344921670197,3.2834474649227454
4459,1.1121722292032414,20.62710254293801,11.892993265672553,2.6648317647115607
4460,1.1196934045608529,20.053055247122423,9.835200604108177,4.6481031966712365
4461,1.1178148959289465,19.664990050566374,11.128664786556744,3.04879001988149
4462,1.1188491924391049,19.07781675045098,10.576778282475269,3.3925235088361894
4463,1.135098379511412,21.179959523555112,11.19089838511562,4.1217417219950025
4500,1.1427408218893251,14.939152561361439,9.578571602337417,5.912398804725962
4501,1.1248341124031425,19.156138263838358,10.447720367124804,3.967266745002771
4502,1.1219760135544887,22.1197858415071,10.991576958870859,2.8617991717922706
4503,1.1252273839084883,18.57799723686955,10.165827303659787,3.7980755542104125
4504,1.1247879872666133,20.9051026025974,10.56727761136732,4.895111731456005
4505,1.1269469708168358,18.75624890735672,9.676920001621868,4.238575363961877
4506,1.126285115456772,20.138097294229084,10.392779259214143,3.6038780488840603
4507,1.127160226354744,22.043554598942098,10.243684896190045,3.1842719748953816
4508,1.1268739573029976,19.793349714212148,9.822633335674709,3.3687706407679996
4509,1.1213112952908169,23.005855964026484,11.122075725248564,3.1415410964102284
4510,1.1245522687447025,20.936859915483282,10.756449013175574,2.668310104289319
4511,1.123264066543896,23.105055131781064,10.730055417487133,3.054741656912625
4512,1.1227709366945886,20.95202841513779,10.47429979074983,3.0549879969991585
4513,1.1207114927750714,20.704367910833245,10.820331076842317,2.7615449805847714
4514,1.1201993592787707,22.835046011097706,10.48263903643887,2.1527893343502664
4515,1.120841160278917,22.151526716415674,10.485018064933245,2.9890342033193926
4516,1.1194606240181786,20.833215863165805,10.319386048030527,3.8461131611474526
4517,1.1221662738671434,23.823020694897664,10.290309759924495,5.314661867705974
4518,1.121290126515186,21.106166967029502,10.289427535149006,2.7407048942182155
4519,1.1213396569271055,23.046798391675317,10.41937184049259,2.8049022143636226
4520,1.1208029176806718,21.15754624566932,10.666411453938238,2.7670809959644047
4521,1.1245430504324643,19.271163759073158,10.54171961384222,2.8899650401980628
4522,1.1223141316670735,21.0564990642042,10.187969476661323,3.013716682487757
4523,1.1194767096539766,22.185139591374014,10.861089429361677,2.917254595436578
4524,1.1182532033291452,22.97359059646933,10.925175238214145,6.325523456957405
4525,1.1194576814548298,22.86070360611971,10.704339825121826,3.7787086123734723
4526,1.1182407327235526,22.248999079838097,10.965987069675935,2.72564235783225
4527,1.125257226242884,22.421290931095815,10.267509492357842,2.843603452018269
4528,1.1197396731412834,22.103035320991896,11.207435064015192,3.3223372665456985
4529,1.1146264629945317,23.173898398894064,10.133329611375178,4.5231258039273445
4530,1.1189352763259983,23.36014657620484,11.003281802622537,2.7953060248687844
4533,1.1150586632150683,19.584600704479815,10.527039043787257,5.15051078493808
4534,1.1176276835927406,19.127279787447925,10.643030808675427,3.883730114296919
4535,1.1127136134647302,20.682543813716322,10.919135100871243,6.159389059285378
4536,1.1158007687476645,19.311567203094764,12.27167461766635,3.2734296626322865
4537,1.1163278234780964,19.94103488513413,10.566199704749726,5.374288796527027
4538,1.117772850157707,21.025752045712157,9.74587523986086,3.6373905508888105
4539,1.1121638585932045,21.28638034314878,10.916722170259366,5.113802939666513
4540,1.1159368144349702,20.558204386815447,10.91964715849842,3.705197295265069
4541,1.1153689062842564,19.727866068080175,11.223676245315657,2.914231193809962
4542,1.116535887285474,18.7251333829796,9.943742760703527,3.658744508557657
4543,1.112454559576638,19.811799578669618,10.48541140955609,2.826134338052004
4544,1.1163225365268468,17.99612110537523,10.702329509661746,2.5326750471426913
4545,1.1083793129956132,21.348845754392315,10.38718176942414,4.510519078052659
4546,1.1124276435085536,20.521480848414697,11.093904234489928,3.545337578649629
4547,1.1119348980158663,20.496321921114706,10.49335071502613,2.789660997072172
4548,1.1113985599840546,19.039185527949186,10.982032075102657,3.603496953523562
4549,1.1114513085375333,18.488426398779033,10.95872604870263,2.1340604142408375
4550,1.1107708191553547,20.83069716735981,10.927640765055957,4.892009645873911
4551,1.113825401618797,19.61934544624679,10.80294312119119,1.903996975523916
4552,1.1143964286649868,19.59898143077975,10.338311574209312,3.082053757660256
4553,1.11216461871598,19.892185233316024,10.962737254200292,3.5746844151223467
4554,1.1170255426212656,18.788537803025722,11.512875084685176,2.5759157408038944
4555,1.1167755300974276,19.041846817809922,10.72802927681508,2.41007653200995
4556,1.1150663522313329,19.48067996543639,10.487620649510884,3.6466832857020393
4557,1.1203947480308503,20.360610938712224,10.481318992361135,3.799190120353398
4558,1.1140742626324682,19.42318073864055,12.15820070699818,2.86181901580607
4559,1.118318443396404,19.352094144149305,11.587823644482308,3.102985439817935
4560,1.1244202288313865,18.37330251340544,9.75301693282939,3.8780871289597063
4561,1.121789118189134,17.923703164456672,10.931901819663532,3.21282711576516
4562,1.1246295697499396,17.653300065413738,10.703799229702868,3.4959357733434917
4563,1.140665312984711,19.70740932577346,11.028349386924159,4.700375792043607
4600,1.1505139909215754,13.89112068008879,8.910374761872786,5.991911038263849
4601,1.1308946963520479,18.895344261232975,10.324337205518628,4.424002425929881
4602,1.130890174131859,21.369282696255063,10.852274405556159,3.4112850601838116
4603,1.1322992777436376,18.050203552263483,10.657345147616248,3.6347689887607753
4604,1.1331284705963667,20.495406217243755,10.884461160163482,4.332130481820654
4605,1.1351254115556004,18.076587693372794,9.707555846032182,3.8349344884771637
4606,1.1312401045832885,20.022963835974792,9.946378208144385,3.7091806082661947
4607,1.1297937925688084,21.97352746079345,10.628097368930936,3.589130322728326
4608,1.1335332255434523,19.512514029567765,10.107664768035601,3.944230421948346
4609,1.1268274626063037,22.535703290060763,11.229030241646669,2.6877006336502434
4610,1.1288396602467703,20.488971297339763,10.72868912018345,3.160801069193202
4611,1.1296471213677968,22.764436347691014,10.95892348517661,3.2045227472753837
4612,1.1298956443568349,20.283066249187577,10.128341061504377,2.498996011540193
4613,1.1281448371418024,20.147690864145428,10.930720701121098,3.103076546613728
4614,1.1267608691742412,22.54661915225747,10.829011455425604,2.3516742734989764
4615,1.128024892892816,21.73479498595195,10.391378861582313,3.7490075616930087
4616,1.125064454099946,20.183607979314225,10.617856424669647,2.8342646046740914
4617,1.1264191057838155,23.605577198038503,10.223153358475956,5.5487567328112215
4618,1.1251692748905002,20.715322881304733,10.307818152031487,4.141340768831316
4619,1.1267191687905047,22.889281023760226,10.739946381504154,2.905520277722235
4620,1.1250827117121565,20.884280939710266,10.582701811013747,3.075065225501713
4621,1.130590143227412,18.897919619950958,10.512535551287739,3.3986301595234516
4622,1.125811835423836,20.73074349391669,10.143217575229057,2.4886137192805906
4623,1.1216851362635627,21.850234052288606,11.121799759020883,2.484112596393898
4624,1.1208267612627385,22.78998294477766,10.642418846573872,8.751382302820748
4625,1.1232989217770972,22.41344293525852,11.114407453754701,3.979727165241923
4626,1.1254131539999177,21.614822334199012,10.855035241795017,2.739753185459333
4627,1.1276804280932151,22.666106771865355,10.379754054839545,2.980881771432796
4628,1.1231436336399843,21.947327953081395,10.652593982005321,3.517682891393048
4629,1.1176575851310795,22.48965662257831,10.69320533537647,3.6253078592970405
4630,1.1237294501905173,22.6033001152752,11.12791520103407,3.158391269881808
4633,1.1203329038028742,19.373072952148632,10.367779529058092,5.0600353220196235
4634,1.1211797054018278,18.733529586274702,10.238584507369112,3.7287588946869636
4635,1.117165431626974,20.299026304890955,10.74172764549794,4.800541861093813
4636,1.1213341300671673,18.91024604873963,12.007343481713548,2.678572728332595
4637,1.1224161039287783,19.09152330541731,10.275285926789005,3.0875499948914276
4638,1.1227178576642707,20.575193929885682,9.780959280995582,4.1645316017996565
4639,1.1172270966960238,20.44320946080896,10.995497232158373,4.461614035702564
4640,1.1183930997946636,19.88167262353057,10.887156384440623,3.3126892954813263
4641,1.1216937074637785,18.888863481060692,11.132911147112397,2.6502918863965514
4642,1.1212562047458983,18.356311677306426,10.37751962031316,4.09951104220215
4643,1.1158947446328153,19.439951436939467,10.741308954907772,3.516152008721666
4644,1.1193759606454678,17.534191856367677,10.734764522128476,2.649727269713854
4645,1.1125796632887515,20.997841159911346,10.761252470737666,4.764885170481981
4646,1.1149650914466975,19.969069583973102,11.244244765864634,4.090950469049926
4647,1.116583509633979,20.151321852240457,10.370776869542059,2.828277596198047
4648,1.1148728943339783,18.507822296408232,11.085773110268194,4.115645030020602
4649,1.117470113793817,18.210121145815947,11.21522158322987,3.0875411942955195
4650,1.1170801049420718,20.023868305223694,10.872189185417081,4.192893868633212
4651,1.1194046581330552,18.914636003313866,11.073038764356891,2.3422613076150514
4652,1.1209197328643594,18.794298899001493,10.15753075801128,3.4163656582685222
4653,1.1165748525208823,19.42151706951128,11.40586490596823,2.9105637744155977
4654,1.1208602098754168,18.320632382389874,11.110597890509469,2.449924262531356
4655,1.1239929567380285,18.599225673394454,10.669449942170061,2.4736974675718315
4656,1.1222989290789247,18.83283008870896,10.373616720909348,3.605865258615717
4657,1.1250644683067017,20.194078918012483,10.485705529171732,3.7971044476403213
4658,1.1192466247217232,19.176495171862662,12.396151678893307,3.0320274442665855
4659,1.1226137170287722,18.850860043841262,11.675021889931534,2.4157367534391536
4660,1.1294701852135525,18.01405092183698,9.626480929065876,4.217147623378626
4661,1.1288848360644526,17.455721617406226,10.913331642939283,3.226937343297863
4662,1.128222563660009,17.02970589225894,10.533418337015314,4.011562221799638
4663,1.1464344060252696,18.760852168266023,11.606786640943033,4.28371023572218
4700,1.144488272231954,15.247495516372355,8.787768792636733,5.123821679406323
4701,1.1273551076892214,19.674924232766337,10.190648811758761,3.4503069965830644
4702,1.1236054248575227,22.55178609995731,10.896583327408944,3.0553069536548922
4703,1.1306487378760262,18.887225518944238,9.658599258575343,3.7714662160345034
4704,1.124204258093757,21.86415184925599,10.672719836294641,5.197980521399337
4705,1.132023839000131,18.964585981533787,9.051462509031515,3.8224190468979864
4706,1.1283459509723879,20.461539309497194,10.072865125929294,4.501335115709918
4707,1.1249248834100918,22.475478646199242,10.426866640946832,4.660472673581064
4708,1.1288782414051333,20.085466143733573,9.904759305726893,2.97635706380164
4709,1.1205257746266344,23.21170383699419,11.207696133122372,3.282989182057966
4710,1.1249063444920049,21.409050563983723,10.679411029956869,3.1379984753837658
4711,1.1226251097284938,23.469326200640253,10.725374881177578,2.997102990871457
4712,1.123341720017596,20.806794988812275,10.529657924001354,3.07254535835943
4713,1.1206061895340365,20.956228030182103,11.11482767374262,2.952615391150003
4714,1.1189145720888956,23.669057638086493,10.647625226311089,3.5656763511128666
4715,1.1211830307572845,22.711922522797053,10.313567096590203,3.6274414279815845
4716,1.1207135259181937,20.505007014419444,10.119627302372903,3.629195000125855
4717,1.120981388273327,24.417438673577625,10.438445981948547,5.3757661790792515
4718,1.120909518162492,21.399123622547144,10.042135171000472,3.8134580924020347
4719,1.1188641665260959,23.674011640084007,10.472245759577392,2.822028703482826
4720,1.119376497383102,21.66510084761591,10.378090945082661,3.2471382818876826
4721,1.122875444211271,19.513056724360947,10.237589194012491,2.5875197189656913
4722,1.120334318913405,21.48597585720055,10.060148865031705,3.506588041751939
4723,1.1155273139161546,22.49519088670889,11.001385768859102,2.694527338916218
4724,1.1135885505194856,23.947659508751308,10.637476839409192,7.8234255717524235
4725,1.1124906701808923,23.593183562916177,11.040495472745512,3.703568097704394
4726,1.1157473889650373,22.65827176620635,10.618393313775291,3.040299328177189
4727,1.1203339723053276,23.23422295620863,10.48962160416399,2.9218014257283156
4728,1.1169517486093403,22.333701242303015,10.565546905325768,2.765111988238766
4729,1.1125793102107273,23.01194029477393,10.372009912610743,3.9455087789855208
4730,1.1155977376566695,23.672167487891898,10.971557842636518,2.542384607144803
4733,1.1103088926735865,19.518854912738778,10.105808126245973,4.712325132953498
4734,1.111761709055106,19.802133941360996,10.824422102119629,3.5043429454286463
4735,1.1104665047832407,21.121915408332484,10.61045812990862,5.96007479322935
4736,1.1105499152897005,20.048836706087165,11.94249386333067,2.8516319276242776
4737,1.1124356798239352,20.579300083903455,10.111124895297737,3.84559469600756
4738,1.1140950476005786,21.40533788860493,9.833307201041947,3.6232192726883476
4739,1.1105126539795482,21.711091484572826,11.034980126441264,3.4721795345717945
4740,1.114454566654814,20.364783200075863,10.507250032250774,3.5106996874170324
4741,1.1169760741530301,19.74703063660195,11.219286131485138,3.994828026758088
4742,1.115607120924915,18.773861182285795,10.16501607838656,3.4577191710919903
4743,1.1100777311245569,20.036936895102357,10.285416108178486,3.3386038230474524
4744,1.1117995559624134,18.565314992857093,10.579114046220184,2.3809483917791674
4745,1.108181015500248,21.828492738290308,10.728668583519584,5.489039751236296
4746,1.1092756379753388,21.24769537740431,11.01059182699167,3.679771227598877
4747,1.1101162476112476,20.94206613158156,10.474070403783445,2.721827141879642
4748,1.109804318433243,19.54827443768154,10.981960194036134,3.6723394888955596
4749,1.110718406515435,19.01344006686736,11.018153769092475,3.421446106420672
4750,1.1101926262415232,21.08897525252803,10.967882523725946,5.321614772271329
4751,1.1131007042050267,19.80210962044703,11.242580244975882,2.285032373851111
4752,1.116038015070208,19.671146172494772,10.280157536945127,3.162570157131801
4753,1.1127448986005355,20.542257925391556,11.023805017002108,2.7511214514437228
4754,1.117559834703285,18.78150197569324,11.67478859213091,2.9179180608886943
4755,1.1175469054069633,19.557619569576563,10.792874677552478,4.053352241431086
4756,1.1191627390167065,19.416777946842558,10.226000269796915,4.606247983073733
4757,1.119517875700695,20.997701058629136,10.275252190442732,3.5491143941264776
4758,1.1155203575119923,19.836717838354744,12.037021619299868,3.493478597864651
4759,1.1193627117029645,19.26791390144856,11.67777318371083,2.7908751958473292
4760,1.1266695218653464,18.896041890434528,9.87327677958482,3.268236593851928
4761,1.123134369397726,18.70214929954464,10.612427458904236,3.145673375790699
4762,1.1248301459360608,17.835249182809896,10.288615150427496,3.4990640806743083
4763,1.1444885295176537,20.230219508443927,10.872144980401641,4.357120687561299
4800,1.1463552208808767,18.526803831136892,9.46583267971976,5.108382991686512
4801,1.129823849992704,22.18794453883692,10.554755546067087,4.013788974163731
4802,1.1294401914329875,24.8578367280395,10.959085539830278,2.6299766793653405
4803,1.133308327483585,21.508450100594487,10.26153509579508,3.4069180394090046
4804,1.1283699028266712,24.845231976779377,10.745735444390371,4.219994064347855
4805,1.134995703208742,21.805431522237395,9.507763092194313,4.923750286662124
4806,1.1319970388782101,23.215433372072244,10.236035932345825,3.898341966329456
4807,1.128559025696182,25.16745542126103,10.605305383780356,3.6330325694424346
4808,1.1308479841019088,22.918306339708938,9.853327893741652,4.216659303122799
4809,1.1268691749375466,25.626611099341748,11.440029249387946,2.494208201338904
4810,1.125862030593756,24.479029945704717,10.618149749911497,3.4586992100856264
4811,1.1273597501824846,26.4635872839886,10.790899031392717,3.0653778533286657
4812,1.1268451280373488,23.664552255132616,10.213576921127581,3.7749321290282793
4813,1.12393561490603,23.79245583431075,10.963425431869709,3.8087572090344906
4814,1.1212745518669365,26.304401149605418,10.811894944696915,3.300451921385727
4815,1.1223808457803788,25.72604574857731,10.535810353656235,2.983512432730877
4816,1.1232084654664105,23.901871814938183,10.52000791267806,2.7714674153189645
4817,1.121095642442363,27.52870693677125,10.30561156219255,5.863189362841931
4818,1.1204641460143807,24.553096844472968,9.853226640340317,3.0748529763351073
4819,1.1194373373221655,26.68095963344679,10.819758750935772,3.989702754424968
4820,1.1191243862331135,24.34229582607092,10.318441216225278,3.0349494762033404
4821,1.1227344238975692,22.533732246228887,10.57813099126331,3.734855921509704
4822,1.1189991762930496,24.734553158008605,10.62491204741598,3.2790775070163862
4823,1.116565578828819,25.372357870938302,11.189103466235975,3.756247534445812
4824,1.114747355554236,26.172673793467876,10.703716370254577,6.494272700272673
4825,1.1155136278700735,26.09021346282096,11.143305974741699,4.2426666129077955
4826,1.118139768605219,24.749146504506257,10.842979753453454,2.6393659506587253
4827,1.1205373696217975,25.892645722015974,10.219188735438284,2.5631998951051034
4828,1.1156808394873732,24.815028526616665,10.562102721185392,3.361202807828088
4829,1.1134487027836653,25.75519934245229,10.5350664187323,4.239688246063489
4830,1.118102369605904,26.156135728454963,11.258771266691197,2.8582152876277034
4833,1.1111096600298374,22.318101665614993,10.257738748906993,4.095794271499394
4834,1.1146411123848583,22.238110775265838,10.265454055113702,2.537572559844757
4835,1.109233720117217,23.827441705333058,10.91480475003125,3.813395071850582
4836,1.1144769700148136,22.17564311648282,12.011829623464504,2.2121437197383975
4837,1.1146974687668505,22.832726818422625,10.330321809322477,4.416487642847703
4838,1.1182258862641616,24.065336702669647,9.814862270954464,3.9447041359202784
4839,1.110118641198573,24.412836067065562,11.104656995557251,3.7213410474144224
4840,1.112404918677565,23.6369047265699,10.7276833642449,4.052183118192054
4841,1.1161522607079204,22.668014769985945,11.436421275390359,3.3004912117002045
4842,1.1144682949237217,21.684772570237687,9.90696425574661,3.042432093486333
4843,1.111194584008305,22.938424873206248,10.586650584816772,3.6433645249934563
4844,1.1148511469772893,20.873519936869002,11.064484020659327,2.456731966314368
4845,1.1109828066174414,24.50187197247332,10.494740073219276,6.605939123664361
4846,1.1115751158018292,23.649637033294507,11.035895758174556,4.874742635969761
4847,1.1131019948784613,23.420505550514104,10.263959130412438,3.374818674788229
4848,1.1095626449920764,22.206536597563044,11.08085997516952,3.59191032115088
4849,1.1133734134051698,22.017507266113547,11.105042149717677,2.508719290344079
4850,1.1131007194802145,23.50617237235196,10.938495896133617,4.144746655422019
4851,1.1165113759509235,22.548933775556886,11.152226442814772,1.9769603398598952
4852,1.1174327885392075,22.701059981534186,10.480379908711722,3.5935496374450517
4853,1.1150150716679392,23.03858513328291,11.30183961122002,3.1136375165862953
4854,1.1181748606017434,21.822141598904295,11.592708073194464,2.500663002157287
4855,1.1231910002007999,22.437320223475993,10.49438889651162,3.5894743960550426
4856,1.1231719467342922,22.28722386877452,10.571002917099952,4.105325187239053
4857,1.1239299538333982,23.516694139352694,10.436719199887673,3.8970294536271344
4858,1.118297519100903,22.993648700456628,12.13222292597936,3.0705787154259783
4859,1.1227194710215296,22.386615473554556,11.471079866715389,2.568038363074457
4860,1.1287917925887394,21.853458637550176,9.567428353405905,4.880616924281457
4861,1.1266931814304222,21.157509593294705,10.976474357072581,4.005756566737054
4862,1.1296779385487847,20.44240451842862,10.340580126525426,3.9481840631427256
4863,1.1449665651105774,23.447869795736597,11.487682053563093,4.405525099459106
4900,1.153517990475373,15.467878140672772,8.870641888532875,7.605081722038136
4901,1.1327893232760662,20.824262283697884,10.319911137588697,4.202532968308381
4902,1.1352560047626727,23.48637149214947,10.98771945624021,3.3274697825073996
4903,1.1381821874817306,20.16744172452243,10.496590970774447,4.429514407509494
4904,1.1359511026339437,23.072759819820536,10.369792498243475,5.811086001812695
4905,1.1375897054482687,20.61602328724019,10.21922898660502,4.180552139466157
4906,1.1362310068760895,21.532660930039867,10.678246837277404,3.6327098573325465
4907,1.1329911809671978,23.861715189741982,10.911777871936241,4.346957736449734
4908,1.1349085742038652,21.410862607002695,9.912243327485642,3.475820298836493
4909,1.1286332653725673,24.64834779112564,11.241898965224022,3.093569198257328
4910,1.1306170238879394,22.879094283046268,10.818435863739888,3.060748224095568
4911,1.1291181970390876,25.121098088037193,10.943670245370024,3.6415656398767187
4912,1.1310230831023076,22.360393491180666,10.583251021952822,3.5772680448022194
4913,1.1270478376496917,22.41922069270127,11.369574564137672,4.1921066882609
4914,1.126471974675352,25.10468045873556,11.004854717418805,3.256799700148615
4915,1.127452413088925,24.1018115541999,10.656286135496835,4.007069516168382
4916,1.1251009051002236,22.33756631497384,10.765334260745279,3.398059657399997
4917,1.124169716586588,25.984348341950852,10.604258117225445,7.795058277826646
4918,1.1223670241131745,22.69535928815665,10.026384829288626,3.329307916568712
4919,1.1249649898625078,24.290578390093007,10.56710566834681,2.835976092445562
4920,1.12018190062082,22.93328436710334,10.610519469145336,2.616273060602084
4921,1.1251360260065881,20.887635813270478,10.305308493951042,3.742348667165994
4922,1.1208758695179688,22.684887418056658,10.654217308365798,2.2166113305157387
4923,1.1164921365591005,23.919119152393737,11.003744633053179,2.7243049439219216
4924,1.1185784757652935,24.49807406192688,10.635844258536018,6.2263487127619666
4925,1.1153335206103447,24.768176864166424,11.112742044892228,3.1012311070567495
4926,1.120558825204177,23.391909385912196,10.939297403743476,2.211814843713674
4927,1.1214470107371115,24.22863218773199,10.996647726485575,2.556133297187023
4928,1.1194032205102364,23.212629614774357,10.94449825337374,2.6648507951396336
4929,1.1147353468173715,24.213273439325295,10.637131753474254,4.486208108146322
4930,1.1167858005605442,24.865363279366242,11.13237251873473,2.1369165049021723
4933,1.1141663362520904,21.249358353719884,10.431439087571936,4.541317775610509
4934,1.1149644012076596,20.707918105474732,10.82347238010036,3.2676509607828246
4935,1.113553160143185,21.951160783478468,10.93068680273064,4.727028789698035
4936,1.1162018208367606,20.743853594183538,12.136283582792467,2.061240727457372
4937,1.1182775488042136,21.52251958844554,10.469249002680597,4.133929472036887
4938,1.1188331532427496,22.433546894276937,9.769737807704018,3.2070503774699866
4939,1.111660023278242,22.80776661701546,11.273421192845424,3.6129917341912337
4940,1.1160274200206939,21.74648529631101,10.768431409303986,2.9695552827517773
4941,1.118621602596291,20.94957107693601,11.060191663131778,3.3604282142901956
4942,1.1190228544599417,20.067629008201962,10.008088267015196,2.9839635841438805
4943,1.1139036878511042,21.39062362073221,10.91553505746377,4.126702423865211
4944,1.1156254223286026,19.679097836872888,11.143387983822105,2.759857727912447
4945,1.1135983219830097,22.940602170845935,10.940368865610724,4.936129464360937
4946,1.1170224886526943,22.397675799665393,11.03508750622786,4.12111681213455
4947,1.1183992523073076,21.908432877236873,10.48768944936075,3.2086351830487274
4948,1.1164349930854434,20.814729205765328,11.226395793144256,3.6604577423561184
4949,1.115846718501862,20.357887541454033,11.106272133196605,2.854651815847263
4950,1.1193743666268885,21.746474959961954,10.875244197334796,4.923188377035327
4951,1.1193554304237312,20.819701523611332,11.363205038960105,2.7511379314980786
4952,1.122453479648671,20.626146973565927,10.175234568824713,3.9153274589468667
4953,1.117891191432234,21.448702069212718,11.443658267871683,2.4841201348633635
4954,1.1205375347015667,20.41691378666455,11.957420376355286,2.238333604017182
4955,1.1256016345571629,20.827828735798608,10.783683092813204,3.343498890467306
4956,1.1267083157296482,20.920570243666656,10.558777207045893,5.082230568041977
4957,1.1300649524842223,21.905938598787703,10.417361896682783,3.673893285535366
4958,1.1225324465606403,21.231238927333738,12.127743169572176,2.966572127667935
4959,1.1263940654345117,20.641099547231544,11.853894363344459,2.828635214061722
4960,1.1343503636965313,20.265762418743627,9.623336459907533,4.87916389877572
4961,1.1313126828779994,19.59546159536253,10.70854607321835,3.4591653642284808
4962,1.1334951024586306,18.759781750212326,10.110509971352085,3.7781483743474595
4963,1.1512141247110528,20.610327214317607,11.186343425777842,4.805738363518987
5000,1.1475277607382206,17.35001436168674,9.994672781987221,4.2587519856601315
5001,1.1263110505202314,22.44556031196503,11.039344686394216,3.6489991761817735
5002,1.1303349896867239,25.267804818452213,11.155791878667548,3.173912605661928
5003,1.130545641951601,22.448161995518937,10.634193029622235,5.063293560323405
5004,1.1265266600345563,24.369532102844204,11.057528250649664,5.018861913449289
5005,1.1300216569768875,21.24031451317609,10.259675537591004,4.264825371135864
5006,1.1257814173093692,23.039481601222192,10.208340828318446,3.4386885914385754
5007,1.1224873361290024,25.054042326829716,10.932890204324375,3.37157206209306
5008,1.1286026523710553,22.38564180351215,10.221682307870235,4.084730674892101
5009,1.1204826207022993,25.552261321527766,11.526351792174223,3.2665319521067318
5010,1.1223652414809986,23.95291544337624,11.008682318192129,4.324858507224113
5011,1.1212041410636473,25.955049691090117,10.868655892073967,3.4753285015928457
5012,1.1223586170016853,22.83427106135074,10.423593324936114,4.102778825828559
5013,1.119204286128008,23.263106220695203,10.883183457578067,3.49839509565632
5014,1.1180617293587536,25.44577172363584,11.314839670954607,3.671802283760673
5015,1.115991013345064,24.993960106386858,10.915899151471795,3.7825171846412995
5016,1.1161040067073906,23.47014382896825,10.66618954843261,3.360669849897059
5017,1.1146104068661369,26.719764326103515,10.784469020442746,5.25697829274821
5018,1.1142801765221608,23.81728259208533,10.527029646602612,3.43859764600302
5019,1.1146793807965902,25.758482553874206,11.123251119911492,3.0694207070912323
5020,1.1140212787622663,23.790246572193006,10.5264327179714,2.556553741463798
5021,1.1155955203077208,21.776800918107725,10.638966260950525,2.545184281269609
5022,1.110604326708578,24.170355872554982,11.02034052369524,3.3512289529008803
5023,1.1085032405385908,24.56658654145854,11.41113883339751,2.2148913270319905
5024,1.109179938652341,25.54793020592143,10.671660951283496,4.6705929131044375
5025,1.1080298472999202,25.38761098683251,11.45790157446395,3.0214231317403395
5026,1.1086877417101115,24.564215447303752,11.408967243178006,2.0685776686206374
5027,1.1113677102437982,25.567914007747298,11.475219238475393,2.7850957871203748
5028,1.1087295773487553,24.424478326795768,11.409047468673549,3.0222020934646903
5029,1.105118571584887,25.1029594148814,10.667363663744624,3.163080074601542
5030,1.1102320818308233,25.774547111737448,11.062793944366192,2.164482560869322
5033,1.105476240438022,21.81778527515797,10.757674076519212,3.8140277896865564
5034,1.106869552251822,22.047863234983254,10.951161156712162,3.416895631282223
5035,1.1054742801393054,23.048384017763656,11.12964612238312,4.637363788200834
5036,1.1069066985697524,21.79708898071625,12.047548161286475,3.0807622482869768
5037,1.1082317283520706,22.54262753470508,10.567911964292882,3.0269724130577265
5038,1.1100809836493237,23.56600274880704,9.915582746417138,3.747324870254107
5039,1.104598673161961,23.983159383065434,11.068448564094085,2.9995728848948415
5040,1.1079492370962414,22.706537921290607,10.987154740744014,2.9151550241569217
5041,1.1115937010120216,21.757461600843286,11.70833625909866,3.597120132173731
5042,1.1118789546105439,20.862159969547257,10.335431445328817,3.2185962572512854
5043,1.1060605922594189,22.542919303883405,10.790483914321849,2.732427001004038
5044,1.1110663905624485,20.518548492039255,10.761007221321155,2.934232696198423
5045,1.1060039910625006,24.465728785997072,10.934506485730674,3.1597208182962797
5046,1.106350436985913,23.359604577183575,11.478035309917727,3.884906427113747
5047,1.1104492686413334,22.64679747563422,10.497820979305782,3.419913768368368
5048,1.1086521866080332,21.702083398487137,11.22085509042685,4.096632242466391
5049,1.1072991817798712,21.797993152381057,11.365936587080002,2.469679940370647
5050,1.109263535214845,23.17003988503495,10.962498402271207,3.9400536436559803
5051,1.1130378360756066,22.136813661969022,11.093496425812175,2.683491553250716
5052,1.1148728519068387,21.9751633106346,10.4388705852045,3.7090238369886626
5053,1.1119634694402534,22.467586006371686,11.70312633940454,3.024307195242124
5054,1.1153506521800958,21.666558232540183,11.75736125342554,2.6309452036872365
5055,1.1196885432975334,21.69253585594644,10.997706696068159,3.3857291415403434
5056,1.1204738986575546,21.835947822894408,10.51700568430808,3.777201727634171
5057,1.1236368520830167,22.846927780344476,10.578659820313293,3.5301410579621426
5058,1.1153131647842587,22.51040264732167,12.455179638863124,3.0834818010646043
5059,1.121473706173635,21.64340797925356,12.057233790057802,2.9225992024429344
5060,1.1267069628376423,21.177039214104163,10.025658734443535,4.566752721757168
5061,1.125601851766901,20.915452974750004,11.286450027692664,3.6806871117679814
5062,1.1271406732803428,20.857453883290557,10.918505567538567,3.6495027775362714
5063,1.147002635024053,23.117052357865685,11.51612905782359,3.534234761818718
5100,1.1584524078324314,14.612997093423747,9.511574181039588,6.606563559755666
5101,1.1462939364813454,20.998988012506533,11.47389053029729,4.932222735378206
5102,1.156123238951419,25.324015526193214,12.084031753001835,4.188673541823171
5103,1.1546633656391903,20.271640937089717,10.986140251453724,6.63929698116869
5104,1.1425969075165257,22.07714588355398,10.959674948574698,4.4843905113859535
5105,1.1448428231072927,19.344565574728147,10.258753195252952,4.821026150047068
5106,1.1435775857959993,20.759223449271605,10.582545940516843,4.81248250129965
5107,1.1391862954269336,23.23394093924599,10.885357099454403,4.161652726277914
5108,1.1418530817367254,20.519643822212966,10.616521451126259,3.45239508359739
5109,1.1365570400679044,24.04178669368695,11.346931147321119,3.674563884667576
5110,1.135391703276696,21.82630663351154,11.229417786663472,4.046209144283232
5111,1.1322499860764608,23.963509133585518,11.311052387421759,3.942614651624828
5112,1.1350655122288513,21.226273144544262,10.625659836584719,3.6670507865098427
5113,1.128266124047711,21.711180620964992,11.413322149452789,3.8450946080596844
5114,1.1288321412548346,23.844445722213727,11.11741616874359,3.1496794646829698
5115,1.1262501006813594,23.778866132433805,10.493150919974864,3.4422646845956177
5116,1.125893553628205,21.447722310050164,11.010054189891187,3.6603292115503336
5117,1.124132105615783,24.938292815776627,10.835320405728694,6.347890704202397
5118,1.1246645094336918,21.682719637564432,10.631733806361689,3.236073367382265
5119,1.1243129278319601,23.228350250658345,11.327213426781487,3.2998173872066383
5120,1.1221965800005969,21.82298539690721,11.056991052646875,3.4969632105420505
5121,1.127595223816528,19.602914779019688,10.306575538670414,2.9875769053251355
5122,1.1245529529807583,21.67649037171871,10.962372078685702,3.551593835298273
5123,1.1176038764298708,22.45617634336514,11.387665594422465,2.3834125177812915
5124,1.1188811440556292,23.515249299820717,11.078843442140423,7.279657264989103
5125,1.1173755656744702,23.473904844800405,11.269377833763887,3.5600962324598697
5126,1.1199000302943733,22.429759404766283,11.30569274813921,2.7881394250535925
5127,1.1229286344993974,23.83428760320547,10.335486901670075,2.7059854387855777
5128,1.118501346951595,22.600195150375953,11.038644763063882,2.3543080241782173
5129,1.1147545831936208,23.15284493559308,11.042235511746066,3.989795462818927
5130,1.1193214059414374,23.696005697411444,11.262422009562966,3.150069987480933
5133,1.1165094290746898,19.56095381600291,10.829660595946601,4.822465734604314
5134,1.118992778519969,19.6474748708678,11.122823315307732,4.102477200256044
5135,1.11592144952171,21.089710490313955,11.168301824882626,3.3399496967591586
5136,1.118259866105586,19.663253449883968,12.250342938070359,2.717232713959861
5137,1.1196384959375103,20.338956354241603,11.163666262165725,3.7451884217709885
5138,1.1234828357776183,21.365262448504865,10.462458782762209,3.916856938793562
5139,1.1167416593098176,21.521259733724076,11.43419877730451,3.3914923379474002
5140,1.120160314027253,20.808827141909237,10.987191076387584,3.7565437662706107
5141,1.1214286563658706,19.922787530399702,11.06473262092288,3.453398375975644
5142,1.1241898456693378,18.62883327637038,10.4843818454957,3.9711275849909122
5143,1.119646799718514,20.345711020941017,10.730911770159647,3.746246917737801
5144,1.1229851712527965,18.183409101660317,11.072510067256646,3.0486338034060863
5145,1.119412529349634,21.894271554322945,10.958292234260044,5.043932723072967
5146,1.1200015630136984,20.904278448667934,11.288111980069798,3.357917386937899
5147,1.1205517819332091,21.182458523079898,10.781556701259044,3.132047273233325
5148,1.1195652129026976,19.700120997757757,11.483544988450054,4.001492547670035
5149,1.123005918178915,19.369562175015812,11.176181736489003,2.7790332952141337
5150,1.1240301185307313,21.305283766680184,11.267339119437285,5.612476773311415
5151,1.1257279880449527,19.851680813159287,11.587256837339304,2.569672388288384
5152,1.126596936050579,20.27655761725479,10.366090064740634,4.185860329221217
5153,1.1240961297619976,20.7136119529159,11.840885977379312,4.044953256546608
5154,1.1304041510029177,19.468850493502824,11.63590998071054,2.49698361763467
5155,1.1332399627169163,19.815772251195906,10.932135432754437,3.884910543585813
5156,1.1341401539576061,19.62927721151124,10.965434982958465,4.543721060756806
5157,1.1380336517319283,20.915261555911542,10.544220169496578,3.7106665321219054
5158,1.1341652188177,19.759899587603147,11.961344653037877,4.022252145843055
5159,1.1360892583771367,19.406985727194925,12.070034896093771,3.171801759351881
5160,1.1444766187352684,18.980255122064843,10.125707821266182,3.865531925530015
5161,1.1385380623322992,18.680823090992696,11.258299300584408,4.494996651224725
5162,1.1415945784181263,17.853666748848706,10.509310143234936,4.283016626833869
5163,1.1588762188294197,19.98500431386919,11.353484560906871,4.714290817692943
5200,1.1503465471374277,17.529974622271467,9.381287619334154,4.614971721861452
5201,1.1328354961765872,22.619161288060106,11.054352427948196,4.781043234336992
5202,1.1342204680413084,25.471049155161513,11.424129611816559,3.440247648647108
5203,1.1345128999187075,22.62293451083134,10.607155410901118,5.233388807199121
5204,1.132443695670559,24.53071480117878,11.067493669212642,3.683810797479811
5205,1.1357470389939774,21.486178628480012,10.417427481091291,5.050013541598817
5206,1.1320791079336607,22.89788586270838,10.61079324057034,5.190396336760237
5207,1.1301623683133601,25.129168551168586,10.726187606250962,4.331426742208541
5208,1.1330262485728475,22.835357110318785,10.631313235195282,4.889152660252571
5209,1.1245647791678963,26.367695086963725,11.67019854232809,4.363216738088825
5210,1.1254867263210289,23.972973055996214,11.160094814737283,3.910834788526331
5211,1.1250022910694,25.754123355550888,10.915946178005493,3.5945724502364644
5212,1.1232112225829696,23.275571092110795,11.06679840193262,3.8407150875222626
5213,1.121975971231575,23.300852472070307,11.605232500006345,3.6034517342269736
5214,1.1184402796879767,26.052429455616245,11.18348540074143,3.499865510506498
5215,1.1162733155585225,24.890508400402886,10.876695333859216,4.094908916504668
5216,1.1188000598548078,23.1257046799521,11.20662530749165,3.5240970371180644
5217,1.1150774397142993,26.756791840047946,11.005535505063175,5.998830926186827
5218,1.115429003943208,23.518943679968682,10.56805818737451,3.8116539786360115
5219,1.113671254509334,26.06741653323858,11.335756212926805,2.8487928439671615
5220,1.1123817484017795,23.9584993587629,10.794795416138868,2.489997774229167
5221,1.115155568633935,22.105101232978384,11.17078578116459,2.92165070457658
5222,1.113595865627128,23.758983117803183,10.966022405102674,2.9768970020507566
5223,1.1088428073641974,24.91137593378313,11.613689905115002,3.1013536074625083
5224,1.1083498501678237,25.480765062308645,11.126392059880427,5.871200144407569
5225,1.1080116826923545,25.91702495792626,11.289277798370968,2.595847848674369
5226,1.1120374409506006,24.669642177947033,11.405887848849694,2.176021474335685
5227,1.1132112849257463,25.717605782171237,10.613180779952746,2.757738714109677
5228,1.111510765129123,24.439026008959015,11.07170637965902,3.112141658560357
5229,1.104463499827505,25.259034952948515,10.954450607708974,4.176627941163872
5230,1.1099796001726694,25.862463221746754,11.72558566084824,2.4345309815352376
5233,1.1067273061776555,21.942512840857898,10.979682130089538,3.6051205671495876
5234,1.109450810521628,22.192095300653527,10.918140491038654,3.9438913232637094
5235,1.1072362057912266,23.089257531508245,11.3341049624795,4.44891631667446
5236,1.1080859693335117,22.27607739577576,12.471537200095037,2.4255623311351027
5237,1.110883574821892,22.459485449410003,10.672427636241801,3.8393426816538483
5238,1.110563377360444,23.786318744258406,10.540572027530306,3.858607748112631
5239,1.1060406731520882,24.19885905701932,11.357964923470472,4.0355242733200924
5240,1.1096641087952281,23.12757385105042,10.917402275794965,3.3941164885698982
5241,1.1151603595647488,22.033873897019284,11.26645574335014,3.034904364915563
5242,1.114860973882841,21.129623233167003,10.325683680344941,3.797694079024741
5243,1.1110016031442076,22.35650102120357,11.414191108920615,3.7039582628846737
5244,1.1134589929272,20.55180514870979,11.365924705838651,2.9743542380207675
5245,1.1105554023121844,24.125056401352886,11.19099930073884,5.1683353045721
5246,1.1136872645011757,23.40630977375974,11.657625848768754,3.4445421562326395
5247,1.1120282491980373,23.3124947214799,11.129361887388415,3.0617497853703526
5248,1.1135847448320098,22.06175447754115,11.427307945255189,4.40354812980743
5249,1.1148334923058076,21.593304454968944,11.379262969119118,2.5647155550682896
5250,1.1164559288309543,23.076221576413747,11.37751635356295,3.272520442226583
5251,1.117107426322634,22.604214014175994,11.304243099471494,2.8482597091131607
5252,1.1209510113746621,22.157246079805937,10.366351868392302,4.398519811065453
5253,1.1171836600592324,22.57525241793171,11.780509618196783,3.005447932013907
5254,1.1239410980241353,21.512869121792917,11.802042494488552,3.1314913773952497
5255,1.124928857352185,21.93210127345693,11.004714452803384,4.14119924683338
5256,1.1257390038700705,22.193080363300556,10.904191329508011,4.243481486309904
5257,1.1278669240941637,23.6477574774208,10.659449266253098,5.479043463476062
5258,1.123845059243685,22.44659064848923,12.469076118470674,4.101525014643732
5259,1.1268883817738802,22.103429384804148,12.281719046397217,3.3633137370196113
5260,1.1344295039293664,21.393279153609022,10.034434048487315,5.030241683687765
5261,1.1320735085854463,21.144168777213157,11.388502607734017,3.9811910396761094
5262,1.1338195179372152,21.063614040037447,10.819458043058269,3.380053599681048
5263,1.1523713965653413,23.363380725291748,11.092834993238508,4.825011021174069
5300,1.1547478692201403,16.74181508397565,9.133340129338615,5.846421942259296
5301,1.1335897811626572,21.450661718005655,10.95390894238955,3.9374579969052337
5302,1.132188236521239,24.595393634710074,11.24581200620477,3.3171074316274294
5303,1.138558263164317,20.776405331505465,10.187338417039697,4.407323217469796
5304,1.1353464971544427,23.262710228486473,11.070177809424418,4.4765553088758185
5305,1.138405607532954,20.920835794324724,10.331637819039592,4.891824841258349
5306,1.1381021865296572,22.088085015340834,10.614456827823018,3.373894073831209
5307,1.1349240522415167,24.91758388484199,10.876851273683748,3.8867657429564417
5308,1.1372470973471382,22.213558696515673,10.475179602738631,4.293801760279026
5309,1.128447562243096,25.022298162692636,11.4958792181231,3.340429123884824
5310,1.126600076302637,22.56284974979994,10.824814888945792,3.398393476147135
5311,1.124898582568256,24.98001618258607,10.908776922774111,3.6758246381753237
5312,1.123945765735942,22.23286305858612,10.494910254408781,3.040815190540508
5313,1.1219543569899775,22.58439614363226,10.834416850198066,3.066469106519691
5314,1.1190965145386855,24.721063146693492,10.861800837421635,2.8063277970607627
5315,1.1185298022501724,24.336410161529948,11.03387244018256,2.6284517573676482
5316,1.1176575293636983,22.529097561602264,10.49069993704805,3.9041141338437457
5317,1.1148097243455022,25.874981255667844,10.54331687403211,4.4364109083886945
5318,1.114947625156897,22.892619654773135,10.340093583680305,2.7599814699104246
5319,1.1162466670896452,24.478438271160062,10.905723959807213,2.878971699075026
5320,1.111988269824349,23.444423712793146,10.820978840380135,3.063582715435448
5321,1.115478998377221,20.750418248800916,10.84125152822078,2.1509388132093257
5322,1.1132515173101316,23.094481510610173,10.938106955475094,2.5868244931479896
5323,1.1090442448462612,24.205122060198832,11.326975097817567,2.6724956759413137
5324,1.1077341254549538,25.091630016875914,10.630464529494049,4.9161355508925135
5325,1.106798182982515,25.116127160024522,11.383839419252645,2.3573899811411634
5326,1.110495324651108,23.444979991807394,11.466089679107583,2.681333301555406
5327,1.1132435811017667,24.566273335309813,10.71842898235129,2.82409831440749
5328,1.1109124244852369,23.65661337836646,11.098286606936892,2.181633810406187
5329,1.1054073939606601,24.726236524084147,10.953817854351787,2.900072841310613
5330,1.1102357253059851,25.025428909034794,11.317599240050914,1.9743375138001003
5333,1.1073041420376533,21.102612632043904,10.534174319768432,3.568575276484961
5334,1.108431903390105,20.923056461808443,10.735329794974755,2.5962879965204206
5335,1.1081315518733932,22.313129583908715,10.980771289925952,4.615259041539543
5336,1.110171599949809,21.195669140500456,11.920746044879348,2.867083449215267
5337,1.114166665393674,21.518369611238967,10.577530499013186,4.315105022929425
5338,1.11282676989077,23.06779403480028,10.012341260185782,3.784748122700169
5339,1.1077420122831294,23.1230823249019,11.416871937134278,4.468501814123673
5340,1.1113491809616467,21.997671762536587,10.84769692492911,3.4665103743524672
5341,1.114414593530544,21.27855971120457,11.541413429661615,3.1978036395386553
5342,1.11610297516577,20.119135884887815,10.612605583146467,2.736152843605429
5343,1.109720533155491,21.916976415266408,10.723491330525587,3.4544214456157545
5344,1.1150737993078887,20.10844212295567,10.990663146031068,3.213901444541623
5345,1.1103304622923607,23.66937784187717,10.809631464650995,5.2420424730166255
5346,1.1161669506285312,22.454081285732745,11.142618651169744,3.2614668292391777
5347,1.1155326611124285,22.219745057728673,10.556434844978414,3.0811484442396244
5348,1.1146892154202281,21.250471567494568,10.835810640770639,3.210390954814405
5349,1.1158536901306322,20.8484600797108,11.472437735305244,2.385144215967064
5350,1.1177913624090903,22.891350329427443,11.112368272598202,5.0579127748581945
5351,1.120688059372426,21.649799680640726,11.188905844776125,2.100008161039276
5352,1.1215946400365304,21.850929584070165,10.61842993256359,3.358650150884859
5353,1.1195068074287964,21.783188596435036,11.594364481204213,4.111959715472197
5354,1.1243791382347752,20.98450372981855,11.646912524741317,2.789996830447646
5355,1.1294336942686898,20.992558262581625,10.976110200511188,3.364232630139958
5356,1.1281898892433007,21.680334269356145,10.676656293517151,4.874411049000138
5357,1.1314945096529154,22.627261164243457,10.187139688857382,3.896373480966371
5358,1.1280712515915672,21.669136564690483,12.310411227145556,3.886552259842519
5359,1.1326315342622106,21.255743825632536,11.45756876237593,3.188549795829481
5360,1.138915073717059,20.577964132905116,9.821051681710388,5.18236331882535
5361,1.136822873261114,20.404182171057304,10.704424212229341,4.2675652753127595
5362,1.1380903639010924,19.924716545413595,10.153900060845467,4.006231828367307
5363,1.1579559604941845,22.519402228689515,11.292023426051657,5.0601703402105525
5400,1.147794334684825,18.78718480545451,9.274762003698768,4.867967133126582
5401,1.1255985307332843,23.09716151184616,10.915170966091813,3.5484195690433555
5402,1.123289776502246,26.89437601435972,11.523389538322547,3.5904906215801256
5403,1.128471032384513,23.005312252918962,10.517769806186136,3.823050053357799
5404,1.1241886257950076,26.019856848137476,10.983564835534516,4.3682062600038485
5405,1.1321635063932602,22.721784637893755,9.503204090823557,5.087127701288944
5406,1.1320696884393717,24.733419949083657,10.865146287479963,3.9334575351914385
5407,1.1257905727583455,26.234126709470996,10.98769972349138,3.433788894898347
5408,1.125836142750824,23.614132151768455,10.289100110429255,2.927212285776812
5409,1.1196437157552397,26.53530247590062,11.43848074728781,3.4908876532672783
5410,1.1196621992040314,24.351688845568574,11.244761166691616,2.631723054383883
5411,1.1180410707937745,26.51748883302645,11.085790041370833,3.4754392103416314
5412,1.1195201173606046,23.97743659958659,10.833404387227912,2.7658845905676572
5413,1.1154851080025276,23.903478914245156,11.593181186887897,3.251767851134524
5414,1.1113516217397599,26.74897724156581,11.462508283538472,2.6649414767893695
5415,1.1101558698508687,26.150896228520548,11.085140813321079,3.467475228768919
5416,1.1075607816097761,24.633470904977482,11.071015662300717,2.6095636348409945
5417,1.1092077270642489,27.5082936374772,10.784860378748315,5.627838815960145
5418,1.108204236809446,24.947669072472284,10.607068000933074,3.4260278544947167
5419,1.1083169638429724,26.81133803967567,11.231161110486163,1.7122117760408355
5420,1.1075207507567983,24.826050636604972,10.829633126766248,2.506180805224069
5421,1.1102167033280652,22.783202672671806,10.863209072364734,2.707912180446012
5422,1.107343752178211,24.831305799816786,10.94434251349587,2.5096433061187233
5423,1.101549837422177,26.16762623080427,11.45641351448876,1.7705260860952328
5424,1.1029563785687122,26.727728821216427,10.914249075461017,4.59136443292973
5425,1.1027168403888694,26.70740299018917,11.466224138801525,2.2954379311929944
5426,1.1027460833819858,25.52872733672083,11.55644578074417,1.5133390379779186
5427,1.1058889921787722,26.63934004746185,10.822597000338439,2.9670887158382717
5428,1.1017545489572422,25.878181484872748,11.082926098446427,2.017866119680462
5429,1.0990901996958904,26.235620233018242,11.372605443919232,3.160849632448233
5430,1.1035347644338616,26.96309256702917,11.601752583043078,2.2174723499758398
5433,1.1025560912560521,23.058978308607028,10.911064543099585,2.747655282340701
5434,1.102667753341582,22.751663969233437,10.947058307509023,3.3513484009660273
5435,1.1013512956861937,24.385964456470557,10.83158747647961,4.37327873411596
5436,1.1047533254633466,22.56735773480002,12.17736439443948,2.297658847013264
5437,1.1064771253350092,23.4282105085049,11.065241439561397,3.38120614990293
5438,1.1066148959796214,24.902780756484574,10.171666857591836,3.2844401958906015
5439,1.1035277330271727,24.80305634527844,11.393072156780413,2.9707548238296457
5440,1.1066066270859747,24.199628556892822,10.90970514230857,3.4582613572818097
5441,1.1093199225618406,23.168315234431997,11.244233497808017,2.6192689862769227
5442,1.1108717241250894,22.21760907869516,10.661375551477061,3.067715660190743
5443,1.1048282564423062,24.06180968561907,11.015529801855362,2.8469259255882613
5444,1.1094817785868174,21.35071661504531,11.712929616012858,3.53795684925729
5445,1.1067941091015017,25.168291634783476,10.696983835859532,3.5689950050097914
5446,1.111064893928096,24.248117090227385,11.157915633107738,3.4277778363815576
5447,1.111721089353637,24.256315312652617,10.69181842950065,3.258246855311351
5448,1.1091088442600112,22.93028301902924,11.269465265707414,3.3791855380307463
5449,1.112127914056856,22.423819471574355,11.244749278775435,2.150915977646965
5450,1.114386376760692,24.318683053137264,10.825382948886414,4.167784689908347
5451,1.11620372783641,23.057824396549837,11.317762761371904,1.6603867197865092
5452,1.1180065999059896,23.50476354352061,10.779702081518089,3.6013184378833976
5453,1.1163388125694789,23.596887480723503,11.165385552213593,2.883505262581381
5454,1.1193014134342005,22.614872411459434,11.889903043315122,2.8237456881102254
5455,1.1256422325018207,22.69162226159827,10.984828222285353,3.60150433701131
5456,1.1255663622794239,23.35970388463271,10.33699175147895,3.9364392319063097
5457,1.1277308715136458,24.164192603500805,10.658544466487918,3.9272615353739777
5458,1.124331152289992,23.361680079864332,12.077194665933694,4.156509712379124
5459,1.1263004635404432,22.828861148324226,11.68470076102465,3.3194758197859286
5460,1.1342153662639183,22.681618538671945,9.685860482700638,3.8942909496597773
5461,1.133971121841488,21.998993674028657,10.930057639491558,3.5666987753584034
5462,1.1336359139152459,21.909495464756752,10.90543299903869,3.649457027043449
5463,1.1528254967104206,23.86006000126898,11.038156857238844,3.7490187155923467
5500,1.157718962530823,16.893410207787852,9.159275975144855,4.583176002699184
5501,1.1324391840662882,23.405758033804734,10.804212338410398,5.274419171789487
5502,1.1329410702970926,25.148415060042655,11.375534607090284,3.4070159474914163
5503,1.1372095360394896,21.530018308556848,10.100463222782034,4.238398332162724
5504,1.1371705498105795,23.99203978212209,11.186215445871467,4.338181167765452
5505,1.1409408899308262,20.83685681183109,9.960363176879742,4.478364914433743
5506,1.1363395554676012,22.832536828222437,9.934272506742266,3.7283423737531804
5507,1.1331160803867708,24.937142376548934,10.329651242768913,3.5066794987034373
5508,1.135667516664347,22.708912316978868,9.765995501793805,3.297994815598163
5509,1.1263585107161667,25.421397119095765,11.452053675230296,3.059298256137628
5510,1.1265382274858708,23.4401412422167,10.469240478365132,2.946243019860081
5511,1.1254710305824964,25.460705908721955,10.997396670220352,3.183607377327114
5512,1.1234298533219893,22.880063306769337,10.442770567986061,3.5819130736285727
5513,1.1209166779879391,22.809380350113837,10.960417216944833,3.3207930882107908
5514,1.1169627806724383,25.450724739524738,10.923432134487735,2.881281505341617
5515,1.1184988258541124,24.714050087602004,10.481154192026464,3.7725512060897377
5516,1.117359729507946,23.12746338525513,10.374620798308301,2.3730110489237783
5517,1.1149760190312028,26.554168593681467,10.423533746513481,5.474463266066797
5518,1.1145583072616034,23.15147032427536,10.270336955137552,2.6328765745164446
5519,1.1141596824683584,25.481469306653825,10.872084014260771,2.5874503464468575
5520,1.1127521345911238,23.34054418337119,10.664360060776847,2.802080016478092
5521,1.1161287314062691,21.216842189473304,10.716709186986705,2.5733296627626276
5522,1.1129891891889567,23.510923050306072,10.392149494518348,2.5120882024229503
5523,1.1099618778697806,24.11731429829664,11.125320298562745,2.1954826581779274
5524,1.1091422410291936,25.3112965825088,10.145100324894567,6.488000923371607
5525,1.1097978919027005,24.98769377542197,10.913073027004042,3.522399244352887
5526,1.1093468121238157,24.240215224512394,11.460099475317357,2.175952045403296
5527,1.111095724113309,25.492993919795868,10.604365205091998,1.740394086966501
5528,1.1102172171778235,24.25021220394131,10.987609883890498,2.108017948841671
5529,1.1073208188029655,24.77820722539793,10.56694013711517,3.6498703180469456
5530,1.1124021793458636,25.268089895555715,11.396878403037114,2.384439772402281
5533,1.1087555978577783,21.47098062288545,10.609976742547964,3.863224969592352
5534,1.1089510558091427,21.553519689515248,10.87411713601818,3.0426935750583635
5535,1.1086009048814187,22.921958077016885,10.593835042795337,3.77351127832128
5536,1.111557753976885,21.989338118409197,11.838946413390419,3.0813313931851223
5537,1.1138993103457215,22.116743558731986,10.353772585640888,3.4552862863484797
5538,1.1155027048432649,23.215714924369475,9.62809704357664,3.451103714527258
5539,1.1089634972230875,23.683628167740423,10.722332503397377,3.209501828128277
5540,1.1152606150196263,22.530267914591,10.567984459629956,2.7852702955823307
5541,1.1148644587668892,21.99536275035152,11.206601192120981,3.3066096745100366
5542,1.1193142121358686,20.758685384228567,10.525425876446901,3.369814460212656
5543,1.1138055289493278,22.30416740744108,10.573217371161597,3.327877585430843
5544,1.1176725514816246,20.35901016643126,10.81338223998383,3.14047607947307
5545,1.1152820000456267,24.069360292557946,10.32815916837877,3.2719027318133365
5546,1.118695858495227,23.077365384197112,11.13694444410183,4.0308567753521745
5547,1.1190287633305624,23.120342035565063,10.461146593743344,3.268638974932867
5548,1.1204281712114483,21.437130929069284,10.78054506479336,4.253678890912054
5549,1.1228192413624711,20.868576546866294,11.023126563261131,3.394992187010155
5550,1.1233956618866037,22.91714537523826,10.628559039606499,4.139625811531551
5551,1.1274820980539955,21.75789979452577,11.280352396285268,2.7338686316611147
5552,1.1274105531726695,22.29886374794888,10.079688709797043,2.8721113359653963
5553,1.1251315721167243,22.170254802800898,11.110331524713088,2.3960995475141047
5554,1.127935779685395,21.438487759011515,11.471839902503016,2.9332065954077735
5555,1.1318388225874094,21.41860219780298,10.22658724634642,3.9915965848286903
5556,1.1348720585969665,21.65070334223265,10.166227098651294,5.118027564504323
5557,1.1391332294879313,23.051612464588576,10.561042951057539,5.01638551320515
5558,1.1312651638746296,22.241295630703583,11.731721965446232,3.654853013265281
5559,1.1353254721432733,21.88797075446454,11.726266545562245,4.127675248703509
5560,1.145106963686131,21.37506549981584,9.93799659035042,5.77693169312847
5561,1.143676050860315,20.572854899494867,10.585129577919696,4.382643439584856
5562,1.1429605419246702,20.21376679580267,10.224812534846293,4.842847104669212
5563,1.1637969012777722,22.302442902985447,10.458268963560766,5.345961420451785
5600,1.1643850166932983,17.616985524150255,8.943126544217465,4.353037738508262
5601,1.139052430955142,23.732317112331465,10.567064320593463,5.2419513351463545
5602,1.135427590334092,25.68941576508709,11.159846543954101,4.055334305433841
5603,1.1407705275049926,22.02524360521405,10.137262919055713,3.751244205714295
5604,1.1377122487656424,24.642479088173637,10.493701449042113,4.513188725143661
5605,1.1442609981530516,21.89859935919219,9.717571658116729,4.51510491628996
5606,1.1391394214344235,23.263856368708407,10.31137547791367,4.132891270007675
5607,1.134610421976897,25.7621847257906,10.46543219459,4.323591886054361
5608,1.138967833978828,23.083010731255285,10.228823716841655,3.921245883107245
5609,1.1306270849892657,26.222078485066007,11.098702882140676,4.064479509642611
5610,1.1331184149078857,23.904555674299008,10.97504492919059,3.4584092476655464
5611,1.1295793410727553,26.397408690163765,10.505224829989697,3.566318056564324
5612,1.12867870309354,23.63763234348509,10.618428723784115,3.647355024985961
5613,1.1256567726350277,23.544731245353887,10.976674786013831,3.3899444031821293
5614,1.1236613792256316,25.810079100183643,10.709040286610762,2.9823356279167283
5615,1.122217667933475,25.55761187670066,10.829918823166162,4.427723380059716
5616,1.11914403258533,23.860423258317862,10.890072158291469,2.5544092108272336
5617,1.1176585159105754,26.979936201341296,10.624919158103502,5.2722077004536185
5618,1.1213542629744662,24.030259529081825,10.223135676667805,2.487152152272973
5619,1.1188249751585808,26.128926318230967,10.990717372065427,3.0982655051500982
5620,1.1152427656644843,24.49611202699523,10.487738131296569,2.546383564908793
5621,1.1212707783046125,22.115948829050613,10.726409322767312,3.8677118750452126
5622,1.1150193131536885,24.26227597054965,10.21295803101314,2.6990944475591165
5623,1.1111736783253654,25.363910752170312,11.153512837922243,2.6959585664794075
5624,1.1121050571337165,25.772746500158256,10.611891252555177,5.945811489889002
5625,1.112333432117476,25.95986568840141,10.81208842360311,2.5358594782032253
5626,1.1127438302242043,25.159194597300093,10.952896780030565,2.425042863664701
5627,1.1183010518203627,25.935000604324184,10.105568150007763,2.969351650528935
5628,1.1145647917677817,24.957937349201313,10.924719951632865,1.9712452145784871
5629,1.1104586295933185,25.69054090469828,10.764392686824397,3.426257321186185
5630,1.114641710170821,26.164834495938344,11.360677993391226,3.0094985666309975
5633,1.1143400419782235,22.311500986346918,10.266640438549558,4.756290316263319
5634,1.114993385044357,22.028829742435246,10.81136484170655,3.4926814670934325
5635,1.11308383019973,23.583492598616573,11.023331119154856,4.488905445179733
5636,1.1142181000702072,22.470427196190528,12.183078589202134,2.9265886912906582
5637,1.1174541191296574,22.75441977210337,10.695647578615171,4.6795320181149185
5638,1.121203763969244,23.601586471763337,9.908880789557355,3.6515123677115073
5639,1.1144691077309756,24.07872140451876,10.483402768724938,4.2174483314599405
5640,1.114731728011117,23.647994578177915,10.861186375644783,3.5554589840509934
5641,1.1198996660640042,22.52401743410166,11.148147452834385,3.527466250558306
5642,1.1223974738129823,21.84992625147172,10.328093506246605,3.1896200698737287
5643,1.1190561999473405,22.900649630884384,10.669717942273746,4.50486810227117
5644,1.1226093830997241,21.015516352561686,10.614268454910835,3.01636976222838
5645,1.1189012075364784,24.632580784943478,10.587962083477352,5.731278778076314
5646,1.123789043601157,23.727171282373433,11.391642312286526,3.802531750022222
5647,1.1247385933001623,23.977835189590706,10.138265868621827,3.5420605105927194
5648,1.1240178046699232,22.230207213116074,10.773670140614279,4.932848837247071
5649,1.1283517221320183,22.02025579977741,11.007173545123614,3.0210574544368103
5650,1.12836962839831,23.999556009238933,10.981194311897179,4.794132350617169
5651,1.1320182606624263,22.820403946327524,10.907153894302938,2.517470990229699
5652,1.1324686621925735,22.834615111239195,10.060813923100449,3.421394695151155
5653,1.130297591762154,23.002665047205998,11.221594839113209,3.516104641410683
5654,1.1357797017533164,22.291490105178678,11.260417701535891,3.5564254632437278
5655,1.1387470670452298,22.139693288978698,10.807149155807949,4.211554776047366
5656,1.14003435409645,22.644167111320108,10.019865762721142,5.013147052136394
5657,1.144262730496926,23.669447727081767,10.263319905232843,4.76011721284205
5658,1.1378448148000637,22.992591163551662,11.87282871311234,4.23672752395113
5659,1.1419848314427399,22.614857238381063,11.735923963007261,3.842956520558991
5660,1.149840558003558,22.061147650397263,9.553517001580756,5.259416124788002
5661,1.1478990259636892,21.203765716120834,10.911499273839071,4.669349903745474
5662,1.1506981223502724,21.212974322171434,10.122907871814466,4.918801641060255
5663,1.174599384480951,22.687253163375825,10.454756591821152,5.491275917876187
5701,1.1595031605622574,20.53387568706644,9.813400706439625,3.0551058426231954
5702,1.14284012532122,23.48568884277495,10.72340649168566,5.031844972725018
5703,1.1406638490129768,21.00585964004141,10.307837997468088,5.1171586850308195
5704,1.1397636387302692,23.935305841835156,10.80844141198867,5.8730300711674515
5705,1.143701030741747,21.18793189924438,9.595502190317978,4.331252952357033
5706,1.1416528069672707,22.573087148579912,10.52683284349592,4.958611466144845
5707,1.1401784749165922,25.000861496437718,10.543445327518869,4.460833150834142
5708,1.1435186615936708,22.224859365551776,9.822301788519377,4.2839288720939805
5709,1.1344568322583368,25.208495598372654,11.145020773712487,3.2462486371141086
5710,1.1339280398403886,23.411922824956925,10.864353442608575,2.683741017815385
5711,1.1335020785432262,25.41095427296133,10.710448429149011,2.6836302692195053
5712,1.1329068282441548,22.584005131526585,10.409190188231513,3.894740949865591
5713,1.1270197305019551,22.834691242226214,11.030395617576529,3.384991328770199
5714,1.1245224596343157,25.586294822044458,10.832461019627004,3.425745309080899
5715,1.1267680861508362,24.616050309473746,10.376040632033423,3.4068724925103493
5716,1.1217157917125156,22.89891492761333,10.62714078378666,3.1492459644696504
5717,1.122894050344288,26.08659916737214,10.740687787605612,5.542234968914864
5718,1.1225882211056688,23.108255613628476,10.14290139424066,3.196539149411515
5719,1.1222802610446554,25.434785957937617,10.639466849689319,2.219523581052174
5720,1.1205641267634345,23.18943530403022,10.339611068791497,2.9664847041495044
5721,1.1223641394535149,21.365231056296587,10.263249600707272,2.707487844048479
5722,1.12025703584273,23.26793655916317,10.204243589313286,2.9224193264762506
5723,1.1144361990015443,24.568233776303423,11.279200319802522,2.20949536743465
5724,1.1154384740968566,24.99538755477847,10.78391590458224,6.428546119972418
5725,1.1138088874157912,25.21503763155793,11.142337116974263,2.919515280678089
5726,1.115747788783556,24.0110303685054,11.112605969061363,2.2535910214110344
5727,1.1185958059705152,25.097120498180175,10.815918889911664,2.475593377459008
5728,1.1159445812617097,24.26407793173664,11.06011668075283,2.6052458412885713
5729,1.1134578092664373,24.637370212535778,10.67982033159312,4.631900689619914
5730,1.118315330038313,25.09145732479458,10.979409421823696,1.9783611945480992
5733,1.119033748276025,21.36846290076597,10.344270662111125,4.114446974232865
5734,1.1170909359825603,21.466496622740713,10.861352853075235,4.241699316775825
5735,1.1162914187051902,22.708059219718905,10.838479929131886,3.9517359720530227
5736,1.12037454831199,21.17886736326343,11.936937928854478,2.6034285604802787
5737,1.1213170192953295,21.870000101850476,10.486135520372537,4.886706829663849
5738,1.1233776465196572,23.30169298277861,9.71195768511306,3.787548889600702
5739,1.1167294590752082,23.688364273454724,10.92317007392868,4.2133402582990405
5740,1.1208187724577516,22.541286701774833,10.520819973416332,3.8049280473893368
5741,1.125918035992596,21.289836628169937,11.391613256167622,3.3929846006994304
5742,1.1263941547047789,20.446242832364177,10.422043472335053,4.031000856584094
5743,1.1240153559584969,22.108994620601944,10.709250999093848,4.172194809165899
5744,1.1269902293573621,20.389304029520762,11.184464100246979,3.2278440164292297
5745,1.1245197481408726,23.594788362112617,10.596320980707763,4.853407572972523
5746,1.1269441369635993,23.3350066065572,11.359041723211277,4.846349435822733
5747,1.1297055917714982,22.556068409558534,10.442476206599787,3.4515834009056117
5748,1.1282378161454432,21.697389856456745,11.120254163183997,4.695770026275451
5749,1.131428003855873,21.21340730344204,11.508706222933956,3.425311688789099
5750,1.1334757428304392,22.996631829534262,10.540594167867681,4.325021419118782
5751,1.134395767376995,21.973895106334943,10.915762857468712,3.531106257732348
5752,1.1380513574806166,21.948606126054177,10.138833631796926,4.590224129723891
5753,1.1361691339357944,22.359595375762158,11.293856016570075,3.7604422250859715
5754,1.1409764019361182,21.175671973341153,11.139532296917851,2.761109505380293
5755,1.1453799284564132,21.710003074006355,10.395960904493197,3.7242037122285137
5756,1.145893602895676,21.776060431872228,10.284531016232012,5.10746568831765
5757,1.144755488792836,23.483079126267686,10.36795032614984,5.165185279944801
5758,1.1427778708918044,22.43508629950649,12.22686425245092,4.070153921227501
5759,1.1469596766652355,21.3994800427901,11.31784106100813,4.164266084678001
5760,1.1556311368581438,20.951699886147473,9.429171360819211,4.961798784844244
5761,1.154227934027627,20.438878445201652,10.054944766104862,4.747527124370025
5762,1.1706409778776867,20.145283102427733,10.568176717538222,6.367357955985909
5802,1.1552065015205844,23.235688434763226,10.637327532664335,5.728142620213488
5803,1.1428382270439634,20.59509184882591,10.320167911546577,5.2110827704696225
5804,1.1399456114719457,23.637529775393613,10.326284659595457,5.536241330341387
5805,1.1436224491753306,21.718784522408548,9.779663605635585,6.133430195146573
5806,1.1421209715750822,22.865323570265122,10.690459655993875,4.980714685902474
5807,1.141538691841669,25.162203294333057,10.367105844872672,4.673698914857286
5808,1.144117829359634,22.677056545686888,10.507294612525095,4.73588491318144
5809,1.1361633956155759,25.755601386972128,11.427689957025263,3.595326452661582
5810,1.1367690981449758,23.340112125204044,10.477258205221352,4.1062324613456
5811,1.1336375524420663,25.976340689699313,10.825676921469505,3.7092584372298725
5812,1.1337923316903606,23.1414555073888,10.887745492304463,4.10461535436371
5813,1.1313102311251009,22.605493147348117,11.259985463899113,3.884883382739834
5814,1.1295285469132048,25.375624840263868,10.959083639739845,2.995951114039294
5815,1.1270822304511703,24.741532425118045,10.612894261984207,3.637443278466958
5816,1.127397882447248,23.18380674728321,10.639400421033367,3.588817493963674
5817,1.1252274872306087,26.424950319100965,10.518665136955281,7.609852154546386
5818,1.1245819547605207,23.494613205787,10.680954553811514,3.3191749238342485
5819,1.1252387969987099,25.168621842567212,10.879603519942572,3.46798041168255
5820,1.1235769834511125,23.35186408357763,10.387008096101837,3.1172869395098455
5821,1.1266847906732598,21.532894116676665,10.444190438675276,3.0894994467226304
5822,1.1214913704768803,23.53523818531823,10.588673249519063,3.306528394960467
5823,1.1175246930865081,24.49740127371864,10.933796462325517,2.536868089728466
5824,1.1189858594776654,24.867448685369236,11.23006242229079,7.590359674408867
5825,1.1166715621260874,25.2326821366712,10.84392848844243,3.559498340387655
5826,1.119579070465307,24.237851316752767,11.03166213988494,1.9172596276829001
5827,1.1234239540747095,25.190171298313537,10.487501626586653,3.1818935918334734
5828,1.1197967059967224,24.035724799851263,10.804366935230222,3.095059831075563
5829,1.1155551745221248,25.009902110971602,10.66415935053098,4.866061906648691
5830,1.1214464941441626,25.348317934636544,11.329850132533288,2.334476098311174
5833,1.1179565484643297,21.780266692040165,10.591829218926208,6.156179955624838
5834,1.120987869515508,21.542581420437816,10.571807975551668,4.270664341438688
5835,1.1185496430714428,22.97817113116431,10.427984569452667,5.368941249071412
5836,1.1239590604814789,21.134094506061015,11.666748450448141,3.779340832373141
5837,1.1254791456192232,22.183197357157617,10.445514541229999,4.38573349898143
5838,1.1289773252617896,23.51559349775943,9.725681178453376,4.588412536782278
5839,1.1204482616087679,23.57895963986217,10.964970988704566,4.811828080952239
5840,1.1269196118403937,22.8118104156767,10.7748681114351,4.137050986649072
5841,1.1303689671111654,21.77972965268462,11.066282282903561,3.850734569427455
5842,1.1304758597011018,21.007504634297838,10.429936600223884,3.8164461215188092
5843,1.1290558946551184,22.22339815376284,10.486571286255774,3.7112738484321386
5844,1.1303697121121437,20.81228888344059,10.807080640125545,3.211477941771257
5845,1.128936873801123,24.10352112850411,10.757029984025099,5.6725214835963165
5846,1.1342724435768368,23.065977349219043,10.858598123738913,4.827548186077501
5847,1.134326678837535,22.791185204106142,10.591298525041504,4.618970103017269
5848,1.1332222322980785,22.014108192307635,10.625087973219022,4.919193728480995
5849,1.1350210282014062,21.809499800338454,10.76472594574041,3.3005477909623306
5850,1.136368306542024,23.630081175250563,10.859140277100638,6.596242214497486
5851,1.1405193520260082,22.31919210785683,11.304163835972734,3.0155282564688997
5852,1.143877819630745,22.285324187686584,10.353612622999744,4.824173791062672
5853,1.1401901503600818,22.924401543828854,11.277162672148245,3.799970108140287
5854,1.1468531252708907,21.53303246281164,11.388901965997572,3.5984381566351233
5855,1.149209227848501,22.2382008530622,10.71707014899147,4.0838173228870716
5856,1.1486101435878104,22.4485342309691,10.513215550105164,6.106001331431182
5857,1.1510515868275157,23.347580982875822,10.238494812438086,5.793775204817487
5858,1.145670156166773,22.533474574105817,11.810161832439318,5.162892972634856
5859,1.151371188363624,21.482907333808505,11.161267189011449,4.2848221004238525
5860,1.1588462015902934,21.384099679686866,9.224179057275538,6.171158601954064
5861,1.1707411418499747,20.836000111764548,10.639011139310764,6.778570107588504
5903,1.1534891513805727,20.904173853027483,10.257376714602803,4.142848169630317
5904,1.1363734894963815,23.92493891032776,10.360263202625072,4.686216159314806
5905,1.1371523317839307,21.88227069897406,9.726521690419574,4.761924834292307
5906,1.1366390934772306,22.987662691024152,10.17093120698256,5.176399858639828
5907,1.1332782430896988,25.424046274037213,10.062333268573289,3.9309630663282564
5908,1.1383380199489275,22.81626915589648,10.039208374498008,3.491240134869967
5909,1.1321907016342223,25.764377912443255,11.374434588273662,4.083755127774306
5910,1.1321237881037676,24.055515470011198,10.487316034224293,3.8347607434350035
5911,1.1288203899448948,26.014821391841025,10.620617468967165,3.2540840773892903
5912,1.1320715005726647,23.443225756409248,10.36718537016668,4.660469108676598
5913,1.128112007871144,23.29452528387022,10.89587610497319,3.493887927376589
5914,1.1246096977574316,25.747037129009836,10.658120732583729,2.5744191932020657
5915,1.1211707773473256,25.365301580905612,10.59179612362662,3.8245089277448012
5916,1.1238315738348976,23.322490180665447,10.048879702708861,2.9137758673098624
5917,1.121777788745201,26.733322606722986,10.437501929307357,4.999328148605682
5918,1.1186791677349146,24.108949581349048,10.155424469210212,2.9335913999949352
5919,1.1200856602886924,25.833166524479346,10.661751245389802,2.5202045187191313
5920,1.11756340357758,24.46538905884792,10.441430560720478,2.9604644936528213
5921,1.1222278396909482,22.193921162666644,10.291512042436786,2.7844512260220378
5922,1.117627701433166,24.296959463647532,10.674395963480032,2.508623617069865
5923,1.113882359490888,25.182955176317336,11.213323078669553,2.6112182072371235
5924,1.1146378934777184,25.728907637165744,10.32616639291746,5.742503533324436
5925,1.1139434749395782,25.78157934028253,10.793962598065365,2.8424166938489135
5926,1.1168756287331782,24.765477172187477,11.124452242723136,2.2340867117758894
5927,1.118475495296755,26.088504607234736,10.1648677626533,2.3147314473587475
5928,1.116843239202558,25.065698204965877,10.232179434099136,2.1686193681164236
5929,1.1128454035739803,25.24250865782364,10.594562037060022,3.7403416075716316
5930,1.1159342794026068,25.737088090984155,10.910849992289293,1.94701309592777
5933,1.1164483031857415,22.36916596783028,10.159712043165392,3.4015672166396076
5934,1.1179854831599343,22.160106171033192,10.4034432334957,3.4558986893975394
5935,1.1157277650789317,23.650633592693914,10.615969884203512,5.514509689712746
5936,1.1198157151277575,22.035196497952278,11.779277171135012,3.5664682284801046
5937,1.1222492275684812,22.775762740381367,10.036956818827772,2.9620195657824127
5938,1.1238671496942525,24.29033308052102,10.162116976090132,4.059114061895434
5939,1.118403672436136,24.301026068324603,10.811640909224232,3.5478346976309845
5940,1.1246147949171992,23.37704999034279,10.463897835361786,4.308764947302647
5941,1.1261688010975275,22.493027718612982,10.662563476741264,3.7804201660899146
5942,1.1318624855830128,21.312880424403605,10.110133149756455,3.6947835209217623
5943,1.1243652895465568,22.864096729592454,10.07459244231556,3.6914205872436994
5944,1.1264318139832876,21.205198217354393,10.531058723147249,2.671472384480252
5945,1.1263690268039024,24.5554306647755,10.293494728022385,5.132077176017259
5946,1.130679621850344,23.910695704331193,10.754072892220323,3.5749865302495323
5947,1.1291487838621501,24.068445654412283,9.994659387989644,3.167921567162773
5948,1.128919715150878,22.800952022315105,10.730441909340666,4.697518460410307
5949,1.135079386197016,21.885133304315858,10.732940583028512,3.521133219653322
5950,1.1338576673740177,24.05927080255256,10.562222720149226,5.119041167721317
5951,1.1383074820555903,22.70361062820227,10.786090766197448,3.439559819938009
5952,1.141250182955247,22.91923945973922,10.065406234425296,3.6039909551965166
5953,1.1370037768098122,22.901234258441047,11.018203321844654,3.2506355858565343
5954,1.1420644768547377,21.932326570806865,10.968659267254512,3.231249463143616
5955,1.1440282897612557,22.793619787504937,10.363331905602694,4.552128913368293
5956,1.1447835861704905,22.707936354425865,10.35330302173854,5.117469646617074
5957,1.145708079044262,24.028568837046258,10.009839142106346,5.234541663229109
5958,1.1397780868240743,23.195140349314254,11.435134812435052,3.67734081798351
5959,1.1463800809566957,22.019931733325077,11.095790262432624,4.087434430293492
5960,1.172650007550304,22.20531082940022,9.534649128889448,7.18130822320629
5961,1.2125933632999455,23.81590169225921,9.224792886672443,0.8443990782903046
6004,1.1560649387575157,22.296480229423576,10.374548453505657,7.262227939465316
6005,1.1459483742399004,20.092181425758177,9.583575290107508,4.567052312727321
6006,1.1458697827866924,21.791450220570777,10.142767403160468,4.501128278693046
6007,1.1417975298668879,24.523378140968546,10.762822658791848,4.245197735119953
6008,1.1456093260128606,21.54219652877725,10.27186007141151,4.1333572891264385
6009,1.1421612140575577,24.296248042932422,11.078859185249888,3.4020089187615716
6010,1.1400116266779325,22.646839554346275,11.077973451841215,4.024387497239462
6011,1.1402522858783088,24.808972537286788,10.923272494799537,4.441046345950571
6012,1.140400960892449,21.9825575114952,10.407842707472474,3.2538349796622317
6013,1.1370440997160458,22.163364713148894,10.833807422796182,3.7389680354367485
6014,1.1336205029830249,24.779884439437687,10.852695476907018,3.8686549919021465
6015,1.1346099568264996,23.786917656058094,10.364977059514006,4.716330693243118
6016,1.1314570168378177,22.066117217500032,10.697814356456226,3.3908535599667444
6017,1.1305960022778132,25.449408986535722,10.849122870489618,5.091828866368885
6018,1.1281560846665628,22.47220835938992,10.198887109391462,3.6819265775336243
6019,1.1270644094601177,24.595832066839694,11.209410717707762,3.8499993218878643
6020,1.1274866570086657,22.89585609688296,10.610874130455972,2.850932078821113
6021,1.1299003279476678,20.852616892389868,10.748905530466427,3.6202486363055177
6022,1.1285057233685851,22.761193323650943,10.796117208694307,2.6623339090385763
6023,1.122436784673543,23.484331093036076,11.315729715987601,3.1429405322787596
6024,1.121224973112947,24.664172729652137,10.648194593403653,5.991341385828513
6025,1.1227102665020527,24.376292609806377,11.029192506593459,3.7058413468818054
6026,1.1246731095114009,23.25641383200086,11.01578858479503,3.6787713190763807
6027,1.1267227445249026,24.438019604261886,10.690622403848295,3.6444897506743126
6028,1.1263544672935877,23.334808122308534,10.627154483133465,2.534270524346495
6029,1.1194765224866994,24.103293462364928,11.017928871210264,3.947692981449387
6030,1.1257152394130936,24.81222068787262,10.763873854618137,3.7146708491468674
6033,1.1241332583822485,20.870051782570627,10.520381935845144,5.038309683346545
6034,1.1297631746826196,20.655589225654687,10.543779156418646,4.686761745455296
6035,1.1267231603841985,22.19752231640275,10.80506312761092,4.841987062882902
6036,1.1305202753770054,21.351243416920283,11.524595168056553,3.849237816775639
6037,1.1320520029511079,21.620116237826945,10.087181399300439,5.090614934314953
6038,1.1354801145355151,22.562333475192442,9.674594655219082,4.652921186244179
6039,1.1304464254905373,22.69123513961034,10.529160062523804,4.869718380847161
6040,1.1348410730315357,21.780082390068536,10.434982010062908,4.486117176694947
6041,1.1369513195026075,20.970119549525016,11.278164696401854,5.017357654032797
6042,1.137987999702287,20.16841163284518,9.684317087497526,4.519729837486622
6043,1.1342680523396196,21.729376164545812,10.29221269407879,4.612096221339615
6044,1.1397116063629096,19.82463514632274,10.589473132820807,4.611931771281168
6045,1.1363450241668556,23.303627682979894,10.553634515295569,5.63320401732431
6046,1.1385259157890422,22.68686805064628,10.887293703700923,5.145242919466126
6047,1.1417317863387222,22.741542950271082,10.411953566663385,4.570949948484358
6048,1.140197878480735,21.44634566828682,10.640626527071271,4.99791095904763
6049,1.1467128062611522,20.851525967055462,10.657347515426375,4.120052567465231
6050,1.1446310760750402,23.303710743951978,10.821177384172053,5.5988470640625465
6051,1.148907663309321,21.623695873039743,11.073820819822052,3.2650203978519503
6052,1.1518675822535682,21.51097908025223,10.056040028425654,4.980196553585478
6053,1.1490021926075478,21.907281414722394,11.455712580075808,4.772069082101074
6054,1.1506449683116622,21.241695129610402,11.083772159302416,5.5584750116996755
6055,1.1535220173956775,21.521856080417145,10.564863480302135,5.8244830569193535
6056,1.1553981780806952,21.705279797051677,10.052679229577125,6.142326440842755
6057,1.1592255194202592,22.296826031193373,10.041368921445159,5.828680341330969
6058,1.1538341403838872,20.49393370991205,11.254343031652938,4.764938717935471
6059,1.1694698521244669,20.402165258023253,11.462647303089659,6.375638983175979
6060,1.2241263718774011,21.61383254785533,8.572184851851446,1.614116843459663
6105,1.1649280874668602,20.484966916454717,10.110048491982102,5.833556578756562
6106,1.15201033218343,21.9674195188925,9.789326135394022,4.7218647160810825
6107,1.1476206744678146,24.4241403819806,10.36898201437807,5.550155682743626
6108,1.1543505212547127,22.40346808537697,10.340037847499238,4.525168494538393
6109,1.1485369842081714,24.85338732267522,11.274071405808604,3.5571451047259224
6110,1.1487791570353882,23.1971028887668,10.82413123694606,4.42925737780095
6111,1.1491627222775387,25.373793754541573,11.040794552052207,3.666262066302647
6112,1.1476083587618642,22.62918796206752,10.382472542495538,4.578430603805956
6113,1.1424322817332906,23.328472705623707,10.99544141220464,4.572971160163475
6114,1.1415169317727707,25.68678246957848,10.731321855123038,3.113191323325872
6115,1.140618783556237,25.120421262607994,10.294884553377198,4.284449147119073
6116,1.1377453809403972,23.26772452473489,10.61257514734429,3.756508612176632
6117,1.136867420922668,26.201324747126613,10.405589174329199,4.934810228598154
6118,1.1369693478611662,23.475807187955287,10.180800914957915,4.607673466903836
6119,1.1391133847023267,25.204095156552953,10.421150432425348,3.419878983190266
6120,1.1348424949089253,23.675718833603565,10.322805774379843,3.82769467684447
6121,1.1380948787578897,21.691250754055808,10.47688318944316,4.420052559797662
6122,1.1338937428877727,23.75730776451102,10.673907641205993,3.535159146018738
6123,1.1305916578925799,24.61658775704324,11.066508295490419,2.649627995428509
6124,1.130595917327965,25.235051080702306,10.534137494618966,5.803433276535089
6125,1.1321048763083807,24.860043827690056,10.773327440345374,3.2745428807465222
6126,1.1321361268133414,24.372405761875537,10.97990552066759,2.72217723629996
6127,1.134238585530115,25.18589099418719,10.307157213247939,3.435919110735017
6128,1.132690233243019,23.964311654668435,10.771270939028984,3.6382781013606804
6129,1.126529136113981,24.90603076890708,10.820029259707097,4.81368469143696
6130,1.1324270208318026,25.417700223276753,11.034393131800893,3.133708121069956
6133,1.1352847531894663,21.576505756140634,10.283249611756222,4.2601899539526995
6134,1.1345922511567315,22.02870425798044,10.096448805671274,4.064160018331786
6135,1.1345364955946056,22.89609592696032,10.2160698674601,5.2199232000813485
6136,1.1394815464348438,21.55931848962205,10.96719139203098,4.433748180039679
6137,1.141367885177815,22.32469558158968,9.94053591484723,4.5934610744374655
6138,1.1407240569749506,23.84105973935482,9.831259130755571,5.222097278321403
6139,1.1361107483278103,24.046018485305282,10.787984127123716,5.890231553585718
6140,1.1402046566710056,22.878676463271322,10.711827555137313,4.485957095033291
6141,1.1450116565167434,22.06580889861474,10.770351598722833,5.29512186340944
6142,1.1469452316033644,21.43468002762048,10.213149478840915,5.201812978400283
6143,1.1431388119396764,22.745585192423384,10.212872701676798,5.144602725678752
6144,1.1483745377667713,20.344097579127748,10.728212065681332,3.6946644047711006
6145,1.1458938362201758,24.49866855304864,9.843358872814724,6.7740087288052795
6146,1.1505721382295788,23.272439495049305,10.521009206535298,4.684183601301335
6147,1.1519547511782127,23.32032121371338,10.010798221716557,3.8859305327432465
6148,1.1509305290736636,22.14854180627047,10.467256281813633,6.53027776320411
6149,1.153191921591038,22.049447168553463,10.558039311992745,4.210612099548359
6150,1.1562541733195628,23.79384768529918,10.41543524937753,6.8728665126525135
6151,1.154833086309608,22.839938658202836,10.691547891137619,4.641131889623318
6152,1.1590237256064146,22.75375314392047,9.816199854211312,6.273198729088628
6153,1.1545227385781247,23.138766585202973,11.066856373089006,4.329483645258031
6154,1.159919626241433,21.970882774066684,11.08795761157007,4.994141017968841
6155,1.162758506809709,22.17568650018182,10.22440210481001,6.565152115269897
6156,1.161253525160769,22.24097002278861,9.754500226466709,6.81576312791783
6157,1.1642045621513835,22.902815568789833,9.795168838901885,6.468873846086003
6158,1.1739356688884575,21.1700471298154,11.423621949167437,6.809996620728387
6159,1.212472791761563,22.12834091149821,10.322702837551038,1.6377323487087063
6206,1.1732712033597048,21.015698378389708,10.56316486609049,7.135426225391822
6207,1.1573029475601335,23.479535181041353,10.048757606851982,5.083361474412076
6208,1.1609743748272023,21.14846667150403,10.143022536808699,4.5730056130755345
6209,1.154121292178816,24.503659790734478,10.994707390777892,4.725937216826262
6210,1.1576944201463153,22.3616941669296,11.087170943083338,4.660685939775565
6211,1.1554350817491978,24.445369189195272,10.762100670827019,4.377183301680479
6212,1.1567796816451221,22.26610009829076,10.315875668731618,5.062269161985417
6213,1.1509246261961912,22.766223629622907,10.562361413726995,4.759636997004172
6214,1.1489281066727903,24.73289745593133,10.921679388888395,4.1467763616725355
6215,1.1501736207708582,24.001849408876275,10.74168399430101,5.554220974840735
6216,1.1491005601388353,22.209903602646314,10.859108834696197,3.9533594844904663
6217,1.143931632827338,25.72889385253255,10.723019748570279,5.789211262733823
6218,1.146730340022096,22.23766322274612,10.219960727825665,4.545811900888846
6219,1.145950193000859,24.588637858862043,10.679006383278416,3.325683612378196
6220,1.1447401190122692,22.63019301203439,10.268123471454777,4.355339342095066
6221,1.1475148048756232,20.81782453032671,10.213740899322884,3.2540533357651866
6222,1.1418063196754578,22.538807597767484,10.486616191767316,3.373867471399075
6223,1.1362078098609563,23.35934258214372,11.326700354627977,3.059723325484092
6224,1.1371385803070155,24.077537104479,11.210307992016327,6.543221942840015
6225,1.13711016192844,24.17913785983497,10.812458580540232,3.1518373613361415
6226,1.1375181187501406,23.09333490186966,11.132737236622184,3.8674586903400785
6227,1.1395844884884199,24.273286875487955,10.911370859550711,3.7323701891891843
6228,1.1415066395515265,23.089565493215474,10.533135341660032,3.44649235276282
6229,1.1357800643072054,24.177805830811142,10.201509466249863,4.950834963919013
6230,1.1407759411164757,24.268912706702586,11.133470975078122,2.760344717246044
6233,1.1414542455949388,20.890234565619373,9.796042100815585,5.366775002293172
6234,1.1429188477424974,20.756042625509416,10.517881113087933,4.646688164486246
6235,1.143357195294354,21.89033331625853,9.990032341249924,5.770065950831247
6236,1.1458754423877417,20.693655695671893,11.066037095065605,3.7021054387868766
6237,1.1481543457875698,21.841134868990576,9.98857833471266,4.3020875655304325
6238,1.1502516752931105,23.153799628542846,9.524112810934433,4.470561158813408
6239,1.1482516149282609,23.137967994000608,10.17255136055867,4.78012547977656
6240,1.1527102484068756,21.83205818494629,10.121088514514488,5.244669090709151
6241,1.1576056346121384,20.873453731412443,10.620692377352631,4.667857996173341
6242,1.1597331735735377,20.328608080057954,9.584322674137987,3.4933589748332667
6243,1.1545070401237445,21.59721137566264,9.85715139495854,5.30768445094911
6244,1.1584008318541037,19.39602161184638,10.210086534576385,4.334495231294003
6245,1.1543138571760863,23.485239938910457,10.423191501896566,5.374226801181966
6246,1.1594814259150534,22.692445334331858,11.071985100367398,4.938231987949856
6247,1.1592048458188522,22.641892347458384,9.94140485242337,5.168497839763728
6248,1.1602233969470315,21.28884772564482,10.376558069033571,5.929631387565034
6249,1.162438094511853,20.959106081462892,10.390019187099695,4.648855511644311
6250,1.1642635725663117,23.086599906658638,11.0158797000355,5.261067909919591
6251,1.1679842760018322,21.62351719619355,10.570831797931348,4.897809232699367
6252,1.1697053559928672,21.48665078044359,9.893158850897807,5.896490977505933
6253,1.16165670317743,22.12321307239752,10.656944293437114,4.496044237164022
6254,1.1701078082921665,20.81494999118613,10.921206998123141,4.970963608749323
6255,1.167200099403496,21.206793033017373,10.327241985276334,6.644373130582789
6256,1.1688990633717766,21.27378349188656,9.605559488801727,6.517240703001174
6257,1.186054310555386,21.491158493169117,9.936675459713763,8.460853751253293
6258,1.2369783857061631,23.166838243520196,10.828797709608184,1.729511347838935
6307,1.1703782595282457,26.198750768878398,10.732589705474494,4.590345588032998
6308,1.1654390828207664,22.168163236646947,10.563292226418541,4.624332048738005
6309,1.1602837371870318,24.77987759428114,10.635063464157625,4.574517926644343
6310,1.1632433601084353,23.140043753120235,10.84014378371273,4.908815349796583
6311,1.1610910404468109,25.258880033234746,10.813141708625114,4.17850612391696
6312,1.1630857335092668,22.74774901140427,9.90733812165009,5.13334412780746
6313,1.1608462998497746,22.94883927156492,10.490384303193945,5.7672431747310275
6314,1.155196944573877,25.307056447151655,10.461734773167036,4.349024627491692
6315,1.1539021757816448,24.82915914789558,9.911696937098728,5.817484313100345
6316,1.1533240647571341,23.30334850413781,10.055828315996552,5.2610573428005845
6317,1.1514731570660541,26.394667033803824,10.687647680950924,5.0498230196407485
6318,1.1503090975309311,23.58394703166263,10.311158185032841,5.208249795390266
6319,1.149002856347751,25.45842796854101,10.924292478770893,3.6705869407866114
6320,1.1488641879938157,23.463404684738062,10.329633039183607,3.55739418749684
6321,1.1535473867296935,22.175487047262212,10.03600529563612,5.759069200431415
6322,1.1457735898807226,23.53361192803306,10.33538423334134,4.784316317478111
6323,1.1427032808263102,24.0758329033935,10.848820257467006,4.977032933273775
6324,1.1428681101373883,25.07348152793739,10.557174177115687,6.124255804206706
6325,1.1447515375891821,24.575778793226494,10.71368734129862,3.3112710115500907
6326,1.142507593865175,24.115930233481823,11.29474013600615,2.856290140334179
6327,1.1453141630730659,25.390282032852834,10.690143672452121,3.7473184128550647
6328,1.1447787739120685,23.97605767531463,10.279513386686292,3.6575588060131663
6329,1.1413540081544162,24.629765012975188,10.429996840596079,3.7457087319020554
6330,1.1449875326635541,25.135039369575836,10.914417821852389,4.011340937949466
6333,1.1468522007066522,21.84331194927478,9.890173017502905,5.107294687005129
6334,1.1499175141522555,21.64482508908716,9.97254490640657,4.919267358411317
6335,1.1470756657763186,23.40501996570674,10.273912143091437,7.1759100055444796
6336,1.1509764767814055,21.891005436456602,11.214213900320335,5.206212272363888
6337,1.1543769078708253,22.721156229152278,9.981721298043299,5.539049769126664
6338,1.1564669318897647,24.243328742940516,9.240500784470306,6.132878503185495
6339,1.1535234284332851,23.989836294206725,10.092916482578893,5.090794910267359
6340,1.1589065269169379,22.75184708494165,9.971501801051508,5.163912207324503
6341,1.1623969868542745,22.203788749245525,10.369134026005348,5.200624247620176
6342,1.1637709203070152,21.368934542340906,9.568639072716499,6.23325940966512
6343,1.161003220991681,22.63406245814151,10.112150664072853,6.261296099664538
6344,1.1644386769768003,20.686044808865116,10.377422668514312,5.506151182419645
6345,1.1588083766631025,24.84421539679215,10.172517070366817,5.949277548447782
6346,1.1645620440799245,23.38602762643813,10.192922982975052,5.812686469413059
6347,1.165013227998689,23.725994601774257,9.74680542735822,5.965946121558524
6348,1.168014836381052,22.162715527441836,10.070860208150837,5.44831852601456
6349,1.1687149400660914,21.945990141646035,10.040635232663503,5.117730423125291
6350,1.1667329665114394,23.895942343162524,10.125135270718673,6.229289890333347
6351,1.1716774225869915,22.24603420781358,10.52125866385308,4.936232437557822
6352,1.171726735785458,22.750262757962787,9.821656640786765,6.234822345410976
6353,1.1663342162668067,23.321883161149895,10.791320919797663,5.271646448300189
6354,1.171931411627367,22.332391864349535,10.681604598064922,5.19950159369624
6355,1.177756641225102,22.053357340975552,9.717345120110428,7.383122308515925
6356,1.1850015963513083,23.512292751964285,9.834504142909147,8.376274999119058
