6,1.198410962411455,22.467603789780803,11.394063846504412,0.8779135589537126
7,1.1516816126991714,21.893838762090713,11.354058203301014,2.0563990097634623
8,1.1465644392408272,22.54093261119957,11.590408462504266,2.0801210092411777
9,1.141838863132713,23.882246295125448,12.212928915917825,1.653989443930473
10,1.1424230599296117,24.04182789604411,12.872263533219233,2.1431411189102345
11,1.150053730608968,24.180301716062875,11.580060972842254,2.3212944011048537
12,1.1539233483664353,20.102965991816365,11.062020569608606,2.1007587398100016
13,1.1496758017931514,21.504300973913384,11.569514764852343,1.8157755068291699
14,1.1514788341917779,20.034715968299736,11.412821032850545,2.0258033283908485
15,1.146979551583075,23.301293132014578,11.655567006138881,2.303907026285902
16,1.1520942581508464,22.26786005617087,11.381206928492347,5.484995507036677
17,1.1531639306178885,20.439454898647732,11.480851026532159,1.7825203919693282
18,1.1540782868099793,21.68275189733093,11.8885174748627,2.0889514679339576
19,1.1555982177846031,21.968712723175866,12.068282320929612,1.8860940309921168
20,1.153436597246812,22.05760025747159,11.913005289204275,2.6473157047286677
21,1.1593925603382642,20.311672145911785,11.170624630199088,2.4533674461489237
22,1.1567652448548102,23.880698610273832,11.813276916031628,1.8688893745598967
23,1.156984213018215,19.366825281421768,11.592678593637107,2.2303559448092196
24,1.157874768483613,21.794540331757663,11.959343714659893,2.460834419306505
25,1.1622789320381288,23.155254279059434,12.564603990763997,2.127823771076436
26,1.1615324545333683,21.102914475949994,12.123014247744695,4.878975811053283
27,1.1626643312280514,22.595278722745388,11.53951800691752,3.155457171611158
28,1.1638368232193905,19.89894071227622,11.971474855473952,2.631032907557468
29,1.1712727487202927,19.174249489455413,11.612496762718733,2.798062088210527
30,1.1662352538549918,22.089266249934024,12.098155286060196,3.2965955990021856
31,1.1726088145059907,17.767670048191558,11.156388291317029,2.7221754607048028
32,1.1736377321226514,22.362417314168223,11.464014001291003,2.5313181585574305
33,1.1689917740122469,22.151110035199142,11.85927017173361,3.8258276441912185
34,1.176589372484099,21.803907373563565,11.756198213612528,4.111275869653945
35,1.1726897145819486,22.83352915611996,11.574620181436687,2.9640607825958494
36,1.1726513965665062,20.848027559635746,11.771991338872148,3.19480218471503
37,1.1824635123452558,21.78057838990498,11.318235784580752,3.299243851836602
38,1.1815809424524835,22.822737384048175,11.430228970881462,3.544182998612107
39,1.18294156219697,22.651685084842835,11.112596543202129,3.725032878101137
40,1.1871308806748788,22.394714252799766,11.2317022385542,3.7271386001146785
41,1.1777595321847332,23.757769239197234,11.995201293799143,3.195216478634842
42,1.181071449536314,22.972153662625757,11.480473433050776,3.672629408977544
43,1.185068879553624,22.91365942529451,11.27038785574068,4.717470763743937
44,1.1859904519225055,20.650488591236694,11.329638154833148,3.4740568073008276
45,1.1808869839213298,21.028487659130622,11.111288255831385,2.899925766041858
46,1.1804749752437984,21.957913728391894,11.617698127583797,3.383223132323578
47,1.1854953795134813,22.60787550969637,11.813902129011394,3.1953938620485043
48,1.179521992550818,21.761054327946407,11.402240008507759,4.447045442355996
49,1.1795520098234131,22.454586025388565,11.936647600283331,3.103214938331881
50,1.179367989773933,21.81470879584369,11.334096353815019,3.099240724598465
51,1.1712889756218836,24.281240699334177,12.277770883644795,2.994451112577798
52,1.1750986684143132,22.806626190627874,11.963042946753736,2.590439367565097
53,1.1680419978543668,22.196560601123643,12.382957161468099,2.6694947552503563
54,1.1757555182647772,22.732783108234774,11.516723111836814,2.3740607428733314
55,1.1723762163679745,21.81312328262619,11.50392107099078,2.559675834563509
56,1.1793368781879328,22.883272075088787,12.632023950898935,2.5251089504330624
57,1.244895262453806,23.683580810904765,10.109182764393521,0.9150811676237374
105,1.1620603207478388,21.133210314883375,12.120344440501718,1.7036102108386724
106,1.1447459994788183,19.228333950948063,11.310051204381093,1.7022389401745526
107,1.1321519182311128,17.18089322185914,11.443156762768638,1.2352727044960452
108,1.1356390463514252,18.70284721556313,11.391144936409045,2.940740383295242
109,1.132748034498653,20.164899184583284,12.515686299292327,1.427895028759393
110,1.1359456641936603,20.449041634904894,12.471265122271408,2.3030572398070532
111,1.1396305515438772,20.874630100010144,11.835995726398275,1.7804703967649211
112,1.1427300451251927,16.729215404852063,11.29037628146144,2.047089486281493
113,1.1407293619788188,17.98200179870453,11.605445501004144,1.604328070057417
114,1.1426682011409783,16.628100496685303,11.339475426285908,2.557658367636236
115,1.1380571344726034,20.265217568320303,11.511754432076856,2.316129032985155
116,1.1411512374993988,19.296776335813288,11.328778764818772,5.477307606583974
117,1.1437998259155189,17.36148493875295,11.367798814617762,1.659103093687567
118,1.1437213173195029,18.74726564972501,12.03024043610009,1.7569500891099736
119,1.1441677845800566,18.97484640667891,12.420570090439332,1.673877765115375
120,1.1412051027168784,19.105248786276583,12.000776858389655,1.6552004938735285
121,1.1472652369031267,16.963638167047932,11.276890728715248,1.622440855253684
122,1.1447041415751913,20.56878295543002,11.995022443458565,1.5272422985843592
123,1.1465159551600028,15.881847542188796,11.73969332854701,1.4886750372578927
124,1.1441672512898418,18.813939351848106,12.440333429863482,1.8487086111765114
125,1.1472767321842625,20.434498606396883,12.610613475393714,1.5231822868701115
126,1.146477389005981,18.52577406931953,12.404187406272982,4.458144117931004
127,1.152846432760021,18.66374916515371,11.564967592554483,2.577127349398187
128,1.1514590762284884,16.53688925314076,12.509047045414981,1.9211021318900445
129,1.1573144192294589,16.102960423775674,11.475217937439952,2.481893973754606
130,1.1524009813111433,19.26012213853049,12.220823271923102,3.1012510787838425
131,1.159057796707988,14.420976578897392,11.33581738018255,2.2929618125335054
132,1.1606225348505201,19.540085769320083,11.659373646577214,1.808502890822442
133,1.1568127843880143,18.552215369945095,11.930450304985753,2.5140315497655346
134,1.1627597572468051,18.55813143974745,12.16138223277293,2.212574770308257
135,1.1572244970297638,19.997358094850515,11.897736943565901,1.633810082687424
136,1.1615906546033659,17.73769121186047,11.496002909870706,2.1887906085195863
137,1.1677138979621486,18.53584740066047,11.569901761059317,2.3718389491094776
138,1.1646128689527349,20.142889892508247,11.27665890325822,2.716395529089496
139,1.1657403398176498,19.978312333624928,11.105240447921073,2.829530125570374
140,1.1734536494435215,19.268980242426373,11.377213782411056,2.112794450074085
141,1.1621781591408111,20.829266415483826,12.217574506950335,2.003044644356446
142,1.1682968808381016,19.537592280015527,11.49326516250578,2.4197597810969724
143,1.1718327442378975,19.65944600728624,11.180207193213562,2.725796678443477
144,1.172545118477659,17.53934710254945,11.197014531217091,2.862503391132142
145,1.1710572508054509,17.524795272979034,11.150015056315619,2.45441475240356
146,1.1687675396872483,19.1480876612403,11.329748355473159,2.225197156501254
147,1.171123404949942,19.718938793013052,11.770964619297587,2.6114441318488435
148,1.1691771820312737,17.941426372154737,11.407325503093197,3.9321355291530957
149,1.1662254052681573,19.430615633317025,11.843418856894779,1.843290294454647
150,1.1654908415784708,19.053333525893326,11.807267396465367,2.717933123041066
151,1.1609901801331004,20.234541863011636,12.62028520713662,2.23456650318344
152,1.161740094258968,19.306362063981048,11.9132194724912,2.0854180902201507
153,1.1560930637578433,18.668042662692294,12.59738426482793,1.9482268354236003
154,1.1622412911974818,18.903203132714907,11.480738630962403,2.4024830159550135
155,1.1580017417064943,18.37779665359116,11.745348473647299,1.9453120476964532
156,1.1576358895823262,18.341149157623104,12.709667284885246,1.5974901158492376
157,1.1697997036447747,21.243913732081396,11.373076012143684,4.2988828840782105
158,1.1944039874957457,20.148275860424246,11.709857094618103,1.386746914253598
204,1.145825536555885,23.84890592761825,11.98520881683339,1.6025054073896126
205,1.1305702366756565,22.501052701009343,12.687377859531452,1.5381277119924897
206,1.122645421208019,20.640812305774908,12.00987268771583,1.5853698556971683
207,1.1231400323841598,18.94294506843062,11.892676939849215,2.036934440749628
208,1.1295634879435792,20.53405771057058,11.522811048898554,3.7004333847392874
209,1.1258803303972478,22.289716594575285,12.21463268090832,1.7228423930549663
210,1.1284526736445828,22.547682824358247,13.10791950727463,2.0796801142662997
211,1.131671529803931,22.922748352347654,11.67490225067857,2.1411921000690386
212,1.1364841959701322,18.566506726072824,10.763590066051831,1.9841208772185166
213,1.1312172325773724,20.374716072556893,11.543473333269555,2.233376908432394
214,1.1363510863907877,18.39777552126273,11.168608594206106,2.8270684380873674
215,1.1292471814021199,22.453010773484554,11.516362633830726,2.0844898299062473
216,1.1320764423746246,21.302814586831282,11.329738204173053,6.603833471409831
217,1.135403588495891,19.51825603177481,11.215707240597002,2.1199003037475035
218,1.1347379465947627,20.981503565398427,11.775825463211934,1.4968470916357743
219,1.137141805845777,21.227885284334736,11.989322550917324,1.561043907543194
220,1.1307745491717098,21.277824644163783,12.153357914325587,2.0573161330716596
221,1.1349949579527918,19.546281427583775,11.014122114515887,1.1514550002688435
222,1.1368940157605207,22.973255251675937,11.608563284497361,2.3648393302168444
223,1.138218281324454,18.136127849402115,11.485357278170163,2.0296478319850833
224,1.1356768675288262,21.182416729797673,12.284396305798111,1.9353725726526652
225,1.1397207041873747,22.52314768900019,12.182286419180556,2.0828559095426957
226,1.1414911670144068,20.48624607829057,12.14759458538986,3.290862192866081
227,1.1446038265423188,20.902903893211047,11.306363540037205,2.360694688074673
228,1.143973446833184,18.476531829974753,12.135613440752005,2.724305715099586
229,1.1499507843712005,17.945586836557858,11.57723813343943,1.9557150692237377
230,1.1441005199019203,21.284474129407034,12.079238844369405,2.8715609029953346
231,1.149562755213121,16.470213386922744,11.324604031991933,2.4423617691124866
232,1.1514212175989356,21.550425654880474,11.224822152512695,2.346293706477066
233,1.1451032282312854,21.16198672547834,12.014171638797828,1.846972155323829
234,1.1518518342751738,20.948318019748065,11.73806205697843,2.623786997960977
235,1.1468822593870704,21.70616560889132,11.767547536903427,2.1123926855257844
236,1.151085695733362,19.73938127848778,11.515491371782598,2.1065886562604668
237,1.158741859661123,20.073104592182514,11.307438022282847,2.2512212768534012
238,1.1530551016660748,22.225439620713285,10.969903260767884,3.1282264851381463
239,1.1607334613511657,21.07494851631871,11.038917938169984,2.573875001923736
240,1.1616834271667948,21.310671154135086,11.546869085123706,2.7681064835895732
241,1.1524659473376793,23.131029568492124,11.91261073978692,1.9205160856185384
242,1.1594683557926542,21.50280161759752,11.443381685024203,2.752097981475272
243,1.1618749898150749,21.738324862945323,10.676554540255882,4.697673162263566
244,1.1643567841732538,19.502545832230805,11.158061119492265,2.9775442848123532
245,1.1618531996017405,19.44956885811094,11.036007848051964,2.496826580958571
246,1.1595590285379196,21.1000088165636,10.983211343207861,2.787486859509012
247,1.1631525528937656,21.78075581447906,11.584694448842692,2.690126583524528
248,1.1591755357939721,20.39751575550137,11.516838152391125,4.636135295403301
249,1.1587593647167942,21.78471308980269,11.674459883284058,2.770966554062471
250,1.15947169141813,20.63956925572332,11.12400567613467,2.943868062498396
251,1.154108960159627,22.707234938846497,12.548073079713957,2.1435518530712794
252,1.1560147803642238,21.416542667001377,11.699031642787315,2.0788617445985436
253,1.1478659609151824,21.162966575226037,12.025764235106877,2.1642075950449455
254,1.1552373677542107,21.17116929110894,10.965652727968145,4.248159208889802
255,1.151325490627802,20.151890094997523,11.540074127798109,2.5323017107052754
256,1.147743555066813,20.40890973291272,12.714151142553554,2.4400690943459784
257,1.1469184248790256,22.584221363387005,11.672534068263191,2.104471043034172
258,1.1622845546846443,20.22783305939854,11.899252131089176,2.6707090801259725
259,1.1820715575761205,23.48461159202924,11.472398378209402,1.5873869230369848
303,1.1600959038769834,21.30139849321954,11.430389684580888,1.5795611053158942
304,1.13032354474444,22.21406181444338,11.254120886148804,4.353754014974222
305,1.1232796837226688,21.725271570017355,12.203335132281817,1.4769803862589959
306,1.1285205685796524,20.25886698966078,11.445757929167742,1.9632115705499424
307,1.1287058767577105,19.209842184891116,10.866799058960824,1.4839207919872066
308,1.1326709124360232,20.833883377398923,10.711913290181007,3.6585423413590563
309,1.1301061519330824,22.194212685448818,12.002271467753648,1.279963818008547
310,1.1325712600198443,22.35066177128482,12.498548325183855,1.7590663262471498
311,1.1362703261395868,22.81653723406127,11.471766452014242,2.4815074588346357
312,1.1401616182408427,18.22363960847197,10.157653417324203,1.425477781663563
313,1.1373063609515028,20.199363144098132,10.930926119657665,1.0742567933258524
314,1.1369924134399125,18.39666772133444,10.937459781033605,2.47591429461509
315,1.1325807939207655,22.180610565519114,10.871014976066117,1.8967431770088048
316,1.1363400247195277,21.387828549760453,10.543150992506634,6.8139586601848
317,1.1368266105345917,19.750847243372878,10.956677187954403,1.4369729215928482
318,1.1375416588766123,20.99803756190571,11.291281648420242,1.3840908635298423
319,1.1386982229757552,21.422513769854177,11.292310990160102,1.1223808778440887
320,1.1357491091433678,21.61245293003844,11.53410565435906,1.467295477073203
321,1.1412105937656136,19.199752811913097,10.70173979826121,1.2268374313252195
322,1.1397247708722789,22.558268721401312,11.25204223746057,1.5408046246209108
323,1.139136403367089,18.15284585887767,10.655425346789507,2.040729551354651
324,1.140056101321947,21.076411953684417,11.89584706908346,1.2211133278293733
325,1.141138372077221,22.708963961326862,12.149915264447575,1.4340778079295067
326,1.142289259811236,20.86936580738092,11.958419320192466,4.479977673108474
327,1.1442165241654259,20.928822573675028,10.93004261194385,1.8564340007565805
328,1.1460683702817824,18.613098309988303,11.899758346965886,1.8655788193521352
329,1.151364651351215,18.36149339351938,10.698849901916597,2.0183648271011436
330,1.1459480290056776,21.307316927457777,11.465685398525492,3.234839723508089
331,1.1509511753263058,16.60118413433077,10.798272647987012,2.1298130232255352
332,1.1510512418986285,21.633012031945324,11.259574341251685,1.9219823121487476
333,1.1456647226452707,21.043682982699938,11.694425939371841,1.7016331106544418
334,1.151730443933842,20.82815437141985,11.29517219992953,1.6303588930745556
335,1.148488964703086,21.503657555721563,11.410248821637053,2.0672169613939704
336,1.1499510186702864,19.79105235051347,11.323344475504875,3.5597492279921092
337,1.158794547008595,20.252765813334854,11.093875547166443,2.5452091835626387
338,1.1559305145565675,21.754671049132316,11.076266054800971,2.1642304710152134
339,1.1596751216559136,21.381760762360013,10.539118138428874,1.5541651834509898
340,1.1632155538731601,21.033455437055927,11.155133818905243,1.7141814106047186
341,1.1516298916387415,23.27422924717385,11.685271361705023,2.428648045954007
342,1.159122689323122,21.252460566306702,11.239778486938032,2.8720356510003207
343,1.1628613962189718,21.73086943883701,10.406516568637802,4.449649818011079
344,1.1631486230295052,19.64711089527608,10.703168944813513,1.840298160549553
345,1.1625610782364644,19.423941617442956,10.587968352035446,1.8408675973771853
346,1.1591662822028432,21.195235101459332,10.918100452637336,2.3213390307655155
347,1.1643786346855478,21.277277642686492,11.128088964503217,1.9373346390670834
348,1.1584350777008485,20.751095847677078,10.985522406176829,4.064701845134035
349,1.160633810483726,21.799754646525223,11.497326581503959,2.049004373358729
350,1.160604023003717,20.809717039060065,10.869368235493793,2.207762938443588
351,1.1575382169473452,22.87005846107835,12.063211005041051,2.063747566596952
352,1.1562481318178883,21.649496241211956,11.583076358188606,2.2380146095386233
353,1.1531815323230934,21.135832441689427,11.947790633188882,2.142780523168029
354,1.157789194664245,20.868092060623038,10.617655430409918,2.9552623719422044
355,1.1550229847136708,19.86749628072415,11.361292020444246,2.3605028428414485
356,1.1521442030450864,20.369849115183534,12.335602691414685,1.7519360967195035
357,1.1481359289666027,22.277457971267992,11.281474267144343,2.473055726327832
358,1.1556922642544458,18.58294003065603,10.94455090711021,1.5991928148203751
359,1.1647121162429772,21.530633371778134,11.382416877464037,2.4869943805389476
360,1.1893346007039278,20.28710253028494,10.123342068776553,1.6775595994920942
402,1.168258651606032,20.57531224754118,9.123013469917074,1.4355869091322
403,1.1385860846386844,21.4561787887865,11.369630809011776,1.9317649321826347
404,1.120020976145634,22.510933341700184,11.340468504736723,4.2272119354152125
405,1.126002143623871,22.58095747425626,12.08389982589092,1.2366310391552495
406,1.131068096433159,21.707249272476304,11.126889735154482,1.432683948676386
407,1.132717195626328,20.066945663020803,10.70589984967314,1.5100278472635384
408,1.1339066216673201,22.108112917728736,10.643584009930967,5.642707328333593
409,1.1304277835321392,23.636436385534054,12.048197383065935,1.237627947231583
410,1.131659636347167,23.95077144510092,12.538343964442555,2.063516221162413
411,1.1349435214768762,23.979322497341858,11.653596023611623,1.5740804950234761
412,1.1381419388264125,19.845246445445092,10.316748131009444,1.4243632928870722
413,1.137065039674636,21.48049517003084,10.934127330790337,1.2137872247357426
414,1.137762554966026,19.72885097484433,10.745211696495609,3.1735447901309817
415,1.1316195386645518,23.13539453296785,11.067979613992467,3.09729030072821
416,1.1361905565189752,22.56488605224169,10.423440020633766,7.934025788800862
417,1.136745013915763,20.85321745705638,10.965008334981462,1.7264273295367019
418,1.1386916676342327,21.82044777387308,11.237420783483467,1.182859670246544
419,1.1391030737006786,22.447299234286966,11.274016971483835,1.9201160543068416
420,1.137075284793225,22.643587614427858,11.331307067607613,1.3010023964604371
421,1.1402000161017993,20.202166192197495,10.441304144190909,1.8020482446586883
422,1.1404072327235197,23.54694309581094,11.48183977149486,1.2291845875620968
423,1.1402732015216004,19.407885223973373,10.611670482641786,1.3154307393039093
424,1.1392712743586733,22.3768933456863,11.782196768152383,0.9753718372040999
425,1.141649721420905,23.703024761398083,12.064937565712322,1.9940616115581578
426,1.143373389879167,21.557887108219045,11.707758298956504,6.152846675211515
427,1.145084663233431,22.114730158064692,11.07907648294538,3.020051733232868
428,1.1439589100870533,19.575218525802562,11.769455669287897,1.3492930949218975
429,1.1515047095809534,19.053726702433035,10.642810267991266,2.3627146739145592
430,1.1449419837316293,22.42981742339987,11.6786939715397,5.3064679685807254
431,1.1500170487175878,17.754737231104443,10.504674027629122,1.1964129299057464
432,1.1503237774593502,22.66036954669441,11.288694034165466,1.4330937937108716
433,1.1425901610267148,22.428435194209793,11.590301443164103,1.268877370873275
434,1.1491525112204617,22.442282285558377,11.741816062534209,0.9908659676403018
435,1.1445960380694147,22.918890298126772,11.326709557478672,2.256315921269072
436,1.1478062726000355,20.633927255935923,11.127973860254178,2.829878307620905
437,1.1564358792278393,21.25399279994071,10.917436485302165,1.9597655923225676
438,1.152835519078584,23.022737867937607,10.891512620999816,1.6584127010743115
439,1.1564005358171856,22.55722168916018,10.772305549539464,2.1678144479622734
440,1.1595130655502484,22.594574559702945,11.096268840829493,1.5569431397718791
441,1.1507449896418789,24.136782373278603,11.79467923535006,2.949558263002609
442,1.1546318083282696,22.807876869591862,11.593651367635923,1.8752448472108882
443,1.1595053322478028,22.752220039780916,10.534530093519026,4.87015277722528
444,1.1600045057250212,20.721900161246886,10.92970284993064,1.5962293152971536
445,1.1600351843285177,20.53437975778401,10.591290224611697,2.2872476721565462
446,1.1589003492568601,22.099455069773413,11.068197788946955,2.093966244242032
447,1.1633654699045537,22.983817037922858,11.123007552579043,1.5970040008026534
448,1.1597034997665583,21.385352619926255,11.189623606297356,4.611475298634617
449,1.1601511586350848,22.553855608485485,11.665459425727109,2.07848568233831
450,1.16004080015431,21.901942822202948,11.10753029735962,1.7831989185101804
451,1.1542832366148903,24.31117959002005,12.148135187684627,1.3336845721420318
452,1.1579320415233063,22.673999434244248,11.686608484372506,1.6919080462719207
453,1.1526772021926255,22.232168902239085,12.00580559779987,2.8423704125352307
454,1.1585625960067205,22.15816547521019,10.729584916552957,3.34081502945529
455,1.1557289396349015,21.19229264824444,11.371157214969989,1.6475252687074404
456,1.1545962890375359,21.557468547904882,12.232639302524026,1.9282440863518788
457,1.1532580907246774,23.19694239340688,11.462011348142834,2.8421066030879145
458,1.156250336667591,19.96032983776827,11.224929913930243,1.5423128948271103
459,1.1525875053769754,22.1709260343231,11.164497705394616,1.387124279313573
460,1.163090050160356,20.2915793884819,10.389770558823441,1.9616935773669264
461,1.1927672886339882,21.5288175649006,9.791610352925327,1.505025639611817
501,1.1527299517464171,21.59360819013551,12.484371602303073,1.0501877871785283
502,1.131393816855173,21.274828485906777,11.68813835537906,2.670191823443788
503,1.11978485995999,21.05765099754443,13.34634555403966,1.8565789055135846
504,1.1154291246603085,21.565748967920722,12.567003583538636,1.7051360383830363
505,1.1199773624286598,22.026116770428153,12.766516973513694,1.1078466961176567
506,1.1261187761898024,20.16932428517663,12.190641168625932,1.5966861053498385
507,1.127604192813314,18.69900005360423,11.842570681519318,1.8031436200488418
508,1.1316055581234241,20.16008895761386,11.60403629907902,3.3447271127563667
509,1.1264540251918602,22.359646962807652,12.538271994116842,2.4044088077160657
510,1.1296163730505315,22.52008780918135,13.228705642970246,1.707808435150315
511,1.1285986752632096,23.19246416168977,12.09683506950924,1.9830148099227696
512,1.132015817384046,18.526390925020724,11.114306568756197,1.6759366686906385
513,1.1298856443340375,20.319616367977535,12.01406344165596,2.5382945140569113
514,1.133745891426572,18.253727907266512,11.740313163907246,1.782945903537808
515,1.1250817528650225,22.565896182177163,11.790158557134783,1.5460478978988903
516,1.1320959488605824,21.089742721546124,11.561284592403076,5.330413847155306
517,1.1320384883558088,19.24619098755346,11.471697366801296,1.460673371595387
518,1.1309469017081712,20.468055220148216,12.345913847880439,2.0010470658736574
519,1.1328250557528388,21.22722352553956,12.127911568673154,1.3894143405452632
520,1.1295628464310072,21.16706860737886,12.056988953636914,1.733077638185106
521,1.1336930352958001,19.252189003547787,11.500838673986042,2.026474339328737
522,1.1339883960235728,22.35481274338815,11.839402960728666,1.72112718322014
523,1.1328971125382719,17.652805486804066,11.691759901583795,1.793129097104688
524,1.1349866465755931,20.636751475552828,12.772314100336107,1.7365059477357323
525,1.1357051557815565,22.6936581885822,12.528336523566535,1.3963714249754828
526,1.1372247549122294,19.993900634465618,12.881821135714576,4.048367914139167
527,1.1390636487809078,20.628140701915374,11.842739885030657,1.8178777802541757
528,1.1385064460494878,18.817929567060343,12.632327006632655,1.8093543949377306
529,1.1448962622145977,17.81714248650315,11.617209412855559,1.7771608281531552
530,1.1391221046274904,21.08317016669136,12.175461129380478,4.9133421477180015
531,1.1430474342099601,16.529274717431413,11.391870895992797,2.983148764847606
532,1.1432223606772882,21.247237158505804,11.865941645612558,2.8743767775162183
533,1.1349906381714006,20.977193845240556,12.38856095895888,1.6925051200840642
534,1.1434759123200668,20.695005627418176,12.326819609728078,1.7962508510756618
535,1.1403172088788227,21.112254596766075,12.14775560444726,2.0295149596481794
536,1.1393762984363973,19.285165392847034,11.87401626079724,2.297996335625614
537,1.1474840883107533,19.78279059054976,11.731296106823724,1.5635672847938265
538,1.1431850312341645,22.035849179139266,11.503274881251828,2.362829316507172
539,1.1475429320656818,21.17675269344159,11.305736142806307,2.418507898790447
540,1.1511727600164223,21.154759360158955,11.946909551125902,2.992414394948015
541,1.1439964916152618,22.52765541018084,12.31102078068345,2.0931728323241026
542,1.1467309657555562,21.652767902153816,11.809607143066916,2.842454566448213
543,1.1507787353157897,21.50607395536787,11.441733405591616,3.7842682484053007
544,1.1540118170265259,19.517986489412237,11.251417542392506,2.286782771783739
545,1.1526519054394997,19.298935822372506,11.128596581667118,2.180072616159534
546,1.1517242289973433,20.661739985704195,11.428603353975348,2.1020278108925656
547,1.1572293904264004,21.234215891437962,11.586744580581895,2.2172425170845975
548,1.152411157334243,20.40515523085982,11.470425547909405,4.089884221094587
549,1.1520457478443527,21.374257140012418,12.197269699121883,1.705600716498847
550,1.1546755537637063,20.480629024212043,11.545924627662403,2.162827059753197
551,1.147616724617178,22.965641637533,12.712451209189528,1.578941522368431
552,1.1501019649925606,21.579276998892368,12.244661284175551,1.8812080298574085
553,1.14474161157389,21.302136288786105,12.6772185427525,1.7900240784970256
554,1.1507671528240906,20.88669351748829,11.45340596191276,3.3007176693842593
555,1.1527045064825714,19.50877324135691,11.684210957084018,2.3640751228691985
556,1.151987605549257,19.907057904022494,12.69835367603379,2.169024182011531
557,1.1514150055491923,21.65931482949389,11.923498489364029,2.901919611738288
558,1.1512247693933693,18.792449255155084,12.509977201978167,2.693862543529614
559,1.1464914160136797,21.07271191287397,12.298046242135857,1.4992132582194886
560,1.1437862598652724,19.372508594831135,11.72538476658578,2.63384818910763
561,1.1619805191973955,20.928870043173177,11.60418749200109,2.18852818309663
562,1.1904230715975006,19.51195526908211,13.046080817998053,1.2550535229713924
601,1.1312775538884925,19.24511211835705,11.546019832765062,1.855431032616641
602,1.1201980611404474,19.800428731347385,10.970832060012716,2.7816657183966846
603,1.121546890627785,20.18696240002547,12.861254333778268,1.4762563646372293
604,1.116497370122458,21.1133391089539,12.126333728472554,2.5889123105370504
605,1.1222558785392265,21.03544964402843,12.693964547980313,1.682861224952871
606,1.1272283702786314,19.563201199444137,11.464829807690103,1.7314862902304151
607,1.1286325359638356,18.068713469834748,11.487486347445554,2.276453132659118
608,1.1301179269178823,20.10601442659384,11.340531382539531,4.970043599099908
609,1.1258917873765582,21.792317082083247,12.045223086371003,1.889685453226857
610,1.1245531027785358,22.20720845760896,13.056693696679776,1.6751956414574718
611,1.1295119538139706,22.382833739480763,11.702966793512568,1.7279860997114092
612,1.1326823962090904,17.655705060704577,10.625326874378455,1.514573575792378
613,1.1273589394581027,19.631422744812838,11.770709753114373,1.5061910389131825
614,1.1306689177262357,18.105770794386387,11.273211383130498,2.294849400232571
615,1.1239676703422852,21.57530934238312,11.710846820987397,1.321607702930265
616,1.1290584064810267,20.34002974735594,11.402204444567175,7.635314463105018
617,1.1292217671231264,18.99315714332188,11.634081047129976,0.9536120137264236
618,1.1315571916257998,20.13526871018736,12.182669401913198,1.9339722085545756
619,1.1341902963717565,20.572263880423694,11.902894978681223,1.1758422622622524
620,1.1285146551457952,20.681121411558905,12.065876030711133,1.284668312906771
621,1.1328596582370654,18.377480601270157,11.144886343138655,1.6482676800148108
622,1.1313258929695493,21.897359686635383,11.74394955045662,1.7392766399077486
623,1.130173584691425,17.76670416328559,11.457633506463168,2.443203308070766
624,1.1320396956638588,20.21829840157804,12.516154156432208,1.1407591554601266
625,1.1339899215136622,21.891831185292112,12.840947618003234,1.088699810870316
626,1.1357027892880838,19.868790372669636,12.178387442341368,5.749143851593641
627,1.1357916955903904,20.332075482508102,11.482375111385355,2.2988191686446116
628,1.1373782917594815,17.670321345539264,11.891535175093948,1.629905319851793
629,1.1419495203792926,17.694301581177186,11.066149798439183,2.2858285926247324
630,1.13532702050215,20.60736850656887,12.177803149756086,4.606544904260926
631,1.1409412595104969,15.851406591187423,11.05749448296637,1.4615945972107038
632,1.1422734792314144,20.749493471535274,11.757732219654061,1.790888014717042
633,1.1343218853930308,20.397311145929805,12.308309005837518,1.8774053155092512
634,1.1399954946219597,20.425055391259278,11.99071588030204,1.7973837446195684
635,1.1376793521583979,20.95134195366357,11.78671968734947,1.4796256102854548
636,1.1364141035082354,19.121224468231183,11.703818242323917,2.7138561460830433
637,1.1459723555549346,19.66767736916297,11.447385898919858,1.264725372583841
638,1.1419969226786337,21.310273395421277,11.57139199081359,2.314199253308061
639,1.1458467607287814,20.500943287253346,11.336773424796673,1.3392366088496153
640,1.149704584293049,20.52285122754144,11.485496585589148,1.3480295198745929
641,1.1402133465741686,22.43804201895094,12.230954021639723,2.0784958977266097
642,1.1433734447231245,21.372003888663503,11.834888367056028,3.1083884288965757
643,1.148809875600107,21.001109611726086,10.854940301550421,3.722775550237202
644,1.153207123874864,18.36829016690969,10.98557756953245,2.435168276153807
645,1.1505484789420102,18.735491470040387,11.222788610249248,1.714010716181387
646,1.148615793007667,20.52089680948704,11.328305127121233,2.12345086291335
647,1.1531914792049975,20.94627543365648,11.525336123771874,2.7575545744831826
648,1.1487874131494424,19.51116927878256,11.396496991107425,4.542604549836714
649,1.150474612898781,20.92580143607441,11.720282732984243,1.8853494889488893
650,1.1510253778424737,19.932393853330915,11.33157257074601,2.4929724443345296
651,1.1454244723196123,22.52761446986568,12.062979433920207,2.0003188464118753
652,1.14815644037474,21.11843479782144,11.978251293603709,1.1255529719562385
653,1.1446291999743967,20.36872473753528,12.133660903398633,2.0166402826837144
654,1.1529549774728167,20.174043491796265,10.706323921372709,2.6012614900910074
655,1.1525277714075655,19.080057866389883,11.481524403775575,2.098650244419391
656,1.1486981623735104,19.78644291521844,12.632083032113215,2.315256091530888
657,1.147886268217006,21.479445807105222,11.4774318192274,1.929123325850345
658,1.1502860952989586,18.160828718212468,11.938112276496591,2.216229820238412
659,1.14596641739659,20.578542750449277,12.00309092677499,2.104196772720754
660,1.139564447070779,18.800096638565172,11.998781369281208,1.9412092263365153
661,1.1450705557173901,19.3252727249384,11.711631812510419,2.325946069255023
662,1.1580138220134855,18.92360081991952,11.47155114507287,2.1564082953895864
700,1.1336562395462069,20.335213702257157,11.567883578743688,2.7624339483043854
701,1.1179884784492704,19.919024159497894,12.003326880925544,1.5212235778053527
702,1.1184389256252636,20.866926009656325,11.06390734516534,1.8911239477424764
703,1.1203658868329256,21.998700419662963,12.533103129545918,1.5352509429102694
704,1.1181992722526908,22.444056360450404,12.062356888408301,2.936737546856905
705,1.1222099659485691,22.83215922926411,12.53320704135767,1.7546517995452882
706,1.127632202609776,21.19512038919825,11.4824000021803,1.7468977163403958
707,1.1280682988545325,19.571729829008945,11.448938143531954,2.1571367016587897
708,1.1319935386583104,21.280950451205303,11.088845976215978,2.9847625824010127
709,1.12758141478109,23.05029102355794,12.11608482073853,2.3498640414740923
710,1.1269850263364065,23.40518201550312,12.665047673271353,2.1276816515484076
711,1.1275318306989757,24.013631782639422,11.78527817767375,2.3871115215009886
712,1.130414899858572,19.410605381549754,10.428646480534557,2.1137213048416394
713,1.1291133353848477,21.25842707264412,11.218663539670798,2.4322199096275514
714,1.1288746191900436,19.283471710826785,11.133758600580066,2.9117601985183796
715,1.1235726967626791,23.1502724285132,11.324637835885738,2.7098878105655455
716,1.1268005673238501,21.96218597309163,11.286627511330163,6.543588095719829
717,1.1286318740549275,20.128395790958493,11.283613945438507,1.382661425308736
718,1.1289292698902855,21.785055089124846,11.882711127404168,1.6582607216277918
719,1.1298636034689014,21.98056571047433,11.667773399073873,1.3855237273138432
720,1.125035745331793,22.16665855688482,12.00585799462749,1.5577318194601393
721,1.1283521121160958,20.27758881567323,10.927662601375442,1.867963823833031
722,1.129037036038703,23.838044376401722,11.589402157653451,2.3552119935185907
723,1.130601349019824,18.85139136255478,11.205202997131465,2.128670695842251
724,1.1273108661254772,22.272705192500798,12.304660732103576,1.864757459890173
725,1.132081415409215,23.12994008654387,12.446367926839978,1.5580040281924055
726,1.1309455578701373,21.452441097551255,12.247689541657227,4.947436258388124
727,1.1364391887265028,21.53274832972139,11.028132134554747,2.8014343679744003
728,1.1333673481896769,19.337892852565997,11.903931161157864,2.0016581449674313
729,1.1407686479477837,18.838274052133045,10.667699100328964,1.8400454947094407
730,1.1308630767735968,22.65157321728263,11.766806081887813,3.6422712453519512
731,1.1393048040930134,17.096024663010766,10.818340333927749,2.1294380102760266
732,1.1387701035516602,22.311835862481725,11.675894001656308,2.26008809357225
733,1.1342514155814407,21.812994419762113,11.91676398201727,1.9302975179380706
734,1.137156589444052,21.970369635967277,12.00581290968171,2.025762250364066
735,1.134875213015757,22.540596562603877,11.58189850783045,2.0264678603347117
736,1.133878342070726,20.784338302547237,11.671688655937885,2.5756844682633315
737,1.1447265331837,20.72282933224274,11.283077764185375,2.019078254426952
738,1.139832853539064,22.84907313712,10.994668232793863,2.9033075891719498
739,1.1420157330453162,22.02056796691218,10.93981124197596,2.562062103750394
740,1.148059283705563,22.24093627238831,11.36083312184555,2.209690163597006
741,1.1394216120026615,23.50468465344834,12.078672023997164,1.8984568455648334
742,1.1422810433861539,22.522009880108303,11.522667714396231,2.5351792101703787
743,1.1447829978384974,22.47749940130538,10.673768986455656,5.8246113559341754
744,1.1465778226946686,20.37806107578855,11.008100143716419,2.503048188391193
745,1.1492931082781719,19.981223637964316,10.792011373687744,2.251791619261112
746,1.1465560707821758,21.78252331896344,11.43349351479477,2.1125401185546693
747,1.1495378271229175,22.74048755593896,11.311894127515467,2.2020440834212263
748,1.1467737469340593,21.16361106434486,11.30929767242228,4.234608436169581
749,1.147787483164577,22.582946054487696,12.038979606595397,1.6940108673638103
750,1.1492633612114902,21.879657315429622,11.139381032672866,2.5721994568026965
751,1.1441158652370818,24.13247591321055,12.314303722408793,1.7377015185743547
752,1.147106131633788,22.363036806367013,11.67326683155681,2.688453359603948
753,1.142214101041644,22.03491434264162,12.107642796616954,2.073885481156638
754,1.1500674180471249,21.744954209675996,10.6417432613663,3.256107376307033
755,1.1492279872753801,20.691251485310794,11.582614426730933,2.655670276361004
756,1.147650387058264,21.218285572542772,12.372540676127038,1.8908606430145714
757,1.1451727733988082,23.324360231491134,11.430125152491653,3.6805681686954785
758,1.1480741427677315,19.89872026081065,11.396145527023508,2.5666446173868707
759,1.144919876828081,21.880166157873507,12.05300740455498,1.8296203468626306
760,1.1393874835717925,20.29805465530676,11.735512564252938,3.0902131481786212
761,1.1437795802946318,20.655222737695897,11.327554603852757,2.189457959820961
762,1.1356853220503387,20.230229782136647,11.610970097799902,2.192877844896806
763,1.161136820065879,21.868111881444467,11.534425787158394,3.043599022938451
800,1.1354899405562955,20.42552971974653,10.168622345617907,3.687140565064358
801,1.1219027239617114,20.67409669919219,11.199387091864216,1.8865228849001856
802,1.1232247090674412,21.66802911111897,10.45767604119582,4.825749587834966
803,1.1247569347746018,22.886055546426313,12.558624104547157,1.5358122692993739
804,1.1168107109045615,23.937707665140163,12.043293641851012,4.270668553187631
805,1.1250824655418272,23.337018365898434,12.815252240388599,1.2875547402085983
806,1.1285142034686042,21.880993136088914,11.488757703280717,0.8277192007314426
807,1.1274943318105364,20.627666036310767,10.905119546740325,0.8533868117651526
808,1.1314829786632818,22.1736615622513,11.010127486556861,4.4734566366889945
809,1.126730432623889,23.959456544878158,12.386268277860731,0.9514829809744387
810,1.124163812043098,24.354580336248326,12.68524872234179,1.6671967716015776
811,1.1265258487626042,24.63138509176901,11.98918095003161,1.3142605709997308
812,1.1299879007786495,20.294708786521912,10.564376306085466,1.4813301816152964
813,1.1257916674499004,22.168163893794606,11.26415770383214,0.9075465103402741
814,1.1295651716556236,20.35345733027742,10.727950576828656,2.788827182571623
815,1.1241797325837355,23.765653619086518,11.01997536979709,2.400300963543334
816,1.1274029629129396,22.697889026080166,10.646328515237704,7.498653637253484
817,1.1277028312560706,21.14817148882323,11.344968313559576,1.37673674533294
818,1.1278710351358603,22.53315800407861,11.583283539665375,1.2121659247462906
819,1.130250262036646,22.936220786518987,11.25664129603664,1.8301126720650296
820,1.1259992891354667,22.8862732549199,11.689496920384737,1.0925360648671187
821,1.1262294894134746,21.09916897951784,10.953886807998915,1.3676121078695616
822,1.126435471782221,24.431821916771398,11.441602920947743,0.9561301628357762
823,1.1261660600210626,20.061873658296978,10.8841926885509,0.6796983213081007
824,1.1261537493114568,22.95353239001422,12.279090824468524,1.2227462067147132
825,1.1268465910460204,24.76181448620492,12.460367582963913,2.176413108581782
826,1.1290855222557852,22.30123727822816,11.979847060987122,6.236706293371499
827,1.133916511404219,22.369593515320847,11.010301960580179,2.350377535944779
828,1.131329692844602,20.428403164704623,11.751580457247362,1.0726075685717567
829,1.1391639947777514,19.643027121036624,10.834196000674547,3.221227867300796
830,1.1317268254547712,23.21104135308141,11.905578321968438,5.499777918716951
831,1.1370904885777111,18.22187336368335,10.730052496792132,1.1096932971402438
832,1.1368207627550981,23.344598529477867,11.54459437414349,1.3315026670970687
833,1.1311125150865937,22.804465172672444,11.845918366491382,1.086433204915361
834,1.1341088898351879,22.781388983952546,12.023777855781741,1.4396506432787042
835,1.132651106992252,23.47887202930945,11.520442853762585,1.1053806533084503
836,1.1326176892927806,21.308486315355697,11.535553475109987,3.6884961696450866
837,1.1411865452997934,21.97402198030736,10.900416679698473,1.579527296736285
838,1.1374339118020727,23.774940779951386,10.993307500322484,1.1704823358964858
839,1.141070250166388,22.829075408753067,11.043804914856644,1.2088325328714482
840,1.1454969891257833,22.92878506867443,11.222041899218713,1.151000459113903
841,1.1356891428382632,24.85508113259827,11.996802942255725,2.227129292525753
842,1.1397570212255475,23.346436087521045,11.477728136819069,1.1841791298407107
843,1.1430733727982896,23.312614843361107,10.564076769936566,4.2171332876195695
844,1.143685350948829,21.181463999140327,11.266215521999845,1.991920914482453
845,1.1441527899193222,21.137344638466224,10.758158292411071,1.7326991221909576
846,1.1421616426148706,22.68998617506909,11.382895465881683,1.5650546387698612
847,1.1492111281067767,23.371739097419272,11.38925784342995,1.2306199521200238
848,1.1444023685267086,21.94125167633135,10.982431225559132,5.3735250290784595
849,1.1443819255138765,23.378915350189082,11.668232168611636,1.8358725816517014
850,1.1450781236862968,22.83127366813089,10.93442627881683,1.2162836168983198
851,1.13910539309199,24.987742278432112,12.387757604232908,1.440766267881903
852,1.1412071516904079,23.75597785103573,11.919678011029598,1.707633042570943
853,1.1373415124122115,23.000654865148995,12.36106975429993,2.1769345331985623
854,1.1449805149535448,22.979653601179255,10.776809267223731,2.85133090131606
855,1.1439925849933643,22.082437278127458,11.3390487049229,2.116716778836905
856,1.143186081872045,22.180247232969325,12.595526362831986,1.5446041813676048
857,1.143568594370412,24.018282047723194,11.916726874974557,2.9857368581115256
858,1.145718149599046,20.69301512658294,11.910722781318293,1.8240238446421895
859,1.1434746631315393,23.10412672859129,11.894201909746165,2.1954739695084493
860,1.1394461947172956,21.10618220185233,11.325401724151419,1.2976625258703514
861,1.1454764156252717,21.60864829246444,10.986011036226433,1.7763727458115108
862,1.1395812570344548,20.977530093835046,11.400250776346613,1.0777321326908218
863,1.1603290475207333,21.78315466708043,9.69600426665011,3.3587089257187723
900,1.134467864386865,17.394336511023628,10.949866364814628,4.585888354338169
901,1.1199577358982917,17.54088372032742,11.905774599016523,1.3660096297840534
902,1.122288392001367,17.872290721853453,11.800149410587053,3.0712681461822005
903,1.119138731105447,19.430799192303702,14.035915533034862,1.5642169779727741
904,1.11592957234155,19.65909095963971,13.477945936701506,4.275951523643874
905,1.1185961171424696,20.104373102864827,13.702501160154107,1.5311725037840838
906,1.126139035801326,17.93355776831541,13.129161843140613,1.7250275951172527
907,1.1244623335660993,16.78914895464428,12.59653024285402,1.652019910545524
908,1.1268158509405477,18.59293957300833,12.274434421119562,4.217631624514403
909,1.1216292977012912,20.295686372343756,13.204043323865942,0.851995234566964
910,1.1238600898967563,20.30588581471243,13.784477364638418,1.977619014755664
911,1.1225800034817839,21.111412923022076,12.983200052863209,1.580563790066634
912,1.123465339209396,16.610036113992315,12.043796750508378,1.9056245077212588
913,1.123214309235557,18.150013049815577,12.3654127360716,1.5419592672572717
914,1.1255197530380947,16.51124709057714,12.020047944126224,2.8257755615800217
915,1.1176140654570272,20.442330712882654,12.592981774116414,2.857718350323058
916,1.120917115063867,19.31224040472397,12.499858523632113,7.071614838938119
917,1.1214208200397882,17.72153014946908,12.357781645464772,1.1553668048261485
918,1.1237863145239413,19.04328534639827,12.834302050020993,1.3777301972470555
919,1.1237134523608334,19.441506256634735,13.031216747674884,2.9723210153069326
920,1.1202423333680849,19.474232539809233,13.205093695197565,1.1409532997540486
921,1.1241438544080369,17.1663452626501,11.974811239891565,2.270593221402005
922,1.1234417423271263,20.469833477120794,12.814996416953937,1.1609645558675172
923,1.12241382545389,16.27034064166426,12.087420162283918,1.328006182768598
924,1.1203597257419788,19.480383631050756,13.502706474146375,0.9878302879417667
925,1.1244057308788513,20.54659401940501,13.397216219395586,1.8248938583252332
926,1.1274608467317773,18.303976464535587,13.320419454153473,5.945035533214734
927,1.1268744309033636,18.83943383030621,12.383071047038975,3.7125833141109377
928,1.1249290787426196,16.71856715425393,13.396374128867622,1.3834823173214432
929,1.1298827089866754,16.356636808091796,12.168799329586925,2.874705679381229
930,1.1262912059306427,19.483277497795935,13.096539481194066,3.4530409104058637
931,1.1312361979156629,14.603476568984702,12.100804903173675,1.4430529749732568
932,1.1301503733936766,19.525229885900497,12.90423165775736,2.0629980665544796
933,1.125977443523698,19.295312351787718,12.990188349889719,1.0902406354570195
934,1.128938131582575,19.676694728586682,12.668702525214949,1.1805762580516057
935,1.125914989249527,19.74775042058219,12.758927229633734,1.9768412697547226
936,1.126771390473209,17.62966262235312,12.794708125468052,3.5327649933854923
937,1.135026558878139,18.38049938976526,12.632179981022455,1.546701699183763
938,1.1303702662177113,20.57761219726855,12.436680807455376,1.5248349612326346
939,1.136539449789737,19.420359170553933,12.160225924197979,1.715246191009583
940,1.1381253188866005,19.38641805830427,12.666624340753419,1.6497979200042918
941,1.1268507213440428,21.412735612542,13.444112243921968,2.092960110708731
942,1.1333182338729377,19.724592696011683,13.313757418076868,1.850335948188894
943,1.1363427378646669,19.811006466998414,11.920850691700467,4.415552626980347
944,1.137116377957304,17.471359465267504,12.502147373187608,1.4778448912767337
945,1.138683946046289,17.705706229161112,12.020533423378732,1.8003775954049686
946,1.1374677132229076,18.92034146579886,12.49168446741,1.7066663941456561
947,1.1392757086704974,19.808264046974525,12.541929046792822,1.3221727346154326
948,1.1387065055471757,17.883540214344126,12.825994270436157,4.059852283627103
949,1.1380052005577512,19.572282126819683,13.080227594540977,1.2209023873004887
950,1.1398623845735885,18.960278727056995,12.365654113416106,1.3873912774585317
951,1.1337204465718191,21.32758672963526,13.369071929097316,1.8138448305204944
952,1.1363264382044695,20.124888892203263,13.232853865247348,1.8058629722222355
953,1.1336610857680818,18.925677873715884,13.73049638628901,2.046686174993452
954,1.1380707289971308,19.167609491359368,12.088506332061923,2.703323819407304
955,1.137696759002038,18.15792011206569,12.890760680637534,1.5042074236899345
956,1.1394299023044765,18.576846818476575,13.650060961209663,1.528520465586836
957,1.1347411599967125,20.558612605171458,13.090116302549225,2.616584328121274
958,1.1428128127083206,17.050670678932036,12.495509991121237,1.4054268260389546
959,1.1378510541919855,19.447570143937654,13.351319936772718,1.2421214252297323
960,1.134805078848553,17.747620093195316,12.626394945797827,1.7666628141192227
961,1.140118441232641,18.21815475703505,12.174406692628443,2.2863126079788323
962,1.1353119034259622,17.554527170803443,12.339898998531494,2.139995966828703
963,1.1566818433763142,18.968046390488638,10.438809222058318,2.6613755720739602
1000,1.143008073761342,18.060612665707332,10.629286630077111,4.143171137436707
1001,1.1246480715660407,18.202276133497136,11.970291446257338,1.1125723128009177
1002,1.12715648096881,19.340997828120262,11.559876151885943,3.249172587006029
1003,1.1260343210400805,20.882548652455046,12.853495426105704,1.1755683417152818
1004,1.1198212861386572,20.86971817467467,12.840723907409552,2.70323630016418
1005,1.1261883512253967,21.16279137953329,12.953617452887311,1.3893993183101052
1006,1.1269795235331865,19.887449719677008,12.200329867677729,1.201726959281189
1007,1.1288844728032732,18.216595066844334,12.01552415514837,1.295209317408451
1008,1.1314014947191253,19.736009961379512,11.675691208423181,4.283943886418345
1009,1.125235530714509,21.679539726866878,13.36561599451875,1.3588221064553956
1010,1.1239734632109997,22.110308268283863,13.639817014633968,2.1043428246377602
1011,1.1269727318543277,22.518746803984186,12.457931048266689,0.9603193941747773
1012,1.1285161695175152,17.895413126947837,11.367282411725258,1.9020551720931596
1013,1.1259564801035378,19.430255406970883,11.997704485750877,1.2945694829130485
1014,1.1274941598272086,17.83656594140765,11.806138676771575,2.5468276901415243
1015,1.120917941435926,21.731108383125598,12.14367162474445,1.9213494871449286
1016,1.124412391668791,20.726514367362796,12.069579977312982,7.779831801592689
1017,1.1241064005073766,19.18742783681713,12.210011324451415,1.3327574094080692
1018,1.126450056647414,20.245638448642712,12.433472449890534,1.0984635539281054
1019,1.1287874936091433,20.639834509582123,12.492793882894956,1.5193874244355103
1020,1.1245592708465588,20.599002880892062,12.489865280591435,1.0901246591824976
1021,1.1272048518032618,18.51985146622809,11.789943011121366,1.6485797293266429
1022,1.127413836765262,21.903800386643905,12.278952871354242,1.0429281879043644
1023,1.1274272135903627,17.109098747468764,12.125894643275965,1.3881673776433918
1024,1.1259403791880764,20.43249865255427,13.145481234675714,0.9882926041046077
1025,1.1273805909070365,21.85858392668743,13.246656221651374,1.9424171773480863
1026,1.1278308342264265,19.878166944805944,12.959558276739035,5.53191309531529
1027,1.1299435538367661,20.32147340145329,12.289722094571273,3.0767433804104947
1028,1.1299244008191207,17.809789934247178,12.93192209085826,1.0555455633250481
1029,1.135060646558487,17.51963691884442,12.049519986092024,2.5166200094732867
1030,1.1288944233797362,20.843287621303244,12.877605701966878,4.198047079649357
1031,1.133512555027374,15.883637109681095,11.800131979808974,1.3344490558542543
1032,1.1314258957570538,20.769961825134853,12.573001248055713,1.0061845847028432
1033,1.127502958835579,20.47055327791911,12.6391149816427,1.1666331271817192
1034,1.132066274689083,20.736266361845995,12.376672841188148,0.8922105709653969
1035,1.127365079152669,20.670314659460775,12.728744427023868,1.6020874984919802
1036,1.128519829383651,18.80640080057958,12.315961200038055,3.2291851471940913
1037,1.1360211069803552,19.481046152250237,12.198469180207196,1.3126548055766392
1038,1.1348102119176875,21.220494869550826,12.050025732723212,1.1609644441374616
1039,1.1381096611299706,20.436025719040263,11.52656052583966,1.7674315329782826
1040,1.139064966223656,20.834028827295178,12.158177583286305,0.9204220024148206
1041,1.1291893622934248,22.523502810798792,13.011025222682699,1.9072345648366151
1042,1.1340651321077455,20.893400652928825,12.653193894805025,1.4711124248413947
1043,1.1373946800109151,21.21653098720595,11.60732043465276,4.591744561354362
1044,1.1392782764824645,18.682456172812472,12.13192146899393,0.8513913009419023
1045,1.1393317271564134,18.712943668744973,11.799882269206575,1.464896883059423
1046,1.1382024093200718,19.81553728643574,12.19789034806844,1.8114934688752882
1047,1.1414831230937301,21.1227853058777,12.260222023868431,1.0103669816623582
1048,1.1396602028445981,19.69160783905437,12.259743704665603,5.2896939290892675
1049,1.1389992704834209,21.106410875810166,12.950079420381984,1.0174452702886339
1050,1.1422465784966211,20.25942374731431,11.824547485383519,1.699676473223768
1051,1.1364193250161319,22.194043070567304,13.259047180482625,1.0847980932082222
1052,1.13797783493219,20.960683629234637,12.62511478426857,1.5232817993387822
1053,1.1354634601782707,20.006555590661037,13.40914730337919,1.8523868667122987
1054,1.1430365030877476,20.133124129060278,11.637615453834789,3.000349547619328
1055,1.1406457730465067,19.093793219074374,12.34028264032591,1.2215863300847292
1056,1.1395845445132913,19.448793517402986,13.09644732652362,1.5869010196925164
1057,1.1377470352815902,21.47116275994589,12.569285388773134,2.1617770719567586
1058,1.1413411713504282,18.427702006424163,12.52226449858963,1.4992015050022465
1059,1.1394542550359967,20.63578148412912,12.915195385184186,1.553822372842535
1060,1.1360252097585266,18.724338460406972,12.422289198827404,1.250357013080691
1061,1.1410999649288096,19.213559775703995,12.049292248699208,1.2493887070129623
1062,1.1372854283960883,18.521332841254182,12.039524314466526,1.3567041846172796
1063,1.159166378589765,19.883994472099463,10.665649490849464,1.8100902078450614
1100,1.142286972172205,19.227160787479328,10.743344279877713,3.420665935894176
1101,1.124669953330516,19.64524211477861,11.82320083017356,1.6532516706586302
1102,1.1276972231513571,20.171122305825676,11.093280510328459,4.000274038983821
1103,1.1244098654605057,22.092612172265063,12.969780214815408,1.3427380164010785
1104,1.1175129009578448,22.36324771290261,12.67877946755263,3.3752219357937614
1105,1.1219213136705333,22.26265924362764,12.811569789235751,1.318598167294233
1106,1.1287070294375054,20.55658944395969,12.127814564751421,0.9870544957840882
1107,1.12687760343085,19.149280220106007,11.561535986801877,2.242875566913579
1108,1.1282220167871164,20.693027226506644,11.620194813256953,3.746878195456885
1109,1.1248624178605542,22.479930277789585,12.783858601876805,1.1904304842672875
1110,1.1221579935614867,22.684049953429945,13.06952499216387,2.03904739629631
1111,1.1226143644511597,23.474600409800892,12.07558471281882,1.2730328355510525
1112,1.1266381228537483,18.73832937956028,11.091841903374963,1.3146252820072943
1113,1.1223506153462357,20.586399732306962,11.833440119078618,1.3838268200139399
1114,1.1246035174043032,18.754061079883435,11.503727333360892,2.6445759241058022
1115,1.1188647969571546,22.654935629454478,11.834372098027519,2.150096474874396
1116,1.1220236812372606,21.677743447362054,11.154740345020809,7.96084789844038
1117,1.1229626586936412,19.884134878971906,11.736472111817234,1.6354183529340864
1118,1.123076604041242,21.120527523897472,12.450465524344652,1.35453090659592
1119,1.1254384230938366,21.749224092237185,11.916776596020947,1.620075987766709
1120,1.1211535061071423,21.828384408609647,12.129627535491167,0.8896454851025666
1121,1.1251514598589145,19.545559455834425,11.426445706067838,1.383592021438105
1122,1.123195290246037,22.703000733656516,11.936404910936616,1.537174406757686
1123,1.123025468365527,18.579707795642967,11.673212267339728,1.288460983456321
1124,1.1225965995159888,21.62291816617857,12.862686173664624,1.05292814747644
1125,1.1252119989834888,22.753607819643396,12.73821398477028,2.227631489743379
1126,1.1243977912474312,20.88611264905892,12.508864578923964,5.7022661947458575
1127,1.1281948508608994,21.1797281142543,11.672156381115059,1.8265551976096133
1128,1.127020661076984,18.896383298227068,12.602605736209858,2.3168506068366255
1129,1.1334549345990814,18.60443808649434,11.330547550941208,2.0616645886731897
1130,1.1246953335994456,21.838007481975836,12.469907618488406,2.731376709491009
1131,1.1319107410239788,17.16717613085517,11.221079911596402,1.5262588678554105
1132,1.1281241817042624,22.0389166373302,11.969537282102642,1.312752958707685
1133,1.124630347348721,21.683131251950716,12.380779312875598,1.267234785554955
1134,1.1275694779964198,21.585577452643467,12.611715400908563,1.245788130289841
1135,1.1261724989924728,21.95898137405423,11.825020119191409,1.3363568019211443
1136,1.125854336631389,19.8014180093356,11.911874623133016,2.7932398282629687
1137,1.1348711559929259,20.47874229637439,11.843971200699235,1.2411985725816177
1138,1.1293404061029135,22.170728316745528,11.899277689331448,1.2815035917179987
1139,1.135174346788397,21.541038677870848,11.306461014694927,1.489627166815328
1140,1.1387111382054969,21.688517968277463,11.51953705277798,1.1739955335923766
1141,1.1289441843619736,22.93057966885702,12.35070891480413,2.47889045871068
1142,1.1308883961981135,22.207137826244427,11.884233965515495,1.5774564174798031
1143,1.1334938646187627,21.982530228690585,11.192369849595304,3.315780868939962
1144,1.1349134435738262,19.79963188310442,11.753719829590507,1.3326610817452949
1145,1.135541632343932,19.742439877140825,11.174370444017732,0.9257812060694569
1146,1.1315393674787617,21.299515948183046,11.934330565831624,1.5174793085329625
1147,1.138468001570992,22.063123479015147,11.76582694077826,1.5822738245373298
1148,1.1401058643288373,19.9595018953725,11.57874958806874,3.377704757679697
1149,1.141763833700683,21.3334517336482,12.382103777341486,1.2277035848390707
1150,1.1363194216125907,21.080008245120936,11.85466710233107,1.1614246941878061
1151,1.1303486506506106,23.575138905846657,12.638514839596189,1.445334422495894
1152,1.1351954327398557,21.996477517800034,12.294887876725117,1.7226833769940078
1153,1.1305047861847148,21.370198990013037,12.84741419878231,1.7452417673921874
1154,1.1373788758533325,21.362478941407048,11.23202705797227,3.8492967949179087
1155,1.1360211866127905,20.156162478400113,12.19600000697616,1.172089218902276
1156,1.1360110495130986,20.680509088651743,13.016909616018344,1.6383740893287735
1157,1.1355015128528658,22.427650840731324,12.01972602134462,2.4177501563372217
1158,1.1382615971059775,19.258869352214926,12.082860629043186,1.5092324894143938
1159,1.1367223071033092,21.461099980989502,12.552661360951115,1.2776133966297543
1160,1.132073145068564,19.974207345391736,11.905106446185087,1.304135164759062
1161,1.1401001865152645,20.317282205557138,11.462347246327958,1.6555902985860758
1162,1.1347328008091913,19.772776024066786,11.856538460910055,2.138629724701419
1163,1.156272492562874,20.73754578686938,10.923968694486264,1.4839755758050823
1200,1.141399583498809,22.39311437919415,10.661542896242015,5.960049434314635
1201,1.1249773439924085,22.402282540207764,11.615654110280543,1.6203465443876972
1202,1.1265081001309765,22.92072314231748,10.525986537044913,3.4529795698843575
1203,1.1250942867777667,24.299618305696455,12.299986309610441,1.2065045843885227
1204,1.1189332497811193,24.95253519591959,12.039740779508552,2.5686852610671345
1205,1.1221031195099596,24.909619130548307,12.730385312396233,2.022562907180004
1206,1.1275400584085986,22.90477905770355,11.642350724105379,1.2770830456589533
1207,1.1250738703878769,21.717501749242622,11.360935639537184,1.3084540209274442
1208,1.1264645191083604,23.53825293549645,11.077175191218606,3.1084393385461313
1209,1.120593241406315,25.44955008822761,12.47099555356471,1.6686645083995928
1210,1.1224206314543677,25.590569227415827,13.032746195551377,2.2298716751737095
1211,1.123478858125856,25.31440286890634,11.56153841409734,1.17282601775064
1212,1.125504135212349,21.20627419824885,10.457291437290696,1.0900219035101106
1213,1.1214525090095826,22.943476662725367,11.517761380592319,1.0295384018321272
1214,1.123301306614888,21.406009331014552,10.863093381222246,3.0595540336609472
1215,1.1198057794145968,25.054383304590008,11.052014018607226,2.000536197344189
1216,1.1218164079262423,23.912742607945706,10.90541495518061,7.960966615189895
1217,1.121679802409391,22.59416227162763,11.513737702592962,1.1644484826370052
1218,1.1225532579907196,23.65957021519875,12.024732676713374,1.3875737217316146
1219,1.1230003463457194,24.219618017869685,11.94064369889053,1.8930737804363076
1220,1.1207646190324325,24.003048888633494,11.656065483954446,0.8565468758466622
1221,1.1228444001021303,21.831044606514425,10.95398381869885,1.4153914430474595
1222,1.1223144160174456,25.43768875280565,11.810039755258003,1.1420861678937435
1223,1.121222702721522,20.75442257928193,11.256734598958412,1.0467959447484012
1224,1.1213051505079719,24.139214475806806,12.415674244782881,1.0725682414998725
1225,1.1231415488834608,25.861503157320982,12.503287570270425,1.7640414278554304
1226,1.1234007377958601,23.42016680845652,11.971357349843716,5.728135722924536
1227,1.1249161830686527,23.8915241145222,11.087502147678663,1.9388397112546345
1228,1.1225016586785737,21.835625982117378,12.300716094732074,1.5373340707252874
1229,1.1292129405912288,21.283322009959825,11.151105005620336,2.104952524145781
1230,1.1237727209305004,24.480896655487516,11.717661978832432,4.3196570224191575
1231,1.1293179541730236,19.469169484056927,11.073938243827811,1.1319179822318353
1232,1.1284857686342797,24.473562826233216,11.510734969386286,1.1066407613964309
1233,1.1228915816188478,24.094600808358,12.070642763512858,1.0783938172262855
1234,1.129199696121482,24.18552409373419,11.588957042380096,0.9409932346542481
1235,1.1228178849594888,24.624705929796924,11.94149868389657,2.1564543345920613
1236,1.1248779604074335,22.868438042058123,11.531048162972665,2.800300213837947
1237,1.1329933227476754,23.290450040959183,11.420630098975025,1.6338147568612214
1238,1.1271013331273059,24.704224105210976,11.413605487135394,1.1326705565281285
1239,1.1336937256759982,24.013401732907685,11.305838856105693,1.1586108057143905
1240,1.1363810767282039,24.11806087655519,11.325948595178756,1.46939770901692
1241,1.1265494889534664,25.723449443071978,12.30346165079179,1.3737135196804593
1242,1.12976364694889,24.391173410406747,11.702530425081466,1.2153872885818335
1243,1.1332021368409138,24.59973659760955,10.770212750937056,4.775135277151408
1244,1.1338230804790017,22.56994627815756,11.16335354194329,0.9657439793324393
1245,1.1327235199349242,22.391177922820468,10.73468322627133,1.6127718096416481
1246,1.1322158745456097,23.971325399133416,11.490600910740401,1.475342173008421
1247,1.1382654415119462,24.264490137517328,11.548840789445327,1.2638463760486522
1248,1.1347669972193928,23.5326216890259,11.516369118378293,5.671521349369338
1249,1.1364602813873006,24.693226660004928,11.965712376964094,0.8717738969870098
1250,1.1337409247812331,23.905236679889747,11.35464488216339,1.0669377136884062
1251,1.1297758848533932,25.912847116262423,12.76847529437167,1.2844159629884497
1252,1.133149114533758,24.552255295521952,11.909846974867921,1.974351467905803
1253,1.1297704982032284,23.89535397166115,12.302432858604194,2.085538978332479
1254,1.1358666460634042,23.8858372991153,10.99667987455809,3.5104435914338126
1255,1.1337132438702833,22.998618817848033,11.522315374786771,1.2891599457189453
1256,1.1350625389387148,22.839471270223044,12.665008833070901,1.4286203310515309
1257,1.133056911977293,25.35047427804433,11.767092804707136,2.1893974264284135
1258,1.135552815778599,21.86013393454307,11.73856649085862,1.3225796598874549
1259,1.1349930492196096,24.21018017123722,11.632883158799961,1.2786796159646474
1260,1.13232317652528,22.115354833169544,11.983168620316095,1.372477068721395
1261,1.1357965300475092,22.940722403861724,11.181000798620449,1.3536068520361637
1262,1.1327099478774123,22.68124942287143,11.694235826717362,1.2286705641372244
1263,1.1552746080812215,23.042019117540057,10.884669611980652,2.535245798709843
1300,1.1456039555683235,18.626037476750753,10.66484216903117,3.882804180859818
1301,1.1281159110639134,18.989320007778712,11.751342948303016,1.3608348688482017
1302,1.1276786100490823,19.853411907948036,11.360090985869142,3.934113910208703
1303,1.123642874680343,21.421481710547372,12.958483038882806,1.1543506470037257
1304,1.1179269329817276,21.654344903063453,12.750763719789,2.890427499112208
1305,1.1222333352219471,21.987838133993428,13.241699553465788,1.1105000246291328
1306,1.1247776479138452,20.357056182218546,12.528597696655172,1.1250799656346864
1307,1.1233833153465322,18.718136540079286,11.713613843087298,1.1563863687012985
1308,1.123983271567114,20.683722615312767,11.505500552486643,4.178874783312209
1309,1.1215875705379028,22.02532708505582,12.829555113693496,1.88041884986715
1310,1.1197559980442686,22.66685339782051,13.295808339031694,2.1109043215647083
1311,1.1225562084422847,22.877973669851553,12.205137718014907,1.4695226082566875
1312,1.123539849566935,18.71162202935434,11.102730135907867,1.3330574267496043
1313,1.1207915861818591,20.33127258262068,11.95010720718636,1.0756795895376878
1314,1.121160328816959,18.435237047483994,11.538020911682246,2.959968609542524
1315,1.1179056611399973,22.23516702368342,11.634356386758821,2.039237636251632
1316,1.1201614588197968,21.390931469935232,11.566922883226187,8.606311047204688
1317,1.1211531402627088,19.86992350543614,11.79092289101626,1.410313475903863
1318,1.1214628176634998,20.639815451561553,12.569266173304003,1.2867317050044578
1319,1.124451874923504,21.160577159880667,12.225458132729319,2.722336708528589
1320,1.1212852216231661,21.4129012730137,12.083761900730394,1.5308070582953435
1321,1.1214784627743823,19.32909579538264,11.47232243607055,1.433585860126752
1322,1.1215233691708457,23.08267677737724,12.244748568315751,1.5523340775933332
1323,1.1221737989114997,18.150880000846975,12.022646398808552,1.2368961868529391
1324,1.122313132575543,20.960336324558288,12.76291214515754,1.1420103240674433
1325,1.12242528473933,22.98593107642644,12.713117180682152,1.3550887815812964
1326,1.1244711958648932,20.395543498100807,12.641609663392714,7.876372887453694
1327,1.1265488706434779,20.934746020130003,11.76075389028696,3.028639306204078
1328,1.1233691533522914,18.680839238644317,13.082378595140266,0.9614082740586393
1329,1.1295379174658708,18.294387881994368,11.95071125526106,2.5601739208345577
1330,1.1221769947844755,21.65390285112108,12.979675690494462,4.2611390916011445
1331,1.1288743740796472,16.588592297774717,11.633646835716537,1.3466380813602268
1332,1.1271181415065286,21.719474790210185,12.313912072916667,1.4283214205470212
1333,1.1224090525438792,21.155976233869453,12.828499952960966,1.2365771227213878
1334,1.1292666232591275,21.171438355953253,12.347251362055582,1.5059014978902634
1335,1.1225344756865658,21.58172175146058,12.497014463634708,2.766947341281207
1336,1.1242495063552054,19.638208810849598,12.184034058398254,3.633450297514604
1337,1.1313272151224296,20.32464463214732,11.989077529850952,1.5011993247323596
1338,1.1260698388485755,22.087748218043362,12.00022650236131,1.6821066796936046
1339,1.1304563195995514,21.094335312602812,11.649671028853952,1.3771075344791244
1340,1.133328362931545,21.415372396780803,11.900003127884673,1.2845392816731958
1341,1.1244338965598388,23.151180001600252,12.977656089897875,2.462964372530571
1342,1.1263089559002368,21.772190358823668,12.465057081648627,1.2047824146521244
1343,1.1305949150269612,21.724851102843118,11.437326539241226,4.806311788778802
1344,1.1324682197139109,19.65988974054302,11.625125476765042,1.179515420795223
1345,1.1308178411437149,19.438059853279707,11.617670112897756,2.274300289300851
1346,1.1300266795565876,20.954394855536883,11.789447182050704,1.8919955776747535
1347,1.133139949715927,21.839440493972678,11.807488000362687,1.3716946037256772
1348,1.1296912411341526,20.25375870054838,12.12494670556665,5.005274249034345
1349,1.1307379233817691,21.379805189354876,12.304827182193266,1.7804547986899668
1350,1.130967179501357,20.938304317181696,12.01182825350705,1.343855219609735
1351,1.1264468986114213,23.01613504968223,13.234370083280817,1.126890139160438
1352,1.12957454866588,21.874685808496288,12.267867332647864,1.1942781810801564
1353,1.1262081835071949,21.09560564857069,13.273451216352056,2.441628560928229
1354,1.1295045801730046,21.189139492657816,11.431557369822176,2.2067918948737244
1355,1.1316189159740127,20.069962869454024,12.344842503245854,1.1943600124212774
1356,1.1309320798569868,20.30544064525119,13.049594713115725,1.060674272198306
1357,1.1288144414599224,22.277776433920927,12.401829030012792,3.218476651478905
1358,1.134659188919108,19.211245249894805,12.283765121560366,1.2027371031189225
1359,1.1327996529665891,21.030621419450263,12.599082973658485,2.338838277217888
1360,1.1285661238788984,19.493243704776987,12.223223743731399,1.0733758397452395
1361,1.136039219578931,19.823612628480195,11.632498259864349,1.903811988499301
1362,1.133669247734903,19.212164298049352,11.67276177285656,1.4573507250872755
1363,1.1542733036795685,20.35718047844218,10.481336475835453,2.630186373129478
1400,1.1421122561915928,22.80996153989293,13.82627039696838,6.732149314166869
1401,1.1176184199709351,24.788550866303225,15.092130770265749,3.1568091123341304
1402,1.1157884672822618,26.376832107344587,14.8453689660667,6.4679353466087806
1403,1.1126704909957057,28.453859063144357,16.18980430633605,2.3226502194699394
1404,1.1066087956411743,29.526524947447367,15.908828607743269,8.795588705222197
1405,1.1109369095792225,29.866778421740218,16.127530183040264,2.5706986007370007
1406,1.1146785296596153,28.08286081718435,15.526892671454547,2.6594606453710625
1407,1.1131479328303335,26.698853753711152,15.407061997224861,2.7217190014406922
1408,1.1129440883245425,28.49102799937896,14.908241300617256,11.550040327320154
1409,1.1096918867835617,30.162372660577137,15.942115410827096,2.8336788364911887
1410,1.1097496749462425,30.722331479938813,16.221816757147188,5.17981849544984
1411,1.1114087500157268,30.76155805148765,15.481466903688062,3.737894186493476
1412,1.1136138867025085,26.009511080409315,14.489492041739668,3.8980309004520524
1413,1.1097614189682659,27.9144634901406,15.432414220551097,4.6371267204779505
1414,1.1122756826919822,26.14142607334799,15.020872124155938,6.944033613115783
1415,1.1050320069998765,29.89632080449152,15.097357694684064,7.315639667549057
1416,1.10886561875155,28.96747257788621,15.134717374129762,19.913327648379113
1417,1.1104720477062482,26.891746456931198,15.166013670095326,3.4911537910821657
1418,1.1132206599789014,28.217070665322424,15.377650156103645,2.9220385667834408
1419,1.1128655313684457,28.904004356528336,15.38490974073147,3.456628044716644
1420,1.1093436839460906,29.12029978037702,15.315821711441233,3.451741468063645
1421,1.1126685046165266,26.981340648513616,14.941846887552353,3.884046259085142
1422,1.1122530391733594,30.363859039391226,15.345285275135181,3.8604205450057445
1423,1.1119160775367924,25.818551431589373,14.788403527070622,2.4534458434526343
1424,1.1111411807582918,28.838763481469968,15.886899109411068,3.698707836290436
1425,1.1106227488486098,30.666280897151317,16.013494581329017,4.187098715646955
1426,1.1123131954212138,28.163250260363057,15.962166557244915,12.83754640713578
1427,1.1148416837920445,28.837665805380375,15.063578041844519,7.708762176508242
1428,1.1148136853957016,26.46278902494455,15.615482934899424,3.5694395244085024
1429,1.1190809938506936,26.02018799648292,14.661615383919369,4.262818441472132
1430,1.1142177208212245,29.345788027201532,15.8671460044695,14.39711143856004
1431,1.118437646590693,24.476798044204585,14.867939295400639,2.516339879639414
1432,1.11693133933357,29.848868647930463,15.1793060153504,3.0914230964401397
1433,1.1120203457204334,29.478172180748025,15.583127935293463,2.766356113640859
1434,1.1159383045481104,29.377513836553934,15.58951686274475,2.776135171018652
1435,1.1130621918445678,29.592591458253118,15.410540004045492,3.8404357586255267
1436,1.113261333455449,27.513777826923267,15.615173444470887,8.474009488206969
1437,1.1206190462298593,28.41163510971225,15.018526838687535,3.340971950022923
1438,1.117075997164898,30.046456758741392,15.325701015849306,2.7698286396918
1439,1.1196839197849267,29.23777675764005,14.973025400651396,3.9354161932017004
1440,1.1238404488708256,29.443600444592725,15.17327122535515,3.4869738590331876
1441,1.1120367544423486,31.299756093833018,15.932031603313474,6.290698062603426
1442,1.116001051660115,29.856452299895537,15.669628354248166,3.361298624294307
1443,1.117692333475293,29.939937750468296,14.83537389090497,13.331900900309146
1444,1.1191299715767042,27.603332491571262,14.855847484515078,3.420255380094013
1445,1.1183260618161988,27.654674678178267,15.074157726537964,3.383319538962644
1446,1.118338467202004,28.89150343569585,15.128679952235704,5.387953021806964
1447,1.1209933214133663,29.787382318581276,15.46205158166497,2.761882161109336
1448,1.1172024293716085,28.22256635142764,15.159053494862661,13.14395526636785
1449,1.1164502753880747,29.767826993804874,15.558181360493995,3.453445637444016
1450,1.1176213282905783,28.65363426151541,15.129667582073504,3.3369905436607894
1451,1.1119283281305068,31.18800849403383,16.126894201592147,3.616573778163196
1452,1.1149272431232478,29.76392737604449,15.487336733178697,4.645788720330485
1453,1.111077644541271,29.048319348933322,16.17161401350487,5.253857681914377
1454,1.116394036624281,28.998354608525787,15.083649004551877,8.881665545058485
1455,1.117482259887943,27.927420817344274,15.630837266160928,4.898448939062432
1456,1.1165255874762796,28.034162625564537,16.22014514414187,2.8846292713382615
1457,1.11608787955461,30.01647761368232,15.243071238124614,7.582355108338715
1458,1.1194971552438575,26.50852245428531,15.52905589124484,3.0592264832108422
1459,1.118426994115594,28.547069933586506,15.927539833698962,2.782827933315028
1460,1.1153935736892058,26.442484923346214,15.339341293998054,2.894884190718035
1461,1.1220637393694881,26.118559136957202,14.916987779948228,4.0357734273025425
1462,1.119846466259919,24.33246735218068,14.825609630415714,3.0183961062008304
1463,1.1490066803677148,24.240257421408046,13.614164980613971,3.500553491923946
1600,1.14611481628137,21.78055215988863,10.99844301491405,4.445985375117922
1601,1.1262201850764684,21.857536019627616,12.116421703646207,1.1758375989679433
1602,1.1263374709827347,22.27927054021335,11.249597712974891,2.4195782278007507
1603,1.123229866535333,23.735472287057377,12.822283043593792,1.2922735508705134
1604,1.1162687695877187,24.19067216653693,12.440905574536378,2.0123875334848838
1605,1.1181437837569475,24.18315230964194,12.983258270923251,1.31355689591105
1606,1.1242200825050948,22.542530591850735,11.76398202932816,1.2741770861907455
1607,1.122455598280519,21.108084742096707,11.591740386513234,1.3871300286149792
1608,1.1234335847107622,22.77090985398274,11.408488121798463,3.226245698082051
1609,1.1187036448956926,24.405290286117744,12.404990829511904,0.9089270815267447
1610,1.1191068411413854,24.836630080752997,13.043797607352628,2.012497977051191
1611,1.1195767270882695,25.19319985259313,11.76291670653517,1.5431227994173646
1612,1.1197688053615291,20.871957920378247,10.771684424998721,1.7125503418805403
1613,1.1196887046668698,22.519097231481837,11.417219203913918,1.5833052841583783
1614,1.120727777998988,20.53673115979748,11.501187305900999,2.5768836265790465
1615,1.1154097828609961,24.326520872186062,11.706873073453172,2.7143848188745237
1616,1.1179203328051013,23.402927389161206,11.452585111773633,7.080948510146233
1617,1.1184853814790126,21.896659425076205,11.862640063757167,1.5041177104835748
1618,1.1210242187004993,23.015999559389595,12.345756073753549,1.4002833193901247
1619,1.1242925820222893,23.614661747922096,11.614500488694539,0.8786233986025972
1620,1.1187406195153282,23.520830954507986,12.111823911621798,1.0864944926198072
1621,1.1213808896051223,21.488666547536763,11.507191312845219,1.692091168793816
1622,1.1214896053058523,24.732457924575606,12.33510200388514,1.4943118050039035
1623,1.1209702715351555,20.107120583708607,11.57103416378494,2.4495248670554175
1624,1.1197357587583838,23.225436861212614,12.736941255573766,1.2746553155654208
1625,1.1224018315364566,25.04682449297387,12.746685927048123,1.6178069088311093
1626,1.1216097110751133,22.827531850525414,12.35281721637696,5.501390794410516
1627,1.1229919076883121,23.20808594445874,11.80581542303692,1.449283155609915
1628,1.123718937953983,20.77985081968049,12.078504543722682,1.8133415485135913
1629,1.1305126539633497,20.236215365386016,11.067344327024136,1.4349336566082587
1630,1.122524866510916,23.44859875471842,12.4323937644276,2.4876862499884775
1631,1.1286103338861566,18.662722500370943,11.186964403155166,1.1252443649234605
1632,1.1264280657684802,23.867152493122163,12.090684447211457,1.5886666360658916
1633,1.122517942750822,23.497495736843995,12.281764260351402,1.7136039402739602
1634,1.1275060897611935,23.163744828138906,12.26511818568916,1.1350176921540371
1635,1.1233355366821145,23.487833248434786,12.216177548865112,1.2180295214584669
1636,1.1225141380699206,21.90610611168983,11.871102232084747,2.8289767150188534
1637,1.1302013544425622,22.268656930685314,11.487943597994256,1.3640711468908837
1638,1.1239591090736658,24.318108261604007,11.71229065942585,1.593206298473304
1639,1.1273331773696311,23.74015231002326,11.292735014849237,1.5677481544609786
1640,1.1328225725397436,23.462200280039426,11.890608391518448,1.5208783061511377
1641,1.1203041493282604,25.28431529823671,12.680724871416452,1.7672462642515512
1642,1.1234010631153448,24.329172003405727,12.391527900357241,2.081527886765551
1643,1.1276221790162697,23.9677998437159,11.396152823986808,3.380199125678843
1644,1.12792871563221,21.74562847936981,11.405778552824845,1.5590211108619196
1645,1.1268766111068362,21.749064783140906,11.228214373448079,0.9949694717380844
1646,1.1237683835163093,23.148804062786716,11.645424911888,1.1624551865491346
1647,1.1283331054696695,23.96605752840385,12.080902648511573,1.2294385027264918
1648,1.1216487698220323,22.385146371704916,11.885867734619788,4.047293667199919
1649,1.1260190837512574,23.506599597057818,12.216304440195682,1.3445850718040733
1650,1.1235376163032902,22.976801642645473,11.741687651982106,1.4368078546773215
1651,1.1191410211687214,25.775333007770744,13.112038462837909,1.491798305825809
1652,1.1219139079696443,24.221487696155506,12.45239128007009,1.4644391238232772
1653,1.1177819780576068,23.523601574772727,12.656321063989003,1.2170852610199918
1654,1.1224466258778627,23.211918763234056,11.436388174257573,2.890980863400542
1655,1.1233842619147154,22.27596821765804,12.165489484692952,1.0717775492292207
1656,1.122000782783066,23.133165947135513,12.972455208879472,2.0455360905355318
1657,1.1230912217565585,24.23649604823508,12.061366984635596,2.0528997605856922
1658,1.1242108813274607,21.394809905405793,12.217102513890097,1.4216438756498935
1659,1.125583450403213,23.30462963466756,12.418779232902748,0.9601531049757503
1660,1.1212493240760604,21.614989417315776,12.01931439641248,1.5843758002808086
1661,1.1296465513105667,22.236950112278194,11.7256205968621,1.8868457322895102
1662,1.1257552959913608,22.03215761656699,12.034014249049232,1.0760728616361592
1663,1.1499710392654376,23.306267922806562,11.360950908340092,2.7227197234324216
1700,1.1511912343870496,20.76670838093502,10.83437879702322,3.3746779711868826
1701,1.1316850047914397,20.791298546938883,12.400326592222994,1.4745793434293393
1702,1.1296358156262885,21.518391362758948,11.789873052385573,3.447460495682088
1703,1.1277637967747898,22.850774989845185,12.811743734114632,1.0869027257863104
1704,1.1188287803084587,23.41387729636716,13.296955464003393,3.2183026602024603
1705,1.1220163825368086,23.68898771403134,13.46815903409303,1.0247419963335413
1706,1.1265220502057043,21.775866941192092,12.655812427279011,1.566483744816853
1707,1.125863827779051,20.26132757620839,11.971505928849021,1.3930784721364564
1708,1.1261993242731463,21.917122527923315,12.058480890022238,2.400249484217138
1709,1.120541104299603,24.1147499550446,13.305899410979242,0.9343314230143497
1710,1.1220259662830572,24.08062099726296,13.616721817234124,1.8575776029095659
1711,1.1233603225434796,24.59814274784015,12.741649445898263,0.9640727025162145
1712,1.1243889809280734,20.07792632597741,11.431915639382735,1.2798654295087109
1713,1.1223370059069564,21.65805003735094,12.39572476762503,1.1401278408424271
1714,1.1244589223331083,19.75948098913194,11.996944110408501,3.1192088179891284
1715,1.1178222075324962,23.9259291950492,12.575894973844456,1.979010781705168
1716,1.1232163123699057,22.64548286588185,11.917982246303781,6.562713211195545
1717,1.125039648704042,20.72882098388425,12.21611455565573,1.4712833889531398
1718,1.125746544956366,22.334188400092586,12.6220208762916,1.2916641233839126
1719,1.1279727595502262,22.872081117200842,12.32047340166232,2.4938856719372295
1720,1.1238845868702132,22.818113446267976,12.658891749983196,1.4920305892800936
1721,1.1266192781109623,20.906079607754734,11.710275709920436,1.3230372983536187
1722,1.124921578356174,24.22096104474674,12.344415892006415,1.26235158217975
1723,1.127507217804293,19.41822590079738,11.922770479668362,1.2068709463158767
1724,1.1252938935847048,22.693401120266422,13.065074035154433,1.1188753316288758
1725,1.1260630505815403,24.044484498384893,13.234765713359305,2.2760549729868798
1726,1.126702172716224,21.687766754991795,12.75620612446927,4.295673495471432
1727,1.1283438508063355,22.382827025439596,12.23836427523656,1.9560566867655198
1728,1.127980919040105,20.349870434213294,12.943423171488115,1.4285763406606486
1729,1.133114336606815,19.777219353342772,12.050417506156865,2.6381838721123483
1730,1.127014020761606,22.947663281848417,13.052663004618735,4.074199648837906
1731,1.1314698532340506,17.95113594597949,11.767185289905155,1.1690299682212533
1732,1.1317942584309242,23.15529056140325,12.67727253466546,1.469712759920948
1733,1.1253512227351419,22.609745678256925,13.089651323106173,1.0446235977339844
1734,1.1299494986461567,22.777231104797124,12.84592457973463,2.3874789554602636
1735,1.1260986394556345,23.325110460270675,12.961113882394873,1.537490308265535
1736,1.1275135675953714,21.018396336148058,12.646650981246276,2.2153425072271697
1737,1.1341470795292519,21.59197021900412,11.725625749969046,1.4169195838583832
1738,1.1303646000942413,23.67189118298254,12.348986566342974,1.8339429157975513
1739,1.133053194985389,22.75312247878264,12.17143519197787,1.8376507300284302
1740,1.1356156187043134,22.75060546841202,12.247815013726557,1.2063399944470765
1741,1.1259461031415794,24.49147293862426,13.378527992564598,1.9569564739459524
1742,1.1274438095909565,23.523776205840893,12.78662401398881,1.519765099121115
1743,1.130366513389889,23.146705765766452,11.775814658542282,3.7351673710730373
1744,1.1320812848129902,20.95110722986006,11.941610848673943,1.2218519535019903
1745,1.1306373576086528,21.004837681661478,12.089961480539131,3.060980031511154
1746,1.126724115942447,22.894592416872403,12.205633197996292,2.3943557334520924
1747,1.1320941448850168,23.201620262908918,12.469817142604573,1.3307953611513346
1748,1.1254401667397003,21.604288996953535,12.600774862114722,5.711778523996034
1749,1.1263750161600383,22.951063334851607,13.202240409493307,1.3345156901803243
1750,1.128465704916761,22.277245448383315,12.05316564656748,2.452497951532296
1751,1.1230864957934499,24.34795246373043,13.644147399453628,1.0297359761977274
1752,1.124793491119337,23.331674700793524,12.654168883788534,1.1882003217700021
1753,1.1223847806875749,22.86702192284819,13.502928737859069,2.189980303248994
1754,1.1247885039509673,22.62127320657848,11.629103157741692,2.768248389953848
1755,1.125912505800614,21.487167459097712,12.578443898770066,1.359590839015974
1756,1.127568872055702,21.706643608980784,13.49275041207975,0.7904070631170906
1757,1.124882458180002,23.591580588449204,12.624850912281323,4.348874033257856
1758,1.130037731456555,20.34702753942127,12.854174417756271,0.7622791651676257
1759,1.1288432281530276,22.826024842542935,13.064909396847977,1.3772271505451834
1760,1.1255250320091408,20.64704562535489,12.668088138871697,1.0726791753914635
1761,1.133853414942901,21.213366553580055,12.027789980374179,0.9476846881113771
1762,1.1321032356262197,21.03571599845354,12.176886907819757,1.291189191540686
1763,1.1543651423356223,22.11279254687402,11.20914213846922,1.824711428561636
1800,1.1527332227056797,20.108464966212647,10.954138771995256,2.376576011237766
1801,1.131050546174232,20.214962326448777,12.070486791380082,1.629189375157079
1802,1.1312461409790637,20.726638385202214,11.312858690254037,2.447539230817845
1803,1.1291898725464855,21.72437750808936,13.051456664169539,1.1685552153467564
1804,1.1223044475360362,22.34405967219486,12.854185478714696,3.163370910900046
1805,1.1274105997372457,22.371013046106537,13.249967721772828,1.1875036446989695
1806,1.1284658388686817,20.89115836014474,12.200461877357148,0.9828357079408662
1807,1.1265303943203984,19.621190239580795,11.915278175540253,1.1783630393175433
1808,1.1279384432315673,21.06737554931228,11.769418943236076,3.48972868127229
1809,1.1236437617085007,23.036090552855278,12.902789206438491,1.0702529043260096
1810,1.1231476204908888,23.071722546089635,13.376794848722291,2.697243179351814
1811,1.1262265971801317,23.677809363744878,12.435250177973842,1.3667499330405026
1812,1.1275593870101919,18.946045281282732,11.423403836406662,1.1782584031272125
1813,1.1230808077748269,20.862837491100414,12.20968839822037,1.3558316702401694
1814,1.1262890703643136,19.1145286198533,11.84304129264379,1.964856006461911
1815,1.1213675795703109,22.649861394630644,12.242428354017639,1.4141834860619111
1816,1.1256409814189368,21.5592245156612,11.674431300136447,5.262308062489281
1817,1.123890371089337,20.3859223016506,12.018767154891972,0.9672309049319798
1818,1.128119025753326,21.039328706329734,12.663145062429248,1.2661627641091373
1819,1.1295591454004987,21.80840619352126,12.260258382857655,1.454513200959022
1820,1.1246568568252697,21.717247141652127,12.575553925823657,0.9219438601138273
1821,1.1288665282288544,19.971625677109255,11.598777029223553,1.1411455595820832
1822,1.1286395602760089,23.030772586626377,12.439902248573711,1.6225703048866087
1823,1.126729647903097,18.68282036609158,12.164690803000205,0.9854106084300851
1824,1.1271896782642197,21.547952902759643,12.811273769194633,1.1010169488748347
1825,1.1288090326663727,23.177982597394337,13.082730215350084,2.403845567206344
1826,1.127014693442955,21.232257926873732,12.811125018986251,4.898066462675827
1827,1.1309051459733908,21.45227407713707,12.121491587556521,2.3740855831827865
1828,1.1283505893658237,19.22855183653688,12.78260259497132,1.3760485863947225
1829,1.13672537096472,18.508122596933028,11.707302268045481,1.4798768794446537
1830,1.1266921245547146,22.282000944044174,12.507684683705708,4.436486567700386
1831,1.1335965282351892,17.120659816848814,11.580781483585296,2.39829969956121
1832,1.1327813501835948,22.39575902822422,12.394981816624236,1.317081205147661
1833,1.1276660951293516,22.015374294623427,12.452460109808575,1.387576262773112
1834,1.1319590912112274,21.537058434056913,12.663364872308206,1.2874514999122788
1835,1.1288776393762043,22.136860880125862,12.366976339157457,1.4770252770684138
1836,1.127877984218707,20.2644713898859,12.543371440439119,2.7106941525991206
1837,1.1361850598071601,20.88261739398327,11.519949088450526,1.232133594016803
1838,1.1309836527084414,22.655064922309506,12.000963679225809,1.1691920209555546
1839,1.1337517156078571,22.17922771763374,11.506241372053209,2.203696764447123
1840,1.137391563214394,21.945539075864843,12.121696600811184,1.8191681231516943
1841,1.1305440056939662,23.50463722142816,12.82074562309791,1.845139770130709
1842,1.1304978231547858,22.173370225436127,12.385899079793308,1.468644975829506
1843,1.131902436699477,22.320316877528594,11.471798352846498,4.398194481674026
1844,1.1338876831411515,20.102578419869683,11.796879397634193,1.4474033370693264
1845,1.1327799320018266,19.90976908373547,11.342565121149043,1.4551244920743762
1846,1.1291412485632926,21.34847304328712,11.896507052878293,1.7377031341699016
1847,1.1328865986855476,22.235790614107312,12.257005617936876,1.391826387419842
1848,1.1280733624021733,20.77618613590793,12.002181735630435,3.791097470586366
1849,1.1281882639306897,22.047547946010063,12.456392870567965,0.8986151345943142
1850,1.1287167218163008,21.463589183898268,12.092839517269054,0.8529328667233609
1851,1.1238838077287758,23.87727844163028,13.300099278680278,1.2256494058629197
1852,1.1261294942657953,22.505009898371128,12.53450938755069,1.7692663175955141
1853,1.122390160452225,21.898937638055845,12.931314761469059,2.048608925399295
1854,1.12606944866221,21.85923781276958,11.247476739959643,3.7882926227495024
1855,1.1268645228649123,20.32988112457596,12.343135284944054,1.2272026043881623
1856,1.1249920479062714,21.196367975764975,13.304855552651368,1.8715935532944576
1857,1.1267213731230274,22.927981917250374,12.277878530128353,2.7730234278675265
1858,1.130309385894328,19.591338071249545,12.470123404347483,1.2573497814618637
1859,1.1304434032047237,21.79580295494549,12.936544354035656,1.3359140566531331
1860,1.1273749903069215,19.737538981746063,12.281892954312262,1.1455595947010313
1861,1.1329858013603191,20.433001497166494,12.286618107414547,2.23052426268918
1862,1.1325530956262095,20.23091600199935,12.185769957572711,1.144861463264104
1863,1.153839226364391,21.43782020748373,11.227977271758144,1.7557519327931002
1900,1.1510668272618165,18.862947697921573,10.747829347372623,3.1678789698975325
1901,1.13447126055308,18.89109466635972,11.866923827110964,1.8493681001529303
1902,1.133164229449113,19.35787905611728,11.040900757909622,3.712648726327363
1903,1.1314203470128792,20.689225345254187,13.036464918175458,1.2242683107851875
1904,1.1246314997047278,21.71158279131013,12.311586421403621,4.353778121238149
1905,1.1267824755528422,21.550590059806943,13.004410640584577,1.121489699550832
1906,1.1305989959809153,20.187971636789257,11.934932854301325,1.1710079304503391
1907,1.1306837072623503,18.475745438522296,11.382505838579753,0.8449591514463991
1908,1.129586310020426,19.927547702171896,11.687566213020823,5.015208970233596
1909,1.1249612861136302,22.169209060622364,12.626837946520672,1.022682305884643
1910,1.1248576236062875,22.335526453812438,13.042922857341601,1.2238856325132124
1911,1.1258365109479445,22.593196520133077,12.155257459505384,1.1976773488960064
1912,1.1294607550005078,17.87178058838735,10.936742924087401,1.297297041030252
1913,1.12511888267857,19.95911030886235,11.778935337782636,1.2420480803941452
1914,1.1287638204852608,17.627481827020784,11.500013791859867,2.230328458122019
1915,1.1223308752992016,21.80785585553137,11.563089005960608,2.9533098152680295
1916,1.1275446634973472,21.041703731062398,10.962385590202015,8.734268874638262
1917,1.1286433264436782,19.302826556600838,11.560854891795154,1.1510392165555927
1918,1.1282740002668217,20.575550935764227,12.012874207793013,1.2019642328094353
1919,1.1303930176991384,21.342655993095562,12.048487285187077,2.1967368006143166
1920,1.1263537556842962,21.08105916838101,12.01355099698141,1.0943097632761825
1921,1.1310349404669215,18.866474330364436,10.970483721979942,1.5258984288844522
1922,1.1293596308949585,22.34672801687082,12.116698061138111,1.0189404202669168
1923,1.127529971212397,17.889151609262402,11.810074747134657,1.0437057456322274
1924,1.1281292841753428,21.156507249325042,12.683702078547972,1.1541073553621723
1925,1.1288875869100574,22.398906221090257,12.814654780742165,1.1910300654781196
1926,1.130310425830584,20.585140317464052,12.14152705765758,4.254364157180853
1927,1.131248682422785,20.941969280353405,12.054306513031461,2.3674661081237267
1928,1.1322645824087654,18.214711932224645,12.42393047210939,1.6884320903304975
1929,1.1371557692022962,17.948812292885652,11.622231814702847,2.9042268934729525
1930,1.1289785658071652,21.242761065205727,12.304891312107777,4.872915609320599
1931,1.1361636859117328,16.47061693157176,11.60013688928141,1.4446112945155396
1932,1.1357353298730195,21.442532640811542,12.073499555469006,1.0128603143477901
1933,1.129744118960987,21.02033866544585,12.267304763960137,1.271256059586039
1934,1.1350416122096605,20.833500209164306,12.56548755859992,1.7831828776299676
1935,1.1309910170186477,21.415048752397013,12.321340190078265,1.4636874331012812
1936,1.1292037800937431,19.591488896543048,12.293161821399671,3.2669201632363247
1937,1.1390067675795839,20.1431526445201,11.599726432090355,1.4198583890586738
1938,1.1330874426110678,21.58094969317581,11.611488242536483,1.061004804777217
1939,1.1378355314817847,20.9747361817486,11.319979232281984,1.0738543707824955
1940,1.13761583846169,21.291337379500217,11.872656870514179,1.016147129933392
1941,1.1283595027921667,22.82229363212812,12.59286065344869,2.4480479608122363
1942,1.1314500898584359,21.535295568782296,12.097998107842255,1.135925717649293
1943,1.1336410547479465,21.621071712664058,10.986171809102846,3.9925000954328764
1944,1.1339009249375454,19.37603312280061,11.725406141146623,1.5632951193605673
1945,1.1326178999669894,19.322460393624134,11.260396958034963,1.603241261525054
1946,1.1310453560916283,20.838184570698985,11.69972935544243,2.0580730706639416
1947,1.1310165405425159,21.736364909352073,11.750136197545823,0.8854568554142815
1948,1.1270097443533242,20.350468264202036,12.008177995365626,6.119008010025313
1949,1.1284435781117514,21.380583607363043,12.363830225764717,1.6652586722956852
1950,1.12941815522682,20.931382996745654,11.670012766603293,1.2481947513333507
1951,1.12339261411262,22.98597945562722,12.969676804683901,1.3400819768126397
1952,1.1253112692099507,21.775502347270542,12.65981056897156,1.7661501203931473
1953,1.1246756095790695,20.822997668559047,12.673135038182027,2.4520541839805716
1954,1.1275966707290948,21.099422691474214,11.27803395288282,3.8547054571414927
1955,1.126226358904385,19.783576284629724,12.046202198649228,0.9687980695981017
1956,1.1276217101267534,19.944763831209414,12.902543403101417,2.5953068773329746
1957,1.1262819550812466,22.000295838560476,12.321478489629662,4.578955088143732
1958,1.1327708990542096,18.40567721092631,12.262164941448331,1.1897177232339518
1959,1.1302512479482762,21.125042492272836,12.401610321686476,1.0626980922134004
1960,1.1280238117187773,18.88345257767978,11.971749953902286,1.1038136484565662
1961,1.1343890541993111,19.535764381810697,11.572207145400956,1.3071062784158765
1962,1.132396788694951,19.1471460398272,11.479914237626824,1.6138310974272012
1963,1.1544619144848194,19.964432500728357,10.73511098270567,2.0256535241311076
2000,1.1497009682958994,19.31657485238313,10.999597477976792,3.176243033620586
2001,1.1333274351583442,19.064956159194526,12.415006909443996,1.5945825909638132
2002,1.1324467431488328,19.676241333547935,11.453816773710948,2.3726653327475056
2003,1.1325398021678792,20.735987554072455,13.049979065107673,1.2510378399650928
2004,1.1256154003620238,21.176654208847356,12.856757792177284,2.582657902849359
2005,1.1276235422820515,21.74969730231038,12.846221131878089,1.0991160917921674
2006,1.130086519528041,19.977846514986748,12.200997641547339,1.2603973580649923
2007,1.127432490204154,18.296099500769778,11.719885892281438,1.7001947365936039
2008,1.1295870949841178,20.34274133204216,11.541150696116503,3.2716299742342043
2009,1.1244091655189443,21.896317313857747,12.932541683180414,1.5593520516580333
2010,1.123145801673994,22.417732722172257,13.323074295133656,1.8506826129744076
2011,1.1237195264088942,22.7954447331923,12.334101973028211,1.0688040239260173
2012,1.1268778760018199,18.315091381660565,11.38544522466376,1.299525953476339
2013,1.1254057764813992,19.977689202797993,11.83377787105804,1.6330015781429983
2014,1.1273696567474611,18.07756119813953,11.374010520355473,1.633262746047468
2015,1.1209219066279055,22.183148932648542,11.877503531712268,1.6754873334731655
2016,1.1267630959253554,21.219711671990428,11.643085421399983,7.162593886311979
2017,1.128314481864044,19.372390305163897,11.857020312120321,0.8602587867662508
2018,1.1295957089636504,20.516787500172548,12.489495965408615,1.406602835544409
2019,1.1300999618005743,20.977579145530186,12.402736881098917,1.488582823814729
2020,1.1259569423357707,21.115405745856606,12.055683349528833,1.415099037700164
2021,1.1311980873007692,19.01056601164619,11.51637330533956,1.3336399999753958
2022,1.129796833139764,22.596613170104895,12.003903149341928,1.307677363952094
2023,1.1276039053166338,17.890406311280085,12.09317645712335,1.375416973506033
2024,1.1304318944135479,20.679401075295466,13.137298052561704,1.1337510692237909
2025,1.1287225893966968,22.477502749602557,13.169386926414791,1.648801619300134
2026,1.131796661293463,20.30772989125563,12.434693654324573,5.635456639179168
2027,1.133775167755936,20.496758086122167,11.72993134872283,1.6257574147097862
2028,1.1305750561430183,18.36576661585782,12.389460795930473,1.10721549311179
2029,1.1358709543667531,17.9462243893893,11.700277484982786,1.9741549761652222
2030,1.130138172736062,21.03887993376815,12.385036448350453,3.9552091560316014
2031,1.135414526984726,16.20009707551845,11.672851644947682,1.177560655624111
2032,1.135860628236999,21.447889225915095,12.56521193443601,1.2623431153056035
2033,1.1286122061519843,21.142896221164353,12.52425147814519,0.9944866956454375
2034,1.1332213148399046,20.781117087769143,12.512990368897391,0.9675770875126728
2035,1.1301024480722988,21.642406116604064,12.173734486559903,1.3140486892191348
2036,1.1315280781774755,18.879781528974103,12.450138126608586,1.8283689020788274
2037,1.1366806444724122,20.040730277694696,12.041527423906414,1.2983271925383981
2038,1.1341661361036424,21.898722740114266,11.925337421787434,1.2904439997220454
2039,1.134632845607757,21.13777865722082,11.522688298465296,1.220411866647427
2040,1.1394578877380677,21.167211347180665,12.11385272812815,1.3437398689305806
2041,1.1263802201019792,23.26602830507947,12.943384092488687,2.7866200015880116
2042,1.1301427304573621,21.386270051917634,12.316543174255314,1.7388913575386464
2043,1.1320400744251815,21.71058962686224,11.464846035725115,4.287811623147841
2044,1.133262081649019,19.335187767453903,11.769853131640959,1.500550095339708
2045,1.1311799593442267,19.250796256932247,11.547607070729612,1.1371110514031928
2046,1.1296430937937627,20.747408230695402,11.892177415358526,1.5069593784306237
2047,1.1313541017391375,21.325136613908704,11.964628370715447,1.2301221422242596
2048,1.1285359940591635,19.845675382739856,11.842997759611274,4.472906308954809
2049,1.128747456887052,21.23070954782524,12.355253126539154,1.598972951180845
2050,1.1283928710280011,20.58221720617372,12.052802790673047,1.2841167274725276
2051,1.120067622699773,23.48268256660325,13.285722628388141,1.3948736794723249
2052,1.1246023993013192,21.364429399579286,12.744237527052816,1.2948833939106632
2053,1.1213623989474215,20.97044239316008,12.892164745920077,1.6775990503288267
2054,1.1258013950853551,20.937710431078195,11.644690712029378,2.6715213796655926
2055,1.1251469147963888,19.333452305979193,12.2502483965697,1.1431777439604023
2056,1.12632802680811,19.70471854860243,13.326510415569025,1.2189381086352242
2057,1.1259796330450929,21.822322859935984,12.401877329128462,2.7049161168482536
2058,1.1300252550365322,18.581551710887332,11.97016551784787,0.7595975322325764
2059,1.1292642144061995,21.02280218403776,12.79794629995036,1.362003764058648
2060,1.126328718021795,18.880945023984854,12.352686528880824,1.5153527726105862
2061,1.1325789009519862,19.752512945074326,11.8264494607232,2.1689208501642847
2062,1.1319907069971489,19.279966700500417,12.091143115929414,1.1919410938879853
2063,1.1526199772581414,20.705101713227823,11.051447590521375,1.6287513895355743
2100,1.1511395218037652,18.490765818409137,11.096851523400801,2.306075369936464
2101,1.133270854185703,18.23139593140357,12.162736425215545,1.6585934264426878
2102,1.1319258464481454,18.976744209275385,11.35633888231339,2.1925498518714006
2103,1.1306973833728322,20.429527614455004,12.80856604325699,1.340389860847662
2104,1.1250377059266679,20.620743754816232,12.37374931069664,3.02361364763206
2105,1.128301311140586,20.567689908555053,13.178331128252989,0.9876378571761656
2106,1.1294000825899697,19.249705947580885,11.817825429230195,1.2557452993759266
2107,1.1294299430917776,17.09576999396086,11.603041198847082,1.5167053346142396
2108,1.1291352883296104,19.27231105568957,11.18368384167564,3.030623228651092
2109,1.1244424557271624,20.931503847710125,12.673137445981585,1.4812983683574392
2110,1.1230521335826633,21.58121182095758,12.965318019229123,2.4164124941363325
2111,1.1247064161046902,21.8281748102545,11.923902641448937,1.4982558691975574
2112,1.129950323828726,17.08716833016828,10.728600343523109,1.484164076768994
2113,1.1245869664137216,19.304287728885843,11.748472105099086,2.0019839467992004
2114,1.127343588757946,17.212568491113146,11.655745762142443,1.969667082979976
2115,1.1214191799649107,21.09124320156195,11.774736783990045,1.8551308888897058
2116,1.1260912775485465,20.035042402425077,11.183263736197468,6.895636809640359
2117,1.1282530794673178,18.209655838703444,11.485471019600174,1.6700516044940765
2118,1.1309682607538138,19.557360363346007,12.136867723761375,1.5713952258784734
2119,1.1328448353963003,19.966018380918282,11.69430514519409,1.2782694040254998
2120,1.1264446899552987,20.14092658528855,12.227975034164416,1.7074708112321948
2121,1.131442425061373,18.02108192749719,11.221004664865212,1.1567901333843815
2122,1.1288288127027746,21.505919807900238,12.067083399017708,1.952873234329293
2123,1.1281248656667067,17.140056886801393,11.615723880307398,1.4863014969951425
2124,1.1274026207889896,20.512923071279808,12.587392992173951,1.4366603021919084
2125,1.1313735186813545,21.455621369856697,12.510180364446239,1.24783079802325
2126,1.1318449767665777,19.284606735154917,12.146575319347471,4.791136760141975
2127,1.1329149715495004,19.80288492512904,11.341903969019892,2.015095277647231
2128,1.1330061447687025,17.232940119209566,12.376233315376997,1.2946942245425077
2129,1.1379794743350273,17.14313969851182,11.208201447489177,1.3202228212738998
2130,1.1303932690253016,20.497780580940162,12.352484269848883,3.6946617820566927
2131,1.135690122916567,15.27586462018282,11.027592305835114,1.6195053334598426
2132,1.1367268867807614,20.509891405036242,11.739973479595594,1.6830817608862338
2133,1.1308175814028953,20.03141846671512,12.113942713277156,1.9393174611740625
2134,1.1337057007875044,20.401914067562018,11.907779784628179,1.5624264283443026
2135,1.1296699791388718,20.851755534109504,12.325904720778672,1.3555268645439178
2136,1.1316300246958029,18.5096572943553,12.120810355777236,2.6970173147814878
2137,1.1384341709687864,18.80681346279734,11.460166647256697,1.3692465171442283
2138,1.1322816636899642,21.070405585813578,11.689340099533181,2.0186703565427884
2139,1.1359142323916582,20.200442307114855,11.302795427298214,1.6571837567815428
2140,1.1389131067370823,20.107041648331066,12.03990095877954,1.4589370325433884
2141,1.1283574964591145,22.164266779955366,12.627018202594316,1.9768202666339378
2142,1.1310511566815262,20.602850458174984,11.958910344983215,1.28974450309803
2143,1.1320650388419313,20.634976604913376,11.097950731768195,3.230633551112447
2144,1.1339616401095258,18.512845468676375,11.444102143291396,1.4853028120394631
2145,1.133160728326259,18.236522040515663,11.46520210145041,1.3926003518222134
2146,1.1296736927420428,19.8230808354767,11.458939075379664,0.9474645361231875
2147,1.1317639930280026,20.855680485968684,11.903020290340528,1.248579107709207
2148,1.126714080334931,18.869313853389073,12.120610525808916,4.043877083228742
2149,1.1262966067455493,20.749209313655957,12.155478669828632,1.3288828328395592
2150,1.125338455039328,19.901231926120747,11.759762321940059,1.9603222976317944
2151,1.1211071677834175,22.112969082026655,12.900742541409654,1.504580202243164
2152,1.1243171748444594,20.649953638095308,12.251693530700837,1.5702552594682782
2153,1.1203188821415744,20.107682103728305,12.746515733374787,1.867768875842453
2154,1.125543997953533,19.938167743653995,11.331055266197097,4.052978824871743
2155,1.1236246123945375,19.18896570575688,12.444727407828157,1.297261155323504
2156,1.1241040253133052,19.21648688877412,13.18323932846282,1.085373155975187
2157,1.123400085437093,21.57639223156446,12.124393850245495,2.0423649666159958
2158,1.1300297793631382,17.60699531503939,12.04188307033204,1.7107231272328243
2159,1.1276851053481103,19.995745985196443,12.517680463099616,0.8797413185547361
2160,1.1259787562704815,17.89347794499081,11.9472755772379,2.145142258871993
2161,1.1322511163111206,18.820429338928175,11.86836561948432,1.7334719689948164
2162,1.127663042203529,18.694394547524816,12.256081177331362,1.1416313047891726
2163,1.1494919345001553,19.979233632415692,11.483136239180592,2.9581095255683514
2200,1.1551306109619908,19.476612260468773,10.06643634441576,3.5387561931524263
2201,1.1399635231359133,19.646836702050464,11.52927541808618,1.8692426177820696
2202,1.1380548318669081,20.452394932679866,10.6020563069664,2.7264808838140984
2203,1.1337990760462056,21.880981772667983,12.381065505410392,1.2970111977587526
2204,1.1285415973350945,22.332670851586606,11.854851154465596,3.700679822601873
2205,1.1288204395398327,22.736905543854675,12.343386384715835,1.084211913698416
2206,1.1348946296970832,20.75736757986055,11.38865869335405,1.374338375694308
2207,1.1317853314776722,19.297526004129256,11.197983664731069,1.1694956768789517
2208,1.1321029513203391,21.04417950196915,10.605495751749636,4.439535398817449
2209,1.1263409234476203,22.930499372515126,12.076156924966098,1.1337165307452437
2210,1.1267468925776083,23.285566408038722,12.543000047031265,1.995488785674564
2211,1.1286047119772709,23.06039689160045,11.62087784694286,1.929160195557359
2212,1.1313215542452766,18.889051000374852,10.383020209965995,1.11786322319883
2213,1.1284631816476953,20.81641496801728,11.229682085903177,1.2493102202021615
2214,1.130958549713498,18.834556084713654,11.053771230446824,3.26503649604255
2215,1.1254817448801961,22.76435519791144,11.287159561754056,2.2555661210559617
2216,1.1312414243073579,21.414562340111157,10.891344050645447,8.478036820732171
2217,1.1318216031922685,19.77439344805806,11.334115294482135,0.8897662685217931
2218,1.134339716846507,21.21456335131019,11.765724299060407,1.1343205634648341
2219,1.1352132044156131,21.806912011667542,11.625476970038092,1.3798769644451159
2220,1.1313186707678526,21.711066923143743,11.877626233875004,1.3210367529780358
2221,1.134469685134698,19.655544065010275,10.87607004415994,1.3378255582464997
2222,1.1338941887164928,23.0019615354332,11.751812383639287,1.334361591755235
2223,1.134183005003596,18.194070040369606,11.247132139818234,1.5483707473094765
2224,1.1333265467381315,21.69572756401805,12.4554249660192,1.2082613364317194
2225,1.1340338742313512,23.363627983688648,12.49629560622165,2.006697105953582
2226,1.1356678664174364,20.977491178179303,11.69973432878014,5.215371269860485
2227,1.1366785423027046,21.4980165981056,11.197671430854992,2.0429792697267124
2228,1.135373657894771,19.215905722439892,12.211940923788816,1.4933659899367178
2229,1.1433564458516952,18.437036908791086,11.02448464027043,2.342562850730516
2230,1.1340126413042255,21.75915648778016,11.882033455704592,5.146011061137793
2231,1.1402604445873585,16.85404795512515,10.885139301178999,1.1545297260891376
2232,1.1385201153473299,22.509853646959993,11.452880607124719,1.6033705880577733
2233,1.1333383043290166,21.885905871121572,11.901281521960726,0.8484847324097874
2234,1.13483786550267,22.132213721270496,12.047903501827063,1.4616242776567605
2235,1.1341465271918463,22.232710517006396,11.44608538747503,1.4423128181000324
2236,1.1341374402811966,20.32732523367263,11.6158638752196,2.9011144088454413
2237,1.1422658529104188,21.001494741083903,10.897984798573795,1.4051606269533607
2238,1.1381528799154021,22.868553631486453,10.694521402171977,1.455513289193698
2239,1.138928690147001,22.087315123106585,10.882490140769136,1.859852667358247
2240,1.1443809832037015,21.695471432584824,11.494663490109057,1.8405906902985503
2241,1.1295957848845595,24.08263873858628,12.223135426637093,1.9980530908782013
2242,1.1360650126808784,22.225308374796096,11.47685119103822,1.3768588523385252
2243,1.136360624574647,22.458304257018046,10.756539805630032,3.19813305712676
2244,1.1363457975765396,20.328337859298898,11.211706330678139,1.2564399183304233
2245,1.1347442637911185,20.341722366285726,11.019898806226909,1.3516812083231287
2246,1.1328059311797136,21.42953185968514,11.067587056036745,2.2738755626923584
2247,1.1357200596267174,22.142834939064056,11.421080104168537,1.2989556492968115
2248,1.1320810831910388,20.64649484374317,11.047613534021155,5.070617874792534
2249,1.1277549667974307,22.313438744305614,11.857477989017099,1.2308145200157028
2250,1.1296597083822129,21.44747387089244,11.430365543085731,1.330571781727632
2251,1.1252978168616243,23.58094873360509,12.562683289709891,1.433097655876111
2252,1.1276078773194924,22.085325790860413,12.145317904482635,1.209625496987781
2253,1.124875187582393,21.65296880687112,12.064672025521483,2.621213015092627
2254,1.1283508480481714,21.59925925983882,10.977493509671339,5.321005847558111
2255,1.1300761419571466,20.33229224238106,11.484434572788667,1.2519662974214352
2256,1.128552258307113,20.72796886125355,12.71340218489627,0.920833330578255
2257,1.1273134419169417,23.18166123854218,11.514103426664333,3.345171519883501
2258,1.1321648371101198,19.603024914639292,11.48475239083921,1.4267858855902251
2259,1.130737868905821,21.704133486594163,12.231123954166183,1.2654679088763998
2260,1.127963580873735,20.303338711552676,11.4797328239409,1.020443662435099
2261,1.1372060022164623,20.1485398653083,11.240770786260038,1.1903804344175406
2262,1.133902315941334,19.870213335325104,11.249747630228667,1.3426177934866383
2263,1.1564181972090366,20.382903641185084,10.534281124867398,2.4328062504282024
2300,1.1516674260905408,17.974481225361867,11.421414845535683,3.171391295765853
2301,1.136770560520454,16.838634458355443,12.794744305180913,1.6185469084666795
2302,1.1382142357777805,17.367952085897358,12.052287661348158,2.9369841647534805
2303,1.1340339716819359,18.96565131441919,13.718582877189831,0.9942280155807196
2304,1.1255549553518358,19.608764272089495,13.470450286765404,2.2538288558063964
2305,1.129586619797675,19.31652827604907,13.542826770584245,1.252236928917581
2306,1.1301401984667925,18.093135227819268,12.873085829101909,1.5673682812715102
2307,1.131408983546381,16.41973375235721,12.316049126808803,1.1624206901178107
2308,1.1333015494791723,17.71109103117679,12.238635991369096,2.381887274349396
2309,1.126722849673201,20.1487504815601,13.220879457641217,1.143756870690386
2310,1.128204160334915,20.190630812087274,13.863661353800097,1.8779674851145263
2311,1.1286492978713702,20.46407331611304,12.886532224888384,0.8658251822302732
2312,1.133510144328873,15.858323275727328,11.799848907338683,1.8281747015861174
2313,1.1273273244204922,17.97326516230504,12.524234138262413,1.9788173120940713
2314,1.1308732510184087,16.274423135140268,12.402697406121453,2.512299714700245
2315,1.1257902504692692,19.76889642246682,12.303003050781474,1.7926260574754787
2316,1.13065805704381,18.62111914800137,12.268568174168164,5.561875937968319
2317,1.132211501208384,17.394518533732292,12.551617428220785,1.0612771184200187
2318,1.1346272021393755,18.691743741722128,12.980235610031306,1.619633198762697
2319,1.1370829480266411,18.99698452288459,12.666303468316478,1.6777141042670567
2320,1.1288986920168411,19.090839911765745,13.079361058395268,1.4478356346474062
2321,1.1345624311515727,16.800672887551674,12.31104007469298,1.1366287046862622
2322,1.1331469362462492,20.444761326527217,13.189695397879616,1.6161131084276426
2323,1.1332916416311538,15.60543825369155,12.483152841214848,1.3667777715321385
2324,1.1331347861426708,18.626060738957317,13.591522578539253,1.2161923563504273
2325,1.1338757192382387,20.096803852600665,13.76321980000065,2.097062524705223
2326,1.1326288306312646,18.183002748427327,13.50853579769557,5.95132337387069
2327,1.1371975653103126,18.504410394765586,12.383399730789833,2.4817513455883895
2328,1.1343374751543782,16.357814822462533,13.397176044164715,0.9393539470701368
2329,1.1423116649465042,15.903179598258559,11.977217136391763,1.6779039953515937
2330,1.132545994365611,19.16001772907813,13.304266768392782,3.1351916073876063
2331,1.1395871395698391,14.174159787248582,12.28974616061411,1.5376520597647436
2332,1.1402818064389726,19.268813859461957,12.78208687219279,0.901124556432408
2333,1.1331024097393296,18.803447280381484,13.465224164082372,1.056637744217739
2334,1.1382572208682615,18.934894646154188,12.964458390832828,1.4938410447737827
2335,1.1361477089936827,19.123039944419162,12.750007570153521,1.6953437212164957
2336,1.132273888810247,17.582148192746196,13.047048685513538,2.052537079243162
2337,1.1392858369743806,18.210532474053952,12.486020690168317,1.280092159659155
2338,1.1358426583835453,20.08720365897214,12.364683558142131,1.4544961246843175
2339,1.1403522674549018,19.14603477167828,12.197597329053849,1.1468258580723412
2340,1.140719307638733,19.503390851528863,12.745526758488712,1.5529785044374498
2341,1.1319417880194391,20.99212782377369,13.384807208073155,2.2121112178822333
2342,1.133457713530266,19.513662184692613,12.701205719042958,1.1051297885332017
2343,1.133360770376648,19.487559504512376,12.320753165748918,2.3029157519690107
2344,1.1352696652518304,17.389481896602454,12.432524156852176,1.0289544811035918
2345,1.1325236268134382,17.45117252221438,12.499593595889891,1.1770862874466939
2346,1.1311263409010135,18.766904809391693,12.263153410140657,1.607381608795705
2347,1.1338845334693395,19.633218339610007,12.915257678250992,1.2042769893184782
2348,1.126644906983139,18.242910533180943,12.726701775194439,4.644518458912134
2349,1.1277051962272515,19.852695377831928,13.013388697596572,1.2371675626907372
2350,1.1291039146632744,18.369612001716426,12.702499587582016,1.110913045148575
2351,1.123868458775517,20.803525023328838,13.977941314430067,1.2551445181343428
2352,1.1273386417398599,19.92589715517491,12.952410461729123,1.3176894006645365
2353,1.1241598917011912,18.657602097593866,13.725052196524677,1.6253771486630737
2354,1.128912420946876,18.40450117262535,12.119448754455389,2.6474168792721033
2355,1.1286663643215014,17.647780991670977,12.64942068484566,2.456948988317721
2356,1.1266115689855807,18.39429608247874,14.066044669397392,1.5926950619674205
2357,1.1280903060838314,19.963936158245648,12.820014688017832,3.4686336527729282
2358,1.1310338934951771,16.809850371660875,12.974290366487013,1.415611804293215
2359,1.1312258358515994,18.98068416442251,13.196193997849086,1.2189846376857516
2360,1.1269234247938396,17.278945615995397,12.763325312070913,1.4461695531845553
2361,1.13574852949054,17.57257445785231,12.506580949099,2.6318378416258605
2362,1.1375046846153192,17.322671936048618,12.584662049986438,1.6039021427633702
2363,1.156816555913211,19.039869141944372,11.233399616503391,1.7429004813322573
2400,1.1479627563222046,22.028585006018552,11.52598620773686,2.3813265730151287
2401,1.128959601513049,22.28936719549518,12.459742792650724,1.5810653581269856
2402,1.1323314212952575,22.447754202259187,11.485287615273784,2.5077414315452096
2403,1.1288674320871568,23.663729705887764,12.849731636556815,1.4640601063604142
2404,1.1230722858265083,24.27453941226467,12.485716431214701,2.45144114383854
2405,1.1264225391596947,24.232714396508445,12.92312584824269,1.5126012754688671
2406,1.1298148564811124,22.622318593773343,11.810395462345667,1.2673578103089358
2407,1.1259217602366096,21.194017170783876,11.676067596357385,1.563880127668551
2408,1.128306764557161,22.72812166089074,11.258130791223373,3.2700043614478216
2409,1.1212765655759012,25.204455615050808,12.69378706627392,1.4741166358430178
2410,1.121872632507644,25.447863167974127,12.961084889353634,1.6030527037621167
2411,1.1239268269139975,25.683656414469187,12.039349402298063,1.5896197787866697
2412,1.1297718361603248,20.78962210875084,10.729154984280498,1.6985660348797398
2413,1.124129439934899,22.56202809128845,11.774824291375822,2.1300027938821593
2414,1.125222528776693,21.318665094112767,11.205995762255531,2.171259995764661
2415,1.1227224036644152,24.60060106993999,11.487025423741077,1.7463065626917906
2416,1.1255332934728226,24.046407252919614,11.272076506550286,5.789708957025762
2417,1.1268521543634618,21.786242219257115,11.621338220587184,1.684960097098702
2418,1.1287021117091562,23.289676231155937,12.15182582936767,1.4983994991620544
2419,1.1330828253898277,23.74291309338929,11.875313220596508,1.183652777817264
2420,1.1268033798266288,24.14552029074908,11.871734049563889,1.2144875009061544
2421,1.1294695477977734,21.665999648763233,11.443006693656766,1.3473643567492324
2422,1.1291440366095447,25.271839236261716,11.629722678064766,1.6348339523295976
2423,1.1298539758798671,20.52994100246638,11.37577634440512,1.4847425637374485
2424,1.1282936920253126,23.895797634732954,12.666805817366486,1.8008907749314231
2425,1.1301697227409873,25.228068680090004,12.76547927501228,1.7531073028727242
2426,1.1293196539105814,23.275691647024026,12.266865226539624,4.208195722818115
2427,1.133212470230886,23.26580657912481,11.506373263162908,1.9809337709562156
2428,1.1327175507587293,21.242217790517074,12.253233508310561,1.960061378913054
2429,1.1377796453396463,20.733686553832317,11.014911284671191,1.687591405147944
2430,1.1306005856260093,24.121651463931215,12.321428196030814,3.041436888085703
2431,1.1355818482064912,18.956074497888142,11.541396192028767,2.134348775775887
2432,1.13495036493686,24.540467086402725,11.831523139306995,2.222874004041299
2433,1.1280511374689934,24.235528943656405,12.261349669967883,1.9723541306987378
2434,1.1349268043292502,23.90287742905364,12.083531067272512,1.5131847451895442
2435,1.1302107092288673,23.9771954752034,11.816692475951182,1.5569552325025255
2436,1.1306260618588693,22.183322651339854,11.825556054287015,2.18151567300163
2437,1.137314152238486,22.75620985118126,11.266772760154012,1.551128208281357
2438,1.1320038182194616,24.789206024284308,11.467983560841198,2.1037356083263608
2439,1.1348220931365696,23.88596189230429,11.13248770673683,1.6826251813119393
2440,1.1367838904965144,23.840116441624314,11.805857526237148,1.685198646699104
2441,1.126714065536373,25.781713446575885,12.592703720676145,2.5115810607956486
2442,1.1278736037254693,24.36447797903212,12.084262142170218,1.9538066555220253
2443,1.1312463393686276,24.309730604686436,11.15686239949681,3.9153463929132437
2444,1.1301774806426945,22.095924915450727,11.501128595778722,1.497267012812144
2445,1.1290101319938761,21.981765003533628,11.337334434584324,1.2887617734423957
2446,1.126354843947847,23.358350175704384,11.769047551012685,1.5744304225641563
2447,1.1284158743484234,24.189704064801447,11.940926043567288,1.3025880688221845
2448,1.1232390210823349,22.849175127144196,11.938060025093503,5.572787062357465
2449,1.1239140502093035,24.23023002704431,12.068750888013824,1.0163261599477127
2450,1.1205132970042286,23.861682134320606,11.663119003213671,1.4463947185633586
2451,1.116936628463828,26.161706888603415,13.05882752028379,1.3012573174586024
2452,1.1186128220042308,24.928956979343663,12.467525196086244,1.575988890481875
2453,1.115199269508471,23.997827671242153,12.824624037096621,2.6292852222646967
2454,1.121951052246123,23.80523355620842,11.151292159478691,2.724998745494751
2455,1.1217365328151485,22.625159852701433,12.209586112065368,0.953890679737876
2456,1.1220556762641323,23.088929645368808,13.09505379633625,1.6614531463219915
2457,1.1217890508039317,25.104960788894985,12.04218943322435,3.2328546528177826
2458,1.1257612431258368,21.662734690041137,12.135981086495583,1.9670001650665339
2459,1.1275377390872636,23.743313156265565,12.195905667397588,1.2712421954783257
2460,1.1230286514510341,22.15124090205614,11.919267658942143,1.406560732849908
2461,1.1289650598350112,22.57404890337484,12.108507693920512,1.2572847070825621
2462,1.1277896073571163,22.32534177980641,12.427719474731617,1.8218201543958168
2463,1.147370386077288,23.82508372544389,11.765820012201731,1.849598949146726
2500,1.1562886554171514,19.364895758608032,10.401572454463613,3.442938187931599
2501,1.141047529370006,19.46668225206515,11.617363936738936,1.6207477366594243
2502,1.1412578323363478,19.896541663850996,11.16627792576728,2.383268988678839
2503,1.1382681540791544,21.606591833460975,12.725305137161733,1.1774769669130967
2504,1.13113055251921,22.125956932517045,12.241492152012219,3.5696044465185364
2505,1.1338549113603065,22.0829606037131,12.348351679915664,1.2388253520657408
2506,1.137561432766081,20.57684252468831,11.72553075215946,1.429498085618567
2507,1.135139344039555,18.775320464775692,11.445826955677424,1.3081293643416338
2508,1.1363141995379704,20.73499267010867,11.233440654683577,3.556700277963039
2509,1.1318203304831649,22.177662695035927,12.419428415974734,1.483638537109865
2510,1.1308296466305678,23.140925882761536,12.72246241413978,3.0293719937627115
2511,1.1337204609266451,23.19633894130768,11.88616350251443,2.1340372115896638
2512,1.1375049217292936,18.41634822925037,10.695152167238342,1.3698970219582605
2513,1.133252406630513,20.49332100374567,11.443861119659436,1.2647191174136876
2514,1.1347649462637817,18.738340419657316,11.293909919187895,1.9637339529176776
2515,1.1297278310143593,22.53210900473508,11.64386707857453,2.505754189399657
2516,1.1335320427020146,21.3803518449099,11.388116381900202,6.133319371462629
2517,1.1354574340347234,20.202206118952663,11.47373514946661,1.0263546735849236
2518,1.1360736792016715,21.143031727093867,11.998662752024831,1.3232142249658392
2519,1.1369914786381514,22.21171863640193,11.767816215593935,1.5593741842743023
2520,1.133212925605645,21.881271993898732,12.000582996432714,1.2183930676241332
2521,1.1377140013829095,19.443971340919624,11.418671818495902,1.4195564409834365
2522,1.135866066246821,23.248652123492956,11.745130083424838,1.3031366195478555
2523,1.1358879882827195,18.797950685315094,11.17593762020164,1.5240052768330754
2524,1.1366626777945543,21.730814575329653,12.21366460948392,1.3142664914610747
2525,1.1358030675856425,23.617573774890097,12.59401369420709,1.9983363566477692
2526,1.1376897845241125,21.010565410347883,11.98634666569012,4.336690816540434
2527,1.1404799218148949,21.473061377445358,11.544107576344599,2.883227429040486
2528,1.1370433155048976,19.17417031167446,12.43286377755429,1.505943636036935
2529,1.1481318880810358,18.298938206410504,11.23027573377269,1.7677580688400105
2530,1.1380168199983367,22.066882560627015,12.232096774645168,3.0568251118479166
2531,1.1423282688894547,17.182844921641827,11.066608786505784,1.3716895798377762
2532,1.1460827251450445,22.115009957557678,11.498072860714572,1.1907357882985357
2533,1.136787447920173,22.057295151158772,12.34220566178669,1.1777810259645491
2534,1.1398861970527718,21.98147600026227,11.981724250723058,1.5040888978182676
2535,1.133929833241891,22.30795720895278,11.79571939423682,1.605233244162411
2536,1.1350992891880607,20.518953405072622,11.746420082269632,2.882729018465959
2537,1.1434818344829347,21.211208956961407,11.207243373195832,1.8166933624830148
2538,1.1380502609527452,23.10012494846856,11.501633218287708,1.4513455749658464
2539,1.1423854982330328,21.863268745481225,11.321550993457189,1.1181558638038664
2540,1.145561067796016,21.898050582079108,11.720565492185374,1.4535450982488
2541,1.1353197913967648,23.272864870269462,12.50474195856907,2.7391145517062254
2542,1.1365051219994733,22.32878707575326,11.664861502335533,1.4584369096177738
2543,1.136534359710802,22.4203261828971,11.103566629676141,4.4942005290752
2544,1.1362119347839312,20.226486651504374,11.354830975667507,1.3110714452752845
2545,1.1363253145900027,19.957537416764517,11.264501123147904,1.3721574872410267
2546,1.131558475001071,21.795073841861175,11.532027586839396,1.5171240495484521
2547,1.134732970719304,22.37246754133927,11.5475713943381,1.0948647638937445
2548,1.1292694678153608,20.541890005926913,11.535076312369817,5.547492701838131
2549,1.1289724158985637,22.048060556892775,12.380047052221029,1.3269881456016626
2550,1.129161820631922,21.424350832643828,11.405049681887151,1.2048288966273613
2551,1.1244355538916813,23.96331671545681,12.639625556268982,1.195696147727744
2552,1.128853224911977,22.394162869363683,12.291553886655404,1.5670665018446899
2553,1.1231130485004701,21.990710420129837,12.724282847324563,1.892865522660362
2554,1.1290722337301813,21.61093765675801,10.827785932562824,3.232661772755632
2555,1.128089883785731,20.69967094540097,12.222067776467394,2.117046565166148
2556,1.1288548562356489,20.86727011895885,13.252483019150638,1.1579498441787115
2557,1.1280482600646773,22.86634964394574,12.157313302400537,2.590544075892054
2558,1.1345864650655342,19.571291445386482,12.136853602216664,0.9971552542921807
2559,1.1325375641254956,21.987917640472677,12.36315176928983,1.1449984919953653
2560,1.1312660857078438,19.91982969296349,11.44380846855697,1.253423282640097
2561,1.139031952698452,20.167479462936686,11.43173994876382,1.503703089745691
2562,1.1375231055496626,19.721454099110915,11.8827522562468,1.2369261100741133
2563,1.1599006614996394,20.573806062540942,10.728170115570439,2.1774995155840227
2600,1.1608649947889285,18.782830732123692,10.710091808441865,3.262360211319409
2601,1.142266086945821,18.901361598789546,11.79031362720097,2.1708697853059142
2602,1.1426862055308196,19.600473351972205,10.819532256894659,2.489439136292845
2603,1.138948298084654,21.411725656100202,12.56829311077894,0.967086584537123
2604,1.1344369967913948,21.773064064129795,12.308893839099728,2.8238529546952984
2605,1.1357740969310341,21.808960634987113,12.645337212930563,1.4134891079484873
2606,1.1406563857584986,19.96533379127783,11.394835419356886,1.384098470822359
2607,1.1374201756737112,18.825433317752005,11.065720016640642,1.1447775437971204
2608,1.1404660184042945,20.188974597505425,10.962685229671509,3.929244185581884
2609,1.134847497802575,22.147481489608555,11.874536386202594,1.4692282645092258
2610,1.1339193014281128,22.64321981689584,12.611148703852127,2.292931903466505
2611,1.1348284730618872,22.67042074832687,11.621893150020862,1.0706166654866376
2612,1.1385070756062297,18.55566648884679,10.527330106238905,1.1292969958710302
2613,1.134445237724683,20.346679166412287,11.155015878525402,1.4183161644339337
2614,1.137655515607311,18.28203058271054,10.843011617229626,2.526316820803427
2615,1.1304114027553538,22.299103179338367,10.895385479554006,1.763624477528775
2616,1.1354973939147315,21.34525406094472,10.921120309867216,4.904176038428679
2617,1.1379172636144053,19.48090419289423,11.203256092667079,1.359035206712433
2618,1.1379657885945473,21.09363095354198,11.820277579568081,1.4434612469040955
2619,1.1405530892500422,21.149764137478222,11.573263662116483,1.1888274343287282
2620,1.1343947885650558,21.304466138032076,11.62553550960985,1.4778132712034546
2621,1.1381715908378527,19.31749245266493,10.714011951389962,1.3212796408615979
2622,1.1375009431474734,22.791341582171693,11.57512890164905,1.449074080145988
2623,1.135156927470882,18.30431840520002,11.11742817975773,1.4538039302299677
2624,1.1351449537427856,21.498207176525394,12.196837792319075,2.655952527831227
2625,1.1395943422722934,22.60366610751333,12.294940338207478,1.962257152709082
2626,1.1368400165589498,20.95029240085701,12.05196063227146,4.27816569787207
2627,1.13923766372247,21.17521472670769,11.193935443261202,2.4193626768835585
2628,1.1390014516169271,19.088954484734842,12.006393704874013,1.5186092416949686
2629,1.1457052572105313,18.14313500032427,10.925269285791586,1.9968283085392566
2630,1.138159040934132,21.726923405308742,12.04111178551718,3.828445654168807
2631,1.1447204464731853,16.72763420717866,10.654400260153018,1.3956277415718117
2632,1.144796789890728,21.9960974913523,11.668170739598505,1.5398881033895486
2633,1.1364495714530856,21.724017672042038,12.124048211234333,1.5489427874225885
2634,1.141872118878842,21.448129617526376,11.82202452255712,1.8142728517963866
2635,1.1363368907769895,22.098469236735735,11.476606632590984,2.3438174147386874
2636,1.1391743259047,20.010520611669097,11.594347099637787,2.3547730960978512
2637,1.1450463817120247,20.53993508801087,11.0782475771835,1.4183677897286793
2638,1.139992497375366,22.227095844194743,11.3048173780882,1.149672305027263
2639,1.1430142725103611,21.22800679787161,11.01223456974419,1.5187942635584288
2640,1.1430852828118132,21.951137680980132,11.46773520761855,1.574854499013808
2641,1.134759784917296,23.38539223368305,12.105246065506675,2.1586547457012486
2642,1.135921812448599,21.641107129269813,11.883025380680964,1.1802756416031923
2643,1.1378036012288597,22.03640096368631,10.833585836299351,4.18545656239316
2644,1.13681965980667,19.921384871958658,11.32942801642969,1.2381990323663097
2645,1.134926489735506,19.783734290088542,11.1772442092454,1.1699902162031346
2646,1.1331173482130172,21.280773587115274,11.188484603532165,1.534827897576649
2647,1.1340038341667114,22.210501645595762,11.411736695393133,1.1537233422299444
2648,1.1274883673514076,20.332010967735446,11.44539977897976,6.215493039685323
2649,1.1286099997523822,21.983739425024325,11.794640809189563,1.0515808920758012
2650,1.1294055833486558,21.058875768520743,11.412249991729356,1.1487522021981482
2651,1.1237837534340498,23.491998960161414,12.816536451888732,0.9915108715315769
2652,1.1254066652940653,22.04041149978375,12.314334845353436,1.4689032356766099
2653,1.1237265067907138,21.48467528697936,12.453279519401082,1.8503997501185914
2654,1.1284450298967257,21.504403844314577,10.939679482273746,3.0480733291269044
2655,1.1290215900543707,19.83443408192646,11.863859405781639,1.8678688204126992
2656,1.1291316594142065,20.413512121794398,12.635786699298032,1.1567353445117121
2657,1.128933151370266,22.61237310025915,11.756706492739777,2.7017357691946633
2658,1.1333345323381052,19.275993419965097,11.679894607039405,1.6337857781991332
2659,1.132795938864781,21.597943257796526,11.725682571844736,2.112558714434125
2660,1.1327724327984598,19.237164657902465,11.514686717472475,1.9104415347355153
2661,1.137975416031521,20.097370523881246,11.162777854188068,1.6358533917391014
2662,1.1388446845846265,19.309102656911936,11.696651574660498,1.029235533004669
2663,1.1605643156010919,20.484983025715405,10.994272407953463,2.2323351870107087
2800,1.1445123626399254,19.62982232302281,14.229854745788288,4.930188074368664
2801,1.122458080137474,18.846821189415234,15.638475459966118,2.66198942513612
2802,1.1191165133031515,19.458365584087293,15.723500935909318,4.813504457805462
2803,1.1170489223024198,21.37276461971605,17.597227744055576,2.793348232902079
2804,1.1124078508487512,21.557604928218765,17.340060907775392,3.8653211570058152
2805,1.1152925044660225,21.876155257499523,17.33002799110759,2.9716702906563213
2806,1.120306606814088,20.31836955177836,16.93314880268348,3.692109166846943
2807,1.1172950137805562,18.944146002301228,16.533898447454405,2.0719650704150925
2808,1.1186010925439087,20.326100070463028,16.21896392715655,6.650365637057506
2809,1.112578902134733,22.299276154835507,17.180569319002498,1.854996065430758
2810,1.1121550249831729,22.402398442381322,17.62725824770866,3.572911207648983
2811,1.1124787558433038,23.101903420168373,16.69164202807181,2.9566485203969806
2812,1.1139983594664944,18.603543022579952,15.86359597501759,4.323543086888627
2813,1.109897651992155,20.54142724733,16.656342880765138,3.543654953110347
2814,1.1109209111672278,18.634319322732022,16.317967101830426,3.142815589994492
2815,1.1045106802831766,22.598729298446912,16.53374926336621,3.59321600527062
2816,1.1103477162136783,21.179065786807698,16.220293080788643,8.529066751720368
2817,1.1114068767303595,19.83538705606065,16.171536153073962,2.441868836270969
2818,1.11264833231166,21.053460530951266,16.78172922745447,2.82086339459485
2819,1.1123163078779934,21.500839771227724,16.77679162201554,2.4854581346047384
2820,1.1072356476257803,21.7751322812433,16.682448820792715,2.603423531638752
2821,1.1124959531145182,19.420220014798577,16.131033242222802,3.420162237710005
2822,1.110229928138046,23.143130648536914,16.620890949960227,3.979327330718644
2823,1.1105074234855972,18.427338671196058,16.387703954723854,3.632072785189638
2824,1.1092474973034077,21.589495554074688,17.12108781796989,2.5224187871896624
2825,1.111466596795708,23.2855950910097,17.365112458955984,3.507552829311699
2826,1.1107168011044397,21.124876292561353,17.11076655916767,7.677275753685087
2827,1.114299317194455,21.405317625472804,16.613883849440604,3.392920346332431
2828,1.1138549839276652,19.23201675150714,17.1814369571912,2.8434052395655036
2829,1.1209031281059405,18.194822281593403,16.279994841803518,3.4130175301161967
2830,1.1124671210039514,22.032521384098604,17.036906462069474,6.669145307618995
2831,1.1168998823580987,17.00620080709981,16.06169371403036,2.826205566203706
2832,1.1171413578179263,22.476999168208398,16.628193057585808,2.6134369935963355
2833,1.1109087208587363,22.04989181006591,16.839134093612667,2.866753979361401
2834,1.115115215288439,21.906683873298253,17.259765156441887,2.834756690613497
2835,1.1114953272905286,22.111290238897237,16.829599852611732,2.7109452026038556
2836,1.110678568177368,20.009323226226194,16.71595405080991,3.291994988760425
2837,1.117442149835306,20.770804176378235,16.330891874434354,3.0545562557449792
2838,1.110511713329717,22.894671744058474,16.43209038059864,3.0919207356240554
2839,1.113575514350829,22.050048884854736,16.03648148865892,2.9531282619003325
2840,1.1173772140351441,22.075513210708237,16.28077308048123,2.440025399267281
2841,1.1066332200593656,23.875138263298957,17.365627686641194,4.10143512989121
2842,1.1096783618365933,22.529070976118803,16.65228324773977,3.150002948768901
2843,1.1100931371523937,22.351490553515838,16.036583178850005,5.549421656816163
2844,1.1090980372534844,19.939908044875548,16.280132693612217,2.718030932817154
2845,1.1069621118749928,20.05959967183494,16.423914217352408,2.5989316632596133
2846,1.1048504688964829,21.408279540928493,16.18279114131454,3.0497302098852375
2847,1.1076322210765117,22.187752514503366,16.381828118899815,2.813987775928433
2848,1.1012995361785796,20.46426287257219,16.66027691556715,8.791331167871622
2849,1.100703312104884,21.92561226003995,16.613691156155728,2.253505018041352
2850,1.099912860466177,21.35249932907887,16.32313657167326,2.452861636033009
2851,1.0960329778108069,23.137512140251175,17.21860414406201,2.0612212319145526
2852,1.0981278343371805,22.194239860948187,16.731824055831176,3.9143894950681464
2853,1.0951079299033382,21.459772243059238,17.09272032199716,4.029576202382369
2854,1.1010746653171946,21.249980387199955,16.06051034814445,4.1846325735128636
2855,1.100860339009352,20.58657075946188,16.413094689529014,2.7045153230744416
2856,1.1022143066068089,20.52879387516921,17.101229408080584,1.8870736620381856
2857,1.1000496038266268,22.485853502282815,16.829467329604938,6.141192300233942
2858,1.1050490304137155,19.182783515841763,16.915393253327863,2.9904740197978756
2859,1.1050750608514615,21.54740234400588,16.675399214549383,2.229010979985649
2860,1.10209774807832,19.429563064944347,16.361893062242537,1.8913480002642036
2861,1.1080115649534361,20.255990651583552,16.01360675808174,4.7088457859390065
2862,1.1123471385652106,19.212207702347783,15.702070792507673,3.8839637957097133
2863,1.1429241150107907,21.350353825920926,14.791985469815584,4.526516224909997
2900,1.1786756118672437,20.416631813959,10.423147626719208,2.871866458681403
2901,1.1646625466226261,20.684554202636466,11.38731140445015,1.0782795568079617
2902,1.1657405130992062,21.539121567981024,10.681731498811667,2.400842977486729
2903,1.1661502617994859,22.855840245864293,12.650198908974177,1.3005596351378905
2904,1.1608968158815778,23.07040013849253,12.141916141440255,4.055988010811756
2905,1.1649605346730258,23.264914538273374,12.489389160881139,1.2952502480810735
2906,1.1695622639655268,21.372994082366326,11.393211760645135,1.5685355567190165
2907,1.1668582249081294,20.07431249257361,11.4853126153853,1.5029799479004287
2908,1.1662533505578305,22.129933528313696,10.989504347490492,4.440484195656202
2909,1.1581068191099941,23.449606916964793,12.529230582645773,1.3244069203747533
2910,1.1567156215996655,24.14555950787081,12.709110455094837,1.7172388721145002
2911,1.1541400963771102,24.505706502059446,11.9238407920089,1.0993824215598218
2912,1.1559730466753817,20.16822630413321,10.799733481258713,1.9760825973961567
2913,1.151608301523481,21.840736744254396,11.45451920393732,1.4833597528378384
2914,1.149495973971672,20.621621839549107,11.189437196229914,2.899559027659759
2915,1.1440641857434886,23.904702863168342,11.745027882829385,1.905188796924956
2916,1.1446581569400447,23.19936054516976,11.40387852944416,5.54660376900148
2917,1.1460052015769169,21.755385663738256,11.304670026681952,1.28360433469234
2918,1.146438835383653,22.64919879605696,11.72911954964617,1.2896810515757633
2919,1.1466769860662844,23.62334067413526,11.83159520682212,1.8687566396400044
2920,1.1417395631446967,23.81320930279737,11.983002683323143,1.237700617585905
2921,1.1433316513617198,21.568871687743602,11.549610175423712,1.2438730858409046
2922,1.1432265701505944,24.91978838004602,11.642094628413806,1.2215832985632842
2923,1.1442274308448817,20.28629279887518,11.492276238318416,1.4871156772488112
2924,1.1419278569314462,23.562323658884903,12.260278593499498,2.3685735779165906
2925,1.1445740322781723,25.103109243431945,12.353006578648612,1.3209828391882648
2926,1.1458237461972807,23.03404433636336,12.110396857379284,5.838239750018859
2927,1.1475919235818042,23.19355215186786,11.529339195792444,2.231129870365538
2928,1.145868268790214,20.82907554404347,12.374620219359297,1.1693177916450432
2929,1.1543774889913256,20.301660691457418,11.179930810254287,1.9865078849132909
2930,1.143228060051893,24.057170229273478,12.223679139411892,4.266230273665324
2931,1.1503799633149694,19.067165479949352,11.158256642252196,1.110669647631573
2932,1.1517898294927873,23.761640321227336,11.53463266417601,1.0576834080722708
2933,1.143980432266772,23.886204578424028,12.207115493551202,1.6650729108040327
2934,1.1484306022610995,23.662815420418006,11.902172697518063,1.2844841832119807
2935,1.145001867264501,23.74794735914189,11.987750396556498,1.6620764884905745
2936,1.143234486673332,21.739625046857245,11.990025673892754,2.909241118869501
2937,1.1498131490249954,22.627674552170305,11.504992670066075,1.3827237950613303
2938,1.1445872366677166,24.58066737947116,11.370831714997186,1.2598780257870743
2939,1.1477869325112395,23.309070387967783,11.298930000691279,0.9298977685285821
2940,1.1502202813990268,23.720414225375,11.743196359263845,1.4357342684464232
2941,1.1388235091346695,25.70045948575194,12.456491090981702,2.4976498666823677
2942,1.1416050770520663,24.097553120355617,11.754377190151361,1.564230306218029
2943,1.1442530602285874,23.74717612640932,11.27005311743139,4.446694069997383
2944,1.141739271096187,21.952000897674026,11.439419467882326,1.0411675651721746
2945,1.138996277597179,21.953935678100024,11.402541985043523,1.3462949472386985
2946,1.1350241260325957,23.71729379885611,11.427794994946217,1.349742571775337
2947,1.1375767227734332,24.078471968142175,11.89338249592785,1.17915997886097
2948,1.1329578597964314,22.5702866801091,11.484946556529549,5.063214393087457
2949,1.131287187538285,23.849792608884602,12.388771725711118,1.262217250359223
2950,1.1325933341445082,23.19371336884781,11.492478560505674,1.3713687330607307
2951,1.1275134327784828,25.151520072808793,12.72619536909119,1.2859593732693928
2952,1.1307304100467475,24.034003060385118,12.041734665557684,1.654850264215062
2953,1.1282033266145088,23.2172020272623,12.392602494098414,2.4456224215102385
2954,1.1340149823033738,23.3381527673966,11.28199123368889,3.493097829440987
2955,1.1342938009064791,22.27604474382347,11.786476631458408,0.951744897567991
2956,1.1329398128500714,22.410466742698357,12.814536900189594,1.0732799366291423
2957,1.1362097636666977,24.3901128670235,11.880017226174772,3.8040506358573976
2958,1.1388620792626536,20.96617263720377,11.911337264569966,1.2049194536334458
2959,1.1397484035818137,23.422890622473645,12.151085666636162,1.3228934192547
2960,1.1392413413854863,21.447596464336815,11.888554274882777,1.510036869445126
2961,1.1478920060624627,21.655240176619067,11.463509588420957,2.0163607017160228
2962,1.1437704559711481,21.593236452167535,11.292810295971455,1.224476196663399
2963,1.1675289123785617,22.00582636534015,10.730313592665963,1.956062035170755
3000,1.1784177347987188,19.433333203280846,11.189253032621776,3.0090928547058833
3001,1.1654071587184618,19.281397182416455,11.791738748625162,2.39800734743039
3002,1.1727117704122763,19.61245442385259,10.941441518237927,2.8526317088295947
3003,1.1755091583209032,20.79465660127851,12.213398884665091,1.6826111537009514
3004,1.1717026916478261,20.62695638065318,12.249494369542681,2.250208376304152
3005,1.1755775368694208,20.979282393460306,12.525239929916463,2.2392865414690943
3006,1.180613103889552,19.473359967650556,11.535815342811452,3.1442838569760445
3007,1.1792916598397696,18.0575930951284,11.008149882305805,2.0630980714705722
3008,1.1770042445975775,19.785252679230936,10.84828407401455,3.0841677827330463
3009,1.1707895261598555,21.15257499276598,12.115954843723085,1.773712287251228
3010,1.1636850673012997,22.2600290534989,12.710685698911126,1.5733730115615903
3011,1.162596713292037,22.31952499617676,11.802592117396722,1.8555594779804336
3012,1.1582017042421644,18.341519288797162,10.691511915723373,1.6058406102894736
3013,1.149933840664683,20.647118556494345,11.49934176984265,2.1463794007793546
3014,1.1503255213504888,18.477314792308558,11.570398604038918,2.2470725500634514
3015,1.1396449292043183,22.439758911704708,11.793627628074336,1.4188341720295836
3016,1.1428935247946435,21.27914119622533,11.599155251932984,5.000373851499736
3017,1.1437430710012109,19.557719359390255,11.5554477524697,2.0972210900752595
3018,1.1392361396927544,21.458777980347026,12.12920620909068,1.7798763746316584
3019,1.144610110065346,21.46955811720504,12.072314412446804,1.2008692081116246
3020,1.1377926609008873,21.83438073770115,12.325349901855688,1.38761259443015
3021,1.1374175007260994,19.700396259999852,11.415009122700273,1.5434524696973533
3022,1.138676090340972,23.166097656807406,12.065832123552129,1.4118688178181547
3023,1.1396108416730235,18.54023158617168,11.93080919867746,1.8566159122808326
3024,1.1367879697771133,21.59308455402764,12.646852173318859,1.597452442092032
3025,1.13885505088369,23.25839141601027,12.878952585766273,1.558383289493531
3026,1.1390878269155553,20.906107931224263,12.57199722468672,4.085606928809536
3027,1.1427154924696863,21.130820701227965,11.769474654071646,1.857774902127715
3028,1.142079123107632,19.364698052012013,12.671224926868522,1.4557542822138776
3029,1.1486509233616133,18.675778273013297,11.330573701922896,2.1972658505703797
3030,1.1388831413350322,22.106889597802716,12.626372898073301,2.460737693282093
3031,1.1472114840252405,17.07565361000613,11.607823942152269,1.7881753498273858
3032,1.145911533571428,22.449138641977264,11.918042737445726,1.7592217697249883
3033,1.1396409135573542,21.927749830082654,12.714661770236312,1.930855373917276
3034,1.1423457550805372,21.688191776089855,12.333663820969289,1.2354083179398856
3035,1.1389611690325954,21.99778301977525,11.798168484776404,1.183179733332504
3036,1.140129013871566,20.209457962533516,12.109248447452455,2.0918993320801142
3037,1.1461012171107894,20.71273298970225,11.731576293427734,1.312676600496278
3038,1.1401216166207055,22.55130585011002,11.976892914898299,1.63032403735625
3039,1.1424501772755895,21.885739878648664,11.395185961551293,1.7010077857426589
3040,1.1446552827519543,21.875850769796166,11.664805618166067,1.3187507590554193
3041,1.1343517839149053,23.53490886861902,12.825209693923725,1.9385322781351262
3042,1.1322902651556823,22.81458662879407,12.278668821882302,1.6097188427603193
3043,1.1355452681116391,22.33354744847589,11.436318248669034,3.5705505942499123
3044,1.1355470006475876,20.01576117596678,11.89550399849354,1.2838487482330998
3045,1.1334452874172474,20.329036793191793,11.38880383581648,1.3119917038749394
3046,1.1292781327141652,21.590362213352037,11.917397970271901,0.8885467062100049
3047,1.1325391907437317,22.158019763286,12.026226446791537,1.449408963624808
3048,1.1263543166293948,20.782135832927285,12.01663572575148,3.1397489610894227
3049,1.1258394225430317,21.912120957621514,12.776652779668861,1.1715268360500493
3050,1.127893421316984,21.03181304589994,12.007473415775761,1.3135566839556585
3051,1.120595428079978,24.03827187930377,13.101623644350394,1.2735671983485548
3052,1.1259288867299642,22.290646596390875,12.511488405929587,1.2441472022286006
3053,1.1203399770935527,21.57940297901102,12.910998429422772,1.611399024675299
3054,1.1272474133263288,21.463496510173467,11.428055969393482,2.614041635329709
3055,1.1286254707760026,20.51956852565037,12.1234719446833,1.242899089253599
3056,1.129810847490978,20.554577106041226,13.247654475248739,1.8191844889939877
3057,1.1295172130139013,22.717000646740768,12.413673628397058,2.8456661942924097
3058,1.1356984289894931,19.023009336021655,12.415453199073799,1.3860224660670515
3059,1.1344556575861158,21.897477949381976,12.501229393217267,1.5725950458835507
3060,1.1319007234940044,20.011781859692267,12.100809600762394,2.2124770561073626
3061,1.140463155934086,20.36359269029696,11.69413328331865,1.714334499943204
3062,1.1371484112818266,20.11488554193225,12.379542848854872,2.918120204318522
3063,1.1607515987944084,21.34862403991564,11.472178923029817,1.9436031037651083
3100,1.190255514079013,17.89644001380381,11.030741346587178,4.725042629161056
3101,1.1831561390141714,17.32776825730465,12.142581517200561,2.0330633013253228
3102,1.1889025171527645,18.175653952120182,11.545998871806528,2.9804169529390423
3103,1.1942304893407114,19.202538532756346,12.591892623558493,2.497419304499366
3104,1.1929987350793805,19.429580469229922,12.92298855800511,2.149185455474475
3105,1.204128583999341,18.70652748920208,12.726500435488386,2.5541900492849927
3106,1.2070555793452786,17.73458121014411,11.780705623192091,2.4392774563060806
3107,1.2067365234702472,16.37373625406837,11.424224587827716,2.1994410507310747
3108,1.2036452199588297,17.544801725757658,11.7269121696857,2.4511836888228196
3109,1.1932505027256552,19.61474348253209,12.902415852914451,2.34824441871598
3110,1.1850520121434798,20.259951401134995,13.159643907042325,1.5137074661047356
3111,1.1771993156769718,20.71965872865081,12.50406322767498,1.5084118999450664
3112,1.1720533385924106,17.093140182238393,11.358356137760975,1.9697390760763103
3113,1.161416010282505,18.639506027973884,11.76525355806517,1.4327307179493507
3114,1.1606934933615385,17.014090720278862,11.538169836138778,2.3023622938483888
3115,1.1483799152151661,20.897543862977486,12.213261155899128,2.253422860399944
3116,1.1472327853103959,20.487129059784788,11.664764484083042,5.050863572865084
3117,1.1462564253544552,18.62949242964353,11.733909522587785,1.2203157996727645
3118,1.1438229001038571,19.754027649086208,12.679735647390446,1.3867666568071861
3119,1.1467601864800125,20.003590792955286,12.715560441663202,1.7802805446884926
3120,1.1411069638921427,20.50463059628054,12.674296835995392,1.4203083357284878
3121,1.14446917653977,18.301947627940304,11.607250556385546,1.9310302635934269
3122,1.1419042695302157,21.632953613870065,12.545756277946671,1.1778991366156741
3123,1.1404745513429189,17.52486431676892,12.220470830874488,1.842390774435254
3124,1.1400578393532563,20.868362324039232,13.004419930267472,1.6658864672174476
3125,1.1419775592472303,21.72021261452625,13.196106023842177,1.6346023961859673
3126,1.142256887845667,19.910799784264412,12.649874758410574,4.822165517292732
3127,1.145418866302241,19.979253759935364,11.939928379721547,1.4473032325467992
3128,1.14304880656438,17.72283193646314,12.735915762817163,1.2978429397833724
3129,1.1515649358612134,17.193097256283703,11.8877284395682,2.6644781950519443
3130,1.1441635467958486,20.36427520203563,12.770034446608427,2.837071630343929
3131,1.1498749927873542,15.642073171449981,11.899973531844035,1.5583919158124453
3132,1.1497821862281854,20.752950972152345,12.396292822132146,1.7056151547439766
3133,1.1428967862066932,20.112691784254203,13.11792441809106,1.2908202147364467
3134,1.1467788585309606,20.404021608054947,12.652061055523287,1.7273830945347999
3135,1.1423199365658985,21.009585692861254,12.539423755783167,1.8921920502494347
3136,1.1419984086955908,18.953393973101754,12.411585011171141,1.8975140313328507
3137,1.1487007892921155,19.334760076130266,12.098380136302165,1.9802317913613412
3138,1.1422224596293902,21.684093802527563,12.179057669582706,1.438246621266434
3139,1.1477298877708537,20.287664755039355,11.708182172436254,2.0060469767087628
3140,1.1465578291932277,20.947486544659586,12.181043420850504,1.2557784360374686
3141,1.1376123725849014,22.446179530484535,12.988095346614287,1.6690129510567973
3142,1.137863102756863,20.97654985244652,12.410407171941719,0.9472674770415528
3143,1.1405433681506607,20.965129626048114,11.890783135716628,3.87681161137186
3144,1.1393761106849463,18.92952295566527,12.10250367388196,1.6250812228725955
3145,1.1377439039786412,18.82562787377189,11.724771355786164,1.8056922471904735
3146,1.1337472367522545,20.210669875563873,12.344958904626182,1.3351083250019278
3147,1.1361876547785255,21.221313792688722,12.127726394585064,1.026272580764898
3148,1.1319231054882155,19.248701897136147,11.87999031502898,6.0230809290150695
3149,1.1308605069092577,21.122365266566845,12.552418207229518,0.9496356295609765
3150,1.1319939469957174,19.984378191837635,11.97798909720465,1.2162268742525444
3151,1.1266227722744622,22.563475258282622,13.357034049692011,1.0387171451868944
3152,1.1305716821793101,21.06280089056849,12.69282168080413,1.490491429592452
3153,1.1283610920632634,19.914126956344344,13.398587552360555,1.627771043342322
3154,1.1341705276013632,20.39209393965295,11.716973860578612,3.7990811055682987
3155,1.1333288316394379,19.173648815749388,12.289034326598152,1.4556415701610075
3156,1.1340219911264118,19.386586839262122,13.354959769717945,1.5541543909767646
3157,1.1347006623829106,21.438962175679517,12.533201279964004,2.706796145809353
3158,1.1400510229764484,18.176039643736985,12.443247199801577,1.3862094689596112
3159,1.1392128003300024,20.627318115232733,12.905327295646256,1.3868479546524792
3160,1.1382330153023041,18.5075015987284,12.400119345799498,1.5352751053664722
3161,1.1460679005269943,19.05378200765092,12.218819938313269,2.2040613922409866
3162,1.1445503987351902,18.98369902284749,12.10105395357511,1.337744656246648
3163,1.1665976673120664,20.02294578106118,10.730493686256402,2.1714631349930267
3200,1.1979025717730056,17.142595462075462,11.210097300764547,3.8807935878731623
3201,1.2023551420173966,16.46244242104748,11.710911571279562,3.029392251926521
3202,1.2172592330117955,17.12450951797265,10.440076725975969,3.2939119012690083
3203,1.2322068124509236,17.978130208699866,12.086033286009382,3.662562862202621
3204,1.2326031546581964,18.80051334141066,11.639365270027875,3.9443578834594297
3205,1.2455551668797158,18.66623014831541,12.071716011046167,3.6655661546601315
3206,1.253611847159439,17.064620992610607,10.833872306578577,3.5183424726668857
3207,1.2454044361789758,16.197387596380107,11.09244251024698,4.611003902660204
3208,1.2465481432278323,16.564740613669514,10.568877387048412,3.614723619196665
3209,1.2307191064449816,18.785602831789802,11.42488421513545,3.5168210601021457
3210,1.2197480054699776,19.307621870871778,11.670182873159536,2.4695022796110555
3211,1.2028622704389604,20.024615463718188,11.318526157415354,2.984269581855449
3212,1.1911187127319292,15.970367104751643,10.386372627000965,2.668014616296585
3213,1.1737572510278844,17.95325264431069,11.287068103263927,2.2563164108695455
3214,1.1651704859355794,16.692752056356504,11.064897772267186,3.3153191290310446
3215,1.151789084923699,20.245217923951003,11.294810917545997,2.493960970237548
3216,1.1504761368007088,19.469160751639308,11.330872140277592,4.920890675500781
3217,1.148266261703386,17.75926623889797,11.42487600959743,2.548574778628263
3218,1.1445704361419116,19.32576244834556,12.073940959413603,1.6185761727164354
3219,1.1464440350123568,19.24221081452447,12.076938116480147,1.588549719224158
3220,1.139982637029502,19.986641920512675,11.971896661549199,1.776966028325279
3221,1.1422555282225633,17.675083700161345,11.296270320447924,1.9324501736965476
3222,1.1408899563069639,20.95729198996953,11.970988866739814,1.8302884019139907
3223,1.1382064383308692,16.96481954848031,11.708564744091126,2.276151956309606
3224,1.1398737580471807,19.85386594278222,12.776242663189674,1.5968111221330183
3225,1.141638741239275,21.326670804184342,12.653799072845876,1.7317525182304543
3226,1.1411886232980626,19.336675606609415,12.66992478723489,3.5887685730022056
3227,1.1425349242854304,19.7307644651778,11.753771220321903,2.366931535623358
3228,1.145534664285081,17.06225191886289,12.292500806247162,2.165641987148728
3229,1.1500257699444938,17.008160844096,11.44561631564763,1.6442729147126574
3230,1.141170034912816,20.535748412228568,12.395150336245543,3.604637563677231
3231,1.14788088516904,15.490709109152311,11.362110115227088,1.911876367493171
3232,1.1467883283466207,20.502339257411954,11.994616762226622,1.469997403656022
3233,1.1405020644960315,19.888877066452064,12.466946902690756,2.482177814581324
3234,1.1433025858028751,20.0227289658856,12.102770155344384,2.150546259099449
3235,1.1408661639537112,20.342254617074133,11.918308901593488,1.6880133629127023
3236,1.140967140723234,18.234243417183762,12.044088461738935,3.492173243457024
3237,1.1493567850273354,18.667070532968843,11.646978621085655,1.9435145802727436
3238,1.1418125960124612,20.82611937114202,11.634193124670306,1.677426635525384
3239,1.143380772018938,20.09088729353974,11.403731347590709,2.064211065706631
3240,1.146459879420771,20.20643976053005,12.073576965098832,1.9581709353902546
3241,1.135353898466495,22.23030347844219,12.94341330846005,2.188394311774792
3242,1.1365751220749993,20.505653273198426,11.976873845537497,1.1918669380362117
3243,1.137526791476766,20.399479819477403,11.506567704220723,3.0211009224159238
3244,1.1375778425437435,18.38502771922282,11.769520111408202,1.6554028521515969
3245,1.1348030608327855,18.037136640569255,11.443387611431493,1.2499309465272719
3246,1.1316462298220684,19.88790565360432,11.696257302817285,1.4722279635865563
3247,1.133853946170161,20.34140951657418,12.01420074947371,1.6201447082937601
3248,1.1288023924144015,18.632464088924547,11.913967034520429,5.195884572191601
3249,1.1299230435975856,20.183518349154372,12.396741565067062,1.1770479483422747
3250,1.1280719219207331,19.510005488763696,12.043564304245782,1.3482706390116428
3251,1.1249956366561837,21.921464809377337,13.169924989931202,1.297209278095379
3252,1.1293059150526454,20.37975295224362,12.23358677613489,1.3786470100693136
3253,1.1261197532211005,19.759456122303288,12.823150909274869,2.51059217387426
3254,1.1318109176639677,19.45753964959743,11.441712375769663,3.111720892676369
3255,1.1340327226901241,17.991627885386553,12.292689474096903,1.6431994866339157
3256,1.1313880534608574,18.891307681672398,13.11696355210434,1.9076834009304717
3257,1.1332029764948641,21.077845005788074,12.237497837816674,2.4832295297850555
3258,1.138113646843225,17.876401044436086,12.01037284530851,2.3559890295334047
3259,1.136475247206412,19.988584259416708,12.495386911789074,1.4648506050371985
3260,1.138012518658354,18.043929492744677,11.979141557047463,1.870608880489651
3261,1.1434963729851948,18.728569104543062,11.62128677084233,1.9293104392684723
3262,1.1432719815358172,18.27757056759603,11.95038725441539,1.6138935232621
3263,1.1653251322334282,19.680732273033716,11.094632191999315,2.0798288997283567
3300,1.217892280306691,19.713622012637764,11.412742884757595,4.050530160785066
3301,1.2297051379793247,19.92940014662513,11.713905267982502,3.1873886553519353
3302,1.257162589038638,19.475900584735093,11.315888644684343,3.1016625685537647
3303,1.2764765854308777,21.276611978537648,12.283643643701737,3.4730116829519315
3304,1.290096968282431,21.376113323348775,12.173455355931331,3.2148703979425446
3305,1.3119232123903455,20.746489485770102,12.127031710019105,3.360864607602437
3306,1.3174544295963715,20.12586235533772,11.632084874904283,2.9652594915446704
3307,1.315585269297772,18.273999813476483,11.460022565102067,3.6055115275785883
3308,1.303948795603789,20.034842296725053,11.296715017535636,3.2184065625151503
3309,1.2839026983030948,22.010138051270996,12.310053138771123,3.106270963573869
3310,1.2595233696288728,22.48589675379007,12.412129052793041,2.82348526480754
3311,1.2393161453521946,22.523645699964955,11.8372034032882,2.560508974629626
3312,1.2189069057550574,18.678623360914393,10.603072595772165,2.8259060184324754
3313,1.1920652948825101,21.17394474177454,11.685620673245626,2.0932190810094675
3314,1.1775182520086642,19.68883175021994,11.18431325515252,2.0874051664981823
3315,1.1594361120860863,23.512163709631505,11.605292162266615,2.3212403296743993
3316,1.1557028056038352,22.531782011450495,11.210619751323875,5.639966486511767
3317,1.151792623193544,21.248560188561832,11.712798285460039,1.3038825408524557
3318,1.148055837947919,22.47750898503366,12.078435325899186,1.3810564376164145
3319,1.1463264340404116,22.989691529239202,11.99288824763812,2.096185871742589
3320,1.1390549910648438,23.450430191819514,12.35974531439413,1.3144898254987056
3321,1.1449111104132481,20.742510055059945,11.317510786252274,1.4206773513370627
3322,1.1419555485553405,24.229430397759497,12.185171381437852,1.1997717963884125
3323,1.1419351590567017,19.46426739664376,11.894609966652391,1.3469306601164575
3324,1.1402180058012565,22.849613327120608,12.63496522453251,1.4964328841257937
3325,1.1407393139186888,24.616355613965986,12.899392202565428,1.8027468601144878
3326,1.1401270549927875,22.840846178028684,12.320067568970833,4.824437769010584
3327,1.1443180620873894,22.97561934759564,11.717422684353057,2.3966947381929224
3328,1.1432137128774476,20.898818336676495,12.29799595790471,1.3014832402938947
3329,1.1509450991071282,20.165124184058833,11.413310119569273,1.9557481187155683
3330,1.1417091490715419,23.627744413418316,12.499512762375506,4.224568503096721
3331,1.1480342199717835,18.574503993933426,11.720337802495122,1.213386261075884
3332,1.1452084807836371,23.805598519319066,12.333582955473997,1.767226820918622
3333,1.1412915042043794,23.3522462389272,12.343603466164264,1.359846611241408
3334,1.1452542981261213,23.11059581752847,12.101840355876856,1.4338707562531998
3335,1.1392357535113893,23.850536698557594,12.435826448452598,1.8941315337506948
3336,1.1410513788998384,21.514164882231444,12.061210061992567,2.923362690394287
3337,1.1466285340421998,22.07959839598744,11.63370489751515,1.2641559952961345
3338,1.1400794477957263,24.266850854308274,11.861054041683186,1.9743809175641425
3339,1.1433664690497083,23.40631096316578,11.53041572537215,1.4428275247662967
3340,1.1476034317387533,23.08754285122007,11.980823631845908,1.2384303474994558
3341,1.1356481510300078,24.987056698282146,12.90998550718197,2.430471026951007
3342,1.138657556510338,23.453665325425646,12.207044448005817,1.138527487405708
3343,1.1362087455664027,23.755895190758256,11.55032965466091,4.673466869079341
3344,1.135964838624662,21.613052627544818,11.628520058591983,1.5965697914546877
3345,1.1338193226172928,21.519311621444057,11.682023984137874,1.4978465791231308
3346,1.130792982108941,23.033131357354737,11.829201219442428,1.7363459926632325
3347,1.1358938179597935,23.420536280252467,12.110952450069782,1.1165495525917475
3348,1.1277444067953435,22.14366658949071,11.982174285490357,5.543223212397707
3349,1.130520607523142,23.114395971639762,12.361346543564261,1.2069007737727795
3350,1.1310980112922342,22.504939086147907,11.91819842146345,1.1342937528971895
3351,1.127104856279245,25.201700411589776,12.62686253473278,1.5175243451948541
3352,1.13020198277401,23.558417640948388,12.482894234234616,1.4832680994562422
3353,1.1269997373038316,23.129845959243273,12.803459840769037,1.9576202388847808
3354,1.1336775232192384,22.682388332507767,11.35575274158589,3.2588096935876165
3355,1.133203403626043,21.801925374959254,12.387429264356454,1.245162677202281
3356,1.134169386297165,21.895345245266228,13.189975370439107,1.2924356876480894
3357,1.1348351531582623,24.008308002155186,12.20916973278345,3.8930709971906827
3358,1.1409867956893884,20.601898889341783,12.269523477989463,1.4516917652795807
3359,1.141871654279776,22.761549014173678,12.413645751418624,1.727214279361346
3360,1.1390981623496415,20.988074531906758,12.215135101408514,1.3302741879770787
3361,1.148644665181451,21.527517877720314,11.588741362040063,1.2021876387100128
3362,1.147406466470298,21.44009684263261,11.577883847594325,2.137553535836761
3363,1.1721023392623793,22.110072282964108,10.515809392757276,2.5778310277030285
3400,1.2455861414872176,17.09602117302012,11.084333252895531,5.226357052976032
3401,1.2777593819642217,17.991852919126085,11.879116593241472,5.103301813436629
3402,1.332527467683499,18.46160790760133,11.728404381527163,4.7994587888561835
3403,1.3806763741483754,21.320350468564744,14.216549682922771,4.540424259196058
3404,1.418787409195662,23.363947632848085,14.383272750554214,3.450562014522001
3405,1.4506259053249777,23.586679712866044,13.910453311568554,3.8936293431130347
3406,1.4700896730216624,21.829099291986655,13.994393718624657,3.622985553189644
3407,1.4538455690810548,21.62106607941632,13.818076910825367,3.038894401418173
3408,1.4466681525925311,21.81122453325829,13.632637308972198,3.6020319878748808
3409,1.4099154767164597,22.276664182787407,13.54091266031807,3.0156854812972775
3410,1.3577040146962798,21.5718604752857,13.184698592475609,3.4577645373318053
3411,1.3096289867087982,20.693683085165656,12.06654800067328,3.987432989956737
3412,1.2664649664359828,15.963350936173955,10.510121390382956,3.80929633437777
3413,1.2242698230631082,18.27701455188718,11.115635048865359,3.3961067570809904
3414,1.1986843896956,16.612420271627578,10.952183277239918,2.9552091619381478
3415,1.17064148035144,20.493281004636177,11.282660524504182,2.725463333776648
3416,1.1635841408117722,19.844715300814894,10.743944630214786,7.451899563447782
3417,1.1542936960420476,18.59536715977071,11.336299298221757,1.6667655917631763
3418,1.1514953190636565,19.42782822685639,11.789887789008697,1.5881700192348582
3419,1.1488855215220553,20.081120086114343,11.990389096883568,1.5329065019603172
3420,1.1429111608883133,19.95450074564072,12.157058754279058,1.1607809736794656
3421,1.1444980432540284,17.908766049660503,11.182876987421354,1.2728639856964907
3422,1.1424460190511316,21.509743963549727,11.801048244240098,1.4705634190805406
3423,1.1421368055818795,16.889436666927132,11.46812673939463,1.146673777458219
3424,1.1423402044274498,20.09512726373023,12.61357725504143,1.511622418503117
3425,1.142062267023381,21.704973047205232,12.591214438547812,1.8049432592557018
3426,1.142792114179341,19.646053734730177,12.476983754892506,4.101365421635243
3427,1.1456651778986964,20.182587937574315,11.537873575432013,1.7603162283721285
3428,1.1435491063053955,17.788730601204264,12.409303462700105,1.4454219453136883
3429,1.151958611186501,17.098538289950696,11.239362020194381,2.4020989478801273
3430,1.1441119872727026,20.546897626748194,12.010712891846664,3.6846658058966613
3431,1.1484608575621558,15.89534096757684,11.10846145947941,1.5669386056301131
3432,1.1487813576717032,20.766186503795456,11.730020777279293,1.9622814301804798
3433,1.1436934149485507,20.28892469803684,12.058055286386505,1.4898781903430196
3434,1.1433588682748064,20.86134198470419,12.130936680599175,1.7994336999157985
3435,1.143852061946813,20.41240610675661,12.022722750484347,1.5761286405925818
3436,1.1436031783690475,18.859841241684475,12.006819158494148,1.8893792266603002
3437,1.1504211557630553,18.904473369540273,11.370819048464027,1.5179895680589162
3438,1.1447837762703215,20.990050718793004,11.359521764817798,1.3507289352229295
3439,1.1488882602958264,20.10688625753768,10.988324560561507,1.3240235979912125
3440,1.1484456197731416,20.556725678563495,11.64872905656404,1.7400802509156978
3441,1.137376172453627,22.43860606819552,12.670799162041606,2.4871583609972006
3442,1.138296120880012,21.130870745668393,11.678046789344721,1.5465907063080035
3443,1.1386742011485114,20.95539430024581,11.112490886797877,3.580619364039856
3444,1.1391544961594033,18.663194166177107,11.4669692368249,1.1305904121375006
3445,1.1376182037831133,18.35611156530409,11.41847331515392,1.080452167405792
3446,1.1323284978672539,20.413333651382995,11.566803911774251,1.4509089878584254
3447,1.1383534535742383,20.490388645432606,11.764235876701424,1.346824273322168
3448,1.13221870229615,19.018186722653333,11.642046168134994,5.191919946821234
3449,1.132774348460126,20.499432996776516,12.190401946517959,1.2091271193637132
3450,1.1333904949463969,19.882506016196373,11.394771204544229,0.9215692242336201
3451,1.1278081021567044,22.266863329750635,13.008845446868863,1.4058636823592943
3452,1.1337254954229583,20.40635525841202,12.525480675136668,1.0993748105582717
3453,1.1307382883607027,20.171140095075764,12.352406762246707,2.229955471741106
3454,1.1362809811235504,20.054509456803483,11.163510160913086,3.9015472474633723
3455,1.1373552917454894,18.969481017910663,11.97822682705137,1.6137984493877182
3456,1.138406724200745,19.276807192739128,12.627534793209419,1.4567257564333447
3457,1.1374308203409027,21.305505334547938,11.801252748013624,3.4806731269569813
3458,1.1453367736594324,17.542766442502273,11.84515158744609,1.1042572108759259
3459,1.1428043335004021,20.135030532574156,12.223184593507286,1.4848201593924635
3460,1.1446278345473624,18.074003731552605,11.876433705473127,1.3388819326391466
3461,1.149309971081659,18.866647175994604,11.589254061568063,1.610390023208771
3462,1.1472418086047111,18.68288089979692,11.802907175690276,1.4049748031924074
3463,1.1726972988159787,19.49494771984376,11.118725581550335,2.902976598468082
3500,1.2863855859693858,18.80889829423546,11.738344621676605,8.441330989222566
3501,1.3775106906028567,21.926428032502034,15.109374624321465,7.610162462476668
3502,1.4798776182522781,25.1853398297559,14.421275554239909,3.7346767772353417
3511,1.4564935126861045,25.177052269495086,13.691937019711984,4.224414796752291
3512,1.3624274925625137,19.762658155661963,13.030251410307024,6.4069820245132485
3513,1.276825099722252,18.755432781684593,11.180070061319821,5.5061396741166915
3514,1.2194273563423474,17.389631531559168,10.61608666881625,4.22502769425674
3515,1.182618139852718,21.0961403118506,10.391383139913868,2.4741665850259262
3516,1.167435866880644,20.249730417144786,10.509440513223037,7.5774300979848555
3517,1.1584529889836115,18.746424289288882,10.817197849501852,1.678235911006185
3518,1.1553694264523038,19.987074886793557,11.443059126563101,1.4913197615134037
3519,1.1514100963799834,20.395783883896463,11.274128334564766,1.3297087863284434
3520,1.1455599825892768,20.49558856589793,11.523136203888969,1.289061790320047
3521,1.1476912770060863,18.37495565307295,10.343574282917478,1.4560111954936097
3522,1.1453973145303036,21.961686382512543,11.01401325810709,1.891443563598533
3523,1.1439418177224108,17.55983334189253,10.824686674895311,1.288860249291779
3524,1.1413963370920854,20.588027262253632,11.753767979733311,1.5998950243952195
3525,1.1424971554549082,22.03890890059451,12.016925054036577,1.795181815935578
3526,1.1428625810992599,20.10860793298592,11.67644680970061,5.590762859932205
3527,1.1459768858685542,20.529567778625452,10.855973705768378,3.3978913458203746
3528,1.143837407808592,18.52233894265562,11.785364804375229,1.9307915231570871
3529,1.153552619121578,17.442687419904168,10.41356400076185,1.3542288521355081
3530,1.1433705275250035,21.247005878463135,11.795881083885096,4.028642338384951
3531,1.1503988278041726,16.055303936784664,10.429414548253305,1.7358488231616598
3532,1.1497651862533573,21.47031657620689,11.398611169914842,1.6834263674195573
3533,1.1435655770542974,20.66358068535369,11.607716386527583,1.9226324421450747
3534,1.1469881461422005,20.720752332711864,11.187474628808621,1.3895349615784691
3535,1.1416569055608505,21.289625711973777,11.303614086112988,1.6243329988709851
3536,1.143916112102413,19.14127214127478,11.19288129619992,3.34675846469671
3537,1.1494414587418917,19.599077889540048,10.922551897298346,1.487868119273493
3538,1.145494299972182,21.470279362133844,11.018836514151772,1.470170363522173
3539,1.1465418777658911,20.91324316581597,10.502908714660132,2.136084308697481
3540,1.1493981357420573,20.831699534421166,10.914672787188726,2.616258776250273
3541,1.1387606622167756,22.643597082768235,11.753650578362405,2.5129785447442448
3542,1.1403160860564394,21.145059132731703,11.243250437614499,1.719850940040294
3543,1.1406275928791823,21.292260003712055,10.484083476507854,5.8508400949004695
3544,1.1404543460425909,18.92660965042117,11.028222761129763,1.4961580095807285
3545,1.1382302071352373,18.931544355411955,10.793306965919673,1.3149726056757516
3546,1.1342530860784115,20.476342648065277,11.077163083073415,1.3229124992962649
3547,1.1386574592409502,20.84525227170444,11.22379569086818,1.1469716674596295
3548,1.1294505688756893,19.842609081870297,11.309401469401253,7.11581674669636
3549,1.132451388965658,21.018026783901625,11.473482924810886,1.2457091273732683
3550,1.1345827513211721,19.812310183691107,11.157847859855792,1.1658680469636784
3551,1.1293800933310427,22.548719373749794,12.346391654900783,1.2728023198779357
3552,1.1336178968755484,21.31142989117094,11.819046499072558,1.3523746735045001
3553,1.1313978453517781,20.50643887104644,11.861940139270798,2.2426425267008656
3554,1.1361574241443952,20.566450672513778,10.453768114643042,3.4526961243515437
3555,1.1388925946126873,19.002579525396985,11.344035225176086,1.4676333028021926
3556,1.1386566968792997,19.55129840805435,12.315363012105312,1.58528716047932
3557,1.1394056389007323,21.919346273685573,11.468271773415339,3.7472946983454234
3558,1.1475344497030584,17.95967518323705,11.252057862311952,1.3788077043295763
3559,1.1469094908727375,20.142210679633866,11.774406117116435,1.567553429779068
3560,1.1439884287659736,18.709430581206778,10.960964119333134,2.4191441112850485
3561,1.1535490263615014,19.20424115133169,10.960534992912379,1.9609504861101776
3562,1.1511089980591889,18.78517977757946,11.017345997445876,1.746671934405779
3563,1.172932950551477,19.38010793868569,10.787966049678372,2.5721629110020667
3600,1.348174796733606,19.244400353010665,16.76187872751772,11.020475959988016
3601,1.5022800178892828,26.389018243937553,15.79705428686889,2.3142062292603045
3613,1.3678896056751066,20.216093726754167,15.592418189571648,9.096210403528497
3614,1.2531078669420324,16.833491744582002,11.939136369751163,6.1433357166674805
3615,1.196223116474461,19.175754543193158,10.942522790600389,3.4695542439589455
3616,1.1722213473063157,18.727405288433577,10.668101413991772,5.799624622091448
3617,1.1599243360515459,17.188881756606236,11.238595649385859,3.084440149096467
3618,1.1551368638559028,18.46354085754026,11.685751609716167,2.2553323409089767
3619,1.1531754214434027,18.987574253693474,11.324187802528408,1.8911001370612561
3620,1.1450642345317879,18.948543690012773,11.632980330301114,2.600994803063814
3621,1.1466638414349328,16.882766645428,11.017385738537936,1.9881164819052302
3622,1.1432300918017146,20.626463010882652,12.045879875098919,1.9974085445665808
3623,1.1427371140965803,15.889809338423253,11.226727729492625,1.8494663794232302
3624,1.1396402493008202,19.202724210551263,12.273411564057195,1.9626623294674495
3625,1.1401873007983392,20.809825893586154,12.594801079343458,1.9676770957918364
3626,1.1424060762547916,18.687281876019355,11.811223002813541,4.379990996144861
3627,1.1454378918451458,18.758755751532007,11.176051212538868,2.4150544578356095
3628,1.1423526050879285,16.98205037221856,12.372794759106451,2.504651078791937
3629,1.1538275394413884,15.656378711096623,10.868432058541444,2.0431365795555565
3630,1.1442648956461599,19.528757075005874,12.155251565376881,4.454116388142453
3631,1.1487492797523666,14.779839015739338,11.090678235029618,1.8990511426861827
3632,1.1478500162605654,19.722347154778713,11.645763135275288,2.761148997039314
3633,1.1405446968739748,19.17261574990192,11.776337173379746,1.5828876522644886
3634,1.1467394837333624,18.935815912440802,11.666413539184768,2.1018874762877813
3635,1.1429360309915868,19.398719468402604,11.889819604579865,1.9869145805992088
3636,1.1404494595148975,18.153681202459513,11.83453142361164,2.674667964902269
3637,1.1508498939167289,18.066702226850502,11.1693234351519,1.4333058852070633
3638,1.1413279618987335,20.16792406229072,11.372049076796946,1.5146186172862839
3639,1.1452060912152147,19.574990293257997,11.048521123545392,1.9340771004807782
3640,1.1482946280175783,19.232173803945663,11.476477170667184,2.363530681020855
3641,1.1376332158354652,21.36871980435196,12.309328534412355,2.0991718307872502
3642,1.1384660851155612,19.538891142561745,11.96581427829191,2.196889336772688
3643,1.1383312918088369,19.75526314251412,10.901954042858698,3.663480974015742
3644,1.1403333016449213,17.429301131271206,11.459741429716006,1.3709161045417582
3645,1.138102161700983,17.056917028488336,11.25922073590936,1.5622357996735683
3646,1.1333310745986032,18.948579003011236,11.520943929268459,1.8663139451839956
3647,1.1375056341039997,19.245546922476905,11.568661936683537,1.505431076794601
3648,1.1308727082206043,18.088875461948433,11.775004112595964,4.975969098818857
3649,1.132101105371554,19.569155540104187,11.987365687059135,1.6862078691112865
3650,1.1346725669021815,18.947732999872986,11.446788930970715,1.6723455624854218
3651,1.130817375001791,20.87113580206902,12.589459035763763,1.6029254922728362
3652,1.1315754362494541,19.989447877065626,11.910614461382488,1.7620378249271766
3653,1.1302120000490452,19.14635624447995,12.575205706205688,1.75329536571981
3654,1.1343584404727445,19.45114946133123,10.90815823383642,2.6150295756841824
3655,1.1379680186339836,17.775891412093944,11.724254318589638,2.275172409112396
3656,1.1410070565346555,17.982376341152857,12.87330354582176,2.1662801062501567
3657,1.139673401320233,20.248027968088405,11.73466408465221,3.0700665297208154
3658,1.146422922150511,16.7901703744373,11.785779106287135,1.4966917383084433
3659,1.1475319807058688,18.80551169172146,11.968352922245552,1.9914475634317432
3660,1.1425393496190897,17.52890033615,11.727444335347746,1.8200916905800915
3661,1.153222569120937,17.688718098454107,11.222904198729585,2.1045978062305677
3662,1.151107236027965,17.462498863966566,11.860823450801899,2.0261352635121717
3663,1.1707439933787567,19.058320219029994,11.720756339330487,3.826861484488413
3700,1.3539201675166082,18.447658037717716,18.067091325159808,11.732977355758438
3701,1.528781656267989,28.59728429285344,16.82241362868625,1.205564060842997
3713,1.4435298483432677,22.793654571715763,13.008224500616192,4.3890057640472175
3714,1.291403753404605,16.102041270793922,14.156427910942465,7.9842891155367655
3715,1.1946776621038475,17.285962313151,10.98288567249062,4.809646744471056
3716,1.1713648690855927,16.208839548859817,10.913245363974283,7.562197755031759
3717,1.158145842772316,14.99521870922897,10.968087283473734,2.976221716695856
3718,1.1513610721139347,15.930430996580496,11.768948517322045,2.8498174512144314
3719,1.148864692674922,16.230183544821593,11.557175689094187,1.6460344760901249
3720,1.139171537479234,16.857891807393635,11.7823510048302,2.408086391833144
3721,1.1393344087545505,14.887640613938945,11.283361133806071,2.692254205377122
3722,1.1393682618313177,17.859684929296705,11.428863565350987,2.545981085714382
3723,1.1375607416924431,13.540061799625947,11.598517034422548,2.5585581398848487
3724,1.1340720405839366,16.608746131432284,12.26615856502839,2.337090085921505
3725,1.1361232508265355,18.320156551054627,12.874375262568046,2.193859230292978
3726,1.136318016454269,16.277221952264682,12.019129928970237,3.6626238895806393
3727,1.1381068584430638,16.514942960870243,11.53678699276808,2.6865916404464074
3728,1.1343178949746735,14.914016461414612,12.023054805762346,2.2215530316417005
3729,1.1448730875734823,13.533440045959198,11.32583161140201,2.170604086539384
3730,1.1378366880994637,17.108024299449887,12.260409231948021,2.213289659534474
3731,1.1431552783175736,11.887920699910907,11.304034671260936,1.9107160396637919
3732,1.1428755656931517,17.31896448395156,11.645808289300737,2.787380662233843
3733,1.133801152174767,17.37197885282434,12.353581760685206,2.74868425930825
3734,1.1396897575110023,17.02955698975877,12.174949527257464,2.2290099465939948
3735,1.1368344770325722,17.374314045033067,11.532129565051953,1.9532061673944856
3736,1.1351540650663472,15.79092089257317,11.986244009861041,2.748780453764005
3737,1.143319917181512,15.872514561625165,11.352412424676926,2.392514438910682
3738,1.1392853519858666,17.56716998334621,11.454752585260751,2.161836190867828
3739,1.1390150787338915,17.504440028760555,11.334679331851662,2.099101670245884
3740,1.1416911907715488,17.446929082663218,11.809294068995097,1.8998670022694668
3741,1.1306529919812012,19.151011388492247,12.530734327052539,2.1538930489236607
3742,1.1336677618048137,17.34577179335381,12.11539011777675,2.5162330815903085
3743,1.133245418856954,17.719128015700612,10.747443902895862,4.618218412061091
3744,1.133873166113382,15.257972517068529,11.726616821928191,2.3693125870774883
3745,1.1304549012066603,15.492218274316787,11.231160750480724,2.0320720055043573
3746,1.1264154110747802,17.153295077094562,11.541317560057582,2.2963093777707217
3747,1.131790703957718,17.228504948822174,12.01947413319588,2.1431216783261413
3748,1.126105920523411,15.788438925386593,11.824824095724509,4.390029354575579
3749,1.127406445159114,17.35491155216899,12.51159992995352,1.8929758313813814
3750,1.1296412705253607,16.15518168890123,11.676031129350754,2.2403076984169856
3751,1.1238181448570015,18.574836858898212,13.20622726216,1.9498660773262906
3752,1.1316027867894287,17.193186411694832,12.158900867659678,1.2711407300535191
3753,1.126898770164159,16.76403311639602,12.647893898973114,2.021116904369246
3754,1.1334869940095116,16.694015700708437,11.062183805214143,3.6294292738815663
3755,1.1347985881975742,15.479020441108986,12.1336588202933,2.264485708287189
3756,1.134789057923395,16.15818274355979,13.058975930968375,2.016946124696688
3757,1.1350501869645961,17.8933671230172,12.138261335226586,3.042400509746552
3758,1.1422205229081224,14.549441289989774,12.017390544896216,3.120865049907199
3759,1.1455862215074741,16.60121807636211,12.328260702350907,1.627198277035177
3760,1.1415917821710995,14.938446412472976,11.886015383528044,2.298776884450742
3761,1.1500375950588908,15.828688995489099,11.591744773060695,2.524168680110403
3762,1.1454273514017754,15.695807685071857,11.884704740804924,2.176604026392408
3763,1.17032041814126,16.9404638587931,11.860642805957696,3.0869008329907444
3800,1.297403128749528,19.919917900448347,12.615573126950377,7.149640843807003
3801,1.42077697496131,24.08873982735528,16.42653168770627,6.362746700373955
3813,1.4089012644085452,22.156000347992517,14.46953575661665,5.35581951128305
3814,1.2662923302664404,19.046341679226362,12.385226102069804,6.4299236272638
3815,1.1945740465317396,21.866578846016804,10.775835722925343,3.4289393618613073
3816,1.1730203332311169,21.173003870824136,10.443363976121253,6.939707457541237
3817,1.1604028917982547,19.411692734405992,11.083941306120158,2.611042241758942
3818,1.1538744972774193,20.938239664164097,11.424245026827657,2.162975746072475
3819,1.1529494848214439,21.54663129382157,11.000980151238732,1.7038369480395592
3820,1.145280855872242,21.511895422570646,11.436847150131612,1.4328241575535454
3821,1.1458886768438725,19.482692234548267,10.653271790018323,1.685400856844981
3822,1.1429374171151632,22.85399655624549,11.229832609682397,1.6790263462117268
3823,1.1413122551739465,18.375610324266578,10.727124603698504,1.1414655245292862
3824,1.1392296645060942,21.72641378000725,12.03089484847867,2.487176868889117
3825,1.1403269347951157,23.48406559637499,11.878417452186488,2.5969031130868676
3826,1.139201180446307,21.261408883027116,11.863514232068917,4.399202430586462
3827,1.144591778122376,21.14702307103612,10.51016504617239,1.8209485101152676
3828,1.1401614061216836,19.563524794096395,11.736487467333461,1.5758944235686936
3829,1.1486843143693513,18.651708110646915,10.521096378303426,2.1116823417142454
3830,1.141063216141875,21.90924182649477,11.998898978249002,3.785545336348984
3831,1.147514780870147,16.501058956337335,10.560239452303056,1.3174378558566824
3832,1.1457148885842872,21.803650814671133,11.77946506945905,1.4262830059129985
3833,1.1373373432240588,22.017617177407292,11.528051851874768,1.576767527079077
3834,1.14258491017754,21.719623142302776,11.701173826898891,1.3517769742036971
3835,1.1389831757709838,21.978712931086253,11.320773125856954,2.1114689603857784
3836,1.1378251532594938,20.55110426310627,11.451568731697032,3.527280514051499
3837,1.1458128229199975,20.701069277871238,11.197338244966215,1.6888019075460161
3838,1.1415407056465232,22.618317473990334,10.996474784997393,1.2926765160125309
3839,1.1442522907841957,21.688087123443918,10.771109608122321,2.202690177330907
3840,1.1465779314067222,21.739693837641862,11.285665992290282,1.207495552455051
3841,1.1360582541244866,23.529570915100482,11.773679666715447,3.9627605959461265
3842,1.1372315414607044,21.98319005788961,11.30097832489571,1.1452189962146033
3843,1.1377725467780575,22.062465001554777,10.535661354124295,4.260831673327486
3844,1.1381278156654933,20.10689320242897,10.916416946885942,1.3546054409342232
3845,1.1362711080574754,20.12237021714039,10.415348506634626,1.2182558419704093
3846,1.131621109951991,21.417802798699622,11.10052939051503,1.4010524085880223
3847,1.1369972533471748,21.976264051976482,11.285430014220632,0.979051161074253
3848,1.1318557265418512,20.496819343705898,11.285105267236702,5.912711338707876
3849,1.1341235062870394,21.76502682572567,11.34428468611553,1.4345892002116662
3850,1.1350545081999635,20.776541007881555,10.955134681266449,1.1497914398771054
3851,1.1300613810312854,23.363743756076982,12.124494324970676,1.1901786055961074
3852,1.1345444886849927,22.13516156099146,11.873918604768779,1.515858342045949
3853,1.131713581973528,21.36133860419039,12.21139352935606,2.3529952388650477
3854,1.1386359934118946,21.52248329315507,10.552736454572303,3.2011146958764707
3855,1.1395381409979415,20.43467965689052,11.418852228929413,1.9263348859941287
3856,1.1413919497141516,20.37497340520702,12.356124966974932,1.206864504575063
3857,1.1411205529402844,22.727786639155674,11.473933517134055,4.059066751420401
3858,1.1470774901524954,19.13592433870008,11.732012483813117,1.8723476521822502
3859,1.1486055164418658,21.31963176955655,11.963131656055104,1.216919557796693
3860,1.1485421517103183,19.58399858637862,11.237240492674328,1.7376009752390693
3861,1.157041698681644,20.21618358762664,10.779721429318306,1.6668766337988346
3862,1.155440807682181,19.823229498951505,11.11812044642127,1.897424863235151
3863,1.1801358791439744,20.272469132099573,10.577760269404973,2.850447510833607
3900,1.241108050537177,17.24310136877256,11.032445119723514,5.525433543602171
3901,1.3053485977051689,18.630729704465313,12.631477649256574,7.612312917381956
3902,1.4063165087037486,22.303267769632747,15.366743937349568,6.8487408010798765
3903,1.4896214580347562,28.339693107998947,15.537427991676914,3.04550711316297
3912,1.4574636910564536,19.99846704395959,13.520839870126816,3.4909491774204975
3913,1.3225623030091886,19.25801182969277,14.630398893386905,8.118513741212013
3914,1.2264612893014073,15.533701187185578,11.114059821930159,5.136858431080623
3915,1.1771119839989974,18.985593197704933,10.6568559938397,3.35037869956191
3916,1.1621418252658136,18.424651927669522,10.482255701048759,5.543937980666033
3917,1.151939807854575,16.274236254190534,10.87170033462598,1.7277425827526762
3918,1.1448404058603188,17.90104960302103,11.710915096089428,1.6994110898432668
3919,1.1419397090956365,18.55104690084354,11.428736153050037,1.5162424290089274
3920,1.1348047379270503,18.722078452417655,11.735442134665258,1.7440375274338766
3921,1.1384763824019777,15.86442308772147,10.770904150690619,1.3752314867491273
3922,1.1337919787992348,19.79981317504104,11.363174646508211,1.456017346667428
3923,1.131382533806948,15.51708920726071,11.048293049162933,1.3848805647864013
3924,1.1287288417705237,18.512577755165356,12.48705265354369,1.1536461500384634
3925,1.1307057817764095,20.08188625333101,12.456236836071138,1.849225653284533
3926,1.131890586375333,17.945662920895714,11.934899877061866,5.628837404792279
3927,1.134600688731409,17.93827163309155,11.315524140677176,2.0231574839097544
3928,1.131990186784323,16.115767891106653,12.021102999797801,1.7413431105928496
3929,1.140615171986767,15.23448357673813,10.654675912927798,1.367644174151197
3930,1.1318884074586473,18.840450290209365,11.769820360746163,3.6358193919409247
3931,1.13578212785349,13.877504472811697,10.97654404223142,1.9475184543900323
3932,1.132749432428507,19.38270530095248,11.790753537600944,2.3720272961545374
3933,1.1271670079783762,18.481555076976587,11.894949947778493,1.4175682109363046
3934,1.1329093945221014,18.723777111513154,11.606759216856606,1.5568771889558928
3935,1.1308880786410886,18.70465634884763,11.640182601332835,1.9887279848898722
3936,1.1284845321521346,17.339033511727873,11.33028395283002,2.7293322973330545
3937,1.1375349468522156,17.270019873585742,11.132197890211874,1.9062996780922168
3938,1.1330972093605212,19.20420309788608,11.258969398375422,1.6107709080970247
3939,1.1350128349926651,18.424475294131508,10.911261986267585,2.237050457096009
3940,1.1374962281798755,18.682653422303947,11.575523677298051,1.3740307248506958
3941,1.1250672712416454,20.33721723205083,11.9895100835742,2.071966039143115
3942,1.1272548407067475,18.931960999680634,11.613812354695208,1.9554667818534626
3943,1.1282145940744837,19.101335128214988,10.691386444458518,4.610607424238759
3944,1.1292163006704765,16.475356353461397,10.9445991181253,1.9732458031078326
3945,1.1268694984304424,16.702704862644996,11.024741370706524,1.3752980804364003
3946,1.1256453852051347,18.188896537442744,11.112762950174202,1.2887351792770751
3947,1.1290155143145804,18.534242689859177,11.559261952546127,1.63346601685304
3948,1.1211195799407059,17.607575328741557,11.368485709285936,6.2096189023698125
3949,1.1238209724337824,18.504355324939585,12.166798293097049,1.1650797860021573
3950,1.1250833268095894,17.837917583325826,11.26540253558963,1.016652125194549
3951,1.1216566187947343,20.528269704498005,12.456658879281774,1.249315983977925
3952,1.1247397028815718,19.133621265951877,11.872023955916497,1.6900740116952973
3953,1.1226360128114972,18.372973506044026,12.74851659111291,2.1351502976111636
3954,1.1309875648614682,18.10316668049335,10.882949386906287,2.63671525162552
3955,1.1329161062583941,16.895325823694556,11.411529399784058,1.832582425967527
3956,1.1356259799822708,17.14601854414662,12.472431178199386,1.1222232047006353
3957,1.1314834565843865,19.49898316295713,12.160457506486384,3.9846140559840455
3958,1.139678530292416,16.238014421583625,11.608079469448395,1.7057236333096886
3959,1.1413528285277355,18.062740764357653,12.00613887487253,1.2784257178112692
3960,1.141243566564225,16.32966056119664,11.635842026719757,1.9552904487803964
3961,1.148551299689871,17.17392258346182,11.329274801838274,2.026726753127547
3962,1.1472592784088598,16.812165150412877,11.59668062542096,1.7570835817453478
3963,1.1699947287724841,18.303139869305546,10.824080859724697,3.9659000448525323
4000,1.2200743539885703,18.140221032392166,11.80093712643699,3.7798823080584962
4001,1.243784181531703,18.38225595056462,12.074853557140973,4.836058434578012
4002,1.2882003189825777,19.520196032649583,11.792794729674709,4.117115132934778
4003,1.3379674352638466,22.38021851532154,14.485650130084164,5.373471893159148
4004,1.4005097083077447,23.84244203510524,15.26592499591872,4.069102220395179
4005,1.4538134041527186,25.453913405588846,14.189793667606766,3.332279069326616
4006,1.5072423850164918,23.54888175872985,15.697166182190914,2.2189769979927227
4009,1.4971483098654506,25.198757034837207,14.881639165282007,2.3927306633278778
4010,1.4438022183821397,24.787143343465786,14.203932616989126,3.376393002677881
4011,1.380605205484124,24.223622772855368,13.866741429862026,4.377119921909268
4012,1.3093261504810814,17.505544262814652,11.840941223904608,4.474701658175198
4013,1.2407029346613743,18.918804145742165,11.843880879378043,3.6838700855824795
4014,1.2015730801443953,17.23246810578882,11.276629950553158,2.664523900521785
4015,1.16690522214258,21.246798745016772,11.916435216038058,1.6091979430340855
4016,1.1585501017923443,20.08364638570208,11.577610429879613,5.830861992940754
4017,1.1499105575936848,18.729987317705238,11.904012877738337,1.1236162065702113
4018,1.1475608638506758,20.16876554784077,12.409521824831483,1.3543573021888196
4019,1.1442475976303808,20.549202305059246,12.250102668234776,1.4492771389400405
4020,1.1350049480209348,21.00113147097581,12.327548823184319,1.463365193379029
4021,1.1385539286909154,18.707249225672726,11.458316748391022,2.4819195201173767
4022,1.1357652590113452,22.044902813356327,12.184874697627668,1.2544997096627635
4023,1.1355471234585055,17.41010745482234,11.86292827039421,1.0816365261767587
4024,1.131819448595521,20.824025862411727,12.858620443603487,1.1539704011978897
4025,1.1341793282134838,22.234001430356226,13.358096375265294,1.7903402896175662
4026,1.1338077872395536,20.0705499738979,12.866798227697764,4.593689838080513
4027,1.1361667838291505,20.418275633519105,12.070108570724539,2.1022783866636505
4028,1.1348083134915081,18.34032754012554,12.582468116875939,1.2235021534175847
4029,1.14086938474801,17.666129839532633,11.39622185772189,1.4629973492678174
4030,1.1330970952972044,21.102695607432715,12.679934066734834,3.4334882509321996
4031,1.138386377563277,16.361378348595476,11.815862915124665,1.3198901082373127
4032,1.1387098658352943,20.940478127798826,12.068816765960417,1.8196189464776362
4033,1.1318084797425012,20.507317137279408,12.71541719071906,1.295402623599325
4034,1.13713174808617,20.94131546060358,12.469943870841915,1.244623761771549
4035,1.1315158923766553,21.024330038417148,12.54741112237941,1.5576133012269946
4036,1.1323169078220252,19.005231009008725,12.533037248769535,2.2252074454555766
4037,1.1394902360978212,20.007266923187746,12.089606247937322,1.7442677748565394
4038,1.1342776949659268,21.879627079176025,11.645975879362616,1.554550181367876
4039,1.137166425912724,20.824196994839394,11.594536180176405,0.7411174345773893
4040,1.1382694594144576,20.782381401101993,12.180545238957068,1.1277095634849066
4041,1.1289693321228564,22.740277237134794,12.934972438365321,2.693317713366235
4042,1.128932231763039,21.397533110265535,12.695142044274954,1.2398952822993135
4043,1.13025462827727,21.127599768746045,12.038873623261335,3.8617453505365393
4044,1.132560479226633,18.584656315998693,12.104291808249485,1.1765656282681776
4045,1.128198059419995,19.24743966009238,11.833424071062439,1.5433878233822143
4046,1.126985405594322,20.314897568457102,12.049979748691175,2.3794160345789765
4047,1.1310278079051639,21.041267624821742,12.253565120137514,1.9392516139582714
4048,1.1254247531457329,19.387033265850896,11.980117241525836,5.489306560451282
4049,1.1281333221519445,20.789133332199626,12.722147783673142,1.6233939986465735
4050,1.1293823129297351,20.17756129175098,11.960016213205687,1.51860465424337
4051,1.125305389453707,22.83201433773636,13.239896941452221,1.3497734359898161
4052,1.1286302123653598,21.391417428903235,12.46080510813432,1.2245270208997854
4053,1.1290449473188555,20.447711686446354,12.984040079817632,2.1520470414494577
4054,1.1359292601745192,20.32384175019357,11.60267162807107,2.5953730915765245
4055,1.135897171186801,19.39617231919036,12.587391169614367,1.22995147480615
4056,1.136703105634594,19.702589900152393,13.357603652930546,1.2157082912287112
4057,1.137105402528595,21.73567094385657,12.070112662821574,3.176452186238552
4058,1.1441111852829533,18.163294209915993,12.600992903779,1.2389237789577021
4059,1.1444113555137803,20.468793642292777,12.752286748467446,1.1789418678856596
4060,1.1450546927225131,18.58162364478387,12.337514730381773,2.1391295003579005
4061,1.1544901799912333,19.347645499708857,11.788048329169959,1.782477226859875
4062,1.1532488128614415,18.93743055085612,12.100228580354004,2.013605887057678
4063,1.1790627670753044,19.97977748464915,11.006654223483293,2.7812579135093216
4100,1.201190219092952,13.12879707895291,10.942306207426329,4.3889738642013585
4101,1.2151800847754342,13.47850505852844,11.268011431156676,5.169895225464539
4102,1.2437656276405762,14.985767971195626,10.337459323190176,5.696374727663653
4103,1.272964670915143,16.307332116133548,11.547520600577943,5.294294947325936
4104,1.2945764741127226,17.540942078374357,12.230342649520809,5.556714365211861
4105,1.3283438299154364,17.897600157987885,11.941872970114828,5.435378400658744
4106,1.3486353964644147,17.94991657256782,11.382581161429558,5.184969801405956
4107,1.3632261169782138,17.144873780023772,11.923339294928827,5.546994430698908
4108,1.3571245076420304,18.640238881790836,11.589374383118756,5.112249418242101
4109,1.3359368091605062,19.793906846410078,12.816301918563342,5.681194177729557
4110,1.3137693041797434,17.864331059348903,12.238464207068045,4.399366403288034
4111,1.27981935599433,17.64216416653,11.388561142034101,6.115013899192819
4112,1.2480654194727516,12.730236051151376,10.192933587977198,5.950138285851967
4113,1.2101199744949598,14.290061320077383,10.671189247318042,4.396759415998514
4114,1.183357029123098,12.654081017491038,10.263737605841982,3.4848714189590173
4115,1.1590385603889648,16.59735755718522,10.978705102159777,3.2401204635237173
4116,1.151666045861282,16.115999816075973,10.509595713173876,7.8482541775889425
4117,1.1487486536260711,14.040917896194015,11.033584631981865,2.9271888229345904
4118,1.1448309332123965,15.327220926771085,11.660852545218267,2.4921817522588237
4119,1.1423198335695566,15.783786629399474,11.538342888405264,1.85633238728578
4120,1.1363165616790483,15.926322316477176,11.731222912655447,2.9860438279309536
4121,1.13927437458304,13.466645245718412,10.671551978553817,2.0614167930363303
4122,1.1339079203765152,17.40015260603974,11.691749114110472,2.263980871707942
4123,1.1355559476024017,12.896423381875563,10.933501086183258,2.2364915143806914
4124,1.1314617070189719,15.847216580420445,12.234446171827525,2.1007866146846275
4125,1.1359941582301485,17.34090726460364,12.164601497563908,2.1074388224658986
4126,1.1341746333189975,15.356752566310691,11.915578709189461,4.139347335519306
4127,1.1365865174053287,15.561602518166975,11.30961934718351,2.5314741050329332
4128,1.1326021760339664,13.85420281567936,11.787710750628692,2.2329230235399873
4129,1.1399486003217283,13.100160199872809,11.063790944417969,2.5415193989650393
4130,1.1328420183271526,16.468850267555677,12.111260306680272,5.3122328154853005
4131,1.1379720934510424,11.360471556116163,11.183786874116409,2.85008646575264
4132,1.1386416469378402,16.366289260195934,11.43298624797922,2.3055151020316615
4133,1.1302906414962992,16.14765372590428,11.863975122045332,2.366017742186396
4134,1.1359122482436605,16.080215762638105,11.886308857650436,1.9944434990403948
4135,1.1302746469005542,16.465883827688216,11.682080893652161,2.2512441891015973
4136,1.1324975744819163,14.599144803489109,11.446816771289583,3.2643796814157544
4137,1.139171666228603,14.966268199529841,11.156681897498594,2.3653410901467717
4138,1.1368241868385296,16.533580553540496,11.010550420360318,2.167924700818982
4139,1.1371988860439668,15.906976802432563,10.769823928267188,2.274696803512857
4140,1.138489656377119,16.54108245903136,11.566802755121698,1.9012275848436446
4141,1.1268505910032571,18.313015687818712,12.383712223267018,2.338708104771743
4142,1.1310672461857298,16.171958300775263,11.515210285700373,2.50861190354966
4143,1.129559045770865,16.46208339174275,10.866944662297204,4.545510338319894
4144,1.1309937252375974,14.121165643784936,11.033292047344608,2.650021348686623
4145,1.129134252332285,14.252523112670552,10.829544012360007,2.115515185773807
4146,1.1260908791935182,15.571532596015768,11.254199309346122,2.5121929110034973
4147,1.1320546706958292,15.909561862319546,11.560537489711589,1.4715276572905884
4148,1.126223222681053,14.64646597573227,11.42448985973276,4.920959820349379
4149,1.1290203560655525,15.955877763539993,11.770275697637192,1.904721172799935
4150,1.1291542334460916,15.318697537280867,11.411900050331873,2.780261363400992
4151,1.1270932568402758,17.637866951438173,12.68641160960358,2.3708810734565144
4152,1.1306511590396942,16.516792024470295,11.794608071920955,2.5208673942521247
4153,1.1287770602329903,15.76940801655662,12.140948850199825,1.3922300977791173
4154,1.1368409579523542,15.529250013044951,10.963478946372422,3.0820586944110047
4155,1.1376331430394913,14.25295703921273,11.612750566711082,2.272369731982162
4156,1.1387456559751117,14.665540886359112,12.46566207271045,2.1206154906858714
4157,1.141309532746633,16.74035256548075,11.495264961391547,2.656896993305163
4158,1.1471924419679058,13.515018090602368,11.464610497320377,3.0649537656813335
4159,1.145423937913868,16.028985821623365,11.867343618058365,1.7782771557747257
4160,1.1447000216762129,14.082763954820003,11.620490582832836,3.1440042941171833
4161,1.1542476654229248,14.769481895775082,11.159201764736409,2.408712240187442
4162,1.148048477063426,14.680360984669313,11.681007034736373,2.2754288735399992
4163,1.1757536419741121,16.008395497620075,11.41306243352635,2.6933640963141543
4200,1.1829417733392442,15.748896089704562,11.500369836577123,3.456197299699625
4201,1.1835731646068954,16.062843832088834,11.745632026038994,2.679504005981424
4202,1.2037779391263728,15.990096715523729,10.669586355396683,3.375357393059692
4203,1.2193908335757035,17.37806724437864,11.958359277874479,3.1032068334898857
4204,1.227512895964687,18.139891386650493,11.613502781420515,3.8219111419836005
4205,1.2477037355412286,17.978387933924257,11.568852329684155,3.6284305073282908
4206,1.258013595822038,16.906931479220514,10.93292851796704,4.075333855511451
4207,1.260633006178931,16.00871544588242,10.757949435155872,4.771163106251159
4208,1.2642248680926196,16.52789914104831,10.375741687445261,4.302497710375113
4209,1.2449355068756074,18.939992495396993,11.388941195281525,4.233584770710092
4210,1.233144152445456,18.264706088433094,11.934812481589368,2.293287915296416
4211,1.216707769801246,18.675947782072736,11.235261537576406,3.5207188501639286
4212,1.1978017974519013,14.978156969902505,10.410284306492168,2.839662350564457
4213,1.176550302256737,16.533899383365096,11.58832461012374,2.5536829585032113
4214,1.1649826291650316,15.11489714429873,11.040021179940105,1.66640906835337
4215,1.1486434759623014,18.926812796646995,11.51412104780019,1.9950987283453534
4216,1.1460119873361505,17.863778187205376,11.136432998037577,6.3046336147701
4217,1.1410637861225459,16.544186184779004,11.705652979833213,1.8863722239325464
4218,1.1398721453013256,17.739498407059656,12.306879561316352,2.0080757435779466
4219,1.1373883338030912,18.38612388744352,11.947655842928135,1.2092380047476115
4220,1.130341041347035,18.334287670724972,12.231937451687473,1.8023454435625055
4221,1.1311317594300154,16.266940707979757,11.384509851272071,1.5960029586074715
4222,1.1300091562986962,19.46147629811174,12.066904993903227,1.262019969029449
4223,1.1301269132293725,15.253271719138976,11.436417642823693,1.6993105776603343
4224,1.130224493644714,18.031633337464317,12.615466955070833,1.3270839359442839
4225,1.1298468055804851,19.886664571891902,12.828730499252606,1.9596571917155892
4226,1.1300709183518032,17.6949564224176,12.458291010688775,3.1783308816282836
4227,1.1298172334845062,18.548100122214905,11.880075002240998,2.1780085338675828
4228,1.1268822706374082,16.096911804555432,12.632757924858872,1.909958088534526
4229,1.1363058075612025,15.234382522687644,11.73387366452376,1.7841008958865245
4230,1.130507151308166,18.685170778850424,12.68011443829177,2.565213975126144
4231,1.1341797867979404,13.554245722436992,11.579449054211807,1.5830524580247818
4232,1.1329014291210493,18.96347057907971,11.987222451994247,1.922535347441657
4233,1.1264976738180943,18.417333361976652,12.615924284251667,2.1170326993570696
4234,1.1320231811272745,18.08389010776747,12.555396137899294,1.6264557694803399
4235,1.1270213061200174,18.7996175651455,12.111673777294339,1.608960644368688
4236,1.1280541053650337,16.867221698993138,12.056293300819979,2.5738160292797803
4237,1.1353114267194027,17.131430823533695,11.555289210559348,1.4462005012047052
4238,1.1304852104840923,19.481745309644232,11.533330845500958,1.5225075414931848
4239,1.1331403780312652,18.151850333980157,11.407006516130252,2.5035900464618295
4240,1.1331247019183872,18.640882890949495,12.06996118189982,1.3600994749575661
4241,1.12606110560922,20.12743596100884,12.51119151042342,2.349503486244504
4242,1.12503632769951,19.089633671720303,12.32087898527144,1.6054506988509123
4243,1.1268822343918337,18.492177594839205,11.29506252655376,4.120860569291216
4244,1.1278040564693226,16.54554541685754,11.835081105357284,1.669505247218415
4245,1.1254324697040499,16.694093673747094,11.677927967198206,1.2822867850239572
4246,1.1247238607415238,17.92437276927675,11.683263335390837,1.6250309296380059
4247,1.1277566285818217,18.62855097884251,12.14104049512985,1.6802419308454757
4248,1.1250417686563754,16.846534474513156,12.104646005363366,4.969276792032593
4249,1.1249778264602617,18.861816521372617,12.48038458589469,1.4528960597749965
4250,1.1266578897069894,17.97032283308967,11.712256017659575,1.4520327337553887
4251,1.1231256507393692,20.483862895265514,12.99070563965373,1.2963953218958542
4252,1.1282371786743441,18.54579989239271,12.426809286098463,1.5091250593663639
4253,1.1268109404592446,18.19352566156863,12.791546593536994,2.0837933379685736
4254,1.1334949674251555,17.834851337488235,11.375163798070288,2.7020602812174173
4255,1.1360940939851365,16.773761060947702,12.258155375656195,2.572473332504613
4256,1.1374485272991448,17.09047235181192,12.915749588776361,1.6256139717770255
4257,1.1384007131584932,19.16837295059277,11.822213421494023,3.2633023132107883
4258,1.1443070550871974,15.589895382199401,12.188405259066597,1.8749031338843305
4259,1.1438900542337829,18.20807109791962,12.457124217013334,1.551055019093963
4260,1.1449779896858814,16.1919832033311,12.065191415375741,1.5749768265660495
4261,1.1536429133295594,16.831756446522636,11.995815699208057,2.1541297602290506
4262,1.1516513720275041,16.660330393706122,12.260403705224306,1.5748774150288973
4263,1.177715057904151,17.848454075920916,11.68833874665557,2.201414362989718
4300,1.172975537939836,16.016808130106785,11.090689377845656,3.2429093221745178
4301,1.1629221969128707,16.12409758451529,12.106130357643638,2.1423643600601063
4302,1.1764618016244135,15.980636034217648,11.346778267829093,2.2199663181985176
4303,1.1851140580697423,17.501587769256144,12.583970968963788,2.5594971264048243
4304,1.1858861258815903,17.819967793741768,12.310074076212512,2.319162339881171
4305,1.193541534626658,18.208907752281736,12.647263153863108,2.0983579126085674
4306,1.2067359503881732,16.40865597358698,11.024139970899274,2.8434322970510033
4307,1.208280859293705,14.728989419174177,11.160132153073773,3.46172634006538
4308,1.2041730958974433,16.80923992388372,11.454980363552522,3.114759183930052
4309,1.1944679225947614,18.109055451555733,12.207284599055843,2.6841195868181567
4310,1.186188068727351,18.414482350512234,12.452916524651307,1.5289647120024423
4311,1.1789222974562117,19.29453897497728,11.766295635075016,2.3652883615064484
4312,1.1678695410635973,14.927154087182597,10.981847921691147,2.234234132770601
4313,1.1559454131991438,16.751929621225425,11.52449541714394,1.3175145717312637
4314,1.1497156672075715,14.675517092679335,11.314078119436873,2.402558591465566
4315,1.1382320857369805,18.68754247151829,11.865264099217244,1.5997985383916598
4316,1.1368367961082444,17.831371090664714,11.532144962873604,6.5078068144616275
4317,1.134054586844492,16.197345019940858,11.843850368657135,1.5725134808073855
4318,1.1326169258138636,17.757465079687908,12.210251365863465,1.279838310582776
4319,1.1347026841897045,17.698102033091175,12.190247517244345,1.4866387960146796
4320,1.126714120352043,17.99212310858549,12.240223808250455,0.9273906248404681
4321,1.1293963403148095,15.92766140157259,11.682503146525091,1.4545790391604538
4322,1.1259548903657073,19.678965733866622,12.101095624043166,1.374976479224165
4323,1.124879929671424,15.019592480010566,11.678837723494093,1.2096019190907703
4324,1.12761199984552,17.37686190387413,12.82207931534061,1.3190383932943592
4325,1.1270128563927841,19.618089694003416,13.005770589991217,2.30130445024116
4326,1.1241722791729132,17.830191343889314,12.640790165997169,5.663859002386854
4327,1.1269612112982201,17.7385998572301,11.957574746548893,1.370625209507203
4328,1.1268001001520513,15.375275535269674,12.631227246979886,1.4699252331299937
4329,1.1315998858586107,15.19304325598436,11.801410370521179,2.096584668818162
4330,1.1233640646807717,18.65750543031133,12.724197502583246,4.103597636292018
4331,1.1300839828210434,13.368120755157515,11.721129101284891,1.2223187826578075
4332,1.1316052291404082,18.686473058057807,12.064097233883734,1.6397043773655602
4333,1.1240653835439767,18.127377672696568,12.55381971657997,1.2601861175270983
4334,1.1291043942059955,18.28793752595801,12.238041148791908,1.610221336211015
4335,1.1233318408233013,18.866625817627813,12.327875217729968,1.5409236832761495
4336,1.1248875803321394,16.415826530260443,12.357326863517143,3.0983933801194197
4337,1.1320076341674887,17.316564628159316,11.813402549698049,1.5477147634589605
4338,1.1270674195739312,18.999949532783305,11.986878959376352,1.2333868686497709
4339,1.1292819313697051,18.35089658488788,11.595577219103191,1.4342042752275657
4340,1.1308722138671237,18.41737761709097,11.916474628295822,1.219530687955911
4341,1.1232906883104121,19.687903749448175,12.827421704555583,2.1614816942289323
4342,1.1235519377981453,18.51255519673693,12.43556244460859,1.400658434950149
4343,1.1258853648310212,18.31265723616945,11.685867275824897,5.972045995160937
4344,1.1259944016115286,16.333688573890587,11.939505671092459,1.565237527768929
4345,1.124256049626618,16.347070366298762,11.64434231877603,1.4662403024744017
4346,1.1225137210477831,17.686018988173174,12.172797945333992,1.2807299182979488
4347,1.125456150092788,18.868900164880227,12.135481240461614,1.2018733799407664
4348,1.1214177135752816,17.049497402620865,11.861078795806588,5.239756116540444
4349,1.1212590064154457,18.651157349201046,12.808003361996196,1.3602145369615064
4350,1.1254877755192534,17.94093407405208,12.042651298907968,1.1665996510586463
4351,1.1223195445460679,20.146223973472505,12.985340154853803,0.9976786961535384
4352,1.1236401506456974,18.90181452696714,12.774944370497007,1.2442792173611885
4353,1.126017338825536,17.833209528241646,12.970687749533319,1.7452222750755904
4354,1.1336028664050515,17.772057638307047,11.57345694080842,2.11348445825818
4355,1.1330028426117327,16.857626689280153,12.407376877114382,1.2083531348782937
4356,1.1342277980105304,17.03745888089124,13.162481470216285,1.1919239578659697
4357,1.1366785618310424,18.899781210234742,12.121993917022147,2.604373961517211
4358,1.1417883298853986,15.790233762934712,12.217578860216399,1.3576244462216547
4359,1.1422138928069225,18.347451934346825,12.603133801246111,1.4445318447253128
4360,1.1431855530745476,16.018775744794283,11.90072140404524,1.7678531611725123
4361,1.1493033785090818,16.940106275975314,12.173026463075914,2.1318071018685774
4362,1.1497614833360432,16.425189778899732,12.566570029912382,2.2401543167437934
4363,1.1756475398455017,17.656140246900303,11.416761103605397,2.5753821997020827
4400,1.1702869432030474,19.339172333435407,10.309632137092718,4.424401943587198
4401,1.1620759940089695,19.436313868130984,10.843122004652676,2.134674177817039
4402,1.1674731382373917,20.356187151207624,10.451747038875263,3.655527911261936
4403,1.1693211734100342,21.799466169562187,11.723283524434521,1.7611407506774739
4404,1.167684128846363,22.458009054819485,11.509673472405595,2.750518387441827
4405,1.1775284216596034,21.760673194038272,11.929594358654596,2.0269332876365116
4406,1.1852072298025664,20.786560909690298,10.772631975520532,2.3217780398511185
4407,1.1831053414283348,18.92071432430689,10.894432334010451,2.0192868986450967
4408,1.1810260076347137,21.115177429428407,10.364869050589407,4.0997398050205796
4409,1.1716809423355914,22.974126992619972,11.885368184556839,2.3555775659190243
4410,1.1668961107682778,23.191814534859766,12.224429901305987,1.5099936689367985
4411,1.1647181763593277,23.26084731720197,11.187895056678542,2.2496041515670258
4412,1.1591060280001952,19.09451396355189,10.215689588470298,1.5007747946699763
4413,1.151594170731349,20.598626056767444,10.798881194130574,1.368011458355168
4414,1.1459070432299616,19.138856875492454,10.711728512758608,3.0739390347617817
4415,1.1374981205608699,22.977438745499317,10.728970878415304,2.482863382820897
4416,1.13930245634135,21.882730753328218,10.695226320070164,7.412346579010787
4417,1.1369540489164465,20.651402365712812,10.817029745625103,2.1469667243002006
4418,1.1367161731780253,21.782722413398787,11.655465708587432,1.4332331694638436
4419,1.1355079625404527,22.208165018344967,11.33451076886886,1.543850593062382
4420,1.1295009292778313,22.29939485073365,11.574101924837803,1.70078795090371
4421,1.1326995329523486,19.963250026751076,10.857955091887725,1.7717647644416368
4422,1.1317077894782368,23.47613967235146,11.361889955925095,1.3095218896332288
4423,1.1307063685431418,18.83199164848256,11.033436449312227,1.3168233340066806
4424,1.1293952008575927,21.87675097547355,12.062110361289644,1.1607057198952095
4425,1.1291560611031577,24.0105440343811,12.137949916870562,1.680070072900967
4426,1.1292572187935197,21.641652824004982,12.035144753486248,5.567415965407307
4427,1.1312232389477856,21.683032271960638,11.019306649081003,3.1520956361994017
4428,1.129254427268207,19.847732183233695,11.853998773819974,1.2221062456135758
4429,1.136129972599313,18.943107576192386,10.842971163120536,2.7539511461146846
4430,1.1313911592854256,22.301920270103302,11.963930075390634,4.3585287363430805
4431,1.133913635655074,17.500161761827194,11.056494091994601,0.9367046430363684
4432,1.133740780163171,22.714567867484224,11.431746730258073,1.5296356161029494
4433,1.1282229400154051,22.42120836743405,11.743191139323699,1.3471753630885124
4434,1.1319321452699083,22.380243305295366,11.645919467132723,1.3702032202229442
4435,1.1287408831032204,22.905170356991196,11.462642148832606,1.406080830706431
4436,1.1278261803405496,20.93002186880648,11.759360215468849,2.842796128455126
4437,1.1370818242128518,21.124364891467103,10.791723100222663,1.4959397297629322
4438,1.1315634166093853,23.195602949369388,11.216242918262253,1.3515101315574178
4439,1.1327865258980705,22.309774678750593,11.086496884471847,1.2371384623143955
4440,1.1372967322451104,22.125017770756322,11.296106875979689,1.1332813365037055
4441,1.1271975052478074,24.051456335535764,12.257433106768948,2.5249981179326917
4442,1.1272382132260557,22.945356892482106,11.54258449566279,1.3361589919321244
4443,1.1304909447011116,22.317109286070878,10.716022090771416,5.213687433038557
4444,1.132116120880612,19.928888724743846,11.135714993784775,1.2733677154808105
4445,1.1284407573551987,20.63604744869546,10.826808898398877,1.3910155364963706
4446,1.1283043048237458,21.721734704620395,11.24178423069949,2.88826727338929
4447,1.1310252784026062,22.359421871128024,11.500876337684602,1.1581696922557232
4448,1.126211245076601,21.126620463741638,11.354786020095547,6.51665749159692
4449,1.1307811360262752,22.478963588949743,11.50459643306733,1.4842680665311094
4450,1.1311651342953428,21.592962957797905,10.89606427802654,1.9979742363808977
4451,1.1288521918366257,24.127248178685,12.220688979639341,1.1825882038291997
4452,1.133124370317157,22.897433550148207,11.580542829818432,1.2027463096818631
4453,1.1312628835001084,21.790230031581828,12.587032023345534,2.5321670339585225
4454,1.1383591537956854,21.969386279980974,10.80689536737918,2.6910994849412657
4455,1.1413494529684656,20.51912876821733,11.577808485266116,1.0329170656318147
4456,1.142679702369553,21.216369953180145,12.226212896614234,0.9970251217741586
4457,1.141451582883283,23.12194299636047,11.507732682995682,4.11687587032124
4458,1.150776413852301,19.303498887028667,11.697740334600159,1.4165386785564713
4459,1.1497949502796496,21.977182526234422,11.67987872376133,1.8363489126189172
4460,1.148224379994514,20.142064991505286,11.206090152180547,1.5344021065085245
4461,1.157764722762018,20.75160475622107,10.977964583049284,1.721078523135576
4462,1.1554941540781318,20.383576380356804,11.374175607786615,1.8812456776123616
4463,1.1792156971227157,21.26932680391409,10.590321417686964,2.4912696432093706
4500,1.1616756547753866,18.280315839344254,11.031519584984741,4.020389965208595
4501,1.1506819716441898,18.130241553727494,11.795512958835765,1.561150825421771
4502,1.155048687008377,18.801560127883807,11.4407358129321,3.028327713317014
4503,1.156313684668133,19.842563061500556,12.59564722205718,1.5931648779665546
4504,1.1524894748702268,20.44702971755585,12.810011203510559,2.519851589339569
4505,1.1579326793906688,21.009363246702968,13.179944088475578,1.5556322538610545
4506,1.1633159323266176,19.118980256704596,11.857024375190893,1.59406541132542
4507,1.162329639826226,17.468281270190584,11.821140251469037,1.6269614640974588
4508,1.1647928786792088,18.731948523323922,11.63456226130595,3.6509566489032297
4509,1.1560457550054772,20.99101327907152,12.914941183718511,1.8333670358956766
4510,1.1509553408796047,21.600597288916774,13.132309821114516,2.2079470795596805
4511,1.1535262323363487,21.664738856439538,11.82461716703745,1.3978410351553514
4512,1.1500205388850921,17.32192387581758,11.157366416682684,1.2332646603968882
4513,1.1420296204688232,19.182977424726456,11.850461530776247,1.1079040544232082
4514,1.1400550748164517,17.57686662605974,11.602544456638974,2.2226694536726157
4515,1.1340549821832926,21.10248895515894,11.804425177983658,1.7722984901211416
4516,1.1346957039559584,20.547671144988815,11.570183243099349,7.613148020071928
4517,1.134928007926489,18.978352451578434,11.470219457052458,1.394815399893041
4518,1.1336238256424356,20.0790179306768,12.423982644276187,1.5337994154395098
4519,1.1357078371264158,20.520383662590657,12.083042625902818,1.7079254540693791
4520,1.1294400997065628,20.593139250535945,12.591404953876006,1.0551306105335594
4521,1.132835235025924,18.669588652787624,11.439094423075856,1.3410225568806997
4522,1.1281864006572861,22.157951308166616,12.494414831399261,1.3536252545861915
4523,1.1283623976616508,17.07621536620747,11.825513870791982,1.0289474176501445
4524,1.1279522784856593,20.39175476821772,12.718709124436957,0.9458825067860339
4525,1.1273109450411387,21.97414879076007,13.127524991433809,1.8027514768105424
4526,1.1273535803095731,20.33627599906308,12.649972418284337,6.319275306265608
4527,1.1284523190143398,20.5058009696375,11.966376381653872,2.3012116981743507
4528,1.1281898332159341,17.928364599243828,12.651724468991338,1.0764920706477272
4529,1.1361414474942462,17.444132923995635,11.674780092797594,1.8184386508949582
4530,1.1287876679767446,21.247413112296083,12.719552140254828,3.635759520053132
4531,1.132756210119154,15.752692831385133,11.6195938333656,1.0112148177518343
4532,1.1317786800634329,20.857202127671965,12.072351547890877,1.3028062690237467
4533,1.1249951311404995,20.86094065143428,12.54459157831032,1.2745486108665058
4534,1.1284644652184381,20.50574722530251,12.470462964627295,1.0647887629510877
4535,1.1260285600101159,21.135342944027997,12.251649568869283,1.75105610455225
4536,1.1256960245031737,19.274228246369972,12.474536300724184,3.6105757409257992
4537,1.1358243666801442,19.35755452386595,11.56398577759427,1.4301945235302078
4538,1.130897471308175,21.324367024300308,11.972348137750393,1.2649132043272084
4539,1.1329999078223725,20.598622305903085,11.68308681249001,1.5260148270190954
4540,1.1343780506969914,20.68232897975521,12.29409556899103,1.3065333886846042
4541,1.1245982782782544,22.576302476988516,12.986062833990182,1.558618385129012
4542,1.127988864303483,20.705554062936418,11.924510878985055,1.3095202909573238
4543,1.1283113223811096,21.100536524936405,11.618413957480568,4.808222756528069
4544,1.1299860271033777,18.604226828454678,12.003376132268585,1.2054899115249573
4545,1.1278776975254936,18.83844106490981,11.36048958237592,1.4983352158871361
4546,1.1263606782449682,20.320723646275695,11.692069641266894,2.045413379101483
4547,1.1312568236436003,21.047104351329683,11.77714967827596,1.3582764153432092
4548,1.1256403573424438,19.62174019359866,12.003503144812727,5.616881254632281
4549,1.1296076706965046,20.770968403643746,12.354409974007618,1.286511124253179
4550,1.1308772810587495,20.209629145913098,11.67187952065185,1.4604769990242317
4551,1.1274474452991192,22.45021498863323,13.351578830620184,1.0260627650109402
4552,1.1320019738571183,20.995669824672632,12.356523179159309,1.5482488473052158
4553,1.1318191410668226,19.945063517041994,12.982418603436775,2.7303053511284854
4554,1.139602980711758,20.343638901542906,11.458639236777556,3.118890295084671
4555,1.1403794855544587,18.78631183537386,12.322987442128456,1.1373797788970337
4556,1.1408171713920996,19.72696263876664,13.061824428302435,1.188452317061817
4557,1.143309616871299,21.137898791941,12.112424149282264,2.4291167601866324
4558,1.148898978923504,18.133043211909005,12.263550675588407,1.508050547799943
4559,1.1499284048460239,20.146758760851778,12.574023871450459,1.3210933677019905
4560,1.1477351959923938,18.392893987055327,12.068354608798495,1.707080514329798
4561,1.1584964624399194,18.85723089987897,11.759411098524998,1.9383359490251202
4562,1.1571584028091193,18.380298003403567,12.00443788375852,1.3950899083721744
4563,1.1808076004201453,19.528736890054805,11.038651366083942,3.597771121831576
4600,1.1637871687097903,20.093030512007672,9.71882348064861,4.928326558442908
4601,1.151424111525354,20.474056045489203,10.687397981884562,1.8655973093959688
4602,1.15293761241229,21.644759718161403,9.481650847661387,4.588276029321737
4603,1.1540389338430075,23.07206487169693,11.351382327971201,1.7933545089765233
4604,1.1486784892651347,23.758001069558855,10.847439378677965,5.266915372635266
4605,1.15457329328095,23.56571245371645,11.42072724268609,1.5151937802354687
4606,1.1606387248994579,21.82580219133735,10.638149692262097,1.0263138747786105
4607,1.1583171304629905,20.501516739017593,10.162514638909666,1.4909559934422545
4608,1.1582332174086365,22.354846463987254,9.776625743420178,5.076077437028563
4609,1.1531503865431618,23.972421602084818,11.323274701073796,1.5066543920090258
4610,1.1514240662163175,24.203917056873344,11.864467490430926,2.969591589400751
4611,1.1473969886170228,24.880949946391905,11.03291991003161,1.304081566995564
4612,1.1494971861450378,20.28000985650195,9.423687196359413,1.1764587693935875
4613,1.1445727339391825,22.001235116535927,10.43143544323764,1.187091951014439
4614,1.14554975303254,20.187695378361006,9.976850852184123,4.697109403547448
4615,1.1373072234060082,23.95867342490438,10.438679391043182,2.544127237840314
4616,1.139134071405342,23.255076404372268,9.823579663560661,9.1205203216287
4617,1.139988140673427,21.409162690917288,10.110498912980448,2.1861634023527703
4618,1.1395609210717135,22.682192604043095,10.957403376400098,1.1057089679469463
4619,1.139253514322302,23.20457609117095,10.966181780147295,2.2277117443141075
4620,1.1354865845457285,23.106942118110204,10.809845835750581,1.1428125831111042
4621,1.1366419534358407,21.07318839121775,10.08606721215376,1.399455453625533
4622,1.1342575487136664,24.63005792646995,10.761776791483786,1.3535971230192
4623,1.1329635738554988,19.938085155776267,10.311638636314726,1.1068639237369537
4624,1.1319762257881039,22.996658563959755,11.424040357090082,1.2491259322323711
4625,1.1305253865250353,24.621967222373808,11.930338562413931,2.404282457063374
4626,1.13287364361495,22.544496732135364,11.331083536484496,6.042002845920996
4627,1.1354955717595285,23.318958518439764,10.197885679033067,4.844693358350618
4628,1.1357135523330928,20.111228018261432,11.225370802169168,1.250153577001563
4629,1.1394829090685967,20.342931295824265,9.864469229948368,2.4392793389017275
4630,1.1332243999700498,23.66613475606146,11.011205976916488,4.211869793636674
4631,1.1372316797148816,18.579767919478215,10.017911412779199,1.015225163228305
4632,1.136443899275236,23.57931218481641,10.821417080619208,1.5554929309047165
4633,1.1296711124406684,23.21999857282858,11.159740079078606,1.5094780680386235
4634,1.1353325313654439,23.32127683395803,11.216246956753395,0.9315828919650585
4635,1.1311938990908867,23.516236280777818,10.885725095065865,2.2832918057708405
4636,1.1319398051148233,21.94909402670267,10.791866834145775,4.1729491483252845
4637,1.1405343631384588,22.30431933346978,10.482041402836341,1.8760869786028203
4638,1.1362691850766968,23.758816603724046,10.56641102460968,1.0089928781115818
4639,1.1367103209725173,23.43449094189534,9.938249591097076,1.1279182176933538
4640,1.1430846573131197,23.11185225417093,10.581610330879652,0.9983371173179026
4641,1.1313468040251793,24.989406142731948,10.951629838097013,3.436401673158338
4642,1.132708776286214,23.767541609509156,10.701217649607923,1.163828155306849
4643,1.1337484509217248,23.757381416792168,9.789450384976336,6.663048412781356
4644,1.134830808044502,21.183579274098083,10.447145321105037,1.0233757413066227
4645,1.1340960375857636,21.527232941763433,9.912516831060044,1.7372709605437795
4646,1.1308676606355945,23.00143269845308,10.291527062656401,2.358482460910099
4647,1.136239979291846,23.33958974646009,10.753452674843409,0.9645085360304764
4648,1.1320218921142018,22.05875155960384,10.488040869008511,9.007740939545387
4649,1.1353282607492656,23.463425136721927,11.156463067910165,1.3540273096318651
4650,1.1389077772317318,22.38285203781823,10.366357182685405,1.3984022610665896
4651,1.1366665900425081,24.948659247961135,11.444206702724586,1.5053599067227388
4652,1.1404500154471073,23.66566857696956,11.135755818208732,1.8905842912512194
4653,1.138828035378913,23.02210275745819,11.45682560444485,2.6345780078793957
4654,1.1456340041721271,23.020378058173403,9.986093750146383,4.960152876497359
4655,1.1469378446572693,21.745415721384834,10.878207407750553,1.5514285106827395
4656,1.1476796837799654,22.36466277877963,11.827906495184271,1.232270411899671
4657,1.1497865663942959,24.219414820839543,10.724509958459553,3.502111632118106
4658,1.1542012337107885,20.991297385688824,10.683420815365496,2.009496594452454
4659,1.1538613354388687,23.249996459024587,11.22377432057557,1.5617277721178748
4660,1.1549197644095006,21.171286289302806,10.715988361040715,2.259176570758188
4661,1.1640608326761115,21.629722270226885,10.217212642282085,2.30144275992955
4662,1.1631203772371608,21.18922095351435,10.665076675801117,1.7956218238542099
4663,1.1878437592785063,21.126630022713435,9.741028461272938,3.6750410366678987
4700,1.1552320982874236,20.2322149168566,10.10019554512445,4.105797123000415
4701,1.140526484512915,20.616289654188293,11.081829501010455,1.723273214994233
4702,1.1376671804171725,21.628340280951836,10.427137002556371,4.417851757441153
4703,1.1384160428727053,22.71690591348416,12.168371422668555,1.6469605512327734
4704,1.1332154981239158,22.990642359228207,11.880350708858282,3.2697864377883974
4705,1.1365248458854522,23.58966086905773,12.585050837295517,1.251340016825649
4706,1.140860625311356,21.750747378737888,11.538867097213164,1.352865016112114
4707,1.1406786574403573,20.267954495219804,11.237172756281389,1.2711162264058014
4708,1.1409967200503464,22.15419265888358,10.905153711101438,4.211785855708727
4709,1.1352474632483374,23.7325011970021,12.32136729775135,2.285116965593768
4710,1.1360936972516633,24.080276035600615,12.64460718380166,1.6105636966578702
4711,1.1342123937546842,24.25231878076804,11.855317643322866,1.6399515614725733
4712,1.1365334077580371,19.8563619279373,10.533616500477468,1.4453529408610706
4713,1.1329383013055465,22.024148057837195,11.350220595717932,1.1962256213421287
4714,1.1330786974216307,20.05992079322916,11.11201257097571,3.258000462626975
4715,1.1259279576364538,24.02418718109956,11.700476806300355,2.316402190116599
4716,1.1284916076846643,22.98729906662115,10.934083725014979,7.3646390126522405
4717,1.1299017035350856,21.507380974440036,11.530395902291776,1.1586026462335124
4718,1.1302973111102605,22.43222847598622,11.676336971305027,0.8749126827679337
4719,1.13200928293944,23.087994963961123,11.55552207371181,2.2760558263084563
4720,1.1265654261406584,23.118106651332965,11.601574463921281,1.1996581572083815
4721,1.1277616830272557,20.920957741587248,10.867248239297025,1.5812719327197886
4722,1.1263107198825748,24.400965797557767,11.470631834495064,0.9823697965244437
4723,1.1242545829425035,20.13525075845068,11.236478825938423,1.157331431689086
4724,1.1239547793605813,22.77459439661149,12.19389965389126,1.3586168965273266
4725,1.1239151521159356,24.52923861623128,12.351858866280006,1.881123743852687
4726,1.1233066866594967,22.300113575126396,12.67987600134206,8.001750273471686
4727,1.1245141060012194,22.880093882598533,11.39870668482498,3.793507592874955
4728,1.1229480920814894,20.68772864085613,12.356986586590972,1.1109231079556328
4729,1.1320780790788438,19.622776353120894,11.074200098884805,3.2966521798572117
4730,1.1203218800446042,23.658347981979293,12.088995892052205,4.630948726923799
4731,1.127664428087352,18.393210840951795,11.008884911891501,1.2246538739687036
4732,1.1280762860977334,23.402691640631687,11.701907225489474,1.4440998193723427
4733,1.122945913263168,23.00038248751396,12.228143019604417,1.0266868428963933
4734,1.1252396710628474,23.079968741521,12.043141947907788,1.2970460880857388
4735,1.1224888364165198,23.703473570588883,11.502727082936778,1.6654303753637996
4736,1.121029029022548,21.676626528183906,11.62870738187362,3.3643876965052297
4737,1.1294377384246301,22.275247929349938,11.22246754040186,1.7488495622365525
4738,1.1248603384617666,24.276904916588716,11.16303753519618,1.0666481900895681
4739,1.1277115890973077,23.03672160744815,10.996479870699881,1.5190549832253843
4740,1.1322112225750016,23.041789262058455,11.707394010678179,0.9294454457185922
4741,1.122237193538329,25.01999142130946,12.08975822018909,3.349443639773176
4742,1.1244403493653057,23.204239762933195,11.747647038441336,1.2830386930054511
4743,1.125885453258624,23.57734118232769,10.825932403208109,6.715806386507127
4744,1.124538492330511,21.384316004848586,11.42131285157335,0.8430462529739026
4745,1.1232264636850016,21.51267338312749,11.177615676546939,1.5722513190893337
4746,1.1236148738282712,22.565649405233227,11.439344910735564,2.208637099453293
4747,1.1302528981635476,23.23019956523948,11.523679294171734,1.0209179913287394
4748,1.1231701346135043,21.9700394823846,11.307235505408766,7.2604449979428205
4749,1.1267007644583669,23.276396613977834,12.001137760549112,0.8101197949004499
4750,1.1291072919448641,22.41617631946449,11.245789303647836,1.0219651213320713
4751,1.1282059803374054,24.745989604227567,12.61147884813248,2.0315080521601603
4752,1.1302973242617256,23.467698916453475,12.049950647923755,2.0474728661514554
4753,1.1321860254655582,22.912341733351145,12.141523689323186,1.915454949990673
4754,1.1378597084769797,22.680315555588873,11.010732906732017,4.492101738584099
4755,1.1384307890882004,21.498636890156718,11.735349585025885,1.821881676936997
4756,1.1393823499676614,21.96797906563337,12.578302023566195,1.4585721686656232
4757,1.141938016899332,23.671840361206627,11.480682190488169,3.5215265925191708
4758,1.1463303471045978,20.115390591974055,11.809346611991812,2.297022937896944
4759,1.144751847369851,23.18626237878915,12.325992781955446,1.8893302710526645
4760,1.1452590266182527,20.978455170807884,11.800314424314868,1.3801211212022115
4761,1.154444836033072,21.50227435438502,11.331992514300246,1.6305193907043767
4762,1.1547170827876159,20.85572144899302,11.285074291748925,2.1284032338483936
4763,1.181229486965653,21.473652741851144,10.433406904947645,2.7476854966843782
4800,1.1527754863311597,19.597389919096564,10.63985992537063,3.7297387179890604
4801,1.135738484121023,20.035203348505426,11.438486452684408,1.4232264479992327
4802,1.1351645451793488,20.90849277664641,10.973724203428006,2.2166780797838173
4803,1.1350567714727626,22.122792638647525,12.696970007760832,1.1559756181702276
4804,1.1288970133686016,22.67013877205721,12.450577668591695,2.5777077985373813
4805,1.1328604119034578,22.4900681926345,12.426605342950971,1.4822721835394659
4806,1.1376056285679945,21.0111629126495,11.895157280440568,1.158995961268694
4807,1.1361373008338014,19.652095153352725,11.12827050123614,1.425984095557735
4808,1.137735996131711,21.190884971375038,10.977907140014793,4.031630049311964
4809,1.1328026630217733,22.837778241421766,12.50371915356371,1.50921601737674
4810,1.1315077984272324,23.370614104873447,12.797124048825522,2.2197952856741536
4811,1.1336471013389646,23.87646119688011,12.115391054862831,1.5327819932305782
4812,1.137544897032957,19.108357597881632,10.543530305406799,1.172746730822995
4813,1.1315143373439427,21.219546192514137,11.521116679795583,1.1724107013555731
4814,1.1316191899082033,19.36898327009792,11.333592165518555,2.139648327611535
4815,1.123901380982444,23.114838163948072,11.496107028220576,2.3473509125205205
4816,1.1311377708823644,22.061681950491547,11.134137275865667,7.518085317882699
4817,1.1316743037846098,20.451947209803997,11.269840474827445,1.0470605718374055
4818,1.1316496581935915,21.392971509444287,12.030626173613026,1.2126555460492456
4819,1.131657498230767,22.356329901879953,11.533443085014197,1.6850956602039195
4820,1.1252267747339146,21.94137719804871,12.103947007313526,1.0906413787904203
4821,1.1284468929337272,20.30571258866565,11.364371149226752,1.1463401793635686
4822,1.126141258173246,23.89546050742969,11.988566972119628,1.6139460950251059
4823,1.1254112235940308,19.0222774925454,11.526409667608155,1.3127136214548165
4824,1.1222362915239528,22.244865800949004,12.69479169755838,0.7440515482966019
4825,1.1252025935121606,23.73863039983268,12.673122114080414,1.1367100968491726
4826,1.124912879558871,21.312604329341035,12.080425372477876,7.489615545302035
4827,1.1254013719681797,21.836280941064594,11.406168023709164,2.3292176508590865
4828,1.1245579089482698,19.676585060489455,12.133997107823326,1.3552595200610844
4829,1.129760110823188,19.05635139945177,11.125190704888261,2.1580429177597242
4830,1.1206715396249411,22.708965189902273,12.233424295284387,5.941371270497978
4831,1.1277674093704215,17.70523555337346,11.431231901658911,1.1507915906843251
4832,1.127446561039182,22.611755885042186,11.541499723770858,1.0654307133481429
4833,1.1187991407743878,22.68729532698729,12.193685459098305,1.0701104501672352
4834,1.1241264181423052,22.22594911166236,12.184878429112954,1.4405986133925945
4835,1.1229066757898678,22.423317677557595,11.728085059797403,1.3121215200227512
4836,1.121423051426804,20.716076825475533,11.764024020489856,2.488075785525523
4837,1.1296161940322138,21.411282075983667,11.335560876819532,1.428631340688482
4838,1.1247133071335544,23.106423367795934,11.260613625138035,1.2616869191509932
4839,1.12686170592644,22.45299782299805,11.059392686123141,0.956954658880327
4840,1.1300763248172097,22.547980656515797,11.472228212683802,1.2459663500867684
4841,1.1201934031412883,24.077594215498586,12.46913685615474,2.800166946623223
4842,1.1235890449037822,22.778431373099455,11.63022350173566,1.324956009246721
4843,1.1261596623493197,22.64935172675972,11.13737548344194,5.55212089037126
4844,1.1243088586559007,20.695114040585022,11.406842466564564,1.3913165627114839
4845,1.1246602015284328,20.423695187719733,11.13639393001049,1.0661791473566824
4846,1.12475943540005,21.5428994418296,11.605026963838677,1.563777830864436
4847,1.128342154280906,22.645969256774983,11.653816226335639,1.1454884802636978
4848,1.1243112125841879,21.100884655272015,11.60483223933571,7.38663687052801
4849,1.1281875975445437,22.63633773994263,11.704125899758177,1.0779055503005244
4850,1.1311144964181754,21.577533286431287,11.575385691808783,1.0931356984004532
4851,1.1276958370664514,24.33256802770618,12.336474963095812,1.3090010068312865
4852,1.1333902984195918,22.67766304883977,12.007894538746333,1.3755651270653952
4853,1.1327066196501094,21.90038640388908,12.464772488225066,1.493908746879426
4854,1.1387198760453243,21.951230959169855,11.089572482352335,3.52781279362682
4855,1.1417234419017304,20.711161400371694,11.819780810027055,1.4325762042436447
4856,1.1406972871451944,20.960308989929786,12.493402239592772,1.692662590576192
4857,1.1427613952157982,23.20068675307773,11.72653712504658,2.850222785122261
4858,1.147126070885786,19.909852510779668,11.90104586665403,1.4465320543305178
4859,1.1495949202794733,22.221874358515095,12.099993526185932,1.5416644715708672
4860,1.147370410267947,20.130809791608602,11.47482449646376,1.6867085888596827
4861,1.1552092562206355,20.971996318345244,11.302624532130398,1.8928507981399152
4862,1.1549003499851747,20.457076457117502,11.740297181914743,1.741760518144668
4863,1.1787371177754917,21.2382505507174,10.787825582298293,2.9792787318656195
4900,1.145151727492454,14.875416982656628,11.758233194511693,2.1556425388692535
4901,1.127752551163397,14.43093489903585,12.474521681519057,1.5959236245696267
4902,1.1253667979971904,15.203402006191514,11.692219087003862,3.2343355470738087
4903,1.124272327791569,16.256885521144955,13.044347309810277,1.556641065951833
4904,1.124348631957646,16.12043337162905,12.18544044627763,2.484056838358052
4905,1.1278967411084617,16.61267192670978,12.915763386607896,1.4919048359241243
4906,1.1318142130200415,14.803030139119407,11.808612543374753,1.8200451129684683
4907,1.1292923116259819,13.310206764661228,11.5957613070305,2.020142245828212
4908,1.1289204472440224,15.199596203087768,11.113186941201942,3.878647898311333
4909,1.1265472200032516,16.933273564512582,12.711372868205913,2.2561338739681345
4910,1.1252099387503318,17.07626187378514,13.358948606271127,1.2341548843680004
4911,1.1281560731064724,17.46227630848292,11.714875426699136,2.2022534541279577
4912,1.127840106630031,13.317743393600605,10.798743532123988,2.0148711515433226
4913,1.1281242731671786,14.75826847281681,11.563823422986191,1.8916431733971633
4914,1.1282918663911092,12.889253677687972,11.55104555266784,2.2840836806577687
4915,1.1227191116983966,16.826275338306132,11.834778183854594,1.8854229277154493
4916,1.1257649341051195,15.79635611096267,11.401753453597964,5.387039258228189
4917,1.1264988900256916,13.859733605902067,11.72622172911148,2.3059001203949037
4918,1.1276802060811666,15.441464187398536,12.176138585764395,1.5441120224352336
4919,1.1277833976877656,15.92905773562729,12.25655960614283,2.4428072007154547
4920,1.121130613714149,16.238888849637632,11.884711375325798,2.2352642584122733
4921,1.125115703137524,13.773915701205675,11.640427731305673,1.8383047598306619
4922,1.1232547890430995,17.09157181762681,12.177511995284677,2.025748149917491
4923,1.1235881569231403,12.410350324502316,11.81389837893152,2.0622178059106027
4924,1.1196441566399522,15.754175570629563,12.800251488857212,1.6578977930531846
4925,1.1207983102048917,17.222908389571195,12.926556560060472,1.440911250772618
4926,1.1197317634495187,15.729631395190028,12.396311709761097,4.130533198864592
4927,1.12171502781466,15.715164183424996,11.794448365113904,1.8188757569252847
4928,1.117340679466112,13.632414306047249,12.867508462574785,1.899676435877904
4929,1.1278418714572411,12.785676621662729,11.425337970630949,1.6806709182971447
4930,1.1197959635685881,16.124891279606334,12.58503523062902,3.344421891769564
4931,1.1220391673137966,11.357340194112595,11.638827951125887,2.106432713207186
4932,1.121096670644487,16.606758393803332,12.332739067313865,2.305021430498138
4933,1.1159870193053039,16.17591160782872,12.413131513830127,1.6232430205561965
4934,1.1194381358217893,16.19003829628536,12.67032844599207,1.565049604433056
4935,1.1160778446243393,16.446575698465132,12.342247549289032,2.053007271996306
4936,1.1152096604020294,14.790519266497142,12.273551375274604,3.018081953127321
4937,1.1242065709902433,15.169394497356413,11.86265227510847,2.3575840231921923
4938,1.1206794275614531,16.865830203645842,11.685159034441682,1.9185386122003898
4939,1.1216845379034184,16.350731865237194,11.830533279303141,1.8360018132344855
4940,1.125614841534317,16.093612063109127,12.03432250637793,1.8209030004130808
4941,1.1158132915046914,18.128864590685673,12.844699242316445,2.3349934758461997
4942,1.1185526960205912,16.71523462983115,12.367074839679121,1.4206994532748556
4943,1.121077410545031,16.504412310383575,11.413496168838591,4.443715797286726
4944,1.1218459868915647,14.035001913769023,11.996254887174006,1.8012754052458568
4945,1.1214974074798891,14.230311180006991,11.309439500329153,1.5619525198788882
4946,1.1178946380139998,16.121458108164745,11.896851334978024,2.2288002799416162
4947,1.1227105564761934,16.437520199899776,12.240747324820548,1.84675254889622
4948,1.1222992036645771,14.64449881063681,11.9822548159954,5.180273452574391
4949,1.1251082623201076,16.33619714565213,12.325361889653655,1.9336091019154003
4950,1.126238097668506,15.981245369279382,11.788183335734052,2.011879756158498
4951,1.1236730139446567,18.174655719934584,12.926209623523787,2.127248237955121
4952,1.129045435016246,16.40946121711393,12.524244679439395,1.8052435052913178
4953,1.1289200676158095,15.660009923017245,12.557609645537628,1.276597460675138
4954,1.1345711221334813,15.645995827310195,11.081101649657137,2.748170346196086
4955,1.13573076438801,14.602278671720956,12.03812195063492,3.356654525602662
4956,1.138644853303243,14.609511567487036,12.876478728557105,3.0891884470048914
4957,1.1392346277371503,17.150132486377863,12.054271825108817,3.2885897290170565
4958,1.144607111136341,13.725288902121417,12.226116878842637,2.734783841367416
4959,1.144227554155983,16.030446042327174,12.295006154349757,1.5913725055883126
4960,1.1446941352710625,13.827731106770758,11.780634981764864,2.2942793662460654
4961,1.1527447474210888,14.468388692865439,11.807177478506224,2.456789662526243
4962,1.1483268147240824,14.840738745726034,12.062270788319186,2.4436491125005353
4963,1.1743824629630317,16.340347810438136,11.588606014922185,3.4383997732474945
5000,1.1469954258535349,15.271343626990936,12.073094835419127,2.985614410646779
5001,1.1279700876402559,14.720491008144199,12.654317254511968,1.8823909609421166
5002,1.1272059595189952,15.434637289894262,11.838175150244362,1.900606812949248
5003,1.1258350295685715,16.62155596536939,13.006363648470208,1.4679680377048898
5004,1.1226823186455495,17.097638387032156,12.842217085894678,2.7642188220446364
5005,1.1260413703985401,17.090579861233962,13.538305284728589,1.0844839923085585
5006,1.1312701015163231,15.58089027860565,12.533757634857949,2.390998252125857
5007,1.130446646426753,13.85392266704155,12.012086954825525,1.5835654734254285
5008,1.131175053586741,15.71236017130219,11.977337244915752,3.2895466882888513
5009,1.1274963166049834,17.517225387912898,12.908678665569786,1.4457819922998874
5010,1.1256732346353016,18.06358299676596,13.664046105726314,1.5448706366728429
5011,1.1283372825064875,18.505003154966985,12.465039639173655,1.4760664702955826
5012,1.131210872878722,13.72621971827854,11.462474347630073,1.5167295021222262
5013,1.129887078852144,15.815253893402081,12.152909583899326,1.525313890609777
5014,1.1313317824736633,13.265203328029653,12.15812564689176,1.822430047261043
5015,1.1261020835529876,17.305919401041027,12.214971117775411,1.924141472834672
5016,1.1295499598313812,16.69722571038241,11.624218729121889,5.23913243409863
5017,1.1258519800887377,15.392450369405196,12.074951401052232,1.7289744503470363
5018,1.1285227942228955,16.447651604832366,12.547224804352897,1.550081426778198
5019,1.1295532039960332,16.56555895809798,12.494753750570855,1.394816935710316
5020,1.1257531596397505,16.57048229647942,12.559170030070538,1.3894194288828123
5021,1.1280852689088183,14.44555838979752,11.911448266279608,1.4763654487956674
5022,1.1236748222743895,18.237328801359396,12.564499751930251,1.4605150971504166
5023,1.1262414299275088,12.973097426571877,12.025817448621384,1.7809814498657934
5024,1.1212949409758932,16.57531638584375,13.00175965764479,1.0705105474274308
5025,1.1221112109232976,17.940919080683244,13.097123722282246,2.2076112694533476
5026,1.121591722188768,16.095004545800915,12.714854403420855,5.081784510182917
5027,1.1221181131335438,16.56743091614299,12.145236019750788,2.4101205785933395
5028,1.1209644436499684,14.267064290749973,12.933450193163763,1.9062319157050294
5029,1.127283527712066,13.45291850192889,11.963929733933533,1.2679657805616382
5030,1.120823050992742,16.578972404368166,13.013340378544214,3.523626702818044
5031,1.1263828915728746,11.882764043978401,12.082788052142776,1.4010371496662934
5032,1.1240639940834427,17.275212854131674,12.192218827330265,1.384984614107759
5033,1.1190740085961846,16.68753657715999,12.966458067077697,1.2111423073869871
5034,1.1222288778832574,16.92643625548201,12.833884576954393,1.3720158150908754
5035,1.1191136035544578,17.01890257035877,12.551107481787666,2.0857147698874883
5036,1.117455102157504,15.15914345222759,12.588269491482029,2.6404586000449215
5037,1.1253104065591382,15.511206296236098,12.43218948764996,1.1116092794222048
5038,1.1200535747402067,17.54351636830376,12.304111040944628,1.3956985472638435
5039,1.12453539322271,16.3725512676224,11.629405719856186,1.7856480749112829
5040,1.1267758283970046,16.643695149306147,12.386824831098043,1.3490591286431823
5041,1.1177573679293642,18.993182685734165,12.97145628227728,1.9391076298819274
5042,1.1205796265735082,17.030085044864588,12.538665427417222,1.289915992561625
5043,1.1206672846427794,17.47535764958388,11.823370615809194,3.7862958904735344
5044,1.122235540653867,15.184189073205543,11.943164714620044,1.6734380871459844
5045,1.122102678971613,15.02873549985279,11.752716458587265,1.3214104782548524
5046,1.1222966375527994,16.183637726257466,12.350029153786586,1.4482252264354596
5047,1.1264629181499675,17.148103545663673,12.458403144343205,1.1728311106519602
5048,1.1242017246572844,15.691578220207035,12.064803421591318,4.82141832713117
5049,1.1280217047830878,16.903330127540954,12.619463641703444,1.1570730944068568
5050,1.1291217020959377,16.289865273340435,12.058710812791873,1.5855053070903202
5051,1.1271101351316155,19.027180272255446,12.969239125127663,1.082165586777187
5052,1.1324915482571205,17.32449486544329,12.636646684555917,1.3000218736213422
5053,1.1316447152279152,16.440116350533607,13.148312005189117,1.4819887383504136
5054,1.137697169814471,16.463600553454988,11.73352444928537,2.65988853137679
5055,1.141077282549706,14.973022259666578,12.452860371288024,2.633885110531188
5056,1.1417763625801687,15.130478545618054,13.201874175177897,1.3216542330434662
5057,1.1436337932938425,17.567521813041136,12.310560818480756,2.521210323357136
5058,1.1466557503600252,14.326164050277194,12.376063144200902,1.836846734132313
5059,1.1483922441473684,16.201959657129727,12.723725147634168,1.3454003580470433
5060,1.1478288717338792,14.345877745466481,12.332817134520743,1.3978499826008486
5061,1.1545798716602451,15.284934131094225,11.99290584104761,1.9751259938802679
5062,1.1528507616968924,14.89096384142917,12.388912386276237,1.569457896117554
5063,1.1757324749043432,16.721140429797313,11.816968453222318,2.6781525986036017
5100,1.1521062894534324,18.099161633235937,9.831090059497134,3.5871773685098485
5101,1.1360852492577984,18.27826153987688,10.770553210962271,1.6507857944391007
5102,1.134477193408663,19.48334931844697,9.698660302809385,3.6277044719111102
5103,1.1354115839613277,20.931692980540564,11.480580929673312,1.2892504928706106
5104,1.1270811608689901,21.461576520712757,11.363484890906918,5.152970586271204
5105,1.1298322804236725,21.506675193467924,11.887297768810328,1.2989583641241398
5106,1.1362530418868733,19.55412310571037,10.82234621669172,1.3145704755031151
5107,1.1342254251776875,18.637077167324314,10.37138736125555,1.164251261970371
5108,1.1352290963648923,20.610609589515406,9.989281573802913,6.004817971906216
5109,1.132306192970318,21.74280895624684,11.394314259033582,1.4251322274679523
5110,1.1319058900601913,22.405975454426894,12.063825791843467,2.340654020769089
5111,1.134122795107251,22.77836283506126,10.696216249343115,1.4339886159190858
5112,1.1388811945692732,17.91183563130807,9.62224133726819,1.4423072412327023
5113,1.1364914955723409,20.020743031464157,10.378117406874487,1.1646944126781351
5114,1.1396099314636785,17.99974386037074,10.288333545084956,5.255687059243205
5115,1.1326685105567382,21.864765297004062,10.358798863500013,2.3432424775410565
5116,1.1355699744570589,20.977204377603623,9.879523954364569,11.207840258122362
5117,1.135931069300491,19.628566817165805,10.327083470759309,1.5300242684154144
5118,1.1375149012145902,20.664966616434853,10.802099566614222,1.4137649161401593
5119,1.1399682136164637,20.833632462853526,10.707204016409953,2.1574183005985024
5120,1.1320918531651065,20.93985744864662,10.853865985117913,1.6574491891657626
5121,1.1364059548729668,18.55598630022892,10.004801449261384,1.4222410118162983
5122,1.1323018143882475,22.153415955504016,10.864041187334513,1.5957885431541674
5123,1.1306139290972772,17.88748465780177,10.519340680287035,0.7993976984849203
5124,1.1286492601837717,20.82050523583697,11.64161247111739,0.9711434487445879
5125,1.1288625233205027,22.254859919494784,11.559806537715788,2.156419253766459
5126,1.1278179422611776,20.40415151147876,11.480486783646663,8.82466773737222
5127,1.130079253960804,20.677905849555522,10.406105480070545,3.5211269562536
5128,1.1276801333579909,18.321730077304377,11.318129875299896,1.2837603438061127
5129,1.1353848660465666,17.88109475339104,9.85315700901419,3.7085811279799312
5130,1.1276262896217766,21.162451432435716,11.10313817728067,4.979182772213029
5131,1.1311086244663673,16.398447970905956,10.159936389349056,0.9161926323229268
5132,1.132173664871914,21.366583992400432,10.69650775851063,1.7103780374276698
5133,1.1237111007437937,20.668860709527394,11.405680668972263,1.1756454520349926
5134,1.1277370339021076,20.938867264922223,11.325986187608464,1.2924045075826325
5135,1.1228550093330425,21.54408229477706,10.741887059392386,2.740156259586769
5136,1.1227327000370397,19.4830683099141,10.87462584748754,4.255782614539497
5137,1.132487537702765,19.92923426430166,10.084362712408074,1.930621463155641
5138,1.1257918399059832,21.662222698063555,10.542232531318913,1.2501594336078292
5139,1.129440797473608,21.09329613936741,10.223313373700371,1.3946627123830726
5140,1.1331015249074459,20.68851898466912,10.651818748885704,1.3356484910981647
5141,1.1216757888792348,23.03218247574495,11.4424401261658,3.2129613337619563
5142,1.1263687854660467,21.209409893586535,10.755252089204596,1.3874562856938948
5143,1.126595928235817,21.782183461578555,9.940568203708361,5.420081936348288
5144,1.1286567381671881,19.436751353479057,10.28560604204002,1.5184046625639482
5145,1.1273825432005922,19.455811324492554,10.126603279594752,1.5728357992717166
5146,1.1265495276641189,20.934788065976623,10.402132363828596,1.785506588422328
5147,1.1337888841112296,21.548614613355532,10.65949014185233,1.4770881332308154
5148,1.131371117586964,19.869011300653938,10.66316216180075,9.216780974912647
5149,1.1341662823886602,21.438919116383946,10.822799525144223,1.4269988653755168
5150,1.13533446281796,20.794940111602024,10.536057986128908,1.250999512843875
5151,1.1316524410625086,23.185820390923503,11.386320408451468,1.7539664680859062
5152,1.1377582492467233,21.627625964005905,11.231581435428504,2.1832202628543174
5153,1.1357350453711912,21.297094628095408,11.430984669176306,2.9377340687493785
5154,1.1422863115336495,21.218932693957782,9.972206739444363,4.75480772425219
5155,1.1464038216434276,19.89351767908963,10.739801677997402,1.2988582457161122
5156,1.1481916545177928,19.903656281060034,11.854483380801335,1.3580294890303348
5157,1.1479783072910383,22.25302982271833,10.659663351970304,3.3927031974937965
5158,1.1549708611931877,18.792370751668184,10.770726379651867,1.9546124557801665
5159,1.1539948417243546,20.968055428740595,11.054631668595345,1.8104976218413678
5160,1.1539444693700704,19.03931481729247,10.62914022923597,1.8736514840101088
5161,1.160688018408072,19.767138773808586,10.441035161674616,2.5556448932046223
5162,1.1592277936372948,18.580824326429937,10.642216310234888,2.1791832789496426
5163,1.181572063448258,19.579343228203868,9.54254678040903,2.679652378804372
5200,1.1478409309832638,17.250215432901804,9.59411241145462,3.0657854000740477
5201,1.128875471358189,18.10356660113148,11.041148255751837,1.8293037711614257
5202,1.1322776500920644,18.414469636186762,10.154883716359588,3.4617182842580085
5203,1.131262687565218,19.628620666793708,12.03138839532323,1.0084756318956618
5204,1.1246749326870291,20.295334213812318,11.815589502971672,3.337151776169131
5205,1.1280447330473549,20.446484712500155,12.069046977304804,2.197575953165234
5206,1.1343303751054792,18.463359063341514,10.913492381137692,1.3324101603765073
5207,1.1299125848016385,17.222345727270344,10.88382762926984,1.658439387968218
5208,1.131781611579794,19.23421697319506,10.565065395937635,4.808654554180467
5209,1.13028020052553,21.01373088504168,11.893411728170216,1.5016364938997782
5210,1.131800731837451,21.04188381172096,12.183394244394421,1.7892643052972617
5211,1.1325156528044387,21.57790790957561,11.254056594341591,1.2485295418588434
5212,1.138835376316897,16.634490842709877,9.8982830489927,1.0473876107727238
5213,1.1338529153215522,18.921043356785585,10.862205853830153,1.2230987144945198
5214,1.1378866687546114,17.03502499035802,10.564240366768693,2.6836386772096734
5215,1.1296593495565295,20.838336675330876,11.129011979817303,2.4953847973417074
5216,1.1353254964308441,19.65739959099906,10.346487250699328,7.996982731998113
5217,1.132993913939891,18.245103088486694,10.805403426348757,1.426743403946926
5218,1.1343866968632628,19.571370359219575,11.487407839575281,1.31875782134767
5219,1.1365523353818971,19.876613379401395,11.083401580612732,1.6986423024070278
5220,1.130099791023593,19.86820668524486,11.306670704192676,1.5045352978904198
5221,1.1331087411507157,17.395387852585362,10.393752018684458,1.1365199288555243
5222,1.1290606989241843,21.42096816621232,11.346535538321964,1.5888329727313764
5223,1.1272694278285238,16.625146908852326,10.879123618409603,1.5882872216892157
5224,1.1281331137184376,19.425047308490175,11.92350822815211,1.1373351589200094
5225,1.1270318010513212,21.089837304213876,11.980169390454702,1.7101714628424391
5226,1.1281906604422844,18.8217474930681,11.785589535875475,6.579851976355794
5227,1.1288109567778206,19.406895158071833,10.897326710996195,3.137041299626935
5228,1.1264079996299066,17.306971256480498,11.74421262700793,1.4446995999215781
5229,1.1326918621192443,16.57323933178762,10.51848530825921,1.6807625382146312
5230,1.1254733153171799,19.843243472539907,11.404259030468284,4.847058706412589
5231,1.128410859807605,15.122477277424677,10.61066320070722,1.2087584821117725
5232,1.127723458393879,20.173390095706033,11.419334359573378,1.82677920999843
5233,1.119405578462454,19.712492943975896,11.562009635261076,1.543829988045221
5234,1.1243629436464502,19.71130904223148,11.455090819736023,1.3909171639817233
5235,1.1212943344326807,19.952420855433523,11.281022732059132,1.7272821065608073
5236,1.1184287970832,18.319730426020747,11.365747307215784,2.7593474537923743
5237,1.1271553144152757,18.713743183769452,11.13475520077859,1.4060076450490953
5238,1.120320099305344,20.96975766538509,10.783786986495683,1.37601154734211
5239,1.1265204569508973,19.518076449353604,10.454824783886831,1.5960286870780673
5240,1.1283523045883899,19.86517838375486,10.938556232438128,1.0409006075932221
5241,1.1184952082101738,21.58158092272127,11.494264403277377,2.1107570098276436
5242,1.1215505560583807,20.219839001693078,11.381721959922158,1.3620600732669945
5243,1.1228233410229855,20.50906034249691,10.12135649203384,7.00874499436953
5244,1.1236223374216687,18.167529457880526,10.981484802923042,1.2873365919519952
5245,1.1240076256405913,17.907613675340325,10.504394559596689,1.4480253120690059
5246,1.1223307174431312,19.41708730556412,10.882607608274032,2.0644716119548305
5247,1.1287212085676648,19.930137687608035,11.394762140878019,1.6631904294246997
5248,1.1243159634450648,18.766450778062946,10.96699932493935,6.8515181715697
5249,1.1283758947485132,20.052043663546883,11.91680647118057,1.4740576264101624
5250,1.1325567250647306,19.26858028203466,10.643939226941606,1.528228191214875
5251,1.1270665959003208,22.198943137354497,11.928328915964212,1.8150733556739826
5252,1.1347053413669073,20.05315558582164,11.50891403984233,1.0903589290102034
5253,1.1348068425044764,19.604650064346227,11.795006640705715,2.9358076166749827
5254,1.140131854819899,19.971835767870964,9.947619569911307,3.255285950290873
5255,1.1417771698206212,18.517361834593494,11.294302514979762,1.7847732862416006
5256,1.14347609612126,19.003322081613753,12.022883200993451,1.8591217008563539
5257,1.1461118335296487,20.8879967102745,11.034041323180086,3.634799314860777
5258,1.1537583302337449,17.37510145481527,11.186211145380764,2.0591907844913324
5259,1.152230658251025,19.800280685100777,11.487418865112396,1.4712068749731937
5260,1.152060092225724,17.78047335965774,10.812313869536164,1.7839247498183015
5261,1.1562943603857572,18.470198582698465,10.748059127682495,1.9937462686539058
5262,1.1523151272365721,18.020022106276404,11.121005694856336,3.0041767199802316
5263,1.1781243463120337,18.49581853744802,10.576099761708754,4.271799662793476
5300,1.146316917393745,18.113976261401845,10.070412560671478,3.728936488701024
5301,1.127136021603641,19.48088438111324,11.291834892099157,1.8194138467375376
5302,1.132384094940889,19.881203971007945,9.753337769232882,4.11290248942857
5303,1.1337083218218782,20.62509919840752,11.911390005044005,1.2978812193168592
5304,1.1271045382653981,21.34680126810187,11.461930465604304,3.641799111637036
5305,1.1289204445544758,21.71869691902096,12.250898128466249,1.2083036397035443
5306,1.134377655734587,19.626008308971972,10.899954337318766,1.7700481849838887
5307,1.133683335657251,18.243906807802944,10.576274805922171,1.697155520525619
5308,1.1350491681198478,20.2503203515987,10.28850472537858,3.756276981652454
5309,1.1315858329140105,21.853095110693292,11.382552282584925,1.6715694111517985
5310,1.1329621509984238,22.316745480775474,11.89979130373015,2.1997031116562007
5311,1.1360655864151747,22.44711691441706,10.90456887798535,1.4845325784284797
5312,1.1409460050715314,17.74498415320463,9.994328969291448,2.0702397283509955
5313,1.1368985667429614,19.745303354681095,10.623241886965184,1.4211596640997197
5314,1.1393232983881398,17.94967142034641,10.387659462605276,2.572833742608106
5315,1.1333630164027952,21.777324227777157,10.602033534085445,2.969880390557512
5316,1.1349799584579792,21.222341133013995,10.159312801437501,7.504525999640038
5317,1.1374176926804427,18.901505603168847,10.538148001327666,1.6566555255926794
5318,1.1362360908450544,20.59038171993178,10.958223009827005,1.4512236130415719
5319,1.141506541732795,20.56046276604431,10.760158802456914,2.2075463371358657
5320,1.133029736524354,21.21974252832377,11.059096251083757,1.9374898698610465
5321,1.1356498062646043,18.802547417035203,10.074097447392665,1.8892381768208495
5322,1.1353869490101067,21.746316746816348,10.977261945586472,1.522493119793803
5323,1.1303006768400357,17.610630494595302,10.414325562620705,1.032145459659265
5324,1.1290785961952732,20.787970283810296,11.564975945751744,1.4791695195635306
5325,1.1290294633625515,22.291570396992135,11.9005163263706,1.4994115454121495
5326,1.1288759531392254,20.052989175641983,11.139768277649873,5.713329357656489
5327,1.1317624037287124,20.30229979748214,10.417110291537028,2.6810413162986833
5328,1.1275381770774542,18.21018841717901,11.513299133299187,1.446454072768321
5329,1.1351510439821322,17.927337344534767,10.28590424749926,1.9986635904839252
5330,1.1251248022856994,20.99204783170321,11.59787542259157,3.019089165753976
5331,1.1304733651701906,16.15913058047241,10.674420693431697,1.127264446550781
5332,1.1292568370752778,21.120369607484985,11.081060464679048,1.369820257521983
5333,1.1222011987405522,20.877891803998665,11.485861272517647,1.163841186838969
5334,1.1247783557000697,20.925179721598866,11.325070918632369,1.3025640479714713
5335,1.1220687933052202,21.401224551938935,11.072210588332648,2.1197923831181233
5336,1.1217962671876942,19.30142707082628,10.739178345809863,4.116926618211653
5337,1.130208518002016,19.657314398593382,10.54683554534909,1.1373684459179825
5338,1.12311482876046,21.85962244269289,10.567521554095464,1.2315336003196322
5339,1.1271022656214968,20.613086446367458,10.42638673955006,1.014938441447317
5340,1.1295586943091147,20.99936814286843,10.92286228523033,1.983585688611327
5341,1.1184883052128707,22.826747141961807,11.768782942836848,2.774000672064567
5342,1.1211855202572403,21.35039252652145,11.42490525561495,1.3266531271330062
5343,1.125997588010339,21.267481938995992,10.173824753970427,6.62434069604588
5344,1.1263292619454452,19.04661922835893,10.7244222126588,1.0277304867790775
5345,1.1267046605497155,19.02977275246113,10.336699192185348,1.7661574967832896
5346,1.1252370570658798,20.50652545450259,10.644466683385774,1.5745652236199836
5347,1.1300795786473163,21.09959123239519,10.804272883030974,1.8668921789041246
5348,1.1261113555245161,19.92105782004887,10.61810025232753,5.909779124272968
5349,1.130568710349927,21.08603732135553,11.136594623179565,1.409830099101125
5350,1.130960034958829,20.454714912203265,10.738975058077553,1.30657668214168
5351,1.1319778415592021,22.46340389803877,11.859743478968632,1.452876194646517
5352,1.1353309429292087,21.20885169741456,11.273435626904456,1.9580676343294399
5353,1.1352719326775345,20.596906065747074,11.521954201704965,2.5356076529129803
5354,1.142024662519306,20.835180176200065,10.057708887533739,2.720794071197006
5355,1.1449903962380836,19.5896150945511,11.058293447254137,1.504553267610713
5356,1.1462323447389604,19.925821455952562,11.993188110083713,1.2251862738123047
5357,1.148570804365429,21.838456294953758,10.923512816809266,4.555734089382307
5358,1.152935078535282,18.41433648941588,11.327329420932916,1.82581107205832
5359,1.1514619530202546,20.90211611015414,10.942687678569719,1.3647965353013745
5360,1.150875101324939,18.906238904517213,11.057195648282718,1.6101931823407971
5361,1.1577786722734957,19.513718007528876,10.284044667425603,2.503432942768971
5362,1.1561682136475315,18.419733983820088,10.590271516134385,2.3853740112089308
5363,1.1783275298575369,19.855814725396613,9.696638430525837,3.2116635771487068
5400,1.1430866296165934,17.085482586891867,10.182027168180488,4.227301459605251
5401,1.1287672906666013,17.618772407429667,11.390614937973726,2.4164842268356606
5402,1.1284734646803916,18.9154464239181,10.471405441402453,3.628335757643618
5403,1.132258277723138,19.733018294877223,12.530532555468682,1.2772691111938228
5404,1.1261414450190441,20.317752135868965,11.694373101990488,3.9595288302950404
5405,1.128347581716402,20.03094517211519,12.611749176907448,1.3992600817375602
5406,1.1324973460148515,18.587704231174506,11.121090591796909,1.4449026219682537
5407,1.133425910713484,17.17736867503563,10.786764195681338,0.9983879483113519
5408,1.1347292575596342,18.7975644510395,10.632107136310687,4.312717020947987
5409,1.1289281159075968,20.70195830931444,12.056378211640574,1.110557708245795
5410,1.1314734085262728,20.82496691296533,12.576397501493439,2.065519080207466
5411,1.1349690244743615,20.878837663025696,11.48043915258981,1.2249402611687124
5412,1.1391624712705588,16.832481069607844,10.433733993715595,1.365852179615359
5413,1.1358448229382287,18.341551206036875,11.325398456095787,1.2000195385826673
5414,1.1383127633485661,16.99373970023979,10.94650933708719,2.86073936488993
5415,1.130849869574202,20.432479142661844,11.19175312925979,1.6301293026201154
5416,1.1351064227623393,19.938726091164558,10.659213420270287,7.472166335091754
5417,1.1383041637077185,17.884502218664906,10.91866670890835,1.9823253571527666
5418,1.1378980540794532,19.302808745635616,11.663446202716269,1.7154306499699996
5419,1.1381732749044156,19.8492728158386,11.091193511792367,1.3722629162099167
5420,1.1326257185566821,19.828258513747876,11.36484868036957,0.9896767922678417
5421,1.133898117222085,17.65483270739207,10.654958266715875,1.5181527099368657
5422,1.1324441253411235,21.020243835000556,11.26863389548158,1.193344562835987
5423,1.1303961007504153,16.384558401533276,11.003077469080257,1.3066321897209656
5424,1.1285838266640167,19.560651040381355,11.817911729281974,1.0573296235421343
5425,1.127067284886219,21.031263054404068,12.335739198494801,1.4122706390422353
5426,1.129079913637845,18.76768865496909,11.785846289276044,5.458268014425657
5427,1.1300356225098969,19.365557530549452,11.171760333305102,3.0922678548577833
5428,1.1286801815760354,16.768749381414995,11.79365438465895,1.3222247126071263
5429,1.1314888285443951,16.510757530049425,10.7251655988367,1.5735154795790913
5430,1.1238098058869406,19.86645776383132,11.878016540946616,5.536247649679417
5431,1.1294860614376019,15.07676383689722,10.863088741877736,0.942736491673861
5432,1.1283457532337988,20.44615280562814,11.324835020391534,1.8612918164554246
5433,1.121740525177555,19.66792751519774,11.50204419869431,1.0704474691341996
5434,1.1223513554020565,19.728276356462025,11.550922824592144,1.2240264663257223
5435,1.1212042715894632,19.873861949798076,11.598794407516014,3.312361903211287
5436,1.1204438444323113,18.556482739915282,11.354541170489007,3.439562965179379
5437,1.1261106804245535,18.742680173594053,11.124630712409507,1.1220037333538868
5438,1.1226303298165734,20.517450317903208,10.843230832242513,1.1415987889756978
5439,1.1244222094055965,19.79918026747337,10.80359957585992,1.0108562998035104
5440,1.1271403775045152,19.76555093698682,11.054548271377792,1.0074406872871486
5441,1.1176053463064464,21.630525199939843,12.114993482641772,1.9680420162336267
5442,1.1218514208846821,19.591458012878757,11.671710487828491,0.8371517416084112
5443,1.1220637036217074,20.357660525296975,10.697402745966455,6.285733669841659
5444,1.1264941848335908,17.772924690807084,10.81423773883792,1.0660255787744182
5445,1.1221324308755838,18.02788726451077,10.59930752265395,1.6843456329183382
5446,1.1220769232865657,19.478625922897294,11.336050743290055,1.3714988813755478
5447,1.1254464762009904,20.42566797332985,11.508217832677662,1.3042610949894662
5448,1.123849596754414,18.640763934531513,11.327693571554883,5.974431411134149
5449,1.127208302571665,20.2856010673803,12.013862298214598,1.0523753703884886
5450,1.1275758074357043,19.5361864320073,11.35357863283434,1.805433829449878
5451,1.124900718965738,21.62749334595714,12.498105186099,1.5051959167650155
5452,1.1316741349896626,20.198180400838158,11.863600258291523,1.8087139381974846
5453,1.1313502712502674,19.51314763564716,11.924699748755044,1.6708978987173357
5454,1.1365249394900574,19.905489381659745,10.419280952733555,3.822207900583818
5455,1.1391399240481581,18.547186592528085,11.205385321986384,1.7741174961851036
5456,1.1421606723665227,18.76059403164066,12.25710118336521,2.2758870385637273
5457,1.1440247518941091,20.681342330350706,11.240610684037282,3.2298912260195194
5458,1.150009607098205,17.742871093457307,11.33410938209027,1.6998351656387984
5459,1.1489432867435823,19.563214408232223,11.932644339057655,1.7443867283487
5460,1.1486124370321547,17.763220593725105,11.197406180775019,2.053611734137792
5461,1.1548117218641127,18.622643468453283,11.040104203875574,2.2472626129950344
5462,1.1523025375029718,17.76121456707855,11.220554039768174,2.0313915363524333
5463,1.1776397752635361,18.43501736838805,10.108347610129094,3.607512498205473
5500,1.1470653661772392,17.473762729505417,10.765823088290889,2.8703617086941864
5501,1.1283617447605199,17.87320387362134,11.840599845758707,2.285967177646648
5502,1.1297636942561275,18.884561367572253,10.911492510565806,2.5045242592351626
5503,1.1286523785290064,20.081543238609367,12.868374358537412,1.8377849752593685
5504,1.1262041487774115,20.453024808606536,12.533088450415669,2.1770692047338938
5505,1.129623910456122,20.363820664185397,12.854858996504815,1.011489886862577
5506,1.1356341019986935,18.952794899348433,11.598388601848661,1.5077247061164605
5507,1.1356118264302972,17.028584124475845,11.54348543884153,1.4574200708188583
5508,1.134702323010602,19.078404912154923,11.738205103519919,3.616769969511469
5509,1.1327167797440125,20.67523333729842,12.343499031853607,1.4673780441671873
5510,1.1337510320824935,21.03488644640665,12.999150446475548,1.9550247138266896
5511,1.1379437962401744,21.390487241611446,11.668248121779943,1.3235270992684018
5512,1.1423893735418598,16.54114354499817,10.896669574184797,1.4190283084651285
5513,1.1377880803000966,19.341657757921332,11.500721530816447,1.4166335189884702
5514,1.1411245571273696,16.922035615095616,11.04456616707788,1.7239744058716502
5515,1.1361919426630516,20.33827750811387,11.693635092263847,1.8043264815164313
5516,1.1412070810106751,19.636055054533223,11.26128554874545,4.356539748641295
5517,1.1391866340131178,18.596286811155313,11.619742019357547,1.6302053734936548
5518,1.1395654071539218,19.326513289357322,12.057124848260356,1.8923835500873352
5519,1.143858683034615,19.71788044568979,11.527612813235532,1.0980593463950206
5520,1.133439292847407,20.132040529311656,12.153286740959768,1.5682246759224812
5521,1.1392405992932946,17.52042968090909,11.125354822404166,1.4151434319605192
5522,1.13336673526837,21.36717793375173,11.822826353576211,1.87789889085192
5523,1.1325521384048893,16.942438486726076,11.430626196114561,1.4535876702636685
5524,1.1313701398686342,19.60412353534367,12.361658793125969,1.5116466237183672
5525,1.1311573363785963,21.34426405785349,12.520143805926702,1.1579086855140732
5526,1.130717154508122,19.264362620899494,12.104319535763603,5.064655837350256
5527,1.1339580636435262,19.392396063686366,11.268625898482256,1.5468921673354807
5528,1.128568481031802,17.73491507170972,12.078752751086755,1.610044771582315
5529,1.1368201821656077,16.82562814266917,11.169192387665937,2.04736888521241
5530,1.1272375596666824,20.291957926862374,12.29889721840687,2.836763611434861
5531,1.1307039990072592,15.456091049445362,11.471962395677854,1.2080398301523065
5532,1.1311407192258993,20.028270695128857,11.777395993989735,1.395628087956693
5533,1.1242855989745966,19.869837110902033,12.43443516785131,0.9964706601601822
5534,1.1267978770208458,19.732403443752386,12.126864467207291,1.875271709337401
5535,1.1229090278401543,20.54450960719673,11.80149820388122,1.445151166826988
5536,1.1203133687783613,18.880690733235863,12.044541643122301,2.651092498830861
5537,1.1269089976175335,19.06477270177392,11.608937267122272,1.6011489124078537
5538,1.1242370564014998,20.511296342710295,11.576051500315744,1.9285919420783493
5539,1.1269728766882827,20.109917476694854,11.310658866624618,1.6178314451835627
5540,1.129811715146979,19.856105293986364,11.93145114216556,0.9888372963318782
5541,1.1191711751929696,21.785383868752877,12.812643969589182,1.7760341139387419
5542,1.1220737666468037,20.239927965271352,12.156689177749133,2.210555367040329
5543,1.1239310059448209,20.693867697492724,11.109487667289146,4.500112057949682
5544,1.1251000646110891,18.16849574984522,11.594062639031009,1.0823070857114168
5545,1.1249280916065558,18.156872156303084,11.74585065538029,1.3259843950063432
5546,1.124742991923702,19.31306472919639,11.880101022027256,1.278321877596716
5547,1.1302348818631316,20.10247049042849,11.787841907696492,1.3694434995530793
5548,1.1250010662886725,18.73668158777793,11.802553968210633,3.5089570433848674
5549,1.1281971746332229,20.23186661274169,12.012366005979665,1.057722982227453
5550,1.1317791736686929,18.94193017574103,11.981944058296014,2.090011356434468
5551,1.1286715193342334,21.571123440930105,12.83973371629394,1.075703871652103
5552,1.1338830603056826,20.70158277823933,12.063557871281638,1.2934791475386602
5553,1.1331212446281507,19.51364667881728,12.583579048518292,1.4915212648876475
5554,1.1409409731650928,19.368148486506186,11.40615074381267,2.3489943335079384
5555,1.1416508181832172,18.350611809203787,11.706479042548885,1.4665260813610028
5556,1.1428987096640866,18.958092650864142,12.882480750957425,1.7969382282000952
5557,1.1486593573613897,20.538638590333633,11.673449250216377,2.6410302224423376
5558,1.152163780486618,17.38164570580921,11.880691111820537,1.4641335352230573
5559,1.1525066848216783,19.56828125992526,12.552828439133092,1.641168153293256
5560,1.1505626223508867,17.792970707027603,11.439805967283805,1.9492200614732453
5561,1.1575514297963934,18.386116964006877,11.523768360907487,2.182177460278247
5562,1.1528832857929934,17.85836517782181,11.65631675865758,2.4942482215271538
5563,1.180322718998875,18.95032469762938,10.569088752744554,2.868941551601531
5600,1.153764365145803,15.061254098607192,11.785525530676559,1.6495710712460807
5601,1.1332723599246077,15.057699862102258,12.017643091722354,1.7812314806104241
5602,1.1339195145363268,15.925006437252772,11.447583616787007,2.33046253879301
5603,1.1328749987962823,17.661800983879306,12.838304281488169,2.0017761996377974
5604,1.1315960535255751,17.600261800966482,12.537292265773013,2.9627605888508355
5605,1.1371280175512049,17.568650748051358,12.724193447682168,1.4608752327388623
5606,1.140814310597873,15.852091591561384,12.18450962160993,1.6850766445186531
5607,1.1380039564514246,14.442484935913246,11.691027000133488,2.2362867537589897
5608,1.1436979966234317,15.75631796822124,11.362491280681802,3.783723961056227
5609,1.1402631758423385,17.664318059013045,12.62530580233635,2.350425643515648
5610,1.1358451220011947,18.710651329977853,13.053982783503077,1.5920527753332911
5611,1.1423422814663478,18.803491976095813,12.34589053353162,1.9711247215748262
5612,1.147398046735657,14.027011055789568,10.95564311401116,2.1381662899974394
5613,1.1435881274710578,15.940497797016882,11.882564563251497,1.876189901139984
5614,1.1464102811542947,14.331386226359484,11.453469175764658,2.7057111436451255
5615,1.1386793920854088,18.262441590058902,11.77417063096364,1.814162281045252
5616,1.1450625758651778,17.096171524831256,11.312192315233622,5.497035407679988
5617,1.1456938013675162,15.32752232517288,11.70265974725733,2.0726280348387913
5618,1.1484082116781809,16.373016983137482,12.123028401804158,2.228495771295263
5619,1.1480101141542867,16.858936603098048,11.772411969313108,1.2447244087710152
5620,1.1403641120931156,17.145284379487897,12.146782490686464,2.174411022886597
5621,1.1436336932507298,15.107148017756538,11.19266125860616,1.4969603421447233
5622,1.1415374189591718,18.609553790520007,11.974716268165356,1.5505576409962627
5623,1.1402236246540525,13.642087275958465,11.69568291498117,1.9995986010791005
5624,1.1387777170985212,16.577402561252967,12.577806427208357,1.9642434149986614
5625,1.1340038916139903,18.883094759067102,12.42918126070949,1.8013674409138314
5626,1.1368246589144608,16.265468067886733,12.60089605069771,5.683779002961171
5627,1.138822800890879,16.593645991169502,11.532469220403138,2.1666728100096306
5628,1.1360003867944255,14.348308104399258,12.686286114919309,1.8673237527223192
5629,1.141083255661978,14.158004115330506,11.603016891109386,1.6136202768827117
5630,1.1337637627700123,17.307448246055486,12.404086646741307,2.8063366956098155
5631,1.1366766456966306,12.622718225286281,11.470321068331412,1.7326273287087048
5632,1.1348679225424991,17.255503268678346,11.993032132251804,1.7480145079114744
5633,1.1264507558079122,17.149444640955682,12.505891916740023,1.2270942893693342
5634,1.1296984697310908,17.073790289691324,12.553729100189608,1.6850146165448123
5635,1.1261579798937746,17.19294902123891,12.439065401690302,1.560801360661227
5636,1.1245484159174461,15.65983853679516,12.058335557574432,2.819995304835821
5637,1.1328783296193987,16.145883558643032,11.872134789029882,1.7139587555470237
5638,1.1288647154881775,17.592006063826645,11.959138879933867,1.7785171168321405
5639,1.1291096057310481,17.05833581825162,11.592703401918786,1.7321242799536738
5640,1.1323347440893454,17.250455740718873,12.074284820188831,1.3662452943548078
5641,1.1242934651967667,19.075795150795493,12.84557723950286,2.1614288024049717
5642,1.1237559612894374,17.844742090228024,12.312889598837593,2.562814706233195
5643,1.12927310387848,17.399547681111034,11.548106340338643,3.5071024693277817
5644,1.1296932630342114,15.237887870905093,11.711630910703958,1.6047411821100455
5645,1.1276864909265547,15.252659149786586,11.696156475049566,1.6584155114331676
5646,1.1281671940394056,16.784079281201105,11.729469708561135,1.5218294761971047
5647,1.130593086116306,17.775392229903535,12.103241358400803,1.529526280050091
5648,1.1277647430824829,16.03514027880888,12.13689127782043,5.289719884101393
5649,1.1338226047883164,17.347960270980256,12.539715671050944,1.7325846242606961
5650,1.1359058311925763,16.327016348398594,11.770770127483452,1.7796316427109797
5651,1.131229263967739,19.02167216319642,13.064519723075211,1.7528543011648758
5652,1.1371241906600684,17.514455318591036,12.36233873354451,1.3151258197950846
5653,1.1355296400701884,16.92851420541819,12.504392785168562,2.2919134034610447
5654,1.1430298951259417,17.11394812583816,11.396220333877428,2.045103552228244
5655,1.1451506677165633,15.724286703131346,12.028549863839096,1.8332418373832389
5656,1.1490934544511398,15.637013702600346,12.683023507144446,2.7325355462293377
5657,1.1492019672793112,17.723392067413712,12.190467601037954,3.3871606179546956
5658,1.1548235937196925,14.67979087197511,12.091286459950442,2.924314716483366
5659,1.1553581746637371,16.72055702861275,12.152258758396297,1.720404934964832
5660,1.1518895886143632,15.038556516688148,11.722996635276631,2.7144956154841853
5661,1.1607874506026203,15.633827625661509,11.386518934905855,3.4314093597758912
5662,1.1602383361385205,14.586890295279032,11.567848806638251,2.440398747564977
5663,1.1864340402509974,16.91108323243391,11.228986653652287,2.3251078138175076
5701,1.1472346683769674,18.30091067124743,11.040784865924351,1.732962139116659
5702,1.1354837318203614,19.11029866141231,10.551889435345952,4.550825449024868
5703,1.1357641971583363,19.900992947988996,12.156708962040787,1.806038637625451
5704,1.1299540898633988,20.731706231532474,11.6614158844493,2.572265052564003
5705,1.133653093010332,20.90302673707075,12.057009832496805,2.044028568568013
5706,1.1405810511886396,18.880412606285336,11.289091088684582,1.6928601424854852
5707,1.140281463864879,17.37091806366317,10.897935875063126,1.825245439837808
5708,1.141701820899755,19.10898047957595,10.988732564454873,2.5639838627322664
5709,1.1369934815940261,20.71643855596631,12.31138131598973,1.6178214010987648
5710,1.1374996498351073,21.427567184210556,12.44326834697516,2.279733644322808
5711,1.1429471915965397,21.35642257286545,11.63728125257195,2.014207842415443
5712,1.1479879547352576,16.80104215980064,10.288129603184432,1.9076499851820978
5713,1.14603579944005,18.898839933261034,10.966583743197953,1.9427340546954286
5714,1.1489511356775315,16.68184779030147,10.698633877563724,1.9049519461897793
5715,1.1401279964770248,20.925255182088126,10.8987276892198,1.909157749278103
5716,1.1446300351442986,19.605352615966485,10.978588993449414,6.21990036657931
5717,1.144972709006767,18.386414693482667,11.10088009434021,1.5329598909584738
5718,1.1471305616805665,19.17193428270382,11.718345859487496,1.9023511987849675
5719,1.1480015247896875,19.924195628845464,11.305578016201142,1.0944567470776096
5720,1.1404956686683738,20.071132002931762,11.701663093686768,2.0462922600325553
5721,1.1437883603817067,17.178860798809513,10.768228086864012,1.5181124208351815
5722,1.1416326756933457,21.199896789272902,11.493008953771445,1.9730393255432026
5723,1.1387697216410717,17.052951066316897,11.1101207890702,1.7420251070356312
5724,1.13541449882335,19.73541418943457,11.899353108597433,1.6795418870389707
5725,1.1359632816166745,21.358332353466167,12.232599508077996,1.4927752056653507
5726,1.1360758160692548,18.901123362795964,12.253649785640878,5.364523157913765
5727,1.1388295447145946,19.498675384015428,11.12716654133611,1.7700520395415433
5728,1.1345229015546876,17.642188706379564,11.953900734580614,1.5648631331921499
5729,1.1407325017143044,16.832773235321763,10.85579918537845,1.491434359376132
5730,1.1314354476862014,20.271573518008697,11.911335946562831,4.553901394220487
5731,1.1382321439531398,15.174705986618687,10.774842766830632,1.7428662796197858
5732,1.135027352782549,20.04201868760795,11.430549219538904,1.4451984055413545
5733,1.1274238780632884,19.919592795683275,11.722892128236504,1.6648030115566328
5734,1.1291436510727844,19.779783837226038,12.04797284741318,1.3889623142638312
5735,1.125059006511377,20.365462558282406,11.786369205100602,1.9247956491338418
5736,1.1248678040158626,18.39636605454991,11.53422899360727,3.1217613284535317
5737,1.1324494791958357,18.891173589625275,11.226792913467756,1.597772927823202
5738,1.1296723249778464,20.193127902623292,11.070303496528114,1.2000722503558263
5739,1.1321606031378308,19.596289755538855,10.81791692206806,1.5968216226733962
5740,1.1328731610848053,19.934590395337516,11.459952590465072,1.5129047330516074
5741,1.1226712140922657,21.934488406416023,12.121905353163724,2.328118206514196
5742,1.1244863249660544,20.789396732568925,11.551561471542495,1.8431796521424364
5743,1.126860711772038,20.532881304722153,10.838834697323142,4.830788649760347
5744,1.131025347448746,17.70216522415647,11.188961365778352,1.2816967077546644
5745,1.1282505439172756,18.045723295639412,10.726759238805613,1.2857253954864922
5746,1.1267573140444067,19.399324894116702,11.144215627115056,1.283528745975351
5747,1.1312501922583922,20.314730656179897,11.612789396257316,1.5135907197446938
5748,1.1278633017636919,18.879806689791856,11.511019444944566,5.6625217565051935
5749,1.1314573675821396,20.31529474212246,11.662895273061274,2.1497235815877693
5750,1.1359023995712005,18.92833281735832,11.056392370582412,1.3357035147277199
5751,1.1314818002613096,21.830457298110876,12.2287273966048,1.6624917007774895
5752,1.1357572574990165,20.524870020482307,11.5248672306629,1.9289179117357398
5753,1.1340277062078583,19.47110346012063,12.2656699360215,1.967793045415079
5754,1.1427151362095125,19.579721189884953,10.543155908260756,3.067131147527366
5755,1.1433476562089506,18.400690323521797,11.239199930808503,2.435039707043122
5756,1.1446009815686062,18.86796558109589,12.151600647674753,1.9535282667289742
5757,1.1464198720028922,20.73642601524726,11.22353098509434,2.919082257792041
5758,1.153765115164714,17.48758675432148,11.528109902644742,2.418339627684305
5759,1.1535240765644474,19.6197244480469,11.752248970355668,2.048731178032164
5760,1.1509356184376451,18.23197332140752,11.35391398100283,2.5269214094698618
5761,1.1623642379020163,18.301693822644385,10.607734480693795,2.5988525844956762
5762,1.177884434308199,17.620029746137245,11.009274807761388,2.8292990465321326
5802,1.1563096674765525,21.602168129461965,10.031774192688683,4.113700779571072
5803,1.1417456424558032,21.72933345359264,11.999278370262747,1.6654178349094682
5804,1.1334964722692498,22.65167013833345,11.992642400642126,2.7992256640371522
5805,1.138805751174468,22.76337670786099,12.506092197744398,1.6373423873743387
5806,1.148284952589465,20.582516553223407,11.271704042324398,1.863450040247211
5807,1.1476249794107707,19.513194261220406,10.884858592610026,2.2515178220186303
5808,1.1501410725491197,21.2520717806681,10.904728484997088,4.124417516384139
5809,1.1444631898560274,22.851481412203356,11.979596159942597,1.535874501672723
5810,1.1467579841977316,22.6332430023969,12.483778764467022,2.1304610810155977
5811,1.1471100068715125,23.801451779450755,11.637662486311601,1.9440188055907246
5812,1.1516965716734697,19.13099509623558,10.61500951295528,1.7888722850003387
5813,1.1500758366640962,21.101506939479947,11.34147058488567,1.8737983003479595
5814,1.153451553768861,19.297926799076535,10.962037088241724,1.8886352199568317
5815,1.1481608148133393,22.914036060696635,11.05414576080515,1.8418140416091462
5816,1.1531326798141892,21.94858646053037,10.766138236603659,4.872318386469803
5817,1.1514701395784435,20.385366350602574,10.778647211936516,1.726635777090245
5818,1.1528211768075256,21.941004997570097,11.644274043474747,1.8975776545884735
5819,1.1540102846758329,21.860655438874055,11.514043328581042,1.5422919088455955
5820,1.1478678577606969,21.942641575329134,11.473343421788464,1.3463293638363114
5821,1.1509465771592364,19.852887268255845,10.865040448511007,1.5456694963863302
5822,1.14660464048555,22.964956048303055,11.509647422497784,1.7558190343699338
5823,1.1466452491465555,18.47312312730986,11.087836707887718,1.640110437626728
5824,1.14420620720678,21.93822584423254,12.007592126612092,1.553227080391943
5825,1.1428301704657104,23.4997475730541,12.316109311272736,1.6641354855909825
5826,1.1422858191562515,21.149946750050983,11.844628570682548,4.692497033292102
5827,1.1454746029858407,21.497511890709937,11.225265391265038,2.0509498168547866
5828,1.1430005311221563,19.635201369000665,11.55484008734082,1.8447759148119862
5829,1.1491281917378489,19.01737184510871,10.801829930449241,1.590633879497682
5830,1.1374650538498112,22.41742158138392,11.917199715948524,3.1427830180327962
5831,1.1426767879338733,17.423973997239607,10.76643818356503,1.4434174339381705
5832,1.1417568114866241,22.068590765068095,11.660816569794733,1.7209705814712128
5833,1.1331985698599625,21.622745732524137,11.768613475447845,1.6332153765648314
5834,1.1351139464779443,21.726817789862938,11.793640152542874,1.4855825518415005
5835,1.1317658415711656,22.16273326789519,11.717024282329156,2.075851852934658
5836,1.1322216221514276,20.06494123599493,11.619653574721642,2.7134031135456333
5837,1.1396239070857184,20.78746356849508,10.880543534922397,1.3540209200694995
5838,1.1328939294649667,22.708944878590426,11.20757022419061,1.0705610355502
5839,1.136435250733673,21.7489911253484,10.787267457449598,1.9656069289328402
5840,1.1382423687191998,21.880646538686456,11.268653936789024,2.0858575751479114
5841,1.1297759815172774,23.419834336772688,12.127579733485023,2.7968913379002993
5842,1.129900439092025,22.346550264797827,11.64074617235387,1.28244642578817
5843,1.1342778379372294,22.248376962255485,10.562099376008637,5.2097112031285056
5844,1.1335055290244946,20.056728071951902,11.287540968638885,1.2689873203785833
5845,1.1322459125860793,20.52222934080664,10.942953060184653,1.1663437811744892
5846,1.1323521412994422,21.37061487794159,11.285353507391434,1.414574858232523
5847,1.1359348616800642,22.332250248935804,11.67900083101783,0.9992871526840131
5848,1.1332761545414711,20.811502405195423,10.857731513904668,5.621825670660362
5849,1.1377353591675181,21.98941354612469,11.686243232328815,1.5386741289791777
5850,1.1393476242014957,21.73368490828571,11.31609094595733,1.437040630446329
5851,1.1430989192867744,24.785026361457717,12.479427554884209,1.411859544346252
5852,1.1430605383172565,22.901974829626177,11.723575341039377,1.6537938894120345
5853,1.1407283564709274,21.791140510674264,12.19656859496641,1.9469571421796814
5854,1.1494155808423838,21.439863134124995,11.039648705461907,2.239278235789058
5855,1.1502805787147556,20.48446195201469,11.423355220365789,2.011195993795862
5856,1.1488196002174127,21.088007272727367,12.194471291924986,1.5989812892100117
5857,1.1496021347642065,23.219885056659237,11.623260314058495,2.5601809050562987
5858,1.1564344672922708,19.26723918225174,11.992883445054254,1.8623479801429554
5859,1.1565135028265674,21.928730682162495,11.556577657713765,1.5742028896596063
5860,1.1564475555548233,19.701081904580484,11.144345611135803,2.0874194571894935
5861,1.1826303409061905,21.162423760626528,10.636209626452432,3.0430709785396886
5902,1.253840894534375,13.323836807605904,10.935238502927197,0.7503653794114956
5903,1.165651452098315,21.62123755404296,11.087794826206366,2.206535507861648
5904,1.1453930719646368,22.27854247877749,11.775483473073253,3.2136141289196694
5905,1.1477235154321666,22.628106904025152,12.291474646333189,1.4713337737611483
5906,1.1517201353573299,21.270166622759074,11.33657063816781,1.6945876573418002
5907,1.1532001427223495,19.72002026694303,10.867037144586192,1.601654048961985
5908,1.1561474105777965,21.33643867592944,10.60354706710291,3.3024839908835686
5909,1.149866009230642,23.138889589580423,11.979980530571149,1.4745817484649677
5910,1.1554750319341005,23.37883849080903,12.379761279180103,1.864066435637983
5911,1.157166328266438,23.693141138914488,11.452995289993172,1.6050043917733985
5912,1.1606422442582283,19.388182823888183,10.128347631835801,1.4942643378645672
5913,1.1589780179895173,21.223283520023937,11.183698006405587,1.870975470861212
5914,1.1643050299111852,18.92985252395944,10.616321053703988,3.308498947556486
5915,1.156688294148327,22.9930653510247,10.993743259427402,1.9786069630151064
5916,1.1592238275701023,22.552164048800336,10.643775551361557,6.244670966078608
5917,1.1601275138809812,20.48461812595498,10.888161682691749,1.8242018925596593
5918,1.1603873744073554,21.740115245607342,11.44122093078831,1.6668676478120616
5919,1.1612826211216798,22.04753826635672,11.440553430797253,1.8821200646061573
5920,1.1541091704164834,22.273767493751357,11.495866497396165,1.960097051818323
5921,1.1576372548594434,20.236871623276333,10.690862648016362,1.3827949011342677
5922,1.1558325744605378,23.396994730970075,11.390647861819266,1.371873662330443
5923,1.1531069867962795,18.975037623030712,11.136415780110324,1.5684361312380357
5924,1.1503491334794913,21.976895778141095,12.001080897812804,1.3577816857145693
5925,1.1501583014698848,23.291397926257822,12.247345722789172,2.208327811458835
5926,1.151436615056403,21.060850160068398,12.055262657244281,5.685925201971754
5927,1.1516427717456772,21.755368116677857,10.962788762479295,2.362305042319057
5928,1.1509728053071764,19.40087353621581,11.946132357081023,1.8208086207047889
5929,1.153561158629317,19.12303594192548,11.058719128063306,1.9156206156576663
5930,1.1442751179522976,22.712074105694743,11.815769308657144,4.821838667924644
5931,1.1517200529570741,17.401599873399906,10.778429191931181,1.3435529644416284
5932,1.149508604899719,22.594754241380038,11.40851442367871,1.2393311247447236
5933,1.141696369353947,21.90452307734293,11.443391640647361,1.4525781044747728
5934,1.1448717913787478,21.82750131102929,11.637499399570894,1.6114994181812388
5935,1.1385662821960856,22.45148543338662,11.440622846234026,1.5943190806773062
5936,1.1381767288653706,20.63008467552298,11.35583749861186,2.63668518691563
5937,1.146512845963819,20.947767484255333,11.132418345952772,1.963929936809872
5938,1.1394124970477475,23.338207435359934,10.878695718928372,1.7893172227226444
5939,1.1434952671005407,22.11604417350888,10.793162420777977,1.2324468334733014
5940,1.1467103973466601,22.275031360193402,11.009202774254348,1.393220634676105
5941,1.1365999242921367,24.016749101717714,12.010784090551237,2.788839884522597
5942,1.1387656144529308,22.702584249789815,11.295877056353461,1.503838630630719
5943,1.1389999743154657,22.89476755992642,10.570446381577968,3.314444528484312
5944,1.1418004753538262,20.238583381265173,11.390759446365282,1.1464430536033703
5945,1.139419690990664,20.544789059238287,10.757235722969655,1.501221826418056
5946,1.1376329072375075,21.951406799831886,11.040439028091381,1.7568069926944943
5947,1.1459057747275618,22.213708643530587,11.219052275627941,1.1876499832609198
5948,1.1401617955709824,21.336644087295493,11.161504815329852,5.400449007949331
5949,1.144051760280961,22.07379870790726,11.738813838671636,1.1056138495196162
5950,1.1446437656373234,21.999952220815945,10.995040520153825,1.4086155896117702
5951,1.1422934354922563,24.058259818366707,12.531857276629262,1.9815748392699601
5952,1.1486709622939404,22.39750598926552,11.706636244916265,1.6151898746202582
5953,1.1467050567767503,21.613341705197147,12.181583475189342,2.0564945983159078
5954,1.1550678910928878,22.06947858452156,10.50581273274115,2.27062804951729
5955,1.1553261611167058,20.557735775991414,11.445857793827003,2.2701099765673467
5956,1.1555453754167564,20.982652877433658,12.278128558401209,1.3928142373260515
5957,1.1565893444132034,22.96602207975805,11.427924637306644,3.0508695516095465
5958,1.1628292990982418,19.34764109068191,11.590391500964902,1.748820360683701
5959,1.1627830152349519,21.585351794988373,11.52811080394937,1.5722297069964202
5960,1.1816797111065152,20.284906324684133,10.357543243615272,3.2666836150970826
5961,1.2473277103670983,18.7511614221929,10.047630847301386,0.9256838044546977
6003,1.2142870848621894,18.685472293125326,11.552887222566943,0.8883549461927616
6004,1.160150468132052,20.74324992801788,11.558191533180077,3.8900483316872503
6005,1.141440457596932,21.85581417721229,12.340128990449228,1.8526491749840654
6006,1.1507912667280107,19.824050813176612,11.664541316330368,1.8965424621674187
6007,1.1542894696202513,17.73245369330407,11.196847096057247,2.1264290121146185
6008,1.1564559249649247,19.735213381311084,11.02107773584719,3.0178479596494516
6009,1.1544656401800626,21.074614913380998,12.025399016533143,2.332373132192909
6010,1.1530767522358816,21.328273803575637,12.573952397108444,2.323517620073018
6011,1.1584185627876207,21.75665692375622,11.460902401243493,3.1733230226179785
6012,1.1625192702574367,17.37240105237452,10.59042288429134,2.235665623269662
6013,1.1595683129041847,19.328199148840763,11.109724745174978,3.174261251971482
6014,1.1620902970626152,17.650669598233822,10.82419445030053,2.72823942587181
6015,1.1549152272869228,21.22877521622156,11.186906022405154,2.120463315940365
6016,1.1599829387717935,20.395214852360102,10.849494291570087,4.570498818759287
6017,1.1605389070309726,18.527893397026485,11.009350724716764,2.133538287834398
6018,1.1616481109321724,19.911376774514128,11.473005446872813,2.13485151326898
6019,1.161183030745794,20.290829133803623,11.590722825392346,2.052559774213504
6020,1.1557013960786855,20.462589711335117,11.60469474242804,2.086572212872803
6021,1.1585007891380816,18.214741876220682,10.74265725574394,1.4596811597056234
6022,1.154772686985698,21.570680808788183,11.653941022764998,1.647114708153144
6023,1.1539111535932398,17.199986026909936,10.97275916980969,2.3116895799864765
6024,1.1506330886175486,19.830075855807515,11.9522611290011,2.149857390379682
6025,1.1521725685889337,21.539519252997543,12.506124381267313,2.0476799882789156
6026,1.1536368447170116,19.469514809936626,11.861249213721509,3.2272715653295316
6027,1.155053897861442,19.634789003225602,10.929838528164495,2.0897070829866684
6028,1.1520505224641029,17.578007538295715,11.87484613288042,1.9966480390712478
6029,1.157210364685292,17.185708812447647,10.93090412740343,1.7143601757941083
6030,1.144255103949064,20.77285990358911,11.984140847244873,2.9623117374050576
6031,1.151563928335188,15.6758084709836,10.76397301469956,1.735900436621225
6032,1.1503223912944704,20.47211118513227,11.493524786607937,2.357588955561964
6033,1.142507031633655,20.255963174614248,11.818168757009309,1.2898886457359702
6034,1.1432624542908456,20.413547144319537,11.790567811429687,1.5291011622256019
6035,1.1386121484455554,21.142190208974377,11.621897479555159,1.783543978723901
6036,1.1363218181608448,19.061738956666982,11.699143920556098,2.9123978320748565
6037,1.1447908429047835,19.499857390796404,11.075441556552278,1.5503807962726368
6038,1.1394134795105435,21.403550476757008,11.221366033715197,1.505327275664871
6039,1.1441318578791042,20.458341655330624,10.829001064236062,1.6446017660507688
6040,1.1450064998009217,20.567243537066677,11.357989874793136,1.4748575860009276
6041,1.1358646402380073,22.050014378664056,11.957182964232794,1.9687755871851125
6042,1.1393464338966783,20.430383775616896,12.062481078242524,1.3636984168227166
6043,1.1405220919913506,20.88146083304283,10.96334129144172,3.072008102299993
6044,1.140662446823742,18.596957634142207,11.008990052354008,1.3722560827579577
6045,1.14096382897819,18.67790839882853,10.810517627285853,1.3875366571541659
6046,1.1411114952235264,19.90941830709863,11.555626990618123,0.9936508140078801
6047,1.1444209144867445,20.482346513988006,11.470231606772748,1.1551922157313137
6048,1.1416884187522938,19.331045294265664,11.369748646458696,5.284865643324777
6049,1.1414602915488692,20.58026653783014,11.796442038155497,1.4300961623087454
6050,1.1464617939735842,19.70466124546974,11.199198178219952,1.920932752999641
6051,1.1430171048993798,22.139143116514735,12.485712067705888,1.923775419581878
6052,1.146249795678832,20.994945836626723,11.941261573483601,1.6457945103945266
6053,1.1447355393326912,20.363728452621373,12.194172303557439,1.6890533640843677
6054,1.1534073353740324,20.082346294341722,10.934958992550374,1.849909889408842
6055,1.1517254666972172,19.247554354527136,11.565987982355615,1.7658944388381606
6056,1.1530080846491502,19.013548629700615,12.455813788126237,1.6285132770469521
6057,1.151229803887813,21.646196216047024,11.708814998065822,2.3469549215607435
6058,1.1606934296156768,18.3578407500323,11.693107456021252,1.8210622007124728
6059,1.178768436064594,21.1046968974716,11.699483348521674,2.5941848672018635
6060,1.2318731478417442,18.735708033071298,10.143776840840335,0.9854815042710594
6104,1.236159209648962,17.198549619651867,11.245738178643876,0.911873900891671
6105,1.1700731261831507,22.016534340797797,11.265251204351946,2.528701888517806
6106,1.1618221238686426,20.55549884896445,10.170658429638259,1.677715787983172
6107,1.16017126495805,19.300293344442604,10.176633551364457,3.562539913966846
6108,1.1658137977555976,21.16265098853259,10.134037662461758,3.497442521744446
6109,1.1621727939237363,22.546872597104684,11.011247112326215,2.6489954830286826
6110,1.1634320697458007,22.935780804574417,11.435912202812407,2.442645383128492
6111,1.1697184276147594,22.89101889011946,10.607554884576993,3.465978632463311
6112,1.1757367795071143,18.549784996111555,9.625748415557892,2.9057447934270546
6113,1.1726407333607773,20.253085111674483,10.22850098439835,2.520636369717414
6114,1.1730402695100837,18.736479446394146,10.00752542710925,2.298223756386123
6115,1.166407545051111,22.416014130777775,10.074826042395786,3.0074694799710535
6116,1.170791602551841,21.533051914481184,9.639658526767505,5.8396657521219995
6117,1.1702019878790628,20.083471071348207,10.081512783183392,2.991924342975763
6118,1.1725315664770724,21.000515133954554,10.290174238188566,2.4356197928606647
6119,1.1726171530449896,21.325475889761428,10.785429352011862,1.942223674213811
6120,1.1665931414430368,21.342018680191472,10.871846013844248,2.1717743048961853
6121,1.1702043311656527,19.338284780463763,9.869529841060773,2.6237427251105947
6122,1.1658925551745725,22.692847339211017,10.576010847004323,2.26331678958342
6123,1.1659270428494852,18.179310385100088,9.991913239196084,2.317041829031863
6124,1.162626875537216,21.101071690167483,11.019880325185792,2.398482772406429
6125,1.1647999378434093,22.477752103575853,11.27420893228531,2.3602547291453266
6126,1.1625126110766562,20.595818812587563,10.980674893149565,3.6074544199706318
6127,1.165278122737817,21.193689265817408,10.041072016354471,2.6751919446846895
6128,1.163268627168915,18.30992413870286,11.33570903214273,2.4228295981825347
6129,1.1652252685051703,18.264719348870926,10.085173207338789,2.2244512316467246
6130,1.156782967805363,21.884138116392773,11.064737646269982,4.092152184277278
6131,1.1637164825288724,16.643908442822088,9.915572546516422,2.2761193691256407
6132,1.1613993026356608,21.640064019650286,10.776651227256176,2.693433959267954
6133,1.152985578135064,21.313739324178343,10.706782889167844,2.369843165931863
6134,1.1556609788293122,21.320528552419884,10.863262836738992,2.038375169602147
6135,1.1487803623522943,21.936843600207865,10.416253465489461,1.7310654194212107
6136,1.1490120238868353,19.600450913524732,10.773890261992602,3.245727335335345
6137,1.15564167310445,20.462876339405668,10.283056840783154,1.691765819944124
6138,1.152233522589677,22.03785529455073,10.341134116581847,2.145839618371621
6139,1.1525885729496095,21.534671220398,10.113987687573736,1.8611029257226233
6140,1.158193126728236,20.987501574842245,10.686800058103822,1.5061350759780139
6141,1.1460831753980705,23.135243272267786,11.325864296285697,2.749375658317898
6142,1.148455604813261,21.732645254854603,10.674450295120833,2.83831001528582
6143,1.1504923210425113,21.92399741054519,9.809700596756448,5.075497896997546
6144,1.1519649278815967,19.613282355370877,10.635565013092975,2.186256325095626
6145,1.1519113533505254,19.46274619100798,9.927112654632019,1.5841532194147552
6146,1.1490844551311306,21.23058131236224,10.359986324433928,1.6040300917040038
6147,1.153850545050667,21.694319839335158,10.467254143776321,1.699170205502162
6148,1.1503267272510507,20.470856417350074,10.346362775106645,4.90162039760237
6149,1.151905779711586,21.65766776499038,10.966683435457101,1.6894387973718363
6150,1.155647165443015,21.041745223278067,10.311410794595533,1.5047874549301445
6151,1.1543435213373705,22.871907202187824,11.282886334705347,2.0607374649144745
6152,1.1558883896650665,22.076245996761816,11.008370216934635,2.468148558058783
6153,1.1542027936330728,21.20210054160931,11.308049770152994,3.3966209497769166
6154,1.161756598958592,21.543320740066573,10.015275271712467,2.7469436657512794
6155,1.1603067218136038,20.146266950676676,10.589780792690433,2.4676834685786906
6156,1.1601667439049406,20.430162358376982,11.607595120611391,2.547374644926204
6157,1.1640538427724065,22.06536102087721,10.637914975527133,3.2679662003235297
6158,1.1837553747681728,19.598370436642075,10.458155016536063,3.3364905468757913
6159,1.2442636184534863,19.992921143117925,10.344896670126394,0.6548190388349031
6205,1.257245480589918,15.696238168871425,9.193431236496751,0.5661624536772188
6206,1.1774297320542821,20.100546937561987,11.540595861036048,3.0922985943448724
6207,1.1608281709941788,17.99373171086484,11.117814745577242,2.80986108834203
6208,1.1638777071182613,19.37335568638473,11.242945196323728,2.744342587728802
6209,1.1604176631211087,20.384382130877043,12.376973632706608,2.425502194980447
6210,1.1638220877939647,20.94972373347687,12.350729194081092,2.595075788793387
6211,1.168309329280494,21.09012904945569,11.659041032932949,3.039293432180097
6212,1.1758157448769595,16.68677545226741,10.74100574852991,2.964176523223572
6213,1.1699238725169077,18.60574578676088,11.013184709207064,2.4785647711519685
6214,1.1730364246231693,16.932136465139582,10.998846163765382,2.555129790990841
6215,1.1650238347861137,20.562419839011273,10.970630647918684,2.588140194516788
6216,1.1719096227281964,19.484788078791187,10.932967228479837,4.089964284629356
6217,1.1714897487366747,18.01473488348818,11.116098849445,3.584503956585921
6218,1.1728449913736954,18.650764868671867,11.294167146155916,2.511988164067347
6219,1.1745221867738025,19.037039421459717,11.77489087946051,2.1776846575907896
6220,1.1661862051848237,20.04164479757212,11.196614657845863,2.748761164210897
6221,1.1707111096779172,17.448676531147825,10.728035273011452,2.357271713060248
6222,1.166627692435889,20.77813183178316,11.644804905869737,2.5886026416423253
6223,1.1655308513497347,16.739147566544077,10.994786373466289,2.6062474585042494
6224,1.1633523386494395,19.538937131392778,11.718994155826541,2.6347977544632806
6225,1.1638040803961283,20.699136434913992,12.066704629811964,2.3455189355211497
6226,1.1613171823545918,18.500094934708436,12.211252109686008,4.0350480261547546
6227,1.1653505147175456,19.16265732183137,11.379756068184452,2.5735735093257244
6228,1.1647566373587308,16.504597642174403,11.425021012809252,2.5932948749366598
6229,1.1656284599159366,16.789758296433718,11.057868981176604,1.9594372093940755
6230,1.156702269960116,20.18669530507393,12.083922984582683,3.016232735560936
6231,1.1653425495879128,14.726520132432974,10.866687375118367,2.481556136149124
6232,1.1623998060535885,19.69609380486403,11.284321610870967,1.9047372790317056
6233,1.154672335118449,19.386581494757475,11.510118063521169,2.821208633477817
6234,1.1576135000303436,19.15210425620782,11.820356351460115,2.157958035821441
6235,1.1509502320375358,20.084787529678703,11.653782139970863,1.7023332951592114
6236,1.1491655615514218,18.266748248460928,11.541260412702016,2.3668673755216494
6237,1.1576772500675734,18.803928719360204,10.972119192943257,1.639076247103573
6238,1.152579097763674,20.487483932488463,10.901263322073675,1.503129866548721
6239,1.153165608875014,19.955367082387166,11.136706919856096,2.37485098992
6240,1.1559378469735333,19.5324312923677,11.673459390818536,2.1084862396091952
6241,1.146052244724203,21.190198713720825,11.866165968527483,2.269184990859594
6242,1.1510472505723077,19.449586069966866,11.39182212279389,2.5363033179655794
6243,1.1514788603090131,20.226121525302773,10.732929144873028,3.484147068761404
6244,1.1550889594031546,17.750335533627144,11.139034602707076,2.490236347033775
6245,1.1519379667309346,17.69286365628464,11.144375919627167,2.016327067904167
6246,1.1491846628234694,19.571535355201657,11.475803744113108,2.073494435976991
6247,1.1535841763920045,19.89083771775306,11.515940110026602,2.6639782147870026
6248,1.1508029202129209,18.6955937768683,11.323758953647626,3.9933132224939563
6249,1.1510653292922872,20.161288650142787,11.748240198103428,1.5767616000978935
6250,1.155099210930627,19.16824788724475,11.358270080299745,1.8819351498362134
6251,1.1516948467749,21.491126796469388,12.092410204150656,1.5309397962619782
6252,1.1550620796662041,20.008838127074135,11.72275110258955,2.8125807802407885
6253,1.151289356162522,19.510273559942146,12.097661526265327,2.457999085036598
6254,1.15896595142224,20.035179812125094,11.068583980626178,2.0425904295807973
6255,1.1564801312752433,19.27875718231714,11.696561521388954,2.280504506733633
6256,1.158627910328458,19.394344517139757,12.364082264669463,1.9256251487968905
6257,1.1777544267398543,22.683775096414994,11.13049152427383,3.198309354478366
6258,1.2379233606771785,19.508858978545273,12.166123579813322,0.5448571640690655
6307,1.199294675955816,17.564021013592384,10.78927205693287,3.9399685028896414
6308,1.1911624191887809,17.731221206382106,10.543112877255036,4.67206136852216
6309,1.1912811913989203,18.26757525566242,11.575314779947417,4.43133783308665
6310,1.1942296509843315,18.00033438531927,11.432741758444608,3.882384529960832
6311,1.2005639716821088,18.845213153307352,10.86180384575869,4.630372578073326
6312,1.2041855859631245,14.768987628318884,10.377465116210823,5.850804771838074
6313,1.2013053912364615,16.2071273216118,10.711201523596927,5.943557541961362
6314,1.207729093992858,13.936565891253668,10.510692971701395,4.993164316699984
6315,1.1969709945172462,18.146453632419362,10.931018541912344,5.044808177914687
6316,1.2011827862215088,17.595734256630198,10.683642561083275,6.2072766960165175
6317,1.2035232580931563,15.410480131442824,10.631846045992381,5.02752853949159
6318,1.2066947951671159,15.870761856854145,11.323125136188468,6.0434127925219085
6319,1.2032932810745482,16.62396509737597,11.396582639304867,3.316361942905475
6320,1.1987498492788453,17.056540555689406,10.979294405520694,5.14226761548251
6321,1.2014053624306265,15.486384988737834,10.511434508531867,4.96844073855214
6322,1.2033606124368594,17.69109442332971,10.656258667413754,3.951129285632319
6323,1.1973576367844776,14.145155807092022,11.033482385454056,5.958438522006445
6324,1.1962969709058557,16.46313521166349,11.732114158875634,5.205196280711816
6325,1.1963500251018653,18.2288794286159,11.490960885164215,3.6088404173795166
6326,1.1929104825687513,16.454316877622595,11.83598111290513,4.294182593040989
6327,1.1973713053295896,17.072072681828384,10.520443544590977,4.668784738505378
6328,1.1931916181963333,14.535929908655849,11.126769577402882,4.264878083923679
6329,1.1983677867669682,14.397222873365525,10.909698086822356,4.131848171140006
6330,1.1907381960719505,17.47179455016096,10.959503234633026,5.261844991574483
6331,1.1934118142198469,12.969962408447234,10.632158849930777,4.406209336664482
6332,1.1924490040207172,17.170771152956465,11.166169101405071,4.107912551116984
6333,1.1888376302248855,16.31629179191576,11.005537811585766,3.859632078153471
6334,1.1885303940448009,16.77384953590861,11.412454661863688,4.494449862809688
6335,1.1833295415827596,17.159714180243473,11.355621101956455,4.288900372311484
6336,1.181985176631697,15.255952530872552,10.985362991854007,3.802133250253244
6337,1.188298548595013,15.878726210950106,10.67875505886232,3.352455130790899
6338,1.1811124359848335,17.840392479062835,11.1178788424511,4.719467690543051
6339,1.1818126655785732,17.258395684061256,10.579781898214943,3.290618449155348
6340,1.1864342427154395,16.540429540216852,11.125030830981283,3.7723686699449024
6341,1.1774157906688496,18.05364214983154,11.369976752380802,3.9508210273142583
6342,1.177521100817791,17.617578084503236,10.621983070087273,4.384265457847101
6343,1.1815833230103923,17.610807113992777,10.518095986048518,5.360710481182988
6344,1.1816490326995142,15.494009374802426,10.540921758021582,3.5916803655845384
6345,1.1795984856886563,15.095407599468468,10.809203385150406,3.7249857831868094
6346,1.1793479944951428,16.5638343611141,10.683416665466455,2.596458855351356
6347,1.184876940477505,16.845313782392868,11.224488181086738,4.3618787283340374
6348,1.1793853415743327,16.37598906797643,11.08793950523607,5.766233970982279
6349,1.1801237590364795,17.270762818011015,11.241038907282874,3.6922274756557183
6350,1.184789400311533,16.191765666569555,11.288090899038796,4.701167184443631
6351,1.1817985526640573,18.204502423522484,11.4607950630151,3.033899196493409
6352,1.1817941437132544,17.61018541081569,11.485499725027763,3.123474293416959
6353,1.1801983786939114,17.01046947218678,11.666080788072787,3.238772693982721
6354,1.1885506935387435,17.204764810570897,10.778537128995293,3.5168452316246746
6355,1.1857955600311403,16.443161677356297,11.237553733357885,4.103187624826421
6356,1.1961006556638076,17.970373350688796,12.223091219068333,3.024864069937927
