7,1.1873855047352415,28.50869938252325,10.616739654691186,3.4069465264981336
8,1.1771565200492473,25.26228159578471,10.579707459607452,3.4512576476938515
9,1.1678372815063558,29.011052027662913,11.918965986028073,2.878027983615705
10,1.17085504417348,27.395274480556186,11.415389295614967,2.3920523777287945
11,1.1713065317020017,28.68297665910493,11.611964023171115,2.3465840351314853
12,1.169746091958002,26.46718277537956,11.342066163494898,2.0915896356890733
13,1.1699460572266915,25.905201511142536,11.705595441624668,3.021277716859709
14,1.1685474926391861,27.18581334560812,11.609860837248235,2.547279722442117
15,1.1698324748395523,25.54897402314431,10.540617674403887,3.779534337110384
16,1.1675511654548265,27.22329316416661,11.32124491267211,2.6991916711408033
17,1.1650879175911752,29.772979787794657,11.852700319440554,4.564655713526144
18,1.1654702951893765,26.985257171630494,10.982649236638906,2.9618002299174524
19,1.1672567152057494,28.766631142019094,11.525726469614137,2.0045547805845634
20,1.1670703404742535,27.579763522277336,11.286422996559613,1.9428193680318135
21,1.1654054203285242,26.511665713371393,10.81686921644544,3.267588065838104
22,1.1619712490321403,27.297630742026918,11.208369848174415,1.9973916502405018
23,1.1609096402687171,27.706298677800916,11.324539760835673,2.0269331269479305
24,1.1522927543781085,29.193766342510067,12.176208600543566,6.447571400336573
25,1.1539725396687386,28.339124754993,11.783184678390784,2.4942382168110813
26,1.15663331769484,27.768460678549467,11.81510318267695,2.570598809850787
27,1.1540952000504512,28.75876984733592,11.075386511632594,1.2986754781033607
28,1.1501260015004788,26.38620653639257,11.344815322171142,2.149811239326966
29,1.1473090213909891,28.355696627967216,11.132055449896619,2.5212288971481343
30,1.1481198504012093,27.956363240671404,11.78339874341646,1.775661004210676
33,1.1444738597349204,24.85923036845552,10.811145417191524,4.727552280203598
34,1.1413454992959706,24.62887784632667,11.675292344307646,2.552875051109101
35,1.1423723269894204,25.306051973523914,11.17683744290274,5.7213814789180555
36,1.1395718231708873,23.634565236497455,12.107347588333253,1.8092569044676892
37,1.1417328897152847,26.733605924236326,11.166397817629495,3.5224441002722653
38,1.1417250813496733,25.091446476850233,10.89238922553487,2.1521297299271427
39,1.1375576906820248,25.7264000513346,11.739673167402703,3.0910887569182526
40,1.1401444213976044,24.593139746683747,11.442976404781776,2.0947872511755894
41,1.1389693319474297,25.58284616681785,12.015897406304326,2.0749610055097047
42,1.1443297922274693,24.850909587965912,11.18134209095894,2.3977379046497487
43,1.1395151135221795,25.353239170591912,11.285535360426632,1.6481900811581032
44,1.1420583714283814,23.066714260756555,11.498814652531102,2.1073251136753695
45,1.1393435986917553,26.72598076061225,11.122957072662741,7.340703984877923
46,1.1401854950647747,24.03901476606562,12.041932538747222,2.19917907839326
47,1.1476868991759945,25.796872208477374,10.489097118163677,2.3958469358924774
48,1.1435587050043883,24.952637639657528,11.593790265268614,1.7652582150240463
49,1.143483195836743,25.266788704807105,11.655098451198015,2.210611545775177
50,1.1459800134883609,26.110754039483105,11.588049010831671,3.4178189540524446
51,1.145394925249512,25.789238143968863,11.579842690642472,2.2705473514059937
52,1.146539057074829,24.405034557217803,11.205719883462905,2.2958388303233868
53,1.144383712650378,25.11196427443064,12.236907431417091,2.855595212712452
54,1.1442612704036454,25.70441122521711,12.426613348468832,1.9760748080321906
55,1.1476784935550584,24.189242518332442,11.359283714814332,2.6501298716060235
56,1.154078733201269,25.05643024740538,10.961398759268253,2.989826177786406
57,1.1848397426969937,26.11158829359445,12.224587596947051,1.446495888991671
106,1.1806799658517455,22.7448979674325,10.768829847308051,3.7515107603925775
107,1.1593644284308704,24.911046425475188,10.698716363912734,2.857533240612981
108,1.1649049904187494,22.643499939491786,10.831784670186567,2.4716348890247852
109,1.1558736261607458,26.089829120906437,11.42439044562243,2.314904356684151
110,1.1635110901731183,24.308511556584534,11.00466590187028,2.0615367184295534
111,1.1616166516215232,25.704889486169993,10.99615145236567,2.141519612187087
112,1.1614148437162701,23.299991497580717,10.878195348314094,2.248935887096293
113,1.1592800247562673,22.822881003381,11.228274382438478,1.9844626908767307
114,1.1575584477725498,24.179991333168786,11.281273093068267,1.7807502475237356
115,1.1600636127609834,21.79622038855677,10.014335083745143,2.3840637271869616
116,1.1568816175056282,24.39420609830822,10.678124026325953,2.485523751978347
117,1.1570531567079883,26.624251697610426,10.425309152757466,6.009646887208117
118,1.1559428878610596,23.20223185790478,10.477295316885746,1.9821936063529895
119,1.1596208387447682,25.169385090425518,11.145267449350365,2.1474660634667138
120,1.1556687051308596,24.746760571236596,10.89619000056689,2.3287649275058695
121,1.155061401952921,23.44658098356823,10.455769948831884,1.816265245144998
122,1.154704188020753,24.03130832965264,10.37551086319057,1.8100695558288522
123,1.1515288243705828,24.529491772551555,11.303167480958825,1.6557029350005765
124,1.1424336227098384,26.016496545470527,10.771103257337174,8.641543261627076
125,1.1469060984568293,25.216615507205024,11.132061190853557,2.428258954157747
126,1.1473722938468354,24.630022472999475,11.273853687912087,1.6129592650743736
127,1.1457589556707015,25.277475119942626,10.93365500304297,1.470328426228978
128,1.143815448232125,23.146568578349413,11.058817575470654,1.6729177639897577
129,1.139436048385726,25.26537239535793,11.031865426095457,2.989538850254733
130,1.139137867075278,24.932610883000873,11.613281812577084,0.8963430874414622
133,1.1354383878924967,21.63886839077454,10.730203102552775,4.7725607591655494
134,1.1331837569954697,21.41989953340379,10.905945873131039,1.6533368037016778
135,1.1330564560350223,22.178647652036926,11.206215631550279,3.941405974417693
136,1.1297420867302335,20.974717809418927,12.028543339038528,1.6878142946622032
137,1.1316983835885297,23.67044874832748,11.4072971009912,3.308067326357593
138,1.132816708469604,21.95970034332897,10.073225679019068,2.183556384596201
139,1.1304476940316264,22.6726065251405,11.145198216138002,3.885162228972245
140,1.1346919493739336,21.002640723894025,11.306432436176035,2.294793425726895
141,1.1319739924297347,22.425499655485996,11.279331207001702,2.0867165693175442
142,1.1378965955845017,21.45091889733383,10.87839445766113,2.6247297525107465
143,1.131502206459682,21.9585163048063,11.335147546860103,1.6357127795970143
144,1.1352913448283786,20.18007893974977,10.58343549451431,1.6657230310381241
145,1.1322801894925603,23.366305800779557,10.726697300632594,7.593805491625321
146,1.1327634432474034,21.08914402642647,11.409941568430124,1.6187334757690004
147,1.137798022992961,22.720830906021686,9.837664903678355,2.261087260487635
148,1.1327270829585816,22.073012049594965,11.414596433606997,2.4237094131478294
149,1.1351190471443582,21.980077364173326,11.153270550273303,1.6500034448706475
150,1.1365057762016517,23.13808961133873,11.114202050380447,4.68607557729971
151,1.1358973570969189,22.734666798391196,11.405740994588207,1.6104468885702097
152,1.1406638267552331,21.410539622539044,10.456054631834261,1.583981212713304
153,1.1370366418396334,22.197864572382237,11.386282495179287,2.3888193646081115
154,1.1362431791068985,22.793365756632287,12.020597304869508,1.3213857525186636
155,1.1375533373317506,21.34511888474484,11.02121160217006,2.128437464505514
156,1.13724981158467,22.318501405976257,10.490185807251649,2.2165859582808602
157,1.1446462243866293,22.400667214025944,10.819335040392216,3.1528282569409667
158,1.1636682893668928,21.00088389815017,11.420172612033722,1.6006661231298183
204,1.2065902070391412,23.25372786524148,10.271123877030153,1.2100393745794464
205,1.1771909891993293,20.362615281095202,10.21079838355038,3.615114886255637
206,1.1645973680161696,21.971370189164347,10.620640052946381,2.9287892680692194
207,1.1578444641894985,25.317681248639822,10.913371956972291,2.349605975733466
208,1.1678401092521498,23.141383358916062,10.623181150471218,1.8062845430070478
209,1.1559494354379882,26.421280146174393,11.690999391559584,2.0264337353996886
210,1.1621535323656402,24.796026624838916,11.233771073167931,2.325506380751185
211,1.1599559378458264,25.920453695826016,11.53869075482991,2.1741301594966678
212,1.1596311682853624,23.728750704270713,11.06935334264228,1.982341821318023
213,1.1605310163436493,23.148971173158433,11.442439122558172,2.8860883217977324
214,1.1586863434574013,24.77097111894458,11.327791995995858,2.0213388341958836
215,1.1585754798049213,22.427205158354873,9.923821422636902,2.7154612411705092
216,1.1562232725460073,24.18221442377577,11.283509253758304,2.587337452584769
217,1.153010863498205,26.753687258448007,11.176791548696006,6.72259429077862
218,1.1554260972681631,23.410502976303093,10.8672897336972,1.6208044722677193
219,1.1538874143903457,25.79040821365117,11.452474255957965,1.5669475632238574
220,1.1539511233408153,24.729119239104975,11.341946112839052,2.6857040223779345
221,1.1538164836374494,23.960658525423977,10.881580645578872,2.6585934303333625
222,1.1514071652132398,24.694902990218388,10.974447224100537,1.7484442779482905
223,1.146761547889381,25.17717210349643,12.014897907629445,1.6023032860427862
224,1.1419015583643837,25.74664019550263,11.164496636409048,7.994791819977645
225,1.1442154608935953,25.878714654601406,11.53144106842593,2.271438100001409
226,1.144781053116873,25.161900911614225,11.312595424370244,1.4366822836074915
227,1.1417314232820082,26.01240009942569,10.934435397481073,1.3325981743809279
228,1.1406556508089372,23.851567315878274,11.417561021847396,1.5484433570131717
229,1.1378252168088006,25.71174348983499,11.425786034340085,3.672841396675502
230,1.13901224148346,25.615926418373498,11.820562985644964,1.582871919665472
233,1.1329929760802484,22.245764565197362,10.858502900090457,4.578915150776217
234,1.130843400059332,22.091923544940542,10.981538442264938,2.489874487574117
235,1.1317380476190422,22.320290409717515,11.311232191666603,7.1519888536614875
236,1.1302351811175548,21.509008379824216,12.063148351943793,1.5511440972485475
237,1.1306751461362357,23.67429848462085,11.27112591762233,4.035658848478899
238,1.1312970658926307,22.265393837798353,10.673870983162798,2.6231131157102516
239,1.129079649194728,22.36769773254765,11.77096526420675,3.970188783388036
240,1.1298952400123847,21.627032588516833,11.272588672505377,2.28182221457913
241,1.1277741854276133,22.792362568136994,12.039728866693816,1.7281101560696555
242,1.136897234744276,21.5492428389945,10.548569064217379,1.8871786115389635
243,1.1307021874825387,22.4554715548396,11.130276098879039,2.155916973879596
244,1.1337712775845246,20.29182016670532,11.183490610384792,1.1699952166601497
245,1.1306977713912494,23.405463361016135,10.986837336194096,5.300639372002769
246,1.13210955369834,21.10729307987979,11.738256490748501,1.8936719000210336
247,1.1374715156549644,22.87720670293223,9.935321896302014,2.570386211733583
248,1.1319214757785272,22.58983788176362,11.940590148984077,1.4249653140667975
249,1.1350010399349277,22.073070721329362,11.53311914153924,2.117237309259188
250,1.1362487179533962,23.718422335688015,11.368794178680496,4.697740731420243
251,1.137867021833111,23.317722749328063,11.86922119480053,1.7870395054086934
252,1.1394032969891479,21.575664351986436,10.857214662473343,2.063165847672843
253,1.1377570660031069,22.49707452037408,11.632932978242035,2.9484665696641716
254,1.1368264004536839,23.19309210779935,12.062355655584362,2.277555696482755
255,1.138337186831764,21.890731516005022,11.169122060930315,2.158350230535795
256,1.140894847627144,22.285883146868574,11.230875439036254,2.736118873522582
257,1.1364491955096507,22.62688269469708,10.55966931989901,2.349345020049632
258,1.1430293344378437,19.754889582074984,12.232101231039968,2.1605821266375327
259,1.1663535289630598,20.806336296828675,12.62204172377618,2.3024221965555047
303,1.1971750004657953,20.762844404384477,9.558034570773817,0.9238240872075754
304,1.1606003000673255,24.008426431772616,10.821566644342527,4.581360743060658
305,1.1619504478333917,20.6566516845265,10.1307465623197,2.6462545551704695
306,1.1629492173345772,22.564817757747416,10.728404719450637,2.1949243000921785
307,1.157516414598556,25.859794656525224,11.136802426161205,2.1035462586962606
308,1.1648943716139317,23.47718579096279,10.841863253564556,2.5480702100989663
309,1.154884000523204,26.648643742439578,11.807191353021658,1.9360688515850757
310,1.157962426965173,24.836567217891353,11.139153520290069,2.09507869587636
311,1.15574822900886,26.164158952653317,11.170815652071969,1.9751406148052453
312,1.1554472927025377,23.88616779303301,10.632193520147936,1.803951275951764
313,1.1555222273663421,23.30213402143398,11.370727839190748,2.211534332703023
314,1.1543625863892453,24.977472146117528,10.982762154195882,1.9066670677686188
315,1.1551553717680048,22.571779333016035,10.112935517087926,1.9808903333421906
316,1.1523621077668182,24.344861423634278,10.969656320531035,2.142915928699129
317,1.1487014922519143,26.938392067360272,11.108962175313335,5.878106507197311
318,1.1469503418403904,24.235051252219154,11.014399196607014,2.1360987905551068
319,1.1497828106047978,25.79880263665691,11.07513215807304,2.2493357155109894
320,1.1495932831231193,24.28597915010648,11.368363481141493,2.937996358601612
321,1.147968628747697,24.571540340521057,10.460391776222384,1.668579434856952
322,1.146055842211896,24.604083943237637,10.7286354088571,1.262662484613217
323,1.1435034781236444,24.91728026203843,11.409051770821067,1.0972978280886458
324,1.1387496509010449,25.969051494921214,11.419070117866807,7.473133678222877
325,1.1405168350577661,25.948870600836905,11.295825451001791,3.5482197327212326
326,1.1431148883961706,24.900895678955568,11.606684056614252,1.3156050439591154
327,1.1404852280732962,25.984969609260204,10.69324543826432,1.4235865384923951
328,1.137854944258495,23.68285585858638,11.248311248014963,1.2444057388082121
329,1.1344494804617458,25.61772402380244,11.008832594771107,2.879476976641712
330,1.1357490409533757,25.62414094433356,11.520818684822943,1.0649281374789485
333,1.13096168218088,22.05976129234047,10.524991091870092,5.593053466367943
334,1.1286248106385708,22.208118241928837,11.110781261794898,1.2565893061040414
335,1.127883972250949,22.684060648697482,11.182140419025199,4.978639593802209
336,1.1251370145223305,21.262075083162472,12.556074732902607,1.4641262351187436
337,1.1277124712277447,23.8808460806126,11.265931476235208,4.13551022786567
338,1.1298490492340263,22.01892921253235,10.30501067589455,1.7919300602170303
339,1.1269796383444808,23.341919510235087,11.784442474540825,3.2808382880682556
340,1.1279450292906377,21.68874387816431,11.30788557800583,1.5689658590872733
341,1.1277286067650365,22.6861855142902,11.785422141567196,1.6098796241072961
342,1.1315491233318087,21.98444206225411,10.991880585659567,2.0464467008337714
343,1.1283767730148218,22.69421845773077,11.121145307474217,1.353823232722098
344,1.128897686055623,20.783726002865333,11.380103516739275,1.2245900742246671
345,1.1284301214126602,23.492739633226964,11.222247317908357,5.665670306655167
346,1.1292439368150742,21.210525866654702,12.120114787922823,1.6266165113479196
347,1.1338490119336118,22.998737588634928,9.92060383759282,2.1619572744546924
348,1.1305031530878913,22.3417674533207,11.803166048700463,1.309473638418526
349,1.1333080587620719,22.23763461309249,11.50917706284067,1.6600815193794103
350,1.1343381618659427,23.434146563466328,12.143475273060886,5.201666220857768
351,1.1353413754423811,23.05109123106056,11.86329811536585,1.924891852711555
352,1.1368926598850184,21.62226714953769,11.28498187256778,1.9615916480175561
353,1.136648420807932,22.179232125957558,12.021883322134993,2.123695667013681
354,1.135989232320678,23.39980109342615,12.042275254079957,1.705416638176738
355,1.1388160606182816,22.318153210512733,11.340282015860952,1.7956523365597936
356,1.1396214865745082,22.979402288735383,11.258560647223005,2.8656195789767054
357,1.1379364143663262,23.33773884319365,10.752651030979488,2.1277856146537575
358,1.1356066196370582,21.201466346431747,12.478365617353425,1.720600276185257
359,1.1420735455572548,20.41866376707544,11.692267564775152,1.8231305818090218
360,1.1642568809871692,21.684643034184212,10.073792004546236,3.2733946208027573
402,1.1871616191081158,25.415920109916367,11.458545868179346,1.061099722971675
403,1.1533995862965292,20.424491517572978,10.690512265001129,2.1819500842754294
404,1.1394057656639593,24.594341698107332,10.80732627512585,3.8296526516282583
405,1.1496263297598976,20.92511229259951,10.22116402100336,2.056574811353695
406,1.1463334385498873,23.17737396043112,10.635983411897545,2.307397259826917
407,1.1439839611681855,25.926997061035248,11.181544590020597,2.8441589911761356
408,1.150429927542629,23.359243015578144,10.579602571841717,2.2070133898310504
409,1.14298547703132,26.463662183706433,11.38705470888557,2.005304195415031
410,1.1440881045292985,24.968158190858297,11.03997385122932,1.473224510610606
411,1.146128924499422,25.54064478887773,11.132685913870143,2.195929094512793
412,1.1430254420571364,23.368415092434713,10.773860873160498,1.945219845249359
413,1.1410970460376086,22.93376166896634,11.305531695960948,2.016124621220167
414,1.14248343882858,24.333587876820044,11.31095140322628,1.8313002208405385
415,1.142455196370793,21.935603695488044,10.128977022340344,2.0705927128933883
416,1.140928021393749,23.84345039106111,10.59026533608575,2.0468803572932766
417,1.1373120191065391,26.502709172489126,10.687388706230369,3.024975059686198
418,1.1387481507093578,23.571165229605008,10.832967947986507,1.8790391518981961
419,1.137406838293981,25.555901835648946,11.505430593206347,1.1053814611000001
420,1.138353156520495,24.356792356861394,10.590573490027493,2.2034774112762343
421,1.134671250741658,23.82893029339906,10.637863579120294,1.6445275379341178
422,1.1348535157187603,24.634742160842084,10.6923889597445,1.315930008121779
423,1.1328810402712677,24.629154829931483,11.454747207567117,1.3393371059362542
424,1.1253965794320566,26.054562684067914,11.22461859198921,6.761471434793346
425,1.1277920789833158,25.859218314633715,11.386435484846384,2.3356012475810575
426,1.130277822965942,24.689900652515135,11.513268798350435,1.1431538125502418
427,1.130897672158133,25.629489828873428,10.857394988148943,1.6938064861034823
428,1.1265960912669666,23.67849601093804,11.525848345087779,1.0434926304117882
429,1.1230280418243503,25.760681445413052,10.97011424845321,2.48279192671292
430,1.126100731592392,25.718154782782438,11.620967791015188,1.3698247934777215
433,1.119474588695748,21.594512473894905,10.968909944766557,4.309936940460044
434,1.1168708883937954,21.98118621186998,11.293705692798676,1.6993196974855627
435,1.116843783705433,22.589132555812085,11.419167292101353,2.4283557709370287
436,1.1152423607084891,21.432582163179898,12.535770246716123,1.5596343896753282
437,1.114647675091338,24.29788561554307,11.075842557975704,2.062743460884825
438,1.1184705341553913,22.3379031409985,10.845732715737634,2.255205291514476
439,1.1143201506317895,23.407565484218033,11.869064968634548,2.165919810606289
440,1.1157511473002435,21.691892797238516,11.253498995662166,1.7676555451886178
441,1.1170620589042206,22.53728762959364,11.635795544676396,1.636208389797985
442,1.120202973745936,21.945353036509818,10.574894958229555,1.4064830731976077
443,1.1163854434844227,22.419598777077496,11.238688767199495,1.6871905808759615
444,1.1206570860527192,20.866314552253105,11.13047492945373,1.508681734884486
445,1.1175264197070574,23.33864175745189,11.572983459588032,4.214006667713311
446,1.11807499408112,21.415263030236428,11.621882307866446,1.6050447825901948
447,1.1215170371990026,23.45604284421126,10.07941938411272,1.5961232682327695
448,1.1201820217859728,22.275400080314057,11.777449697184535,1.7702919244980884
449,1.1222417903842228,22.13439270332496,11.831501641981195,1.3441101115884149
450,1.123678897528379,23.381700412519947,11.645014495079153,2.9260632842554988
451,1.1250003238322677,22.986924196276338,11.711657302049442,1.8047229784215442
452,1.127276415868469,21.529025955766116,10.810398831016078,1.7443830948061425
453,1.1265068910187503,22.202255864917046,12.029339294799405,2.0577854062716177
454,1.1254237008163221,23.286612531261955,11.981018582432862,1.3208809378092845
455,1.1295338437223537,22.253011534232506,11.22545366993378,1.724758471888268
456,1.1289759392502288,22.799725060104162,11.15954036286078,2.8523503462429396
457,1.1268725358144065,23.56322763457097,11.420897898575786,2.1118548411335474
458,1.123915121692088,21.266498907600685,12.53534573473878,1.5541425062782352
459,1.124816082635773,21.957850479981833,12.220878083834243,1.2235000521434867
460,1.1382304743862015,21.489755203841412,10.431386425524842,2.8994464696027844
461,1.1573073377659078,22.45831748567184,11.330386076799718,1.6172380909707043
501,1.2295991351322644,23.63586698621369,8.333068259892494,0.4940852151466881
502,1.1597355076198572,22.995711565965042,11.5613529735363,2.238355856173206
503,1.1544793436632048,19.797530408129877,10.534769356070562,2.1421581375307257
504,1.1513337429469364,24.4953644421007,11.495895455614304,2.98693801124477
505,1.1627728964384203,21.626063876663892,10.736726563814385,1.9021375284608308
506,1.1610570595961864,23.16479380146297,10.971088927536986,2.2824025172828546
507,1.1576928861417646,26.36175033751407,11.263676978494052,1.5585821243452669
508,1.1664140187149206,23.56385903117092,11.0857090663971,2.841677340877809
509,1.154388891546737,26.848562786082976,11.90423959882563,1.6213426546224998
510,1.1565480826036478,24.934959732755235,11.438306996938586,2.1827331348598
511,1.155306693583259,26.333495098993534,11.570538581672574,1.7175168936360985
512,1.1541905345203958,24.084429680573816,11.31744296681495,1.836038086915511
513,1.1561922398970301,23.340798979678603,11.51586875915184,1.3680018722478902
514,1.1506459642589721,24.865072087464686,12.025154853105192,1.4229250326826384
515,1.153125122280792,22.5327585709268,10.35893293604144,2.1957555350643565
516,1.151605961265688,24.548916142809418,10.959062663300383,2.669327215079987
517,1.146671891282757,27.021232060968156,11.714834178130815,6.8389627866065155
518,1.1465249048673405,23.936249389080473,11.497497424359182,1.146994002303218
519,1.148033610555049,26.047897671210574,11.688754284403894,1.9206918941198419
520,1.147365326796593,24.624962690145587,11.122117345662678,2.044393628609095
521,1.146355708827292,23.86743023998519,11.375098321089766,2.5410932751466024
522,1.1455042424611563,25.154652545501175,11.12906520969096,1.5329699336505915
523,1.1435263024449853,25.030461935795405,11.721901622704205,1.4743473423192168
524,1.138382215908497,26.19927654256985,11.769449283130388,7.233804294157777
525,1.1400287514773975,25.393998047433016,11.823979169110158,3.148316954083648
526,1.1389880228673817,25.435623154668587,11.774178129898027,0.7882568013783448
527,1.14230301071687,25.746669202636426,11.028111750515817,1.6670916001244094
528,1.1362235431276446,23.84243204661361,11.517269624556468,1.5883056136205616
529,1.1331681962240516,25.81048170125646,11.688716286055293,4.4049155831176785
530,1.1357432849299138,25.893861586820726,11.901881876429046,1.258515458265774
533,1.131567086917117,21.918336756373282,10.906049169840514,4.116345817050679
534,1.128363274111185,22.209292988911077,11.201656399706703,1.376722217370904
535,1.1265185857536648,22.798761565738914,11.885397384012046,6.069823338726011
536,1.1253210023063605,21.30217663771558,12.907984918191811,1.0391271960373225
537,1.1264598768409952,24.037451971433015,11.770700794370825,3.2595206204181038
538,1.1277268029270764,22.191663337367064,10.76777697569625,1.6446151028599731
539,1.1268236870621497,23.257243317367447,12.085619942477189,3.6119549734747927
540,1.1293608738488936,21.729185550235055,11.767431804171366,1.4188736958093726
541,1.1278414026278425,22.972942325664395,12.30568911994741,1.6604015984682605
542,1.1328042965687124,22.120369795218302,11.460588929690484,2.3931897441108676
543,1.1275205452374957,22.29245892154697,11.388129469924491,1.222249110933088
544,1.1313866346919141,20.803789440685033,11.588845532625829,1.6000874400600995
545,1.1271801824022358,23.62261388567336,11.590066173149053,6.335302768262847
546,1.129439250482126,21.695706657999864,11.74039153214964,1.5544539723526896
547,1.134108107291968,23.290373909392162,10.611928103054055,1.9487100679099199
548,1.130785057496904,22.66221669400083,11.780955400482942,1.825593005011708
549,1.1325498946146269,22.91013243060077,12.1098427630971,2.3504711589473293
550,1.1327300374219549,24.014600000716424,11.912753923728802,6.182147770078063
551,1.1373864590142568,23.587303477629472,11.734887123696899,1.4695759129172614
552,1.140123947322296,21.69451682911083,11.184188231970126,1.914054703014522
553,1.1376921870100143,22.663683838010243,12.21148642812564,2.7144940114189766
554,1.1394144979584457,23.480562212692202,12.474266076892746,1.6857297336724517
555,1.1406663255369198,22.27949217082976,11.708348837225076,1.675355712324347
556,1.14211325438606,23.09343421132413,11.676163291311484,2.285926635845253
557,1.1405210865039113,23.734730510022136,11.615689631583722,1.6112727652102192
558,1.1405160253494195,21.524326840595137,12.547616042178525,1.8013526881495339
559,1.1401892788037753,21.62282554529035,12.664525702584703,1.5889358797949125
560,1.1441718622233465,21.38837827978764,10.0695295810353,1.9565839706616501
561,1.1468544984123303,20.905651582168897,11.466613752757528,2.088353092053655
562,1.168640140334425,20.79939345028377,11.509412991564073,1.6132529766715522
601,1.1571620124110271,22.2072362683956,10.907583021872684,3.512870171229678
602,1.1475591077492138,23.870781001473947,11.880783832994679,1.9310623577487442
603,1.1526229006410709,21.02473072721451,10.98087228581711,1.3874918990602463
604,1.152232398642828,25.43228325776322,11.818322849171263,5.60816750462977
605,1.1604351782243547,22.227529772744308,10.622164279450374,1.9590038884474985
606,1.161425744827113,23.765500783735476,11.079192221759314,1.65880179458097
607,1.1561344345495486,26.75299786156322,11.361090093264739,2.5075132126967623
608,1.1620094454478966,24.244340555144433,11.15301886386742,1.6711134584433458
609,1.1552945550824287,27.354193901779226,11.698551761252743,1.4394154383271363
610,1.1567275352311652,25.740547717334746,11.433972459235308,1.9718887687770357
611,1.1549291091305718,26.85905142039909,11.780347798041927,1.690784593544396
612,1.1532223157692238,24.683557768800632,11.224971648398277,1.468442558330929
613,1.1515186257475372,23.811876872850213,11.774956103338791,1.772835695658927
614,1.14848981302627,25.69571075910716,11.593151558476512,1.3824630122052068
615,1.1524733697863363,22.992674796585874,10.409908790038891,1.8861626248964778
616,1.148222725635476,24.99397652686996,11.238656505946096,2.283045569479237
617,1.1460039576369634,27.515992288298417,11.11686053099624,5.600291807870441
618,1.1460937509872335,24.241203895327732,11.340992203846058,1.4545941566523948
619,1.1487632671311332,26.571716796608516,11.431132521587749,1.8290562769311611
620,1.1473812389417617,25.088065919513234,11.609716256660974,1.9821932730014444
621,1.1441510520430478,24.28186536097104,11.438731238860314,2.1595679458519927
622,1.1423771901110917,25.62650376905262,11.276190263103016,1.0533775579074813
623,1.141171702393786,25.921400814310356,11.737663805584177,1.2631806366857052
624,1.1361933712499699,26.715970390391234,11.364773364877006,7.834255961906498
625,1.1359171893951485,26.579194249149285,11.875796523284695,2.232854807827172
626,1.1395346891275047,25.903975018803767,11.87265998593792,1.60726076635467
627,1.1391069922964092,26.558468627405976,11.15612256255043,1.317735804393365
628,1.1364463136993752,24.543989632278073,11.267988962427257,1.016170412346141
629,1.133844258816764,26.560071726766427,11.516568164169932,3.493570023704982
630,1.1341683656972892,26.35028550475846,11.678605095124135,1.0370040773360556
633,1.1289856612171763,22.844611389870916,11.3770122235539,6.94114932744116
634,1.1281851325129704,22.622271264394644,11.211065634127404,1.284851489770638
635,1.1250726241998263,23.599207185142582,11.975982457719372,5.064914590894308
636,1.1253788082419864,22.535771230905432,12.652716125346057,1.3437929528131276
637,1.1273396971865255,24.54168436118757,11.780739558188497,4.248449217853323
638,1.1277078720228604,23.16313330631632,10.437979734276928,1.738508236501925
639,1.1260139782873917,23.58585996819502,12.176937457499067,3.427181394643567
640,1.1281658435530086,22.4585187217775,11.54552521349439,1.4509893930637807
641,1.1276049308186005,23.60868240790766,11.655933823760243,1.5301146743185636
642,1.1333201668731954,22.580189216181523,11.0468904021024,1.9746042574123355
643,1.1259323608445098,23.0709543347428,11.637702891009415,1.6308519055829396
644,1.1303855357585972,21.262702144893876,11.670065646086567,1.1850673658530881
645,1.128497490365491,24.35785423377564,11.42040557883479,5.500813056219565
646,1.128500079044226,22.35948603144946,12.177499669954631,1.68270778795974
647,1.1339657642072936,23.761859652050894,10.373592641858083,2.0877879478928714
648,1.1329541436286599,22.952769701651807,11.905497023079228,1.8819634054666856
649,1.1338176619066669,23.298411093849868,12.04773003289843,1.773602098028401
650,1.1351196113983564,24.234406289621468,12.181604776465838,5.601286509390456
651,1.1376273012547207,23.797979907387813,12.045473336110557,1.7885539378369988
652,1.1394548228048378,22.494971338649282,10.84004675659789,1.4848748075011353
653,1.1385482695966809,23.208422941952076,12.284862844041319,1.4424166777063827
654,1.140856377915959,24.296947579937115,12.257120580151362,1.404172569138362
655,1.1422562037671686,23.021941304833003,11.542169021777395,1.2087927792146336
656,1.1442429896704949,23.49806309886598,11.668883203655158,2.9227695544408774
657,1.1416183744595954,24.47399630910666,11.319318058457574,2.0187229267537092
658,1.140333929689045,22.13238264022734,12.85815693124109,1.4434480729283714
659,1.1424446276608973,22.411112875845248,12.258090070518971,1.3707335844324335
660,1.1466241972128948,22.107180405811597,10.57313892151896,1.9307473328825502
661,1.1396124811956094,22.848854809452707,11.883968372561846,1.3688936730781036
662,1.146029111822869,21.223939042852642,11.133246415477585,2.072893222801536
663,1.179673001988777,24.15280034345342,11.486672789109134,1.3423908405265799
700,1.166444717793437,20.06857747064668,10.605113665771,3.1573018564607054
701,1.1478740235903215,21.21666216710728,10.92566950399076,2.9310284058449176
702,1.147733176254458,23.32818561456549,11.652307160920243,1.0181501686320706
703,1.155510052962678,19.957550008871312,10.833146784456515,1.5613277976732454
704,1.1529542366285885,24.873487916658398,11.234960857841061,4.120325917746649
705,1.161923909401959,21.626052733985528,10.775628309172193,2.045598763688216
706,1.1614121523817165,23.036850113323528,11.217385779671565,1.5407066595622172
707,1.1567967188746566,25.956578034727944,11.272791503826122,1.9537291728515527
708,1.1615647652124066,23.934521587488085,11.276417297060268,2.480245924744436
709,1.1515521928101455,26.976345930676928,12.013941932482,1.4112344081236554
710,1.1557910184415652,24.888947061200934,11.235689059817673,2.623404185322928
711,1.1548504199383067,26.337310871868414,11.445737420655764,1.4798875012087485
712,1.1543641111350242,23.73546869735931,10.937287785237606,1.726437790679191
713,1.1544446605791865,23.18422630918769,11.214545928540993,1.3930211636971097
714,1.1513911165876396,24.2720482781627,11.885901969978802,1.8319571562316008
715,1.1496764232126375,22.602493091297898,10.383403744639972,2.030125184615998
716,1.1486747596941265,24.230240960403034,10.990566881488837,1.6581998053089078
717,1.145480815365993,26.67553575822756,11.424124097327844,7.250019519112865
718,1.145150127211533,23.853292774474077,10.922241425565682,1.152208885107848
719,1.1477069377286693,25.628417712610972,11.648605217730825,2.669725039340586
720,1.1458442831357414,24.450656508809843,11.414703741801038,2.1363995745325792
721,1.1465757866747925,23.730491385304134,11.027331828677234,2.676949317261048
722,1.1452171576516637,24.31403835315235,10.75635957862222,1.1891176004762196
723,1.1427988072578859,25.202884361662143,11.969477189694805,1.1954904527542964
724,1.138423251058246,26.052646163354904,11.46596913996152,8.180632044962138
725,1.1407362566885144,25.84848518694096,11.338381400009473,2.516402854972079
726,1.141524686005914,25.128366650934005,11.944745314552538,1.2078987855999073
727,1.138878963297357,25.59910122072726,11.336571882288702,1.3246115272701264
728,1.1376549291791906,23.55257832796179,11.485290810531604,1.3278269103385574
729,1.1352269477036834,25.765928466496124,11.044718925366512,4.392480469026818
730,1.1377712481674895,25.527927702836653,12.153482016658488,1.5803382752942507
733,1.130957128448762,21.986609147998312,11.263876082172107,6.165105182545182
734,1.1308426677427235,21.71946748115916,11.315365871463216,1.5773649616455638
735,1.13147184629946,22.555841533102374,11.613569520833163,5.409385675595747
736,1.1290637412676188,21.702089115537785,12.786362318137012,1.5491628644282285
737,1.1307167390422352,23.917577377563816,11.561790060871841,2.943524158015622
738,1.1306470520841658,22.198394359247708,11.084827336830381,2.0000170348453397
739,1.1279725273663468,23.153639262944516,11.755906537204268,2.802054993780451
740,1.130246534223175,21.559972325168943,11.545204138319614,1.4770600424363498
741,1.1292233717372497,22.923114212453324,11.828029197994615,1.6445372995322047
742,1.1338343981223264,21.96640041091708,11.190662281374674,2.366439423877661
743,1.1312619736807397,22.29126375184303,11.402190916007426,1.3164931133611026
744,1.1313604920195175,20.368374038017002,11.784495540467653,1.3406465312078133
745,1.1302452026739218,23.582386446483213,11.634817182540601,6.84936598247953
746,1.1331588134397912,21.494486531582705,12.02256549448741,1.0595566970606174
747,1.1353036041482578,22.870546189082443,10.523455486700094,1.779633503875284
748,1.1336382150376432,22.09625466636304,11.960430119145288,1.5649314061486383
749,1.1362396376457478,22.28242752737052,12.346053229687637,2.2498583863101658
750,1.1361353759379709,23.491617506433727,11.83010725305839,5.283833734873969
751,1.1382106107556567,23.09600082227583,11.931959761236113,2.126008212288651
752,1.1416062062367152,21.42057985422277,11.106854168408589,1.4684209470007201
753,1.1394820069917546,22.69937965967009,12.22710592505782,2.9003694859799514
754,1.1426641496942385,23.47539694823059,12.47314568473932,1.7961013915494288
755,1.1459601291739268,22.269473744148147,11.106385432698675,1.6267304742550979
756,1.1448680196731322,22.881496303811435,11.382365925235,2.2106627131040795
757,1.1438968432207504,23.992277662788034,11.309816163593386,1.9810514325256512
758,1.1437230027344483,21.44582004604325,12.616975453463823,1.3643227284493982
759,1.1466945648800393,22.02434705423137,12.129811246272855,1.2362914716481366
760,1.1479358715441568,22.020054896353372,10.680903135326187,2.607481866723226
761,1.1450628353460146,22.175847080681216,11.359723177657418,1.4123082316791304
762,1.14131011567443,20.957982420035833,11.435432708751076,2.0581437245889287
763,1.1524407878609646,22.841036090588894,11.32629015472464,2.503027795165164
800,1.1578251836416005,21.048745967459794,10.273032116555065,3.0183635971225513
801,1.1394583243461942,22.27601192450166,10.94169889202724,2.161912025264408
802,1.138878279666403,24.074262043126783,11.539840324947026,1.7736282207498981
803,1.1442336330279368,20.934576238855335,10.884820774528773,1.7041168660703137
804,1.1421727556513404,24.935549241852186,11.420094076144096,2.2182334086257924
805,1.150646851055985,21.78269603646686,10.131751835868107,1.9736106334135175
806,1.1513016762676966,23.38671114858298,10.886124701982542,1.4378452577207173
807,1.1467925900377183,26.039175293605826,11.09198071706381,1.3473811332327705
808,1.152042986693551,23.881326933703004,10.889696740033967,2.5531356270164163
809,1.1423172959992125,27.115921893507604,11.700385324557754,1.6010412234997942
810,1.1450803192694623,25.24177520270376,11.533496088269834,1.2886898170890768
811,1.1452057456041678,26.22585094995746,11.241915451353258,1.5295749093873277
812,1.1427368422826074,23.917560854674697,10.94122258673417,1.2834570363838826
813,1.142711485411466,23.270221137888644,11.035836526988238,1.7683639125749178
814,1.140977977622696,24.78070081205451,11.527401137219755,1.4320179192511564
815,1.1399117796716949,22.535404528396796,10.195414208814432,1.978930849654095
816,1.138954746221051,24.156311349125552,11.033567231310721,2.035855271188482
817,1.134136475903428,27.114287253905534,11.218062994685225,5.307250617379667
818,1.137243321533195,24.013228761731632,10.858980698753566,1.4859092150610076
819,1.1382449057752067,26.031324027656918,11.18719311577159,1.6375399106224517
820,1.135542448338015,24.63938523915331,11.01983245628756,2.9271209346040465
821,1.1352097342661702,23.79815740748165,10.654486952004723,1.6760760840898006
822,1.1334823892715646,25.13747762151667,10.553326103508573,1.2484893873505896
823,1.1351838788416888,25.078550737952792,11.447157558660724,1.3211720032973204
824,1.1279177690816051,26.36746133215519,11.332825465120457,5.213870209976996
825,1.1299421212340657,26.420052065614644,11.512777797239044,3.2511150500620314
826,1.1309132248560396,25.79441547993084,11.524481077459875,1.263793251442597
827,1.1304566423275018,26.196103526890823,11.279296102028724,0.9850289020376721
828,1.1282526871580933,24.05806656937898,11.532399052733375,0.8938169459254636
829,1.1246822949847708,26.214666745010156,11.320233331752119,3.087625625950336
830,1.1285656995065432,25.956585374488466,11.449484403157772,1.0528866414214537
833,1.1223965618036524,22.598129380077413,10.865905995786134,4.699091370046584
834,1.1212597234137722,22.437361555175187,11.633706547286502,1.395387720563741
835,1.1212381251659504,23.28179618217636,11.358344578383981,4.2629423989390585
836,1.1197262018708523,21.735551764807923,12.487951192966193,1.7192936349682126
837,1.121168973685135,24.774513833348664,11.067761840950654,2.829689692111216
838,1.1211857660914821,22.886822085971232,10.978696827482171,1.4037007664911014
839,1.1183374058149893,23.49427276644089,12.102095354570418,2.312524991822551
840,1.1228117301521865,22.172252858473062,11.463431157711002,1.5302670238937222
841,1.1204055619061049,23.266888340799575,11.943802617139772,1.227939008075635
842,1.1262156088175537,22.459824515332866,10.660625544755282,1.269682362722107
843,1.1215029455099548,23.09112660282032,11.304695924562298,1.691727516909031
844,1.123289853179479,21.191620667711398,11.284392990517375,1.2888774882504297
845,1.1203483004963644,24.015461874188293,11.77853163003542,5.803870025746865
846,1.1224967343945584,21.92880322176114,11.880205806637477,1.147701379679503
847,1.1288758717896241,23.262691939077776,10.01663717205165,1.6770982148285836
848,1.1238264192922918,22.660663127110645,11.840724339833496,1.998786415460073
849,1.1281693884578314,22.97126865036239,11.900731157110522,1.2300480815377635
850,1.1255520774367906,24.002102805252278,11.860189786435622,6.311332561759432
851,1.1298120190026242,23.433061586732638,11.840556397906344,1.409468083045996
852,1.1320807659952536,22.10950785292929,10.862899582211211,1.8199648695774349
853,1.1331786648422768,22.711509808291716,11.941829291512258,2.2533898123342664
854,1.1319458418786958,23.76644321165021,12.32865434179166,1.2660737303841785
855,1.1338842955708197,22.616517857873767,11.491528083133908,1.2697860438336326
856,1.1385378154363555,23.10447662164363,11.06538180098434,1.9885962970891222
857,1.135728064995085,23.912541659084717,11.267554291767253,1.9458763314985053
858,1.1357330323406767,22.008947283281167,12.797855824842504,1.829594361290653
859,1.1381491134120825,22.56968165281018,12.4228870707567,1.4033002648194903
860,1.1400495840673281,21.97604263993509,10.329283612456974,1.937605830382819
861,1.1349687995165558,22.89546653331127,11.441152669841362,1.9354858221906597
862,1.1315127427281668,22.14846343297727,11.240877041637232,1.6439435050293192
863,1.1434933853339961,24.424801570464655,11.134045392945943,2.230863736329459
900,1.1565047410845244,21.17124513478252,10.463986012168641,2.5638980831764804
901,1.1368728597114284,21.360634019712744,10.656119384932234,2.586477758498167
902,1.1364469590617394,22.426435975180357,11.373005597958652,1.7789633390749868
903,1.1439324315748873,18.80823707029064,10.354880273600525,1.443090556695862
904,1.1404695322383684,23.020738134900768,10.989510092270484,2.4381288007130038
905,1.1498752196274058,19.63456222785634,10.071987448489688,2.3307480375688248
906,1.149729476037823,21.34941166210936,10.411371573903116,1.2752593349650456
907,1.144542698160068,24.072112886133834,10.64064907727526,1.81061960914184
908,1.1496542879501903,22.177807314700306,10.3890072972034,1.5982605876735767
909,1.1417713665500184,25.405816592747843,11.47289636342722,1.33438465372117
910,1.1448876725885846,23.11401568822106,11.025582055786723,2.2033628577601974
911,1.1439692638998602,24.432817865574805,11.160488163501178,1.5524490315437645
912,1.141336503422697,21.93964937015763,10.735166017297258,1.2659879788815216
913,1.1383777040604752,21.410194969476944,11.126806044094458,1.329029058718803
914,1.1381106329721027,22.641045252731868,11.541189125548149,1.361312655893866
915,1.138875737554611,20.626741214986264,10.283228980366129,1.7944382555185987
916,1.1375212181670173,22.56996045766563,11.091297928944822,2.845905117646399
917,1.1338848289728851,25.351477767567804,11.219957670863387,4.633078505274197
918,1.1344012755718138,22.14028585999808,10.693482138981492,1.4960110774566502
919,1.1360879862753275,24.42385721986026,11.08000702870641,1.3413835792466922
920,1.136520213226338,23.286815262017665,10.529732754511473,1.5104137009434029
921,1.1337549776992772,22.219181370594654,10.9728178919826,1.7573882797465865
922,1.132296591966244,23.1145856223055,10.930672319613084,1.215019101164028
923,1.1325893352799425,23.58269623651922,11.124643834838624,1.591053272606019
924,1.1251673183859368,24.941831470676902,11.081801866906224,5.393314445920485
925,1.1284722334940471,24.420588851707784,11.46541476319382,2.0567445471426913
926,1.129111986292667,24.242080083955056,11.319530821129254,0.939010285851293
927,1.130904289184284,24.505449272042643,10.53033609382253,1.1593148389240013
928,1.1277049070416696,22.885786976489964,10.798436900339816,1.3709237329628186
929,1.1244559595289279,24.495310032963996,11.103814036697601,2.1451409259307606
930,1.1285918959793453,24.49793420691196,10.712184241733134,1.0979536786569992
933,1.1222967015223515,20.792415962204746,10.613957813827373,3.7865599621052195
934,1.1211103392833754,20.515949192726357,11.467164630606042,1.5018884121695049
935,1.1194017815974493,21.514581484045237,11.43428742295172,4.836555075855143
936,1.1189565766059193,20.493921917936788,12.275912123170169,1.2879244198420925
937,1.1207996494835568,22.881392782498388,11.234911115531165,3.6673682413724173
938,1.121378495805706,20.98189806190094,10.709254335046253,1.5123712009203136
939,1.1200190787919324,21.847819670384197,11.376319749463102,2.592897002215086
940,1.1209888767096212,20.536196704197973,11.323953217590141,1.6581927654826771
941,1.1211078015715836,21.781134929272802,11.758497311844021,1.6768921247055446
942,1.1249704749960852,20.636044593691484,10.886167291043188,2.05277103457048
943,1.120701283521802,21.285367786962475,11.31197278715537,0.8094705830459459
944,1.1254260028304204,19.26316247575084,11.201437970868296,1.0122822864964753
945,1.1200287645224605,22.65167953300338,11.331920299716229,4.981476915027464
946,1.1231740393025658,20.340603687272033,11.890195428491701,1.6203477844061926
947,1.1275854185406002,21.818493199196286,9.95833298551742,1.8860971953697792
948,1.1231132079027006,21.106315503522374,11.713985818778827,1.8749100034551167
949,1.1251100120978597,21.454592998921196,11.803743003067973,1.6325791502726346
950,1.1252750107565122,21.89636093257244,12.085833880293366,3.8122707612762814
951,1.128691286309052,22.043619002898268,11.417806677016076,1.3330240618139662
952,1.1318804280817152,20.315552007759454,10.946920402387558,1.640261527059814
953,1.1317953866088137,21.27294718561429,11.468071408501606,1.96227738128055
954,1.1298745710041842,21.99010920012605,12.296616146197067,1.4224464685860383
955,1.1348258905601691,20.74665652708365,11.317789724379494,1.6960425958480543
956,1.1349394086891373,21.89180841633097,10.975563237285824,2.2626586926897416
957,1.1336413212497498,22.401303814711472,11.211827577476646,2.5121101988808303
958,1.134304751897512,20.31248851825395,12.77129787106505,1.695853597977331
959,1.137976328765088,20.17893768327209,11.843674557283471,1.9637954839498106
960,1.141384077317225,20.166622214045205,10.007932957213884,1.8577603323338974
961,1.1338518112516536,21.449183745367936,11.552627715970559,1.6286025574131882
962,1.132962573044219,20.72276670650202,11.288260257258793,1.6861660081771381
963,1.1389751928277183,23.642039165288956,11.503389448054188,2.3145068589733118
1000,1.1587095734030979,21.0330860751678,10.873750894073932,2.403583082578877
1001,1.1368863568181564,21.618383821928393,11.06568512327941,2.56626288458434
1002,1.1385154853683495,22.57721891555304,11.426333260919515,1.2666177109859453
1003,1.1443342067150926,19.284001068511607,10.579671938237345,1.7743904876739491
1004,1.1410761662695206,23.54648478416413,11.164090945554745,3.201838923169567
1005,1.1478486626158253,20.3568593326124,10.368746466203755,1.8675501417675926
1006,1.149581049276429,21.51284062908253,10.762516599397781,1.4972583931169283
1007,1.1427161511697164,24.928349269928223,10.944319229588803,1.631163866614571
1008,1.1502240377067892,22.438259330285636,10.514837704121923,1.696095177650198
1009,1.141081423056421,25.705029871145335,11.583418798316512,1.1008880648299537
1010,1.1423081883973278,23.841248192083196,11.249179383765563,2.133862738256008
1011,1.1416163092533227,24.893354982573126,11.200938261976315,1.1845039865274924
1012,1.1420657831317966,22.213973079844482,10.68010007699515,1.375162459620028
1013,1.1392968515983941,21.96322300963978,11.801334335940691,1.775056466540676
1014,1.137518326580798,22.996267474996586,11.457829101028285,2.0925643324281027
1015,1.1388423198842315,20.74943271784282,10.386210462111547,2.422583896936994
1016,1.138949818385675,22.79815354631258,10.779445835574037,2.329744436916685
1017,1.1346207964586648,25.573213949527076,10.979558624233698,6.774933180488096
1018,1.133888969435587,22.896482397471512,11.012269082634495,1.8874641740104217
1019,1.1366609832792427,24.649799099318315,11.24228973314172,1.9874198799890663
1020,1.1360515743888386,23.881643629135404,11.010992595978868,2.3129865402547747
1021,1.1342686496061491,22.617990383996737,11.086592652515822,1.8386980543992832
1022,1.1336852424095183,23.51395666518082,10.80335891396103,0.9080757246448135
1023,1.1348102184790676,23.657198168250936,11.548150663233354,1.0852554555142209
1024,1.1271169115079505,25.133790707053183,10.764547177379535,6.241570264987225
1025,1.1317299382933288,24.69539810633392,11.13940525428808,1.929245694223662
1026,1.1336597509287596,24.240348885387657,11.426712955192182,1.086419273875198
1027,1.13265833082621,24.983994412739314,10.709235540503151,0.9773583916429271
1028,1.129356183080284,22.845669559238182,11.203125562782542,1.2899439409665123
1029,1.1280719190667108,25.129762180842597,10.63513707749375,2.0614077042931966
1030,1.1276550568125416,24.592175960595483,11.484453123890656,1.0606549818173967
1033,1.125019640057668,21.35291217738927,10.747609556038073,3.8955736720039824
1034,1.1228038265990734,21.005160321413694,11.129941776078718,1.3798735074307407
1035,1.122571835758704,21.448638511448696,11.721672850881827,3.20780576174764
1036,1.1215009705395849,20.35419848064375,12.793530479196546,0.9871431369165804
1037,1.1213617001761156,22.96034934852696,11.636002483939473,3.9661917999101615
1038,1.1216178682686575,21.65788832765746,10.74315009534349,1.7437303313877044
1039,1.1199133318844992,22.461403419559826,11.923405830541153,2.3917357134945156
1040,1.123231096145114,20.95050573587499,11.186740998888775,1.2956355200960026
1041,1.1232043987261704,21.817619178851714,11.71830600368304,1.5575477299404084
1042,1.1281367705215628,21.130599270746057,10.918136640617957,1.9529261910611366
1043,1.1218497906514446,21.385108963364328,11.0636650358468,1.9882337507659358
1044,1.1253434174187786,19.882026195131115,11.377682991072877,0.9505491289919203
1045,1.1231265055087778,22.905936059595973,11.475699929588592,5.461932154541692
1046,1.1233391981855694,20.74289306389918,12.01348989786919,1.3982904403553291
1047,1.1276407170835412,21.97864377192631,10.205081069142237,1.592881652298735
1048,1.1250920415897177,21.491070992208765,11.467794753915914,1.643505900817921
1049,1.1285000678497965,21.065168303164057,11.585821835606858,1.6115026073526133
1050,1.1271949125460556,22.719193943896027,11.408658323822921,2.784053360358019
1051,1.1297602946335368,22.30687670661612,11.779115028489526,1.2951647881290569
1052,1.1343696569764714,20.73834824713852,10.872315625562443,1.2546407637772004
1053,1.1330916705504321,21.461480291079983,12.088196034257928,1.795285809650419
1054,1.1338154839865413,22.21416497824908,12.087361593923688,1.4108352909404855
1055,1.1376951376618964,20.986587725376257,11.629960286920516,1.6438509147589333
1056,1.137637513521445,21.930019454204455,11.067799871910669,2.211779775446899
1057,1.1350971762650452,22.580046305797136,11.168030896803694,1.731754934871505
1058,1.1371634065560554,20.913276431836948,12.798084904759964,1.1923709708563945
1059,1.1394827721161662,20.63466105294616,11.925469281574403,1.5377382359808385
1060,1.1422466385025456,20.735076025031574,10.19702587672037,2.1719939016802634
1061,1.136182532581939,21.670949920022228,11.531938593805446,1.5205497548454392
1062,1.1338800822854385,20.979305849950283,10.988596909800078,1.7249991237325688
1063,1.1440203170419037,23.850869565277794,11.602714763546947,1.5838936198602833
1100,1.161584168521462,21.449161726462435,10.398051516645408,2.391944764379387
1101,1.1396756538354973,22.000129170370027,10.559229878275985,2.0540106228611963
1102,1.1414267640611822,23.395856197164154,11.462685263910512,1.3264050297623193
1103,1.1447077825263992,20.41382344160555,10.712441433263026,1.273123736469474
1104,1.141991290104244,24.685937931900263,11.328532591640693,4.333873839965689
1105,1.1495493602152838,21.65528136490835,10.542034009140393,1.3880749122544969
1106,1.1505417009900738,23.16228141693242,10.523700359090927,1.7270097215852973
1107,1.1459503630483983,26.019045172851015,11.267523515910188,1.6994225349828382
1108,1.1536036592499028,23.63492524049918,10.46648974384405,1.9844298278306098
1109,1.1427857639571988,27.110144416070412,11.382015315189332,1.3781258268400265
1110,1.1448086522504777,24.878620258300426,11.046506055986427,1.396495778109229
1111,1.1431553297885078,26.519016151468048,11.269046214741044,1.398339537103027
1112,1.1415243173717293,24.05510354839578,10.60174640407494,0.9631642052136302
1113,1.1422430506724215,23.050283899786734,11.541253676940965,0.9103513916901596
1114,1.1414117595227173,24.674141509803533,11.424361389133932,1.2953728986473905
1115,1.1413891365779298,22.17617052282572,10.311777951575623,1.761360021319666
1116,1.13841446876688,24.07406086560163,11.207035812823008,2.228424245506666
1117,1.1380000364095706,26.655228608267162,11.005114995535848,6.6662876341372135
1118,1.1376301689918666,23.804154158699884,10.859864711312962,1.4702759391271958
1119,1.1391390281796565,25.664779508891844,11.352065113776657,1.9372531210637827
1120,1.138705139928686,24.578306121184628,11.077185105562908,2.1332722638164583
1121,1.1364834408108324,23.981063609613493,11.228318136305635,2.225884195352762
1122,1.137077873960985,24.789200212352803,10.730146235369787,1.2937119321775108
1123,1.1364991787458099,24.992709683989915,11.424802332539151,1.0220943287097546
1124,1.1307480948891016,26.167679741411096,11.10816789837249,9.877552207252194
1125,1.134226528432297,26.093048957240068,11.435275971105304,2.816334537867786
1126,1.1352606088363626,25.41567605240757,11.58650895503098,1.1825792869703495
1127,1.1332542901894305,26.07863935070574,10.89482889302572,1.2329992203705473
1128,1.1330868424066682,24.181620814689744,11.47250165514203,1.042875551926967
1129,1.1308258885565803,25.835242838014143,10.833498816923084,4.410443042681459
1130,1.1337003365524887,25.9379800408472,11.311691634617427,1.3862538229677122
1133,1.12789800929199,22.378513245145804,10.743310012425537,4.909891305434717
1134,1.1258600184241019,22.471795505982808,11.522973430683438,1.8309579596859784
1135,1.1260734537493404,22.857350343208342,11.570741939729853,7.170960429496673
1136,1.1244134884344854,21.734885498167177,12.369187885731497,0.9763312740866334
1137,1.1239446947560687,24.262376239505375,11.484982675237491,3.906354739403307
1138,1.1258031063258498,22.841565523216744,10.681373161785631,1.8899195288283093
1139,1.1261169554935127,23.418578211115676,11.654715809430098,3.815324820193985
1140,1.1240732584502482,22.418503001607853,11.678868388028675,1.3833357370204402
1141,1.1267616405788898,23.17490873112744,11.521583881045707,1.2017305038620898
1142,1.13134184693446,22.187529392925626,10.842710947425815,1.3082192410964686
1143,1.1256809640257028,22.749239294834755,11.213961545274335,1.8339185063784165
1144,1.1287561994078454,21.222023936740392,11.186964620964337,0.9138046702585364
1145,1.1250157959193474,23.912175071054932,11.560933623686102,5.527090714245275
1146,1.1281620968579542,21.81655269103769,11.748767508755904,1.7134828949277106
1147,1.1335350623442206,23.31833789294391,10.1812091544588,1.739375980836466
1148,1.1283155838465941,22.578238143568804,12.128788216432792,1.7660300444489985
1149,1.1302827006922815,22.61729495322402,11.714402178735194,1.2600709158197252
1150,1.1336706149626392,23.993835813767358,11.54495141109308,5.77951833725795
1151,1.1331302729212753,23.523683818748996,11.671896628898283,1.6184490632332296
1152,1.13654762217506,21.669295778791003,10.879875226282632,1.5455550910369755
1153,1.1357913102843948,22.85265846152919,11.76300476378436,2.058358544697716
1154,1.136053366321717,23.644941747651956,11.993198402976454,1.2285969095818599
1155,1.1382467644977898,22.551505195141747,11.722465236454434,1.7533776384462325
1156,1.1401548564283632,23.098531979360196,11.35836643377446,1.9216507788065573
1157,1.1409788614930163,23.668873197214392,11.237433156888386,1.9231140511028146
1158,1.1388354913567784,21.860754752747077,12.765224148247992,2.252428708227859
1159,1.1428980814605367,22.197223777370755,11.8512405272269,1.525403436183864
1160,1.1462432551459854,21.899911315943267,10.373549030657212,2.3598142506479207
1161,1.1416028775047322,22.62692127582259,11.422892549965761,2.022717622657041
1162,1.1385893321020246,21.86194471881161,11.294872859215667,1.2937965661928406
1163,1.1471040931031973,24.626412555594673,11.558083393242725,1.4990158790195303
1200,1.1639587223611272,21.523151864208987,9.911023420358397,1.952364863933616
1201,1.1410774024842567,22.800786874519748,11.285991246605091,2.36584499234441
1202,1.1402925858438897,24.170385139516704,11.544306137626425,1.3970637814785953
1203,1.1468751122877938,21.101496315480254,11.032244327300864,1.4125215354521665
1204,1.1430002072674588,25.588872430202596,11.40223904021539,3.5335684765615176
1205,1.1517149298610052,22.084749204601902,10.196706866736195,1.4962318756912718
1206,1.1511133358004302,23.425153883583054,10.94306436508822,1.7589456376955217
1207,1.147067374142462,26.735981865591263,10.794612816219326,1.1356985213103263
1208,1.1540670356928149,24.498117750986925,10.46450966697278,1.2441766458935468
1209,1.1441944369931993,27.39597369048069,11.709197027081485,1.115428248064984
1210,1.1470623171223113,25.546290647109682,11.67773811811753,1.6426930515832228
1211,1.1458346088113238,26.685197760818074,11.278708228760237,1.1018657629750288
1212,1.1438003064895583,24.34696988900516,10.866274224389796,1.2758698100222272
1213,1.1438344229692379,23.373510753086066,11.263361944465853,1.6378783005635955
1214,1.1419299181547806,25.270059136793137,11.538985113673556,1.5785613817548867
1215,1.1423443630760832,22.908305211241277,10.168858601203196,2.052423903176975
1216,1.1394266727054496,25.103085867213753,10.92264717492246,2.109977022791556
1217,1.137742527153172,27.668373112224884,10.830892625960566,7.341201343260508
1218,1.1384948532005934,24.296319964714687,10.578231445622713,1.315122210199657
1219,1.1393445251627141,26.612786895029263,11.471445997331815,1.7383461702091985
1220,1.1403960140358835,25.3641668727035,11.218752824674018,1.7214728300192912
1221,1.1393735753564551,24.458427669270172,11.265016239980373,2.643116801990876
1222,1.1400285319450079,25.641530356644367,10.861484638625967,1.6834929010602335
1223,1.1379511946825238,25.45564409346504,11.788803719230597,1.6719549815650252
1224,1.1336730745166466,26.701003870079045,11.39771384454556,9.417723662692847
1225,1.1354786478698644,26.938060553427096,11.256317501067494,3.1400979181022945
1226,1.1366141632450415,26.06373078694749,11.672803583183605,1.2812302572688774
1227,1.1369100688547153,26.841781952818508,10.90777864545534,0.8497529395911129
1228,1.133713305692241,24.82831756088612,11.528957791368324,1.0212797047732383
1229,1.1337203260554287,26.54927547866476,10.790216485789395,2.8969554580051025
1230,1.1356472845828491,26.388962555881378,11.71325908933196,1.3627484393230995
1233,1.1320462457639933,23.051175702125253,10.870015509749472,4.255608956082487
1234,1.130197232512901,22.886168447851855,11.442679942232761,1.7526785990884735
1235,1.129598827737439,23.948386430670347,11.473406164401677,5.4280216274227495
1236,1.1271770736748525,22.534883807160526,12.785824360858996,1.2495889167922312
1237,1.1299189966828798,25.08967711446558,11.430122912700144,3.5090494508076744
1238,1.1301666201189866,23.292107708776264,10.471702398179808,1.2422111876265851
1239,1.1278508635321938,24.081853577867815,11.835013646766043,2.9507269831649885
1240,1.129693579973566,22.898335109807174,11.690285673188118,1.5203014405507378
1241,1.129022891453708,24.031476503591847,11.98342623468102,1.4294207587528927
1242,1.134003737180664,22.83794220699683,10.608916625930746,1.541149586819539
1243,1.1296219016535782,23.56001222674304,11.133055782786672,1.5838310791489192
1244,1.1315464693279178,21.718460244561136,11.555215228910782,1.354032023079392
1245,1.1289474589022666,24.59968682549959,11.165458109463648,5.5036328797415
1246,1.1296097337717752,22.56136934354772,12.151955070472876,1.8164804963089773
1247,1.1334752614828891,23.96212683533247,10.478021150469083,2.653130595358315
1248,1.1313270518418832,23.27053382955398,11.660230443078236,1.8332082636728038
1249,1.1346922926580598,23.15231016894406,11.63968306010799,1.8347284043621948
1250,1.1317865947090588,24.91860863275202,11.886561011028636,5.619074113408955
1251,1.1355575823666502,24.113904006510868,11.575755779260756,1.4992850499169903
1252,1.1395726034396734,22.44173918398227,11.36216974815785,1.4899987436123756
1253,1.1376418639924055,23.570567968438027,12.044075858498067,2.861884023526506
1254,1.1383276134036109,24.081735697872755,12.071592717233363,1.062541819139783
1255,1.1429872312027178,22.955149326896063,10.960067861808334,1.43898683408955
1256,1.1416102714186234,23.9918999694798,11.243204094843751,1.968009826923237
1257,1.1431092197907398,24.47323423106173,11.33567227198747,1.9255019138139309
1258,1.1444449570907047,21.976493684307258,12.775129928596083,1.2647369385745026
1259,1.1451917482029577,22.69586167522707,11.989444984747092,1.387041512401518
1260,1.1490280496098306,22.390228489021524,10.22578109635793,1.4381470983519595
1261,1.1427055264154595,23.179326789106693,11.491374501001864,1.414810682328649
1262,1.1404722639649787,22.57741458652247,11.33501505756522,1.496754654182795
1263,1.1509923138503542,25.197632412604555,11.39687717404187,2.128154257632049
1300,1.1540186137059218,21.50938034773879,10.168218598524813,2.0468135471888207
1301,1.134560052327841,21.905711292155523,10.8445405341852,1.7650816286036564
1302,1.133866909030709,23.2926036622156,11.556065825861982,1.1446005257895804
1303,1.1380559104300876,19.88430334905296,10.762677149364798,1.5492400170448517
1304,1.133215931627845,24.114297759653702,11.09429886601105,2.993605448435242
1305,1.1435353802760895,20.85586465883925,9.97710059247812,1.2660151004165021
1306,1.1425934841192753,22.303622185143542,10.338518160736196,1.4256669641952735
1307,1.137481797975103,24.98402435434867,10.66969354741896,1.5094739491437896
1308,1.1430014953421743,22.829575608288124,10.108504322000709,1.9608914432626008
1309,1.13217751307445,26.12884579092391,11.390783941983385,1.0231509530372185
1310,1.1376567715566168,23.90109445345523,10.811925422103041,1.7878436227564354
1311,1.1354975579554372,25.514613308707773,11.020689210249746,1.0797952808743996
1312,1.1348981693950684,22.70042196279592,10.715387885783912,1.010017778561225
1313,1.1333845279239354,22.783597277161316,11.245263352018423,1.117862018669866
1314,1.1311287967695576,23.87182429765962,11.248242167985232,1.024313292986279
1315,1.1329980389726342,21.45344127969597,9.642324956851576,1.6539221497120054
1316,1.1321577011047181,23.62269312520177,10.790840968716664,1.8166935930041537
1317,1.1316719580166572,25.95898847608914,10.57122226304568,4.308768462494722
1318,1.1296780945179263,22.964041528013684,10.489194684817376,1.149977354384227
1319,1.1316749965590818,25.18624914220437,10.88199197246886,2.3036154011173218
1320,1.1320301256713268,23.9632371852697,10.866433463770463,2.479184589651733
1321,1.1297220039250684,23.473742689867258,10.921241615650446,2.4388824815356127
1322,1.1330125413625822,24.306613790411795,10.42221016103631,1.2418470838268554
1323,1.1294992580305252,24.29086230083159,11.226415295936222,1.2570071481083107
1324,1.1265519768602803,25.2370007858208,10.906080058911066,7.679509023526494
1325,1.1290370279964075,25.18467947928952,11.060276405924867,2.312151960688033
1326,1.1285867295550975,25.086661076122216,11.317482046199599,0.9152416838452082
1327,1.1297242952900632,25.40624931029795,10.419041149318613,0.858401573006989
1328,1.1278969920837096,23.587730578030563,11.080864438844978,1.3446042795762518
1329,1.1230083029901041,25.52807525759774,11.120470382096885,3.17504610538548
1330,1.1272872002979324,25.514108547810483,11.234096043037692,0.9427786991511595
1333,1.1245597331876234,21.83726576829558,10.669186656149101,4.8691678114422965
1334,1.1205052759029075,21.688218260548076,11.374536954958618,1.301101885528066
1335,1.1211146647490886,22.284055964906976,11.476248523543873,5.291213923947265
1336,1.1179199311958024,21.383413233705287,12.388150385720445,1.1616810551067678
1337,1.121361505481797,23.658902696400432,11.205247939457239,2.880942983548372
1338,1.121730639936058,22.0556399244477,10.32367837012488,1.001463413885572
1339,1.1210672836970899,22.601934182057587,11.582552751677449,2.1649413325754256
1340,1.1228370260034852,21.494065434354813,11.12073460051113,1.7611653881276725
1341,1.1197572389056427,22.473707785410102,11.32518686514223,1.3086102461755114
1342,1.124431364080128,21.80661965579565,11.145476704617835,1.4730684295499727
1343,1.1252268936253944,22.044349442656483,10.969101806524767,1.4775825859957892
1344,1.1241260848031323,20.37916716827981,11.317577365433698,1.1642101873542838
1345,1.1219409341800695,22.956454538707778,11.104728433474962,5.21325022823488
1346,1.1227116969784208,20.989432556029254,11.817054360025775,1.2896177844776422
1347,1.1275616117123937,22.674727633437602,9.610296154889857,1.6671180163077686
1348,1.1219227927694473,22.180883767898457,11.88793271038303,1.2357215609397418
1349,1.123982491616377,21.933960148920992,11.926909211098273,1.3676725947284407
1350,1.126390934306736,22.93283960830156,11.666578406155368,4.489287227811886
1351,1.1284429441080728,22.585343641134276,11.428951107949079,1.600466853576758
1352,1.1313483208215027,21.350535759507324,10.676031171061696,1.482285358548882
1353,1.1293873991379628,22.328749677264625,11.709162936259922,1.9306811006821951
1354,1.129473489705803,22.738454732704966,11.791557329067896,1.2550551639350314
1355,1.1333729622585873,21.58048632674886,11.31555974659561,1.5046096047348674
1356,1.1345090798195152,22.064635919538045,11.023611378317264,2.6689390543264695
1357,1.1325465737097953,23.08520667238861,10.86518532599917,2.22116530728551
1358,1.135770776492061,20.778989401616094,12.233202810006096,1.4165615505679872
1359,1.1357195912748614,21.276756284386213,11.788226578243854,1.6727236807009767
1360,1.140404259043409,20.987941579113414,10.314542375071913,2.1371785381699366
1361,1.1347523007420495,21.898097107169853,11.60344504337845,1.3659402167007169
1362,1.132305269903632,21.792510133622784,11.295259848391701,1.232613710862006
1363,1.1428609432971737,24.722071589825436,11.68306089005311,1.4669331641446441
1400,1.170246032129336,19.949538746410923,10.285700245202463,2.03788654024677
1401,1.1478902498045076,21.915615454043277,11.483843650382623,2.135424135895997
1402,1.1469420410518032,24.242276384505537,12.154502840324714,1.6500433067164537
1403,1.150836928943556,21.22502077431582,10.822992777762215,1.2411748436212435
1404,1.1475021653641966,25.355483062788696,11.58713848444436,5.282352140501727
1405,1.154821884819861,22.592935794189827,10.5197327192134,0.9438482330588597
1406,1.1534440141603346,23.599343834648742,11.285743995323772,1.0834319238065409
1407,1.1497917652757481,26.83595802041854,11.379021383012562,1.0827634709796936
1408,1.1550002659601437,24.643164685703724,11.144145828431915,1.6016625053923157
1409,1.1471784351950245,27.853503565209873,11.739710793531355,0.8529627039622292
1410,1.1481769222901823,25.959063011215925,11.927723123746999,2.0044109029679467
1411,1.1480631785544657,26.994567532879397,11.748420576662303,1.3009290090102898
1412,1.1479837510044646,24.705757313658548,11.343638712661106,1.131950421019349
1413,1.1439598729160778,24.168321826114944,12.345628381437036,1.1086113060318616
1414,1.145879179097526,25.557916012215017,11.575312839098302,1.388853524986891
1415,1.1469878636737971,23.25829992819143,10.45875962422044,0.9767988346601149
1416,1.1460634776616385,25.482704489269913,11.492306535195222,1.92705676786965
1417,1.1403620056548054,27.88420645918744,12.1271172536743,5.711385522142808
1418,1.1428888607496537,24.78867345524453,11.139278018316432,0.9317230277959334
1419,1.144708761902118,26.9640757586587,12.121825959866287,2.0139819974037674
1420,1.145569139307267,25.777975851703378,11.287123635205594,3.079284435552492
1421,1.1444988328039036,24.47758883939723,11.824894687933657,2.1748296804610874
1422,1.1442085799383985,25.424488186336717,11.665992581018875,1.3685964681439315
1423,1.1439261329028227,26.33668607926408,12.028223146164716,1.225611143816264
1424,1.1377822427038418,27.10037298369876,11.58006267306069,6.453247250537149
1425,1.1414769593492715,26.989023041295436,11.58654349501915,2.7258766183525323
1426,1.142572356944335,26.669415652477554,12.162185461945842,1.07620078735272
1427,1.1443918495466021,27.175125712413525,11.601256438534465,1.0898045463618744
1428,1.1409987446332157,25.262637818454806,11.681974954139111,1.0919925121248977
1429,1.1384458286643448,26.93553772478529,12.129961725885007,3.8951047690826717
1430,1.1414521399887718,26.771017003515563,12.001510316186495,1.5281172919008517
1433,1.1378935705127835,23.269519650681737,11.629015943038796,4.745919425433972
1434,1.137665280795678,23.5217412498743,11.741554672812466,1.3731176600339734
1435,1.1348343882443197,24.111660242386154,12.16068778769232,5.9535416228184115
1436,1.135328309097715,22.774681152952727,13.213048749324098,1.1671823465984659
1437,1.1357744381489634,25.327669270417427,11.745638762220274,2.7383094428623673
1438,1.136959210498788,23.357996011382703,11.126006806039575,1.1810037984517572
1439,1.134215381157272,23.927081221591305,12.672659998016737,3.1541373929116703
1440,1.1367808024230448,23.41352949573956,11.990477062981265,0.9832284935726695
1441,1.136525691124877,24.293909366955624,12.349309677074453,1.159169714232877
1442,1.1415099370091653,23.218369361037336,11.36197667083707,1.7304596950129019
1443,1.1363881666883617,23.852176344212538,11.855499948678286,1.0741342232402924
1444,1.1398682700084006,22.080928001480274,11.934129260180551,1.2394166219971274
1445,1.1340106737759503,25.24762365709332,11.906491700972023,6.173892079917697
1446,1.1366099218194183,22.93632237894837,12.198273270842224,1.2398575927764774
1447,1.1400879071484429,24.262941181645978,10.605805667398682,1.1754818421510786
1448,1.1361963895771205,23.475661161771203,12.6867866477943,1.4804015792978036
1449,1.140447759174436,23.717532901685278,11.986534333298977,1.1852887492592792
1450,1.1408100748865957,24.837942801828888,12.361667378612205,4.028246700451975
1451,1.1413602676345977,24.487665966120087,12.19812917092291,1.3347720382798922
1452,1.1436565884835221,22.82011786238367,11.803007939268959,0.7400845023584983
1453,1.1446387082806473,23.797939267367358,12.378145502101825,3.1519659740119175
1454,1.1434816676599764,24.306948343050177,12.576793314983776,0.6813317344384369
1455,1.1481633984085122,23.5171325817851,11.943131848929669,1.2646911858282408
1456,1.1502553851870194,23.980965559648713,11.398074764057002,1.1720924107985278
1457,1.1464110582426426,24.867048327719427,12.039006346825545,1.008500395874256
1458,1.1473586756151095,22.56566491662865,12.96608439894806,1.2823962151746957
1459,1.1482855099847773,22.92622590670424,12.752081741665481,0.9112349258277711
1460,1.152109443427611,22.99705275456176,10.541836516157202,1.0493705900901777
1461,1.1486479046573905,23.455198765426566,11.860129016512593,1.0645892862531603
1462,1.148704730693307,22.131721770216412,11.939887038115204,1.1223151877753177
1463,1.1599653446390463,24.027066658037725,12.071303539440473,1.697133704676108
1500,1.1520151225756707,30.134433768524413,10.328469625221608,2.2118592984235637
1501,1.1311238952249434,30.491726312890048,10.780404292793037,2.024382159077016
1502,1.1316846521062376,31.703256130655774,11.188583998640382,1.277703724414058
1503,1.134238654552133,28.8251082162114,10.457223592772731,1.1439279767143717
1504,1.1305329288988966,32.6715361716414,11.136724563130235,3.6010482482510526
1505,1.138237644221511,29.52331882283942,9.935192901925944,1.52823129529756
1506,1.139341718822669,30.782503087325217,10.297444858363761,1.1695868463727714
1507,1.134939144682337,33.727557193426975,10.737166650028621,1.4099299777436494
1508,1.1390034392776498,31.52881018946304,10.416802672800642,2.0803387962866626
1509,1.131504879122287,34.85996628738909,11.299289126466311,1.154760274675121
1510,1.1354563428191906,32.999488134616165,11.031618694266115,1.6867485546014644
1511,1.132558967285975,34.21186968265176,11.116102875332734,0.8758878169919165
1512,1.1345658426488314,31.65927963330019,10.40818502811458,0.9107159400314251
1513,1.1314434627829268,30.87706717633861,11.60162413030762,1.0615217255071878
1514,1.1303605315896492,32.73880833938016,10.883161207883152,1.454591755551594
1515,1.1334728146404764,29.93520231067708,9.765026887452128,1.3288795044446695
1516,1.1317958799665775,32.07581595845489,11.012043324608246,1.6145116994981272
1517,1.1307094199370775,34.81688286039062,10.815777717328771,6.982584581454805
1518,1.1301146865992755,32.14948247990615,10.359677855453352,1.1264160218930144
1519,1.1316408168541696,34.155895096375005,10.685551349422955,2.307624680169526
1520,1.1308048971710694,32.70046914096033,11.11011981573754,1.9537974457821028
1521,1.129935175315899,31.91396681021513,10.469210187432637,1.8827040948995495
1522,1.131943069253981,32.54957711749615,10.487226229459926,1.2170027005639261
1523,1.129742053109127,33.317056124835474,11.015849896303262,1.0561065677852952
1524,1.1236762409338998,34.49676089097524,11.203628579527406,8.555277237652449
1525,1.1287040998958657,33.932848996175146,11.148898779302609,1.9249656631687158
1526,1.1311746421850786,33.51955451340627,11.155818999420548,0.730523434037519
1527,1.1303289928030806,34.37749660672158,10.614135510393893,1.1219721535789686
1528,1.1279416406232134,32.24644078949147,10.647900323445267,1.2883251955013684
1529,1.1258927444115814,34.133741565541925,11.041392317875252,2.7354579551769618
1530,1.128689815188767,34.02255300999525,11.035572711463864,1.0307386403651275
1533,1.1251764914967932,30.698803079477127,10.357818106889443,4.145668596267517
1534,1.1222760875767877,30.969345276231895,10.804480280985922,1.335957766124743
1535,1.1226524338655164,31.60790836445504,11.127631819613581,3.6508720525961764
1536,1.1227915605673429,29.934097069370782,12.014390789778473,1.3833524303635414
1537,1.1234851594151407,32.716906459161386,10.905613476445925,2.2438046836993744
1538,1.1233175334724426,30.933334707282803,10.075556522874454,1.4959264921033315
1539,1.1199226827689175,31.90473180890024,11.336666502769239,3.8325230685997176
1540,1.1236930974979111,30.397896673824164,11.090739538110107,1.0957735696935438
1541,1.1224342615906888,31.378728809301272,11.42008800259977,1.5620785593320834
1542,1.128578397970881,30.415360791016948,10.577040612581225,1.5341073962899816
1543,1.1239445713793532,31.06595148244692,10.671633628056217,1.4992995974482854
1544,1.1255241623510708,29.42679836682977,10.998035571446987,0.9634997111714272
1545,1.1229931989031268,32.155715308140536,10.954918211356643,7.645555211510237
1546,1.1230305307340114,29.93283886676921,11.516270828804684,1.9727311815736575
1547,1.1283210921126388,31.310238038909937,9.812534260104762,2.2373510116228155
1548,1.1253054193066627,30.65369757013307,11.404694473495312,2.1424173300505074
1549,1.125828408339645,30.666696311359033,11.401641193514052,1.6288029626176586
1550,1.1281634652024,31.966695834430247,11.278906683591808,5.55186924430696
1551,1.1283481470040362,31.636483960090164,11.547862454835107,1.3428982098901396
1552,1.1309421679601543,29.942647853789758,10.507074810894762,1.415157975990468
1553,1.1298798305519893,30.857700548474917,11.525188422342522,1.7245931993078012
1554,1.131141775984404,31.28717825043371,12.052302522483922,1.0941046611490468
1555,1.1333409600450766,30.103106477444445,10.955719077100332,1.4612325086578661
1556,1.1368416725379975,30.681753280399946,10.97832895037811,1.5851422481776234
1557,1.1343381695648818,31.67625377565225,10.758102539101818,1.7292592137160683
1558,1.1346614094027614,29.39158001704182,11.9509169831193,1.6192416509079246
1559,1.1343528757040198,29.96190250355659,11.832439952218035,1.0740538752300401
1560,1.1400635962054184,29.392350071659564,9.928861523483857,1.6273269172735159
1561,1.1349979019094731,30.43957591331183,11.65944884821925,1.6165275340516045
1562,1.1300330560580807,30.075656873493624,11.246669592818845,1.4638124080850787
1563,1.1459554080835004,33.12741978782429,11.179715237282949,1.2411664149564976
1600,1.1612331963073026,20.886393641107357,10.380221273368411,2.415775267576445
1601,1.1430075721906492,21.5917527138973,10.53888043079392,2.2004307869436093
1602,1.1414163275497746,22.979526346069832,11.349880156420756,0.8383809094783667
1603,1.1445402943634837,20.032103075560375,10.921270373126166,0.9963459386521786
1604,1.1389988018906652,24.472176522724656,11.412533001779263,3.1877924074579242
1605,1.1465422697645127,21.37419152573685,10.131824655462333,1.4992642682840975
1606,1.1478124284578413,22.504629096067404,10.744265348720061,1.308521239484166
1607,1.1430488313240135,25.55276802894688,10.910943200494735,1.0673891021747728
1608,1.148001656156469,23.605858653273398,10.631511209937607,2.303587829044535
1609,1.1411646034565388,26.517214481247297,11.695765587762422,1.0943694278827223
1610,1.1421336885208366,24.615361601773465,11.774878990696001,1.403498930895125
1611,1.1436886725522557,25.99328551391089,11.411110624953096,1.156089230068282
1612,1.1413884380343364,23.450536432046906,10.754660369407503,0.9909099598077459
1613,1.1417235731589455,23.020740293548997,11.646825170839199,1.459100012348713
1614,1.1403213348919508,24.4129687694276,11.44517360092049,1.8726901342500564
1615,1.1401749575416358,22.194637758319445,10.421810754897098,1.3553300548166642
1616,1.139342285152064,24.2173539179421,11.153462980170199,1.7245561099143198
1617,1.1383454035086515,26.785786177160155,10.762150971450392,7.938942656918624
1618,1.1380961078393161,23.66615020807425,10.867686680162073,1.117012674359676
1619,1.14068045836298,25.796507401944318,11.271551026642337,2.0276613637540915
1620,1.140724547557342,24.359677483928483,11.281163928329413,3.1339317197261947
1621,1.1411936296802287,23.510496389462357,11.10524075822924,1.752423074866405
1622,1.1417091539040305,24.488789745842,11.011093884331682,1.2105446474708605
1623,1.1378477548805113,24.86112089240927,11.391610547560342,1.007905317478032
1624,1.1347328535667978,26.26804528322393,11.045141059878285,9.261024022579104
1625,1.13897784305817,25.821201368611796,11.285095224830561,3.0020022840912164
1626,1.139750668741755,25.277704619693548,11.354848000076554,1.1568252236890946
1627,1.1399152324294848,26.16295727064819,10.976654312342694,0.9817206199985901
1628,1.137937750143249,24.2053192981042,11.274993375780202,1.0833434311333296
1629,1.138990966871689,25.90238889195225,10.946962843472566,4.453942955827786
1630,1.1392023641899702,25.943727571241546,11.634101855778473,1.6991839565070872
1633,1.1356641657291027,22.272511573918752,10.859255910822466,5.377028240093491
1634,1.134504638303325,22.512916003725536,11.779200121317908,1.5742769594195705
1635,1.1336999679889548,23.152436011577453,11.534956148112517,4.484219126638441
1636,1.133426047632734,21.797766305285943,12.677575924682237,1.163658544073647
1637,1.1323688193102084,24.441229476745196,11.230195022432278,3.828346677996484
1638,1.1332723008698307,22.955083849785968,10.628808351060323,1.600935758154575
1639,1.1324744718181592,23.672319253224828,11.778284138374111,3.754123814217318
1640,1.133122476374132,22.368199710210416,11.570090355704187,2.229878304049262
1641,1.133840493013242,23.091417094114185,12.121115515872576,1.320047488528989
1642,1.1391092583782447,22.188383785027163,11.168633411740167,2.130943482602574
1643,1.1325822945745947,22.980604118484187,11.574935843396855,1.7173686391688456
1644,1.1374076329230456,20.83474498982447,11.089057243396097,1.5171433680681414
1645,1.1344448348404887,23.63682769719993,11.177331739228869,7.140233237687281
1646,1.1345551636465392,21.617069011627706,11.864801622775449,1.0845388924524062
1647,1.1376392741689771,22.88630815875073,10.261781684844276,1.7939312192015997
1648,1.1367564400651353,22.444662535630165,11.439423998288355,2.019928547347677
1649,1.1356417194213326,22.608626344426124,12.153823589041513,1.8531784890885419
1650,1.1370810230173818,23.48315645082536,11.408701049809018,5.241258185960258
1651,1.1389659968112618,23.412433843907316,11.487935556977694,2.0238625325202206
1652,1.14056476538861,21.959547888784506,10.735076711352422,1.1565678127543764
1653,1.1398872744312414,22.668899339084405,11.858919767393465,3.1238661555292526
1654,1.1381939418121176,23.335529597833055,12.342564665471752,0.9527221168274573
1655,1.1436235005418416,21.889501261488196,11.540111366162582,1.6189600665924782
1656,1.144551234965511,22.931809227832566,11.577615780985456,2.650853780068854
1657,1.1425733118380486,23.470376478672343,11.144034135888857,1.6763048488922
1658,1.1423329857284992,21.507175599750937,12.742090006278428,1.279723354509584
1659,1.1442594681655736,21.599490007335664,12.51372116339366,1.1699189597423691
1660,1.148169333858071,21.595994210595162,10.570581215224214,1.6625643092777418
1661,1.144553193045313,22.198840092325273,11.624788853657705,1.801553979964441
1662,1.1421326918844614,21.580578413009388,11.382070428700688,2.248287201826882
1663,1.1552617925780657,23.75914927546904,12.035173064271204,1.7947827464357209
1700,1.1518259587329593,23.12170827315457,11.154228563112152,1.6911878202893071
1701,1.1324587412323994,23.724486646608156,10.51908927495073,2.705547817570698
1702,1.1316502246258577,24.9747257807123,11.48115281821119,1.0743220565534424
1703,1.1361447152938622,21.476972049576418,10.138672652846756,1.1404800584171904
1704,1.1327653297966702,25.445343065381497,11.275810695371066,3.084676274614314
1705,1.1388646167952157,22.13331082335832,10.00468120165463,1.2423742105972977
1706,1.1389335621567795,23.91967846825476,10.304670258303492,1.1851378402845132
1707,1.1350157390782805,26.856685604723374,10.937539286125563,1.4363719089225828
1708,1.1398720666322462,24.68538176655275,10.27155026071326,2.147747739566095
1709,1.1303434665784302,27.613277590691986,11.789915860099882,0.9503957799659819
1710,1.134736446986225,25.780584902060767,11.209742025658135,1.8754334095370222
1711,1.1346639962522933,27.127711906273536,11.11243723073923,1.027999116536093
1712,1.1337733456455403,24.67820224994856,10.709018435108632,1.2089562426721698
1713,1.133142528863939,24.352040772582356,11.290259680807202,1.247959759675487
1714,1.1322883194486968,25.44701572441173,11.375531263903602,1.794611469964892
1715,1.1332105913832127,23.277738276531494,9.86596016377602,1.9021776759850064
1716,1.1321272609068802,25.38707353392108,10.783032546262655,2.0791956002184246
1717,1.130990926994002,27.834800802992753,10.541034134258458,5.628794853424396
1718,1.1315247119623768,24.893690236233674,10.584009104248683,1.3097023949819055
1719,1.1346926469067145,27.08292658068947,10.733348583763952,2.309252250879474
1720,1.1355801868040076,25.662472896046435,11.110552232050082,2.515569853307987
1721,1.1325692643830345,24.965311141872608,10.970818610937908,1.7478732379406519
1722,1.1333329515553958,25.965651975219497,10.466028188000495,0.8741987330534413
1723,1.134186025921699,26.08658883810416,11.293574572789229,1.045188111006361
1724,1.1281531735368822,27.253117378140352,11.024706106081032,9.024108236774811
1725,1.13125806437906,27.290431146298403,10.776199545466838,2.263856770167539
1726,1.1340317143273067,26.363580520092047,11.196035877007427,1.1434103565625997
1727,1.1336163897650489,27.088508237608714,10.593734925341792,1.2453134982232865
1728,1.1320662506345767,25.17401905885988,11.147494818842562,1.0057883094148936
1729,1.129006733278837,27.2578351357466,11.209552899952772,2.801427517092345
1730,1.1323664140092182,26.904783110327823,10.818147021977856,0.9982001098570112
1733,1.1294511372050762,23.649623680879237,10.721433126803168,4.962953729507363
1734,1.1279146873145505,23.483180564654017,10.872535460815689,1.8198608864973356
1735,1.1278107455731998,24.388382154589276,11.27478807876119,4.48992301703933
1736,1.1260275827510133,23.161936523269397,12.05253744911268,1.2593423501094565
1737,1.1244449587486913,25.540626512595953,10.929375779018718,3.351077851519121
1738,1.1272349699750992,24.105633513931934,10.635104384503483,1.4587056181374591
1739,1.1253700934294495,24.689183770841847,11.660220704091197,3.3372386666898395
1740,1.1260888344328464,23.56321313747646,11.234710051527378,1.332654130346413
1741,1.1275288104221357,24.336897490193035,11.664973605454714,1.3836757940095037
1742,1.1319384139896884,23.37688473814252,10.662979317066878,1.3690110961692383
1743,1.1264582851306282,24.13708238748001,11.201722283440501,1.1421636344224027
1744,1.1284419337954448,21.966801896545945,11.017554209921752,1.0064938001149206
1745,1.124396950487198,25.238048680109166,11.079400630440041,6.202894555588684
1746,1.125327498300846,23.137357376272366,11.604844496694794,1.4171462688103977
1747,1.1308504705200346,24.542405880988575,9.6122838658076,2.01594850473964
1748,1.1264163138185441,23.493856168349403,12.272840151883361,2.130109297172355
1749,1.1292157912991887,23.634788430161414,11.47480944119726,1.891508255076555
1750,1.128730060005365,24.779462750884992,11.628421613498553,4.0786054902630635
1751,1.130074014923766,24.848855961674012,11.326510847914776,1.8326458127549168
1752,1.1327531085872065,23.007650977288662,10.581533659057586,1.3601586342579552
1753,1.1325765378727568,23.661736851340205,11.655960398824037,1.7991044633874644
1754,1.1326520480437923,24.462063383529337,11.707969607109664,1.3532916820924057
1755,1.1345730118691943,23.21801489611068,11.571056774695137,1.7065185079720468
1756,1.1353875031429497,24.07619907518653,10.85542001940981,2.0991207335880824
1757,1.1342206826984988,24.763101871278366,11.297570787037696,1.8338867400118164
1758,1.134344554469524,22.38490765999433,12.431965878777408,1.9342125940277672
1759,1.1355765562046574,23.21666976233901,11.89448842951978,1.3720328991793866
1760,1.1400222176822448,22.532748140173187,10.283625202203122,2.1093664413721043
1761,1.1367401610965242,23.425360121982923,11.109382839884388,1.464899562412197
1762,1.134191722260321,22.95819112176951,11.318131627573658,1.5675024404360223
1763,1.1450132148372505,25.95701692282126,11.824047559563851,1.4750756075711458
1800,1.157029561959269,21.936619604716466,10.529331293531165,2.2502474352811057
1801,1.1346650445473196,23.06026354174995,10.887962580780483,2.226980501877935
1802,1.1346197882683184,24.610338635334305,11.019935453698094,0.9732743574259708
1803,1.1363845490931466,21.031896143352963,10.552715340696889,1.225888438901176
1804,1.1341156228466305,24.67580205346388,11.25764307528564,4.644621377494659
1805,1.140324279429631,21.9046394543582,10.092006596543422,1.3736816175361541
1806,1.1396924973182676,23.335326880369134,10.40590985905428,1.566902486713512
1807,1.137127476637675,25.824405482183845,11.00774417965469,1.3320263300433235
1808,1.1429642855561464,23.8910546618024,10.305781228901475,1.647008126644529
1809,1.1350689186523324,27.21086740564833,11.334271963882038,1.2462294881672746
1810,1.1386645330177152,25.566029231824682,11.329542509711969,1.3833344598353485
1811,1.1378934515091177,26.782010152262494,11.366165987702765,1.3990157913432195
1812,1.1351440335428091,24.551479600216798,10.733615215152687,1.070355261148192
1813,1.1364041508045823,23.610633106576127,11.709212454339356,1.560338049828611
1814,1.1335777759666499,25.20416394067356,11.238663711793286,1.6421945093379198
1815,1.1360199118541339,22.723301747447252,10.238002634168195,1.4659640804189256
1816,1.1326132028596392,24.894508651655265,11.13082420684479,1.2199286468403856
1817,1.1325724256855934,27.752919421280293,11.062087951224221,5.287440056557739
1818,1.1347890699411927,24.442709437213445,10.567911999454578,0.9224710192589197
1819,1.1369530163944657,26.58650736659362,11.568932235652564,1.8210153125078883
1820,1.1367377320633438,25.371850269638053,11.020324370579996,2.5104734736997547
1821,1.1352459127601713,24.912992673132887,10.805457698865736,2.3221970115971815
1822,1.1374008925853065,25.499704903276008,10.792485803488749,0.9284722743959927
1823,1.1366605969287378,25.66405266887325,11.473309960169846,1.1468871610422684
1824,1.1310581147834067,27.179463726780657,11.118146935703752,8.189517080442302
1825,1.1348482570024123,26.378269519757342,11.337620218528183,3.9357898391757704
1826,1.1371965748170396,25.985938457494594,11.141747633145119,1.686171323252326
1827,1.1373945026062462,26.87996273113226,10.556712634886319,0.9138604529969419
1828,1.1359905654779372,24.930156376250032,11.030576909278228,1.3097272320273916
1829,1.1347131206079473,27.017284535256813,10.754954946419149,3.6989396743339893
1830,1.1353758975545738,26.92237550319732,11.388531974678443,0.8578014452477128
1833,1.1331356651082127,23.470114485541632,10.662766768613562,5.35717277726407
1834,1.130040932163755,23.548567576459686,11.311996485324823,1.727916653946563
1835,1.1306889238552744,23.93946393743565,11.41717908316463,4.457331678584834
1836,1.128931165385634,22.749287713457203,12.30393908930045,1.2991294643697382
1837,1.131779120630361,25.156850226234464,11.312574421337754,3.332298285613894
1838,1.1326596976419123,23.50041837396785,10.415703547032201,1.3057158822902324
1839,1.129208592577166,24.466940460604366,12.06218512088727,2.8576386271915375
1840,1.1318087837300952,22.985933105197006,11.572063190788498,2.115393580987523
1841,1.1291893734890166,23.799633748050443,11.88481780506298,1.3270758017918338
1842,1.1332581126034738,23.00212269483275,10.815885572252279,1.914401582598966
1843,1.1303444475154918,23.550286867662454,11.0736241096688,1.7508853765223562
1844,1.1341298195679257,21.751922397729935,11.07365670460152,0.9753094304975151
1845,1.129641000088015,24.610252519931027,11.362228841841407,5.846895976973133
1846,1.1287213359272532,22.847710291230964,11.677342388606684,1.2815375229513304
1847,1.1336105221375112,23.98430938304206,10.204402877391077,2.2619211867869837
1848,1.1307911087729907,23.34294398929633,11.855728057954309,1.8056169999645815
1849,1.132826242834157,23.234082020880816,11.79561983387893,1.4766680192492727
1850,1.1327832461140748,24.532909880318197,11.832588536382946,5.157530037327646
1851,1.1341429983122828,24.362865892303436,11.20754897037565,1.194545448403161
1852,1.1362891417256806,22.754604746341972,10.731683457767218,0.8789673119512738
1853,1.134672003611336,23.605655105912327,11.754090667621487,2.7722075967743467
1854,1.1310902619143675,24.390993269580143,12.542991254500786,1.523541364295075
1855,1.138573388961532,22.60131796618362,11.318785415955709,0.9860384317946552
1856,1.1389418038089714,23.48039873685741,10.927490260299445,2.273697515137477
1857,1.1355680346843335,24.212754846008366,11.11311590139226,1.2675127697426638
1858,1.137533086140745,22.051769420388418,12.669662973718653,1.430472666640461
1859,1.1400818981895495,22.2157405089321,12.431535979577022,1.882555039072641
1860,1.143970208574694,22.222493407819655,10.293622481124784,2.007529476086491
1861,1.138964920565768,23.040989996560167,11.705488323642514,1.7863684892695335
1862,1.137092551720798,22.41827299954593,11.33739347262033,1.5184619999319828
1863,1.1504054745433692,25.121466009958343,11.721515468263133,1.6888327641153424
1900,1.1514286813061776,20.648747268683483,10.844927638193653,1.3565246253415377
1901,1.12935635708175,21.114557629979515,11.033601029458552,1.7633031222030668
1902,1.1279209583869763,22.408180856251402,11.651505375427922,1.009035327110016
1903,1.1301470750835139,19.000266517377636,10.964375787828155,0.8329044960066166
1904,1.1276128859618493,23.019628888976204,11.41259361302416,2.6787501941768936
1905,1.1334824157249157,20.001262951614063,10.043488789539813,1.879653714149236
1906,1.134345557974818,21.379776219615326,10.493992024713398,1.4567968520798844
1907,1.1303224313289455,24.21232536511796,10.856091267799826,1.0764235478698012
1908,1.134783321798786,22.13088692502139,10.35784955313462,1.8154889684638593
1909,1.126786677106396,25.204677416866645,11.652453828532282,1.1125506101501923
1910,1.1318706670074936,22.977772799447134,11.42594943804741,0.7541346304291444
1911,1.1314074952723676,24.7605117027546,11.462651020059603,1.2372683299629066
1912,1.1304061345390473,21.852797929251523,10.913343871074634,1.2351333074667359
1913,1.1300798356779542,21.620924482103447,10.972113230850733,1.4187423607464453
1914,1.1288412870837223,23.01553477057124,11.431450674407746,1.3564538414289533
1915,1.1293751287677323,20.652088347521538,10.335511913166087,1.9009047108785633
1916,1.1295798123334544,23.038203908433065,10.628250416411769,1.3336460189508943
1917,1.128276791158936,25.368733023718363,10.630940967371679,6.514594364220106
1918,1.128719033273974,22.39991634261626,10.863368404058464,1.0438963954903682
1919,1.1317933089283336,24.58198710973679,10.96820526617344,2.5145329557408465
1920,1.1312203683972493,23.432867931800615,10.79632701881599,2.766161494606416
1921,1.1311407443943322,22.5604828842808,10.712506506987019,2.2041580582402616
1922,1.1317702573248505,23.45794381444215,10.585817409653256,0.8011098171977084
1923,1.1325259374332988,23.712346018177538,11.208714160139573,1.0900705805075566
1924,1.1275105740750977,24.993727849823173,10.833664403378892,6.614955854545319
1925,1.1298835052213871,24.780051336534196,11.072636025886457,1.8319875020855598
1926,1.1310062978504047,24.244410855735595,11.588499021056723,1.3730237251432797
1927,1.1333351719728795,24.905003678497643,10.472194663662789,1.0731232075611403
1928,1.1312827785891326,22.890383541882322,11.10431461435811,1.337942345761033
1929,1.128479088784892,24.859008915024496,10.991394356596482,3.6738682992257368
1930,1.133717636005833,24.537882939834898,11.358517018191641,1.2871678914675935
1933,1.1313246751049888,21.35236402729261,10.460175505708433,3.770469748988052
1934,1.1259437091778595,21.479620422330726,11.084088772566732,0.8898800817110974
1935,1.126677743189321,21.829472569047496,11.082013022746521,5.275118933756186
1936,1.1253255327252714,20.716699847781953,12.215261805537665,2.0423432609169954
1937,1.1261511914760391,23.455376462121453,10.912759280717319,3.976705340675775
1938,1.1286435712602534,21.293189055205097,10.144023674798731,1.5977912807567616
1939,1.124447809609871,22.48412571824611,11.748138096996977,1.8628510527973567
1940,1.1254411936538722,20.999872116080194,10.91710263798195,1.509303489671376
1941,1.1266386665011319,21.957118155370104,11.405969866706142,0.76735489822714
1942,1.1311022103768174,21.018371423798982,10.387310306238033,1.1046991510746162
1943,1.1257203367535273,21.660673261086043,11.114565682750907,1.8379592210456286
1944,1.1278019893795594,19.953733210297447,10.795067388833784,0.8490800606763613
1945,1.1252671094984015,22.616886041607028,10.94650078121115,5.5478279200750995
1946,1.1247235168572047,20.682456759204264,11.858397879067152,1.403759409951416
1947,1.1304123610653323,21.800636681653096,9.606676984413205,2.1027449445101403
1948,1.1240793097911117,21.3708475374674,11.641014635739625,1.7791452091347846
1949,1.1281831549670167,21.588579544572493,11.672099198593008,1.8073044725605645
1950,1.128633129865084,22.37691456252824,11.624812544912958,4.107922303609756
1951,1.1273853374542675,22.371242333575648,11.640368089349932,1.8520407141021356
1952,1.1300522305513148,20.499303119488687,10.414933856699683,1.4709959605141276
1953,1.1297143769469964,21.288429814144198,11.838200659876085,3.2832508917028727
1954,1.1291624465364631,21.99722124848307,12.136540211740487,1.3418387379938834
1955,1.1328708867708532,20.61750753440404,11.367087535728691,1.1207411051489051
1956,1.1320344071104627,21.45334025030778,10.945342186353521,1.3955551367781562
1957,1.1311479435665428,22.029904658034976,11.024062006186655,1.6373401871973112
1958,1.1317610522570423,20.132757437701244,12.878682712301293,1.595671047562061
1959,1.1326317437460052,20.489665460613395,12.224614906514562,1.0834434342769963
1960,1.1374564328829924,20.430515770659692,10.168154013030179,1.9379785661092794
1961,1.1296578880232222,21.503514870854964,11.280439260524355,1.1268835553952454
1962,1.1323343292024362,20.4361275696295,11.30717430253329,1.165395420048566
1963,1.1440014147771775,23.722084980094326,11.685393180738577,1.185476521113721
2000,1.1561398317565,20.495636374217185,10.633613897384539,1.3592704732110044
2001,1.133908482009853,20.508303516222053,11.410060702559983,1.5806041283979215
2002,1.133998129530174,21.96108927641316,11.716928112745384,1.430710645211636
2003,1.138559690045586,18.89647549219532,10.622458074134617,1.085894208836721
2004,1.1353560657862656,23.113892015417825,11.454766512534764,3.8107770886477503
2005,1.1388644905252665,19.758796593800785,10.417002372546964,1.5177792288043386
2006,1.1404067485401719,21.51628110969082,10.848073063112059,1.8015200620807246
2007,1.134061226607825,24.294024317564055,11.252652735481261,1.1385241555431045
2008,1.1403007858382272,22.069680320956714,10.571079720462675,2.1106365316268296
2009,1.134419450814734,25.03887842658662,11.63173993676057,1.2185206227476044
2010,1.1354379678003172,23.555709022248326,11.267610986890764,2.0732507057560383
2011,1.1356977371501988,24.827367954995022,11.414744737278763,1.1405158571555807
2012,1.137567253965908,22.208175789863255,11.05359648373764,1.1166646418134385
2013,1.1362303693380413,21.553221169152447,11.85977942111637,1.3672507658881623
2014,1.1359392999975555,23.200433331557196,11.140604700385262,1.2322828746026375
2015,1.1349553690032734,20.849003431729763,10.169690986600445,1.5658361245219865
2016,1.1347932248109855,22.605238299331084,11.00385672420741,1.819717690107917
2017,1.133422761331584,25.31514178070122,11.363744635830873,6.576573563992579
2018,1.1365192574104255,22.53800300717364,10.558317872862629,1.3601879782438981
2019,1.1376587609128734,24.53274314908673,11.52101770739686,2.4429588306253067
2020,1.1375673862732356,23.529354920044444,11.060322779444274,1.7866194589354278
2021,1.1378432232504252,22.57075662645907,10.819084104838982,2.083365351164583
2022,1.1384793318851048,23.573965981584,10.525750073452128,0.8715602310142259
2023,1.1387396268904655,23.706735874427956,11.56834787667426,1.2824440399055093
2024,1.1346184240686568,24.851522618501132,11.029830791558156,8.26452928936343
2025,1.1370325100640324,24.663354404614214,11.28613853342775,2.514374071680136
2026,1.140343654762579,24.001851433087868,11.310671195161044,0.94770014817279
2027,1.1399960636276087,25.021631503195664,10.84295986439391,1.067975091187848
2028,1.13884772021811,22.952313795596098,11.096175019852996,1.496987193957214
2029,1.1351189272300537,24.88989433198628,10.933667909218533,3.220613726805979
2030,1.1395558775149166,24.980362847108232,11.479058416817235,1.4229073936216488
2033,1.1371790364187528,21.136609772124867,10.604811441365301,3.1406468407615877
2034,1.1324485552385901,21.644730454379566,11.610096880869682,1.0765020368130838
2035,1.1341159931728273,21.95060008143434,11.730630214386034,3.972162032072785
2036,1.1334094147707643,20.69767411810235,12.486180538044934,1.9474733578686863
2037,1.13362134125038,23.41553844669857,11.393969600159588,2.4783348692432274
2038,1.1345568230155874,21.453066669307134,10.488306781688237,1.584786184007942
2039,1.1317231796188156,22.2141980699889,12.228236680477936,3.2188166818899036
2040,1.1349546146865106,20.99602394836307,11.266627443910835,2.0986988999085203
2041,1.132689112221929,22.09180633937818,11.65383103903564,1.431844839231584
2042,1.1386589036997639,20.776189789614417,11.058373550337876,2.325377920220222
2043,1.1315788565892135,21.93469119030997,11.296853952460394,1.5336264854443682
2044,1.1347637768359453,19.768951966420655,10.974788501572018,1.0485046840473278
2045,1.1306161675603692,22.78645178502532,11.404267475571233,7.06264958431777
2046,1.130568491228747,20.99422556705629,11.921672272223486,1.308365246209084
2047,1.135158111863728,22.0165609540532,10.057938632723639,1.9277611818479692
2048,1.13026379623983,21.59327409598039,11.74332545674645,1.9006477979439538
2049,1.1348839513468505,21.464667232893913,11.710494458212702,2.376651077072103
2050,1.1328932217196266,22.313662536995498,11.785212677935924,4.804538110191111
2051,1.1370325021454553,22.149636043234917,11.29098819884697,1.0661704161104255
2052,1.1374080089260257,20.56679581640714,10.980066684881084,1.5607604663665644
2053,1.136090915933928,21.15645040198272,12.106315618073893,2.584708717108447
2054,1.1344142402812467,22.297901792526,12.335153039986626,1.1322558057447638
2055,1.1383738855971304,20.9047378645808,11.173488742003864,1.2470027530547465
2056,1.138901001372106,21.514452669690826,11.131899616804349,2.1804507057485076
2057,1.1373687977375244,22.048353237030334,11.071131724870027,1.818749317609598
2058,1.1358351777043123,19.91299198324765,12.629723728815572,1.074345213144596
2059,1.1384244749017383,20.351272309863784,12.00788901461519,0.756757063495902
2060,1.142621142083023,20.17166970630949,10.068803154118886,1.4288760849489661
2061,1.1362208726917797,21.294714047969578,11.643528704637859,1.262500694391531
2062,1.1372403736179175,20.423880089459004,11.48587411373946,1.7105105419750999
2063,1.1489013183490462,23.10412978204107,11.536223142211009,1.5438364193649516
2100,1.1590445578836204,19.212461125964982,10.639137661402293,2.240236549803648
2101,1.1389851749225763,19.645561664737134,11.165175101407263,2.9169098181126647
2102,1.1360327988885819,21.455672717187028,11.862334770114055,1.3836056052681411
2103,1.141054335357062,18.294867605179466,11.027748782079433,1.203137816745426
2104,1.1363507841541716,22.265765123940017,11.422335409827662,4.949022389882818
2105,1.1418072203364789,19.468058580837056,10.505379044661284,1.6519861850039987
2106,1.141093946756239,20.996522534086296,10.906079471916255,1.311245482693169
2107,1.1385659987924677,23.725042033255395,11.219403207215251,1.2927044858234797
2108,1.1440273149493227,21.72872959062541,10.715808041696897,1.5956448401641015
2109,1.136159976332963,24.570067822167367,11.832773024590956,1.14439347573962
2110,1.1387654313819289,22.94039758960944,11.795539978715846,1.7284291879244966
2111,1.1401337993537783,24.189034416725463,11.221141525443123,1.1585018528101565
2112,1.1377196844744368,21.913972757545356,11.140812226724032,0.836549374903558
2113,1.1369157456251462,21.370333733285737,11.656692117536096,1.3923230616304545
2114,1.1392075997571711,22.801304039069137,11.83842442831074,1.6478978399611925
2115,1.1403374720212207,20.237689024600847,10.535381376181153,1.4528983041281873
2116,1.1382461611419585,22.58870901711583,10.979187587327173,1.9113682949836066
2117,1.1374232507016389,24.94961139222873,11.281505495530855,7.5746692214152995
2118,1.1372004850653914,21.983978022258455,11.168951167132128,1.0688969043795655
2119,1.141280918859362,24.007156305072076,11.378681369454474,1.9847574860743662
2120,1.1421228829835666,23.01087666103446,11.139676301572788,2.4543132938268353
2121,1.1406384328688786,22.08712449183421,11.294703527608405,2.578990616865197
2122,1.1428641267374762,22.97162552067579,11.10377515418492,1.00826289546326
2123,1.141572999653451,23.323016867903462,11.330006932375388,0.9554091761196796
2124,1.1384723366977234,24.444186737166948,11.275435187295415,9.060043767956259
2125,1.141747093359937,24.309664786501926,11.322210667030141,3.670755090584103
2126,1.1432388138683696,23.696822508877634,11.614462289167353,1.0271269794472455
2127,1.1429516232670565,24.78118559783866,10.443300178655756,1.4534335246601942
2128,1.1424586857716004,22.580680966436898,11.036199454008496,1.5627809271955135
2129,1.138688700459647,24.610866885858613,11.38045346970905,4.2519021707253835
2130,1.1446232391330737,24.241083713460228,11.576397719912183,1.4523281878494998
2133,1.1403967793407503,20.87142588131411,11.147454073517494,6.586037068324814
2134,1.139448858429425,20.811145239334117,11.211181769459833,1.248691881891398
2135,1.136455496008278,21.822302140291555,11.386799280558854,4.915346507720341
2136,1.1375866765469413,20.017353827750117,12.672150201128062,1.593445391646728
2137,1.138953315468805,22.86264141010408,11.189780635654108,3.4743682220473278
2138,1.1389828733035203,21.205450004121083,10.685603942031381,1.461895105151513
2139,1.1362507187476771,21.980891590572227,11.890949769310781,2.567093694550382
2140,1.137983809025,20.419079607782965,11.616933077493423,1.754483251981541
2141,1.137344700951945,21.59353386928329,11.906174877475962,1.3409874756850753
2142,1.1418389832107814,20.61625126456979,11.08163643880808,1.51598238573323
2143,1.135878559626588,21.351309213049493,11.48084545845053,1.2357518374210572
2144,1.1383485698499505,19.446164865344667,11.33103523311406,1.493962133960105
2145,1.135947645745593,22.012007126431662,11.439788565199223,6.685231676612906
2146,1.1329496847667078,20.318000004378508,12.008103338201696,1.339649228877172
2147,1.13961214342516,21.35776828478997,10.271775046195655,2.2349583346576614
2148,1.1354971876626128,20.795365921618245,12.368037456564128,1.7855836394398992
2149,1.1370657238016426,20.89809919502717,11.629607834610042,2.090044261972615
2150,1.1372263104860936,21.924266214515328,11.787318721992522,5.0082809731689135
2151,1.1385425391165809,21.514806882918826,11.763493023651144,1.0786835235478567
2152,1.1420322674402124,20.11616106590272,10.894978563587975,1.248154345053148
2153,1.1395217953192098,20.617315775974912,12.035952339997552,2.8222088244553944
2154,1.1374911814817323,21.701193035543092,12.00243795817108,1.1528442836017403
2155,1.1416308293020632,20.37121776905321,11.32122874166534,1.2160024205794056
2156,1.1416616832691844,21.000492213080538,11.142912510052893,2.0923640782638975
2157,1.1393877038352604,21.73298547435196,11.677112881640454,1.8494437064670222
2158,1.1410157477562506,19.241156648454613,12.735448310486625,1.053665811504704
2159,1.1416702019421834,19.827861713112434,12.24451185115166,1.4886493509325103
2160,1.1453120888946828,19.613403551883618,10.485535146483942,1.5684287313657028
2161,1.1405219152746586,20.206969696941897,12.040406425159597,1.0070997903570977
2162,1.1425818279093316,19.412946719410385,11.338168569226337,1.2885058809410288
2163,1.1504837826062833,22.245497779343875,11.587929717985892,1.755046018583782
2200,1.156241533556638,20.147204509843313,9.943729420674364,1.8117635238936123
2201,1.1341239947372541,21.019600852075992,10.904492490428305,2.112049000344363
2202,1.1333451925400906,22.04550919795595,11.966731317880978,1.1861011931885455
2203,1.1348965371369506,19.069658815663452,10.729131953680414,1.1244905515065433
2204,1.1309545349323649,23.28611641232573,11.163545323221602,4.611906691974448
2205,1.1393596084570023,20.16514596181008,9.891901653364172,1.248984796585446
2206,1.1380444365772096,21.61483547172537,10.60907501578645,1.2451812187528593
2207,1.1335838079027698,24.51044001799731,10.67126951366479,1.0147663996850382
2208,1.1406815251322986,22.316598837569607,10.560372960826282,1.9401136211095726
2209,1.1299009123276844,25.364693427467905,12.274299320607257,1.2756622070148875
2210,1.135463054444985,23.456041918981906,11.020545176819013,2.008442139691774
2211,1.1351916226869618,24.935344327673228,11.515531486426493,1.3080326020382094
2212,1.1348253493227223,22.25944765448413,10.881435354226646,1.2212480804808126
2213,1.134797000678189,21.635847524267266,11.82367797059809,1.1622164082147601
2214,1.134683262307652,23.118308854026424,11.239005296802796,1.350328531190221
2215,1.1357451476282185,20.993430526448726,9.980851351132788,1.7395021604457799
2216,1.1339448620137254,23.145676112619608,11.20241881522393,1.7731753530045982
2217,1.1341911282290675,25.830528161538297,10.58584759663105,6.9185142423831065
2218,1.1356959578636883,22.669609968961048,10.714464055880695,1.5754653703668626
2219,1.1382581081947198,24.612789896244788,11.21382704278299,1.444068808722783
2220,1.1382998949670138,23.835684019164137,11.073744067982933,1.587759650865346
2221,1.1363487414372335,23.275801192891397,10.517170544625765,2.1949153320496837
2222,1.1400302801958813,23.65111456576719,10.812032698883185,1.1403275962357502
2223,1.1407173925381182,23.904519401802048,11.30356481984042,1.469753510102375
2224,1.1350448461347342,24.95502275598909,11.117024195331405,6.117032200458687
2225,1.1377371700694372,24.957011102921314,11.033858566950558,3.6526438082904735
2226,1.139953722816293,24.396239747505447,11.375676860911737,1.1265084873991504
2227,1.1415693841226204,24.961905091655446,10.866731034145213,1.1177881529479072
2228,1.140227224719741,23.118024319764608,11.336414420396128,1.4394243941396472
2229,1.1380397976156398,25.2886626236581,10.970595258787238,3.8442201442532005
2230,1.1404123895539204,24.88742168104586,11.066668512280556,1.2717904860910656
2233,1.135036326326305,21.812861830535265,10.768531745150533,3.551396299977696
2234,1.1344996670156158,21.762242850061224,11.56069724343597,1.7554983730206117
2235,1.1357777129787172,22.017157426334308,11.358404012335075,4.294464388185822
2236,1.1340606021505906,21.081469101867714,12.433023843821806,1.6071146323771177
2237,1.1334779136911308,23.41413750581078,11.427369611245014,3.309740577322173
2238,1.1378811595136757,21.769930344876798,10.407397284212246,1.7332696374922045
2239,1.1329938967534594,22.456053754873693,11.53800687141208,3.4696186418345727
2240,1.1346604357534773,21.29464291284128,11.310445766142855,1.8989088872528022
2241,1.1334963524452857,22.12534898734004,11.71690129057988,1.4072751838147362
2242,1.1377401860461036,21.472888958389248,10.511871671141455,1.3709520605477898
2243,1.1325134062996476,22.12934139373618,11.259400124577633,1.4428291323125275
2244,1.1344473053153183,20.426135715249607,11.203953086034378,1.0540955930447329
2245,1.1327980517854288,23.108976318848043,11.121337357629496,5.613446802081262
2246,1.132322643861474,20.974575849395944,11.628940243275002,1.1949210575344673
2247,1.136178882218478,22.246001130414996,9.879151470500238,1.785239358493586
2248,1.131527262528279,21.62878482109157,11.376478904009744,1.4748994239370616
2249,1.1318254553353198,21.66738537887421,11.530826416898032,1.7013094888712303
2250,1.133934316251229,22.690001840635954,11.917683303220702,4.9342386465596935
2251,1.1339853973775724,22.219064787642612,11.958238567961073,1.2703966245211227
2252,1.1373848017563917,20.890287842636496,10.607196318355962,1.1544014717259892
2253,1.1352269111289897,21.470978422716488,11.762630640737255,2.8476049441418603
2254,1.1333256506497316,22.521400261133504,12.211874445362628,1.0567412262782905
2255,1.1349403347089233,21.040752062765716,11.37743042092964,1.7180196821252924
2256,1.1374099169010172,21.549415662562865,11.04403299821474,1.5898360902229933
2257,1.134702804260773,22.519668842024195,10.925785919451412,1.6692609794409448
2258,1.1349282666553933,19.901375621348222,12.96256265578326,1.3031071883878986
2259,1.135503883094204,20.836490914890117,12.276145429906116,1.1864549759118674
2260,1.1396210813545518,20.329804954354596,10.553962458602726,1.9352734481514835
2261,1.13514992439624,21.06834288563046,11.637035477434038,1.1528256991213148
2262,1.1359757372035573,20.597614477891852,11.161682270337998,1.5166146805470377
2263,1.1467173129824078,23.560184995560608,11.53295544158353,1.3189829238164064
2300,1.1519506693916934,21.466035293656354,11.039612687217598,1.685903482845486
2301,1.1310691786737355,21.53154553768619,10.835454163222892,2.192920070009896
2302,1.1312523366274079,23.36695135519762,11.183755860934104,1.1682033998156984
2303,1.132869100438488,19.957431915726286,10.636440763327407,1.2369222274296423
2304,1.1282882770270493,24.077849899813426,11.12699889239226,3.633664305317733
2305,1.1332097643652177,20.757150720365637,10.307229183143512,1.0968710219257032
2306,1.1349440764648435,22.287557267007312,10.485394362865446,1.4697558075834838
2307,1.1299446058505456,25.25648933900063,10.935616116586605,1.3234896915370271
2308,1.1363350796376634,23.133555609122556,10.358991651332598,1.838024475021415
2309,1.1284376566182315,26.055693071157496,11.590384746079785,1.2323085877833124
2310,1.1302506571335789,24.461266375995024,11.330686301872198,1.6039301028228337
2311,1.132532902115911,25.54355918304438,11.241708585724318,1.0877237025046964
2312,1.1312733632330492,23.080638860489756,11.023819891782123,1.0881808645370161
2313,1.1331152298025542,22.48918497919204,11.452251438303463,1.1787920181033595
2314,1.1302478612277522,24.2166648796581,11.268374633797997,1.431622972166326
2315,1.1328149411848953,21.76624807131996,10.031372148721045,1.366013099336963
2316,1.1319778927240514,23.511342516420502,11.14528383545559,1.9378504063062743
2317,1.1310642881758655,26.296838721521134,10.976365127550482,7.200978123079634
2318,1.133857556916799,23.343251445783597,10.607144288323484,1.223744831404759
2319,1.1350217917166412,25.57341447906324,11.42513188120397,2.1053399358487885
2320,1.1353740841681519,24.267822406792238,11.075275578948915,1.6928351305183993
2321,1.1363181698739917,23.738775639429814,10.629906872650515,1.2336493877168948
2322,1.1353703704682914,24.695056587638668,10.536416675133886,1.2994071266136253
2323,1.1361837545309001,25.06957465831965,11.155743037547388,1.3763675516243854
2324,1.1308801263897574,26.115989602155157,10.818620222589814,8.371015597985588
2325,1.1355075180116279,25.60876750620949,11.112909011994589,2.1857541331503807
2326,1.1399556298829783,25.001039551549926,10.973992388006502,0.9287141867634119
2327,1.1390603930509355,25.828299631708422,10.625955635495847,1.551718717403632
2328,1.1379538248627104,23.88213447136121,10.929034186167193,1.0086613631386323
2329,1.135372465229718,25.99012885511157,10.831366937563223,4.561102963870607
2330,1.137882749168929,25.71216606525613,11.465035551628207,1.0339140843600674
2333,1.134778044086507,22.241506032253856,10.680280852940506,3.82674491982636
2334,1.1331614282875648,22.246111349316,11.225764007857006,2.3718299987538716
2335,1.133235856748732,23.12052279255153,11.04665545636896,3.917674994892188
2336,1.1312077003083212,22.092389910021247,12.254701102637014,1.3219835368155364
2337,1.13493964761127,24.131772247790458,10.985229703585738,3.131780154364358
2338,1.1345892307550747,22.45754240221912,10.433425701326913,2.138727635298728
2339,1.129290980734799,23.623525309353965,11.915716594340067,2.7107839116569545
2340,1.1321426914258381,22.212140973500876,11.210163342640495,1.613335080470946
2341,1.132493700888958,23.002818151783778,11.72740817723283,1.6498895490412093
2342,1.137213205960149,21.82791239449525,10.889970298991582,1.7778872186587185
2343,1.1301933491302556,22.715856510569992,11.141645284365481,1.3807161631558698
2344,1.1328403861848966,20.40380020787792,11.20844901176723,1.0403832323183646
2345,1.1291125900276584,23.383405862278604,11.275996952703538,5.365157951122244
2346,1.128501916066771,21.21942255584069,11.760836629520831,1.643734271649254
2347,1.134357187083518,22.642753420046496,9.929595474587854,1.6588398353766842
2348,1.1272559615546216,22.219606170983873,11.841730326424686,1.411208058146598
2349,1.1310044833582271,22.007918932423642,11.646349658427757,1.7789226699284417
2350,1.1282349302371133,23.51242947972531,11.57428011782246,3.338271716633665
2351,1.1306616132081069,23.107452629372823,11.444202218425417,1.0761882512634786
2352,1.1334511615717517,21.46999639169501,10.508758560850362,1.3239851039203037
2353,1.1324620638894416,21.935591663563258,11.901890368867734,2.7624742568117604
2354,1.1287706215101612,23.234836943149,11.93500025213608,0.9052237277282502
2355,1.1327074949498852,21.512101530104633,11.388529518433401,1.5878646086826302
2356,1.1328117143467604,22.40109104937536,11.01580752510897,2.2575531864087255
2357,1.131979258870081,22.881179692160522,10.955981475219321,2.1213930655577924
2358,1.1313425025341683,20.813416366810596,12.553127850891,1.3872370238790956
2359,1.1320681146257556,21.424646022987794,12.247728133759766,1.1160530410566576
2360,1.135212909863591,21.39357314652774,10.305388712063143,2.2157941768751566
2361,1.1316547300087547,21.985423081601734,11.470782835418076,1.7092271695822703
2362,1.1300394552306081,21.488032502242124,11.264444813024037,1.2397908688273636
2363,1.1419594103117026,24.53758264415559,12.11496249324505,2.1994268064535856
2400,1.1619858512913233,20.97969809608462,10.427781044070315,1.9131791811696313
2401,1.1389060798412296,21.819548150168217,10.903493298969046,2.2544646607518515
2402,1.1402345223779637,23.49515876844189,11.434157069741962,1.3972861798220853
2403,1.1400423107376454,20.377998530568007,10.806376348539843,1.5819831589709723
2404,1.1380624373844113,24.651650978591537,11.293269235042084,4.864207148483844
2405,1.14114930910025,21.548916283293657,10.39527518289587,1.1480287066500112
2406,1.1408828792195682,22.885494208150217,11.167029570123267,1.521399683918028
2407,1.1374499923869585,26.01879022459743,11.405675674053082,1.042712236332394
2408,1.1441012701536302,23.91372159852308,10.768030972652502,1.9611390098021366
2409,1.1369768287727964,26.85882748993132,12.136598468651808,1.2471715310044453
2410,1.1392626238118686,24.906917287168362,11.261508222760469,2.2841037854163715
2411,1.1390732238938865,26.31197551017746,11.485995932123565,1.4355589418301644
2412,1.1387559146588517,23.766083688040286,11.209333078685301,1.3622103293272145
2413,1.1401810284660854,23.527003622968696,11.628583533242027,0.8947355883219844
2414,1.1389275235930036,24.73804779357842,11.824682580220792,2.2552625088751026
2415,1.1401586221057411,22.42039625887434,10.414168308435013,1.41853790912121
2416,1.141227891838763,24.551009605759308,11.472422919759147,2.214702173457725
2417,1.1407793445986911,27.0980615727984,11.051735957914198,6.7244843378786
2418,1.1420805716763354,24.02894359401937,11.018718533228993,1.226979262626198
2419,1.1445279754122792,26.038896316672187,11.786613083271599,2.627224792150527
2420,1.14346132588933,25.165300015057777,11.542566248137842,1.7701494536087437
2421,1.14375618917536,24.099037863293304,11.285770254520846,2.470687052389229
2422,1.1451310151922092,24.848462891172122,11.001950088881655,1.2937833043146127
2423,1.143688197307342,25.490558231633738,12.123226004676328,1.3640351409738662
2424,1.1390299618639823,26.746421131529903,11.330608027788692,8.768971665484601
2425,1.1437169339732995,26.27842909159115,11.54352333878134,3.188772015515956
2426,1.1459662033832136,25.944612517679143,11.602065185094794,1.2245927718376701
2427,1.1467058568011597,26.73438007647457,10.935116180704998,0.9813101412369244
2428,1.145106965087323,24.606963280573993,11.54036083961268,1.1508303428949918
2429,1.1432628944453573,26.573682567160887,11.31271723373143,3.982020215508193
2430,1.1457257516415145,26.703983850772822,11.714092336039192,1.6217727150141112
2433,1.143466855807106,22.667552269520513,11.388762597220602,5.2865730640641875
2434,1.142111084951008,23.100526522444024,11.646090248429365,1.227551343497422
2435,1.141565912972415,23.813005568311638,11.527586398027989,3.904991161645706
2436,1.1409261596145686,22.267847246156528,12.68589230998523,1.529230728333879
2437,1.1424409097991988,25.212370718488334,11.112732205541358,3.236748101621254
2438,1.145124693461881,22.815476100364908,10.783914340658292,2.0813261465377564
2439,1.1428319283410182,24.23866180540064,12.166802553123501,2.685769126604738
2440,1.1396511691231823,22.680905173872002,11.618441127231428,1.4308772064125475
2441,1.1409126457666903,23.884041502829692,11.998428581779297,1.4426594683046228
2442,1.1441017766816683,23.001314868765594,11.063786871682687,1.5842690365146053
2443,1.1372460111886362,23.706228573218862,11.321497360970124,1.442937140253859
2444,1.1402247075154917,21.36943681013045,11.410016593252083,1.0392666102765804
2445,1.1373309875636903,23.976028829312245,11.660693917732198,6.602967428083658
2446,1.1382996933375096,22.726236281857055,11.504911937678349,1.555093361872641
2447,1.1407760838360324,23.514417901098795,10.228266379671476,2.229209207970362
2448,1.136435743548122,22.81425120110365,12.065110823326485,2.1343539229190682
2449,1.1392309809194845,22.598333901792945,12.07319742858364,2.2548368201273603
2450,1.1387190951053736,23.930502211229214,12.042811154396336,6.325753512420383
2451,1.137176346383523,23.911338460161947,12.219317638206272,1.387509078211586
2452,1.1400806109473987,22.25378381631636,11.070352212904334,1.4322058383277496
2453,1.139336226837835,23.113017079816554,12.333065405057988,1.6833620993293292
2454,1.1388368549916812,23.662944424272695,11.928689178136475,1.3517586406082083
2455,1.141211890489376,22.453400044276478,11.746702895120134,1.2938195090688798
2456,1.1419246944072694,23.135680864458873,11.522028462103721,2.0045068974016336
2457,1.1390240550557331,23.533457936529608,11.423534978962621,1.1906675021335484
2458,1.1382681428372388,21.28797218419608,12.841298004032813,1.966885845798772
2459,1.1397279572680237,21.754360085400464,12.440856303451636,1.3394894553259746
2460,1.1435077353804954,21.728688986318378,10.592601333538264,1.545886735247503
2461,1.1396214857248226,22.569314292506483,11.817248834902875,1.5155700860268346
2462,1.1402342637230103,21.837361262348498,11.634713849808929,1.4325549740148997
2463,1.1508816078804376,23.937820812622647,11.655693034522285,1.5418481554115315
2500,1.1566317178622199,21.015026811869323,10.219052507409074,1.8287456375841222
2501,1.1332829401760538,21.108973889658255,10.884074779169255,2.0326591007244725
2502,1.130384371108444,22.688697528829266,11.552935216205574,0.994876484572773
2503,1.1347216165250893,19.284011414948992,10.470830908669894,0.9102902119968886
2504,1.1287299931017372,23.59657917202393,11.228474627890835,3.5921751833637634
2505,1.1352107851157662,20.15978300860407,10.273034325736853,1.1840616931547558
2506,1.1357881758448838,21.622379833559847,10.987797780693848,1.1988684856105514
2507,1.1311883267498408,24.412811855272704,10.862199114850789,1.1227606379239565
2508,1.13526233252877,22.816584049930064,10.487887490393351,1.8562095316235856
2509,1.128553035722008,25.49622475999078,11.843466333641796,0.7513219360531659
2510,1.133034230824284,23.663285208699413,11.360426210264334,1.732445897469998
2511,1.129857161843118,25.312460730421577,11.543860979998682,0.940168020541867
2512,1.1341193254518693,22.704036648586246,11.14023807488638,1.6155063458589454
2513,1.1319311313513243,21.798710683032958,11.457665661150832,1.1179125789582243
2514,1.1323785614646427,23.532107317343065,11.390914861176203,1.112490535300312
2515,1.134945717763308,21.045523749289064,9.9130741772481,1.5492163139449375
2516,1.1337004137548439,23.317959471283686,10.822995246766896,2.197563258364732
2517,1.1336745822390086,25.570302709947864,11.292432858748102,6.074081233249537
2518,1.135239650657285,22.70144838600538,10.531637130462064,0.9348361333193991
2519,1.1365788840927629,24.82426802251702,11.277332387959815,2.202784583311791
2520,1.134090610773987,23.955540057509577,10.920844948001365,2.102039570093412
2521,1.1365456252284305,23.028052687535244,10.974202353255723,1.6327204623631237
2522,1.137954429487285,24.069762897988358,10.411130452182157,1.41295763757619
2523,1.1368700498225108,24.295652444303638,11.257323847461901,0.8573821032132897
2524,1.1346661335255286,25.50432737057787,10.763304525109923,7.129613327232131
2525,1.1371527816692555,25.20386841634273,11.31931486329222,2.7425078353851977
2526,1.1399528101219807,24.91018545799657,11.02963295589537,0.7390459997143745
2527,1.1404300485676042,25.400408772620214,10.671923951989115,1.1406306369155153
2528,1.1381874838131458,23.139431424564233,11.06855767406969,1.4431926090375753
2529,1.1365392565223116,25.451006153182345,10.961222689559886,4.227890182615443
2530,1.140020041734617,25.37460174294696,10.910609607707391,1.594192828123685
2533,1.1357106134403034,21.92072825061981,11.02021376602088,3.877315309257306
2534,1.1363071351985579,21.929770535307384,11.223551027199843,1.9205458544154093
2535,1.1356392641718798,22.449712441423525,11.555536519420176,4.243604027587812
2536,1.1331566739441803,21.255901427529327,12.136872195574341,1.4885668266598642
2537,1.1345624224554123,24.275875387791277,11.2616581800758,2.8256979530091644
2538,1.1364911812515328,22.205634583345645,10.483129850124833,1.8619180897434675
2539,1.1330289412494052,22.903664175212004,11.740926453776353,2.55997290816823
2540,1.1355871808229874,21.758159410177324,11.46770199528407,1.869619334244655
2541,1.134548070933093,22.726349380331957,11.490636681757833,1.2077223287250016
2542,1.1361583251613137,21.982618024729824,10.876511300086372,1.73531960699984
2543,1.133629296367009,21.99687683400386,11.031523313822442,1.664883004883165
2544,1.1352820668245585,20.18541492676156,10.868167204376308,1.4173447595096242
2545,1.1302605321205252,23.398111739920584,11.387185313130702,6.7772056784016215
2546,1.1325856423331107,21.326400692755946,11.521353445439363,1.0908990477165552
2547,1.1356111536585036,22.47192589328506,10.02612132345917,2.484906100291266
2548,1.1301478092098396,21.502398573369515,11.667851203309223,1.6660360478883218
2549,1.1315884304247428,21.66355525618336,11.972721937245405,1.2637145724941916
2550,1.130282414364076,22.771836742773996,11.745795425607158,3.2114955794332594
2551,1.1318109986665332,22.30416434913835,11.717475308659079,1.616015783623303
2552,1.1323477820683316,20.97675603378325,10.541803528162905,1.2354510784723853
2553,1.1298270636640377,21.743860549136436,12.015061101438905,2.6232690169337243
2554,1.1317518355098886,22.540954454323465,12.369361553474047,1.1921504887364835
2555,1.1319896544447077,21.300823602568205,11.484512435676866,1.613517129239037
2556,1.1343819050747816,22.023935133357913,11.113353636141428,2.0460948398969347
2557,1.1310471709176995,22.85016534856379,11.3369753338033,1.708065436038863
2558,1.128426169845639,20.40865620505121,12.936714492127491,1.2225201668172343
2559,1.1317589240070531,20.754742543877477,12.328616001754936,1.1430256140803412
2560,1.1345039570885693,20.65568702707701,10.312193383115067,1.7437559086409324
2561,1.1307072399592295,21.697818422189222,11.9700560541986,1.1418783645758381
2562,1.1307149193053354,21.09623384457817,11.39476659120757,1.1361041032473198
2563,1.1415317405174554,23.610401441788895,11.671625534211138,1.4964531349552286
2600,1.1574443434943462,19.028092945772663,10.230911808004581,1.8528382355489579
2601,1.1357781573898635,19.525973848935074,11.216815104168756,2.2836223827210937
2602,1.1344801778942644,21.02356715821358,11.709984856348603,1.0912311820892653
2603,1.135362803482453,17.78466498399453,10.757103644851401,1.556667666230045
2604,1.131090272773031,21.879497858022418,11.793765426810573,5.040690793609202
2605,1.1355633626241477,19.403287111840452,10.233964316538131,1.2929123091818513
2606,1.138765363576865,20.456328821849425,10.910772755384922,1.4307646568822443
2607,1.1330035154755673,23.061903098530088,11.425711219754035,1.0856951805688415
2608,1.1401476316285144,21.1010568009023,10.477318963821702,1.55742170790598
2609,1.1323455671705882,24.08449458248211,11.991234645322706,1.1539347070727435
2610,1.1362798557239622,21.982472258257275,11.734134717940238,1.8208442340452669
2611,1.1350533265969593,23.659390304656196,11.527123327867601,0.7909995339147305
2612,1.1362930002863905,21.148201318234207,11.023256886120786,1.2514319117174255
2613,1.1346764052358198,20.629206997332517,11.848107021719224,1.1547815122441283
2614,1.1358698830120395,22.420856854337032,11.363561276961518,1.5815796967748383
2615,1.136420508215126,19.94325149506456,10.203485091957129,1.737308197236904
2616,1.136400358422783,21.955266602086844,11.032199972304076,2.6215390177390656
2617,1.1366492253263012,24.66354035835678,11.041102359099742,9.079276663489638
2618,1.135698320516601,21.640352183921607,11.3162880813759,1.1289020591005479
2619,1.1397257647057393,23.71435665562808,11.269502958446207,2.281203156375118
2620,1.1393204675542827,22.51492279394048,11.31599379571993,1.9939786433714373
2621,1.1385421691585689,21.463585047740303,11.126096804063046,2.0376455405221456
2622,1.1398061045743968,22.831295140348654,11.080130396873027,1.6087372869422703
2623,1.1413395938755984,23.027945205286255,11.402281650411508,1.3376634105314542
2624,1.136482185797918,24.405338211622944,11.227112310519294,9.691866913432515
2625,1.1405242941739449,23.84241412317521,11.131705253368947,3.5505243017989336
2626,1.1414773865477268,23.218117160092525,11.44251308287926,0.9485455889006496
2627,1.143006561607318,23.941088474276334,11.073634788469233,1.4252417015101375
2628,1.1422406079448528,21.960455875678697,11.360025717817253,1.2430082548230987
2629,1.1394718909835277,24.184747695339464,10.997031996695632,3.879545640730728
2630,1.1425957331227585,23.926800716019986,11.72030257258078,1.3193263666649528
2633,1.139643847222911,20.516861255456305,11.04801842090448,4.605622541115176
2634,1.1366728866598845,20.527951840275524,11.54012913357643,1.2756215089102452
2635,1.1374145187958191,21.253876177733847,11.546974513498162,5.542488921675739
2636,1.1365265702163325,19.875448182399843,12.572194173728942,1.0975943470502687
2637,1.139749248858953,22.580411250582735,11.194106497484555,3.7371879478654644
2638,1.1401077152782157,20.970265382494595,10.82059761501402,1.42341242017094
2639,1.1354230009486213,21.744486369225157,11.427767394682851,2.627898678830044
2640,1.1400898027090705,20.458213224926848,11.520477671005924,1.27378009193516
2641,1.1389184991281676,21.615169645376483,11.95622592768581,1.187202030564783
2642,1.1413840860110869,20.324680002336528,11.02783179831611,1.9292201822005224
2643,1.1370695510495286,20.929438122354316,11.357122284563394,1.326463270328551
2644,1.1382051936368598,19.033067934372337,11.617640625248818,1.4315626983918261
2645,1.133616437702895,21.5460291216428,11.696323945094576,7.028118650491549
2646,1.134771628162929,19.886604191291944,12.140200547430563,1.172972112692493
2647,1.1387700245337482,21.101289232628904,10.5312361549567,2.291171688841144
2648,1.1325038859812933,20.29105790642498,11.77195818974678,1.5745373958000006
2649,1.1351491934160451,20.53057965236866,11.577815553612734,1.8932153159176284
2650,1.1316790427330343,21.630522306637907,11.567311588806518,4.219382434417321
2651,1.1338791484910582,20.980826432262063,11.677497033454392,1.9283872407490128
2652,1.136341874132063,19.489482162539908,11.085244272114961,1.6695734006835536
2653,1.1345161100706929,20.454286146857314,12.271124137281427,2.0824101298608637
2654,1.1319633210782163,21.228404850502475,12.53034959291275,1.5227880822620883
2655,1.13503715127605,19.838396368198733,11.558127894853655,1.5444551960288264
2656,1.13497181100246,20.345428021253834,11.280971800333141,1.6208855295592337
2657,1.1340059836763006,21.14108474334487,11.410195204378969,1.6931386655296652
2658,1.133480292977446,18.812134622202226,12.718255115479362,1.6141893433065373
2659,1.1325733989071256,19.42335002472161,12.487934217661333,1.1107444779221187
2660,1.1380790399841416,19.187673312236868,10.330920047452487,1.4151941696774877
2661,1.1327872991230874,20.16023111956268,11.825556847914411,1.5653181827140126
2662,1.1322082896266918,19.128370231064796,11.61014305800296,1.1485187845506744
2663,1.143055205112024,21.877873277162415,11.924455509697928,1.7905309630773278
2700,1.1556537532413234,21.396397834660696,10.926277860700354,1.9090128100072379
2701,1.1336602116700398,20.92136980785634,10.867788776789915,1.9035401528534048
2702,1.1332295650192101,22.23423595437057,11.85206658290487,1.1148284924671557
2703,1.1369127644468633,18.856631960971082,10.514851425537394,1.079903246574806
2704,1.1325120162029405,23.339055322614225,11.134620118837514,3.0878823663211135
2705,1.1369608737477899,20.267226100299233,10.17047815550763,1.4510440053431428
2706,1.1367784531592142,21.636125138597713,10.879925936145693,1.5343871742272148
2707,1.1348103361107238,24.13078665504713,11.260906185233125,1.2199131747217447
2708,1.1381625185030713,22.25529999410968,10.587005439920814,2.0124105274627895
2709,1.1316263033924647,25.586052535772442,11.978629340779246,0.9885173375693791
2710,1.134991675454149,23.381578589181558,11.677850161331277,1.4396304907384672
2711,1.1341213399462282,25.03259382267506,11.533856858215927,1.4462590697135658
2712,1.1351406016513665,22.278875603660126,10.897013718204885,1.3308164997831835
2713,1.136038071801873,21.758829388824367,11.464300748574969,1.0197811675341029
2714,1.1362461225511749,23.094348446861865,11.686709312956358,1.726242412398801
2715,1.134275102628649,20.857377638228265,10.28149475161002,1.6053251869585468
2716,1.1369443869643217,23.11824452481602,11.253214866170334,1.852507672389035
2717,1.1347330050695583,25.175062874741965,11.737321518352674,7.738158931442406
2718,1.1361129479120955,22.86247697167983,11.083020567858545,1.2952570546995001
2719,1.1358978386236938,24.927117676043938,11.683904205694189,1.4205085380419724
2720,1.1385803475382774,23.583287306759036,11.190255742687263,1.5666842296506853
2721,1.1399212247138872,22.947793524830033,10.962385312874323,1.574214952199471
2722,1.14154378174562,23.639653278455384,10.909920176702144,1.1336147206554987
2723,1.1387057886471594,24.128853057993666,11.478234950868131,1.1369506159232143
2724,1.1369201311331305,25.195550309030455,11.414451212658626,8.497940605690424
2725,1.139741872875859,24.939810845326882,11.506667426650345,3.2951230553549946
2726,1.1416541850146333,24.371639553644794,11.667211631652252,0.9530367003369957
2727,1.1415218368209572,25.13976531627168,10.799071700852322,1.293768365711027
2728,1.1408931105594733,23.15193535258093,11.333048190873173,1.8105244831383895
2729,1.1382439483226112,25.274524545956293,11.191437343556041,3.055492269994571
2730,1.1404924156322311,25.106256436853542,11.766711701990857,1.3105469284971885
2733,1.1393102370144423,21.733730077292517,10.886320692687953,3.6246135963988118
2734,1.1357615443959463,21.7489006241913,11.418729978837971,1.641955040881587
2735,1.1365765258725633,22.760436248604854,11.427335378387326,5.709586407669692
2736,1.1366856511926684,21.05056267535077,12.46002549807157,1.1382852599272255
2737,1.1373519213382879,23.6593946449678,11.357290788155705,3.706408134633054
2738,1.1383885428874747,21.72796480217585,10.575188747474952,1.751663655360233
2739,1.135016716996972,22.76593362837059,11.819462594702701,3.334913328545509
2740,1.1371301248281218,21.48819426054825,11.667605916774972,1.752467216921564
2741,1.1372171028923437,22.534210780657,11.966874125250678,1.2983035703982613
2742,1.1422539027769205,21.0882565349567,10.855595072008924,1.5226045538135897
2743,1.1365878935182145,21.621787234514578,11.274418545545103,1.0333662068615297
2744,1.136399775916632,20.07571875941992,11.434065041993533,1.3951332341975586
2745,1.1326836615949036,22.936229213969646,11.370082982494154,5.897444203061867
2746,1.1325702129415074,20.924960002881026,11.834788379813455,1.2373128909077604
2747,1.1367024183869725,21.993234359316595,10.369632400883988,1.770983785529347
2748,1.1317003487337791,21.80792560590186,11.90696951301859,1.8569307291171815
2749,1.134034759040649,21.551961405231317,12.02142325370739,1.8516049222016076
2750,1.1321219868352972,22.67163984036148,11.82218114309419,5.293425363714754
2751,1.1323956107575894,22.35869453068077,11.57901215177956,2.2566352450391602
2752,1.1335316982992734,20.42070928715778,11.279582862703156,1.4345628459224884
2753,1.1321205750268435,21.459997882842313,12.33555911423044,1.3175993762480178
2754,1.131301403050937,21.934929590968196,12.71574080599032,1.0875579124131416
2755,1.1323511359535623,21.020854075351114,11.455709734577628,1.607953283434463
2756,1.1346230312099719,21.45223877375835,11.27716887608408,2.0059250094452814
2757,1.130787824664345,22.085853973274833,11.517620858948531,1.6411393318218128
2758,1.1304370278872722,20.08371104461189,12.865643710791664,1.3945451114707914
2759,1.1322367375082523,20.467965131535017,12.333444600845215,1.1108511796885594
2760,1.134594524849676,20.480032727276093,10.636938832923075,2.14688131707615
2761,1.1303586075234069,21.11355403462797,12.304302214323299,1.4320309964254276
2762,1.1295059985554716,20.52406534620572,11.909820416038869,1.5415467213979692
2763,1.1412344129111125,23.219339578844167,11.629089111149746,1.5447436974062667
2800,1.1625587539152915,20.99977573356091,10.536335785997311,2.1962272283003754
2801,1.13893765019447,21.439116203353482,10.88578327597781,1.5035514953734173
2802,1.1382698587889284,23.04153760600991,11.804168347185737,1.3734783859337565
2803,1.1400150478156368,19.34741571998535,11.179968086050348,1.0643141135197762
2804,1.1357795484517272,23.765917619502886,11.494775566717312,4.785859294435312
2805,1.1426042941436283,20.659466605097247,10.461507131012096,1.2348755379124372
2806,1.140426659783126,21.883681736707736,10.896214114167407,0.9903811799224552
2807,1.1387411141467985,25.140193626757117,10.892695109453513,1.3158229187323363
2808,1.1419155680300213,23.211151462977547,10.868762608612592,2.082969275620669
2809,1.135380944893852,25.83484300251684,11.634999695114228,1.2783064015832692
2810,1.1396908554909368,24.35634882592554,11.090856256574032,2.144485771051514
2811,1.1373241538035872,25.501558396501483,11.488775018818352,0.770353337725399
2812,1.1375638799786851,22.90803239701306,11.267556649491565,1.2257423638069713
2813,1.1376780389308578,22.520792217379732,11.527929944994087,1.4784380645249602
2814,1.1383850153574344,23.751081219896726,11.87630415384997,1.3054860993771618
2815,1.1379204500585427,21.369262931349088,10.381639658318589,1.859178815289081
2816,1.1376245630454218,23.910695664704523,11.167769127876408,1.6042538110011506
2817,1.137314418921623,26.16352122408469,11.230629711935737,5.010725619600385
2818,1.140760996530284,23.518748367912195,10.93911513188764,1.1547374058139448
2819,1.1417413032702086,25.594665964851476,11.26245936371017,2.339304273247468
2820,1.1416906286673114,24.30018133523752,10.9640122334583,2.309435161349832
2821,1.1437524310676053,23.278037962385945,11.140686475129458,1.9122564734341816
2822,1.1457572753757588,24.27503807081952,10.625968741243359,1.2686843993532695
2823,1.1445819908440926,24.68292836190851,11.505691387630108,0.9016310362359488
2824,1.1384423981969183,26.24981577163744,11.470216351913512,8.386747446473448
2825,1.1423521839673696,25.459437947308757,12.09318148465449,3.911950397422613
2826,1.1453133569797425,24.93567750241593,11.664828543837585,1.1023144188668788
2827,1.1474718910441235,25.89069068662716,10.353061509424181,1.1019406529684352
2828,1.1445300160569802,23.79587372330445,11.520791007448173,1.1797329232519047
2829,1.1421126891327136,26.024206139460855,11.177647117532707,3.7401050040206134
2830,1.1455615586142127,25.567480187489267,11.496226042668688,1.1673668345121069
2833,1.1426164622156467,22.238987484342342,11.088126338054362,4.455170592795073
2834,1.1400908191572623,22.30704744951627,11.666855734009324,1.852418736118975
2835,1.1405173532915782,23.095390690424377,11.625048046747017,5.278427179509946
2836,1.138259317869859,22.165080697206687,12.759020179501043,1.549759294606261
2837,1.1407963301686306,24.263921463229153,11.672260355776187,3.225467708973759
2838,1.1438101152472324,22.451809423000444,10.630615374493797,1.604570538069158
2839,1.1394897562751267,23.610677616469058,11.87024369782207,3.4078321066263766
2840,1.1407955770618767,22.24617989637893,11.572427617397722,2.012550586625056
2841,1.1379278782575641,23.348044587936418,11.56096447864652,1.3348611861989146
2842,1.1443563059077695,22.280948618820528,11.236754871421578,2.138563422021814
2843,1.1388171483962526,22.76564263813495,11.335398292107161,2.4772340740408167
2844,1.13909059713124,20.639542614643773,11.555144316917326,1.2828742781582008
2845,1.1362717238938307,23.462904516927416,11.525044616549373,4.563950554109434
2846,1.136733772646122,21.465277959295495,11.976178211717148,1.599649705565246
2847,1.1405375175548464,22.687453055228907,10.337622740190373,2.2344812863080086
2848,1.135684351754367,21.999924876865318,11.908692152039555,1.9254262941525493
2849,1.1351389360294146,22.226844327191294,12.154471878495615,1.685386129615214
2850,1.134778427087041,23.344658742873367,12.0240141405792,4.016544044415156
2851,1.1357117616407266,23.084255496057114,11.436797937640183,1.6663963823343082
2852,1.1365931742374307,21.458088185898042,11.205732979393032,1.5219612225117791
2853,1.1344747218014457,21.800936144260096,11.941889816892564,2.168509962984045
2854,1.13485391125323,22.544366511341945,12.244663862758893,1.246310283991894
2855,1.1345752577883463,21.98800755625424,11.405290529465947,1.0090083752525127
2856,1.137058887809002,22.615380696943255,11.462923426535108,1.9990905822855813
2857,1.1334891093039339,23.237269334670458,11.4403460305807,1.9299952579210993
2858,1.133322792601249,20.618938146359394,12.945445529670929,1.3269224627690683
2859,1.1346776052605254,21.0774705052933,12.244045537314205,1.0481914038610503
2860,1.1373289130973308,21.20648585257297,10.374828914146503,1.638714749183818
2861,1.1308688373796958,21.610678621597653,12.195983013439557,1.0797165005228901
2862,1.130954139708751,21.176282331384282,11.717708786606206,1.2367157675850837
2863,1.141465927479919,24.266191171998766,11.729629073303837,1.3776374483646145
2900,1.1603789288543467,21.423602972049867,10.712374944917949,1.3893937514628236
2901,1.1375295905010834,21.948154346265355,11.09260055162404,1.9795863519548362
2902,1.134787479905014,23.652683499353394,12.115713084298598,1.373568234387804
2903,1.1370557515653406,20.194198337252654,11.009172353539482,1.1184430954705364
2904,1.1340080630393512,24.258825701746005,11.330391252156664,3.7641682005930823
2905,1.1372340153625804,21.120785285057774,10.718474654178392,1.0604082085409257
2906,1.1394160645073934,22.656065010805627,10.861774345524355,0.855335545445699
2907,1.1340702451927187,25.317100518914952,11.35372716235135,1.1090559798426503
2908,1.1398725973945079,23.01838197744824,11.166211373237443,1.675322933765727
2909,1.1311047704758053,26.55074604184318,11.678621251441019,1.3610766383226458
2910,1.1364672267456029,24.46716953461623,11.767159551562688,1.2898641136190427
2911,1.1341960851730652,25.828279010187902,11.565513366500443,0.8789228915554157
2912,1.134116005247948,23.379606152167064,11.164935635525405,1.496319416248042
2913,1.1359845881714332,22.636264193944246,11.703976701858794,1.3005587552953441
2914,1.135924524312754,24.092113173668444,11.50495880192847,1.2496992951025971
2915,1.1365657549388206,21.91045599320084,10.378331845182982,1.9094822102078768
2916,1.1367543890566727,23.885088488971306,11.292061015798927,1.5345480586560747
2917,1.1362308070630849,26.618190355796045,11.390665388209936,4.884782042387583
2918,1.13652451821696,23.80666370246661,10.974195212971726,1.11520809914271
2919,1.1398946571579383,25.87877929253364,11.55746941159138,1.5742710034606453
2920,1.139035158416432,24.87637313485137,11.266563178760082,1.4170320196911594
2921,1.139295326808909,23.78639897783779,11.261791830466803,1.5872366877728334
2922,1.1418527506158016,24.87933478853708,10.92598029734238,1.3287631235252513
2923,1.1393519697573609,25.1940167203516,11.73429412543637,1.0814576559877456
2924,1.1348057301228567,26.438980336457657,11.153392894837715,6.937357221122317
2925,1.1391055817028393,25.969615624293915,11.740174944307029,2.820707915532113
2926,1.1432695281520342,25.361989908391116,11.74338868716,1.5350082122528095
2927,1.142042010426463,26.099067615912503,11.165804845635474,1.2157141024741918
2928,1.1404950009666084,23.715144721157305,11.840613551390115,1.477533749075442
2929,1.1391320819214998,26.32343243659385,11.12969130263952,2.7417588929265797
2930,1.1423408822603647,26.066152647853414,11.745816903568603,0.8335978541130842
2933,1.1391321133219263,22.645533368133165,10.909547858545357,4.9802145314926305
2934,1.136816723068122,22.81141522315725,11.328573628736313,2.1694080368547737
2935,1.1382678061804805,23.43351403673339,11.194148490966997,4.255053116345258
2936,1.1354160701872709,22.15742416208927,12.960944615992107,1.1510804937801449
2937,1.1370212717033281,24.90135487371567,11.48980168442688,2.574835678311204
2938,1.1404191162344257,22.87364332110619,10.736152867858353,1.7150080113576314
2939,1.1365086044170425,23.743554264528726,11.867271358866182,2.1918323499165435
2940,1.1387827447257521,22.45483860680922,11.451117448079122,1.7383983549128894
2941,1.1358789602259807,23.146754109335312,12.069571019241128,1.76306791417245
2942,1.1418069738453294,22.275122869958505,11.11927904723886,1.4806766828285318
2943,1.1352782406875415,22.967353039039217,11.187519530113253,1.6139298995438163
2944,1.1357660791926878,20.968499186043896,11.628942407526912,1.4470895715823833
2945,1.1317708044929788,23.9503932684509,11.674367467092281,5.009778884925546
2946,1.1329151009472116,22.220612487822976,12.154184691620909,1.917214545196137
2947,1.1370354901694468,23.198533513118992,10.223589013859376,1.9017100089255985
2948,1.1325175712084974,22.721247354106712,12.030977053236592,2.139374709538746
2949,1.1322237002551006,22.56387901785991,11.8920346961121,1.1269482039788044
2950,1.1307640137282813,23.62076505551558,11.751997439119577,2.7091979359991267
2951,1.1326534741778922,23.660004406029284,11.765955965440245,0.9939561490994488
2952,1.1338078105442049,21.960268468500544,11.07918241621865,1.451586600269853
2953,1.1319604469907623,22.349802459076358,12.387329888705587,1.7701572446149987
2954,1.1292435079982266,23.204097545753637,12.530432068118346,1.106657711357024
2955,1.1320676272600656,22.080885353286146,11.918002763049754,1.8318615334991937
2956,1.1307877385780578,22.669889171555834,11.343142542646659,1.9188579466659903
2957,1.1293019131829596,23.417167349767094,11.660108038512728,1.5485160240578466
2958,1.1302754959204224,20.99209167326793,12.850289568119921,1.7991785155201692
2959,1.1301879746723686,21.674344713765485,12.892744993288035,1.1634840194224405
2960,1.1317388198190519,21.257786360155794,10.572701322571206,1.8319361281125732
2961,1.1305157936319665,22.36415746593378,11.924307154147243,1.3160182454766973
2962,1.128355380020333,21.53508719343571,11.64574750068989,0.9468685187320288
2963,1.1385802550088109,24.354523616060426,12.237572577481485,1.7169824522381498
3000,1.1644299056203866,20.907660002619032,10.275210565346585,1.688111484300074
3001,1.1398639826372112,20.870153776073447,11.671313599286188,3.189364426561438
3002,1.1409372332132284,22.434068441066024,11.729424689934493,1.2736574170704031
3003,1.142505174395091,19.2794103973201,11.187357779813915,1.860748699950144
3004,1.1370208640991268,23.819991856262725,11.881809477107153,5.04179365796623
3005,1.1446945477918717,20.671465892913115,10.564631680361702,1.3217346311890914
3006,1.1436182703197018,21.985882479744458,11.401274780547265,1.546366105718162
3007,1.1376848025572264,25.00741834791882,11.67638051769509,1.6449045252125685
3008,1.1439040703128651,22.615770719795304,11.332347712816539,2.3565428800842745
3009,1.1393771573585338,25.984702679479113,12.07369768235187,0.9747352084576817
3010,1.1405246028993616,24.07355101994499,11.851374654414322,1.8516219363063695
3011,1.139449487454617,25.526167014281803,11.740247183560275,0.9722271868882241
3012,1.1402377469945535,22.77262999378025,11.464924620803934,1.2896100877250125
3013,1.1392119166292056,22.33912034247812,12.137820531928108,1.5149663932033544
3014,1.138323309657037,23.711038086869973,11.770262786895161,1.9002569603821349
3015,1.1411496857603514,21.491599022397512,10.414166338966517,1.7328266729025397
3016,1.139433574089828,23.746796887818174,11.436078369463244,2.240247575435365
3017,1.137187241206226,26.232739258716332,11.82724863271882,6.706099901328644
3018,1.140783419663738,23.29184278699682,11.133937857871747,1.8940724151730184
3019,1.1431960953766866,25.252783317121406,11.672052204743963,2.720731731161718
3020,1.1429705547756124,24.25286150234494,11.61213235845854,1.7719551090112897
3021,1.1433242734206353,23.648526746577414,11.266939393437188,1.9456956605549132
3022,1.144400421581159,24.478766010099076,11.12825287847366,1.0401522132281404
3023,1.144575014844232,24.802313687338597,11.605489518658338,0.9998292311348386
3024,1.138945185606953,25.692932306032137,11.84373898231608,8.271610756339204
3025,1.143045670342464,25.65991032919024,11.940072824796278,2.8913599478604803
3026,1.1457777133889588,24.96073692854508,12.085641596518187,1.6025004665189653
3027,1.1473717976448679,25.771435824772784,11.28575498327106,1.5627444849130128
3028,1.1469496883308767,23.45485893482082,11.704745656094891,1.5311352029834686
3029,1.1412514302220815,25.90424087088401,12.073429920610671,4.338079296814148
3030,1.1480064766734412,25.509923288225977,11.88573235537484,1.524578553212881
3033,1.144134889575015,22.021660129501967,11.36591125712269,4.716468286800357
3034,1.142255687226467,22.55206736511418,11.932206440213342,1.4335561063595657
3035,1.1413416869302742,23.035410041855485,11.715982501495377,4.37554041608367
3036,1.1407698002294002,21.85907427390379,12.828535542877269,1.6240750896678895
3037,1.1411494083010107,24.2982250869144,11.768053926261246,2.323706780321238
3038,1.1440318930602396,22.638579490655175,11.262430178254295,2.0506602833185483
3039,1.139971100883908,23.35256548243828,12.158700502722384,3.793836574016641
3040,1.1425532641631921,22.060745375214843,11.644425073989119,1.3158608740132858
3041,1.1390948822767775,23.173004791759723,12.247460562977459,1.990658315952423
3042,1.1453610030628414,21.84816377945001,11.123479335920717,2.2438688084352085
3043,1.1388860230617404,22.57268272658787,12.008386753884684,1.8513148349860398
3044,1.1407863812599286,20.66690158134244,11.937457898749535,2.116944990385089
3045,1.1366564821575666,23.432738533974536,11.716427733048926,7.034324350261172
3046,1.1373750418594282,21.235659005264687,12.170446478501512,2.041682461318402
3047,1.1407091335309762,22.398502970724444,10.660096759353232,2.1060358844946783
3048,1.1375420119849458,22.261948908868582,12.220133762821764,1.9204500658014378
3049,1.1372239437403957,21.939331099631392,12.280658937315327,2.128156033281519
3050,1.133284964891106,23.16038643684885,12.361135411969169,4.918988972332347
3051,1.1368883114790191,22.835371804261577,11.922680564634984,1.4247627810581054
3052,1.139012866317901,21.028589042177977,11.117178403602887,1.6645950714140818
3053,1.1357910169492285,21.97466938171517,12.551988944555458,3.20972901721924
3054,1.1350626324821693,22.646137393551143,12.52998802591818,0.8497895694861163
3055,1.1374861116829653,21.303405958208394,11.574392144267808,1.650098480436308
3056,1.1352950036472635,22.151321912311804,11.686187326054664,1.6175877393581186
3057,1.1328825008241492,22.670569460051123,11.991560793951459,2.0749771201538803
3058,1.1337884764443806,20.421134750416723,13.007163104417547,1.709247323999584
3059,1.1331325170276376,20.748672462689708,13.00267966024091,1.1281370600056693
3060,1.137431707481672,20.511743872987495,11.131265966141696,1.7288611380286512
3061,1.133074057244415,21.46486422769733,12.29091887108109,1.5458433333982233
3062,1.1333160768018187,20.470110608789184,11.747845033831036,1.2970287649115346
3063,1.1425456614133935,23.45292843141917,12.041666715269203,1.3995776282792787
3100,1.1604997828108383,20.651442282717692,11.083487684562675,2.1165466401257738
3101,1.1386725070238817,21.050302244240296,11.171754867832371,3.0353414248128927
3102,1.1371111825340836,22.791261401154465,11.549500479766715,1.2123995842702975
3103,1.1385829658189297,19.172380541070904,10.526992339454706,1.0808382720979386
3104,1.1346152861175365,23.35870792124457,11.263658729496917,2.7009199357147384
3105,1.1415348519270574,20.226418516655013,10.614887863713808,1.8427680395006254
3106,1.1414131450646654,21.54401909488978,10.9552724767344,1.045634676473982
3107,1.1344228532711447,24.437543021928082,11.19833122900709,1.3683256698129478
3108,1.141598563810557,22.419405070201346,10.597642753192632,1.4455276083686666
3109,1.1326850508047892,25.584819430364753,11.967164339880282,0.9638720419963035
3110,1.136143319692878,23.408580747803796,11.710991735554796,1.6265418987962441
3111,1.1358657591625834,24.709553202985155,11.579562924526886,1.2288516683607358
3112,1.135825708762352,22.28427322781674,11.006835553556293,1.5341257140132414
3113,1.136918652009433,21.69568094054717,11.365721731687028,1.250927664401461
3114,1.1355681831942523,23.037558333885286,11.463672177596187,0.8606881764074866
3115,1.1370628465599135,20.82495156571682,9.994988584053118,1.524716712242525
3116,1.1357862913645498,22.972493963004602,11.520005822472038,2.0578193749921874
3117,1.135798147145514,25.42348870268654,11.274978694912377,4.356771634591766
3118,1.1369208956441204,22.508798004836684,10.973923081012828,1.3222588072017578
3119,1.1387609265500391,24.929300581079143,11.56048055462932,1.6138756671641397
3120,1.1392582477918396,23.45502442586781,11.077809684795124,2.2057440464294285
3121,1.1384531004085237,22.75604748836826,11.085887022590926,1.4097970237441642
3122,1.1423056612466298,23.553672494418404,10.919789058984051,1.2556531803319384
3123,1.143404750357332,23.750298186057567,11.279067862536758,1.3575597614819992
3124,1.1378697390253327,25.15301849435922,11.311523509477526,5.73597326223794
3125,1.1402409203845412,25.025986954806125,11.569597559929024,3.083472730312205
3126,1.1427973495275663,24.086912024750827,11.554347594269109,0.8533035269770396
3127,1.1431653621922764,25.01234690403981,11.090061896383427,1.907216381685206
3128,1.1414452871656584,23.330791275506357,10.858767241668671,1.4028635631790758
3129,1.1395610485654313,24.937918232235493,11.070481121044415,2.9247783767152224
3130,1.1440493361220239,25.04952278593467,11.26614896443924,1.7675509767911104
3133,1.1398007117744144,21.95991992325266,11.125550810408948,4.726124050266236
3134,1.137874925324871,22.070185483534722,11.456702030848442,1.8825178317263005
3135,1.1396483198556864,22.40219431992445,11.489333686708914,4.718252310440888
3136,1.1360846246963399,21.09650621653909,12.273756221859923,1.3276325753327978
3137,1.1376897179745777,23.61810247123021,11.43562029194193,3.1403280506125304
3138,1.1408128016621248,21.7161690936929,10.409096252056008,1.908944633324092
3139,1.1372346942267026,22.595753271246675,11.828721356829357,3.558188913102732
3140,1.1390056900052792,21.292219274087888,11.614804266554154,2.1158792607758223
3141,1.1379002054258713,22.327103497587395,11.877092757389825,1.4845987467362987
3142,1.1414846879668483,21.445438080642347,10.814279622511195,1.6741903946707526
3143,1.136245346347506,21.824726079911617,11.393140945436496,1.622646428822852
3144,1.1359682956026378,19.965748807775974,11.365451357295319,1.130209589039037
3145,1.1320823098986015,22.96003984796733,11.07538134265705,5.664892408217232
3146,1.1325995511238283,20.884497777055564,12.053094070125589,1.7548109198022506
3147,1.1373317280450732,22.1394413562758,10.222221321161047,2.736666627264719
3148,1.1317568844767794,21.71669405465537,12.084134697068672,1.6525639530431016
3149,1.134566105024875,21.55438371974995,11.471709214103281,1.2369942644333574
3150,1.1321714499739612,22.512281459130104,11.702176300639616,4.303030883660656
3151,1.131163857632866,22.2932631123147,11.743299184892535,1.6636136646388247
3152,1.134963712486071,20.69408499739326,11.115948970550127,1.4290788596353539
3153,1.1317806275881903,21.20761355887526,12.141787865005815,2.163075411328986
3154,1.129163659356437,22.369415358872995,12.388370258676193,0.904329002146604
3155,1.1309591524920182,21.079759923889572,11.777978353350981,1.3461879761965498
3156,1.131726529304929,21.573763998160448,10.929910731068446,2.143173656945589
3157,1.1280970842678772,21.730282433310784,11.490699259444895,2.594105246080824
3158,1.1285592288121258,19.860215040577746,13.137608890426812,1.568800350490539
3159,1.1288940407186734,20.400178651814638,12.567629486307556,1.2021086208158482
3160,1.1319272000523282,20.419674110410185,10.543111789016058,1.7372286292867294
3161,1.1285123308618288,21.346439247105156,11.972135018376767,0.9526616481504645
3162,1.1257136646287798,20.727784511797182,11.820931856577577,1.2456145029268373
3163,1.1394424296538526,23.50850821623002,12.459033368071735,1.68988224447109
3200,1.1652392324054088,22.749764313996295,10.941072385875671,2.2563378430137155
3201,1.1426913810382673,23.135821282511746,11.22638494892042,1.3401439464675728
3202,1.1409356313498027,24.54024124954019,11.82522664549826,1.9660951002308535
3203,1.1411288115992186,21.588559889727925,10.694478000587619,1.13514078286251
3204,1.1385406291239246,25.148139086233883,11.722491705811358,3.9190240689279983
3205,1.1432770540247306,22.34448991753472,10.335531429013143,1.6560692292712873
3206,1.1445139512777855,23.76280166102043,10.876241090217992,1.676768825936837
3207,1.140105684064479,26.220944068855527,11.21291788657848,1.7313179540307078
3208,1.1446171347854606,24.73393715157404,10.839088156915594,2.3306587535033687
3209,1.1374812660087736,27.53702434214407,12.019087610283274,1.3496515714249657
3210,1.1399277333260638,25.606436910196837,11.590060654509333,1.8249179398882163
3211,1.1377819188075935,27.017989900366516,11.690018871407538,1.0821959183155518
3212,1.1391556619441199,24.286265359762304,11.105603594651253,1.1990295987074764
3213,1.136875733533956,23.98432907061781,11.611539741021778,1.4120667813541474
3214,1.1377708877780361,25.517864206808174,11.080895319666647,1.2913404721448456
3215,1.1384010971798995,23.35615588035554,10.311046910038945,1.4951930247070695
3216,1.1378279248497472,25.26654460488103,11.253426470272903,2.201296998455929
3217,1.1366255262270961,27.87178068396923,11.014123784062901,6.4295962347828945
3218,1.1384588719425455,24.80032649742781,10.941760407762256,1.2705245178069746
3219,1.1416618462819743,26.839171489985873,11.541375343245209,2.178312729709859
3220,1.141771551464104,25.735368249636057,11.035389225827586,1.90076408896017
3221,1.1414692615521647,24.90584121392207,11.289848641141429,2.1970395196404207
3222,1.1434341077296308,25.73154208445534,10.967466475469742,1.4305233340833536
3223,1.1426634831929963,26.087142040366757,11.937653857318525,1.5194983966732827
3224,1.1398206310659917,27.268923147878727,11.426131575684284,5.830968460194219
3225,1.1419543599276887,27.04756395941842,11.30978351128605,3.748563893446446
3226,1.1453214773171811,26.715990658059958,11.437692598129026,1.4480040575721107
3227,1.145640769957474,27.029023135747572,11.11971647519081,1.2964066392177163
3228,1.1436552097706802,25.440685595348892,11.336035718044586,1.5114802972056909
3229,1.1410346526917599,27.22172420198774,11.418028794059191,4.098108737987946
3230,1.1455754092947883,27.31561933379977,11.287342956626318,1.4213368867176126
3233,1.1449841117997834,23.75601697674995,10.969503833024334,4.316054649161711
3234,1.139373581201421,23.825095815616496,11.424425553484065,1.5896924759065705
3235,1.1381288405115562,24.457254091442433,11.284145820031636,4.6954922215766715
3236,1.137906490983989,23.28964649086296,12.41679525396153,1.3246218018176976
3237,1.138791215475692,25.758565300506167,11.144094197405602,3.856873216944789
3238,1.1410267384353154,24.202264135238543,10.818313101190308,2.6149918185198446
3239,1.1378223126367064,25.030394182336508,12.08482637198082,3.1304074523446146
3240,1.140639878971385,23.05248163625457,11.441331343861085,1.740716379293298
3241,1.1381795789884288,24.229350347540805,11.897591500623454,1.3116524333923294
3242,1.1432709948159332,23.412817935803638,10.780095593555716,1.8843843778239318
3243,1.137352330819032,24.14095176753024,11.489312897552866,1.6473878949130736
3244,1.140262394918312,21.982727063134348,11.431761497022865,1.6557978115983014
3245,1.1337217766399015,25.39109024208379,11.22919897883872,6.326414516774183
3246,1.135676379650591,23.01683180985235,12.079271744178367,1.440733127458019
3247,1.1383951718461998,24.20612959622003,10.137704845879938,2.0321096758016517
3248,1.1355187020204398,23.356181272042242,11.7063513403561,2.0396731254818974
3249,1.134341730890985,23.711861030656884,11.889705372753687,1.4528747964295803
3250,1.1349194585483646,24.563057081152316,11.732586189135901,4.935770239224044
3251,1.1333739415716946,24.44749366111988,11.855069990043775,1.4941150346932826
3252,1.1351239965720605,22.78850723318356,10.955930675839165,1.703342998169935
3253,1.1341334391815985,23.50598808722313,12.117115232606169,1.4323882265066825
3254,1.1326004103661549,24.115359031087507,12.316692754197033,1.3090946160217378
3255,1.1339419188829036,22.978398622848516,11.515161406597619,1.4346663139166138
3256,1.1336576532413525,23.643802919112723,11.560622937621085,2.4412024751554564
3257,1.1316814869765992,24.110572534382637,11.669479310362465,1.9409718653155559
3258,1.1298966367240524,21.79743335831085,12.952580076563393,1.6073200576303663
3259,1.132290665920925,22.300245197819265,12.629870907625007,1.2695167025166612
3260,1.134516809049383,22.2542548834597,10.484241674661401,1.8203721214085344
3261,1.1308643966108198,23.18303186805623,12.087770661851227,1.800012359122581
3262,1.1294205321328141,22.4268940135933,11.477146477625958,1.345474356180063
3263,1.1388927390791155,25.4776089858348,12.16495113429126,1.5705396780638068
3300,1.1606031494613644,22.751378681895467,10.671858974224783,1.6522021594946599
3301,1.138079803382481,23.28445321774231,10.738627842898016,1.8374575028913802
3302,1.1379600151454081,24.217424119302496,11.457201612680773,1.2441998207417393
3303,1.1374616300354223,21.05543648007416,10.413096419049683,1.3235547187063776
3304,1.1358997989561166,24.771803950184808,11.063434723805749,3.510511119036719
3305,1.139752177985553,22.128088328976336,9.915293351622763,1.2360853924834971
3306,1.1402444065146426,23.164360090766003,10.389012939310978,1.4345074478742454
3307,1.1355551967559765,26.203448009706303,10.727787764045598,1.1648232256825148
3308,1.139539503254719,23.876565567422467,10.520642204014562,1.856214240354248
3309,1.1317512233191105,26.886067586442326,11.762942917572325,1.4637685100162894
3310,1.1339667030368556,25.283393559431307,11.140545106442604,1.1586663663298082
3311,1.1359001674669251,26.594542987457807,11.04217414497467,1.0716198833071504
3312,1.1332698207331666,23.9528799356147,10.704991418982235,0.8832831049291557
3313,1.132429649284222,23.458191565319517,11.231292442012945,0.8543933062411161
3314,1.1329566795622383,24.973605251798045,11.216362767654124,1.699938159769657
3315,1.1344341024705933,22.64340921386218,9.965556800466592,1.232009025630146
3316,1.1313958142176748,24.537417392357447,10.644763857392288,1.2579746648419334
3317,1.1302541485271513,27.173195821260748,10.88155310094537,6.929582480806735
3318,1.1344043761972147,24.228504831454533,10.37135096469082,1.346511345808099
3319,1.135901349543032,26.313363477461024,11.27014839459023,1.9905430637404853
3320,1.135566201961639,25.335089552929723,10.773202346594335,1.3029086071698903
3321,1.1359954860265649,24.634031586212007,10.886691340804223,2.1188595958202296
3322,1.1392905224585421,25.142861431965176,10.57483546699286,0.9652963045468708
3323,1.1372582221624459,25.630951852503557,11.382223850789392,1.1112977554883765
3324,1.1333341611855763,27.06190870089454,10.914112607626155,6.2942798449139135
3325,1.1362159290598077,26.44495072471171,11.330251987265637,1.7448904610712266
3326,1.139358687198276,25.910826652254975,11.27525164339374,1.4049764930363793
3327,1.1406107691109493,26.747547838190762,10.628709460894637,0.8375924148745587
3328,1.1393929334760147,24.77114918643105,11.113408549636064,1.0621779962908517
3329,1.1363745800683576,26.73398869042171,11.06171270872937,2.388913099890173
3330,1.1411530410090096,26.902144980923197,11.315276020582221,1.2240760383814167
3333,1.1375679612494731,23.354999242092564,10.703206988654259,4.404065868595304
3334,1.1354000598840575,23.159095422434,11.144839846106143,1.8215034104246288
3335,1.1345844127890297,23.831186098144943,11.437160552355978,4.5304605260875555
3336,1.1341893322744723,22.55737736585552,12.071096124383486,1.172745362870234
3337,1.1334125681651894,25.240202300753907,11.117614567166223,2.8274865107739684
3338,1.1361627584165628,23.06074615905063,10.36018838802613,1.6693674407769024
3339,1.1325907025506563,24.304415126473025,11.79442652876609,2.3398568351014757
3340,1.132626357539889,22.950432739852054,11.304646252099662,1.6785203710796284
3341,1.1342452361222708,23.47298254479257,11.61032254359368,1.1315541389313521
3342,1.1370494414004786,22.85997031025068,10.762436311285516,1.527996657321494
3343,1.1303652104238568,23.794845645014018,11.138622889148754,1.8727858250088179
3344,1.1333698316344627,21.601425279224777,10.940542917153632,1.073790665824301
3345,1.1270175185313376,24.37329603668865,11.495098247768583,5.139291465563987
3346,1.130402207953726,22.382971390981442,11.996355090462197,1.6676034611149402
3347,1.1321321307131598,23.592853501853295,9.645367012838605,2.042648880151905
3348,1.1280895178731987,23.211154279252113,11.69125344950537,2.0882847695085576
3349,1.129422998367761,23.20349442413408,11.310006531058129,1.732351977281652
3350,1.1269994827078025,24.14980331904026,11.746885627825794,3.9333671995200956
3351,1.128146305181355,23.640446289491095,11.476243474939906,1.0968317505765226
3352,1.129525224765287,22.47282581184826,10.986774971044653,1.7298626748232306
3353,1.1274372205332877,22.99613581074126,11.95431530199273,2.1139399343986343
3354,1.1260569558739446,23.76510555618599,12.196189547186346,1.305564799314755
3355,1.1264921241735082,22.398549174463483,11.665500192087869,1.1971815970044148
3356,1.127921474966091,22.81651071663203,11.264324396641703,1.9920825801973678
3357,1.1250481435141726,23.980949785469235,11.188353988901488,1.686497463391681
3358,1.12402357362711,21.657355443579956,12.828453373065285,1.301918073065781
3359,1.1252589190718423,22.09296128526915,12.33715141667884,0.8863916175692034
3360,1.1267456895913919,21.94301128234223,10.41062575748792,1.358403650361719
3361,1.124057276510049,22.7941152527982,11.718670197603211,1.4541923511495551
3362,1.12240376465147,22.065116235804563,11.578309435399834,1.2977187262574474
3363,1.1345810872437034,25.291108643935587,12.184042491668121,1.173212817107463
3400,1.1638090782097954,21.102421780609497,9.807297650731261,1.3425201285263935
3401,1.1399059908598879,22.085180939410932,10.744657062274165,1.8923911473020882
3402,1.1420460955185003,23.05088337483897,11.527840204361102,1.4382796765759787
3403,1.1406012990600591,20.06664990948515,10.729547898753692,1.2094128707656526
3404,1.1387171979383472,23.95365350663752,11.140036772017949,3.6243615250831054
3405,1.142357568228368,20.82526561823171,10.126764275305835,1.4264916623993864
3406,1.1437718374122432,22.304221011784886,10.346456508152572,0.9835828419119693
3407,1.1382599528845296,25.03046663993516,10.781825062965018,1.3617306211711435
3408,1.1426126886197367,22.992128696934067,10.554278124322714,2.0333822213813426
3409,1.132668719326199,25.91492006375646,11.633232788226332,0.9334462241628902
3410,1.1388363801689763,24.13319984094531,11.24157893053722,1.4752690872199934
3411,1.1380028610385333,25.419780214162124,11.316154331436469,0.9003047966154301
3412,1.135364603232547,23.19157061486188,10.811875491813787,1.6350403799736966
3413,1.1360928833923594,22.18338359800192,11.516001052747535,1.2232784340184135
3414,1.1325618651294034,24.06856097048566,11.47343287584774,2.0567402684056626
3415,1.1367676953196286,21.45192075774063,9.820466640367927,1.6159354198041491
3416,1.135072391469067,23.426837895308935,10.808302183942276,1.6955324660503384
3417,1.1347732391287673,26.027650131705045,11.188650878886705,5.549369231427195
3418,1.1337589441772888,23.0418835995121,11.131530227575906,1.0719829249515447
3419,1.1394986726073058,25.17817702440873,11.123292561315246,1.556422671046661
3420,1.1382129067966427,24.134463284457464,10.58557008391607,2.50750205769309
3421,1.1387290580568143,23.589612241739136,10.87209786921279,1.5135430434520436
3422,1.1404114208256024,24.341771213084648,10.594992438421626,1.486114631371002
3423,1.1380643243996231,24.883727673566188,11.294110263902368,0.945937940219739
3424,1.1370868977435964,25.591209342544204,10.838503155522073,7.264314091556021
3425,1.1398502406097768,25.37627796057328,11.2953950987018,2.460730639601733
3426,1.141976268927929,25.024611237350793,11.519710382826778,1.0494874186964889
3427,1.1421374754465614,25.844068870299886,10.634504516035115,1.413325248155185
3428,1.140246259256682,23.68645215219386,11.094042812886086,1.2507061376119801
3429,1.137559320111703,25.74790976363232,11.065235480285201,3.6370369447639903
3430,1.1427852340892424,25.63021202064508,11.32407056156928,1.336162134580159
3433,1.1400696040975145,21.90367497894451,11.029789545113347,4.07859458455148
3434,1.1370174344531232,22.101647999350977,10.897434767627196,1.7004400136898994
3435,1.138135984017902,22.805241999696758,11.689069555959943,4.882332082995397
3436,1.1342623509717376,21.756442811038877,12.333126925062983,1.39581395764527
3437,1.1352695138745346,24.223861194936326,11.272872921761433,3.0198371007990255
3438,1.138897336038417,22.395296918885805,10.315628717939441,1.5015026317205724
3439,1.1339075908140555,23.328152847079195,11.539072522898495,3.030539276502182
3440,1.1376760883011237,21.855712293325908,11.28585277328533,1.4018366052897417
3441,1.1342157651825922,22.89243764467997,11.834970031035533,1.910338089064884
3442,1.1405709799412318,21.67971098664264,10.730284425015848,1.7671742731704945
3443,1.1362249317143809,22.3442315001963,11.082325725626816,1.1736955759999528
3444,1.1349879416845579,20.494910999669983,11.175301014349756,1.1004951287052234
3445,1.132098982832508,23.341759848142573,11.625240754119908,3.7436823572384545
3446,1.1325006484739888,21.02163118419246,11.838784064009864,1.534881141152528
3447,1.134157706274076,22.368461357653235,10.47288230465296,1.781222237970748
3448,1.129775662915202,22.154348464197984,11.390019211667507,1.9188460255046846
3449,1.1327432387000191,21.906029717167414,11.513851346361175,2.1921252560560376
3450,1.1312802484670357,23.217764760428715,11.531848764107666,3.6222118919592647
3451,1.1307665645701948,22.63258295025001,11.81525910434532,1.5662194782360628
3452,1.1335265099940428,20.921371700160687,10.757798329020565,1.5761032453162263
3453,1.1295189581261529,21.5713559191747,12.241178468008144,2.2013572089488442
3454,1.1263684801023124,22.5464146578008,12.231602134252789,1.271284681403168
3455,1.1283423535342172,21.23143032274441,11.547510514588653,1.3507144487937077
3456,1.1291708727400314,22.317020403543665,11.182057867555253,2.11886732140111
3457,1.127423347675434,22.78248718613192,11.277652790702154,1.8173011731001552
3458,1.1278359396371944,20.206070715872126,12.624641450891472,1.3269146823267226
3459,1.127398369333714,20.96899460197454,12.17947921868258,1.2903284980685277
3460,1.1293547998670217,20.58634003341251,10.365589754264265,1.3691699694564008
3461,1.127667805158566,21.405743240651596,11.447968655682436,1.16114248145701
3462,1.125593636428617,20.838214724010026,11.277498376047804,1.1547791667297957
3463,1.136636450830407,23.793910537018107,11.935362498271065,1.498407535287315
3500,1.1678468898440302,20.29109340402773,10.229373546922286,1.8042959439363389
3501,1.1448814684640245,21.016992341481107,11.025901293932261,2.6865701153076893
3502,1.1425986654581686,22.34400924772604,11.499466843831312,0.8859609619779032
3503,1.1461163253873694,19.258666553277084,10.603321352699552,1.3089603408376118
3504,1.1402220376601429,23.760171845453943,10.827516558897587,4.547527215474899
3505,1.1462546986568714,20.316547826916917,10.209309697719004,1.3592921723181766
3506,1.1451375934628056,21.815307957668818,10.905677185305482,1.2930875294236535
3507,1.141121989894069,24.517307657252317,11.515253078217734,1.0317481275737053
3508,1.1463244250067253,22.563783642473652,10.463207788066583,2.110963299009744
3509,1.1360804287934387,25.597537298927985,11.648768836343491,0.9114535787397552
3510,1.1391894989500775,23.863784370284296,10.970074573037271,1.979948864201694
3511,1.138773719435421,24.845336579938987,11.084487741491548,1.3262936086824477
3512,1.1370315069847303,22.300307656179143,11.025014451406836,1.2586612143325888
3513,1.1386719223398671,21.980694764361935,11.373285906219783,1.5699624903652332
3514,1.138752183310193,23.14069254620142,11.049013949525987,1.3542522634626768
3515,1.1385680410338603,20.78750836894238,9.943925023108113,1.5560352545410896
3516,1.1359396700484128,22.808176036227177,11.06201489884834,2.508109204837345
3517,1.1367618308035927,25.44035880610122,10.862779204433425,8.555965691256048
3518,1.1387173230707837,22.66889244363047,10.390565360014381,1.0017444767609607
3519,1.1423340270627242,24.78687519610046,11.394754301219159,1.7325474422768756
3520,1.1398186207693484,23.42908618853447,11.071092598270015,2.7984059767562517
3521,1.1404000840538842,22.955419156585872,11.081597923936062,2.15801454487369
3522,1.1423149866241251,23.981847485569773,10.428375637707953,1.33600763187011
3523,1.1425918212168753,23.872080260756125,11.571734765540109,1.5318406784989709
3524,1.1363894712059166,25.486202035875447,11.180241684728141,7.943039117817835
3525,1.140541544006205,25.170443236945914,11.135661986073533,2.9713227397333735
3526,1.1453945944831956,24.463027431155876,11.62280032590463,1.4635150566662247
3527,1.145085919298279,25.415952742379133,10.346275613218955,1.080213980277617
3528,1.1435010960711935,23.11861577637461,11.235581699140786,1.340343455543941
3529,1.1409309036414514,25.2485822654677,11.121873051465819,3.365444313630203
3530,1.1463239742267506,25.031653564943003,11.156963518241911,1.2831666514091256
3533,1.1413575795800905,21.669305433113696,10.787374076322005,5.6827472191669495
3534,1.1391725806788608,21.692396962794408,11.307353873677762,2.0304787506108912
3535,1.1403252008448064,22.175068607929067,11.609321177463206,6.5218299242368225
3536,1.1377655505553463,21.221256078361723,12.433812014115862,1.4604936463483842
3537,1.1414655252690706,23.32750735592594,10.624758630833165,3.318961200220169
3538,1.1400630579389874,21.942635662478718,10.260734225448314,1.879887714590634
3539,1.1380837706788374,22.72169584166495,11.535701364933566,4.546549410358243
3540,1.1378664373006369,21.386241695116905,11.369800942844194,1.3918873155342208
3541,1.137023004239216,22.42926263274903,12.064849625995638,1.5356873085969904
3542,1.1422671309541876,21.388264465538086,10.575755475336916,1.6246952062407305
3543,1.1341150118801238,22.166073964401704,11.41859746267943,1.590245255190421
3544,1.1372972084434168,20.277003869303652,11.159745704974638,1.1568331840894959
3545,1.134402597857861,23.07340570833916,11.233021142832506,6.884705203436683
3546,1.1343958077968073,20.735128609392174,11.682617995018704,2.0512356654370882
3547,1.1359828241854903,22.260981758701977,10.268795703473055,2.698345199553409
3548,1.1317871615722717,21.42340435543827,11.652229830729112,1.9727252170919958
3549,1.1344533494138351,21.31025712356059,11.82255744996781,1.7047099168065978
3550,1.1339207453286402,22.221352701195915,11.633164166329628,3.1541782475293565
3551,1.1331073432812304,22.120945567150386,11.406737545981082,1.4955233843654705
3552,1.134780397340105,20.564904791870834,10.76526179802583,1.3298206281041904
3553,1.1325081484205153,21.28383789423377,11.96256468748649,3.0064157812196792
3554,1.1303684158933482,22.36126592936716,12.10190308185917,1.1277508454429244
3555,1.130990878507817,20.7958930374639,11.718620940347208,1.120996812940661
3556,1.131844844172464,21.428678586592394,11.722670031555612,0.9969103507548981
3557,1.1295728401431362,21.713437481077012,11.387012044578922,1.5275250355072136
3558,1.130774006554496,19.682355414586603,12.809565171125978,1.7137575918104422
3559,1.1292818942777547,20.490288357751385,11.984463469833564,1.1511293151371595
3560,1.131721232322444,20.110243019803015,10.328494319188897,1.4627216727832262
3561,1.128222292144321,20.77969045112509,11.867842671596485,1.2798194807840564
3562,1.1262461453714963,20.39572036052,11.321821906062937,1.338930458273573
3563,1.1398660543578627,23.09582928189709,11.44116147233195,0.884134485586237
3600,1.176941223507857,21.198685322016555,9.925408555973288,1.6068941553054032
3601,1.1497716568484084,22.012075821711708,10.693253324483155,2.8919033439984476
3602,1.1478088691328912,23.675476501149518,11.219075352918768,1.1842256429699294
3603,1.1506901477879512,20.438921727043105,10.562555948957673,1.7789644774085096
3604,1.1467266616927336,24.360572301156427,11.420107500205308,4.6181200339696415
3605,1.152661498551042,21.242661640276967,10.610362072397162,1.3964605086062463
3606,1.1513774911113324,22.815407756495066,10.666225623023555,1.4364288928480462
3607,1.146746395688136,25.578777197640864,10.938588522924018,1.4047783767859405
3608,1.1491962538586882,23.4474468090151,10.713550487493446,2.2147043548192844
3609,1.1417830310843335,26.434000754867494,11.617393996928609,1.1378415637092034
3610,1.1446027924781554,24.54875673349009,11.377664454328297,1.6828625220617899
3611,1.1415511285322217,26.279501825290662,11.306902541027986,1.1989306290380817
3612,1.1426836223635186,23.236223053319616,11.043062431029997,1.5515081702340263
3613,1.1427896381696723,22.8770473285434,11.690869159512363,1.5728923965711819
3614,1.141979686761998,24.359753851054187,11.36024166664619,1.9861477987691898
3615,1.1419469453747997,22.242536320276997,9.886364884927259,1.6711102391552561
3616,1.1405618433885,23.7912248484904,10.990687203435176,3.792458939749263
3617,1.1383068922792754,26.479833163980494,11.233009977625057,8.1043021950384
3618,1.1401377859853246,24.01989423393385,10.793721653279107,0.919106556231319
3619,1.144929260047096,25.859391211866935,11.593907387946453,2.4638346177814956
3620,1.1443005484952953,24.65347027171319,11.268354063129545,2.284560587216639
3621,1.1447973107210052,24.122245804508758,10.816411781748654,1.8641779661014433
3622,1.1474665810478994,24.761412078980822,10.717371266340077,1.3400253738634198
3623,1.1456201858138335,25.1833077085547,11.325586288217222,1.0084413611680119
3624,1.1411162626943867,26.273611002370224,11.09170585651764,8.568032223558681
3625,1.1437407878873416,26.08625492996571,11.373876338027031,2.7109850729750806
3626,1.1471178134537654,25.394419307604977,11.405437933509953,1.056717035714116
3627,1.1487336286830128,25.923395651998604,11.283603399733062,1.599191012769588
3628,1.1442532188036783,24.280762647778594,11.115170149651956,1.0466753913762712
3629,1.1444119373539081,25.998744049096103,11.22991648200426,3.2876701556239363
3630,1.148008253123836,26.04663552134745,11.360793411226538,1.6224955502890797
3633,1.1430499086669372,22.98833654254701,11.186694249293081,4.866159480539687
3634,1.1426470032199023,22.802877150282498,11.630989974904551,1.5742316090399517
3635,1.1423058604727714,23.28963673948318,11.667067547663134,6.175723055665666
3636,1.1402990876677983,22.04144781545872,12.492249890968372,1.2868992455579777
3637,1.1414574827207942,24.576459063663663,11.404799417227833,3.927320946403877
3638,1.1430197178923982,22.75479367428903,10.507519031250371,2.2716799104473906
3639,1.1375469681684656,23.566043542222562,11.771371283445081,3.387487553611061
3640,1.1405871824010345,22.576810725080996,11.427644015589912,1.3694498850588586
3641,1.1400746397659902,23.513157160485417,12.162915288710288,1.4994946429506955
3642,1.145188212771639,22.115303056269063,11.076985527621806,2.2834942971229184
3643,1.14049344894688,22.82498749340407,11.128159368183946,2.4092159936800672
3644,1.1414067247413808,20.95717638862695,11.120355839005114,0.9537020776472367
3645,1.1372075431002062,23.936026694001868,11.465816576657941,5.645845054043873
3646,1.136878992349735,21.862710154038833,12.073154105425285,1.3560373774771726
3647,1.1405394499396828,23.153154352978962,10.054367731478413,1.1843615039579825
3648,1.1347986900580371,22.59675041892697,11.914799532884095,1.8640173675142113
3649,1.1378109336336655,22.30589067069963,11.736041331273078,1.2420187190105656
3650,1.1356525030290148,23.701191647966542,11.768951953127411,3.7918899829662784
3651,1.1372083717139443,23.223884678740433,11.429494966179135,1.4274835725966166
3652,1.1379074545577117,21.331142765917406,11.065067296906571,1.3633655377737828
3653,1.1348096054135688,22.236166002005362,12.282283198255044,3.3331097867761157
3654,1.1334876248867614,23.445875277159654,12.131289170160686,1.243590825056751
3655,1.1352068951313208,21.476645151059813,11.834791325341417,1.8341247731699517
3656,1.1363657011150214,22.431435858763376,11.735327884914648,1.9060580554660915
3657,1.132966907703959,22.623209648186034,11.521019748640178,1.7740736728601805
3658,1.1348845576823638,20.439506252124247,12.856435865478117,1.4407919359569548
3659,1.1334647326054403,21.184527084799676,12.237472994648588,1.6115101847988775
3660,1.1378438628670093,20.831547368603132,10.482808337696055,1.7198081920971726
3661,1.1322857037279277,21.857708664202217,12.129640694386568,1.393735274397534
3662,1.1301416883456907,20.892417471018277,11.544486434335912,1.157109686070401
3663,1.1400329099292226,23.45155362533979,12.305235332001727,1.020801762369332
3700,1.1814822737197899,19.266100983499552,10.519339540296295,2.606801545220934
3701,1.152017682945168,20.537619208328277,11.05868805872094,2.4814251690013025
3702,1.1478963483959246,22.225915610663385,11.509666553977857,1.2544086306807738
3703,1.1511042593402143,18.91399413593917,10.774208405916388,1.3975395469324845
3704,1.1453875382767553,23.107718916385487,11.518236907880217,4.964111743672832
3705,1.1524751295068876,19.856129146336617,10.084362282629197,1.9116796190765777
3706,1.1487120410842262,21.219038716340552,10.94422565293464,1.3066110543582181
3707,1.1441593430564865,24.1310519038354,10.883580580572103,1.475723717753797
3708,1.1499703867558346,22.155225480315174,10.628429393354295,2.72326144278456
3709,1.1416881863673984,25.059658035613914,11.924797679439237,1.508026544178912
3710,1.143519696403026,23.04012545922792,11.324412711201314,1.591906419308384
3711,1.1423802633146276,24.647203245008132,11.267818358473685,1.2722384370366242
3712,1.1418920215444348,21.85791379570713,11.267845735817216,1.2009221353293718
3713,1.1408253777892228,21.31765820141852,11.529914127134163,1.3140137343679308
3714,1.1399174446463478,23.089508034556776,11.15463299103356,1.3214560718323813
3715,1.140729034986744,20.429559279746385,10.325717207653078,1.2083766638361595
3716,1.140352070740988,22.32248847216879,11.198686659274822,2.730556444472628
3717,1.1389836451806123,25.00931149639571,10.74124935025317,6.103451884707921
3718,1.139095226070335,21.953605204943376,11.0902174769679,1.4277940497009807
3719,1.1410611083662565,24.452082246623878,11.114062920513913,2.367647563559822
3720,1.1433453666384867,23.048560960217145,10.84467106595139,2.8556688858369226
3721,1.144299828798556,22.266052455572787,11.166282570574618,2.3363244197115822
3722,1.1449223642924815,23.533008376092095,10.564904514298446,1.3926328775018804
3723,1.1431496499572986,23.52607577618682,11.923354772912488,1.2796276239067748
3724,1.1389320239132055,24.914725386333767,11.293132500745314,8.702708035141647
3725,1.1413206141794823,24.899933194939933,11.473038329843597,2.246847115093693
3726,1.144016945486829,24.020904786247797,11.510922346364302,1.6295487968431461
3727,1.1468054348457888,24.770466134478617,10.585792345387528,1.2310932089955546
3728,1.1432897657159689,22.71681033726703,11.476680105236975,1.1343633642405468
3729,1.1418229686239703,24.839464166755512,11.190339119407055,4.473999289889318
3730,1.1472394391642644,24.355020605065643,11.568599856388257,1.645549100302611
3733,1.1402726358914181,21.41678643938252,11.392401098376888,4.782746735124589
3734,1.1426197665348692,21.115402058325778,11.25696224829032,1.8559330372497018
3735,1.1403481939364926,21.575125045306333,11.393855902393138,3.3824830740317995
3736,1.1381353330758235,20.684024500865103,12.651837518630416,0.9637105022049658
3737,1.1402165139378178,23.199815457525368,11.394118138580026,3.266632356751856
3738,1.140713345198166,21.30583297355867,10.58508568888431,1.8549040950226197
3739,1.1390375377743738,22.083484398541835,11.695229231104998,3.4245534852709776
3740,1.1399978946478284,21.018298675998643,11.361903884743441,1.6532894618793272
3741,1.139543252675197,21.615956658384498,11.623880586450264,1.1891125225689516
3742,1.1451041518157365,20.579621338911853,11.13565273528119,2.5409579387232077
3743,1.1392434602876191,21.30721509704081,11.560492949207113,1.428442841254317
3744,1.1395748496330906,19.641436951695542,11.234331153883872,0.9959289258777025
3745,1.1357074011168478,22.254769445984437,11.463635793040925,6.591583724758472
3746,1.1356938491072914,20.302106974745385,11.853240462245608,1.7965382078579624
3747,1.1390103395149618,21.530850485598666,10.42346195245534,2.2108770384163154
3748,1.1340430968739192,21.01400734708853,12.219382336678313,2.39056867784441
3749,1.1364974932023615,20.73386225384367,11.816396202049086,1.912295006644192
3750,1.1361373750004085,21.87916828070937,11.772208873602155,3.8763650272581103
3751,1.1353873630367997,21.681011494408747,11.692900817136787,1.0375847355776968
3752,1.1368854071204548,19.968919122089808,10.941596292792571,0.9393217456981486
3753,1.1344255288805383,20.742521402182682,12.115199768007859,3.866627240715819
3754,1.1329792312125015,21.65129127923779,12.177077367385635,0.8734108599860101
3755,1.1327818438236932,20.28786587311664,11.658068783904268,1.3300556435288837
3756,1.1353811346197438,20.752139254995512,11.366669428965807,1.772400091356006
3757,1.1325132822333341,21.537710997522506,11.336254870677873,2.0598778658804804
3758,1.1306681545881425,19.24711349350548,12.88081654269207,1.3912197382797447
3759,1.1315200809402737,19.824927806749145,12.370379374740567,1.3191557869319377
3760,1.1353445669181645,19.517542453740546,10.670033684853214,1.9674222140060333
3761,1.1326653442314034,20.33970028712204,11.961058291856189,1.5351155438442794
3762,1.1308781967234085,19.600806476984655,11.398305934433104,1.7422004232366877
3763,1.139753452959895,22.55795074657633,11.644998406343657,1.0350541257219183
3800,1.1755349643419417,21.75110570541352,10.28729953766879,2.1416842282128803
3801,1.1511874857207,21.71085030424203,10.63474328082836,2.632614711385986
3802,1.1477989495800438,22.571501170959635,11.132824718190973,1.1285103510797048
3803,1.1497602503981024,19.464041537500417,9.979704600554355,1.0315153955046497
3804,1.1433948967968004,23.759615134745726,10.823691640143412,3.53985376362164
3805,1.149170543773371,20.186180597211383,9.726982186799392,1.4196155339392929
3806,1.148411160662961,21.286473333111264,10.228255578925967,1.1012509585831756
3807,1.1425601725511452,24.435401431955512,10.84451838912277,1.0874456292881989
3808,1.146709605449874,22.275221643217208,10.49156259682964,2.698449084881355
3809,1.137016266802535,25.513589384865345,11.839216520142203,1.4059342780689361
3810,1.1414168417692103,23.630839066654367,11.032687423171247,2.106715807537134
3811,1.1396413448945593,24.75408856164315,11.158026024887343,1.047864503285565
3812,1.1409308728407426,22.395739647788417,10.70384431924504,1.1266109553754742
3813,1.1375731727842233,21.975869189723795,11.268952362649081,0.9340976635731311
3814,1.1376235252500253,23.14025308934477,10.85674625539879,1.3978859641773325
3815,1.1379606092234908,20.977639100984362,9.71509633639867,1.4601454678437074
3816,1.1366091949157922,22.87894173470209,10.734956403170328,2.432114277605277
3817,1.1351251233598771,25.589167642787956,10.89558591093642,7.919355266099842
3818,1.1373811880137614,22.604231068563422,10.723963329106754,1.0578567755052595
3819,1.1396788710947352,24.57890384564701,10.903323125400918,1.8229931884007595
3820,1.139984398497321,23.26084017243066,10.70398459865882,1.7056882451173425
3821,1.1401517066311773,22.808421148853295,10.967793489895273,1.6402207177121892
3822,1.1400637336274275,23.95974310546727,10.317681774273002,0.7049177921138055
3823,1.1389543814095202,23.75204494310173,11.292262306427908,1.1022054278298707
3824,1.1352991217992807,24.97625359530385,11.21915679864855,6.963085205139535
3825,1.1380283444534887,24.863329418639065,11.095502394847921,2.8753405361399835
3826,1.140808900416168,24.357083724167428,11.35186693447547,0.9298190181040428
3827,1.1397545898014507,25.211710452682958,10.827945000492305,1.3474035755822862
3828,1.1391442070437843,22.993667980353823,11.132074259790684,1.1075419944501592
3829,1.1382599585468718,25.24378907697591,10.820004090665856,2.2317476701153
3830,1.1430367728383244,24.84373854143869,11.083067479931335,1.3269090590949966
3833,1.1397823610922255,21.361577136699395,10.679670483610606,4.756114032439368
3834,1.136402329671593,21.678995078810207,11.120089137951648,1.592933230930209
3835,1.1374457236563247,22.386130714373614,11.365624027332425,4.226201806915412
3836,1.1346871069210278,20.987279874232556,12.087429387780457,1.4281503003433351
3837,1.134847206140559,23.490800983760373,10.997192040806647,2.7089632207476146
3838,1.137408568941526,21.662731857847714,10.184889042771836,1.6588415772977314
3839,1.1330400394930311,22.36608541781394,11.498994999597553,2.056665293116532
3840,1.1352375688393452,21.302321883299243,11.234645603612254,1.5832116058589387
3841,1.1344420772340318,21.927213806026835,11.69126179546828,1.2428211238579998
3842,1.1400387908203744,20.920612679755212,10.811151936884407,2.210561641727514
3843,1.1341905533425907,21.84332636218577,10.705173499196468,0.9993946517189652
3844,1.1341246177337112,19.954556644524246,11.280812049576625,1.2663627708880343
3845,1.1301533933845866,22.8330449156256,11.16307733115769,6.3248284337479195
3846,1.131631951476563,20.432056863173504,11.535014998394596,1.7755431260893135
3847,1.135664406107765,21.954623813545595,9.778441560493938,2.020497412748355
3848,1.1320964613978293,21.328586453324508,11.283981181693676,1.3993349548186615
3849,1.1312721702847344,21.30610388824666,11.658292747679166,1.4753961917958116
3850,1.1311810383952556,22.510300035401276,11.272196655983892,4.289719574569303
3851,1.1312097534390433,22.01046768459446,11.525288242624876,1.2488890760187492
3852,1.1330523156481906,20.351892123099677,10.810849903462001,1.432524456065726
3853,1.1302268091954732,21.230057614447947,12.274267351786945,2.820942329644889
3854,1.128184672121734,22.07744311442065,11.874763103507728,0.9991580155085041
3855,1.1295931891258368,20.912923876299054,11.163937258770442,1.3863263864985615
3856,1.1287054634320541,21.347143929011658,11.019405709850584,2.1414095567104234
3857,1.1280756804442642,21.894451962558186,10.881780289173303,1.8974715287389283
3858,1.1284788212479273,19.481614036802824,12.922955676782783,1.14657361957371
3859,1.1285395172646961,20.331715155396118,12.134133564988877,1.2469533131508783
3860,1.131053657706746,20.401479124596673,10.122249151296312,1.4984561316515483
3861,1.1270562115326925,20.982966776094358,11.184996130814842,0.9678057819136797
3862,1.1268243745030866,20.392690804996544,11.741065479137132,1.4869713450931716
3863,1.1397584973273434,23.11776260213773,11.393845325628526,1.197877901075509
3900,1.1881989297092386,19.24205318992999,10.029047663726386,1.3317709783014076
3901,1.1555689307875956,20.033990161247512,10.559442221277754,2.5057513408933065
3902,1.1529971100960084,21.027671037188483,11.410480521905658,1.209371712720271
3903,1.1549025674530682,17.89053753533614,10.421877430128276,1.47619420243417
3904,1.1473143742131622,22.50291741293289,11.288663086045336,3.56000657658771
3905,1.1542353130765433,18.81515945419587,10.171110013936692,1.1856243549078544
3906,1.1516236977085104,20.16697192907202,10.457131381867207,1.5787220605515995
3907,1.146592637210773,23.16859345465906,10.768463873718858,1.1943839884837801
3908,1.1498503443933585,21.064395476316218,10.314811848845135,2.555763094577493
3909,1.1418716814007797,24.105000329818306,11.799655209810012,1.30272095594092
3910,1.1446480592093673,22.089283637369057,10.971232585505856,0.9974156443899651
3911,1.1448294577406264,23.226513128985747,11.246135239844174,1.3634591777438236
3912,1.141760158465295,20.736591684050712,11.008256087608885,1.231218643890814
3913,1.1416849982340027,20.337839843190526,11.253120141467274,0.9478310777404326
3914,1.1418266511893607,21.896642652512387,11.052083762336313,1.4257265395324303
3915,1.1414753766408596,19.342759347873525,9.919893998803124,1.4872576285074095
3916,1.140506681643562,21.442382212734916,10.94360801585253,2.7051263095529716
3917,1.137381848075343,24.05060770449418,11.010297449786242,7.519348368295761
3918,1.1390462186916572,21.397386182620195,10.591346591510272,1.1386989427534107
3919,1.1431078585723093,23.224677978144555,10.993249049646522,1.7844955722029725
3920,1.1426423689342424,22.067241807694266,10.827738524286156,2.1261868082206106
3921,1.1409069923837578,21.570027852129982,11.076717642873763,1.5409845190493
3922,1.1436376279349745,22.17768782012192,10.456205725008445,0.9453195911855081
3923,1.1418110903074972,22.527229343456412,11.148570501398126,1.0851964406870982
3924,1.1366695492427912,24.110142550187142,10.859778026593407,7.9616816394068985
3925,1.139669770084253,23.593711945440234,10.724747933553502,3.238588997484678
3926,1.143309592707616,22.786364492084115,11.52332104700248,0.8083572503124757
3927,1.1440915699838856,23.608934676067168,10.572192845381668,0.7364692162878643
3928,1.1421468731592006,21.519333902806874,11.037884363913946,0.9392878830237659
3929,1.1396247701168978,23.915757413742245,11.189249145070221,3.867059179601986
3930,1.1435693024965856,23.388667809908288,11.354455212257882,1.5555105797985633
3933,1.1410783284684545,19.943272966058366,10.607154628998497,4.334378839416837
3934,1.1393841906715114,20.11872230989858,11.357332186495647,1.4549312391051472
3935,1.1394164843784125,20.895837713580924,11.263977264535763,4.252339136397605
3936,1.1392940289941376,19.729156546966287,12.173393118360542,1.4514532820470663
3937,1.1400440185800629,21.712615739052566,10.728589863372154,3.2297971932128413
3938,1.1404662586648073,20.55570432469421,10.280798721673309,1.7904191569194954
3939,1.1359208158932004,21.225500477243898,11.482378013738773,2.8951842333907485
3940,1.1386565443062797,19.653011437434472,11.343694114024387,1.798811419245861
3941,1.1366084132467755,20.65096792046898,11.484017487234977,1.4984594974937648
3942,1.1426356066924133,19.706612305383977,10.9227239237295,2.389375371384392
3943,1.1360244057721312,20.339683369920543,10.968283106053072,1.6442440813020691
3944,1.1380971742724593,18.662742358833267,11.125856593994783,1.0774105858108727
3945,1.1349150878282233,21.111913812539314,11.227483203413666,5.185286148509003
3946,1.134850564386593,19.143658038157838,11.43556195720778,1.6915700898296198
3947,1.1379675417931403,20.63027491013426,9.889797947383672,2.126465914417409
3948,1.1340411703917879,19.925610953705156,11.692190395011247,1.6694579573380508
3949,1.1365803322612058,19.959266361153194,11.4897836319767,1.750758137145886
3950,1.133277529572798,20.905757711658197,11.413064963440956,4.435532731221711
3951,1.1356350103338477,20.78772802496376,11.305508915108296,1.2688132650117956
3952,1.1375553976255397,18.861749136136194,10.632485117162982,1.6878445578143666
3953,1.1348342550021968,19.784121452583136,12.164087295784109,2.3402423028517556
3954,1.1327976474637225,20.62687022340737,11.926349877185007,1.2523514020096371
3955,1.133693554239679,19.32761536825502,11.188994894303105,1.3335735241453837
3956,1.1363527977623944,20.025242182191104,11.03464176449794,1.9777726758470948
3957,1.1329073395497606,20.467824259584845,11.081825003041171,2.1806025328634138
3958,1.1319949063499368,18.31955098668252,12.449062962574722,1.9309407402740708
3959,1.1314852466616008,18.75581242210092,12.018835118082414,1.1250469720887482
3960,1.133829605753738,18.701967133813966,10.42269521437911,1.7118929284548596
3961,1.1326450239796235,19.31205700545649,11.429452225350687,1.2960222995182358
3962,1.1306310993245638,18.66787815252398,10.978133064768674,1.5553107644499848
3963,1.1411163010522818,21.622363644201787,11.39110228724678,1.2503113982263094
4000,1.18031652117495,24.02638981058393,10.452617567388389,1.5040909261690287
4001,1.1542617848002952,23.806862863993967,10.60349284406828,2.0729902181649034
4002,1.151181417967048,24.975386424353022,11.408624886091536,1.5417935339142397
4003,1.150926702003869,21.93732643318963,10.382706601311005,1.615556402809002
4004,1.1440220041672664,25.752745001560246,11.01482408061847,3.251324912541167
4005,1.1509747790118254,22.148423398934728,10.060809896161201,2.0085001004020437
4006,1.1481826594671294,23.98910584717656,10.4634001987846,1.7358460385647416
4007,1.1424032473234877,26.889976431635045,10.593458974938175,1.602635752668887
4008,1.1476416269600929,24.769858229255767,10.584766649694018,2.407701615322333
4009,1.138994873444551,27.625500148222425,11.329632129322553,1.0211109559508578
4010,1.1403888216912834,25.758331916189654,11.491672471203918,1.538895284885797
4011,1.140492793156251,26.96697629915459,11.02115982585781,1.2555255875532512
4012,1.1372606636986347,24.38920223190871,10.853734499688503,1.1726941339913022
4013,1.1346060022605653,24.27630350985528,11.182417523458001,1.2410867555206955
4014,1.1366716307712523,25.398298487623936,11.21714930606825,1.3811195225679969
4015,1.1379973830132748,23.09840637710087,9.968634313933263,1.5824783194460097
4016,1.1369749701767544,25.17147925252762,10.956701598215746,1.4647851135686976
4017,1.133847323789241,27.751015192015323,10.732750575104111,6.43116834430945
4018,1.134736339014232,24.820252837437444,10.542488817380006,1.1061283406109248
4019,1.1364939570832324,26.936800885004814,10.66967260012468,2.058832381973943
4020,1.1375553342567752,25.80394304918024,10.583396868588723,2.4109719854171234
4021,1.1357177693811171,25.30350828715267,10.807843140553908,1.119275858004413
4022,1.1367685202328575,26.028415983384317,10.627028871490491,1.3714973069944254
4023,1.1361127050245048,26.089824448845643,11.016943708004483,1.0513194613744625
4024,1.1314569753910058,27.248579937353888,11.15450146302954,7.550402328059616
4025,1.1362245654766483,27.099186420694405,10.957658707058586,1.9969621632412906
4026,1.1392051944764248,26.720151857965487,11.272098335634194,0.8852685674649271
4027,1.1383865282432546,27.781039486581513,10.279557805690967,1.240885526008875
4028,1.13674964668675,25.32812487868744,11.194611990237677,0.797561463486145
4029,1.1347095659470245,27.11707713334415,11.013126032715736,3.012399478248318
4030,1.1383440979775477,27.109299953234604,11.286075341977677,0.9333725689127927
4033,1.1368527234669235,23.572421909739035,11.183382581665414,3.383254691308721
4034,1.1327931106272242,23.800532174542568,11.196623283292611,1.2628295460891403
4035,1.1344637367853538,24.424907357538313,10.783217808758964,4.846708138290755
4036,1.131550755960971,23.39632203465241,12.471325672860921,1.2968121607888377
4037,1.1336687942569021,25.597497294971784,11.159543736870901,2.722591836357733
4038,1.1341539316329476,23.77873766712316,10.223281622865663,2.1841809393115237
4039,1.1319465754744658,24.643475075975246,11.62320334867668,3.169748725164847
4040,1.1350079151195982,23.52636301780085,11.115695821703287,1.7920259500891178
4041,1.1318892606864144,24.129881487792396,11.59907741384108,1.3837991358231425
4042,1.1364259988110308,23.282337936251068,10.515885701236163,1.6160893484366283
4043,1.1307995360162129,24.09688210153891,10.908612670419059,1.3194186607266583
4044,1.1330671819966138,22.190056023515545,11.331019620166538,1.4452449967185008
4045,1.1288420968343413,25.00472391091569,11.603913907360498,4.786368458179692
4046,1.1288940595916315,23.02003967912236,11.833134111546356,1.8791080693087254
4047,1.1330483580311288,24.223962676315693,10.066015684360801,1.4524166742484717
4048,1.1286555883223746,23.711509149268647,11.761403775647722,1.2693091382783117
4049,1.1320478469260062,23.755199198194465,11.386898797897572,0.9939442316786694
4050,1.1298857936806908,24.88721835526725,11.251204314031174,4.005121783307348
4051,1.1302394131978641,24.707854060095475,11.77475921859564,1.8648892330973665
4052,1.132054673012273,23.03744324659038,10.401724354138928,1.3548102329745781
4053,1.1301165093321872,23.530390647758775,11.771498858801717,2.1866273851432734
4054,1.1305017933557837,24.25606035683084,11.85254412084723,0.9905069990046974
4055,1.1295134414812693,23.032934715436514,11.577859070096968,1.4654573020689452
4056,1.1306329127718855,23.610612028087708,11.520726690152605,2.3522814857667735
4057,1.1284683146942165,24.326153406835566,11.206207383169563,1.5514102559136287
4058,1.1284796016433358,22.308443815695078,12.30000139680997,0.9656162690674827
4059,1.1279156949588796,22.90284656311711,12.098868150082875,1.417170036997293
4060,1.1323023075573566,22.500179737093728,10.147432136185834,1.395017846581183
4061,1.126493005106647,23.449204557028647,11.687140777507711,1.3195430315762144
4062,1.125587611631484,22.770758677257216,11.560066049450134,1.3694328517494123
4063,1.1350502858817153,26.169195480596223,12.056200112064332,1.4205303733603443
4100,1.1958004099181503,20.54553847867313,10.420812371332872,2.008822631571002
4101,1.1641108250974965,21.009214317684126,10.672415691964407,2.424079474261092
4102,1.163340734960924,22.035004523252663,11.571847983330727,1.4643312233259285
4103,1.1619550799193732,19.09680075409055,10.927714555810335,1.4097014111010433
4104,1.1563864715554897,23.329063064907416,11.050658103314953,3.609754670536092
4105,1.1618682992796312,20.0377594873136,10.13161891953732,1.5926693455875327
4106,1.1606645933343045,21.24135137462893,10.642859756503253,1.4940569224191027
4107,1.15459977177006,24.258841831323608,10.763109955194915,1.2359158893728797
4108,1.1565021542883638,22.153205320602375,10.696034118869312,2.173756602741773
4109,1.148536135542189,25.068253984173918,11.839177701864603,0.9937600252725154
4110,1.1516789775442546,23.383295885360624,11.322230678178821,1.5943568928697867
4111,1.149213316210805,24.68389814056867,11.406682738864136,0.9368978602288663
4112,1.1498361196807978,22.06577101201912,10.900973875867924,1.2241194875094108
4113,1.1473323716922346,21.889299584325176,11.290278758855527,0.9248225915477097
4114,1.145810613907982,23.084289116865016,11.215931693747587,1.548467089044477
4115,1.1465897638218832,20.747228358461168,10.007147220047424,1.3798229845621863
4116,1.1472750997536165,22.71633486271433,11.057803005807923,2.359998757268108
4117,1.143560786152431,25.218466998736556,10.938100135294878,10.384137402268305
4118,1.144591674270114,22.525200163242644,10.46565197732605,1.2972868001440534
4119,1.1479168857561803,24.599441893977307,11.056898646512535,2.2647662947259986
4120,1.1470068932495436,23.538216334782984,10.710755683797318,3.5145289425667037
4121,1.1458538728436238,22.623450070645386,11.195263527683803,1.651070686007466
4122,1.1471229245343422,23.394678952453706,11.037576884197179,1.111097858972071
4123,1.1465759502313912,23.57840260167409,11.224422245909427,1.4403394512146186
4124,1.1415067979050688,24.89775329971461,11.360357456460566,9.316495649306004
4125,1.1434199958647588,24.305532206119157,11.304783666593227,3.3615813951676814
4126,1.1475255534329953,24.1030584387369,11.249270627322025,1.0835325194164935
4127,1.1473800846330888,24.81424732686515,10.61141543012277,1.0663026891570415
4128,1.14870225311412,22.7500507378179,11.280737560473792,1.1737182294191295
4129,1.1434322573504276,24.79765194407361,11.04128471953406,4.202451059710439
4130,1.1487488966110029,24.480005442037484,11.266358143785245,1.7068514807823005
4133,1.1451213448286282,21.17103420626358,10.538213909918621,5.167570689193698
4134,1.1438038923271714,21.281294551411765,11.641640161686643,1.3145127292212138
4135,1.1416889280326152,21.985511795835063,11.638289919470148,5.157919223942279
4136,1.1423288766370063,20.509881320859392,12.238021092995542,1.3676224163329893
4137,1.1430778197366416,23.240003696692938,11.213101452748171,2.1310438464617256
4138,1.143501673278472,21.619636966117245,10.520295412115274,1.9546482453997147
4139,1.1407194175251287,22.22690434787195,11.681383682662666,3.72134349685123
4140,1.1428181196230587,20.761234422355543,11.601522828220109,1.5175246123160038
4141,1.1398732641549172,21.85499124603594,11.968174974319009,2.090809586090753
4142,1.1474606037099175,20.813318349464048,10.883364285982033,1.9649702992971487
4143,1.1409324735767266,21.716920364423263,11.274565118818854,1.9251110967809286
4144,1.1442100957132062,19.726566659358657,10.776702249846124,1.1997674760969308
4145,1.1392973004431106,22.29673768999704,11.304298929159529,4.578572347350696
4146,1.1404682979929615,20.387734477281665,11.779476178427865,1.7469815417561037
4147,1.1430229151134148,21.704342299626546,10.464670645719986,2.25340681005612
4148,1.1382019163016932,21.024552086896605,11.691071278220393,1.608051260229099
4149,1.142839689493623,21.01793117764197,11.964876493936089,1.5102700366980106
4150,1.1386126889880561,22.00902536277877,11.6676091834935,4.784940920661202
4151,1.1414165126533982,21.794928844011558,11.709150129238386,1.4523351989241262
4152,1.1429417578105971,20.405102321558665,10.892436607146395,1.6323981586254366
4153,1.1401290692999348,21.011755654337133,12.241897122690961,2.3335455116099575
4154,1.1393605746875048,21.846208078533746,12.175173292537206,0.9840515932023187
4155,1.1422446514139972,20.39072822553566,11.789565558210947,1.320592810166262
4156,1.140274183386068,21.346949872264297,11.312341889669096,2.5279873226539915
4157,1.1389792037661544,21.772322151459157,11.38981825428196,1.9546332973334022
4158,1.1375971488501684,19.408553732398293,12.435108621251992,1.6749326589445805
4159,1.1401085684496983,19.93153225796716,12.215476957622739,1.2885341977653586
4160,1.1436176025925395,19.72208519657988,10.42997056087995,1.673928491079368
4161,1.140545451984732,20.41045029160842,11.506979399586697,0.7736009606973362
4162,1.1364986228855951,19.58529113711301,11.548096865618726,1.4842424694863365
4163,1.1469826083878745,22.131907389947596,11.937248771394065,1.4274141432040848
4200,1.1996883722290113,21.454881155227415,10.291504411480659,1.3755904799037038
4201,1.1638893364107583,21.97278715636181,10.393096052934172,3.516140073515487
4202,1.1608967087930941,23.19534384638663,11.489916583156985,1.5644955395144469
4203,1.1632127698415848,20.04975541250781,10.539420339122643,1.5435536426132879
4204,1.1560531086346562,23.971799057671745,11.027715051218216,4.410043992973063
4205,1.1616354963851248,20.994731846884015,10.141066680203803,1.4629157737964444
4206,1.1582445813127782,22.375873300742278,10.533388095309915,1.8410042813306393
4207,1.1534403163568465,25.080759360797362,10.862355398771799,1.4352783226645593
4208,1.1579815625548222,23.16202572342332,10.153874163634208,2.4856299141142326
4209,1.1496263463219984,26.01398498555244,11.673444341114926,1.2622079317967247
4210,1.1509935918207137,24.156086377077617,11.407236634949117,1.4874912909177525
4211,1.1490044258944794,25.622428056651923,11.16357010383919,1.0635759219656178
4212,1.147164064426829,22.865490430183137,10.689025499125362,1.1246533907627905
4213,1.1445286127392442,22.74491773163637,11.269116175675137,1.179016759991817
4214,1.145066516459312,24.00042091157173,10.981070836565872,1.2182344241893308
4215,1.1453937420438198,21.937282138601205,9.761469112015122,1.5479157050772971
4216,1.1430111164605883,23.539483199505153,11.257344217217213,2.246661940752564
4217,1.141622362239577,26.24201306471103,10.684257540619159,7.412491941768949
4218,1.14299059945592,23.297104135495612,10.474996871220702,1.1590078930599066
4219,1.146425050808815,25.344659577550377,10.792553453322581,2.4278489033062076
4220,1.1456266877229038,24.136500848277947,10.892035321087867,2.7584419376257205
4221,1.1445149077725827,23.67923641284969,10.775235247811478,1.921747128905711
4222,1.1464830217691588,24.070976891137057,10.703428221874255,1.0553350721094794
4223,1.144613652407094,24.63033571264209,11.080129961824433,1.400728422420376
4224,1.138461083376156,25.72320699806379,11.141179565590173,7.42626119812906
4225,1.1424142976493845,25.506252927997636,11.337888028930045,2.9581884067043274
4226,1.1463473773653772,24.666494417068403,11.222678049785225,1.0264686231431877
4227,1.1458411713841876,25.488224992358877,10.667532365029746,1.1603431843388314
4228,1.1444714378349639,23.4518901500384,11.235746352986935,1.472676352604229
4229,1.141223082710276,25.525956091353784,10.651006722999085,4.467944954782006
4230,1.1448773347252352,25.844359146713508,11.452922197876843,1.1371264117106246
4233,1.1415278570434473,22.675277043076036,10.983106939995173,5.822323135778793
4234,1.1408592031601321,22.066525806183872,11.218371431547142,1.6049477205832898
4235,1.1407273344013162,22.765873014893604,11.140168325760992,6.4825496411791885
4236,1.138555467092764,21.594912473024543,12.332332075140874,1.4280958045915852
4237,1.1415247135577027,23.97209969026784,11.51144024218352,3.9778168756465067
4238,1.1410501426956126,22.35092918968684,10.526153630771608,2.1990976355027185
4239,1.1381798156684269,23.25987609166035,11.417438213553295,3.208018322361287
4240,1.1413928744335788,21.624430566275823,11.227133651687572,1.5898672151862736
4241,1.1412473059929118,22.620512022232816,11.870153957589828,1.4916448540448985
4242,1.1446719405251695,22.061349953013664,10.980074895116314,1.9166084833931971
4243,1.139304159105821,22.471531420889132,11.19892336291016,1.3087737657636433
4244,1.1402195903977546,20.602138827132517,11.19492146353214,0.8874102524319589
4245,1.137481064179023,23.437130172050868,11.826544956808181,6.148399839806929
4246,1.1396669581227499,21.32197894227298,12.029074901544597,1.561172710390033
4247,1.1437929518020766,22.404004920026463,10.385978324963133,2.3350832205242633
4248,1.1378773303381016,21.952751990135013,11.868043407430392,2.2251136403188445
4249,1.139307508118018,22.374687889030646,11.382139330733159,1.6929306108139541
4250,1.1396116183569625,23.14601659297658,11.464360776895765,4.9506656661737205
4251,1.1407335413959097,22.795610099314537,11.574816269084698,1.6984936795808412
4252,1.1419678943345664,21.380693989787993,10.694155001389353,1.5851286352055352
4253,1.139162990576443,22.076076598625942,12.196338275828008,3.638247882544384
4254,1.1401150787868108,22.73174592316999,12.129007782481324,1.1165163102983064
4255,1.1409963423190472,21.884853496036413,11.397316553800392,1.3805448922127324
4256,1.14089920606096,22.273356155005672,10.978801373379516,1.685314673609837
4257,1.1384125554723483,22.774930416141142,11.144008374169507,1.3728583536462544
4258,1.140548654165046,20.279028399851427,12.475184718024671,1.7952784369307684
4259,1.1395346798418862,21.043273670278438,11.991006273333019,1.3478749035404936
4260,1.14053944341607,20.837938857269908,10.472240045184527,1.9638851490816973
4261,1.1374606831543992,21.602271705473903,11.481799568666807,1.4286046001103996
4262,1.136339939589557,20.710247070632047,11.391861279149163,1.3484047716047474
4263,1.1439006809224022,23.688764936028196,11.670222174272517,1.2112778577192658
4300,1.1911388817629978,20.42386692786508,10.448677182229579,2.078823702240856
4301,1.1613002158504226,20.326126098797694,10.506433186663388,2.4341781891212024
4302,1.1584340977114496,21.77946302740251,11.320343299857637,1.58220086369384
4303,1.157358567054216,18.753743398700678,10.176231621456221,1.5712677236447714
4304,1.1512029231034813,22.551611783133428,10.930405140429228,3.450283435705351
4305,1.1562923332874233,19.796773023274362,9.608506558534975,1.551116139208122
4306,1.1552598809970627,20.56443201773671,10.801675028732525,1.523982912842692
4307,1.1502383465088533,23.606807769967332,10.667015436967752,1.293219629960837
4308,1.151104959825673,21.41159725967018,10.594445161595788,1.9602651899423487
4309,1.144610436597588,24.4372985533026,11.29452152614161,1.304250331964409
4310,1.1446810593811483,23.097782240179132,10.981414815880846,1.535689445333172
4311,1.146610894250627,23.85966563331098,10.555774164412002,1.3505476452495309
4312,1.1426042113031933,21.702276731566545,10.262877251623516,1.3125452408752507
4313,1.1419466789653894,20.862457968912835,10.973270155226569,1.3145386287369747
4314,1.1403611138331284,22.68437287031255,10.93799467587414,2.1405650893211527
4315,1.1408495637863314,20.271210769347267,9.635496733387964,1.8204221357525454
4316,1.1385030625273302,22.311033965395662,10.762896147835194,2.2709181324945096
4317,1.1373366126118445,24.90509422568107,10.385395479983407,7.792468173233323
4318,1.1362806900928675,21.984276656724273,10.17277827515656,1.269082525540885
4319,1.1403282384906077,24.008026450802475,10.772563363336634,2.175105831744281
4320,1.137728762110343,23.10311576257638,10.784472143916943,2.480643259896375
4321,1.1376215180744083,22.065663866612343,10.494986146457817,1.6615764372735977
4322,1.1394367427401995,22.830445080260258,10.5322492631708,1.5221015132470972
4323,1.1384441822827729,22.925524420652497,10.985230146705767,0.9490041943606741
4324,1.1324445462044512,24.38818038775293,10.960050605936992,6.514994311879574
4325,1.1360665731269244,24.192152146665048,10.897440910302675,2.982349826339703
4326,1.1396934035685553,23.525954192528207,10.98148041300998,1.1697646480737698
4327,1.140834435278068,23.967443787661303,10.095399011687487,1.1471029635186272
4328,1.13899075403016,22.26999427564853,10.829824412797034,0.9813869524089381
4329,1.1345590074749994,24.38840864203146,10.630078410994342,3.2847060353764483
4330,1.1394263211508442,24.08806683400168,11.101854319857212,1.4430411339899052
4333,1.1358631380564577,20.989042194332942,10.41622774329101,5.81383982790011
4334,1.1341266776542582,20.610171232723207,10.9009787368169,1.5410625728337162
4335,1.134072331952445,21.36682461572789,11.136647700650334,3.898765862682036
4336,1.133143038702459,20.10329108763841,12.249486071303375,0.8975471392899026
4337,1.1332355702656776,22.562127486643888,11.05781856472897,3.4088631379899033
4338,1.136450082339086,20.888578509495492,10.185885249847113,1.5180130952725939
4339,1.135046657247688,21.477399291132592,11.07846727424742,3.3046718875721313
4340,1.1367296068862793,20.380323177601692,10.831116626076863,1.4861446571090196
4341,1.1360227505346672,21.18425075758249,11.264570586888984,1.2280067333762297
4342,1.1390291665965036,20.542464485044373,10.430998372327853,1.4655494502057027
4343,1.1339233403051403,21.009817850978983,10.806345433562202,1.7301035154418172
4344,1.136265484710058,19.162180142673467,11.360192569954789,1.5733569940884
4345,1.1329716659215627,22.042765759908857,11.035349633710021,5.196019220337281
4346,1.1329615731973073,19.98096323545364,11.633920215201154,1.7727978578453394
4347,1.1390761184214295,21.108483099427136,10.0898708724138,1.9873619098521433
4348,1.1347827468977802,20.855548652680444,11.312018929642592,1.7158195724606136
4349,1.1358474772646037,20.812945515174036,11.37094561225333,2.123840736986344
4350,1.1327540142977104,21.75496671430906,11.411075765469278,3.161803931808406
4351,1.136135234732848,21.622163445946025,11.331045963829217,1.5275174454897593
4352,1.1395154415133883,19.909598127486504,10.344897567323605,1.0731547101922738
4353,1.135904712195378,20.58813653293959,11.494745198678798,2.3339482205491118
4354,1.1346574611601872,21.107454767669694,12.255324894039603,1.3032458498327832
4355,1.1364224915533325,19.83105688939268,11.125281356167093,1.5884200276023734
4356,1.135840244991518,20.936893912390964,10.889603227238343,2.000031387352744
4357,1.1346283898182177,21.31208373701892,11.219774008156122,1.4139162110903163
4358,1.131787578988928,19.123316274493405,12.379330702909073,1.5209872457434093
4359,1.1345959215870078,19.653874704150105,12.101314259935819,2.0112339772608965
4360,1.1363349374140894,19.469379741738,10.158908942582741,1.6106992611969897
4361,1.1338594334042937,20.427354103492632,11.576838323991073,1.3205600245273401
4362,1.1313941847441409,19.577368219667964,11.294464402662726,0.9279115419104256
4363,1.1412685833238625,22.31069927716066,11.422617150008634,1.11718591891993
4400,1.195056130695666,21.501908884320915,10.117472176177275,1.4776940345652985
4401,1.1638513646117603,21.920685757111734,10.688061008013507,2.6677531605540175
4402,1.1608535506306454,23.214341220062526,11.008760078590152,1.776338414006445
4403,1.1587559650044885,20.511167831834126,10.322391950777556,1.3374764231654939
4404,1.1533047017424227,24.31389615020776,10.976442115219573,3.7532607853566926
4405,1.1612667543906896,20.945989556768946,9.971501757571737,1.336626721855322
4406,1.1586997059299238,22.199299004485912,10.444017375585586,1.2963974417866961
4407,1.1537291330838861,25.415478509654697,10.570579304096775,1.8867195534812518
4408,1.157643802635042,23.130508003850874,10.14525286391323,1.71143439916144
4409,1.1477059020320564,25.87632896951239,11.325380270431753,1.3191948092353978
4410,1.1495537652824506,24.28068689258074,10.879245674421961,1.324107866672856
4411,1.148640002611702,25.80180163230249,10.905525852242889,0.9850482525232471
4412,1.146044872430373,23.18341274981408,10.48314261286142,1.2529672828638068
4413,1.1444133756914143,22.86197120669639,10.988932547786478,0.8692086729024026
4414,1.1426693212792518,24.09663422877465,10.922557599585696,1.7002030178338505
4415,1.1432812675021937,21.517757065461332,9.759143937121108,1.3130682720996425
4416,1.141039173115395,23.556582913212072,10.779142611530192,2.1098770091135437
4417,1.1381382369340123,26.380956545020275,10.826312646280858,5.626529802721243
4418,1.138307440928571,23.531264199163033,10.271413439693738,0.8961698668440523
4419,1.1402454356169547,25.64849436191743,10.899878642152565,1.5004118045048307
4420,1.1407654590330674,24.044578231895464,10.468858356844457,2.4156525946098917
4421,1.1388134151353844,23.443070615525222,10.463604431532602,2.292549519287729
4422,1.1411447277423072,24.347407298107104,10.636871052279618,0.912394836332981
4423,1.1379265300582242,24.74292129399081,11.067999237204337,1.3219465796142145
4424,1.1363331100863627,25.778314612943692,10.744977643624107,8.168933771215809
4425,1.1386339230438511,25.513947303191618,11.215841046055194,2.5252569122207835
4426,1.1420690483681353,24.656347437483817,11.31332595889841,1.3590602777586231
4427,1.1430182831546358,25.52533313256369,10.605046279578602,1.1590547212139042
4428,1.1395519702008639,23.7913327548268,10.90825476091613,0.9160680702635715
4429,1.1382039545710259,25.654038257111807,10.837711098790757,3.6563321179715556
4430,1.1415718554681327,25.469856228440356,11.105012656588553,1.1401668755683667
4433,1.1394421437395783,22.00222699303444,11.012824115318216,6.310482495819574
4434,1.1372778753556245,22.184994216162725,10.824842148643208,1.7667402257967695
4435,1.1362044992950948,23.260668196348167,11.043032460347696,4.658030286402206
4436,1.1356212820353777,21.37021812192524,12.083503961376431,1.1772555452713895
4437,1.1382273824785807,24.044190275512022,10.626134140086037,3.588009590638608
4438,1.1407955852884197,22.00262332673238,10.164818617340673,2.0450653100302265
4439,1.1354715166642368,23.115522877228305,11.281046366218074,2.279548714456839
4440,1.1380509778842116,21.788274633483613,10.774748122153122,1.4049449018655187
4441,1.1363032697415365,22.787809146147247,11.795238898748657,1.3618920054613797
4442,1.142246512789927,22.100530712435575,10.765780987009329,1.8386549736309683
4443,1.1374631997702256,22.239314274355348,10.416453938785192,1.362878804769574
4444,1.1389296283541637,20.640530673644623,11.010305760421838,1.1557305760845196
4445,1.135152455868363,23.59100187638895,11.150122151923515,5.916432706555168
4446,1.1365952742586944,21.383390332416113,11.56855092691152,1.4814297046441924
4447,1.140349929134554,22.640760052268146,9.894022212200122,2.1416659230984125
4448,1.1361248295686635,22.36080946378358,11.325366870305018,1.6596111575485908
4449,1.1382975353272893,22.16877100546082,10.838709095308104,1.7618592408401632
4450,1.1378696237218444,23.02316852198655,11.275733079259,4.992393846700762
4451,1.139030025628778,22.970459457317602,11.332529574474817,1.064904439397108
4452,1.1406301732015176,21.567908410917696,10.406587592083492,1.095638420877774
4453,1.1392188143456359,21.855494665828232,12.047249770095993,2.1714695873159147
4454,1.1382568308123682,22.864853575593916,11.900107869023067,1.1255493986453127
4455,1.1416799158523891,21.420370163892752,11.177089098620586,1.4737757204107513
4456,1.1393045719816381,22.0510757783923,11.157510957339591,1.8985382424374175
4457,1.138218197715675,22.99610732734735,11.04159086048673,1.76116044924175
4458,1.137239141090874,20.848531738421578,12.625485671968487,1.4248549938439967
4459,1.1386650596804941,21.04297180513956,12.061427281074959,1.6264585602195285
4460,1.140592423534277,20.991499308936408,10.536031167590972,2.216387088935658
4461,1.1367958345833749,21.985071412409418,11.311607903463493,1.2704871290171487
4462,1.134589204079837,21.096204840768532,11.281767699940124,1.2926447413309181
4463,1.144296067181897,23.926364595734043,11.755009224919617,1.8058845800092944
4500,1.1880452868421416,21.086390254771295,10.523149256613602,2.121214379846746
4501,1.1628471301093941,20.62105561393112,10.814945997580567,2.2477230040974057
4502,1.1573153338273157,21.878115184341734,10.947061206822394,1.568829632115197
4503,1.1590343115532857,18.335990258173172,10.095246110950264,1.4938283213403214
4504,1.1519001417339512,22.43250816075803,10.841066249057185,3.173998082288111
4505,1.156749731644544,19.139243615439856,10.034648349149393,1.6771392450546014
4506,1.1556314905108456,20.69380730927499,10.086748129902453,1.6491078736010043
4507,1.1513767071478191,23.642454190847594,10.70825184974126,1.4609650006879868
4508,1.1540046106984039,21.15556205024379,10.383067196821704,2.004122094697388
4509,1.1446146747471873,24.16942957126862,11.19170730875014,1.0113135962163524
4510,1.1469142832898627,22.278036736143324,10.663841670072816,1.5255837298453157
4511,1.1447297710483755,23.999573101643833,10.731193843429452,1.0852390049970073
4512,1.1449046940065029,21.193238981239695,10.3902455861381,1.4080425856343686
4513,1.1403781867439777,21.138817701000555,11.072804741089449,1.4705032403753973
4514,1.1386816589226865,22.234519843769156,11.092673204736728,1.4767599308371389
4515,1.1414514024439804,19.82595011591024,9.867169918843919,2.1732915516965083
4516,1.138406631790886,21.99429720473267,10.418650017404698,1.6687676491904182
4517,1.1388033121766004,24.513723576844324,10.524451625854054,5.971101712738257
4518,1.1382107410532405,21.557765610870714,10.25607478425456,1.2520656818278977
4519,1.137354609567723,23.512837669806505,10.705091650397046,1.520484648730233
4520,1.1386878250968224,22.142171887895774,10.428213305126185,2.147236751861865
4521,1.1363941546970835,21.754157612758195,10.750756465343253,2.2358521650667904
4522,1.137525878743779,22.607918424094855,10.344218917303301,1.044647666127036
4523,1.1368790193598095,22.69141111614315,11.048441551881927,1.1827056098202766
4524,1.131887008858146,23.61511692116692,11.00996423840714,7.1311324909893905
4525,1.1353815996615881,23.752395446164073,11.223959114971393,2.680358082913667
4526,1.1381299954304305,23.18385954379455,10.910350710410745,1.3324701914417039
4527,1.139172650166844,23.56665894209138,10.632632875333789,0.9990294240166349
4528,1.1351221264734437,21.81967736508771,11.155229580594188,1.1385960710767151
4529,1.1344811697211985,24.027296893070766,10.689403696177738,1.7532891194395126
4530,1.137419099167987,23.89725177178209,11.109044984039114,1.2051206821641651
4533,1.1341857673000542,20.160869587813163,10.817856206983315,4.282990919782121
4534,1.1332755503607723,20.526791047541707,10.961645560739184,1.1649597341453168
4535,1.1321683502521198,20.9823589932338,11.24389470844448,5.13047480484447
4536,1.132341419214906,20.069511329172837,12.335985730322427,1.1650144156764348
4537,1.1339519528117443,22.34509147704702,10.843618055852279,3.6617365080535853
4538,1.1350455854414148,20.592890375118866,10.15960266865743,1.19944955709777
4539,1.1313124315442658,21.172987411357656,11.786962923760132,2.7855465071057592
4540,1.1335783628853713,20.11278507612731,11.051972259822504,1.9868782934987266
4541,1.1333824529685328,20.851649004842997,11.5171151434183,1.093380792914439
4542,1.1398413572812933,19.96728712275093,10.642137405875362,1.731281175256643
4543,1.1337456414618603,20.507531875884478,10.91425344607318,1.3768076215919929
4544,1.1369544034951622,18.875742287745886,11.108572918397382,1.0136618667393933
4545,1.1319204105069818,21.774550235092942,11.075790729911938,5.2015276454538135
4546,1.1358882044928849,19.435476547895078,11.323730418280329,1.7712197060073913
4547,1.1373370722004477,21.07160830030688,9.821854781241877,1.5917995012482957
4548,1.1322790539986551,20.714952706788154,11.458319841780312,1.3584812994283098
4549,1.1366763304528449,20.123717237597802,11.768263938752604,1.5043989298557843
4550,1.1349769316725304,21.840628370430974,11.110039745399444,4.1049620387030075
4551,1.1372811038987647,21.207559535749617,11.215968570898186,1.3717319814834144
4552,1.1391885804824051,19.46942326505744,10.769963251452115,1.2811490197869317
4553,1.1366687039872563,20.341276318834677,11.835985536430135,3.1155893274429514
4554,1.1365594038951452,21.26892480148631,11.616813741633056,1.15861517018527
4555,1.1383508375922462,20.026327447710432,11.172903642282513,1.4522603745549278
4556,1.1389626496900096,20.411401675647156,11.107959866441718,1.8792006711247404
4557,1.13785943107684,21.188870107631782,11.166791113851817,1.2530968650884409
4558,1.1362187496514238,18.940939753753188,12.716513727005932,1.589069231625193
4559,1.1378334329427189,19.582600962826312,11.909996659206532,0.9849081400937664
4560,1.1393181682544078,19.30972379780933,10.222498377561807,1.7962344701557817
4561,1.1344079183317544,20.245935077538363,11.53992877825507,1.6268745385696708
4562,1.1340218881735904,19.731281265217202,11.448574598581946,1.6946192879237327
4563,1.143901020387999,22.497719998932975,11.883228071166746,1.2085749870801892
4600,1.1870420919431663,20.876943064703365,9.666657237916246,1.5494887021784656
4601,1.1575643304428658,21.27724226652943,10.769535882262295,2.02204618010494
4602,1.1541595603355856,22.71861468713484,11.459167756183845,1.3599347947222877
4603,1.1536894804793334,19.58577827114029,9.950153410054364,1.5139484551114069
4604,1.1482159270063408,23.49925816690534,11.054323283809362,3.228245407875787
4605,1.1555308405229412,19.94395793023392,9.652205942148697,1.585578793742062
4606,1.153675337136081,21.41044822720585,10.196605499045267,1.5453894906181525
4607,1.1478298081041651,24.25784710415457,10.558496187060058,1.514605471364035
4608,1.1522556768174146,22.06269160022258,10.329994762656048,1.9129315621815728
4609,1.14068936328122,25.553986320373546,11.223465880960934,1.255935393178043
4610,1.1442115275948626,23.160053378271144,10.843182349862792,1.1796874715408436
4611,1.142949001373214,24.904332286802124,10.708687195770741,1.0905337307215552
4612,1.14164173185562,22.112627381117015,10.846082600267808,1.3134518401777047
4613,1.1395223652925366,21.633913684411958,10.89067038676756,1.1724849515296396
4614,1.137575110700419,23.046571405765242,10.839258041974343,1.2550019392463296
4615,1.1382079636765772,20.69100009864482,9.793136688712842,1.6475868071874442
4616,1.136012524495366,22.994224656136478,10.543563627878086,2.077946832514593
4617,1.1330677281941146,25.433377959355994,10.554238437371625,6.266028365041385
4618,1.1341782551133144,22.56572995071186,10.48296119358043,0.8534003975963931
4619,1.134405910065854,24.58747555403835,11.091812362108678,1.772395536649699
4620,1.1347377933096476,23.32090137061754,10.73494220122371,1.9638039529374514
4621,1.1327863591501712,22.578663046069124,10.564185046534833,1.44041929745514
4622,1.1344853733949984,23.47857272780835,10.230906714273338,1.0691320332741185
4623,1.1330765697907599,23.70108235708748,11.259953645222241,1.0548906045657376
4624,1.1297186916629343,24.716607406893818,10.807568955040557,7.430540480761654
4625,1.1302922663413806,24.798415734630044,11.093209612602248,2.1755672826080112
4626,1.1340762040152192,24.07846430471994,10.855190908454771,1.0556877844744517
4627,1.1332082702165591,25.01781476347549,10.297808882908521,1.1668945581577077
4628,1.1319165384291558,22.710871835309124,11.066905913230189,1.2123103547735787
4629,1.1301762738537648,24.967885772010987,10.789262297845614,3.370161616286299
4630,1.1332934253610683,24.756605185873298,11.1640749889587,0.9104745559843254
4633,1.129817606022213,21.427312083590778,10.36069080671712,4.29115926135273
4634,1.1282818615346029,21.47084457341256,10.678183191150108,1.532368608894617
4635,1.1285433751025802,21.988755245840252,11.217756655885307,4.53209783789208
4636,1.1288276776303316,20.4468447915262,11.914847246049627,1.8349444424413095
4637,1.1296628209405806,22.719735599963276,11.039131510520816,3.1670694579120617
4638,1.1311021959068144,21.24556271380752,10.064015353170408,1.3027442855689608
4639,1.1294667135251848,22.107956237580613,11.494728926609536,2.413903730611619
4640,1.1293180507809248,20.904606599638495,11.08377465872394,1.5006266821908805
4641,1.13020166383295,21.996720232934724,11.505256666878081,1.0356402982737856
4642,1.1334052042013234,21.02018558793311,10.585162409274147,1.4178682443207267
4643,1.1309076688781472,21.65100768422822,10.919139571261043,1.2049698176638817
4644,1.1316998055132244,19.8381234967699,10.842515086867744,0.9730672593563813
4645,1.1279361673323636,22.923230250466162,11.273472175033868,4.212147599791135
4646,1.1327011554877613,20.51702207192401,11.432829475066585,1.2193635277208834
4647,1.1362121564375671,21.846697127792194,9.603701310415428,2.0966903332043727
4648,1.129710474739329,21.61699632874408,11.167423860900282,1.6824154081438172
4649,1.1357713844798571,21.318585670624337,11.131258195437184,1.4819091887389313
4650,1.1347144560126488,22.36375418586136,11.279848259063007,3.3744250691810267
4651,1.1344438390241143,22.092652304018305,11.076955816678572,1.9699524792637562
4652,1.1368412738460274,20.504101896634992,10.430391417335489,1.245697352428598
4653,1.1346259881697367,21.400174883742054,12.109948690007943,2.0784118318738973
4654,1.1338666910419088,22.1892266132416,11.95370706627496,0.9104719233619185
4655,1.1364587018193877,20.7117720671442,11.425242199469741,1.1749718674218474
4656,1.137606917225948,21.33862407597897,10.725973164695377,1.6473220733455662
4657,1.1335950277157263,22.156994853911062,10.832819562242904,1.7247416709050425
4658,1.1328177445260486,20.035569043030538,12.399157342702864,1.670371601617499
4659,1.1320516290638278,20.495534692779103,12.111785748585532,1.1234922085426415
4660,1.1375638451605106,20.26996261394391,10.024008642946304,1.3223544422584754
4661,1.1331194101011646,21.332362048803695,11.44133362868141,1.4079604430304145
4662,1.132733306264144,20.30048541165368,11.035652627532473,1.7352225556444196
4663,1.1432708499129591,23.234297437693087,11.657824591281281,1.3318073414449398
4700,1.1882781995578477,28.307108102819413,10.073605674923888,1.8450884681815434
4701,1.157976418463576,29.648419972453155,9.989572669574867,2.2870787583551277
4702,1.153680328408322,30.81359812130006,10.842671883932079,1.3213400331821854
4703,1.1547115663541654,27.562210758828044,9.82215147133227,1.0636276459833667
4704,1.1478956218028153,31.941349708520363,10.494284205697245,3.238940866910644
4705,1.1539678875053017,28.31806686188871,9.447349602105012,1.5819044365513606
4706,1.1533300571256133,29.646372094289436,10.096653025724095,1.460540287815416
4707,1.1485005184592096,32.75957791000711,10.158898183927764,1.0195449831574843
4708,1.1526796974407807,30.369647191678595,9.854591849438373,1.8379361562270098
4709,1.1448155900930481,33.61098700145717,11.005745402582571,1.7852059117924681
4710,1.1437444599130557,31.622565594967863,10.849929159055996,1.5018114638203233
4711,1.1443692778695944,32.76507635149272,10.399266924719152,1.1249474165437854
4712,1.1404263724867532,30.351702573117098,10.380144255675365,1.0414482458563055
4713,1.1385346051534815,29.987893916510377,11.00577425983694,1.4708383143663937
4714,1.1389127689164362,31.26640216180506,10.741224828640117,1.46162055367543
4715,1.138278410353734,29.34712374781217,9.481283747333658,1.0838048268726819
4716,1.1345533637694052,31.184390701758133,10.601771888179236,1.6512914023415304
4717,1.1332702844908606,33.715734329820464,10.295932780012691,6.121926672927655
4718,1.133501037276521,30.814676430692735,10.216280638603603,1.0662525226614668
4719,1.1354705889922945,32.806037463673,10.778410212495343,1.5017821576838073
4720,1.132549281095268,31.835706459197883,10.763966020914351,1.7738847362413757
4721,1.1331207720134868,30.98515360475595,10.107654051111727,1.8766636737253073
4722,1.133460069313862,31.938406488836296,10.07921898465615,1.3628129483252878
4723,1.1330035867217942,32.00902666289444,10.905549502896456,1.4765721851894766
4724,1.1273664152312932,33.2260116768076,10.582632153992968,6.752309287222534
4725,1.1311211271577948,33.09337391964309,10.665264799509416,2.40416365640995
4726,1.1355216142503626,32.25179759021444,10.780642039679428,0.8166516999491868
4727,1.1317526456506413,33.39644325939729,10.429672584551659,0.7588644722501344
4728,1.13104589044183,31.174138127245197,10.9153829223189,0.8429856001160787
4729,1.1291259588647553,32.95347476366107,10.584926574651956,3.6136746620233646
4730,1.1326978825609781,33.215983981894595,10.846547031147248,1.20935732481836
4733,1.1308554381872937,29.457377419002512,10.425274421042028,3.404687831307347
4734,1.1289522038571393,29.601350875016674,10.420417261389625,1.2100053816288299
4735,1.1292149128163922,29.996312429647496,11.08194331833461,3.8328576244648263
4736,1.1276287098544253,28.8881337068978,11.727978221230735,1.4693749952892559
4737,1.129659967342883,31.534054393405572,10.595141943002051,3.2105862098769666
4738,1.1299892349526621,29.85766872295739,10.009894935321169,1.4348995586863822
4739,1.1284049243229015,30.711601324403986,11.387076074254724,2.6523346005410704
4740,1.1310169919268451,29.07469980146208,10.834845474075337,1.4963019231601524
4741,1.13121997977145,30.06092270283212,10.971301722815607,0.9253186183729716
4742,1.1338457512250955,29.42216837917554,10.473132924009068,1.3711537941792495
4743,1.13158969940454,30.009171903688024,10.460001112836052,1.1419211973851848
4744,1.1330525066726826,28.10054119751634,10.862678811872998,1.0883166796128585
4745,1.1299098281367514,30.91452350815541,10.668918458146042,5.307774328387891
4746,1.131405508741221,28.978915309013882,11.39350730325583,1.2614875173732052
4747,1.1370274576799893,29.978513722501354,9.667779360734473,1.6744970466368356
4748,1.1316024014248647,30.0537367286527,11.37845485826594,1.9656048706028708
4749,1.135315930044035,29.244760726955032,11.016035081762876,1.5125425759252995
4750,1.1332935071062678,30.992197606645767,11.121438190819273,3.324790561714228
4751,1.1355101460239314,30.346785689156142,11.050302686970493,1.4901944254765227
4752,1.1364456166006285,28.902127171700478,10.358741820473739,1.1359444047097647
4753,1.135539802117087,29.36078991085465,11.682903968179307,2.314236462578559
4754,1.1354183146113774,30.29083434656543,11.806665728686424,0.8802296741110549
4755,1.139450739917356,29.01708971289498,10.926445925395441,1.1096630464876331
4756,1.1387281344054552,29.84296275727964,10.713169411814299,2.2426021407590313
4757,1.1388138958307936,30.44344001517821,10.842320559408433,1.2420424332424835
4758,1.1352708695216016,28.326064817329954,12.27282844254262,1.3700440736840265
4759,1.13724756474092,28.396093419085815,12.005550831397713,1.1923271582832322
4760,1.1394612801080561,28.3797780335617,9.922464479515902,1.320464458613093
4761,1.1357511659438648,29.41137145341894,11.315396786830972,1.059888844280995
4762,1.1363492230636687,28.998587052584877,10.801253085546216,1.7244368409967628
4763,1.1442239920359762,32.04775438964697,11.465623398936776,1.1382775697496392
4800,1.1935714939939408,21.51881400284503,10.291111159590628,1.6511788098307392
4801,1.162471032218729,22.102466616751805,10.219784371664192,2.584815209263336
4802,1.162025067829887,23.46578519592614,10.973856323647835,1.775909401350192
4803,1.1628720341911447,19.919850891511302,10.105928087898523,2.1337954019822867
4804,1.1579680431660062,24.14972349916886,10.579586305257608,3.448056108258439
4805,1.1647463772314393,20.666635881240712,9.775973444572344,1.3248711878237818
4806,1.162443431751725,22.40771739316987,10.410992955767174,1.3786854140610612
4807,1.1582112735484376,25.21589404353703,10.571762479356675,1.8156242103927458
4808,1.1625845283710947,23.10396286391155,9.97319557871505,1.7565717145728994
4809,1.1502153329449891,26.22765268375039,11.285893756006184,1.1280645758965688
4810,1.152970959109015,24.288712541377777,10.77415486986605,2.0798271767434193
4811,1.1503567963790922,25.401515407517127,10.94608967890742,1.5006288019824447
4812,1.147966513466849,23.080064493657723,10.188210398802068,1.3025561958689467
4813,1.1467229117942335,22.408404198375404,11.231745561294526,1.5446750104168663
4814,1.145759866994846,23.985104962652628,11.086571866379613,1.556289838888127
4815,1.145658643632625,21.711736411485933,9.482663290606848,1.6473156085983782
4816,1.1448169122836513,23.53777564814054,10.471968493450504,2.1133465055110974
4817,1.1393191586945424,26.42492968550539,10.862104376969665,6.823283876388854
4818,1.1382340220301268,23.36768784517876,10.578216740169845,0.8873710380737958
4819,1.1408060810454017,25.47724314425312,11.102965345036756,1.9411481239500863
4820,1.1400728319274036,24.060894607551944,10.805893019994182,2.1874842589509274
4821,1.1396765472721002,23.28386829324575,10.826056716761704,1.562242381633035
4822,1.1390182882154072,24.511178791125353,10.265965827031478,1.1682182781025987
4823,1.1388271634563307,24.541413191912035,11.044233971318686,1.4142018560521992
4824,1.1333493442783986,25.82204217313267,10.367306443972463,5.798718309479992
4825,1.137384831503222,25.840112595611313,10.81563860224612,3.3293566337459475
4826,1.1387769218625436,24.969780815424983,11.31043459491142,1.1770395608035582
4827,1.1385473362065868,25.560968973397177,10.395069109038026,1.428158755581815
4828,1.1379023757075213,23.681374635550377,10.704037369549138,1.395632827538848
4829,1.134899937242497,25.52044426786738,10.684067767723295,3.7783012975106467
4830,1.1400876421708372,25.31447738340694,10.67732660284591,1.145654961441109
4833,1.136048060479058,21.970373928913578,10.21355143390485,5.560936248043557
4834,1.1329062956684608,22.222256523500093,11.066748861204276,1.530907870618719
4835,1.1361938294314047,22.471755994346513,11.014765198558573,4.493426266698245
4836,1.134305614838306,21.66435119953371,11.62361740589338,1.5349625934379043
4837,1.136765548100675,23.910997719394164,10.741450789994897,3.117583917296864
4838,1.1383873629107955,22.19996638069597,10.037259146793733,1.7591982162232145
4839,1.134779758515905,23.169635021431112,11.546346723036145,3.1819105598993063
4840,1.1366474285456327,21.829193268237656,10.958260593068044,1.461906371132027
4841,1.1370688913515887,22.605623249106472,11.03140229487833,0.9909053521549697
4842,1.142540490028966,21.965449603038973,10.389341803296166,1.0739271345863
4843,1.1373814855242865,22.604267180505776,10.735188622157382,2.035197398621216
4844,1.1406889132497737,20.733583011364185,10.860539943287725,1.0327245669194542
4845,1.1377368894079578,23.634293239825297,10.560881685005771,5.42160785967529
4846,1.1383558962247615,21.444761235103098,11.526037980220199,1.349574408522435
4847,1.1429898582782971,22.918133768127248,9.790344629796131,1.4769576962118942
4848,1.1379348860772527,22.717959280403765,11.43067813859965,1.5440399401918579
4849,1.1414900452219252,22.193922976052843,11.438958969920813,1.7880654376918699
4850,1.1440582239158894,23.136767392088462,11.515747348604407,3.8419619297215273
4851,1.1453720218914565,22.786175627297663,11.285411372714542,1.5387065553586436
4852,1.1466950796584192,21.370579673288788,10.521037485980692,1.6689777264576844
4853,1.1479862013325561,21.770651678438448,11.493209650435448,2.1762927166445043
4854,1.143651394378767,23.045536707304688,11.691947949154008,0.7390572102001235
4855,1.1486353908361684,21.44968532154806,11.065850609378023,1.3022686150286444
4856,1.146289441009864,22.422358372277255,10.832204225667322,1.92001088000966
4857,1.1435329252839024,23.190855940180942,10.913183229336742,2.6003735726710415
4858,1.145150342152775,20.82240468795101,11.871637280619526,1.4805826670613924
4859,1.1464842163804845,21.104731102587152,11.457326462010073,1.1399410000996268
4860,1.1482546075707394,21.121732202437844,10.187305298594541,1.7476143934838761
4861,1.1421648020006234,21.88135483397436,11.535814978573466,1.3916344898870014
4862,1.141286589856767,21.33800043892741,11.047153032488495,1.2086091883211978
4863,1.1509435193172621,23.789718859976812,11.286301706293902,1.7086697426807045
4900,1.1894345346697,20.57667138599871,9.597298633190137,2.0767885437382017
4901,1.163569666148345,20.90367136587939,10.683257133503371,3.0972738556501334
4902,1.1615443894632407,22.57564380044459,11.13465183522732,1.6016174627087654
4903,1.1649050203424463,19.41656935500256,10.678538914050455,1.5116542826676143
4904,1.1623167140668134,23.522949682016026,10.981031642927423,4.183825074729176
4905,1.167879254152808,20.70133497058833,9.820928982985588,2.0066365592287236
4906,1.1655196635779446,21.72985820782418,10.455339183334761,1.849286511103267
4907,1.1591505310380212,24.82626109045154,10.898921704124637,1.4744816164287673
4908,1.1629647482938203,22.462928556983883,10.483014987934869,2.0327431466027672
4909,1.1541284550453283,25.465618693844466,11.465003946697372,1.5697936889054347
4910,1.155684518010542,23.531178508246008,11.130216336025494,1.8567106474419754
4911,1.1530032437759596,24.80805607995918,11.43022580998152,1.2979717057195688
4912,1.150516117982346,21.912361050728638,10.802294926637126,1.5701541877735254
4913,1.1483432780064464,21.759005699967847,11.369985225477729,1.48761810428084
4914,1.1473034230095562,23.092388120647115,10.98128704502598,1.9294150109653223
4915,1.1459268110298557,20.94429624027701,9.715174639678281,1.3788309689121898
4916,1.1439351784480412,22.797412476504938,11.008569565452028,2.622195872321847
4917,1.1417544890865587,25.440809565803658,10.929209871643057,5.1614509615862705
4918,1.1417026123636134,22.511238467409513,10.955384905177521,1.2466157623352914
4919,1.1451259290285796,24.47137745451359,10.870091022471499,2.1106806958062023
4920,1.1416391550306435,23.560259657059426,11.00746977014219,2.3759791593841375
4921,1.1394352470500304,22.709096790617135,10.867564183321441,1.8527611483317323
4922,1.1409640390552198,23.40328882909952,10.258087431397719,1.2664240580202815
4923,1.1394321774271596,23.569738851482793,11.3202117157787,1.310581771490158
4924,1.1353953930126834,24.606260652842693,10.989990025226321,8.389545391502685
4925,1.1368076280051613,24.710692020039023,11.33011935396025,3.0424050252389447
4926,1.1426717981860237,23.889266737244288,11.013991157198923,0.9279036862415598
4927,1.1409514116592827,24.847562228398807,10.581644006332553,1.4082700427335961
4928,1.1374520164352016,22.771198714065054,10.917418489075276,0.8345579977499956
4929,1.136348970079408,24.63030370612932,10.535476825362657,2.6558427829469125
4930,1.1405774101945914,24.59825470064622,11.143748480813583,1.0419166541260265
4933,1.1367967386678288,21.448944690291594,10.722962368554066,4.886678000291523
4934,1.135495495993912,21.112152425438662,10.938531284410923,1.4143959685248781
4935,1.1377008137158418,21.838188699508855,11.167236110514047,4.559081307217744
4936,1.1353266761408551,20.722423068992285,12.376723202047947,1.34426195029471
4937,1.1389979485834507,23.05491495752835,10.91518107206259,3.8370293550264676
4938,1.1412686417936353,21.172735191045096,10.522359017258252,1.7508009684084336
4939,1.1396786895020345,22.008835517818138,11.52537858722351,3.3002753662030337
4940,1.1424271257168463,20.609771324014183,11.224540454528055,2.2644996877762904
4941,1.1414775252703169,21.944127773018984,11.685888885333217,1.402450389693828
4942,1.144490006970524,21.00537363400796,10.936072493458168,2.040408608700273
4943,1.1404508927293642,21.608120077542118,10.844463873907205,1.1122528511422203
4944,1.1437547074061964,19.819102223445284,10.73543194284843,1.4710779060659502
4945,1.138997681652795,22.93091061002275,11.13177136170039,5.68039859910426
4946,1.1427490939154021,20.471416816567473,11.714706979315089,1.7278087735733783
4947,1.1463009341562052,21.845553861876205,9.853287460057468,2.303104722574623
4948,1.1424290223992737,21.593247676420994,11.078385801796772,1.9188379465791048
4949,1.1452343346780767,21.23767939939538,11.376169858954224,1.4942869793958264
4950,1.1465545592872848,22.407025983872757,11.711383493167403,4.670804398995758
4951,1.1488713023445245,22.087136047123263,11.645878427362952,1.536667561160567
4952,1.1502472427956185,20.779659085035103,10.581140829191671,1.9025604470334634
4953,1.1482235076820266,21.607487979938732,12.008311038710623,2.5494456217141965
4954,1.1478865082532166,22.12086718877423,11.989014527027694,1.1159801079739742
4955,1.1498640503813018,21.028707155070467,10.986963169673672,1.2552393067846288
4956,1.1504884712875016,21.88756975678818,11.03125486343338,2.1537571239977407
4957,1.1493265442092377,22.13250499393463,10.934431538214934,2.0534131978159924
4958,1.1468699225327217,20.508367574518367,12.56508319117979,1.427023863504536
4959,1.149258356484911,20.433365239594853,12.341498624809912,1.0406594551591934
4960,1.1521018520096902,20.0198398188707,10.332519792146767,1.976542305008636
4961,1.1447770265519106,21.156236489810222,11.64400536386597,1.26380858150738
4962,1.1439327007593265,20.14565510759075,11.272137679455675,1.2284623396767327
4963,1.1523815891241578,22.957205954784495,10.964483936813298,1.5405944070400597
5000,1.1908947485551027,21.42401409515939,10.221301224800401,2.846121502486314
5001,1.164087838624276,21.709914856328258,10.451574697919174,2.1431418503904673
5002,1.1649736664797907,22.86265120482473,11.11586473108302,1.3983619803586853
5003,1.1656573146560907,19.744766760620685,10.38261179781777,1.9050541955838391
5004,1.159518293918606,24.08451078135716,11.143709509825745,4.542974588719028
5005,1.1688960330217535,20.45408319739746,10.253281720020182,1.5132053436305317
5006,1.1650160871915414,22.093748961089123,10.469941920881183,1.1861095199629186
5007,1.160419491841673,24.783774745403775,10.712892131659366,1.4126364681665207
5008,1.1639762261829456,22.5501900369202,10.236485324661283,2.1242941988307233
5009,1.1544790744331719,25.736661469083153,11.624221663567134,1.6641321479752353
5010,1.158214666155254,23.562462457003264,10.721019697354295,1.9176375573405129
5011,1.1550773225954094,24.904296892950384,11.057168466189207,1.0098133731110306
5012,1.1525790266187768,22.472174380085704,10.711844754281401,1.0814255730619147
5013,1.150625093451862,22.060190868575585,11.006268088471113,1.8658559395777934
5014,1.149682715480511,23.50910430234335,11.328403916443104,1.7509813689354676
5015,1.1476850497819104,21.13026817976662,10.024065975982383,1.8335621123151689
5016,1.1466261749761972,22.932137385954068,10.867780877233242,2.829290144443889
5017,1.141829555312953,25.804270339123786,10.768164567551482,8.32361732159729
5018,1.1443008331112692,22.69511806428002,10.589730270927452,1.237232232622863
5019,1.143988100187999,25.245434147190444,11.008502707994097,2.087937199741762
5020,1.1432194828814173,23.958907014742536,10.52002735702756,2.09507862880954
5021,1.1420323976096758,22.835641714837426,10.77165878784515,1.6989060049339684
5022,1.1419200257081519,23.73663885344553,10.621449722701609,1.0481358032897743
5023,1.1401508293144562,23.971543364624363,10.983230001185955,0.8151562494120703
5024,1.1362129953719777,25.093547042263502,11.123441467431935,9.573603009781747
5025,1.1377999818954398,24.71654903264218,11.240382739671498,2.8349865206537594
5026,1.1405187502736087,24.64606014761609,11.163405820066156,1.1143716146364293
5027,1.1408197700177078,25.227645298737038,10.709021283307292,1.195135322242722
5028,1.141117399450052,22.79535921781972,10.704220950532912,1.2440397831509225
5029,1.1392027818039074,24.75995787795278,10.723529136426373,3.4046853052697514
5030,1.1420146292503945,24.866087271964513,11.102487920683197,1.4382002490172154
5033,1.1398586493708398,21.312571960522796,10.701249527508498,4.691151611549074
5034,1.1376725157641718,21.453925130380338,10.889731015891444,1.0082502179843733
5035,1.1377478771050988,22.33832028632675,11.080679329520041,4.146587616069494
5036,1.136410162864723,21.13683635015025,11.948986993728141,1.9143805878133866
5037,1.1398323633326957,23.316998179366564,10.785489676304088,3.113363360203876
5038,1.1413572858998875,21.67686952528632,10.153028445084603,1.237645312992298
5039,1.1397207889110335,22.214631832006077,11.426056280408742,2.45433242940655
5040,1.1404130225870208,21.363381503231484,11.092035243497127,1.5812122226803758
5041,1.1430586031683005,22.255367271573736,11.246200296755678,1.7314570087618664
5042,1.1484534908338129,21.311692208868678,10.529157543609697,2.428762399346391
5043,1.1434895893140837,21.782077476230892,10.89118494302184,1.6443359499488772
5044,1.145540037535879,20.384225455772604,10.958869611142395,1.3290239333752103
5045,1.142003539206849,23.3002901712637,10.986527236764097,5.326068820932192
5046,1.143834447261265,20.993707235659155,11.483680893767152,1.528252700621807
5047,1.1503711825226333,21.952002719702953,9.760246773018052,2.20932953736754
5048,1.1448805733926535,21.539704450756727,11.617519776554847,2.009175967925429
5049,1.1503221794114615,21.561176001824556,11.29419476648963,2.0336822261131924
5050,1.1483945053804745,22.95609138836393,11.593205157292928,3.2157536463924306
5051,1.1526207900640308,22.078836840043095,11.08585239023154,1.6457454466619534
5052,1.1519426730287163,20.825011166202646,10.758684923557924,1.5819808760371474
5053,1.1523529751889665,21.97015291329052,11.565488800527973,1.980994062151102
5054,1.1508973000393956,22.54130065322895,12.141623774927538,1.2218140632740007
5055,1.1512284857577846,21.637778621058693,11.16772263820292,1.326616235151093
5056,1.1526264685527674,21.880318996453898,10.927389246959109,2.251837466792036
5057,1.1504121171741601,22.60200824527736,10.975257925479845,1.9747297263201282
5058,1.1524551649484809,20.37903666020785,12.200292131048917,1.5980207300444276
5059,1.1519710504187588,20.7348891843129,11.949592089321879,1.2479583832594274
5060,1.155370694604872,20.227879217637906,10.086139564924592,2.4063201743584948
5061,1.1485094758430912,21.45733738234379,11.259651212236655,1.3287526616314547
5062,1.147333276507874,20.518090696846187,11.182557419537211,1.432453497442302
5063,1.1573887471846087,23.082716724525913,11.454835166388316,1.6896655047402542
5100,1.180660110800867,19.331264008960833,9.735153403666711,1.8398390076657525
5101,1.1577805180567522,20.526817375352863,10.224781668938544,2.6351929636847435
5102,1.157392544157396,21.583370365424194,10.794966779288991,1.9104663663208412
5103,1.1609730744861346,18.191712042913736,9.77778155538649,1.6686641189144982
5104,1.155253974333508,22.482044524309032,10.616159297311551,2.483315393794333
5105,1.1620412715413975,18.995276341445667,9.434202061291183,1.753589487903438
5106,1.1606988141456567,20.359297769391706,10.668736621584463,1.3177417094993378
5107,1.1537618876918945,23.56221658466372,10.734798742056782,1.5738914502283663
5108,1.160566803504746,20.936000326564592,10.142121689805176,1.7402746929801685
5109,1.1500195615232378,24.069026419678735,10.949222364170478,1.7693504689850563
5110,1.149958393650096,22.061616635685624,10.824863697465402,1.834997184756481
5111,1.1491331709689931,23.724985466978048,10.69361612107178,1.3747401732501752
5112,1.1452708418732185,20.877110458044513,10.637920185176034,1.3142676855008928
5113,1.1433845130075169,20.48203953571593,11.127452623821029,1.03426011688864
5114,1.1417748282888196,21.911449741502295,10.987469096214665,1.02391486524512
5115,1.1426836582344866,19.52018311691247,9.697250898564706,1.4809020816991896
5116,1.1414250078096668,21.509121626705376,10.556315371303542,2.5383482064238523
5117,1.1387940229686984,24.011278457667828,10.691147812940295,6.676475039067686
5118,1.1365924486341696,21.240211435045687,10.605649784403141,0.8213485325091311
5119,1.1372294127852354,23.259599416498787,11.171093720590703,1.5941146762019043
5120,1.1358006673257564,22.072010599803832,10.75891302971344,3.1619841308879164
5121,1.1358110254604725,21.252599401137658,10.883007010035202,2.2097636388606205
5122,1.1369128433582478,22.17434573422266,10.36844256932274,1.162541689511157
5123,1.1345235239457263,22.389166527733668,11.059804438943765,1.2379656730807977
5124,1.1282366975202942,23.57534937313685,10.692058105685396,7.747743390536323
5125,1.131842211358893,23.275768310342947,11.129753309289955,1.9354689378638132
5126,1.1338433371407624,22.74842222265372,10.758550646520519,0.9157253614845753
5127,1.1344535487608562,23.66042854509431,10.512444354140625,1.187559267855006
5128,1.132235739755413,21.288100533586697,10.882890107264725,1.2493751526498031
5129,1.1297257651129624,23.589186900700263,10.474252666583363,2.077384805408571
5130,1.1353248825702729,23.186175689915906,11.186610155133884,1.4088392696652856
5133,1.1331987404173829,19.610762112659735,10.79353663043311,3.762754820790905
5134,1.1312433674394224,19.880468823036335,10.992998469093676,1.369352717888952
5135,1.1323431415228102,20.28253298989682,11.054142216531394,3.2218572691222485
5136,1.1305119650242252,19.404510572305053,12.116525642150368,1.2266941751406448
5137,1.1325238949343488,21.726263555843897,10.807980929089153,2.6559181671482452
5138,1.1348686264624979,19.830849024432275,10.277675256959249,1.1991658891653383
5139,1.1326067577598664,20.813109182255857,11.706647824049913,2.7170448586955147
5140,1.134231510821968,19.77853586378846,11.141063775915681,1.4269219676121028
5141,1.1349504732121067,20.725513209543028,11.337199261264388,1.3147816796255771
5142,1.1426592185913462,19.467141799920324,10.530817030350446,1.6528995773057475
5143,1.1362614381212417,20.157441202001568,11.156076051005908,1.670221345696393
5144,1.1405151944161835,18.777226141863643,10.628251362709747,1.1624461671742312
5145,1.1364401643215496,21.402075548549952,10.769720545727013,5.513689685861359
5146,1.1387167709427821,19.298688944320936,11.436843771484462,1.5482104762335973
5147,1.1445572075190003,20.68143481946426,9.760157429049531,2.5480257025393245
5148,1.1387582382053318,20.116648310901304,11.71644429096749,1.6215028370688964
5149,1.1420034776220058,19.973035091733536,11.510873910641244,1.621895369436463
5150,1.142712404282834,21.235282093991184,11.45705349370359,2.648679949274242
5151,1.1455790138201307,21.13795021992974,11.319033565298094,1.9211993158454943
5152,1.148915468412495,19.250723253337416,10.388168196944777,1.2281004354716827
5153,1.145085482436552,20.085420657167415,11.91731880822323,2.7426759030400265
5154,1.1468182179518274,20.635793654157595,11.713191430980174,1.2943309495122555
5155,1.1498284309055902,19.790688039110673,10.765742213601174,1.760932278513282
5156,1.1493706200648655,20.07398334425547,11.164942705368617,2.198679328762732
5157,1.1469488367095078,21.11572047395781,10.868230924040336,1.5717637042057693
5158,1.145929467701995,19.005344597735526,11.996049615611636,1.1175128465098334
5159,1.1461722903092462,19.305685705184235,12.0622698234304,1.175367921124679
5160,1.1494107183195377,19.081125458850845,10.214317535614711,2.172317721639937
5161,1.144800113086397,19.779931606580885,11.410130273920657,1.424477954073536
5162,1.1409396084873205,19.322291928692934,10.936090342538131,1.0246705879928593
5163,1.1543101097172532,21.93493362767746,11.282068210086218,1.883767547532919
5200,1.1888092033704363,19.916752293589763,10.014226546990482,2.5973866898224283
5201,1.1648345936163458,20.974733631442113,10.61255686538536,3.6128771263671795
5202,1.1637098073584458,22.55369133785253,11.429397618287428,1.6797654059475626
5203,1.1674703185403053,19.4609846054388,10.658153902222969,1.740184657734164
5204,1.162362358769225,23.893610344141514,10.933117585369814,3.376497615597173
5205,1.169250467113995,20.42434783811234,10.108274621224174,1.9292870210559223
5206,1.1702176263950363,21.736981921853328,10.484131371480194,1.8524277404337817
5207,1.163982261780118,24.67940297988971,11.052324891804037,1.5844618693760064
5208,1.1677904088225128,22.324390598505758,10.640070866159034,1.3675002867597388
5209,1.155557038685586,25.516511495948027,11.725271825116586,1.325924049186622
5210,1.1576946549702651,23.049223313341315,11.597331332769267,1.4736647379476884
5211,1.1573063237395418,24.63599397625775,11.404791266391271,1.2438667199926918
5212,1.1554615069137157,22.14096689097386,11.039524374911768,1.026417032942128
5213,1.1517484747798457,21.69942571792661,11.495487821590466,1.828419906734915
5214,1.1510752353980453,23.04586528550748,11.464096767847291,2.0432102356140383
5215,1.151822672560851,20.642659214189873,10.132355939651514,2.0125267554388087
5216,1.1491027915958643,22.393087203348706,10.733383703577417,2.3166037995228272
5217,1.1451985638814868,25.203155611782968,10.859477067953204,6.669585809284217
5218,1.145469371335473,22.41892208068941,10.76556916105399,1.3774109441001947
5219,1.14569673955419,24.42205559469698,11.39421356235134,1.6895501219664242
5220,1.1442463779681231,23.46433908243983,10.917526588825776,2.8820747618925933
5221,1.1442175784303006,22.450001738041436,10.95567834425148,2.761650753773054
5222,1.142718011693785,23.249588703280452,10.457522034594051,1.512857227515545
5223,1.1409601634777973,23.661642810056943,11.660291300642319,1.5931464591260978
5224,1.1367524890086345,24.80331831952064,10.931550872530696,7.393593923571597
5225,1.1398437267368742,24.325117646304754,10.885218757059848,2.3748616905412248
5226,1.1414655624344308,23.74618025836626,11.496518754233197,0.9778070518863841
5227,1.1431944928889588,24.798258506460495,10.691313999511722,0.8605485835977749
5228,1.1422372144110622,22.300972271413222,11.255424838617662,1.1857638215050748
5229,1.1385236608462204,24.442940311640726,10.995458392989258,4.614966847519443
5230,1.1433659447034317,24.168212873375115,11.39301729363025,1.34895700324597
5233,1.14084147735036,20.95284616484323,10.372038440237539,5.374059419139087
5234,1.1406964724080446,20.817832278022255,11.40439781998088,2.074939056668915
5235,1.1378765401431665,21.696649825446276,11.480187361348523,4.206087788370002
5236,1.1410930083697082,20.46947796144946,12.054019219485946,1.6651659866094803
5237,1.141841576114741,22.943910585291167,11.122969281588995,3.6652897313099313
5238,1.1424598991174701,21.31454682362964,10.133249801832585,2.028687948586505
5239,1.1406510375799586,22.08984179619215,11.854754558224705,2.8365323237330955
5240,1.1431253087041648,20.683814620224695,11.464113218643414,1.703069354540267
5241,1.1423417535658467,22.076763505612185,11.616680614054172,1.358938815368949
5242,1.1495514700853382,20.888889916716522,10.822322561059986,1.9975122323470242
5243,1.1450441049652196,21.468931891639432,11.38880822253589,1.317889926599097
5244,1.148142765495302,19.690060083061415,10.954909323401727,0.9313510185095383
5245,1.1469015914438248,22.768727974395805,11.070656609688319,4.588036704619911
5246,1.1487889814825127,20.014921872459887,12.033110616810323,2.047908324673793
5247,1.1539389636381219,21.808375711546603,10.012669998045599,1.639380513588815
5248,1.1493055169804471,21.41862364906669,11.77771782327551,1.9461777430617304
5249,1.1510485879793995,21.8659236628195,11.573635789189092,1.8258301774330055
5250,1.1547958684791813,22.409209859933494,11.835773538446848,4.688760909631815
5251,1.1553486655375362,21.907782470458155,11.71567891878964,1.7311595891885463
5252,1.1573485071474368,20.621759823698607,10.610682308295186,1.5087774389992605
5253,1.1554353370037926,21.498582036554854,11.654289226212573,2.0106189919041126
5254,1.1563910031830524,22.20907124494178,11.974343017040702,1.9089502154319775
5255,1.1575885545976974,21.071559341876554,11.37176566260377,1.8285880389774738
5256,1.159057688528339,21.637210230090602,11.080898922538664,1.7628944461261071
5257,1.1564199371136208,22.02425275409183,11.244217649645787,1.4258313576720396
5258,1.1582453735857465,20.057484956549235,12.63310516444572,1.4810435043953456
5259,1.1543829087465294,20.50710780378665,12.386927740365053,1.5649643626028593
5260,1.1597566882887838,20.02971883597818,10.192169886929621,1.8721333364562984
5261,1.1526689418216982,20.872222956592843,11.401855599756706,1.3908281900257637
5262,1.149754521626329,20.305304503470566,11.26175243536512,2.151487375332355
5263,1.1592535762706186,22.475176570452863,11.271583763812261,1.9901306275117576
5300,1.1845583327297131,19.23323645168087,10.056052380415698,2.18566328055575
5301,1.1603066677330924,20.735227779910673,10.529100858310004,2.890543926860564
5302,1.161221395352613,22.48422056956141,11.191939874062827,2.062780818774924
5303,1.164091389445964,19.045045277710702,10.342467455708945,1.5051957281576338
5304,1.1620547315015715,23.171199109731216,10.939633076953358,4.995090603559386
5305,1.168391817053793,19.956106677491587,9.973837929912662,1.927595090910285
5306,1.1679523880604539,20.9893593686179,10.535953478147617,1.1104857837074094
5307,1.161349435658075,24.364132094658707,10.766129914327205,1.694707430121505
5308,1.16578549388507,21.939324874294897,10.371697609459888,1.717052046409349
5309,1.1546296876367714,25.224697703889618,11.509327782856825,1.7091005508460009
5310,1.1579525239156412,22.824152001887224,11.243327958995836,1.7844250731982236
5311,1.1539837504638186,24.363414430502978,10.742911429155459,1.685222386880984
5312,1.1522341973169374,21.809658372019726,10.689178338210558,1.434392246236474
5313,1.1512421898126797,21.34493755156311,11.292457169425893,1.0946614639759586
5314,1.1487691424720818,22.76331534208218,10.640003783176455,1.1816862123967582
5315,1.1497765922291132,20.666271644691975,9.795462459811038,1.3421496663164962
5316,1.1477106237488763,22.341072048473055,10.542750881258028,2.16901515367147
5317,1.143445965781139,24.874163180558522,10.57290736794889,7.598957370490699
5318,1.1441077937880588,21.932724222810272,10.135788110592513,1.1559540009818348
5319,1.1443636480237702,24.090801243016067,11.141313044936124,1.4165904810202412
5320,1.141893201035157,23.19560609885845,10.962619478621034,1.961611710870243
5321,1.1424877963452407,22.34318435250841,10.708154716782355,1.5460271585031782
5322,1.1420789917333343,22.736277613256892,10.366137115411059,0.8607770578779149
5323,1.1381256976973213,23.404186530039002,11.051966383810377,1.2365793711569302
5324,1.1342910551175698,24.275838404155852,11.002612333598417,5.2661776929255435
5325,1.136989040758565,24.29511572616017,10.9388220804985,2.44652692294052
5326,1.1384960870025125,23.41350714395067,11.134767820929133,0.9175761933598322
5327,1.1397710450526648,24.19007769875814,10.62835601161328,1.2691966367895795
5328,1.1385764330652974,21.93621797008839,11.118624215618958,1.1620979350989655
5329,1.1346679541462144,24.174090236140746,10.680261045153262,4.167035702576359
5330,1.1408728211211554,24.19460254428168,11.18947608203787,1.2673745320459369
5333,1.1390418155658586,20.524613557948836,10.70530487531238,5.029328703600345
5334,1.1341668105912674,20.986361874166935,11.090324912010495,1.4910094597633907
5335,1.1381918348955467,21.440960812651372,11.320223600708397,4.695147871261356
5336,1.1376373790704355,20.01582326599365,11.769328003768443,1.0865242928635206
5337,1.1391157696991674,22.672241420212462,11.103600573900652,2.5724491505167797
5338,1.1413259827428925,20.99821243358977,10.483065642425315,1.4341098988666103
5339,1.1400745916524984,21.939808381561054,11.367330308922309,2.8989861734032467
5340,1.1408543346943918,20.601476267811183,11.26328451688072,1.505520131069607
5341,1.1406696292286016,21.329447351380015,11.646215201246296,1.3722809355984387
5342,1.1493756569906528,20.36085758767792,10.626695930297776,1.68152493437562
5343,1.1438897933139036,21.317446420379486,10.52739210650508,1.4996090435761522
5344,1.1471779487759444,19.496090119229393,10.808516683821875,1.2334892163617899
5345,1.1452746074665332,22.2138314125553,11.133978741679236,6.300832146033649
5346,1.1482612503624097,20.237623848250582,11.627871243774033,1.7081900032802009
5347,1.1531143506016084,21.445818324046428,10.106565537980668,2.0539430507877876
5348,1.1490365258323507,21.159934876255623,11.501112777685394,1.1218838208258972
5349,1.1516116167553132,21.237302165229302,11.316754310455973,1.2648334550749674
5350,1.1508785230495981,22.235165836311385,11.395506590669024,3.3599871471593894
5351,1.1534167144479972,21.790186919770903,11.662819991890416,1.897898354507838
5352,1.157602482128433,20.263214341775917,10.882804630736581,1.6976844397559634
5353,1.1534488309043214,21.07340125477103,11.821388097747718,2.0764056169848635
5354,1.1550620816103754,21.94912327876,12.214389125052604,1.4104156595494768
5355,1.1584643157311882,20.76586165137508,10.929159545115144,1.7547585321765709
5356,1.1595099840521048,21.49571973024705,10.728252739727822,2.1786057033930724
5357,1.1560085326441547,21.795540956495685,10.91400238170951,1.6550453914924017
5358,1.1554551195553227,19.792255903038217,11.993654516854656,1.4173751445610618
5359,1.1563034864100437,20.028285672537894,11.732091348581827,1.625061888466048
5360,1.1591520036276124,19.736281244434203,9.872391062488976,2.3943468864193136
5361,1.1521036593279046,21.13101868127146,11.196702422734987,1.9215120007889972
5362,1.1492662946283678,20.029094609367654,11.292621558461269,1.8296895943618017
5363,1.1556475675000497,23.223546661368452,11.23289800316205,2.361592772744678
5400,1.1785457455665589,19.409759795639385,9.803183281167826,2.9470349448217417
5401,1.1560740682783703,20.63092651754122,10.242483706170052,2.2282769487570766
5402,1.1528379386422412,22.053565836233428,11.32478926221935,1.6778187622946747
5403,1.1570935773538877,18.85076268837178,9.98795993270752,1.6145535017302675
5404,1.155254954970347,23.11112967620663,10.998447181535255,3.8393968549928856
5405,1.1619926180046949,19.65940584200157,9.681112398165121,2.2460952859506578
5406,1.1614733833009767,20.841192703753595,10.438324726035306,1.6758967231544712
5407,1.1542181633757578,24.067079349984763,10.883872814481865,2.261506421799358
5408,1.1606353329518366,21.21608683395579,10.303350685619387,1.6266331995764414
5409,1.1527011366030036,24.904250138808063,10.967638009328654,1.3791428506371752
5410,1.1518891772142117,22.5223999803458,11.067804181632848,2.169890635946367
5411,1.1503634728081518,23.96908906041155,10.772328374986602,1.330556503421217
5412,1.1484102339058668,21.413659096096378,10.468205642507579,1.348902403355603
5413,1.1439982598177345,21.11089482788334,11.257675958086395,1.2428760343649417
5414,1.142591658501581,22.51650018881764,11.083131975723239,1.4473902837593322
5415,1.1434753420731596,20.252226070465852,9.567123831002453,1.6056858458049816
5416,1.1409385320924283,22.120015732486827,10.694203015955381,1.8321117617520053
5417,1.137993664001378,24.81282936173312,10.536756126345521,5.207413377185941
5418,1.1362441698644434,21.684710920930954,10.581229872426714,0.88754935904741
5419,1.1384232351545376,23.563902495779157,10.921438707461922,1.1636880626302863
5420,1.136433033420421,22.998537036604557,10.776203921267976,1.3786985858844407
5421,1.1358367105737501,21.90568647642785,10.468697940342192,1.736402268781972
5422,1.1351626938061905,22.894946622431053,10.24434316733393,0.9089339735419846
5423,1.1352717039882263,22.888955831724225,11.034801897109142,1.4223426939551755
5424,1.13037556875206,24.168535747510084,10.501643250472865,8.073843402640536
5425,1.129894177496193,23.898852490422172,11.2342237583688,1.9249768154703055
5426,1.132982897400366,23.336032158607292,11.484366591516492,0.8037843557802281
5427,1.1324560677833642,24.12183537185903,10.273060810385287,1.4152129598726746
5428,1.1307611657500007,22.167970060851214,10.618221078288816,1.1296285644703217
5429,1.1290704451555145,23.878220926781,10.722296590052698,4.102584172087007
5430,1.1351625017910305,23.913204878959117,10.890682967456936,1.0529367199828559
5433,1.131563602903538,20.447171924181887,10.831372589619265,4.972641592286387
5434,1.1317543666064753,20.286159586440526,10.777888254009904,2.217159194310643
5435,1.1304762149756942,21.132006857602644,11.055189092690725,5.144281541964438
5436,1.1317565519092048,19.947819054074667,12.00238810079776,1.0667524576565641
5437,1.134057896738853,22.72514801053471,10.712105983956542,2.8019931883827747
5438,1.136816887332352,20.519819606908452,9.901938088033575,1.525333195049655
5439,1.1333607499099694,21.562665149698354,11.32035539116205,2.9275269501081764
5440,1.135777988374358,20.321578096151462,10.630223772197672,1.9511060607009085
5441,1.1356473500273707,21.36237215931527,11.414167665275784,1.4633202498728122
5442,1.1412945562523635,20.547813943706192,10.342511405074635,1.2823297361319523
5443,1.1416467217095905,20.870190629551416,10.518583492553198,1.4534063864923086
5444,1.1422055773452962,19.15094431460046,10.605459300582941,1.3007794015207024
5445,1.1419839082539889,21.66148005614134,10.766051180758483,5.411761255520643
5446,1.1409744968835631,19.842358727171458,11.420986689421948,1.5140070058495505
5447,1.1501003633526332,21.23073698861366,9.492126903569295,1.8707983802755788
5448,1.1414911230307045,21.356260382479764,11.32446883627124,1.977503205756128
5449,1.1463403617052765,20.89680572252446,11.464883692842733,1.6413253376968118
5450,1.146810796828546,22.047749862806548,11.214549439096475,3.5836410537951755
5451,1.1494055241356909,21.728721462980584,10.887057190126987,2.2896073815474844
5452,1.1521201191281545,20.071470121165586,10.264973798864405,1.398207300781561
5453,1.1515199990258174,20.82306053068055,11.671375115562617,2.598225250659614
5454,1.1526920231655364,21.513389174676853,11.92282943093052,1.6195575960825261
5455,1.1525447391504826,20.45116182498006,11.023192999037144,1.6610829948434334
5456,1.1554664611759256,21.068834955696794,10.834713689754835,2.100827342892091
5457,1.1533530497134796,21.66128649125962,11.224315270678572,2.20393922299571
5458,1.1481012370431753,19.72274565885208,12.153268320655997,2.0208022735222517
5459,1.1514640141147792,19.970488521339217,11.820175128044857,1.1385131041562673
5460,1.154352185352726,19.660801604942186,9.834530789248166,1.9590886987790859
5461,1.1484567466568139,20.630726139939153,10.796232177733081,1.454113477961494
5462,1.1449061678608115,19.806822780450855,10.72991147235731,1.8373374347311326
5463,1.152878836896686,22.915678709387286,10.995616224112332,1.9057668447739031
5500,1.1828754696296264,21.27578427815528,10.676486467436638,2.791270346240576
5501,1.1590139412104916,23.27760253653725,10.62555568057068,2.5973343283264017
5502,1.162131476322571,24.38224184841809,11.312756743917314,1.8128345065155873
5503,1.1644117199185007,21.321042080286528,10.616727358107427,1.6781251124364716
5504,1.161329477348975,25.833549194171166,11.347433115737278,2.624942294301922
5505,1.1698534417356252,22.15365823843456,9.889686272858446,2.3523974795903393
5506,1.1673533194551309,24.099395836347696,10.559928053661856,1.8897737492663338
5507,1.163380241369917,26.456753377392463,11.085282519872436,2.574354192512585
5508,1.16808448754575,24.22676990220342,10.483030950660384,2.0468532472974443
5509,1.156985363458307,27.253441500677653,11.36120766915767,1.241544951121473
5510,1.160139313167505,25.262611493175704,11.168672454722982,1.9816577297224116
5511,1.1550026457521925,27.247711216081345,11.066434047566384,1.6983939936741517
5512,1.1559377412642522,24.2152343373989,10.739404303632172,1.5831314661106135
5513,1.1527016345705436,23.681006233949358,11.004811613875434,1.2207703493663653
5514,1.1514338159911728,24.752942693844034,11.231725575718128,1.36973861705578
5515,1.1516088969705627,22.578001226689896,10.234687468172092,2.0611845430312856
5516,1.1491233601195845,24.406887649179627,10.876890139132337,1.3725629693317325
5517,1.1432962297453946,27.128679121506764,11.124870353062544,5.942318909097238
5518,1.142557393182543,24.441368382195492,10.779082506063538,1.0545626990663042
5519,1.1469374652931728,25.872888847098608,10.910540054019414,1.685087413713497
5520,1.1433973805422288,25.249532552085345,10.991926772470551,1.9321268931294924
5521,1.1444419966364585,24.27751117577467,10.920391513046237,1.7206377344574202
5522,1.1421285516007884,25.184802383417896,10.822484181223889,1.3600844640642984
5523,1.1407242264945932,25.46068050142732,11.377815657200635,1.0850783677342155
5524,1.1345652565212347,26.616632998926956,11.43793449652155,6.6515588131685
5525,1.1373571481830487,26.00367926691371,11.393983466072596,2.40879801266759
5526,1.1396268117274695,25.52487475655297,11.573673240418806,0.9252032614337617
5527,1.1398787965614723,26.484540582469805,10.813176549266837,1.0426315906156298
5528,1.1390702350003417,24.362960485162795,11.466735782726401,1.218088563592089
5529,1.1371317111331967,26.215992033194276,11.207561653413542,3.7483462157323686
5530,1.141315407341592,26.397942202347444,11.477922742007296,1.3150784648977971
5533,1.1401220926618771,22.994694359853085,10.946239074384726,2.3877542847715847
5534,1.138876342800345,22.861908183914608,11.406378887971092,1.4248654165994354
5535,1.139921309135949,23.754735539416362,11.084157004472518,3.908447819344419
5536,1.1389864685730526,22.321385368316395,12.219525142874906,0.9405596543957989
5537,1.1415485208353624,24.324362719880835,11.231837118136003,2.2792352833700598
5538,1.1425346136819376,22.94128418397627,10.634379896639334,1.8797781718812154
5539,1.1405922141802822,24.47304328112645,11.747210466176062,3.065579787554634
5540,1.1442886463505402,22.789544308070905,11.340912779325576,2.1187676233994877
5541,1.1430335393159246,23.551155591604587,11.644488185106187,1.55829068402116
5542,1.151795286778756,22.55416394187994,10.939748913123676,1.9587350246599262
5543,1.1461165928555481,23.52403225045126,10.822392651213699,1.581112162391164
5544,1.151088841669253,21.39937182358874,10.930024912566438,1.8294637067518988
5545,1.1472992734431715,24.770844355235422,11.06204168406099,5.564352549835822
5546,1.1500679585203573,22.52917572721497,11.847407505284238,1.4828713828437148
5547,1.156383488172813,23.955469434584316,10.31286260771166,2.5176406618207654
5548,1.1514679637807579,23.52029217570325,11.904128649387436,2.4254726677554097
5549,1.1546392063232376,23.40095388801848,11.44404417792913,1.508300694889879
5550,1.1557538453936658,24.524843189760983,11.38515917652744,3.259481644326972
5551,1.1585033010847905,24.372516104748005,11.029404909439384,1.42015406503017
5552,1.1604155004535297,22.72310154920998,10.921696075689038,2.174306046415776
5553,1.1596972309791638,23.07560785559739,11.834982761413613,1.4851667666919193
5554,1.1605739426181891,24.14240562038518,12.262419966730567,1.895608408525068
5555,1.1622042787360847,22.951988774470646,11.338637068017464,2.375496870396187
5556,1.1628718170691255,23.481638085495565,11.163231123765126,2.9884930543722477
5557,1.1603482499944933,24.21146110181099,11.346757270637266,1.5909903987730702
5558,1.1570955469087085,22.46671416967859,12.551162190362623,1.3090726425614394
5559,1.1573520591197797,22.530188052054896,12.142608826804597,1.8390805299104984
5560,1.1622754617574247,22.403547620215825,10.022697559061687,2.2125911418449014
5561,1.1568421519293095,22.792594276647637,11.068794858932442,1.8046203028754457
5562,1.1516501088379048,22.769360580275936,10.928961599250858,1.6223254029280767
5563,1.1628225435689343,23.94115081847004,11.237274279206279,2.641169773407064
5600,1.1980708643048759,20.552616790732547,11.108329685137637,1.7991407051478077
5601,1.1650731342897416,23.347615415238376,10.612508678763206,3.6789111791401137
5602,1.159229234868467,25.639470589225834,11.27632189388478,2.0801331059615698
5603,1.165765050918747,22.220864447962043,10.609773844489382,2.155032039997405
5604,1.1602999730918586,26.995143568476557,11.361704865457234,3.400822514894675
5605,1.1703402872905804,23.4007005597331,10.125389172236705,2.480851853031949
5606,1.167911721719843,25.25050820226217,10.788342761378525,1.8460117949249508
5607,1.1637426094975813,27.919907930354494,10.985076604998582,1.9278215399721672
5608,1.1698220744168721,25.727982520476875,10.554797482005034,2.12827039159231
5609,1.1585114370962346,28.611617360578418,11.676067303862956,1.8392090400235883
5610,1.1605780745688785,26.857571083340723,11.106253179009473,1.9114626633145086
5611,1.1590493110730868,27.871127005784864,11.020600643986745,1.4050521782107144
5612,1.1566542412545278,25.3783179721214,10.826826643973783,1.1855604564311666
5613,1.1553542581310676,25.126339792177507,11.181910123248858,1.5310729268876178
5614,1.15334021012356,25.81930406107182,11.352406574065531,1.7937580770507042
5615,1.153101065373696,24.06790129936854,10.219989925400474,1.7745657480237893
5616,1.1492944425148945,25.737958241431315,11.055748496529226,2.364439548344754
5617,1.147481950825102,28.310562969975457,10.829046389081501,6.424145095416475
5618,1.1458495767855021,25.833226624606112,10.566858286399768,1.7760264844487474
5619,1.1475588388771238,27.68514419571692,11.171425156260122,1.7357505406779679
5620,1.1457035847184285,26.529533543470567,10.885295413136271,1.8148990362317257
5621,1.144860141459159,25.662825322260733,10.735104259160346,1.499935394798334
5622,1.1446611442887362,26.16712473639008,11.172622093552478,1.4695797298766626
5623,1.1418611725537888,26.89010452737954,11.559309847005316,1.3298302410092944
5624,1.1356435217839433,28.009904826851212,10.93409453372473,7.280709469431042
5625,1.1374070569863977,27.57646938310275,11.286899487571352,3.5740074545716336
5626,1.1421191927635106,26.827021092378242,11.206023251506075,1.2394168835974892
5627,1.140022589941065,27.71021454364594,10.879199983230174,1.2101067127140428
5628,1.1377868617839304,25.765600286714378,11.318749467463933,1.3388571445272022
5629,1.1372592759961704,27.61872927856553,11.13155018882638,4.002520662677101
5630,1.140676199394958,27.373652583494227,11.083282511264139,1.3003398256794405
5633,1.1390073291105092,24.350406310931398,10.97803438288987,2.9232601159004292
5634,1.1395359588751912,24.10305569039542,10.983139815960595,2.0799304507541234
5635,1.138755471875346,25.249849949089054,11.781329182726667,5.138450563927113
5636,1.1384642398304632,23.836878018305306,12.179850977055072,1.6444079806512937
5637,1.1405735188056298,26.50331837785457,11.192186436945763,2.7996610095831924
5638,1.145610165526158,24.361478335811853,10.596568486913334,2.3324419573811515
5639,1.1437024958712807,25.467787386941616,11.411804074587089,2.10579229895974
5640,1.1469329944338644,23.797051626053886,11.061044529237424,2.020463431616511
5641,1.145570572370277,25.227743905551417,11.585228875835133,1.2997932460559345
5642,1.1517219153879366,23.87566576294935,10.962681798721858,1.6974674171029234
5643,1.149195274696464,25.264884591893487,10.973921558082033,2.146627595789444
5644,1.1528631455673035,22.94658770906692,11.315216481087289,1.8349511168223192
5645,1.1496287693209248,26.37550578171676,11.102628594662391,5.7931749040372305
5646,1.1532525951655135,23.87015052658766,11.864815203258487,1.9620953915770034
5647,1.1571780889417396,25.24806872739146,10.18479627991999,2.7185340260589634
5648,1.1543749376282806,24.918245218658,11.675317958550059,2.588403460658759
5649,1.15792262660151,24.749326392200846,11.411319812153492,1.5892614293006193
5650,1.1582353726690444,25.72270026152174,11.543739251291763,4.963478369390906
5651,1.1585913802707137,25.259600060680054,11.6944553439736,2.1124004319217313
5652,1.1631035675404606,23.961148746688185,10.456275400195759,1.6327951533775629
5653,1.1595896928989438,24.85972790898058,11.595894998865637,2.75690575834531
5654,1.161372112407923,25.45129483477691,11.862794553752293,1.2910118043803807
5655,1.163583563874654,24.22845470627951,11.431620115942684,1.3560569080287286
5656,1.1636524742664194,24.911551052161084,11.240441322035785,2.9997209270212295
5657,1.1609769161254786,25.666985193026566,11.065630610196395,2.871621654184093
5658,1.1578611008332222,23.891757001380768,12.204709344789629,2.14754972634289
5659,1.160519053528327,23.806725015311642,12.178392973703664,1.6867842062557172
5660,1.1639941492177124,23.58820169922964,10.003733694431759,2.180263364261815
5661,1.1583914223039142,24.287152652688306,11.12477521042528,1.769562577440713
5662,1.1578661685461964,23.278778523454086,11.222945093338009,2.0707459720774533
5663,1.170718138220111,24.70462726456676,10.784977977258562,1.6315227188032035
5701,1.1830725501370714,21.117816578750737,10.630404375502783,2.0576945503362527
5702,1.1652978022906073,22.99466001382835,11.38359708002291,2.6872259350389
5703,1.1677438067482337,20.610902063700134,10.636244535097052,2.609855610789037
5704,1.1640314774212728,24.932131646113433,11.480825640216924,4.0264978868075
5705,1.1714380571111518,21.38067010893281,10.709154271962072,2.494055494819466
5706,1.1709061515097399,22.519494641630565,10.888035665721512,1.714533457502498
5707,1.166298389733207,26.021725086516735,11.076888566739292,1.7087854976600299
5708,1.1732714656737444,22.79315214434823,10.922883602661017,2.6786648807304405
5709,1.1619093326052616,26.263253196739377,11.802545024198036,1.8473642877529348
5710,1.1632120451586885,24.320550891490424,11.37713791072714,1.6209703857339324
5711,1.1609465634811293,26.150865898430276,11.390963511181997,1.5811789445969002
5712,1.1604057620664894,23.03608230725634,10.64902248997465,1.5628179778418096
5713,1.157761388289274,22.688774642571087,11.379148856946141,1.0977512227709292
5714,1.1559782730877104,24.00183520757161,11.291051862038719,1.481973804901875
5715,1.155362859842133,21.728142849284563,9.939097735937972,1.3878386038624004
5716,1.153233399172279,23.83792758688628,11.046179496766253,2.287081677524055
5717,1.1503767655106596,26.25414140473132,11.030361162973046,6.4194852345591755
5718,1.1510078079453137,22.931666295732118,10.908946561491343,1.2239723899674826
5719,1.1486710131301894,25.36008506326732,11.334975818975114,1.8609285346238704
5720,1.148430635165424,24.387276101304003,10.865324334690293,1.6180401366546702
5721,1.1471682487197037,23.079870176895298,11.386491576535862,1.6921892881774048
5722,1.1456649975809399,23.863459383272758,11.180477668892015,1.3258202702084168
5723,1.146186174194326,24.296173514908315,11.262531163501755,0.9728076388052475
5724,1.1389915530091723,25.56016408361359,10.98061649795124,6.786393553251822
5725,1.1423847152655706,25.15575359397741,11.50355158788681,3.5586555466229077
5726,1.14443796889766,24.802650649334915,11.483756657651043,1.4999795841140457
5727,1.142803046491005,25.616734858156082,10.871731320992794,1.0065642823303949
5728,1.1443162674648457,23.178159235462086,11.07782078621088,0.8538994634527665
5729,1.1407750720690268,25.10977440888209,11.215781010814379,3.9399304820342214
5730,1.145270262793985,25.032411775455405,11.277625534769173,1.0922331241985106
5733,1.1414916256136096,21.6797633657701,11.073704000948078,4.539882479004273
5734,1.1420066360464143,21.843782938696965,11.582440279812609,2.3153617722483832
5735,1.1442021623938028,22.388584362379337,11.328526357144948,6.474387037219607
5736,1.1427465135831432,21.419621269787736,11.815488581182732,2.252806960330328
5737,1.1440905457133006,23.692739261466293,11.242989781831877,4.046593966696086
5738,1.1497357312424674,22.02227379924901,10.826405897657613,2.8406470725892965
5739,1.1468338878289144,22.85215406272867,11.63501110776257,2.3340594502897836
5740,1.1503454331083787,21.535275953961406,11.065464293461273,2.07018327239139
5741,1.1526512275798921,22.627369948236275,11.680217365462008,1.8554013667271543
5742,1.155878574084604,21.77069389207198,10.591519410768148,2.0484859835954796
5743,1.152397803232479,22.397452092343464,10.832213529173076,1.398025829788188
5744,1.1549046648803194,20.654781687304986,11.366475882801552,1.2199602530921716
5745,1.1539850793424125,23.556617772729123,11.514546054804923,5.490485515013731
5746,1.1581104070555897,21.25490503751763,11.737999930748021,2.3730585853674833
5747,1.163124593284395,22.929108233064063,10.24117215506466,2.1939040389712656
5748,1.1573101538678057,22.470801614391355,11.86651416888588,1.8849531203682601
5749,1.1611252306139126,22.687971463497153,11.022930444113635,2.0780748240571314
5750,1.1606074315222108,23.61300294888214,11.742611786980024,3.692020835297916
5751,1.1662502540823063,23.170927184977714,11.101643835764195,2.12708793299206
5752,1.1653521627356662,21.85487001336853,10.551971739860218,2.078001729593175
5753,1.1644703413203308,22.244747355125718,11.957171059658965,2.9100867907519494
5754,1.1654994101891862,23.057502172368196,12.072549504224668,1.9761016235235696
5755,1.1663176560579702,21.934321438651093,11.413655010419335,1.7659506565011884
5756,1.166532535682181,22.753250811431684,10.993766334316124,2.232796584418247
5757,1.1621606450271558,23.547982774041923,11.167774996502816,2.3048437027737814
5758,1.1626443219691545,20.951116765493264,12.396723446171443,2.422343610617307
5759,1.1611469389061932,21.7189934563648,11.873533756119574,1.640532770622774
5760,1.1661224530597043,21.384101997515405,10.314136260330825,2.8897997766152717
5761,1.1620063441005357,22.05517516347074,11.094396013219312,1.831529135164908
5762,1.1715465808604928,20.253218631982527,10.864417404021555,1.9651584849996282
5802,1.1820039831249507,22.313813953305317,10.927924945382625,1.4836992725928393
5803,1.1698822203725905,20.63999246456421,10.168472488167346,1.9801101135037062
5804,1.160685092800613,26.00018305372874,10.970322423537565,3.016126542521647
5805,1.174376413916781,22.323402500323503,10.619503809361929,2.7520198898261614
5806,1.1708179770179479,23.738513071958035,11.007264988997349,2.5810996371593067
5807,1.1643169100124942,27.118605962354884,10.906185960293914,2.5146346987077335
5808,1.1722488304659098,24.232188020037103,10.674894838947552,2.1552304066487045
5809,1.160326037764061,27.4352719194237,11.381520392510637,1.887006042108355
5810,1.162763489027411,25.3950130212554,11.153172416558006,1.8198443417684886
5811,1.1602715644013748,26.838502903801494,10.874570228469626,1.1778045179491459
5812,1.1603394069120025,24.166581402384107,10.728589303053148,1.298046628823656
5813,1.157836712599911,23.7082438193924,11.205995739053861,1.2206179525388856
5814,1.1572324764377395,25.029498203844383,10.958687424026733,1.6047749809185465
5815,1.1565010001262717,23.0048158191444,10.172897512948905,1.9221105933971667
5816,1.1514706617083665,24.77436248923745,10.642964411887755,2.199284350801953
5817,1.1493164749772422,27.278520873575136,10.902285758657845,7.340493285691839
5818,1.1523246436124093,23.779953846232267,10.336906256513053,1.0709543261238192
5819,1.150714903373066,26.33138651959483,11.370640549266456,2.4383447663939077
5820,1.1483147893216437,25.05077981280019,11.181857779082058,2.3359757724314063
5821,1.1482448639533813,24.12039625832863,11.010120537038876,3.1591879354667958
5822,1.1471906234096574,25.10686275345455,10.890917403885787,1.1261558767799664
5823,1.1448014368784498,25.41712186598955,11.526498199686204,1.1300935640103908
5824,1.1403940226464275,26.13135306435311,10.895802404852608,5.099286910958296
5825,1.1402852844002278,26.478248688096432,11.793993517357269,2.875156448775882
5826,1.1447673187825393,25.582431148168183,11.365538673952518,1.1548356556428219
5827,1.1452701106429586,26.047818115549887,10.838887689670155,1.1706225722261787
5828,1.1444240090016573,24.196903516057237,11.133473473714764,1.3589357407141687
5829,1.1412492671607342,26.48137253092179,11.037804727863374,2.998140699433642
5830,1.1457963098268469,26.315105361502,11.482436353470224,1.1021667204085528
5833,1.1447770039945102,22.755309052451487,10.327536127234213,4.161442786813637
5834,1.1435811816688697,22.656035441628898,11.155892503769302,1.9849146809124876
5835,1.1438099561901747,23.68148523145505,11.470896191878609,3.4280558508991215
5836,1.1431581207536996,22.247623288639097,12.047943840575833,1.5147765482517683
5837,1.149021401391105,24.80450748534984,10.988593991411683,2.6392607681737115
5838,1.1501984021399487,22.951284565145702,10.23198275105486,1.8202241831998474
5839,1.1474605194319794,24.375170984089713,11.73791520864601,3.194957293379923
5840,1.1494930011627742,22.737116067222725,11.392112721826887,1.4653228504748375
5841,1.1509699573567065,23.779662677947368,11.663641806204739,1.2758006721205866
5842,1.157134244546542,22.93160308456122,10.51884569319087,2.5485163305135643
5843,1.1549758133669008,23.67263785885513,10.730209436144323,2.149533196957144
5844,1.1579463621344297,21.971030737472095,11.166669765175017,1.2945339797558089
5845,1.1534916907254886,24.740113907587666,11.328892695913067,4.5594315402525485
5846,1.1576409966188763,22.505775812474205,11.608005285548488,2.015047925418409
5847,1.1643493657252924,23.722786836437425,9.982109029922809,2.2529337881537805
5848,1.1597585557175754,23.251659291738548,11.54676017639026,1.6231556008973087
5849,1.1642064704269597,23.306619703503365,11.243826601165647,1.514112931354838
5850,1.161229419744263,24.496056558408906,11.917074268668745,3.9578655821028397
5851,1.164339533587043,24.21982168994863,11.419410741694216,1.6541242598999397
5852,1.1655669063130294,22.82394967670668,10.771817870581373,2.261853026048763
5853,1.1650829454504288,23.32626223808971,11.253529909759479,2.4757065880474585
5854,1.1647214427833736,24.400869243101184,11.724819690445296,1.6979713479829088
5855,1.1661979145281915,23.374353872012083,11.130863623691027,1.769935035616218
5856,1.1655857427091267,23.78657122538668,11.031567962748923,2.3189581774595185
5857,1.164645319313159,24.221103942630247,10.929068764663711,2.6346579276107165
5858,1.1635917452961817,22.019562593189406,12.165742458650143,1.5940695645218055
5859,1.161938585967831,22.7481942002511,11.439580132034399,2.673799373618918
5860,1.1695000170182521,21.953109654803495,10.027651953134619,1.9215154713231453
5861,1.1702616864244193,22.823219526047332,10.908592611631617,1.793495234268205
5903,1.1756675592887615,19.06866709256973,10.048979544005379,2.258742601103437
5904,1.1578077194190624,23.715082077039437,10.821804989161137,2.650245304799103
5905,1.162660383201482,20.830353781124042,10.028862700314063,1.6929508804850415
5906,1.1630325931406116,22.39177787909032,10.073353245070813,1.9554611822834167
5907,1.1561265989039204,25.831914570609143,11.025631585689705,2.1837348303557484
5908,1.1644802546714752,22.958371748428117,10.619941980352078,2.7012322158698865
5909,1.1566808126128028,25.87007360540021,11.395974343202177,1.5866826007234565
5910,1.1600188037511632,23.89963888536564,11.053391511193427,1.961564279775632
5911,1.1573456057998,25.27032605858762,10.74457991043277,1.617330568865374
5912,1.1561319081197579,22.74452927640697,10.787063934225145,1.994680465395653
5913,1.1534824716687515,22.35328812312193,11.184596596225104,1.6995563195360104
5914,1.152177355965987,23.652121239725037,10.682106120014383,1.3675638200834002
5915,1.1533209865559308,21.27418905806994,9.486649700223824,2.2396033887553304
5916,1.1516983702301675,23.437059607451747,10.32893225634093,1.6786977170514947
5917,1.1476088514957665,25.86288523229963,10.75949754778153,4.316156484639514
5918,1.1471975613107683,23.147653179648437,10.442661704912902,1.6015750553046157
5919,1.1469860692309763,24.90190655314742,10.732270465609338,1.873210529304596
5920,1.1446528243860663,23.844022066787897,10.747978899757731,1.4788469405207865
5921,1.1451345592438065,23.0290728249432,10.36296454803337,2.3130939896956537
5922,1.1452023818775026,23.552348201372233,10.481523716577724,1.233700239378649
5923,1.144005734421565,23.90099976942929,11.241940178174488,0.616562533389235
5924,1.1380088476959018,25.255705238788693,10.96555443575262,6.480962684019367
5925,1.140367710439972,25.145678786149805,10.819221708385715,2.153789345851108
5926,1.1409200370188235,24.469290570995188,11.265624778941104,1.0257992749507063
5927,1.1413872689003164,24.882374378350328,10.778585022891226,1.0658751377489983
5928,1.1397844020643522,23.213483475258187,10.698388485543138,1.240041047746817
5929,1.1382306803200717,25.09011921407751,11.103373424962955,2.674139140882311
5930,1.1419816857294571,24.734366637290403,11.355852581514586,0.9302771910758567
5933,1.1413982643715095,21.639636598407296,10.643354980634664,3.02876432569113
5934,1.141360749731475,21.64858495521767,10.715368450665013,1.2354879721353456
5935,1.1412905463856124,22.388856459191647,10.720555506645097,3.3040913334524378
5936,1.1423998973767928,20.961160683931748,11.77410061741436,1.1951693997599748
5937,1.1432448350073523,23.878651033714018,10.942331916205251,2.863240844206478
5938,1.1459747415703838,22.065290714656346,10.168845863285524,2.5162863497100694
5939,1.1452485929980956,23.231051335062194,10.959064213062824,2.134319815603863
5940,1.1497196376443206,21.399387797884525,10.942405820354182,1.823979228080327
5941,1.1503252344570283,22.241771210554983,11.293251382312762,1.905115830230252
5942,1.1550865665722116,21.871613415383397,10.414297851351982,1.984946528653918
5943,1.1523388060637074,22.078006315772026,10.603428442900139,1.6006275066217324
5944,1.1560759465516937,20.603217852752536,10.818418725154427,1.5169608099497416
5945,1.1538012748460336,23.289573829750008,10.747360473794517,4.542911385638047
5946,1.1556446180197062,21.207175904368732,11.310802535845337,1.8564381999203794
5947,1.1625696324182933,22.521273587500943,9.833008977988834,2.6724955104689245
5948,1.1564133779969272,22.304009638544006,11.36143062574522,2.677214952507587
5949,1.1610998386923967,22.215368024066326,11.174097019367267,1.9605816963888492
5950,1.160073151986813,23.341029742153246,11.225537031939085,3.1167445547667127
5951,1.1593856896227,23.10638091002299,11.25342260936422,2.188917953550448
5952,1.1628527026849498,21.42329475035019,10.679756809428477,2.3537836440446944
5953,1.1616747131543053,22.391047442049036,11.466202971169178,2.2802970143404684
5954,1.1609175394143518,23.019864682101,11.438454661192418,1.2015268808584894
5955,1.1619748028481967,21.741687190281244,10.88119450687072,2.18419845182885
5956,1.1608594508911025,22.48711986960523,10.773072622673403,2.8033459203989333
5957,1.1624082688141046,22.747177198288107,10.375748222891954,2.6676101750189827
5958,1.1585065641548629,20.429711304338074,12.281170865849008,2.1155114953710927
5959,1.1630521838019945,20.903971991488365,11.205233404484359,1.9202402831286465
5960,1.1778433475907857,20.502340924299656,9.590759298282514,2.371099617614878
5961,1.2006806018094436,22.53246301071388,10.841376237170957,1.1575642117234253
6004,1.178385189938898,23.685343384889553,10.098297119878215,2.0625237278650688
6005,1.1711969139465073,21.274360028856258,9.889984068981242,2.2679062061277713
6006,1.1689544793898683,23.4930630424981,10.774422025067759,1.8305821103534976
6007,1.1648449187012866,26.477500382525477,10.674257841160001,1.944781917430763
6008,1.1747191837526119,23.957093046915805,10.302297877568451,1.8595209997889741
6009,1.164262285061633,26.90511439453387,11.483657123557448,1.9535489477417671
6010,1.167984784834987,25.274007694512527,11.06310237551122,2.2213280562865987
6011,1.1661666196490255,26.971533252833776,10.98918833284301,1.938001310502616
6012,1.1654316464839627,23.986093345765294,10.680010079545047,1.5569688693545252
6013,1.1650875558012455,23.663108224782686,11.035169118853288,1.966308068304796
6014,1.1616320434069713,24.985636619905417,11.309391277263837,1.3545118892023922
6015,1.1637656347076049,22.621337063976547,9.715002174123804,1.7335113418394115
6016,1.159130899453957,24.395040826176896,10.736350008106438,2.330710452853311
6017,1.1549380888124665,27.312151066715646,11.063075967582938,4.38522296609126
6018,1.1563099638216383,24.366087497840248,10.66781008069285,1.6148911684177998
6019,1.1567011309697492,26.191184491234143,10.892729065478964,2.3428639489513614
6020,1.154984303625106,24.90058128487974,10.745134302247854,1.6963704810209665
6021,1.1534290038156811,24.108799470235393,10.957350817458963,2.0781352309000245
6022,1.154658375938538,24.898905136017135,11.077115730223284,1.7131956542631641
6023,1.1506946642386022,25.335594607353123,11.292785221823964,1.0958616389350186
6024,1.1460700078384336,26.645860304003843,10.836304283414293,9.393135254128062
6025,1.1506008686432796,26.21653361996315,11.057279772005131,2.2659556751645136
6026,1.1509495924905393,25.963445197270705,10.896218414391509,1.050790590272798
6027,1.1498714489015058,26.621087103826422,10.833905012444045,0.8212179376731502
6028,1.148461152254504,24.134661049302817,11.005010363717359,1.03661516747929
6029,1.147774139779268,26.06742083090934,10.55549766590457,2.4569961959985585
6030,1.151946023637923,26.38686096708438,11.210730372683551,1.4241279427461249
6033,1.1507918178258023,22.632822106448078,10.909176189507802,3.6628948673408988
6034,1.1509555203254658,23.177535229606818,10.986006296848057,1.7491949090754482
6035,1.1524935955281774,23.318151153580985,11.290709396032906,4.810533782696099
6036,1.1550162157349986,22.028928515752515,11.993162674186015,1.8701997478854682
6037,1.1544149319645856,25.007955698245087,10.554468804044825,2.9762972712242646
6038,1.1589435067343017,23.394021963734804,10.28857102410021,2.257878776665678
6039,1.15615064953082,24.05432279651685,11.181229332785035,2.364791687444364
6040,1.1604670139286204,22.557379592073914,10.727821060595803,2.2650865476124977
6041,1.1615429408719797,23.498383565841287,11.589479624933707,1.662963421666891
6042,1.1678933497636979,22.670695422021396,10.165620764742958,1.8901335872650025
6043,1.1652825349774296,23.173765078847048,10.704914256254288,1.9683846462395687
6044,1.1673579871760724,21.837856176827888,10.743814634962852,1.424284458016917
6045,1.164540293440958,24.540508404811277,10.74749249624628,4.950085279907059
6046,1.1670046436990147,22.556795113345895,11.236701807711933,1.6489507969773107
6047,1.1744838077776671,24.094418063456285,9.7849815781043,2.5257588870680414
6048,1.1689011085779126,23.763450968923195,11.316391137826317,2.9732681613122462
6049,1.1709870097825599,23.725794056084833,11.099498216041422,1.7457928552855988
6050,1.172743444974676,24.168430018177688,11.227254938259778,3.040114558496972
6051,1.1719187048431197,24.023706576351746,11.115105355940294,1.936251373305186
6052,1.176391990719865,22.46632674156141,10.660367529468003,2.2402577430994373
6053,1.17058168898037,23.452896817221404,11.510422325396002,2.2460322567073394
6054,1.1702086440243618,24.212940507355437,11.939273272477246,1.6238128456766243
6055,1.172810390788221,22.892496459980343,10.955527752382649,1.656786616049643
6056,1.1698134096032324,23.82855047502215,10.678273908012654,3.1752745466430556
6057,1.168598128033264,23.883739388517114,10.353722835958349,2.2210573084485414
6058,1.1685323792213098,21.399485092452903,11.777683180297597,2.3821555869916513
6059,1.1804783198098039,20.948418604221487,11.348900626617548,1.7275789168073563
6105,1.190130639976074,20.08351812632075,9.791912686145311,1.707176731985198
6106,1.1762029935494196,23.170783483780564,10.354847680218846,2.0858473503481783
6107,1.1685047653440184,26.932573186839463,11.035184101829193,2.9811967555080314
6108,1.1767131844844045,24.555157105355605,10.981606371468724,2.1009923345551313
6109,1.169301629095973,27.51739068126657,11.530845803483016,1.7747204320489032
6110,1.1755478718720642,25.450240450205815,11.178805713592366,2.308011456836193
6111,1.1713386985411642,27.253067600934436,11.254730429022906,1.6618083708098725
6112,1.1726930803039364,24.624314176087683,10.807533574003692,1.754507052357808
6113,1.1696110460831413,23.968408380973695,11.587005453952203,1.9405817363499995
6114,1.1670317273454958,25.4006283218033,11.132523507087408,2.307773217902135
6115,1.1700329336561626,23.06753788279716,10.188198058489418,2.322875141884989
6116,1.1654058613525953,24.948496144596753,10.666482971107838,2.7253743978594085
6117,1.160490397785148,27.76483984467649,10.858370216140539,5.590225509824132
6118,1.1629270448354956,24.83082692283618,10.488608425090261,1.8653426345725101
6119,1.1636953180134118,26.597373565102988,11.462181835984154,1.6282663145705965
6120,1.160563681536152,25.601117315593566,10.810530397578113,2.616454814310539
6121,1.162268343244264,24.578504035792847,10.628549868010968,2.6035275634374857
6122,1.160507704421189,25.478505243199862,10.942566826361201,1.3342557480228765
6123,1.1593369497998827,25.678045434591546,11.142726296988844,1.1735950068543808
6124,1.1549143974208056,26.72134434866253,11.010241114253853,8.855187096426473
6125,1.1566973423763458,26.787346991745906,11.169898213458932,2.3136846449416644
6126,1.15843069428402,25.98460283917715,11.524460079849185,1.6851202047662817
6127,1.1569083272495275,26.908489233473023,11.152323930561508,1.0567070408295178
6128,1.1581274830280652,24.55594902210072,10.816670331320726,1.1035119567756768
6129,1.1546090279017758,26.982574222262546,10.84089210743242,2.8247339131979246
6130,1.1576894365232788,26.655535431198622,11.796769371853694,1.513650836908006
6133,1.1590340932472145,23.04179729977177,10.733229108048965,3.512939596368195
6134,1.1573256789919115,23.762964889062555,10.670624285980132,2.74525172089036
6135,1.1618641640455245,23.97925384074549,11.338383480098829,4.0061725431435775
6136,1.1606294193462918,22.594577262617477,11.94328014297213,1.4921954979435947
6137,1.1628189251835401,25.493652211542173,10.98808725683173,3.05818310401171
6138,1.1683836990805505,23.871185364474243,10.728171546157592,3.048670827103644
6139,1.1664465178817494,24.495612708686636,11.26738479774101,2.8552225605537784
6140,1.1686878187341494,23.20920734978135,10.76947024013056,1.9933481881883863
6141,1.1715462527681841,24.041663915135747,11.169324259644114,2.421018592536777
6142,1.1767517394206435,23.25103341688257,10.281613745352205,2.6009629718202536
6143,1.171361783064465,24.198327628983055,10.56269360632961,2.012563190052436
6144,1.1755058800621117,22.32123125889144,11.127438319378378,1.421443245731982
6145,1.1712247854553337,25.578976090086755,11.0912036341662,5.809091866730017
6146,1.175700866681603,23.289907795065893,11.80786628351973,3.3228473674695334
6147,1.1804746997251376,24.487786846630584,10.077770800624414,2.557565116338648
6148,1.1758809225991527,24.254157672287484,11.182869906998379,2.2098773803879324
6149,1.1784068461151957,24.004823005550826,11.617612784900025,2.0829680970737496
6150,1.177550820600389,25.20359480274708,11.434043110083913,5.766632197335222
6151,1.1786761858470858,24.61638217997332,11.774570397689494,2.4103047510058064
6152,1.1812709349257549,23.199036256889027,10.639938793827714,1.7149679272771303
6153,1.1781176670490052,23.588616104184656,11.494226251785463,2.8113270916801856
6154,1.1788491623479054,24.551136570889014,11.668384971099217,2.1732367825326193
6155,1.174890469300929,23.816602030064313,11.077167030164913,2.296190021760528
6156,1.1758763164732575,24.348758743067606,10.81309833034832,1.6843607849916669
6157,1.1751986579142812,24.47701999949543,10.655757760568717,2.8216055221227663
6158,1.1819832637095349,20.63927185487189,11.585212302465644,1.548807082207062
6206,1.1905595756671008,21.34436015584168,10.018637748858175,2.918699326125327
6207,1.1742921998447786,25.23337695893949,10.863083291833293,2.549178488297607
6208,1.1785432864209195,23.172015557012074,10.634690596980239,2.093246555928217
6209,1.1715356499957117,26.6213633620135,11.242572845983107,2.24696572506325
6210,1.1753333014843732,24.77463791676704,11.155792994895299,2.07036530116198
6211,1.1759005291462328,26.193157796453626,11.077340689454973,2.0817157805637208
6212,1.176678604590682,23.95581715554958,10.622607710427477,2.0643386109625497
6213,1.1753274857939313,23.24115147782361,10.819537688879787,1.745094879231831
6214,1.173610817749287,24.23388647297835,11.276608845388386,1.8734972296775563
6215,1.1729521201012314,22.209111493524453,10.139355903335531,2.6319733754464996
6216,1.1721057148096785,24.464879322146757,10.816793205362758,1.7808038638885977
6217,1.1680706237305198,26.452093260788626,11.288441665836185,4.8259835126286115
6218,1.1682775593103998,24.02701213610183,10.644192880877425,2.512030408547903
6219,1.1685872899423901,25.52434098951656,11.063989151557076,2.010301070147903
6220,1.1660545927485173,24.821269499857774,10.738834857894231,1.6778214187779565
6221,1.1651855425867375,24.076798617668004,10.664482246542917,2.560604605530437
6222,1.1652810572301,24.703867636570788,10.787466816174508,1.8276374058091356
6223,1.1628646517979715,24.870557596511265,10.812711946710674,1.3790631286325832
6224,1.1598350152679222,26.02722021951975,10.919557022790164,5.81286960569348
6225,1.1597919576414337,25.569378619851868,11.225310746730473,3.78620385274644
6226,1.1634111128449849,25.242625386687852,11.323005523152036,2.6032221274391127
6227,1.161889864772484,26.03879096953611,10.673815385062786,1.6321625503231307
6228,1.1619290943188716,24.474454188303355,10.590797408159315,1.6295387759640376
6229,1.1614380170564735,25.87702550911088,11.081806567071142,3.881318451755656
6230,1.163706207429707,25.875036524372202,11.46644547872858,1.145730294353213
6233,1.1670958044652753,22.41685278155173,10.459034845190121,4.533085482674397
6234,1.166405464544123,22.43282830238562,10.960744779036633,2.4412479378651293
6235,1.1665812225057064,23.294202891756907,10.686419395819591,4.79824330733163
6236,1.1668236403106624,21.64501271977938,12.112820963091595,1.1507547448462092
6237,1.1698331228836047,24.683400991884483,10.96485377653735,3.569409885140873
6238,1.1741017080828167,23.191630888297322,10.234134615234588,2.972731815110833
6239,1.1729529687766798,23.797417933030818,11.00485461768574,2.647643234577867
6240,1.178141853720446,22.32944847304039,10.88612069515267,2.687974576281373
6241,1.1756403238930244,23.311677824501583,10.893127879731159,2.233184734738703
6242,1.184711036628842,22.539612272400127,10.658333232770659,2.0907199469660425
6243,1.1794359762760986,23.328594683747664,10.662025010419551,1.9776813540323233
6244,1.1824798052794174,21.312754872293148,11.008618756484637,2.485030933790661
6245,1.1795217275890089,24.52850028810636,11.085739393756047,4.361316116181568
6246,1.1837327008404441,22.16364423751839,10.645407523269114,2.409891892121186
6247,1.1871360844447423,23.921415155295694,10.340937466921645,2.7678324109114487
6248,1.1820248604545491,23.24460577073996,11.111168043783263,2.4032052963974646
6249,1.1847654800817784,23.317338698647756,11.025384636436502,2.78248955423109
6250,1.1835965327163809,24.468442989720824,10.675486232924202,4.310522391118911
6251,1.187047882849302,23.355402122949474,11.617089196083368,2.01400146037324
6252,1.1850337548545518,22.579370959385876,10.47785376540008,2.633891125160353
6253,1.1828342218773653,22.797710061509477,11.04032590836068,2.461307057280422
6254,1.1811646093427477,23.763756045810023,11.437802308176053,1.7543281853342665
6255,1.18215482613165,22.05205072128621,10.935410248582626,2.583335059173485
6256,1.1794622126056922,22.974306863341198,10.37647738199243,2.796899389774407
6257,1.1831628828012424,23.300959786890818,10.392168482592428,2.5022490095829846
6307,1.2123915586110923,25.165124137935543,11.67123058421581,2.4020320218571327
6308,1.2057777727773689,22.397227690822334,11.712894206287235,2.7969419859313733
6309,1.1964466980137567,26.83658415530949,11.97437315130814,1.7430148642754713
6310,1.2010398260321182,25.121118524499888,12.081922390931906,1.8647063285468453
6311,1.2043172320117088,26.438888468555696,12.075334475757971,2.1168363393780245
6312,1.2020037213424886,24.248594466137636,11.885479858707496,2.0406915881630066
6313,1.2025886969554394,23.974335083038785,12.378035747368672,1.7215447862812123
6314,1.1993107630418904,24.968682917630712,12.112665396204687,1.966773447084128
6315,1.2002916447720864,23.13275415220361,10.761540752781293,2.5833339138938043
6316,1.1984275969480493,24.72440103305314,11.579871637927335,1.7733123384781377
6317,1.1926273206268643,26.86304292225027,11.87491993976924,4.923848811808164
6318,1.1941672305561284,24.318753520571768,11.359205858803165,1.4558698840343989
6319,1.1940745769546368,25.705177018614744,12.025203711913727,1.851398914704278
6320,1.1935931055177382,25.01346883120214,12.245968730079499,1.8498860839480886
6321,1.1928735682285017,24.59808153392559,11.313657855834675,1.8248223822786527
6322,1.1908850023638726,25.148894560820708,11.616022958163517,2.00663257636803
6323,1.1878322557544696,25.01199712956057,12.737688328405618,1.731219428749317
6324,1.1830407342517943,26.27982352404815,12.223413378074003,4.572064324789731
6325,1.1859467187152541,26.092461308070636,12.074044771264766,1.7087578748343557
6326,1.1882090461420196,25.583080255779727,12.210227239696206,1.974962251306481
6327,1.1884883805968915,26.118707988511357,11.66690273384965,1.2151414432965206
6328,1.188048051802906,24.090350758345476,12.108194967293798,1.933987711678931
6329,1.1853052804480735,26.587576484410082,11.688625908711309,3.0209252996300218
6330,1.1887728818065866,26.123390122995392,12.1457048372041,1.5430923447249751
6333,1.1932804156385373,23.158921036759462,10.987655813807248,3.000165839264456
6334,1.1917099739316452,23.176610545309526,11.31501489954153,2.638762968356785
6335,1.1940374004860157,24.038908822709505,11.88285356675629,3.8754710554619693
6336,1.1943706759958637,22.102675919527922,12.619556240874816,1.7775164037938451
6337,1.1984362640759485,25.42918154205231,11.890359600887518,2.7533171289922502
6338,1.2027923192714796,23.611150826939745,10.991373184885715,2.3846022670976956
6339,1.1992669969616807,24.642684503197692,11.489392191729472,2.3684890492542996
6340,1.2049801381010743,22.849230525680447,12.062197068643895,2.212575784622753
6341,1.2054859868018375,23.92187091903235,11.708211677946604,2.5593515970744662
6342,1.2123730844409542,23.320165105571736,11.080269990080092,1.750633259482115
6343,1.2070104046076728,24.012106479080213,11.458467702455486,1.7948420824241837
6344,1.2102149727871783,22.51410102206887,11.438650245640963,3.124417848516712
6345,1.2065373984531211,25.291477871382305,11.812686219144293,3.612127420041486
6346,1.210836440521283,22.962883503768726,11.984649410331965,2.2983175289420297
6347,1.2152443696849318,24.805586466816766,10.922353831881013,3.4605428856116855
6348,1.2086743618687938,24.238052231761426,11.769990307328337,2.263073672206223
6349,1.215515209024492,23.977567125831005,11.525460571532083,2.6784280775867866
6350,1.2097306685465474,25.057964790580154,12.122383055311223,3.079520782948962
6351,1.2133006324520312,24.264832080785524,11.981915937684827,2.0979259068204197
6352,1.2148163021627967,23.50729243688549,11.379173493580396,1.8286703495889607
6353,1.2091100378760673,23.283479430500403,12.21581811842713,2.263390026399833
6354,1.207733142321403,24.304765417949696,12.165705463515808,1.9123413270056755
6355,1.2067639484265653,22.860843968897566,11.715875129533618,1.7289793192075364
6356,1.2090515781284608,23.397111110626007,11.026392977714014,2.8664393288288843
