6,1.2567184828391267,23.50223758402005,10.132968084858467,2.5368570048823114
7,1.2343291823828821,21.66349012743599,10.361165941295887,3.509729754069803
8,1.2342452963436237,21.730653689344916,10.365731134089973,3.235800651905311
9,1.22662319484439,24.169667382810648,11.120233916231603,2.943891164613646
10,1.2282496546989052,22.957482723447978,10.814729359654828,3.230516934038521
11,1.2268331625642575,23.13059849885269,10.367055959551942,3.3904492152158396
12,1.22675764186633,21.56204063167691,10.269438596194487,3.2266458256879735
13,1.2244830747680757,21.798100624402835,10.364891027005186,2.599645629742879
14,1.2200152225914256,23.27143721300539,10.430700156542192,2.4656430625643724
15,1.2220266674240188,25.830497643817772,10.220000431479086,3.2513339142924296
16,1.2257943227649444,22.358848922901235,10.463652066249033,2.4793583298868964
17,1.2208107243523239,22.478214262290305,10.546339351914904,4.765059127176968
18,1.2213464191498116,20.265140898281004,10.310905200735522,3.50019011227625
19,1.2212486444669854,20.813658808496037,10.373956961202955,2.4567533083474964
20,1.2188257323911371,21.38148412706181,10.386820978013384,3.1097358553546663
21,1.2160027278248977,20.28570838829704,10.212821590238185,3.1190902984660407
22,1.2188138924181615,21.65011197130241,10.081188516890194,2.418531910547566
23,1.2164423119902064,20.9222382464026,10.92111721770433,2.8161122160801724
24,1.2160157136065206,22.336594291859658,10.156892333158892,6.457417385912383
25,1.2153748711000283,21.19730759475234,10.68792123718118,2.224906007666849
26,1.2145095698303696,21.1165810973736,10.535171601867232,2.596485170258572
27,1.2146329990297335,21.591711105049956,10.393412747509833,2.2618514147483824
28,1.2144451164961252,20.677888215935056,10.512470750926031,2.338697121681267
29,1.211018396849281,20.372092521637995,10.724395075641773,3.1896133836660536
30,1.213136964751159,23.12766140734537,11.07692408247693,2.2195353050610045
33,1.2123373512681286,17.65509833013084,10.154623967302761,5.089202181758784
34,1.208786879958107,19.058459464207655,10.717805959315632,3.232716997700937
35,1.207267441806242,19.988826763023887,10.22201686681521,5.129515721371899
36,1.2019265938930166,19.87874225503691,11.583720611587927,3.4792271248883937
37,1.2087339410763953,21.018344870602828,10.186559141539682,3.9068512624049543
38,1.2110135018468646,19.811414838073404,10.0345273687703,3.178029263632722
39,1.2055500217287847,19.025190488958632,10.590555533070841,3.500559948104604
40,1.208529858854354,20.28610525358991,10.515975588915927,2.491254137121085
41,1.2047661864364214,20.283021728797678,10.469882758864808,2.1056658253252083
42,1.206323716433477,20.233683514555747,9.976010865077603,3.0558049115954677
43,1.2075949250341613,19.503857657292762,10.530966783654488,3.3162626673389073
44,1.2076454532391743,18.47747104163587,10.879549430405666,2.907309003950561
45,1.2042233437711019,20.10839855779568,10.404586127267168,4.3114240360153575
46,1.2041334097469563,19.79651634330084,10.689624655727036,2.8398627516474093
47,1.2055545601604662,24.119853139514998,10.314243763898814,2.566120193270653
48,1.2026494140953439,20.236943847140296,10.531901227542066,3.456489328494607
49,1.2049963602284077,19.13666637851106,10.56336399026873,2.4259745186551225
50,1.2035775908762083,20.25886880994886,11.067398919581699,4.6270453884923155
51,1.2048669184256577,17.592969232469326,11.040672700551731,2.351980604592958
52,1.2066205045677507,19.403617000674384,10.130745582193493,3.390112395300815
53,1.2049688433556913,18.599425998117198,11.141062227917756,2.003514612076184
54,1.202597803365156,18.633361428388042,11.3706786757628,2.008924533945922
55,1.2134111033358523,20.25809940302203,10.335804569216261,2.1810695748075477
56,1.230205785797431,23.862353461545258,10.462205234091423,1.1599392140386429
105,1.245495009001139,22.23638077917777,9.869111124041734,1.8979210274525296
106,1.2269886906510106,24.54620672394494,9.820785946524236,3.0144081830240443
107,1.2176450236402363,24.395100735082593,10.29415895765119,2.4657318758311106
108,1.2212029882926523,25.18235296613765,9.719135705546046,2.6364449974670134
109,1.2151500743643744,27.201196994396145,10.833580408870134,2.120855650772157
110,1.2155921889363996,25.92792501237576,10.634322722667804,2.1912240575229047
111,1.2131069400606156,26.5238109823297,10.461731447663807,1.8821805343340177
112,1.2110657156895153,25.04574420369653,10.127132453501746,2.5825905406184724
113,1.2092354245241916,25.57433220574687,10.389490942070815,1.987328449335284
114,1.2082671155771145,26.543785763505884,10.457081011281725,1.8453081724962515
115,1.2089049905568778,28.92062913542997,9.701683333935735,2.250922345098592
116,1.2095146923411135,25.76897445291327,10.161143350647269,3.29434774524962
117,1.2052782200049996,25.62971995410314,10.622014478002402,6.3770523575512295
118,1.2060581537327244,23.584547606946003,10.233924877727896,1.6470282207787903
119,1.2054083039327408,24.362109464403698,10.402792710894262,2.311619198936662
120,1.2053216769732398,24.190708723604182,10.317782262077897,3.2291434059699693
121,1.2000876845969752,23.770823037419877,10.171753661839098,2.2245419442208156
122,1.2026973450295024,25.029823584277025,10.403117363034989,1.8150147831749015
123,1.2006394070846256,24.50522412498065,10.842923196244874,1.6951947027180128
124,1.201122807311761,25.893660798615446,10.00586787096558,5.943914387761205
125,1.1996490449432093,24.925948459520917,10.404912062461895,2.8927529148673368
126,1.2007760852400737,24.705983040767453,10.373539670098571,1.601715964032832
127,1.1979337182739398,25.23179205798091,10.488527446106161,1.6857012697474372
128,1.1986795876110703,24.218112848200928,10.252387403254149,1.8182035167987103
129,1.1960657023224996,23.96025044327433,10.263330608319013,3.9179227975846604
130,1.1992608634527522,26.58034090283881,10.700520396220528,1.5677828409368446
133,1.1952846484002353,20.859191069890926,10.273666857838156,4.5633760234570495
134,1.195300061977435,22.329638331512037,10.342381963249354,2.7156602971368984
135,1.1930964392500967,23.232551650099225,10.326707067140582,3.681340087398222
136,1.187807771531702,23.618752533110513,10.933053325514988,2.3075660240184455
137,1.1984975655076122,24.275063166200827,9.939485211170886,3.330291368261279
138,1.1974470702985993,23.22813651489596,9.737499368790953,2.2615046509555827
139,1.191878612266182,22.399042631836487,10.558074562652276,3.769927951320293
140,1.1960845278430732,23.771026358504496,10.112782923754843,2.1640282154742985
141,1.1911621339318827,23.696650375055906,10.766373310881946,2.113988991054741
142,1.194394700686331,23.128143223440496,9.91681146058622,2.505060299788713
143,1.1970114101491494,22.473170705035802,10.033741980942782,2.4423163000901758
144,1.1938575501445974,22.154919054702788,10.312801894534113,1.8135603152584088
145,1.1931920728302414,23.672652326546856,10.36757897836418,5.864823860629885
146,1.193386688696876,22.9702279267741,10.663642498042638,2.763954861548335
147,1.1918637844072764,27.65898260713587,9.931121683429184,2.314243484386037
148,1.1920189608022698,23.7884443695586,10.174154695003491,2.8796074102792764
149,1.1922682134784455,22.43620648235476,10.529478554254007,3.1525000679122654
150,1.190281141320238,23.54087694738153,10.86676215546226,5.284772747912654
151,1.192403156121759,20.746596317551155,10.587306947508472,2.063766743005853
152,1.1934543114481504,22.90308121022194,9.854688265669703,2.365261947761709
153,1.1927311784503807,21.721083246885403,11.038803340429194,3.48278375486788
154,1.1914395152490458,21.683171207701857,10.861247888176228,1.450097116337522
155,1.1952602618516157,22.038839451664725,10.210810917703807,2.9145479524280637
156,1.197963622295965,23.327972566118017,10.25828326444994,4.605800790209022
157,1.2172429401108331,25.108595335173348,9.914645750674605,1.8634619036244542
204,1.2228953261162276,23.716861838816705,10.042421901989933,1.8927857712914895
205,1.212813641821304,20.186560289809886,9.560697358535448,2.7293492874881498
206,1.2030628788924915,22.69196568826669,9.821497033871633,2.6030157416071362
207,1.2014927566318598,21.82778248710016,9.984440123030666,2.560422734606694
208,1.2063717638497151,21.595709771042113,9.864448868367264,2.140405396944593
209,1.196768352967166,23.95892562683368,10.952913866519937,1.8713140693313235
210,1.1964662209567505,23.278377580155773,10.329197481876063,1.6979673376682956
211,1.196764134939645,23.379803722582718,10.008020638839618,2.302272077793745
212,1.1932669389253823,21.919287253797258,9.7358863815263,1.7963546721794683
213,1.1916171784770666,22.50173395551553,10.758018068523493,1.6093180154869466
214,1.1882580279082025,23.671071879161683,10.283713697443822,1.59843030137569
215,1.189043681781919,26.319280432737408,9.91131163409028,1.7300454135866579
216,1.1911000096708242,22.960029582784024,10.195851820490587,2.0040674603605484
217,1.1852589307623278,22.813298021454482,10.507260752255082,5.279389187578408
218,1.185832577071079,20.96051044579671,10.076814117259325,1.6477140058202957
219,1.1867962973448383,21.653772173625356,10.284674933178385,1.3474113959719065
220,1.1879127308161423,21.441425912050462,10.426605131871623,2.0066328017637316
221,1.1822057375398116,20.359090511137076,10.02969025220712,1.6446484558180146
222,1.1852921084329393,22.303109371965576,10.087463197488521,1.492116290162515
223,1.1800671956086182,21.39407941987808,11.239467478865109,1.6805577321221956
224,1.1830369060320665,22.806124692744167,10.396407527403767,6.236297062563841
225,1.180500554685585,21.979784277065093,10.381041018502845,2.468042546133357
226,1.1830813118933812,21.45120341998992,10.464242429873245,1.788905206659481
227,1.1807226709784822,22.030900531210943,10.340389911488646,0.9749567461996907
228,1.1827573199809611,20.922242961778377,10.70863017531519,1.2409213443438858
229,1.1800973576813691,20.790973716768335,9.931558287568349,2.449324909475718
230,1.18257338930699,23.355309054420587,10.543829589021211,1.078797360282414
233,1.1781648870607242,17.66707065168325,9.854094700326407,3.575172358117488
234,1.1789066025502088,19.139526018680943,9.908522575867115,1.774919832118007
235,1.1756629012468665,20.056830971847106,10.19014463335511,2.7680959518057175
236,1.1712645376967237,20.58345750039022,11.281461402708397,1.9906568886673761
237,1.177297706549528,21.171995648644657,10.23357733665118,3.080715656362658
238,1.1804017615320301,20.210609580203176,9.303978083214787,2.240522297281687
239,1.1767687674782172,19.13872497893197,10.568852778386425,2.8605531837822884
240,1.1774157088236659,21.166216955129062,10.015616113825825,2.28402492347309
241,1.1733536652932341,20.57351753988018,10.391108602241715,1.6449292056413645
242,1.1774164828702844,20.01071578145463,9.464141464750606,1.4930486353745935
243,1.1768869377028934,19.748992439366756,10.229721886210031,1.7335145885645502
244,1.178359404580317,18.897062874122096,10.3411992544213,1.413961623006382
245,1.1730934405155202,20.939179070116413,10.12931621848458,6.081102361511015
246,1.1766670194893276,19.971888690240014,10.75415616819388,2.063453434985765
247,1.177704765619127,24.41236854825924,9.982066085913289,1.490442862292291
248,1.1766721487310896,20.48814526813397,10.43753391948585,2.4477048888200534
249,1.1762516386479707,19.528035142476508,10.519983567888312,2.158337597253769
250,1.175791305588982,20.495606748633723,10.223934536556516,4.759644458226905
251,1.1756715598261234,18.04007596314685,10.755943750455993,1.6524668207207225
252,1.1795404706950972,19.841766092882025,10.019864383206615,1.9773205348862761
253,1.1781912553147427,19.47113131452412,10.803939057847975,2.7827951696218456
254,1.1775095417606836,18.992475580265246,11.019715308128974,1.615899863931763
255,1.1791735479241792,19.519550542022643,10.196796286473433,2.6480397396256317
256,1.179336388990136,20.488065056556508,9.68061395896611,3.3497790297289414
257,1.1885181842349506,20.885445684860958,9.828425047296994,2.622964270213221
258,1.2090502477654874,19.73969292596856,11.661325208425787,2.22011127816976
303,1.2307192930140451,21.899242808546532,9.370735070430396,1.1866097247887746
304,1.2043494739040776,24.443140430871615,9.982552030880747,5.033175621513775
305,1.2019811415797315,21.84887725018593,9.218322593765398,3.474916573888847
306,1.1997045127699766,24.280176652797024,9.77286934805978,1.9852362999400692
307,1.1971042940270198,23.34962656039013,10.211401845257742,2.424570207745723
308,1.201255191810159,23.31290582469703,9.542911655267718,2.309723366913653
309,1.1917056655324036,25.885213228351834,10.871184089365396,1.7290769153848655
310,1.189442125792383,24.795217800595264,10.478143360443237,1.6535552044002566
311,1.1893678501250824,24.990023875031095,10.282334370215853,1.626776608354632
312,1.1888604331826802,23.660496850008926,9.832410649801043,1.607944962048458
313,1.183101849425787,24.35731708148255,10.914152095190227,1.882109167923413
314,1.1832166898047183,25.152400777742844,10.568631666854182,1.8133512300158843
315,1.1825470914358749,27.85261028557541,10.047405721216114,1.4741792277550287
316,1.1838389205871487,24.68768009517819,10.222490745862602,3.3846994023204995
317,1.1812718235130804,24.743425508863453,10.120208813154374,6.291761512912779
318,1.1814967196341832,22.713585120447874,9.666103942276221,1.4791668666922557
319,1.1787754086428395,23.185167060813335,10.282920218703195,2.749601239255539
320,1.1797412199875512,23.398372306527033,10.13785973671689,1.9836711764729398
321,1.1753961586256139,22.401032145370696,10.465452734576925,2.4461118920649314
322,1.1791954936820104,23.963008860564976,10.324585426416753,1.302269930274319
323,1.1751969665117195,23.191257522795414,10.910066124752868,1.543616189831673
324,1.1767451318420623,24.720547818032088,10.239682199298485,7.446168998255288
325,1.173458157501449,23.504390507051433,10.863555630302116,3.236551921502689
326,1.1739607181979483,23.365076725750637,10.967059369295397,1.6346039565954502
327,1.1760322548737696,23.909742615652636,9.958604980887946,1.340416460891324
328,1.1752420688976668,22.62566104152969,10.486379959439683,1.2183895415786397
329,1.172394553058117,22.53427381552435,10.18979825446675,3.5055713269223268
330,1.1758392582563566,25.127622269668066,10.842322182918203,1.0326330458131265
333,1.1707689258010183,19.796662686331413,10.183724066502599,3.6905325062311976
334,1.1721665094372566,20.854439174903078,10.331858916526697,1.96240050600571
335,1.169126921517724,22.03883574771164,10.547813812303405,3.6254777918591854
336,1.1672906121623148,22.046339644171887,11.71686099129377,1.9933569192674911
337,1.1752495591456327,22.847266909456742,10.222383895113415,2.9697880654813966
338,1.1759217598826606,21.74324288659103,9.426260806573719,1.7618353730920087
339,1.1693401471016034,21.02096055711057,11.126476966370381,2.7287546532596467
340,1.1729192415842766,22.443898011638144,10.530659577812848,2.2025107187731714
341,1.168654791755531,22.07102259986773,10.84017895747684,2.083324699775406
342,1.1715981994070515,21.860389536320653,10.32054312712154,2.242289166087999
343,1.1728315431162428,21.336033530386132,10.221547914952197,1.611593115403478
344,1.1717292559240151,20.57871246598028,10.519317582683692,1.4223304226208595
345,1.171847793623571,22.21475176243569,9.808909315080328,4.762360355374213
346,1.170709000376509,22.013067883078513,10.584900819882733,1.6537694858983307
347,1.1704478565352108,26.39084344667427,10.463853953936566,1.7781007228236787
348,1.1716557979844595,22.02754922879539,10.794332207262448,1.9948244068587329
349,1.1715000729753569,21.17325376053354,10.825729320752837,1.4066413849725912
350,1.1715597969925926,22.525781431904875,10.464393163443068,5.205448224580084
351,1.1740722449536107,19.69207460252491,10.586848502778665,2.1194998791295885
352,1.1751840166678447,21.564058577576777,9.891894898419556,2.283996860889528
353,1.1728543982354875,21.044689524184182,11.027394135535607,3.1600640772075486
354,1.1753386439414508,20.5182673745869,11.023234071470828,1.7548346749504242
355,1.177534167668816,21.34638626391883,10.678707453690834,2.142278107925285
356,1.1758798819000198,22.18134428514663,10.089009252742871,2.5251141337703196
357,1.176487721604494,22.282216462936862,9.865303562228414,2.2439917387060526
358,1.1843088283745833,21.345271355077397,11.632705782515712,3.204585163796856
359,1.200334994830161,19.673588833613213,11.376029606014047,2.3517115290230146
402,1.2373302159161135,22.728931369121767,10.368457183685766,1.2043213030516098
403,1.210097725339367,22.474160166402566,9.998039266986535,2.5035521528229263
404,1.1969527366130415,25.443123252311548,10.062208920268446,3.0184556958652164
405,1.199689223006804,23.155496327160517,9.483533140786278,2.2252149228986013
406,1.1967703896646917,24.96735485221555,10.068570974670232,1.6380846964020432
407,1.1926518730012052,23.969425542771763,10.047525104555227,1.369232202142786
408,1.1964553212680056,24.219335234518013,9.91178341396968,1.7837891126028766
409,1.1865437830141567,26.73323722142026,11.089162059175502,1.3562796754338171
410,1.1860365209781112,25.89890616146833,10.760254401675057,2.2771059573119894
411,1.1847799209617018,25.940510884801093,11.105708689343611,1.2467135580143962
412,1.1828383165649843,24.413049871142274,10.05486410450888,1.6830426081358316
413,1.178973534272025,25.307603693723774,10.681204945644318,1.6381330143386723
414,1.178570001031319,26.007534801835188,10.67742427318708,1.508609199998743
415,1.176879355881806,28.536044069732792,10.466107547492797,1.793260267315103
416,1.1800471911720238,25.283913172590005,10.168430068270272,1.6687443128146195
417,1.1774689231954238,25.316528052587795,10.491522825743676,6.629257241045264
418,1.1739905228605252,23.724839111666444,10.229909169886069,1.4403453466758205
419,1.1755847532836223,24.15650395111322,10.529542371851944,1.9684111159463809
420,1.1758179057042724,24.38139605043303,10.269054475695167,1.4959447201950107
421,1.1719371469396629,23.09368473603942,10.534358384860633,1.9892131963808342
422,1.1757206897431483,24.791550990794534,10.468848423503506,1.079768767824151
423,1.1727570321796148,24.05893301728799,11.170786690390578,0.9385313066392746
424,1.1741235099851415,25.04747085299771,10.28753706376714,7.199875790629126
425,1.172769591838901,24.181256232302744,10.639786950801133,2.2112770534870796
426,1.1719918962245945,24.011508697893774,11.057095810004066,1.0929657868254266
427,1.1719228002439372,24.57120737274859,10.673192519253499,1.2285031823001917
428,1.1694306437023945,23.491103690705206,10.742950161608631,1.3817029450284728
429,1.1677945609118234,23.18547108367002,10.787306335788074,2.2042932631450296
430,1.1715002699491013,26.270233520442478,10.893260097563171,0.8999478376642003
433,1.167093724044147,20.302332727903366,10.590143951620384,3.9123717587913904
434,1.1690334997066025,21.354902698837584,10.275792962515089,1.647527458399852
435,1.1654024092680901,22.279488328276724,10.928672007403259,3.669667962428691
436,1.162702191420006,23.195647609347837,12.035488178167816,1.7064725839322008
437,1.1699987574073276,23.680237871970952,10.007374547360254,3.267155679093855
438,1.1715883646413148,22.833933916898552,9.78486102484535,1.6364470615058084
439,1.1659991995397874,22.007718869705233,10.82083796309436,2.9762509703886613
440,1.1686681818113833,23.48460849454156,10.554427973352999,1.583884115834448
441,1.1655533795669204,23.311701490725262,11.087732352661824,2.004251983254311
442,1.1696536256839456,22.58916123355656,9.896646340853076,1.9040069858585513
443,1.1677729338933645,22.294436176436452,10.20203185965417,1.5129027410331957
444,1.1700775233845673,21.401166193326027,10.528495977223926,0.9362915523469322
445,1.1660761325543818,23.132542902392984,10.465451462096285,5.922268933399982
446,1.1670322059375173,22.67906476671702,11.17205401502485,2.847158838815058
447,1.1687400794888443,26.648542436853358,10.210162753055327,1.4641422775496555
448,1.1678678856801334,22.98112053823494,11.265911007794983,2.0471054609732753
449,1.1705964738681973,21.694331222135506,11.275486457633741,1.9075316397647766
450,1.1683224307412028,22.994413960541205,10.706855071967716,5.002149123557192
451,1.1687776013205147,20.518866780306208,10.9363922489648,1.7618146394406813
452,1.174223051296507,22.455026981715168,10.362406856245382,1.8594719359764023
453,1.1723997312261365,21.333772661371228,11.302601175027819,2.209748169793484
454,1.1729325590802047,21.41225327880478,11.308167446251897,1.1751830039637583
455,1.1759134593092995,22.222542118771756,10.797753820158237,1.8971926372211654
456,1.1764469641450184,22.595845876810966,10.296409175555787,2.060906887736292
457,1.174861602408301,23.376278933131793,10.560093467621755,2.0089126440091767
458,1.1763432717170947,22.109716123629337,11.679337207885137,1.9196082236871912
459,1.1811572725178188,19.879544656857835,11.339400908431177,1.9410303902194894
460,1.205659915327962,22.915511161851928,9.418302101949534,2.486605145901576
502,1.2110387608630857,23.09529278520144,10.544967709989502,3.038765134715145
503,1.1976774305590334,22.245433574115495,9.978961966677574,1.9679422516704812
504,1.190564816340934,25.190951866520475,10.40862987334281,3.616616264194781
505,1.1954829007964336,22.51828570805471,9.464686425585123,2.0314811196341154
506,1.1932467451474336,24.189909181145794,10.11005737621271,2.0809140428926307
507,1.1849735961165802,23.963481260675945,10.285059719620838,1.79981358042391
508,1.189101861504548,23.380132785166047,9.967093746909804,2.2099858719905052
509,1.1805623253743567,26.277797260376747,11.144114697305547,1.4461960418647293
510,1.1781865915561422,25.251761970738166,10.677404549294359,1.3426552449390694
511,1.1763915446152224,25.639736591525295,10.74557860729824,1.2843406194333726
512,1.17640519516488,23.7692897563598,10.306242813742122,1.3505713184511825
513,1.1712437932620539,24.53257153105954,11.089776834584745,1.2793917413975864
514,1.1702752686529776,25.713051284426594,10.873262122233635,1.456981044396684
515,1.171075324122055,28.14159242722995,10.423195993904278,1.3547683041659178
516,1.1721760758711635,24.95897802050229,10.521384399347179,2.1586464849850584
517,1.1677995525211267,24.98304280272623,10.487462045012993,5.369913363516222
518,1.1670897936599847,23.10392055996629,10.42005869463356,1.1101601475353264
519,1.1697130832097815,23.635790995476505,10.969487508540784,1.864850099592133
520,1.167412806326209,24.070792778339467,10.341841533131731,1.8884012087362063
521,1.1663801104441773,22.707646770131234,10.41408634856756,1.7812247161454833
522,1.16912633051196,24.524878307009974,10.28840908503377,1.136630967438708
523,1.1645205005427532,23.455563500004,11.07231138855827,0.9055859996559935
524,1.1674724398345186,24.94868718063552,10.418625264470508,6.753798019529057
525,1.1644758959694161,23.88827400810777,11.176180863340798,2.341378504326221
526,1.163343603982721,23.600855506198023,10.918231148349193,0.9596679748788257
527,1.166664258274223,24.03995232899134,10.367992874241267,1.2918530564478394
528,1.1650542482901949,23.297742065248055,10.579130697720037,1.2685697391905535
529,1.1621511942772977,22.87503680957159,10.615359285133836,3.213040212428019
530,1.16384014669579,25.794683710529306,10.880361560546785,0.8564622445860902
533,1.1621286877841541,19.774127125977756,10.110151956571029,3.9442075682101323
534,1.1637022487476882,20.873137012553876,10.585720956494663,2.0022225733382335
535,1.1607513698134904,21.902854875546694,10.860514812666446,4.222289785313976
536,1.1581828831271095,22.77426760547405,11.616804365730562,1.4056169726618384
537,1.1655109328728082,22.975981661006145,10.180534729689473,3.105053746612682
538,1.164777179858546,22.059998534764034,9.968340679225827,1.6268463980810453
539,1.1607650342558096,21.35163832922132,10.933061930443717,3.1421790795387805
540,1.1643357426609315,22.870587381578154,10.77506541959414,2.161188831868731
541,1.158479367294438,23.082566419308666,11.03457770929855,1.6175749850400571
542,1.1620570496070008,22.12611526570351,9.965411340664073,1.824256468342059
543,1.163965097813551,21.889695091238508,10.266914664825244,1.7242351960018107
544,1.16529709292254,20.648038965756463,11.269489278142768,1.120169333401903
545,1.1625184239399977,22.28659647770611,10.765885904070375,5.228798368625167
546,1.164866124185833,22.44155499466593,10.894245079949652,2.125986894716658
547,1.1638008909361732,26.382634217460154,10.580729096892462,1.232928287852174
548,1.1618308250435008,22.890557511782003,10.837204467878825,1.7834260983805534
549,1.1632451699555089,21.458839795562465,10.99430500900453,2.174101309758358
550,1.1641004632627912,22.58986140493856,10.974546134754496,4.967021947402213
551,1.164251733744461,20.00575486794694,11.114939940616413,1.746946398538256
552,1.1679487252470913,21.761023705249418,10.260892621590841,2.095628352276508
553,1.1681461632246082,20.82422709492056,11.15627954281305,2.206102305876736
554,1.1672243931692494,20.88169079144994,11.59193914293001,1.3941455179153999
555,1.1710960043066532,22.086825084891977,10.911436671690254,1.8325130043811728
556,1.168767631229937,22.785129998043196,10.238568440170202,1.9745866054760741
557,1.1709462334602316,22.84700239528221,10.136537852097163,2.478449561789577
558,1.171030557709897,21.923188375536537,11.727928979930246,2.0166243592635933
559,1.169448766791059,19.81877433300025,11.537490550320417,1.9654375647821456
560,1.1829985211665077,21.321218273231107,9.720545633195501,3.2033994553576397
561,1.1968579451943187,21.098026975157936,10.897525077120239,1.6081923260844626
601,1.2237099592960845,17.21577914948027,10.380069637313024,2.706456352689747
602,1.201499540132188,17.437433636514506,10.520183348008112,2.1062006186699853
603,1.1972619821948498,16.767366072899875,10.389510208251332,1.7109585080607266
604,1.189748688070621,19.359374989758315,10.754779691725751,3.6744588489116343
605,1.1938641045813965,16.226892944600042,9.71975555454458,1.7209535721326061
606,1.1901756036214217,18.30036820898858,9.906643670749732,1.515602183499845
607,1.1854121169920895,17.697054304651317,10.460619762319999,1.1363934954345611
608,1.187434596022114,17.759713940619434,10.23299681746212,1.3102585768008366
609,1.179068877868094,20.322004889013655,10.745885564394273,1.2472706688658461
610,1.1772367623960591,19.181316431446295,10.686456458164841,1.4326740880328483
611,1.1752925887812544,19.69751668748422,10.718372670064962,1.6562383227001167
612,1.1713060956688215,17.826957760060658,10.804494306910838,1.4564235962610645
613,1.1702400679499445,18.833683096511077,10.772249626848977,1.2713189509155296
614,1.1686512201803527,19.642531854373583,10.967238561316988,1.4429987326528624
615,1.168235537266306,22.262934638774016,10.6281199264614,0.9983556149826509
616,1.1711662115987687,19.19939330897899,10.726083320734713,1.5687809576659384
617,1.167503528324144,18.94842889471929,10.58634168008995,4.654956620230563
618,1.1676411109732914,17.29787166213466,10.220719957527233,1.171017358818311
619,1.168137174548695,17.60068061423385,10.944990437985457,1.3871538199130464
620,1.168516406779504,18.20779045505204,10.272491233358219,1.469636732701731
621,1.1652559504555722,16.494236793934263,10.529893795004778,2.232571982131858
622,1.1679209103637793,18.304012202713707,10.361730234142685,1.0279882929733235
623,1.164869547446791,17.680911947432982,10.961245292395764,1.179660542891128
624,1.165706428198506,18.60809428350942,10.855266113522962,7.186459322430082
625,1.16380071453614,17.708114992899862,10.97213140279547,2.423968346245791
626,1.1643097052020672,17.694194394985196,11.155011308249792,1.0431403550653338
627,1.1645416436868266,17.98362290177573,10.708580905231225,1.3565622738114094
628,1.1643839991309897,16.983496346740708,11.011489518146298,1.0661948059119029
629,1.159170776867025,16.970678232508124,10.937150712219438,3.1621142081323996
630,1.1637224428121355,19.86842772764483,10.983842902855834,0.8913255041915819
633,1.1617994288646758,13.343161285086898,10.485859109992441,3.2688213661677525
634,1.1610192110527873,14.717383013981216,10.994215811762132,1.5837807623620097
635,1.15981307876627,15.88870787487401,11.240973611100886,2.9052728789583595
636,1.1575463078188986,16.446682712783517,12.03362179668055,1.491036624446834
637,1.1653450532164575,17.123464738906634,10.683486707706033,4.042069106615943
638,1.1663160047507177,15.871987132230549,9.708936401399452,0.8460471799766961
639,1.160704868319588,15.150856873842697,11.439324489290525,2.042924835928324
640,1.1640398329941655,16.553588665532885,10.72523573056537,1.6172153106154383
641,1.158618215654041,16.642773775298092,11.362581897276902,1.319686416925756
642,1.1622580802446212,15.690343361582975,10.314874872768332,1.3808643218050891
643,1.163554386075266,15.25779600859134,10.719603018311066,1.324696215379889
644,1.163074817887614,14.749033317909868,11.118863866924412,1.2601731108036394
645,1.160691191210645,16.520312677656175,10.69034766466616,4.7531908242855305
646,1.1617283755520453,16.146546375432624,11.279248064453697,1.770948893164305
647,1.1648307239622542,20.405739021334238,10.631066806012898,1.6194504073358513
648,1.1616681203970587,16.191603774222074,11.435416417864046,1.8866113902798043
649,1.163883601918333,15.292790290101781,10.779730370643106,1.5203001322237546
650,1.1660210476696957,16.387020088726466,10.804511641125927,4.76570580892285
651,1.165422222217139,13.863387882746412,11.315555994640302,1.1023188210438308
652,1.1676129905574708,15.623774620917967,9.998808933403591,1.228030226689433
653,1.1679595799479372,14.741830298801911,11.378214618358479,2.4113759198600775
654,1.1678389087956909,14.556928220680108,11.292570036700695,1.652713005233065
655,1.1714134515754793,15.768130874350176,10.623237409971559,1.9289790642232119
656,1.1713155226116552,16.432451794048603,10.664268065665421,2.143800668284836
657,1.1723487225741949,16.65348620280112,10.660052337115527,1.939446510213796
658,1.1718046375860127,15.91915760863861,12.287674241342403,1.8541701861710982
659,1.1682783171371032,13.983791952195489,12.043522167230359,1.2360457360477548
660,1.1765395167703672,15.44820449294442,9.364917297856314,1.7082516370608298
661,1.1819043426580065,14.65533647429169,10.971145094531387,2.5221964114982653
662,1.2078451358525961,15.18349520486692,10.46030938609162,1.457330704593814
700,1.2451143206322794,18.922576228927138,9.74367879345826,3.069193934259119
701,1.2085947397837742,22.982992138108965,9.89625833711725,3.8351141315254083
702,1.1956846238697914,23.718266670441817,10.527897968159287,2.075806297199176
703,1.1937189475394174,22.76121233419464,9.810273210788715,1.9118553992820688
704,1.1858129432142248,25.216445714919555,10.405756062090457,3.2912030889725608
705,1.1887170968046432,22.822801963506357,9.324246871390597,1.994814659141337
706,1.1849406516588137,24.429785827408384,9.867813554512272,1.3132388989811214
707,1.18070500459421,24.08278099592922,10.059661907964221,1.6825275564383175
708,1.1835726335067476,23.662722160962762,9.533255186716154,1.7149593140429136
709,1.1736674286256805,26.431130754435028,10.877873523569415,1.3946776146383872
710,1.1724121360767463,25.33175658474245,10.461495327595683,1.6395605265632929
711,1.1711524277331717,26.027102604287144,10.27073381049475,0.9299095034061995
712,1.1691134333034374,24.375410920344233,10.608198731513305,1.050713925057449
713,1.1662258680966568,25.047027033363943,10.727664837095865,1.4374163062947016
714,1.1657673073572847,26.083230523804236,10.1550717148887,1.3594866369706646
715,1.1649451442566252,28.411608005286087,10.02169060812042,1.1834748412940392
716,1.1668506563818002,25.306602287208655,10.53911958866438,1.4230561127998833
717,1.1637191976537316,25.3480232814929,10.12547157828229,8.314319575714228
718,1.1631618569027096,23.247246432556903,10.171513108974661,1.033987043583338
719,1.1642887498153853,24.045675339884582,10.586342157390272,1.7739766778738224
720,1.1638000355905351,23.983021634509388,10.054996343941234,1.925852012679089
721,1.161591996286568,22.909022428205997,10.692477454143852,1.6168725525124026
722,1.1632832436208036,24.751797854302264,10.203465933851966,0.9811006977739875
723,1.162280529803775,23.761437395801735,10.83539689637037,1.1825754175306702
724,1.162489871385559,25.22358254068538,10.569917811359819,7.19489777801744
725,1.1599831014514028,24.223779803562625,10.354183445466932,3.646210319243601
726,1.1614167906368442,23.843847546333496,11.057356148369989,1.0622017081018307
727,1.1613817280917458,24.289677292723095,10.346999213363876,0.9163886532720864
728,1.1585059536172528,23.25119081271856,10.550946074660885,0.9097116130081776
729,1.1579162951236717,23.11500453550014,10.784575924203258,2.8921535590997194
730,1.160479368022364,26.15545346177714,10.915341993638854,0.9743019269380184
733,1.1582883484000097,19.918247766026887,10.07689030495805,3.223231129828593
734,1.157649186085555,21.304513775055113,10.690940467776034,1.0610481122413056
735,1.158006038887382,22.304727669957682,10.734118804681268,4.958559515588093
736,1.1539193659920066,22.747983390102146,11.724708067560805,1.3765813757072938
737,1.1616133088925882,22.939815384709476,10.265933402921185,2.6473943298447873
738,1.161159377676618,22.39248125229638,9.53472787486371,1.5122194029342546
739,1.15856964424895,21.580490325289627,10.86917107012287,2.1585312857506396
740,1.1615752569915743,23.113921166340276,10.748178423467275,1.421405352797076
741,1.1569055920498703,22.844260468226985,11.207519177048061,0.9425514665979828
742,1.1569106711748327,22.166507769105536,10.238242221271296,1.7795570948165176
743,1.160868749732264,22.13739160102085,10.293063287645687,1.1361026187684398
744,1.1596196880137728,21.11204933793428,10.659648448388547,1.0699435521692429
745,1.1567199321372448,22.70262338869996,10.632163425713879,6.872855558580719
746,1.1586582138717916,22.29250972600109,11.45485760300055,1.9198743051968112
747,1.161211661644751,26.56348399382506,10.557263819998294,1.3003519933038832
748,1.159799985195768,22.558424173451254,10.835943542040342,1.7338370185631542
749,1.1596874247746758,21.448998201545937,10.831663164155056,1.6663444958273759
750,1.1599321657917756,22.629342361697425,10.943453885973927,4.017196536696661
751,1.160774508012506,20.407236845330218,11.104023667653822,1.6850390238621618
752,1.1645722809780534,21.94636326981114,10.02847723323875,1.0655462705814136
753,1.1642430174882339,20.805662227257884,11.392290881891286,3.2344773796706154
754,1.164742704239136,21.013253667564403,11.311738642355442,1.0931661218410522
755,1.169480931493022,21.78690694185439,10.648004108630937,1.7291198804066719
756,1.1676827227782223,22.588297828078108,10.007160987143068,2.315620170446407
757,1.170604554566702,22.707850393394693,10.348302740578147,1.834926476914049
758,1.1676963369809596,22.43160136140784,12.113732091286973,2.198330152400746
759,1.1651442262557283,20.70624366549912,11.524972699863106,1.2178968446275042
760,1.1729741838989687,21.804979921970947,9.413456494017625,1.9014852180660118
761,1.1669435401141355,20.75176367231681,10.540521564897844,1.918776735793242
762,1.1837758810928851,20.006213955070464,10.33595927819489,1.9183484716554493
763,1.0652994120513377,55.471433712940865,11.917565931254472,1.5989099912314562
800,1.2337228306753232,20.098794406485723,9.552534999857919,3.9647488505597837
801,1.2029274036344586,23.632110272320546,10.270205445942825,3.2299015277183982
802,1.1940032124226394,24.31766900658492,10.701919604808174,2.4323833554724015
803,1.1929999279320769,23.530714537092887,9.92376585011165,2.007600246011136
804,1.1840104426697293,25.996512125656828,11.156904448074092,4.2998654324711785
805,1.1871248371421712,22.995532653081582,9.574521848533667,1.9946584645912626
806,1.1839945807967438,25.147345766968694,9.831923277148709,1.5724906336537596
807,1.1783051482335676,24.491075385725374,10.197993718578719,1.0795238500140814
808,1.1816697566026857,24.326251454542536,10.048348148001708,2.3040381487149992
809,1.1714687104301662,27.169686627582454,10.87548861013602,1.5493167848676563
810,1.1718117393322993,26.091282843101332,10.509577320385832,1.6336332737270503
811,1.170447867622632,26.451060731316897,10.582694916218284,1.4172576781273354
812,1.168152961534182,24.91920653996713,10.217008789335168,1.4340734397290928
813,1.1658749191244553,25.82320619857287,10.837794060674053,0.7802670405297469
814,1.1626450242898831,26.807345924630063,10.961416386200993,1.4612467930592428
815,1.1631070199939715,29.016348327284494,10.728849402602338,1.3088108486914267
816,1.1653836609259454,26.126765096654374,10.836332957972031,2.680103926000137
817,1.1622559940115509,25.80432495031881,10.610995578304468,6.817183859504169
818,1.163268738869718,24.08312471107387,10.391719509986071,1.0850365276964902
819,1.1636027756768421,24.37391882882225,10.517152229859152,3.04560787540106
820,1.1628950080941656,24.785709639149808,10.405032843184694,2.4844908638621224
821,1.1592575468533142,23.24500817158176,10.664439467373295,2.4834532696874128
822,1.1635861646840926,25.43669057756134,10.362429419096392,0.9683424233353927
823,1.1609810806936096,24.484941309953207,11.411343586392157,1.414100953421913
824,1.1631567008129493,25.414074288921075,10.55049287155697,8.78283592619796
825,1.1589017383633313,24.633014777412427,10.939078574484805,2.5720768465590513
826,1.1619479684224336,24.431299708550746,11.148596167434064,1.0734584440763317
827,1.16162891750746,25.15059334218465,10.244449334821123,0.7765735912801469
828,1.1598804981038227,23.968800970109044,10.876577520536772,1.1648421726290465
829,1.15772027354569,23.590752259156172,10.914121753021396,5.0058218206795555
830,1.1605984453365803,26.56386507687457,11.166003498315632,1.1499287845887687
833,1.1578544613250648,20.61590565768411,10.693920008599685,4.732071099262717
834,1.158024545907165,21.968879535698193,10.952225686771119,2.1429611894875924
835,1.1571331482755525,22.777176569635937,11.23574281826803,5.714687645200035
836,1.1530639524608655,23.535944072830457,12.041730904369604,1.4940765253340031
837,1.1621944024667583,23.721385107623217,10.58482939222263,5.228360474959153
838,1.1632370683378888,22.72178099675269,9.82671623580844,1.7368438172797254
839,1.1585728953458434,22.094146981836122,11.04548420038784,2.766094193680975
840,1.1612522409426054,23.91198044493904,10.566491539037541,1.1998180175860813
841,1.1560662631327447,23.561715922642804,11.305760266843633,1.6389912456567244
842,1.1589010194456173,22.769048720553208,10.883062660534387,1.2414216308526178
843,1.1622207767221922,22.46422191352173,10.463654834845764,1.1679843663154679
844,1.1607843626071452,22.129819084613285,10.883067197982095,1.081532077662591
845,1.1587385460175137,23.367403014686275,10.585267036929672,5.377851389398594
846,1.1587645702818206,22.86516029325165,11.129440409364998,1.8915849591415528
847,1.161919476174978,27.26340222870936,10.720684232758632,1.9496160304131998
848,1.1601448702714714,23.192599385969604,10.880988259333408,2.0033597565308483
849,1.161506769081067,22.02037052532871,11.53058227890248,1.8502489728283882
850,1.1599228206856635,23.24526623457124,11.263169342348403,6.611092378065114
851,1.1619802997755442,20.557674566423223,11.252871862663605,1.784803075352867
852,1.164321280698369,22.763610069332557,10.172354519939557,1.4247395861587886
853,1.1653948395811669,21.92179608937357,11.334636027422075,2.3970264706923095
854,1.1638607540966777,21.944571981675814,11.802935161598539,1.1964613417137961
855,1.1689080481878864,22.24881812706625,11.027255083442563,1.7275683998474238
856,1.170732779352704,22.97678801346293,10.274660559267756,2.1434244209521514
857,1.1691552322484438,23.690182476857387,10.892891096328986,1.8638430517208966
858,1.168615833974522,23.00223109938805,11.880900695115235,1.7625044998408135
859,1.1692597772149629,20.96104293776945,11.747782697919893,1.2159834014597226
860,1.1730493359457284,22.648758754251315,9.77044096994451,2.072660372210269
861,1.1688523527215686,20.88026920355703,10.871621130621023,2.22773758379361
862,1.1757407248826528,20.724510640989465,10.534749476844537,2.6144429194207146
863,1.2042840814020739,25.417125158294063,10.679778427731147,1.523267432854071
900,1.2204092880566693,19.19860752867672,9.462525072342197,2.8122406561443123
901,1.1915093863841846,22.786070461590064,10.18507988730192,2.4326331456898544
902,1.1843259265174235,23.16093054295537,10.60948069715383,1.3008215377227834
903,1.1818058913485274,22.41079533340194,9.609808684676086,1.921057074139124
904,1.1732546359171527,25.016746273992887,10.49309906135336,3.926877717376223
905,1.1769723095367843,21.811791922967142,9.527118251078399,1.403333377811025
906,1.1731263236627412,23.693545238557032,9.893602296402987,1.2554662031503028
907,1.16724020484517,22.97158554768273,10.257659620632149,1.1360236110572584
908,1.1708547624007675,23.196536138724486,9.587829621069499,2.4769229845926777
909,1.1617617519497654,25.853936415860094,10.765490445505721,1.2548218905398896
910,1.1607090947104157,24.701451071072075,10.490798889744047,1.6024001566740542
911,1.160446665823439,25.378766777378036,10.274629838327868,1.0971815788745019
912,1.159625959673688,23.640025179222608,10.215080328262227,0.9593803364969476
913,1.153329053731106,24.444981241053334,10.923137087903509,0.6842529813248016
914,1.1545524451028204,25.226187983992936,10.70147172168454,1.5717738017161083
915,1.155905561955602,27.566688141537313,10.533061947484537,1.1416511385130166
916,1.1565500477252144,24.706688378164824,10.205867502822443,1.340819123306636
917,1.1550594221499877,24.63359307315028,10.163624456089753,7.150449555401731
918,1.1538924407711042,22.629126660108597,10.187731031701881,1.1403480198117897
919,1.154216551006919,22.82020045712667,10.704880015943298,2.0962764515933587
920,1.155764144330847,23.265571500499643,9.928455413857872,2.3120309699065924
921,1.1507873804938593,22.249854573397915,10.698858764655332,1.5119737282111343
922,1.1555843508776686,24.078193423255822,10.276669824934777,1.1464405038700074
923,1.153667192280808,23.426284521272578,10.623358866076634,1.1447665368290363
924,1.1536056567494082,24.514850703336354,10.156262146133509,7.655407508408333
925,1.1524640215676505,23.30261366642303,11.128994693395187,2.3405377863066064
926,1.1533765140187608,23.573238824164587,11.026464143131182,1.2562883336435477
927,1.153198928590814,23.763729758140784,10.343938121856551,0.8171505981054358
928,1.1529568748391934,22.74412680635097,10.882718779803543,0.8989354211197653
929,1.1512064590532742,22.726647211013407,10.43286229796402,3.7195917591296115
930,1.153242381552457,25.141785577086505,10.996728522417817,1.1781164587916775
933,1.1513450100205596,19.363705789411192,10.38552714260269,3.997564222758737
934,1.1517898129546378,20.378947857310408,10.427609374237113,1.3830289709180394
935,1.1487584937841349,21.374510443708143,11.045811417424597,3.8013452626392294
936,1.147283862167359,21.795482839730518,12.28573777418504,1.1542291029471488
937,1.1531534476934833,22.546739868599754,10.681945550998078,2.803112770716249
938,1.1545283791759033,21.717294807743016,9.957531005920245,1.3640361993348555
939,1.1502604131901506,21.147816076374486,10.823584802795345,2.3202355501365717
940,1.1528506039573334,22.59306056786046,10.741007040569059,1.5485784455115936
941,1.1496672364579343,22.220499088669285,11.001213797263787,1.0093037389707005
942,1.1514005140203136,21.610115084410207,10.486360928096826,1.6878390769827647
943,1.1521181404932457,21.37358498568786,10.509128691947463,1.1445836172556683
944,1.15366659026142,20.38480916505592,10.811758779970464,1.1076541989037418
945,1.150590376089778,21.852750191216096,10.820433898282825,5.930920151825161
946,1.1515276487851018,21.946071395752714,11.276002904948196,1.4247446997018771
947,1.152979392409704,25.949669985409635,10.591679236976617,1.155272022521892
948,1.1531029032253708,22.04810793880047,11.282007288539383,2.48191858675634
949,1.1528184841084492,20.599659284890695,10.926618146857326,1.9473232557600801
950,1.152481905894332,21.83820284896421,11.157621255978542,4.766338116076442
951,1.1544147636813347,19.108574947087302,11.24930445114633,1.5393044545188344
952,1.1569172865836783,21.214348778854824,10.030734344068948,1.0101700732439058
953,1.1549826893174477,20.555006914663437,11.451365175442147,1.9193263188695333
954,1.1559275302168301,20.427501935794606,11.40357767367963,1.1098863000831112
955,1.1605747116608314,21.06016132868181,10.890406235353268,1.2915794376688916
956,1.1595731426210127,21.693238767686825,10.01239911056604,2.1440144712319134
957,1.161481563830791,22.2457333085535,10.575449152077793,1.7471020176150442
958,1.1629381195134865,21.85134198480883,11.98317321454862,1.6034509399679011
959,1.159929218055256,19.620574418721898,11.800876486498776,1.0015618911669082
960,1.1653931930451658,21.177390796951773,9.355021628433189,1.7350989045828935
961,1.1614801986253638,19.753183848041836,10.83138838446029,2.187380665218095
962,1.169264292726747,19.585627787660453,10.565693106070665,1.6685643772342653
963,1.1901550766479692,24.230658300941307,10.285260932941497,1.7183771320084253
1000,1.2144776956132033,18.423170465569946,10.026632496727656,3.172531652717702
1001,1.1874002657414864,21.896656823887817,10.547227478429445,2.1609577984415953
1002,1.184564364377774,22.299693906469965,10.9295472488549,1.8275289811339144
1003,1.1817538624148696,21.50337154984449,9.944429675108335,1.3020550446695454
1004,1.1770726349535503,23.444009498842878,10.959438081612172,3.612210773382506
1005,1.1804492758834328,20.75201143007234,9.320472065109522,1.436428803681912
1006,1.1756804240888636,22.872555735632574,10.017279750066722,1.1620337004039767
1007,1.16998839366013,22.22425545736552,10.394220069542651,1.462786590030787
1008,1.1736890601916263,22.003006505763807,9.813706529100006,1.8905271748603172
1009,1.1626422901795475,24.977659905315548,11.23084597663391,1.2604417346327539
1010,1.1627551784373944,23.3909730414069,10.903316171356778,1.5715828764477089
1011,1.1607558474235815,24.199356721573725,10.630577868814285,1.0167759545282464
1012,1.1607121839515535,22.959150027948304,10.56640660631607,1.0206588984827547
1013,1.1567955713345497,23.478414965028673,11.007053985717631,0.8271560381891726
1014,1.1573012578617359,24.285023250491584,10.643568191603618,1.1882248511810682
1015,1.1564869454452766,26.884279326955603,10.397364365837316,0.7394996446776297
1016,1.1606042274451815,23.535342569654226,10.49485308766335,1.9371271533058747
1017,1.1566309749965722,23.369443661884954,10.530655645807178,5.407226049734599
1018,1.1561878131804384,21.64163090139881,10.642847268928298,1.4285365144937197
1019,1.1573018273598605,22.133275560128407,10.332300720469652,1.969175068812366
1020,1.1582224716834912,22.123503982104328,10.227517344610389,1.7889177306873871
1021,1.1534131689153315,21.05967049649935,10.880432220178456,1.5541444166710727
1022,1.1559415884957185,23.395876894570453,10.498675267594393,0.7143941698639863
1023,1.1540953883449756,21.94652854907093,11.248405451856547,1.1805385901243706
1024,1.158609864331495,23.01235779657773,10.469290351876749,9.217439224145826
1025,1.1567643080795174,22.403978867941834,10.913581152967481,2.1791547415311587
1026,1.1561454921433099,22.439236195067753,11.005978459815976,0.8928697858550173
1027,1.1571760801475888,22.70214011348394,10.518209599708669,1.2923692988420095
1028,1.1547927312942827,21.843734088882343,10.958269279034218,1.2112324494297526
1029,1.1548277415805934,21.279238758833728,10.544641470102702,2.2892263757305877
1030,1.1571457360956259,24.424759425847387,10.979889031604657,1.439850229811016
1033,1.1525979287957548,18.412927687278426,10.643462881350027,4.329965929914872
1034,1.1544832208709355,19.704005628479283,10.71221721051741,1.4668462799179753
1035,1.153637029460659,20.335088098325354,10.976133553376487,3.6308277554510258
1036,1.1495004723085454,21.397820279455253,11.789175873044806,1.4850211118227403
1037,1.1570919073370702,21.670987398865687,10.876048487274605,3.27806665598748
1038,1.1574988620673208,20.408946004914974,10.336725837882165,1.552442597883823
1039,1.1541391392719074,19.638773844071245,11.227838854441124,2.980174344560426
1040,1.1569938814080831,21.30373263793671,10.683805023096644,1.4892617700867303
1041,1.151376050028705,21.117363949623602,11.433825247928102,1.421059846952985
1042,1.1534924127468467,20.54595850723421,10.361644949995695,1.834557051915131
1043,1.1544566214611955,20.270882154627618,10.784696502867908,1.1975121565727085
1044,1.156023065891207,19.384508153635277,10.843410029532038,1.241309589166444
1045,1.1528204847140773,20.749892158991226,11.083588821771018,6.120584377370626
1046,1.1532832557682746,20.616738480204972,11.217932476186817,1.7146971608260009
1047,1.1558042024115904,25.027697858216484,10.38854180927502,0.7719674654725054
1048,1.1542782389400912,21.091306282255175,11.176827627749258,1.699248200926727
1049,1.1543725366192363,19.972866042892132,11.237603228108243,2.104827657871693
1050,1.1548408072171243,20.977955243383807,11.183013591950413,5.7919594391399825
1051,1.158464654790915,17.992010504084,11.06215614878723,1.2302974251857925
1052,1.1585041982498059,20.593060472261172,10.286516024856837,1.48575990663027
1053,1.159103973927365,19.407477800882955,11.474809804919719,1.9777384863946796
1054,1.1592364860262911,19.089591822751476,11.41809408921235,1.2253110090352786
1055,1.162477617445783,20.113423060737784,10.948888994202767,1.5807561628331093
1056,1.162449361145727,21.053435601493412,10.461667026710035,1.8273834980148926
1057,1.1631617664556504,21.067357934728587,10.62633983347134,1.8121885817645478
1058,1.1630688944692302,20.90832121934261,12.035186535685305,1.5973728576164712
1059,1.161524855642248,18.64614879466136,12.015436809430968,1.2894427281407081
1060,1.1681716003109957,19.954449804893557,9.777256662314318,1.826683250923307
1061,1.1636061429242823,19.21878238795537,10.937589168833808,1.9836836038285628
1062,1.1723854906893147,18.973236632623703,10.416334539400987,1.3044427877346754
1063,1.1942429906683814,23.19199778540073,10.522197555690562,1.342367752198607
1100,1.2082795033135214,21.409951574614848,9.340332899656422,2.8953622267021313
1101,1.18608659648001,25.183802896990834,10.37998156820295,2.2253757930161
1102,1.1838805894271494,25.323853854149377,10.779568221258396,1.5683797432369702
1103,1.1815225466027814,24.05516576491638,10.157545721625228,1.57472238609356
1104,1.1759229823329285,26.9024631201805,10.610249394576563,3.1069947506038162
1105,1.1786228893036963,23.99716424085281,9.538256891742519,1.913305993736843
1106,1.1747033533087758,26.006484576146203,9.976332385603921,1.2574448194937415
1107,1.1692536822853576,25.28571291753357,10.348479634084525,1.7005744928047173
1108,1.173736822159676,25.14238310379425,9.66576212728565,1.2412880849772956
1109,1.1632715778153508,28.04323784852541,11.078121311240729,0.8420245350637724
1110,1.1628265784015372,27.10112654084216,10.842559407955322,1.6274533349118365
1111,1.1630639288525242,27.195278002877593,10.825852267978629,1.1277731183161301
1112,1.1601149750586401,25.796566847186703,10.576116073150828,1.1822313217048845
1113,1.1593310301735333,26.477096306583874,10.950838703349735,0.8833154687831003
1114,1.158115454820407,27.260075255094964,10.456167554703383,1.1888327672221637
1115,1.1575519590119114,29.738726625364087,10.370108602574769,1.0164784585103617
1116,1.1600213346050852,26.525240859235414,10.682017711469182,1.7198241637295242
1117,1.1567324821217295,26.550040756897378,10.468210018462138,4.645409134807548
1118,1.1579406398327114,24.830001765856228,9.986900605678521,1.298570600683221
1119,1.1576158350427235,25.02851145498698,10.895196196585312,3.006266220831776
1120,1.1590880914602117,25.437647933328233,10.622173637476367,2.0390162233653784
1121,1.1537641153190545,24.166046917408263,10.487277991337605,1.2358900990950163
1122,1.1600206274038838,26.426614804053457,10.309375530150728,1.09815606071286
1123,1.1580449472294072,25.346573326885146,10.976305191229926,1.4677707502411181
1124,1.1595432298316246,26.39452490939691,10.325918391947814,8.570637111270239
1125,1.1573725559917198,25.79652902471143,10.895577006819918,2.132077764762626
1126,1.1572316238752305,25.71761146333544,11.018157858154808,0.9672070941616588
1127,1.1570620420503217,25.808070043709307,10.654428539273676,1.2306080520291776
1128,1.1587477354822846,24.596966331358665,10.694826842808364,0.9785052846328987
1129,1.1548077095283842,24.619687124857034,11.115154360785377,2.8131142796453994
1130,1.1591833489561285,27.396383977489368,11.184599695577505,1.30517377229431
1133,1.1559505175466325,21.3881916313072,10.724268473360635,4.187596688867605
1134,1.1577053855568267,22.971586826098367,10.582839444765149,1.8214339102118586
1135,1.15561051967442,23.377073089290096,10.865363192893081,3.040503380613152
1136,1.1519589365213594,24.316508659943636,12.166521747375487,1.508463095476273
1137,1.160494346169076,24.666441481110386,10.869492071590058,2.5384778497392437
1138,1.1591435898634066,23.608767494754478,10.207311944131181,1.85446525894437
1139,1.1552731130854923,22.793684676971367,10.935055470643952,3.3530619615026875
1140,1.1583813200622313,24.751437638147003,10.73449810448954,1.4155824240865633
1141,1.1528019172441797,24.427523147684337,11.338594153437418,1.3208190404517737
1142,1.1568962619852856,23.24066254591802,10.526567106849736,1.5864823043251641
1143,1.1578740522787505,23.363258626724274,10.72396081091533,1.7030233002144175
1144,1.157501885123851,22.371944122958645,11.225944268430986,1.0048012850940604
1145,1.1558355003981216,24.058698411400925,10.4893114653064,5.183949094141414
1146,1.154815023786268,23.696483965595064,11.635520756672095,1.6356645292715943
1147,1.1571697987070444,27.868751978209165,10.827295823123649,1.0716525269909944
1148,1.1565880952515621,24.245823317726696,11.00729050365104,1.331140462243069
1149,1.15854244874374,22.795295473655475,10.94160380149674,1.506411616754378
1150,1.156372478190861,24.209149093696194,11.234613704754679,4.828695290094512
1151,1.1575781314550648,21.16345766653719,11.350914075211973,1.0484463679310112
1152,1.1593439248767952,23.115122101650464,10.212482166319928,1.5596611011891466
1153,1.1594536134818985,22.513739450813794,11.273809623177204,1.342299432404384
1154,1.1575878723721218,22.263948088708627,11.553699803425124,1.0750517345932853
1155,1.1640910328189908,23.29980082785011,11.085272976052687,1.4442448096603595
1156,1.163715871894702,24.132158379150905,10.649155257367397,2.885824490526668
1157,1.1670114964446319,24.10586841851249,10.404094139739295,2.0448613968011338
1158,1.1661402887021202,23.740556052379834,12.252355940583419,1.6579961076399956
1159,1.1640352323073766,21.79974150084467,11.800422538963067,1.1732766221436703
1160,1.1690548868518087,22.95382048318625,9.729206824838093,2.408037119229822
1161,1.165305535683101,21.803028361484625,11.25830251007282,1.3040029646232796
1162,1.1702957681707216,21.932229532059395,10.528314832105009,1.9145735204756378
1163,1.2047191477080588,25.655210054653967,10.86405405032034,0.9005734844632552
1200,1.1981406189632295,18.94105704409134,9.509571480444897,2.0038715944487913
1201,1.1785165954294388,22.234786654168172,10.53472351407552,1.4016293329423999
1202,1.1757282790010841,22.58043328264979,11.285282802281714,1.4389360050872648
1203,1.1728083683474446,21.573663609871343,10.222819009608545,1.2952685738290495
1204,1.1675762255304785,24.0120478552573,10.816000697193688,4.2540119770078615
1205,1.169033086967298,21.020852156965404,9.829302133520056,1.1895410915000428
1206,1.1683943413650635,23.255272077631513,10.091499711132286,1.391276301280889
1207,1.1634454700029453,21.981363995407076,10.636722762899652,0.772178435280629
1208,1.165394575302731,22.243915022948823,9.886492293600947,1.4713910593328372
1209,1.1574393857218865,25.334831166336908,11.322665967773084,1.3041840432593863
1210,1.1570038636746935,24.049793062748478,10.537143911005318,1.2736734056783738
1211,1.1566906234481662,24.218415303299,10.908357470635172,1.2458963272179904
1212,1.1533829217873968,23.00808402790621,10.587267205134816,0.9175520762947635
1213,1.1514051198517883,23.73084735246601,11.140572107436073,1.0129871289399106
1214,1.1525286234329115,24.173151862444307,10.951190000726932,1.4842690380601167
1215,1.1512676455636326,27.25236590120932,10.274769544671154,1.075574308319673
1216,1.1559008540526308,23.553482072511795,10.4706924941619,1.8511118533580377
1217,1.1526984272478509,23.578697776463805,10.096392502469607,8.516996445426138
1218,1.1529218885543855,21.728204327844278,10.012517771919669,1.3008830368956341
1219,1.1527178609398114,22.38383139837963,10.777421940708308,2.2124493683987523
1220,1.1536582869111165,22.28502304943958,10.451209738520868,2.147645852803573
1221,1.1498808075646667,21.526546162492448,10.728097226340509,1.373681285558176
1222,1.1541417193586136,23.284209799351952,10.486390281589934,1.046233691979271
1223,1.153084407103906,22.392569499551364,10.78094846631343,1.0832461486759082
1224,1.1529281511929055,23.869869364491244,10.714114930443145,7.1992181090666145
1225,1.1528992839976355,22.82255400214814,10.754505440455262,1.790742225959802
1226,1.153785094828739,22.333735447771506,10.960032297043202,0.8540374872116974
1227,1.154190518654524,23.08286896246587,10.585463473563008,1.3154327147849807
1228,1.1546592009308199,22.16725706068435,10.726374624386443,1.0386713500962428
1229,1.15427573673689,21.641227508387324,10.479330839278223,3.085752170964855
1230,1.155094256452048,24.708454222935973,10.913810481601336,1.1386129152538835
1233,1.1518711123915215,18.709164479720656,10.313601111052831,4.15356349382577
1234,1.1516426001828508,19.88577583198002,10.955560701284401,2.133459506420165
1235,1.150041482952126,20.769861799188995,11.35163153647359,3.8043248778537615
1236,1.148134132751931,21.4267593831777,12.043167823798132,0.9509730009400799
1237,1.1543095938414605,21.874915095728152,10.740777288114414,3.122334940395115
1238,1.1548110361251478,20.67124053173201,10.069986926431318,1.2612786980071793
1239,1.1507018927520516,20.249673738921533,11.374272406218179,2.517395641659078
1240,1.1535220333881349,21.677687988804465,10.92148169216295,1.4935505764478247
1241,1.1485472177451705,21.86484269172495,11.423402859725707,1.1208224455360907
1242,1.1507273939635727,20.65755280833619,10.243212084720035,1.310360715425643
1243,1.1529546260829115,20.361300432435797,10.725866918915836,1.3183075478204571
1244,1.1543561133419515,19.577042619056606,10.860553922952267,1.0699679091843508
1245,1.1497422248731233,21.240336562850814,10.568468036639956,5.731343521597576
1246,1.1507983070926455,21.040538901068118,11.39476824881505,1.2373845320011236
1247,1.1508525361532924,25.14854155999637,10.810448468980992,0.9169232137424621
1248,1.1507155007173617,21.01269122655631,11.333939038646006,1.6204869108165416
1249,1.1510347894013873,19.807595071454024,11.275048773053177,1.8622618858366085
1250,1.152253577875468,20.752150464933674,11.068357201756637,4.871971805399999
1251,1.1531802053216658,18.315338574397487,11.476600765528,1.8380213257289546
1252,1.1537851993445476,20.54342287721502,10.71009229759814,1.1771238731044082
1253,1.1547642236213207,19.921185407763392,11.414888539889555,2.552416468367632
1254,1.153222811874189,19.21698552482407,11.517632021898143,1.0435646239777583
1255,1.1593434924568071,20.0499072787896,11.223847193120575,1.6606903697499316
1256,1.1588916556842586,20.824485738328693,10.590218767239099,2.2323789255924944
1257,1.1610883340533527,21.224639973045008,10.41398538955973,2.151967902279174
1258,1.1592945596567892,20.75002501231244,12.194367235887443,1.267199780225911
1259,1.157103589919579,18.812326267670233,11.881517527016829,1.246278285981761
1260,1.1629754908581307,20.318518766490318,9.959427660846652,1.2855257640157998
1261,1.160469355972369,19.10006951446988,10.980446963948463,1.3135225039769092
1262,1.16880058115909,19.11092631182178,10.863412042973511,1.313705367564372
1263,1.1960307342291001,23.771158205595786,10.853230653798168,0.8315463297157024
1300,1.1983437794397795,18.50975143705783,9.578851753130726,2.0778913948987086
1301,1.178097506697382,22.013657649747298,10.504303945983299,2.297432700631638
1302,1.1741598184432156,22.503052968980807,11.396162976856937,1.2537110979959498
1303,1.1743921038818088,21.179956884345707,9.892493150161107,1.7005582819107652
1304,1.1716896672404387,23.39463107935584,10.52055453136851,2.383857900876445
1305,1.1732325542929227,20.675990918040565,9.159155628018286,1.2825577371372885
1306,1.168501399933683,22.943882279148237,9.875701610568033,1.0433971406968057
1307,1.1660040503150328,21.678624917891156,10.60761366251993,1.124197529422179
1308,1.168933513693147,22.033491734483245,9.380800605764232,1.7242376013877665
1309,1.159202491474411,24.66540289626209,11.315216436797646,0.8740135336065934
1310,1.1598552456153117,23.570208977074472,10.579405280503417,1.7873953360728005
1311,1.157347551318173,23.886358420714757,10.760895284435804,1.0838881092231667
1312,1.1565791503440042,22.404120812723928,10.443867520502748,1.2145583290373203
1313,1.1549920095207398,22.978018115285764,11.561159982341898,0.9708700557115939
1314,1.1550814215849705,24.165963183211947,10.671121438590857,1.2856559642019876
1315,1.1550935261925992,26.568632557916967,10.594338372951656,1.2767909449553274
1316,1.1571897360234198,23.321665950411287,10.35577634862429,2.200282470237785
1317,1.1554721351308963,23.179772651859494,10.727781544607943,7.586625142006966
1318,1.1551073207465155,21.269293856545527,10.635125918610202,1.1359820650743582
1319,1.1562285425205132,21.755667179805986,10.740678667315692,1.5561734166604002
1320,1.1575384139490439,22.258369738805754,10.556270133974673,2.2814251314014347
1321,1.1544142421222765,21.18752652387088,10.814061198338985,1.564367760324709
1322,1.158610581758608,22.78103246602365,10.41826142537192,0.945531055424301
1323,1.156189602796868,21.840501936934427,10.980175661027252,1.0652122366072914
1324,1.1592335855510234,23.343433930595104,10.619035620535769,7.3312981934617625
1325,1.1572748416764296,22.190509130763214,10.78069799862882,3.524714393692497
1326,1.1589616076569882,22.028116120396504,10.575142835667052,1.1382032597400027
1327,1.1599273220191846,22.302415058708743,10.516117594181727,1.2587906167377059
1328,1.1591417852645018,21.601344093199607,10.641784500667166,1.0801434212125673
1329,1.1559100608744552,21.05389329150525,10.389074097846718,2.7677252772194407
1330,1.160231338242465,24.313995560175158,11.111006476983558,1.070092716218717
1333,1.1553388047014894,18.148649634335015,10.413853227059358,4.8367690922387405
1334,1.157327082889865,19.69866684088728,10.482741575170902,1.455121503151242
1335,1.1549952969153934,20.12391701877099,11.206863543614006,4.026884672031436
1336,1.1529187689622367,20.981156519747167,11.904942497013305,1.195050915892445
1337,1.159554807190395,21.170932490497364,10.808008168078365,2.3762977624032744
1338,1.160038361089175,19.967745257756928,10.587410880692218,1.566654113242711
1339,1.1557052408965325,19.649005825684366,11.168965601713166,2.5913699782676223
1340,1.157880405991729,21.16859784483543,10.742133943109996,1.6923293773473758
1341,1.1524245567445548,21.034510914806475,11.099562374790612,1.2605701444378794
1342,1.1549332984269456,20.341094319451003,10.426965052264338,1.7283959365135355
1343,1.1577090392710365,20.066186357089908,10.945148434389843,1.1033608231874321
1344,1.1578475093444565,19.536084610836046,10.770543806439026,0.9881715309193337
1345,1.1530953300049809,21.068021709833406,10.488835018600788,5.156400719894671
1346,1.1554341663453163,20.648554778862874,11.353220283018144,1.5558281186430885
1347,1.1566301283754268,24.776010900239157,10.564791172679161,1.1936909866406882
1348,1.1548846496125202,20.719939500266868,11.18887158439625,1.6091842494913855
1349,1.1571817805421445,19.375744308558332,11.264949594525985,1.8230492220322214
1350,1.155415025375335,20.943910124059975,11.30399878597223,4.174268099057286
1351,1.1574090935613197,18.26001319236742,11.192414590770026,1.5246014586473855
1352,1.1597738799722952,19.942545211777425,10.358052714797527,1.329021429817125
1353,1.1577692494403133,19.10014956974734,11.538103623858136,2.5041719481493803
1354,1.1566947885964005,18.941295878506075,11.553574047539739,0.9941816475803138
1355,1.1630564247280355,19.470481503056245,10.71539540959977,1.761451351442587
1356,1.1624286425058294,20.308135180804232,10.76075875703268,2.4016488505307456
1357,1.1615605789921024,20.769845351856567,10.291928935735696,1.8958910975750494
1358,1.1622287498797346,20.20646976180649,12.500139428392016,1.466933917772793
1359,1.160082751454068,18.335077926954458,12.024986610430778,0.9755404740319106
1360,1.1689348545457416,19.824516517108105,9.576205047761638,1.2849415375023685
1361,1.1620209446366623,18.788169165844913,10.879813926790062,1.8172583958741244
1362,1.171655687330798,18.664362449647694,10.780301341515258,1.450358439148245
1363,1.0232640077608632,61.38931795378295,12.973303815071109,1.9616663799342664
1400,1.193370607713474,18.206164195849063,9.505025691295105,2.4406341844180557
1401,1.1720945818141912,21.76353613812602,10.535986422512343,2.057608578974166
1402,1.1700703281207474,21.60824411184337,11.080876837502236,1.2481893983208552
1403,1.1713754482726122,20.28078097319098,10.358390141493055,1.1445555064467388
1404,1.1628450616200454,23.15980236221472,10.826225123924427,3.6999909231300045
1405,1.1681898983254089,19.97063636311599,9.405434080411663,1.095337961698051
1406,1.1634580432277684,22.033154778996632,10.245906188703339,1.4011350061049421
1407,1.1599018185704206,21.162905411481756,10.66319529075666,1.3953317725471865
1408,1.1634814187547844,21.190858002563854,9.883431903199105,1.7976669866884378
1409,1.1558948292297178,24.040907579964575,11.327111284765422,1.1898650075707364
1410,1.1559974603257477,22.722164978544804,10.980412027006526,1.3725793289325787
1411,1.1549284617443352,23.183745653342392,10.552492148154869,1.1183284075151865
1412,1.1543442342089618,21.70348462216101,10.628842713123682,1.1778099437361842
1413,1.1491869209740266,22.33467320172739,11.16912787489476,0.9064683776678211
1414,1.1518866851584855,23.413244218719218,10.680803437151194,1.5864111041776081
1415,1.1500350794424221,25.87231745521609,10.463278250493751,1.2107530239675472
1416,1.1543516658249227,22.59670058443394,10.62522685404894,2.224802918623563
1417,1.152283680513948,22.776710207288588,10.388446917271805,6.301985947143017
1418,1.1519289334902445,20.78221878041769,10.332674333946223,0.9792769395100189
1419,1.1524825040118931,21.355952054646355,10.833551044444992,2.3617069891602154
1420,1.1547973143251273,21.511439251425646,10.357766794224903,2.2729423719459323
1421,1.1520847416709654,20.45114170066394,10.48756161277973,1.545822558858071
1422,1.156852262893323,22.170954337553333,10.572679324507595,1.0899833208874745
1423,1.1537351960864297,21.329504408281995,11.146547452131044,1.2611507739012602
1424,1.1565178681230177,22.507458246253528,10.613337781681027,6.150745846471258
1425,1.1561333737616568,21.65452836995388,10.504517791682975,2.3542417018677977
1426,1.1555713618372776,21.418451206838174,11.116766903811651,0.948424573000162
1427,1.157147593506985,21.837357110398937,10.307833551479675,0.9327255366652896
1428,1.1584950253625703,20.535620603979645,10.718080765044562,1.0798450983060082
1429,1.1545716831328103,20.567130119156452,10.867990524419131,2.87936566409305
1430,1.1593646049605097,23.70882524982195,10.615489628062994,1.1875056935971466
1433,1.1545191139867927,17.555035265426095,10.641433083136393,2.894792044812062
1434,1.1538757806662723,18.909151686171,10.845865212915403,1.1783622451893707
1435,1.152992314600315,19.788380020230214,10.886528913344133,3.7013124377981454
1436,1.1520046676877114,19.932323710174856,11.852160303511875,1.112022619273476
1437,1.1577606043216513,20.597796857615954,10.554875180658389,2.9337174985762946
1438,1.158002731933883,19.78427861545181,9.8065908962863,1.4227552641516092
1439,1.153080403119425,18.861725455414867,11.16693814056162,2.664808085603623
1440,1.1556292183063877,20.635762472804284,10.966142728066432,2.0467736287027507
1441,1.1529864963469914,20.263278293246156,11.416963255025458,1.3222267544371453
1442,1.1541160362352667,19.493433003556763,10.358798376371656,1.5078335597465227
1443,1.1562919198421506,19.56349300906935,10.473914812205061,1.271716394664589
1444,1.1566238707384515,18.628497412087345,11.077138610100427,1.0521650340202853
1445,1.1525547300403587,20.171846069176166,10.782229376121537,3.3377818682858504
1446,1.153384685997001,19.70391986191262,11.135307910885295,1.1214367533682004
1447,1.1552282400514067,23.78263780723609,10.796409439465217,1.165496347599414
1448,1.153044518867211,20.078450808286004,11.446517283544473,1.7985828708433511
1449,1.1556457116878447,18.4959422839657,11.01811753490011,1.715632226382679
1450,1.1526686201250327,19.915885327836815,11.083182449462463,4.508950871240392
1451,1.1526293012446882,17.703968854454533,10.931792644947668,1.3096959775380095
1452,1.1562129147721982,19.235798205194378,10.230615336241787,1.3558757171584657
1453,1.1549061494452997,18.267013402966544,11.807632645450141,1.728657531006706
1454,1.1539436397230352,18.504506181773433,11.812920132059505,0.8417256465227384
1455,1.1605151290202385,19.075597172700853,10.989785405107703,1.8105761399489215
1456,1.1589476016212716,19.80797012356993,10.420372466834166,1.8666013974661764
1457,1.1584610897393894,19.857042754045533,10.489622754007481,1.8334604852598233
1458,1.1591493916319613,19.69403297155945,12.293971655394007,1.5650268384434591
1459,1.1578979119519146,17.80792316276295,11.580130655618438,1.0627989386981707
1460,1.1641028611200215,19.17871981293144,9.531102535348722,2.0858309711442757
1461,1.160403595421577,17.86556219969501,11.023317988524775,1.3017942754376168
1462,1.1694845840501187,18.33272351118541,10.788720775707336,1.7908080032487097
1463,1.195342897261411,22.355235011506494,11.832193610833906,1.0996106198646012
1500,1.1835994216820258,20.596379465435753,9.780461425720947,3.4655664881064454
1501,1.1643364939413856,23.791655886345943,10.578249773063417,2.5041654367824973
1502,1.1614279402100889,24.40178803709029,10.824033751366919,0.7879537877130182
1503,1.1621345360475392,22.957626374917766,10.07504391843438,1.5220906595029018
1504,1.1560179598310205,25.18478471392009,11.062579222706026,4.354698027777322
1505,1.1607966322680643,22.382444808481047,9.501323817829505,0.7754106006464023
1506,1.1564587591829165,24.393862147994362,10.083082271781294,1.2330295707481804
1507,1.1540417747565321,23.182675860074117,10.55148086668971,1.0527669976271194
1508,1.1544821114068842,23.57148697603845,10.092264331016779,1.6134163134928006
1509,1.1485443207728452,26.555131062390238,11.266022954304233,1.1819863581008851
1510,1.1484749735104787,25.389626770068265,10.775266766444153,1.4182835872736184
1511,1.1454260430883019,25.46031373359412,11.189769537766182,0.9007703315380688
1512,1.148363264503703,24.11069520176,10.653827043234443,1.1797514985363318
1513,1.1452734931168584,25.127247272473802,11.088378985851543,0.9858351752516618
1514,1.145050093862162,25.730741404595996,11.068164367219367,2.3562585715873903
1515,1.1466517407299606,28.099642256230418,10.739467330661114,0.7865297415512676
1516,1.147643900552541,25.51304018625833,10.387831675432322,1.5548132857778603
1517,1.14662847507643,24.99382828219275,10.073230732353995,7.813033410173588
1518,1.1456235134154071,23.432114398721232,10.307820436424006,1.0808048403700978
1519,1.146998739388606,23.572746564979926,11.034148079053356,2.505744961804864
1520,1.1474537834703338,23.769045824520692,10.869547294465185,2.795589619742713
1521,1.1464613603315357,22.83542469343838,10.51293559879568,2.108000070568458
1522,1.1508609639803806,24.683254281351374,10.119635025466353,1.1108369112735432
1523,1.1488378715876553,23.540491514724906,10.961685719508912,0.9574224519345071
1524,1.1515108598764368,25.107951030787547,10.521810411174545,8.436759340366775
1525,1.1510938444964922,24.114566764639633,10.505315693665919,2.5343032075862824
1526,1.1513734416749266,23.53789615202164,10.982573577734248,1.1472168357683594
1527,1.1515913459716125,24.490622836425484,10.09877648881453,1.1777529747118862
1528,1.1520154804610994,23.1344117995536,10.76883034284395,0.8104156003112983
1529,1.1507099075991614,23.234592040728852,10.521759736002139,3.0373791493604285
1530,1.1526166428288638,26.018717073779978,10.986133676810482,1.2512024565410742
1533,1.1484111759826594,19.702642487287168,10.517940731569528,3.973600632653306
1534,1.1500956022557103,21.213882543266248,10.71241700612922,1.2129672698553151
1535,1.148679726165536,22.353103082477574,10.614054021303133,4.001556754988631
1536,1.1444136490757832,22.533598819560304,12.089237004862623,0.9628739782914217
1537,1.1522617824619068,23.02156470602882,10.63330759373338,2.9280395220447097
1538,1.1556125545557283,21.868986237531374,9.988670719046857,0.7279764945043145
1539,1.1498571125165349,21.519222633156748,11.35978563563102,1.7431112158591031
1540,1.1519721611882716,23.075332127903287,11.058037821460891,1.629685559002701
1541,1.1463813799651097,22.92746572026754,11.49096659769108,1.3906330024978137
1542,1.1491301683527408,22.147662381240213,10.384533781021434,1.0574738997893498
1543,1.1496151293021395,22.19533355875812,10.52391026774486,1.3455206621056106
1544,1.1504913839222002,20.98677599961262,11.044868666399925,0.9653706663212045
1545,1.1477184484969791,22.45608838671695,10.719825321301716,5.2375144425422295
1546,1.145965936802403,22.355011000976607,11.716060751321391,2.0031392776642942
1547,1.149643761688131,26.249862849578676,10.886037666790667,1.3261069906455418
1548,1.1467186758954164,22.59588260115871,11.371054688971466,1.411089862721003
1549,1.1492785278526534,21.448698097248716,11.154751886921328,1.6841614545886985
1550,1.1481430617340027,22.552099627749417,11.126322146620756,5.02174923345251
1551,1.1490989526860775,19.589131633576436,11.443824340187904,0.8974219251369148
1552,1.1492376437645517,21.714909872185125,10.35233943715931,1.2994154563416358
1553,1.1481275298105988,20.73967434131401,11.547343849981148,3.1502651395751236
1554,1.1479922402125873,20.27924193029947,11.92107433071316,0.8431836906996784
1555,1.1524734159749304,21.218505608632547,11.045502154564517,1.1629874718754933
1556,1.1499736644278797,22.18476732617701,10.291827594651533,1.6538602916974554
1557,1.1528014941064924,22.65740288098601,10.611949330322194,1.577374983442846
1558,1.151584239905409,22.02447295310246,12.512371852931079,1.4598450664247582
1559,1.150936875384444,20.146034709323285,12.01515131360861,1.1586149809571513
1560,1.158313963652247,21.275918291388805,9.473996661028359,1.127999259692533
1561,1.158009091345592,20.230213131039,10.88978344389394,1.2687490576842955
1562,1.1675539170706415,20.3273872199923,10.572677445618753,1.577409329306032
1563,1.1840041680974271,26.065089299531785,11.864079622162288,1.0243336356037944
1600,1.1871041961376214,21.31914403246415,9.780002376287165,2.7187387508936127
1601,1.1686515790649457,24.52614550745711,11.034119512655153,2.418940061887705
1602,1.1682881066465702,24.799247924194926,11.038434742324025,1.4694914611516388
1603,1.1685785882720796,23.741160935679115,10.130814917056131,1.416861488324776
1604,1.1619682735388897,26.04037045414187,10.814389883585825,3.4433925894378437
1605,1.1685188850386992,23.26048922604392,9.509928606733975,1.3066973077388098
1606,1.1642743769012345,25.23595536116257,10.244684280300332,1.037985779138254
1607,1.1601128761138924,24.489420628565767,10.529891906695216,1.0836530682714103
1608,1.1632210292980343,24.470731550751776,9.708594324300895,1.9968980211779104
1609,1.1561654141214814,26.892561101379773,11.412291229095793,0.9306583583011673
1610,1.15569121124459,26.182105283686383,10.768185549684949,1.7196588895145077
1611,1.1564910218641646,26.372380353386074,10.645430809478533,0.9765556385294634
1612,1.1545049773584808,25.235677825819693,10.544830327103147,1.0272877081407201
1613,1.150956633890976,26.099972231976484,10.973174323574792,0.8941955922040301
1614,1.1517795058977451,26.537578596582204,11.323804609069617,1.485677019133782
1615,1.151745144511806,29.5895872973009,10.84245335270034,1.2259894440427996
1616,1.1569299634216879,25.931963384536527,10.474508716519574,1.6975756972769744
1617,1.1527336864782218,25.855595931952074,10.715489451072015,6.929698941005301
1618,1.1552851176616916,24.24387836437668,10.469599159798399,1.0405088642575953
1619,1.1553381963643679,24.72564092128595,10.895278702769804,1.9056895351393786
1620,1.1560681668039678,25.093793978472455,10.404052037989777,2.0108436692457428
1621,1.1539071544385153,23.502985291767136,10.681938459284972,2.1010844504659323
1622,1.1607565668277855,25.50476041918663,10.244724142785385,0.9730097528171434
1623,1.1575114589982136,24.596532377252007,10.881147798524985,1.236434909749687
1624,1.156906778923818,25.871330910961444,10.831002057182017,7.661873950767654
1625,1.1576706350992718,24.698163758284423,11.132522014979292,2.5788904133666133
1626,1.1577227361366642,24.78767717180351,11.1470922645812,1.2257756672164148
1627,1.1596095913202553,25.209850187482303,10.753349177983848,1.047325946404484
1628,1.1610747809295785,24.219712597831826,10.913515884225351,1.1257556713525636
1629,1.1597999638188758,23.95790152901689,10.91976711699833,3.117710349972126
1630,1.1627357023020355,26.95690683575935,11.10151628307971,1.0227893739600924
1633,1.1593212596990394,20.924373364483532,10.720726520848118,4.0051429927796525
1634,1.1591147698936222,22.284675315866036,10.767749946563077,1.5637634639332296
1635,1.157574575772494,22.78116960832719,10.985697099321785,2.9206260720380706
1636,1.1546115759561446,23.7938423790245,12.08892268560027,1.431305696349634
1637,1.1614974298735739,24.229155217661265,10.809220225859661,2.9492205324658367
1638,1.1629246207998256,23.072742196172825,9.945269134969864,1.940378186630569
1639,1.1573085218561672,22.41192365587779,11.471639682221118,3.0114494589094387
1640,1.159088699969015,24.082777503604266,11.225579479114389,1.6338554020352907
1641,1.1545065314203464,24.026358960508524,11.468018911023831,1.7611338510791554
1642,1.1566378278325968,23.38096807907233,10.523054750435806,1.8108277252645013
1643,1.1587525166990766,22.79971959979524,10.786387954332298,1.516263199743182
1644,1.159578027339671,22.261706782510885,10.956964874714295,0.8427092808044776
1645,1.1561743314380537,23.4823706594546,10.864776170518356,5.905520155652858
1646,1.1552219918650788,23.256991668067094,11.521820419640381,1.62857505474892
1647,1.157780177941185,27.469713648073164,10.94041190885945,1.0722291818356724
1648,1.1553895533923924,23.45174275352033,10.988750841261234,2.039841703622963
1649,1.155423171586328,22.296910001436014,11.357817768242008,1.1279841598773233
1650,1.1552609951715156,23.58211327984377,11.467698647606253,5.2416286587701295
1651,1.1541298532216266,21.285713218672836,11.145129510576888,1.1140459959759088
1652,1.1557911218382972,22.634002271229548,10.293552400953699,1.371163019570276
1653,1.15667816516398,21.89900038646276,11.577455791491829,2.146001073765426
1654,1.1562498731811888,21.626337418884518,12.047280387081605,1.2703847894639193
1655,1.1581447307270993,22.38743527510078,11.067477322169967,1.654097345964586
1656,1.1580394685428135,22.899248172353303,10.199014947685374,1.9884986657742507
1657,1.160373246839764,23.21300585014397,10.493382258460208,1.7729756908211523
1658,1.1591169104181565,22.86555702184593,12.348820900979517,1.1410665680534597
1659,1.1562984478537575,21.033294489676333,12.045458983952322,1.28212675747893
1660,1.162008202545854,22.718913584528465,9.69051385004089,2.96940375365723
1661,1.1614094701327156,21.336166895866082,11.385732685494007,1.180079197237319
1662,1.170938053974488,21.082954466691543,10.968579887950845,1.3102843969092777
1663,1.2010663107734234,24.69916160132175,10.716342317579816,1.1741283950803298
1700,1.1924008881878145,20.014689897666116,9.312034605123754,2.6715855281060357
1701,1.177435211016738,23.669102937266235,10.65614993193369,2.0842823186626744
1702,1.1756028778967105,24.498513175640277,11.151676403629994,1.0606586443306574
1703,1.1759195917047323,23.018474635217895,10.290446770956356,1.3576961366664457
1704,1.1699426357002958,25.774294570192396,10.7840740640628,4.287426493241464
1705,1.1749257098488917,22.771490915743787,9.439068857910087,1.2910051939803762
1706,1.1718465275671641,24.700576547657224,10.34657200223468,1.1814169805147319
1707,1.167931831258378,23.9926477139393,10.496451161803215,1.3525605456039946
1708,1.1715729514488658,24.22937538649853,9.953417393752549,2.021987373256806
1709,1.1649788405408754,26.89389799653008,10.948774619651534,1.3209612921091949
1710,1.1638845692775432,25.654165476310627,10.640353069869406,1.7013245286749155
1711,1.163169241678636,25.855887081747692,11.145204085280978,1.2384109324755799
1712,1.1624998313825583,24.456119153370754,10.569846879836248,1.3332524015625
1713,1.1607963741842815,25.333224474635752,10.923654652754923,0.9049474587264521
1714,1.159810352290178,26.19166150483239,10.957639481708574,2.4694424077264956
1715,1.1617328930718462,28.68613323242568,10.3519054435884,1.2381032429969416
1716,1.1647017517405331,25.451264366299977,10.680707025790912,2.472959902824345
1717,1.1634710227035039,25.32135269112135,10.460806477223416,7.74843959433029
1718,1.1619489560020968,23.599201572576668,10.443269855776991,1.0038270813865373
1719,1.1645951394689513,24.185476253282868,10.882899719224676,2.6737787320648825
1720,1.1656517680529792,24.082719021193565,10.578848895187246,3.033881410362186
1721,1.1639724468204402,23.31536780167708,10.506755588714412,2.314668850569353
1722,1.1702283095455746,24.88891455680164,10.56537177175164,1.022219922116141
1723,1.1668146134526889,24.313127623744794,11.437982770869251,1.231904863686434
1724,1.169552019880429,25.55990869259449,10.93556664482859,9.569875988829535
1725,1.1677359194409236,24.749637927974632,10.674302760854438,3.4370109467005423
1726,1.1691194802785696,24.174574476117442,11.164950613928896,1.0570480191982328
1727,1.1690908588385396,24.71490691764578,10.371346643392116,1.1439397937218116
1728,1.1694354012588262,23.929936987422348,11.045054434559889,1.1121344046862884
1729,1.1699362381901617,23.593274373887233,10.583271845893123,4.546757726557045
1730,1.171941489425231,26.488875789477646,10.931308288103892,1.2172263062344768
1733,1.1674737596924551,20.36372612438741,10.680027136734779,4.916486197204432
1734,1.168058267170026,21.76912090690852,11.010037125929209,1.708464960054749
1735,1.1653901704332292,22.894968071881056,10.967336925558767,5.1113698639354
1736,1.1630664272873548,23.211331582117936,12.281401196486467,1.5228077163374028
1737,1.1700016289092654,23.533751777985128,10.7093201097113,3.8806923017956967
1738,1.1718898528261288,22.37669028967475,10.167276270336183,1.868086198301874
1739,1.1678167882756874,21.849032328370065,11.243178069651634,2.0644046801018376
1740,1.1714908871377923,23.555874304574612,10.494038493125519,1.8343384665124738
1741,1.1634909841767278,23.55939313093932,11.510056850827826,1.5033971656954497
1742,1.1674731538506307,22.417474265964874,10.67230238609309,1.8947385918068282
1743,1.1674749108391966,22.431434492356562,11.040437254920516,1.9377486703897675
1744,1.1687009574495943,21.533454097203027,11.067820813221681,1.2508550612079454
1745,1.1639322000489707,23.19600099035463,10.666594521363633,8.48503904632945
1746,1.1660683332991357,22.929192162018737,11.456381891219268,1.5269208238478897
1747,1.1645480961986028,26.81313152041345,10.823198420305438,2.0384127916018233
1748,1.1656326003803685,22.93588258295586,11.28441148881406,1.9147120463702085
1749,1.1660351129779474,21.784397651052227,11.068264653692962,2.2223052779465915
1750,1.1644390322247713,23.0278331139476,11.03252127017195,7.50808477451693
1751,1.1640702355299735,20.560643516632588,11.294664013585656,1.8229793027298118
1752,1.1643843893526362,22.41992124222145,10.21103425629859,1.2902153162164556
1753,1.162854407606489,21.624501241109936,11.586638758803872,3.287747806413612
1754,1.161935335270742,21.066610807146173,11.614834353124627,1.4317679830375734
1755,1.1671628157735512,22.024560551405557,11.367998487008107,1.808867430745294
1756,1.1675858583190097,22.2993255908589,10.521300845913334,2.149223562122772
1757,1.1701500731953207,22.780402516898597,10.678801763140397,1.4992836044849804
1758,1.1694441855950004,22.445741562362908,12.407222125533213,1.847207321235083
1759,1.1677022573091917,20.49959454391879,12.179590671878163,1.3973964392018816
1760,1.172719532942884,21.732394209061297,9.861297405525994,1.9701660956967901
1761,1.1715899027709509,20.41272070749177,10.959996791836435,1.6833310082008142
1762,1.1774011645736464,19.65549219741992,10.611814756579612,1.4373989517162884
1763,1.2041058705166632,24.808014809145053,10.389289110319446,1.703953603813546
1800,1.1896413945351656,18.737552332282725,9.379104851309457,3.1998510036043877
1801,1.1713786581669148,22.34586890032903,10.634820514838925,2.156010706810754
1802,1.1723577171942137,22.731129799923586,11.075399506144375,1.3703437647508865
1803,1.1732413627250227,21.8244656413962,9.965269343465655,1.139174489060057
1804,1.1675008705384857,24.446018072854603,10.909346362426684,4.023004530336402
1805,1.1731180396463579,21.318801748702096,9.722039897863292,1.3940918729387366
1806,1.1687386484443285,23.327350720509674,10.142996699282227,0.9110685162006448
1807,1.1647677331266475,22.674395745117984,10.616808954492424,1.4033586631470896
1808,1.1698528465168136,22.491777755066106,9.992674620379669,2.1988245300856697
1809,1.1630953084234699,25.317532756510023,11.129671826746977,0.7719476493523717
1810,1.1634190754942308,24.207004186768575,10.464002670734688,1.4016821521496634
1811,1.1600362572700775,24.308723565673233,11.294481070263366,0.8253595327915632
1812,1.1606752473292523,23.174206005039526,10.445248940157155,1.0220266113749128
1813,1.1569320084825654,23.80946080859511,11.362131395055245,0.997723524419562
1814,1.1595286232837827,24.915128280217118,10.311382667720315,1.3931042943089946
1815,1.1590697141899156,27.265363050720133,10.82715499895335,1.0992978157159028
1816,1.1623367459380283,24.05927189771307,10.644478080786731,1.9157987597751365
1817,1.1618379027952905,23.998342045613562,10.195425769408764,7.294774828626375
1818,1.1609657209606534,22.143875336158843,10.558514433893734,0.8216575448445528
1819,1.1621171413272087,22.683735045253503,10.898113014957026,2.1428351193248583
1820,1.1639391584744128,22.83479673934595,10.713009399345184,3.3250421447488114
1821,1.1624567870472498,21.77557122977124,10.824346823225898,1.8363804133026989
1822,1.1676515811318364,23.350031770464586,10.3038321455658,1.1774234289517604
1823,1.1651013435544066,22.85264082876824,10.994794619402382,0.9057122927557578
1824,1.1666753799631038,24.167596805599583,11.084064805433819,11.767438340857884
1825,1.1660957688556608,22.936929031456305,11.240139301363918,3.6226159022726985
1826,1.1657917030290694,22.918469438098956,11.18107163986564,1.0438520559710136
1827,1.169624943434623,23.095673784821074,10.845645097222029,1.055457577205666
1828,1.1698068764850238,22.24441948827232,10.689085424835469,1.2331170395101942
1829,1.1668828181916606,22.16377685957273,10.711830142501583,4.440190476314327
1830,1.169977310370186,24.76469112599424,11.096137868379111,1.3575251543589708
1833,1.1671809492435568,19.033182985169912,10.370176819143657,3.6057397051918736
1834,1.1669071748102322,20.005017044490657,11.228689339957484,1.779090500979734
1835,1.1658601360315919,21.471783785729254,11.264283079273394,4.309943262472284
1836,1.1620750919235185,21.647230694842182,12.31515079078599,1.2594290106488564
1837,1.169780409500817,22.394935952955187,10.868114502071144,4.088713704552922
1838,1.1715621657720663,21.256872827495318,10.056716134815497,1.4474977175458161
1839,1.1653984770048422,20.500624269043872,11.11424750555025,3.132559327221273
1840,1.1695812218906827,22.249951135862204,10.725309250444734,1.3720480304135272
1841,1.1642625194721201,21.872787259049954,11.466548796202797,1.542255827880164
1842,1.1660515420283621,20.944823601902943,10.508633601796058,2.046146460339841
1843,1.1666482540166605,20.985051588358154,10.893898895731548,1.4026183545846647
1844,1.168967872024166,19.903107399693074,10.770246349310046,0.9461667420567919
1845,1.1637083573886458,21.614376996533878,10.964103880670642,5.52608264863808
1846,1.1632464769169635,21.233780479171536,11.209576189318307,1.756258893979895
1847,1.1626432484606548,25.74638290531875,10.497867974974492,1.313187287763764
1848,1.1629203930840921,21.566882587285654,11.582797154455072,1.101837104477654
1849,1.1617054860099547,20.432127995116048,11.663222558881293,1.5291156110457695
1850,1.1634472765955663,21.55588389559521,11.269104707800365,5.098937401873765
1851,1.162652289495558,18.805532604655696,11.158057887295126,1.9209420405204867
1852,1.163922618514966,20.922485143673192,10.623569565065921,1.708705183161199
1853,1.163082014695534,19.791349260252392,11.781669190834407,3.010125534499709
1854,1.161340905230575,19.752846575182627,11.725506472819722,1.3386524658766987
1855,1.1662626901013398,20.64295420125746,10.991048728126861,1.4360824875641427
1856,1.1657189515547879,20.895773719291345,10.715104055154356,2.369180227078626
1857,1.1662374965795763,21.51423053400281,11.010761073201426,2.0527361944218794
1858,1.1662581801241905,20.89495639254421,12.299683341342005,1.3456829654589466
1859,1.1640381096795136,18.76292542210509,11.934159218699778,1.0745455270766273
1860,1.1695731802001545,20.10239704373975,10.117414414265724,2.1777457925996333
1861,1.1678052430216836,18.832214454333883,11.225111257994293,1.6095059535110565
1862,1.1752723098481603,18.615317346341126,10.615688428197304,1.1251389900884283
1863,1.054295059310214,54.765390698138276,12.571263316843869,0.5217774732870202
1900,1.1806386624982455,21.31852525359142,9.719757906305142,2.9096702535960417
1901,1.1627344300121032,24.988030513868846,10.568199018236898,1.9911069701914403
1902,1.1604138089403437,25.175407335217482,11.143207672474015,1.3046801976664342
1903,1.1620356573042492,23.61769281661537,10.070068847851772,1.0555742260710057
1904,1.1575996409655631,26.121392023489754,10.777598610804732,4.646724309529249
1905,1.160891460996539,23.11426776689879,9.758159083847763,1.5390514999160325
1906,1.1594332532770641,25.226016264319792,10.066571267225408,0.8357073983740846
1907,1.1565548150839664,24.08543027366929,10.331710454760017,0.9935665174467733
1908,1.160280595848231,24.555751735188363,9.734030141984508,1.6009486764458212
1909,1.1533109267944166,27.185634751839988,11.175817566107263,1.1668026402600327
1910,1.1525792937977755,25.946587338920992,11.088140827652186,2.196716260690702
1911,1.151847652094128,26.48341374073228,10.491381170305631,0.9521425375788751
1912,1.1494902124786484,24.77392048752993,10.985987236123048,1.1986224823377172
1913,1.150154709475226,25.901923030631295,11.117585456567886,1.2800153493232165
1914,1.1487507353297526,26.371024099591263,11.475876762074542,1.2228352487949414
1915,1.1498059561834446,29.114103118423163,10.656860555854069,1.286628764748872
1916,1.1537903452916738,26.048087460029965,10.638872912716998,1.7163027385432668
1917,1.1509226944478046,25.673878050626293,10.862439975424916,6.442488455479099
1918,1.1527445512703085,24.120802453944517,10.376165952091801,0.9689296400746875
1919,1.1539766270540615,24.43053352775779,10.964304877343558,1.4553133693033546
1920,1.1549134535865706,24.689402468376745,10.718105445298297,1.706736674514294
1921,1.1521091577235456,23.852110994944493,10.801887651869043,1.189533198299099
1922,1.158108576617317,25.439168270124753,10.468678714858866,0.7857548329186061
1923,1.1570409117064182,24.62517680652463,10.792348197827028,1.0425821366529595
1924,1.1582235430068022,25.51990976030887,10.470860436920526,7.728454194783457
1925,1.1570012297209757,24.847034310519696,11.123739988046724,3.282311913504875
1926,1.1592529033192869,24.825651762296882,11.01322141513538,1.5511029917201393
1927,1.1601842543965208,25.133516865044985,10.434150442732417,1.0385135343853469
1928,1.1583077523263752,24.059578722496113,11.002149901785161,0.8237643191044902
1929,1.1579010470107305,23.688782746577733,10.654465237282649,2.5175099269826244
1930,1.1635391995668143,26.674483358111715,11.179939348907226,1.2531758961170727
1933,1.1568739446856215,20.65373575219292,10.37625440829851,3.105463088540485
1934,1.1581951078889927,22.15405749357937,10.569390507667087,2.2901633698068786
1935,1.1574546803531827,22.885938987124923,11.053177170711345,4.204458224641321
1936,1.1546621737840161,23.21925291149916,12.08077604109076,1.255017801604017
1937,1.1603713809158032,23.897662676638696,10.312641912817254,2.0322577322157036
1938,1.160370277344418,22.843537476841846,10.021615160458353,1.304399263548611
1939,1.157386542740426,22.2346387175917,11.174362232613069,2.1555661789604446
1940,1.1587546265759445,23.97226185058048,10.89663480304776,1.6982143986895577
1941,1.1542087191367185,23.429154123623878,11.526238637406918,1.043636856236793
1942,1.156338759106131,22.722230804866285,10.584323066558502,1.5002834609016311
1943,1.1575984938953696,22.49766001359519,10.82795199338865,1.8054696229580138
1944,1.1578465340762853,21.696967625336953,10.845558898149248,0.8983406177699622
1945,1.1543481085623015,22.765707939816807,10.894884705412295,4.9093960070599
1946,1.1533060998295606,23.038634957174093,11.413835018984635,1.3474168297014752
1947,1.1550381779649994,27.012104398823297,10.37062620620808,1.2463263437680725
1948,1.1532502962861806,23.109615552459683,11.319518920500133,1.8408007629142
1949,1.1556970458278333,21.961531346983197,11.264621987573792,1.1725422008428994
1950,1.1528782236187205,23.37207729292925,11.09623006009015,4.281545659718649
1951,1.1507462471697625,20.757087864846945,11.307245737615057,1.1924408150885737
1952,1.1537919338564346,22.771437589844382,10.488129686598418,1.2176231008668144
1953,1.1534124731969522,21.479153290906158,11.757162152809382,2.5862678129950356
1954,1.1508094979733083,21.42171432617942,11.703006290801389,1.4272978147712698
1955,1.1551199162159413,22.281423783458322,11.110714731890814,1.2233639345291571
1956,1.153602446499035,22.91581251597436,10.4241454034113,1.575214415543098
1957,1.156479463488254,23.192397808553398,10.378756880823927,1.565838827586037
1958,1.154248071688185,22.896874369976572,12.245398128194406,1.1539431826747768
1959,1.1515060919217277,21.089587038939904,11.682355430630695,1.0912920788170528
1960,1.1577895412454802,22.232520237373926,9.654025121296524,1.1481523860352714
1961,1.1586545605676932,21.049530509867072,11.045721429007116,1.147006122714308
1962,1.1671380275901553,21.12188741626022,10.565840405678724,1.3397676850204634
1963,1.0371184089682195,60.3944401828701,13.340523795781047,1.5865242569994173
2000,1.1865882536599432,19.223573913899244,9.780581579457493,2.8699163150702343
2001,1.1710900819473882,23.48015517948504,10.670786105300417,2.4767798313201426
2002,1.1705689654669278,23.426299047812613,10.882273026194312,0.9431655250315174
2003,1.1710967017850902,22.216961222105475,10.229038813078162,1.0312916561198944
2004,1.1657262389815013,25.081930573908796,11.141325772046736,2.4389258897186825
2005,1.1703734558442385,21.92727253123179,9.829946361407643,1.5898721811758212
2006,1.1675008307770713,23.96984357881073,10.461919343270193,1.4646955938332449
2007,1.1627233079880743,23.227631420713735,10.50458530875721,1.1149067929032015
2008,1.1671941892903899,23.368740735335734,10.076859897271738,1.8586463313437898
2009,1.1617232698352569,25.764593141769218,11.273097090662848,1.0840842723014648
2010,1.161536337620176,24.7337321418946,11.216056771244656,2.7646993601942014
2011,1.1602865045897575,25.159578851600212,10.995683906151237,0.9840394421210992
2012,1.1597530341087552,23.917714217139128,10.63520885526045,0.9926388827285159
2013,1.1582291979498813,24.545022718028367,11.537356649308236,1.2095948796899536
2014,1.1587936493031965,25.352805601166867,11.268271036662744,1.8905949884826871
2015,1.1591162751685178,28.250986031753627,10.374069558172142,1.1674537687099817
2016,1.1615352795949432,24.82098023832954,10.878889330121572,1.8025710423096077
2017,1.1605053884927679,24.758102525380377,10.519110691984503,8.759429816826595
2018,1.161434977797219,22.910443980414115,10.270028952091788,1.0154039012834548
2019,1.1623721739715094,23.55827434102758,10.886232456768452,1.8925396666102314
2020,1.165142823309842,23.896615214598626,10.527935693265603,2.762753931464898
2021,1.1644207297564866,22.431789799528318,10.625028488035156,1.84475422016727
2022,1.1693587895316706,24.227346481961074,10.225753177412658,0.9292022109943588
2023,1.1677104238621814,23.338859137627367,10.943934184487055,1.4638338511100593
2024,1.1680566348484613,24.771069930598973,11.14093728771242,9.790338351345993
2025,1.1664241793349208,23.816239590247203,11.333808036574343,2.121461743163432
2026,1.1689298958773442,23.420574114114256,10.933898407979331,1.1491270408099428
2027,1.1714403436036256,23.85597250160959,10.506961685153396,1.1755208034147864
2028,1.1710220877088207,23.32463870160872,10.995781769875737,1.2151792360290383
2029,1.1698488161535305,22.90549497165273,10.726045410328187,3.832268280841472
2030,1.1730981426733227,25.556649931337716,11.102343437739592,1.0854294127372626
2033,1.1664882191137433,19.602711693830692,10.586852178436695,3.900810574692509
2034,1.167772349967079,21.197338880939533,10.864431693325857,2.412834360980927
2035,1.1644452153808045,21.917532072724867,11.195790028154342,4.489730843269491
2036,1.162162269034044,22.64999191028797,12.01028668061263,1.4061764517896986
2037,1.169226232249511,22.738206130575385,10.827944389432686,3.522783424922771
2038,1.1711023573219368,22.015522084545147,9.964911304823458,1.7474906851844363
2039,1.1680902786438125,21.491898603115555,11.00649226280603,2.3711158889512474
2040,1.1699547857231052,22.73586855766621,11.17842453892058,2.3127508127031393
2041,1.1637377384652798,22.519287641775342,11.182009934538154,0.9904671535724382
2042,1.1660529945257847,21.90267068119822,10.143010490527809,1.7784000100290371
2043,1.1688978054256445,21.178967673441534,10.76874233974422,1.6853999510139621
2044,1.1676649088277558,20.529883592407668,11.057634387205749,0.8802699382122308
2045,1.164002519860889,22.3465241258107,11.067922056795302,5.045081559529782
2046,1.1650406312930943,21.806477530123487,11.666098723491972,1.8279482875635278
2047,1.1672747760650903,26.141762542519302,10.957388085442716,1.518520144861604
2048,1.163381344595044,22.029815877330442,11.334157864849303,1.310279219825332
2049,1.1617939606151515,20.876978790134043,11.276523350739433,2.115110194560629
2050,1.1608103846686513,21.98723629089353,11.054164555352541,5.249300146014788
2051,1.1615451501869614,19.293276508965405,11.467900702918733,1.9886318602375745
2052,1.162322585167904,21.171271476400754,10.472777437304801,1.7320898772024726
2053,1.1605965857287466,20.38259353059058,11.997574751191586,2.8706419608775313
2054,1.1598598110256202,19.96110160711587,11.65481006666676,0.9235378708887203
2055,1.1627624827764889,21.430226029711356,11.309458140419022,1.03620770248901
2056,1.1635756563200377,21.42645803595282,10.577259117143093,2.943463932522531
2057,1.1642083410396318,21.968087275577197,10.920424911804945,1.302816793554487
2058,1.1630328428818526,21.51646706595674,12.556364272103956,1.3429722842555216
2059,1.1621619533783167,19.883676240955225,11.884668741958992,1.1660862617832262
2060,1.1694527911738808,21.094640406871672,9.748142238468072,1.5451804382460943
2061,1.1669750361326725,19.280946511379472,11.206897712783316,1.365956061032596
2062,1.1723787490113822,19.425281504669247,10.531271041879398,1.871561517781541
2063,1.030710659622013,62.12927608020902,13.622005516850388,1.512573563052591
2100,1.18727093863158,21.404763896574007,9.36215883188359,2.373721210055418
2101,1.170809449735566,25.30518281592363,10.501616259585624,2.6721807583948194
2102,1.1713186098167743,25.46856097578237,11.444659646874571,2.0255446951998084
2103,1.1717145080086466,24.351281985378936,10.059028675080274,1.0486772446719783
2104,1.1668540546182453,27.194118020614393,11.064029240942176,4.475411913061262
2105,1.1731450302985347,23.9096956123648,10.023750502423216,0.9809864865446364
2106,1.1692928714606214,25.997958661592502,10.410491382512959,1.3157760500559625
2107,1.1649785028812452,25.102137889186974,11.072534018042974,1.057579970227171
2108,1.1695140640035602,25.208540720607346,10.0362907862541,2.1727311620276697
2109,1.1634854442220273,28.04117318070491,11.15714980133381,1.5215774014040868
2110,1.162374998212189,26.82978192913669,10.667128114001386,1.7172608687691016
2111,1.1630943430263472,27.119047197794888,10.632472198181578,0.8460368159241618
2112,1.16140568681686,25.77728730899827,10.77335410500206,1.126852407898063
2113,1.1609707093109936,26.637096733033708,11.010615130000462,1.029673988706438
2114,1.1587979294914794,27.492766267342407,10.755752137075733,1.879990324046843
2115,1.1622862594302696,29.86686274439214,10.59262512279744,0.8434159700483013
2116,1.1648856134619912,26.755102571996797,10.674912824838811,2.7512772866167796
2117,1.1642226625250849,26.712497921538663,10.436973645358485,7.482541778477555
2118,1.1648500526687477,25.066044965304723,10.341580241458812,1.4931589436882795
2119,1.1652766614845464,25.52710692864351,10.87541787235611,1.902838252468605
2120,1.1686174937173954,25.505823709889523,10.789319641702726,1.952732520100117
2121,1.1665208939953224,24.652381686509013,10.789854979926986,3.0621466492648093
2122,1.1720340981154196,26.186803839918607,10.337216358075326,1.008042199275005
2123,1.1703872125567603,25.33681933199411,11.123995387443468,0.8846915389007576
2124,1.17120329116337,27.103899014909345,10.524741555612742,8.491662945417662
2125,1.1705350785159694,25.806246416812314,10.904598425236582,3.0606546839945965
2126,1.1736124247046211,25.761057803849315,11.073358922504065,1.197095560522475
2127,1.1733592150547412,26.089915906939442,10.410350472607737,1.1087385793446927
2128,1.172766922679017,25.25050298929607,10.75254347051772,1.0792501765496658
2129,1.171653135289591,24.736249956684137,10.5788481751849,3.441516096641148
2130,1.1755602295903793,27.56247119240511,10.833277860261054,1.4457113170911209
2133,1.1698725163205757,21.49939083434749,10.469092319563638,4.940740162947201
2134,1.17059471873626,22.82670223662605,10.914330403260301,1.3962974483797663
2135,1.1703935863145314,23.67064440803296,10.920513927104503,5.532572415509459
2136,1.1661412007137981,24.718177892072244,11.945589093124974,1.8151700741241363
2137,1.1735897326317632,24.710188430596247,10.759041814786984,4.393677718561404
2138,1.1716000866237244,23.664763468005017,10.020359347823344,1.4685366772653323
2139,1.1709398881237796,23.501363293649305,11.21653726552163,3.5698090181397264
2140,1.1737198335449834,24.393672198095086,10.712499248187708,1.5288886162072757
2141,1.1675243996671776,24.305895835187613,11.292405032482579,1.5560686935931725
2142,1.1697115702365943,23.651941073106517,10.294730589996874,1.6288573484505853
2143,1.1705421193197016,23.588098090448813,10.767981794540336,1.268679707551403
2144,1.1715885377085824,22.55239540866358,10.839742813776502,1.1387039968623363
2145,1.166652310400665,24.138941709252343,10.748115406337972,6.77939764395422
2146,1.1679542025188823,23.77099251128982,11.580658631121608,1.535500505603401
2147,1.1675357284174215,28.085396191826465,10.717625925577382,1.861489275769837
2148,1.1637202843093968,24.098222786970844,11.546872252896728,2.1044530436643814
2149,1.166074456659973,22.757592162259282,11.092012986440546,1.8803810546347257
2150,1.1634366593625698,23.797641863302086,11.254842504242015,6.484742951647994
2151,1.1622535059391892,21.297549978277264,11.331036800491043,1.678228024464921
2152,1.1648030100120732,23.13965628323687,10.45857188317757,1.100256402547504
2153,1.1628970859672378,22.3702281606318,11.492097573636212,2.5389909648379447
2154,1.1606333958814392,22.383304786360934,11.966745874871613,1.2334340383876552
2155,1.1665128522129415,23.07967197138573,11.158186502852677,1.2951864094419583
2156,1.1660086468502673,23.51708802560277,10.577792425260611,2.3474611571683313
2157,1.166325299314729,23.784957514877348,10.739454718638902,1.7115423272251418
2158,1.1653450373197345,23.81259863227449,12.182471745379447,1.3823870002082002
2159,1.1636316292584166,21.98391347916206,11.810586363064115,0.8465638026559649
2160,1.1713155800621107,22.937664420687547,9.860626884690697,1.6429854060390119
2161,1.167530075925734,21.55609170301784,11.248122427394234,1.6133968866423052
2162,1.1735576148993185,21.261239130030127,10.490199440641549,1.5299921799134197
2163,1.071920490772166,55.459497929920865,12.13206974605208,1.0852083709087124
2300,1.1676882073987185,21.196326906069668,10.674103480686725,6.524317336785195
2301,1.1468650117986583,25.168517048524915,12.343654685006548,5.142254771930487
2302,1.1458469972820797,25.92341955630217,13.130239468091071,2.4202103575620413
2303,1.1458571876962522,24.968056658167583,12.411346367250141,2.2500435218571337
2304,1.142580019508997,27.49415695860106,12.711985596088589,7.788342761392631
2305,1.1467210138962485,24.527495411961585,11.973032829905707,2.9913457304574824
2306,1.1444069005985442,26.654239979581668,12.411918008858647,2.047458617591223
2307,1.141278009185141,25.79126829636786,12.658732106784035,2.2046527544903527
2308,1.14466227533446,25.835099392051553,12.23101136130193,4.652755375753342
2309,1.1387979461857551,28.640488629591104,13.084779141220315,2.107743246990355
2310,1.1378894791836798,27.561846848521377,12.93238798944264,4.554092933488728
2311,1.1380026055638828,27.963767069235722,13.179636711558308,2.324418840787506
2312,1.1376954239418227,26.53896727386327,12.942369544905102,1.8439575715086498
2313,1.1367837313533695,26.98912241913988,13.564109382791079,2.628770598756652
2314,1.1359937972428393,28.043660591431028,13.118924280986125,3.847267467843896
2315,1.1370857116657307,30.7828204640684,12.730449881944597,2.243323080959642
2316,1.1419944815934748,27.5191159469195,12.807423187083334,5.514302957250459
2317,1.139969031971545,27.234893433910944,12.526386072278523,14.135683617162202
2318,1.1415352883090037,25.816842037813895,12.441813349122718,3.3217785617621534
2319,1.1415592637155794,26.17982413081576,13.010348274776161,6.073984725108255
2320,1.1443238513431861,26.23108902261094,12.77013993609111,4.852003505253928
2321,1.142279197822018,25.368602347614164,12.837564945117826,5.407575531276967
2322,1.1474476128664972,27.14043530757878,12.550733714035117,1.6204443429715387
2323,1.1458426052087025,26.50263498710598,12.913334184303702,1.8826182045569515
2324,1.1481288545590125,27.725730071848737,12.736964226213402,17.926137825449064
2325,1.1463118088662356,26.782808117069646,12.917056204307555,5.9435565458338635
2326,1.1462166971784766,26.395674923361504,13.295847158801605,1.898515216565851
2327,1.14935727902812,26.91239254223268,12.64186066176945,1.556282555625956
2328,1.1487351748552286,25.91846287899624,13.225390819301765,1.5387843090546935
2329,1.146900812864956,25.803029338006134,12.923602881025863,6.513263250544537
2330,1.151080487032373,28.449512805785393,13.128831099708824,1.9653018602123489
2333,1.144730876347935,22.730561574893276,12.725046167673066,8.033164050069926
2334,1.146174387561589,23.858739215700165,12.88585000681997,2.4427417897419144
2335,1.1434622482627355,24.808171297917838,13.193282364540758,10.12166530572935
2336,1.1399060714700764,25.41054074436705,14.274540090365152,2.1035445700788156
2337,1.1483267816644251,25.90801376560332,12.5403695058117,6.017336071143299
2338,1.1488061081310774,24.807891901676292,12.287267391382164,1.9737089004577064
2339,1.1438605917310571,24.110650461368078,13.433469668609224,4.854920285023792
2340,1.1473963298688221,25.529722440024432,12.862559575530026,2.0850274826910726
2341,1.142110688744995,25.63679102698281,13.61273689230645,2.4545226504278146
2342,1.144037238397652,24.524985526345922,12.753815517714957,2.687007978132236
2343,1.1463571865483957,24.38530184887213,12.77752313779168,2.045700441929198
2344,1.1463463804135239,23.448179324645324,12.992069885737358,1.6601126712071417
2345,1.1424172671505621,24.967363185578936,13.154626187748521,11.74859105208853
2346,1.141433707328878,24.80484883551719,13.52280358906594,2.374388777481444
2347,1.1425975662658612,28.92520645992081,12.739583456049942,2.771578693812473
2348,1.1409553360390963,25.003767382683716,13.285693003886669,2.944463236818938
2349,1.1406236463117039,23.435231107425054,13.26763055240553,4.035040275299258
2350,1.1393599512289938,24.58637045217036,13.338375877330371,10.873112528711266
2351,1.1387020508856782,21.98105117349723,13.52105640193825,3.34746055474647
2352,1.139670580200506,23.88769366046365,12.577411334831844,2.7288244397433568
2353,1.1384392871498277,22.978663514558598,13.788931535474914,4.948337318725282
2354,1.1363278983095173,22.784540890374213,13.667211393140592,2.587023404504102
2355,1.1397223244533516,23.668136172729074,13.27322504168874,1.9986300324874162
2356,1.1390675585862189,24.180602799456373,12.940061145496042,3.933451201769509
2357,1.1393508834707138,24.477533607070303,12.782943960578127,2.5665289946933108
2358,1.139964847379576,24.066571818809834,14.090969050378774,2.933988223333712
2359,1.1376805313247715,21.803592753730264,13.857800988555963,1.9874593555986415
2360,1.1437887124998858,22.998468613747562,11.879585153035373,3.5521064770903092
2361,1.144410354030466,21.483131578086397,12.52580385033612,1.9544703966909296
2362,1.1578530402640617,20.982822693608824,12.21020165475033,2.916178446234396
2363,1.1918975996803738,27.368818325855305,11.757650912427733,1.8867793927677654
2400,1.1819136912817354,21.32100718935456,9.731641239300744,2.8365770562345585
2401,1.1653738872737247,25.28916769679863,10.719743968832407,2.3072789940865883
2402,1.1648738413739341,25.48645219107066,10.970993988768276,0.9809886990416629
2403,1.1670176107539088,24.581850479878092,10.180784976475959,1.341340329045847
2404,1.163085624906757,26.92921927495705,10.70601021950468,4.508259452177607
2405,1.1680235782584414,23.780083167240146,9.636221119810498,1.7615389018184344
2406,1.165562134909297,26.124956464244324,10.169611458040025,1.331137354813218
2407,1.1620645823263867,25.055596337658276,10.994232139616111,1.3244472245547485
2408,1.1643435714303376,25.029094040475865,10.137764794647218,2.280954605909971
2409,1.158266713746449,28.005700793979592,10.957022601458885,1.3044955810542005
2410,1.1583975571291216,26.82910311496245,10.596737289145816,2.7037054789398898
2411,1.1585538975918306,27.44473000448649,11.002303976047065,1.5610903201704969
2412,1.1571609498360031,25.78576314555754,10.562773825368554,0.9089694785283334
2413,1.1565468956838652,26.46299231402528,10.816177744997582,0.913340084556551
2414,1.1566706077248459,27.28577636169119,10.610314394136642,1.5531382074677793
2415,1.1586426971785555,29.948643900979828,10.319939488794963,1.1752363020750316
2416,1.1623327271109156,26.604942389773193,10.651945412642668,1.8664813714606387
2417,1.1608125380443266,26.592985301870467,10.07328940416064,7.014322893514742
2418,1.1625714770114821,24.89565795877477,10.176354068162546,1.2681088324954666
2419,1.1637586905935784,25.142119066033164,10.436777417019403,2.446429948774489
2420,1.1652679406428872,25.65245885038947,10.535387062248088,1.9820608978617997
2421,1.1632294770973926,24.229794986464917,10.741490239168835,1.8090586758413651
2422,1.168940517143306,26.23714322155486,10.137898509860046,1.0539523786139742
2423,1.1671306323603574,25.061347613158002,11.219655597341667,1.1982801233577405
2424,1.1681096938838005,26.748500697956718,10.63653046044375,7.748172983473052
2425,1.168765022837223,25.863794072203792,10.67237031308358,3.2312871477027976
2426,1.169554133087459,25.531661546936082,11.055014113004034,0.9900996502719456
2427,1.1725178549138366,25.672377641481987,10.169880188528275,1.0182375302682787
2428,1.169194424871033,24.827090649816792,10.760571445187615,1.3595505151067484
2429,1.1692076670506761,24.651579035522037,10.764828082574057,3.136424410413216
2430,1.1733040361044558,27.477257711241997,10.649271024517498,1.1821218586184001
2433,1.168172870880557,21.40555551140649,10.295377681699216,3.781578438689172
2434,1.1676085015493158,23.003649232848794,10.435423879687429,1.5203943881988338
2435,1.1658438593665055,23.663447358895112,10.955393399984787,4.725318365526383
2436,1.1605200124075976,24.372023782803552,12.147681567382003,1.293013062448251
2437,1.171204014993749,24.73326004341189,10.466743313200938,3.5099461180979676
2438,1.1700280969143582,23.580725199516426,9.85787304418689,1.4158263418265673
2439,1.1640544124302437,23.16909118815501,10.980193486595402,3.740347041005089
2440,1.1681008120219696,24.593847922681388,10.780627096342075,1.249837871527651
2441,1.1625625464731995,24.708382300907044,11.010918730516762,1.7616864116181752
2442,1.166455959374722,23.685365929581092,10.28753757883498,2.1006199580595113
2443,1.1663931415964905,23.436312694217147,10.825475236794038,1.3462365123391733
2444,1.1662130694981343,22.63899598935617,10.923116915147526,0.9990136240440253
2445,1.1632530833044492,24.108173741825322,10.813751698983207,5.911259476954875
2446,1.1625804256916903,23.640296246645743,11.331575546677369,1.3994323547256637
2447,1.1625994453363606,27.83282973387105,10.685573180614584,1.7017328656608615
2448,1.160501533812926,23.89976548328135,11.3063825134175,1.8876613252179828
2449,1.1592630774401524,22.693004407374776,11.597746604274178,1.7567377900580323
2450,1.1614311568550946,23.979095391600286,11.281270390758754,6.511390954525051
2451,1.1595550772598633,21.336381372189372,11.169929392056403,1.8971736274651163
2452,1.1587935458116319,23.11121459594928,10.51210182241411,1.1605059307233168
2453,1.1592564385719193,22.311022320593977,11.468895093507705,2.0750824590835624
2454,1.154557169387739,22.14988781376996,11.857398050511874,0.9821962764244656
2455,1.1599716667414015,22.8517373284096,11.013160151969121,1.7603354100070074
2456,1.16059612462218,23.622388120191605,10.665229553484409,1.6835412412320656
2457,1.159591103575257,24.032158121539123,10.5741625624413,1.7495943289376208
2458,1.158630664305848,23.598637197327214,12.426821479496361,1.2883686929304001
2459,1.157877137387811,21.458102377414253,12.426439174471712,1.2087694742374135
2460,1.1632566706672527,22.8017912566728,9.748307680892024,1.5980744737093644
2461,1.1617258170789713,21.69729572470452,11.124478216684508,0.9941145530505737
2462,1.1675595797197882,21.843829839681177,10.644905559575912,1.4553657791403403
2463,1.1919679899519797,27.39691347312512,11.61408071245189,1.49299311085343
2500,1.1810263794433118,20.19060478588128,9.949334976410233,2.7852150137645197
2501,1.1659666821721362,23.977446402185965,10.501990335956709,2.1703243562699375
2502,1.166318396917543,24.27223790243534,11.139208674286861,1.292807098254088
2503,1.1673333000609716,22.84376142776805,10.12608372862878,1.264264297740995
2504,1.161480004467953,25.45882891052498,11.088392761263677,4.255544619753358
2505,1.1682119607082615,22.184428796453076,9.62691943006655,1.4758816299883322
2506,1.164616413715764,24.090133245297768,10.223333725708395,1.5280984087652538
2507,1.1628382983016043,23.516194562369737,10.382173183382546,1.1590057305192152
2508,1.164448347463264,23.31193592352423,10.323837554758468,1.5141008457021001
2509,1.1585478581236555,26.045635073802284,11.445425845490455,1.0353030050263898
2510,1.1574940090901695,25.186469362339707,10.590158904484365,2.019218010987236
2511,1.1586914087411513,25.55758806093824,11.003285362661895,0.9138442200338966
2512,1.1583229696368311,24.128730532674247,10.738763883548154,0.804088125596061
2513,1.1565710495986041,24.845470243014187,10.952251880026761,1.1490421356030063
2514,1.157660758600176,25.697824208205173,10.952095759421546,1.604220856193924
2515,1.1595420074218263,28.219326140160423,10.48697685365853,0.966663865896638
2516,1.1603024716295887,25.19920892681279,10.585502961767729,1.9554315508708044
2517,1.159973487140533,24.670163584366072,10.860156589713384,7.296261741187188
2518,1.1611393282819205,23.148446407884467,10.375921184080674,1.1494142906186404
2519,1.1661090644986742,23.58736472847491,10.941649843620544,2.201704042344847
2520,1.1669011765690054,23.717184345937117,10.72553381896084,1.4112689764008894
2521,1.1667446404531199,22.628479758415303,10.08508989859712,1.6354568686792028
2522,1.1698671389750428,24.465205670191015,10.469796552220796,1.1599938980215911
2523,1.1676979795766664,23.561748511730368,11.094834128848678,1.199487124169259
2524,1.1702084405238111,25.12697616560991,10.243156969823756,7.407559072363218
2525,1.1695968176641898,23.725754424399927,11.17161006000711,2.23727336345333
2526,1.1711596448767116,23.718521333667194,10.969763225811791,1.5199891003684989
2527,1.1725753842078688,23.988515538951706,10.48346722568221,1.1353213709354746
2528,1.1730284838804874,22.85482017473284,10.623678685776959,1.4274647790129553
2529,1.1681244493681533,23.144038346254867,10.642645175694712,3.297619434197579
2530,1.173478921085533,25.779575711836262,10.979070638902675,1.4615701222153374
2533,1.168107341508668,19.846998945254022,10.45879279411599,2.6708030561387464
2534,1.16590084101006,21.07129420536373,11.07876547097757,1.8500261727955385
2535,1.1662569924830186,21.996509940023497,10.921625279597803,4.089128361298755
2536,1.163445989855809,22.72277307811623,11.697790317256047,1.018923105171858
2537,1.1719702332622912,22.937557555197316,10.39869114487647,3.4669511831317212
2538,1.1705847959578282,22.282599866693058,10.041384257210213,1.897126168197296
2539,1.165535507601955,21.761291880526418,11.116677626813583,2.4601829852179704
2540,1.1692285509487785,23.148067507892048,10.823760443126073,1.8139154521265823
2541,1.1624749904353102,22.758028803040744,11.433546311014453,1.6353473954951918
2542,1.1671236216729401,22.02217589677117,10.337862244551344,1.4531212130356363
2543,1.1685811705108484,21.820589204598715,10.47476046242587,1.313009880425728
2544,1.1697024848830573,20.915056602807216,10.86304555169553,1.0875546352227332
2545,1.163465298322154,22.335056256846215,10.937717917392522,4.723175893166974
2546,1.1616961608906873,21.93323750265016,11.745926156858506,1.793987763436942
2547,1.162244093149753,26.32609943280542,10.719950731327673,1.2415006115173235
2548,1.1599466187929586,22.435548913218618,11.366546563004757,1.448489314678161
2549,1.1621181080806322,21.06913270697617,11.577220236312286,1.4008580324126454
2550,1.1602420965922082,22.291568836162117,11.460854242743801,5.101889960832735
2551,1.1570417742646866,19.86379338370774,11.252716356289602,1.4857221446416644
2552,1.1605866223009478,21.638010288781114,10.661503249584667,1.1801100459467821
2553,1.1575938308932001,20.663778717146485,11.636054306812776,3.1182568878688115
2554,1.1560547658667861,20.54261572695388,11.762290427836495,0.7831857510141026
2555,1.161687457776413,20.8661919991304,10.814981116043429,1.9442517809738913
2556,1.1595832671594655,21.717127742028218,10.866195023345622,1.9743728025316865
2557,1.1586907193529032,22.009557974147853,10.813036152692861,1.4042090349662748
2558,1.1587169174795204,21.394801216087515,12.562045121344346,1.3255286356803377
2559,1.1580673363844916,19.681647208272373,12.03126288347088,1.0452277669070271
2560,1.164232309496687,20.898897611655247,10.061928597856515,1.5179969380677432
2561,1.1613898078450688,19.881396293620583,10.95371395112085,1.5197152138882946
2562,1.1698146716641846,20.262955370594035,10.866348164052047,1.3213849183457789
2563,1.192879940778579,25.489950757846746,11.834533291879179,1.220191643876554
2600,1.1877027385364536,21.988202285581846,9.22740140080294,3.1731120246449676
2601,1.1710000113331853,25.76845257806927,10.919508848224096,1.9277377236482773
2602,1.1729976228679253,26.01471441419127,11.517040829927966,1.508288268327909
2603,1.172437958890409,25.214767191037204,10.559976611919577,1.1065837637458058
2604,1.1683045096774352,27.413719636975088,10.982405169170011,5.969282280012827
2605,1.1752168831569365,24.32202612047556,9.91966191266916,1.5160356128117933
2606,1.171555018315085,26.421429780896126,10.23175743283593,1.1135231528647451
2607,1.168882138799815,25.56927986660608,10.815125520831021,1.367225435132457
2608,1.171654063273827,25.49517277186176,10.307468807886892,1.768988808262086
2609,1.1661225948882477,28.441890797095176,11.223200080680671,0.9362113633435251
2610,1.165455707986668,27.524912338825786,11.385326628730466,1.9888060144781128
2611,1.16585680448387,27.941982537391333,10.86308412369788,0.6963323656798526
2612,1.1654907049338075,26.31207136346872,10.869689558076397,1.1045543133277378
2613,1.1625883805393498,27.118017681258912,11.268621176572045,1.0521865731543498
2614,1.164146685474957,27.84718482386606,11.01221222361945,2.115007569918777
2615,1.1656405042684523,30.560447143755432,10.973811114630946,1.1376815691585778
2616,1.1698936480057682,27.448141555349128,10.811814143773791,2.4659162912645844
2617,1.1699491699228408,27.265742709244925,10.642386763046106,9.59703408310717
2618,1.1701210632129495,25.512093866509023,10.577682673278938,0.8814916458970408
2619,1.171637585990114,25.82593242999855,10.980010212344531,2.994648782931546
2620,1.1741172262295496,25.886634994700767,10.644082262849869,1.8266925219432117
2621,1.170747072681432,25.158862095896417,10.665422598486693,1.5722108653575653
2622,1.17726478655675,26.764507868932014,10.67432366117372,0.7842508577642505
2623,1.1754746963562623,26.236954198338378,11.018630859187471,1.0552483473328735
2624,1.1781184945659289,27.503612964258572,11.009029153464395,9.393955718005934
2625,1.1771514425231966,26.228146793292606,11.162666536588613,3.4737777079957
2626,1.1805529624776332,26.14293393301358,10.80292797654751,1.0702898896440591
2627,1.1807170255950379,26.572904102870115,10.531145592474827,1.1954295637087295
2628,1.179912551189732,25.697822014724654,11.04891251150081,1.5884535733628071
2629,1.1773614883800365,25.47551356053336,10.955776711842121,3.3933485623118678
2630,1.1823214629576522,28.3531733694325,11.067745723495596,1.7571865406418123
2633,1.1755466327527337,22.278759982991456,11.009067039169086,4.178952898554151
2634,1.17619261087626,23.70681235614725,10.944066141213103,1.6490918977911417
2635,1.1738388352889981,24.303679323357898,11.081818727418824,5.331175280174133
2636,1.1718021981767008,25.190220419261212,11.712997972468864,1.4070544466905608
2637,1.1790901025193363,25.458386739208038,10.879306605851598,3.698201359601895
2638,1.1784576589548592,24.37828742696499,10.074207141644154,2.037152859026413
2639,1.1744714591317527,24.152426558143937,11.266184541493015,3.189358931765739
2640,1.176286119516846,25.424733424572686,11.02383895653537,1.3481247782186205
2641,1.1709070495384761,25.327899770064565,11.670811537945609,1.6896302902946867
2642,1.1736644415172246,24.36148904509721,10.737500641680441,2.553093939439743
2643,1.1740828011221984,24.373284040830814,10.716976744355227,2.121127704701434
2644,1.176087458089141,23.12701871341573,10.754169259279571,1.0254124214510492
2645,1.1703456567420827,25.04454897076007,10.956280970414278,6.7066219026702925
2646,1.1689866332169627,24.79107150801822,11.441398124756136,2.007200373608724
2647,1.1715047163235346,28.76615715932427,10.540361400664468,1.5230470634394928
2648,1.1675290028744345,24.726104421225823,11.370635691959842,2.0382772051547215
2649,1.1679981308254002,23.57316873767164,11.377388109534817,2.023752503398338
2650,1.1676097690923686,25.021319858217353,11.439293933574882,6.004482207666504
2651,1.1668327368998026,21.946121165301033,11.82373078276459,1.2692394155204958
2652,1.1681323413447027,23.726327179549006,10.31929550997153,2.1621043038705445
2653,1.1668393550653255,23.1748882754167,12.055715938888532,2.759830254489118
2654,1.1638229272122915,22.65563739568242,11.927970485221799,1.1564633093193395
2655,1.1676047934675968,23.612300895598835,11.182730940622879,0.8520444252197324
2656,1.16601116199619,24.00864055267115,10.408615342920507,2.1273604575785003
2657,1.1658472419872044,24.501124706812696,10.92608800491987,1.7979969541112437
2658,1.1666547732026276,24.066748464892687,12.491494544302716,1.6755460279135952
2659,1.1635616636813138,21.893584925658,12.150015665701526,1.0109079745768712
2660,1.169595183370014,23.315468065776216,10.21056699103009,1.6302302158328825
2661,1.1667839903930246,22.072484635318837,11.053692072147097,1.1285412735543248
2662,1.174983517214893,21.86298371028863,10.826167385926846,1.5126900216883556
2663,1.1903406497979867,27.91154250440289,11.402139461739903,1.244576896923089
2700,1.1809051502796584,20.66848584039529,9.671251688085297,2.609876636251625
2701,1.1620181240356378,24.654618840841078,10.67262248053298,2.5152604763004973
2702,1.161230745168423,24.77561713388979,11.261489197421112,0.9378300937860362
2703,1.1632663809247827,23.26011794042601,10.366218528977766,1.0629833347393955
2704,1.1576749371330712,25.639179540794817,10.974426273028927,3.4495021868338225
2705,1.1647079440095052,22.895328476196852,9.581066863678796,1.229052311581503
2706,1.1628488790385545,24.610702909003223,10.56348971256853,1.163168007040592
2707,1.1579915048820049,23.938062877553808,10.761544429871094,1.0119233379748171
2708,1.1633102832576145,23.732723960622607,10.491136191042635,1.80003108931591
2709,1.1563463194161467,26.620146727880233,11.236252870733905,1.153523480803473
2710,1.1574025199539655,25.602588244622655,11.060317224857778,1.540557159095015
2711,1.1569979512753314,26.127589785054766,10.639035506206243,0.9204967507477128
2712,1.1578117760728703,24.08228288429863,10.56323178997432,0.760051982939528
2713,1.1559291664141798,25.07282224176667,11.007047526816315,1.049180274822716
2714,1.1552431412464947,26.403494250020437,10.794569351497138,1.0539600510677505
2715,1.1575325176032172,28.584106906512936,10.853032372074539,1.3710572254279958
2716,1.1617356041913445,25.180191820009007,10.92469257990847,1.6941837121695684
2717,1.16107712404463,25.21992184358372,10.639003586387544,5.35773352938164
2718,1.1622183776059818,23.44301639437139,10.552139759450585,1.0090511305207817
2719,1.1622712945247602,23.826048562988984,10.692724751779377,1.9942565651600141
2720,1.1656040076181857,24.138862256757374,10.587734015233844,1.8777439733176515
2721,1.1629570397409879,23.303250448310934,10.577910205416988,1.5113489639876345
2722,1.1697268255351478,24.700269485561922,10.367859349620453,1.2614824298846175
2723,1.1678837737403704,23.921512951369053,10.78616169506338,1.014596392373844
2724,1.170094750208028,25.170340517812456,10.634416289134103,6.724612374810998
2725,1.1711730964166185,24.195814380385883,10.859217935439034,2.3408868282172755
2726,1.1696442980468766,24.016067591054586,11.081036689532713,0.7256199333306489
2727,1.1714341674536868,24.400571106916644,10.462768076365771,1.0047213620513653
2728,1.1704928276718953,23.59149349718168,10.669613464328735,1.1896764238245041
2729,1.1689653800222195,23.316538834666595,10.481184443401538,3.2670195917656217
2730,1.1722486205072822,26.17980395609346,11.061005883244583,1.3490149875833615
2733,1.1653792975353114,20.29456372115338,10.211937530347363,3.8597410671562717
2734,1.1687027884610695,21.47931543084827,10.545063284448105,1.8902506363488838
2735,1.1654941782060957,22.332324932143425,10.917395619314501,3.78325901476834
2736,1.160524080282426,22.75361217025564,12.087524959949821,1.6028084891472616
2737,1.1692660970145143,23.42716151818841,10.883754923364014,2.762272440392884
2738,1.1698810644169295,22.222358616417836,10.090719776977537,1.5164234636600897
2739,1.1661924052138257,21.600043852551188,11.247577288882033,2.298044920683144
2740,1.1685414138227732,23.425218551885585,10.820332735504616,1.4824891616887028
2741,1.1616417460913322,23.219081430222833,11.220568887852494,1.4849764444457327
2742,1.1625985943612176,22.717809271835684,10.51219149837265,1.7273379419429116
2743,1.1658936527026058,22.306873852593977,10.573025108071155,1.3399697613975499
2744,1.164674735867773,21.41799425373974,10.992810852562808,0.9294218413630211
2745,1.1612885469116474,22.926799592270708,10.992152207966221,4.723982405215264
2746,1.161751226778237,22.356686407056547,11.287756205175791,1.4064593423383376
2747,1.160325381235815,26.883633533062458,11.040503743854293,1.4987262872266283
2748,1.1580024905378006,22.892240739475376,11.26740954883186,1.4763031609716077
2749,1.1587757007016266,21.57151596557857,11.517089439684163,1.8340817982100799
2750,1.1570109187794098,22.970438619922472,11.478657078899145,3.0022881541379447
2751,1.1573756880279005,20.13629544500878,11.473667885619953,1.5274126530342755
2752,1.1574758816338566,22.098170546650152,10.490024941531175,1.0216621484259105
2753,1.156898038388774,21.231038712245855,11.557510403137401,2.09534208057166
2754,1.1540024728104994,21.165362193028006,11.57577074826751,0.9984734200661701
2755,1.157460547870436,21.660263557571056,11.080649047459769,0.8956630079845566
2756,1.1565496278737044,22.346187830038694,10.717054351268663,1.6598423458805907
2757,1.1555425467778662,22.628834414092378,10.734430053261773,1.1642189729626946
2758,1.1558836784513002,22.160774160143003,12.79583664991386,1.5620871930112041
2759,1.153665023856284,20.34583315300061,12.104894622122506,0.957167715740747
2760,1.1604667988197888,21.658343739140278,9.576741528687828,1.264146961465867
2761,1.158442298195306,20.442894990683936,11.193609795284077,1.141458923746247
2762,1.1673570049429354,20.69176609330987,10.791876848188904,1.1782716299888871
2763,1.1798081981451038,26.72843716078624,12.276224669319355,0.9671096336272884
2800,1.1848597834721721,22.58560165996732,9.430991718063545,2.9132121225515677
2801,1.1679573202664606,27.085387052463762,10.88717483659501,2.6902673901942635
2802,1.1683019920017557,27.08628487096949,11.75583300307536,1.027841551252634
2803,1.1711651482162055,25.667338389291338,10.386287207879171,1.0820391541554515
2804,1.16476766750066,28.647753755246608,11.112009331913475,4.822851295266936
2805,1.1731412887824877,25.183016931257775,9.784652454266729,0.9285210981439771
2806,1.170065550956293,27.585790278904618,10.71072125879023,1.4232785096913927
2807,1.1665520235464557,26.51677085410327,11.16959177689184,0.8056586545695145
2808,1.170023172048821,26.60677531478318,10.063851585341506,2.438112326454312
2809,1.1647343370612868,29.15621816135811,11.554128608148153,1.3446924725237075
2810,1.165436952860351,28.409641686974417,11.077338102903205,1.628244850547876
2811,1.165205916496807,28.746116613686635,11.018379175412658,1.14563915570122
2812,1.163766735581435,27.503040671640832,10.762095062762427,1.4310113125819666
2813,1.164379603164249,27.864912934047663,11.462740408987887,1.0140302428526038
2814,1.1639903130014282,29.011749307520407,11.396837926401862,1.9928823012306234
2815,1.1641672147933089,31.630849596497946,10.68410582212939,1.3428809222574452
2816,1.1692405655742366,28.3264889457431,10.919155381234324,2.260187607214949
2817,1.1672359822504466,28.31436576381892,10.995331322199352,6.216803801057195
2818,1.1678234358855908,26.660621198403252,10.69524211348123,1.5214875711266862
2819,1.1704130888212783,26.934196396894304,11.210659751799186,2.0931827298137047
2820,1.173577987132105,27.15174212156899,10.942662141054875,1.9691290227428773
2821,1.17099112870507,26.185694886665072,10.9526237059386,1.9066537484396195
2822,1.1763520653015307,27.90571846292361,10.552924972095541,1.0399536676870005
2823,1.1764246599526806,27.28278364438079,11.505196966814168,1.4846389774318485
2824,1.177792434762657,28.301046245952715,11.225758892004373,8.45695255541049
2825,1.1778140126108378,27.222106623619055,11.14302748317509,3.680260895924623
2826,1.1796261503842194,26.838209271766154,11.039907437725647,1.3299884039229428
2827,1.1818557271746462,27.66092562925712,10.67482230754188,1.3997236708956937
2828,1.1798319367412495,26.661337798073056,11.184067857381882,1.5780986000627455
2829,1.1768565121988899,26.5420810319922,10.681981247109217,3.7920760826046727
2830,1.181034401973801,28.94363340012512,11.280033926015056,1.6496642678663278
2833,1.177141460905174,23.277090024654445,10.88432899748435,4.734935930291432
2834,1.1771301950319217,24.66508147248955,10.927901012759277,1.6320375336553232
2835,1.173652602660056,25.713966231709996,10.809101290386748,4.104689204947544
2836,1.1691096891496207,26.253006531926566,11.895636968369837,1.439666287611009
2837,1.1788617021550667,26.468370122046355,11.016836015119694,4.670703403922395
2838,1.1783705283301587,25.504533819648557,10.166440065627194,2.4349421735403087
2839,1.1739083382867601,24.852909096191137,11.43178154547797,3.5169920107784445
2840,1.1763093743225832,26.290559150050818,11.632814354617992,1.7802608101140591
2841,1.1695690371997742,26.39848657773425,11.622814236484594,1.5412994040033718
2842,1.1731780476464042,25.42123083438147,10.74829878948762,1.9164145625444486
2843,1.1725027725466883,25.40366207743151,10.702235220246004,1.7106649848962683
2844,1.174675713716519,24.269877234932107,11.19892075918254,1.4584702875855067
2845,1.1679232531358752,26.237839254902315,11.389137706216326,6.589145582411044
2846,1.1690522116297528,25.665987712625963,12.054916832386612,1.6846049899466933
2847,1.1696848203165129,29.910818172707977,11.024590077267293,1.1944020318557371
2848,1.1669895161301942,25.75585353867044,11.731441870150892,1.8125942902873242
2849,1.1668099275588935,24.679853571901834,11.51817264974285,1.5730729267782009
2850,1.1646250881359075,25.82527991201797,11.822965360488029,6.5105869745362925
2851,1.1650734535319849,23.115030463067693,11.562684584558127,1.856929519871189
2852,1.1666055236842672,25.09197581160079,10.924288763940709,1.4862989508011901
2853,1.1628815668171668,23.85405130948511,12.146246209465472,3.797289943257439
2854,1.1602109177325617,23.809174054587032,11.947363815820035,1.3253119240403535
2855,1.1653829884271145,24.485266856664587,11.763327900433037,1.618491289607155
2856,1.1638983341915148,25.134826226113518,10.96385621039099,1.7554783041148525
2857,1.1634237460939703,25.19603473572768,10.732362024324415,1.837711005587181
2858,1.1637556849045478,24.859448163707267,12.761781713179502,1.367745005361009
2859,1.1616661529000027,23.06149330497894,11.892453596142978,1.1660284424047653
2860,1.1672716385624393,23.910138197862484,10.330393388655478,2.0662959351920764
2861,1.1635022891938045,22.913259341190994,11.564017962992013,1.2391851721969451
2862,1.1696783833598376,22.59573804044106,10.859343724940674,1.393937362588857
2863,1.179263634038378,30.034820736843425,11.095067014005533,1.186133100457974
2900,1.1786267486413877,26.468284597013316,12.340014369559318,1.5714522042926884
2901,1.1622008668349006,30.05322438342151,13.624485855023838,1.8131634274907464
2902,1.162459965388177,29.923137428957435,13.492660317552437,1.002200699570389
2903,1.161763846631417,28.652624175086885,12.973282133328505,1.1577717305160953
2904,1.1576071843251718,31.10591446017245,13.600504327680044,1.758157327320961
2905,1.1635359116302173,28.489855798492652,12.267148365635427,1.620220323292586
2906,1.1620243761674298,30.079328579567623,12.730294412287483,0.8804150870343634
2907,1.1570995803791855,29.649166967936853,13.176675672297392,1.199672421004337
2908,1.1615953898632883,29.123136495952373,13.226140807946331,1.1346143820710517
2909,1.154735248969315,32.42555236449185,13.244140344906304,1.3235547382474049
2910,1.1554855170153182,31.197760676813875,13.31891956018578,1.1501313219774543
2911,1.1557187399853062,31.51877159151239,13.126187713134168,1.20937927997036
2912,1.1554210600486787,30.002312600683776,13.307606751915054,1.3876278161867213
2913,1.1547848066373514,31.017047647183347,13.487952695001438,1.3224505857016289
2914,1.1555691698959967,31.59038951946101,13.925106323438033,0.904486057815251
2915,1.1564816645988134,34.14775227404676,13.155688747258731,1.141622368883878
2916,1.16091325503122,31.02111249442159,12.672028532799798,1.319663956265765
2917,1.1615751027841752,30.67803876879341,12.56622183860868,3.122017138582097
2918,1.1623030286627625,29.02160967687715,12.638371471478488,1.6104182043306638
2919,1.1610585906776367,29.668405604542315,13.129144268282888,1.1611997472332403
2920,1.167511990364261,29.44531512692332,12.990391318407315,1.2376534842841609
2921,1.1624227555762052,28.847804443298507,12.867699174466821,1.4638413912045534
2922,1.1691606199680455,30.53170251356729,12.646496883227366,1.8115665963913612
2923,1.1663514577642535,29.80630950845582,13.38087179959768,1.4078829324950388
2924,1.1678072503871606,30.721165510681196,13.395352142552275,3.5249556590221984
2925,1.1693289994571892,29.33219074079398,13.53344344214849,1.2093925406539376
2926,1.1700665923911389,29.710935131145305,13.351863123232267,1.5382872988528296
2927,1.1720536575843183,30.261817801075065,12.857680864732174,1.3941022361504438
2928,1.1708587356016247,29.19516883643339,13.241867919615826,1.665428264251087
2929,1.1704697254236003,28.85094656169865,12.847450417752128,1.5126741040501313
2930,1.1720314227409914,31.894031630865165,13.552594972830462,1.3040042899993014
2933,1.1690307530282438,25.603941090829693,12.701685377435682,1.7361165826562286
2934,1.1689486523939494,27.020403172210987,12.824718098175255,2.196961771931354
2935,1.1649635834732617,27.917802531404195,13.575492942652804,3.277463254090204
2936,1.1593454994338594,28.840938391278538,14.268691399989349,1.6683588100243194
2937,1.1692002340989758,28.876230658600342,12.96678932772672,1.9500721950464708
2938,1.1690460989516969,28.07578891430244,12.162408295116007,1.5572208906104268
2939,1.164679243724221,27.719382002896214,13.455810864397737,1.8163296352784504
2940,1.1684778956248403,28.887927934997183,13.069846918087755,2.066987503091465
2941,1.161526310092636,28.850768421513706,13.645933810452423,1.4126091939193808
2942,1.165360832604058,27.80064055537773,12.789517757016378,1.7762166167281463
2943,1.1655562597435503,27.94326432633995,12.890004782106395,1.6215362958992992
2944,1.1646986909161523,27.089433863924025,13.373920410504885,1.650929835113842
2945,1.1622267027761977,28.17425976751258,13.572236741852755,2.455356936735562
2946,1.1588561054299806,28.267497193964125,13.72956664746706,1.5580566486222556
2947,1.162838490290934,32.39703614649626,13.254926830943866,1.8360608571764319
2948,1.158243274857873,28.674297765716613,13.546205461199067,1.7336934590199182
2949,1.1602115719217898,27.007101415773064,13.811536979807231,1.458970220289446
2950,1.1560929944852718,28.634501019163196,13.741967157114033,3.5103237032184182
2951,1.1564256354289093,25.93373167477401,13.599514674993278,1.7162749016406011
2952,1.158034951833837,27.743207330595865,13.337458237111003,2.301122670331755
2953,1.1569105139920428,26.579870717205072,14.078539494196878,1.3977452931714902
2954,1.1524035756094118,26.53735181431716,14.346369753866716,1.6655263583253834
2955,1.1569212431141165,27.21333198005607,13.535914067207917,1.4958508104220112
2956,1.154580404368567,27.869573968362307,13.093392948688733,1.8130011678032498
2957,1.1553073008083459,28.44822398764802,13.144412995529349,1.6941466589487737
2958,1.1543619433752743,27.784125270265,14.725774805168092,1.3789113646517566
2959,1.151979316252727,25.615802391303998,14.342647032716917,1.2137055322112782
2960,1.160269402442578,27.35658526886726,12.203605736644416,1.8418487700539767
2961,1.1542660317148852,26.385210039435837,13.5764471259124,1.142682906445469
2962,1.1625489080153397,26.7991953622907,13.180938020357406,1.3727590755907504
2963,1.1680116283885391,34.328347100316286,13.555720884407569,0.926749730575648
3000,1.1810626954188346,21.93655403151414,9.821134504997799,3.7925067128439935
3001,1.1653105074907684,25.546027824453613,10.725789784226135,2.016140896851293
3002,1.164463173308359,25.96499072397087,11.615204968837658,1.2088406390968816
3003,1.1655549522950936,24.31299292670293,10.264232139691854,0.705705224112806
3004,1.1596110915320101,27.369488182675624,10.811566284892304,3.2815095198692283
3005,1.165766864275973,23.85524597593432,9.655620684222075,1.1596353691678447
3006,1.1637768385764264,26.09219074849645,10.354500000343855,1.2442045943363658
3007,1.162537384993757,25.147069315017884,10.793940724317423,1.1383632885784607
3008,1.1653716276619395,25.205334629313107,9.990915838339204,1.932487445201499
3009,1.1575723472532655,28.034086251954516,11.28635655004198,1.2879064875641733
3010,1.1606242495371029,26.774911287527978,10.653523999355414,1.5835169986324293
3011,1.1605247097006912,27.36666085138481,10.72471051819673,1.0594848916119979
3012,1.1599742527933063,25.729428919126843,10.786122902482932,1.0206889884978414
3013,1.1582750350277455,26.593264726597525,11.517360455934723,1.2173776703427774
3014,1.158908583692399,27.35470507028293,10.96531511899554,1.3254237318027942
3015,1.1596851017356913,30.27029930760193,10.65787925180914,1.0614478273361212
3016,1.1641486793131395,26.985278101859045,10.499325792687994,2.0339357269355762
3017,1.1622809194071655,26.728115652561968,10.781123663524614,8.023482303953818
3018,1.1637526816035637,24.758646487245073,10.680182624047305,0.8269940042536502
3019,1.1672676365884986,25.118870333647358,10.582982774871759,2.3780217962948957
3020,1.168985841551407,25.33065105749598,10.427731451475163,2.6052528978653253
3021,1.1660020106881224,24.710499224439815,10.536791781673374,1.0490012424085973
3022,1.1736603225759112,26.157962454978502,10.24455311584258,1.0993859534459987
3023,1.1708164610348677,25.358501233462977,10.975159993701897,1.3184853569550792
3024,1.1739526361840888,26.844863456663305,10.685623445349126,7.291627859314357
3025,1.1733293900247292,25.38373978820039,11.020093366698651,2.8927520464502656
3026,1.1746482220009904,25.271252084385402,11.081440483662577,1.197194469459023
3027,1.1762743244970324,26.121037419848953,10.177395362703576,1.293094980753913
3028,1.1759804501752869,25.125803023605364,10.616141146181539,1.677626383112536
3029,1.1731284003994529,24.70361564965633,10.737785647120823,5.1653676250330705
3030,1.1773212436114673,27.527445346007532,10.968103184666573,1.4198943961536084
3033,1.1706446337275225,21.806837106761787,10.321676131109653,4.3831739168266255
3034,1.1696102947770608,22.887182690727776,10.912779209019742,1.4969813933561327
3035,1.168666349493902,23.83826113087423,11.168964888209596,4.213913664580026
3036,1.1657301974994076,24.330022808505774,12.062875285419917,1.1033080669631525
3037,1.1726504573829994,24.60945847829582,10.643967501892494,3.0536246531467626
3038,1.1717612444588383,23.61910709929554,10.08560979210528,2.3164729140010794
3039,1.1676980237759689,23.045696389869256,11.227939149585612,2.655072500632531
3040,1.1710686081120634,24.252267510911672,11.180902636224124,2.0204337137752337
3041,1.1644626445377388,24.489868101747284,10.904765581235573,1.3551544576135428
3042,1.1672715201640034,23.829430991779795,10.122647605788979,1.192762263130425
3043,1.1688918324914919,23.355224977430986,10.667444244165244,1.6817527542897917
3044,1.1675107337641788,22.496326794212145,10.98015805452435,1.201904677650489
3045,1.1637095181952544,24.62439280178749,10.57206862603174,4.110232280074973
3046,1.1638279144667465,23.833825761099813,11.392076840953468,1.3470281480629058
3047,1.1650235543521759,27.941285857459278,10.741877262750902,2.001576272873969
3048,1.1618381104929965,24.254071083642952,11.436016851696046,1.66576563676688
3049,1.160432542834899,23.121800341318433,11.188034373652886,1.4656590323691985
3050,1.160186600435636,24.173550346876013,10.94624967177412,3.6625476609414735
3051,1.1611158531076384,21.614880650979572,11.459621457341061,1.2676837259691514
3052,1.1613928589596425,23.396337185245923,10.4551804418584,1.2134109384567233
3053,1.160181189464232,22.225609251268157,11.643895234813515,3.6214859205119296
3054,1.1552746525138324,22.032601609308358,11.960870256751676,1.1440648659475052
3055,1.1605564574594776,22.93431581855284,11.16188815650849,0.9937986256793179
3056,1.1588011005011967,23.56129644523524,10.638351719757237,1.9105876139690898
3057,1.1599114887378756,23.773767888616764,10.66192574837418,1.9114580739392493
3058,1.1576778085766104,23.463331269033887,12.482107234071634,1.1127426414869428
3059,1.1578739378606115,21.465460823500926,12.310575915790382,0.9335525636646087
3060,1.1609730871823725,22.901534035012595,9.960040613749602,1.6286778183091193
3061,1.158511172154604,21.736120895945167,11.617816288734922,1.4323684285871188
3062,1.1660851855797671,21.71601741384936,11.262171114315542,1.0344755646343096
3063,1.1781849952176664,28.623110805685616,12.08926678184351,1.4767856309779501
3100,1.1826000852525551,20.995679894064516,9.73539278305795,2.100936210851655
3101,1.1656465906925553,24.624667469939485,11.411813924162143,1.9548357863987225
3102,1.1648805195892642,24.834963736248596,11.067019787947313,1.2960428857597643
3103,1.1676328561018885,23.74472963036483,10.312501285687736,1.1170409277844524
3104,1.163259687072144,26.076817678605856,10.930752697043948,3.79392071686857
3105,1.1698658835687952,23.02523959966647,9.54233339287797,1.1296428846133884
3106,1.1653908864630333,25.342903395302532,10.29337339671477,1.0425116323918242
3107,1.163909980168233,24.208624735258606,10.874873159592678,1.066083544255066
3108,1.1677807764269568,24.182339279401145,10.144430103826128,1.2066265124682507
3109,1.1617292873118574,27.145467368520606,11.607435202327942,1.457794062835097
3110,1.1626207105394766,25.870735630505063,10.857436416780038,1.6867835077576157
3111,1.162385586712273,26.394049709509343,11.110074707447495,1.1820348451980267
3112,1.1633758889894257,24.81032931379488,10.676141191861351,0.9959231316925191
3113,1.1627746433892634,25.86152058659159,11.634294314516616,0.921592055545151
3114,1.1624009007809546,26.4267772465938,11.053451165864304,1.1733996194799017
3115,1.1654679627532327,29.260327564128165,10.658671916140126,0.9266920669259598
3116,1.167705666277283,25.999062605513124,10.832969218944505,1.6555366556191833
3117,1.1649823013783405,26.180958248955857,10.901557077964313,7.069820690593414
3118,1.1694490670441755,24.001684054690536,10.412471305191618,1.1539495710517074
3119,1.171139992143267,24.664140739847824,10.589862344354586,2.089611799791891
3120,1.172388572632376,24.54794751036211,10.777047815090276,1.7441482692799248
3121,1.170654898630219,23.798592763146843,10.711413746236603,2.3028745336895122
3122,1.178636659360564,25.365160905078636,10.32161553446791,1.1073080068796808
3123,1.1742791717824,24.392660146834537,11.103277380566388,1.3874156218668485
3124,1.1753615425386172,25.797366573359998,10.660212924969892,6.883368929699069
3125,1.1761977181389576,24.419577028561868,10.849289362201507,2.72824293617058
3126,1.1784302092741945,24.433750307052364,10.926784938542008,1.664990235277977
3127,1.1799883998101908,24.921923813372086,10.241367902963228,1.3763918771892552
3128,1.1782704735389227,24.092200854341794,10.858167766708975,1.291907176494734
3129,1.176386706091215,23.993009852919084,10.37242771042561,2.6332377698041336
3130,1.1786678723993171,26.883660032107283,10.897288900166709,1.4816058359491608
3133,1.1750162707930323,20.746995710352092,10.48188021103888,3.606889398383001
3134,1.1718238741930842,22.139032852263586,10.766851096112804,1.6706080076576957
3135,1.171117642430477,22.816514982349457,11.409402758597233,3.3429795519034458
3136,1.1688578445201538,23.33903003069574,12.157284549763522,1.3526931227275325
3137,1.1754679177252214,23.68115127831911,10.52845958290881,3.5501221246424053
3138,1.1751639363072144,22.611059791108165,10.212927842008472,2.3583579181710412
3139,1.1687189649534862,22.13859132125579,11.402173064551972,2.4344675663188315
3140,1.1741472948642402,23.75791054379129,10.683406626900803,1.8375316423033798
3141,1.1689229132019605,23.40622614857436,11.336287613102044,1.342541221028523
3142,1.1705533870099114,22.806186711124116,10.464230844088034,1.5597319757957167
3143,1.1693338164678124,22.958571198413193,10.825031058068916,1.4725589527762653
3144,1.170076037024282,21.886813068857073,10.766691216357511,1.2849600091072955
3145,1.1652076812993148,23.500512534946232,11.03002753606118,4.762339617113529
3146,1.1677768286127443,23.09008405117787,11.340981630204475,1.658712298931202
3147,1.1683965617763556,27.123153742602785,10.58054583471396,1.5719492707367502
3148,1.1653264493443083,23.27561262701292,11.509408734744314,2.223473898428707
3149,1.1654391356085525,21.94859414475109,11.459792345613783,1.674451778335126
3150,1.1619176275554917,23.421425779285975,11.305960327253349,4.564159867252431
3151,1.1628363451072945,20.61910318883442,11.311418690104373,1.056606880513111
3152,1.1634764325687046,22.536172037800082,10.554611960258969,1.3377784929951007
3153,1.1603587682572964,21.582254782208107,11.804712537942796,2.2231730717097946
3154,1.158035803990431,21.30377314669612,12.03687316908457,1.070549827599789
3155,1.1613329830971897,22.111179002931696,11.130133591424912,1.2395557201559217
3156,1.160528333664988,22.435884473725622,10.83682160402515,2.379501889470776
3157,1.1620643849617318,23.2458911482986,10.875352687718717,2.052134787560416
3158,1.1597326273267963,22.5247543666929,12.722124434625488,1.2266123145191972
3159,1.1576736175308053,20.285433365479914,12.153538493763586,1.639107622779928
3160,1.16430757218894,21.921360398253906,10.233764397602185,1.697800650798567
3161,1.159991546325473,21.066171607605742,11.568281578000697,1.1561102287300302
3162,1.166564807769349,21.062712517369885,11.215075426047733,1.2182124668790153
3163,1.1766351512146378,27.853913924933412,11.80363531013595,1.14222382048245
3200,1.190917633957383,21.684955326288353,10.270526879052616,2.8663449872621474
3201,1.1732938363916061,25.200582452720273,11.317984442730815,2.0936071699497707
3202,1.174056015929479,25.812930078162978,11.48048574504784,0.9431895219513547
3203,1.1752343345670302,24.432962897602305,10.678030024827807,1.1716385927273276
3204,1.1709676154786106,27.235061903883068,11.457156427455246,4.214267034671518
3205,1.1771750011603008,23.95233827194765,10.332898032765316,1.2084881681213935
3206,1.1740110162529778,25.990630787627218,10.550890402736606,1.2900306085128952
3207,1.1727619367794313,25.293199989742885,10.625772486564466,1.0989315476566683
3208,1.177064964254876,24.87671267947851,10.309483602082995,1.512681346945197
3209,1.1689162578265597,28.12590451036638,11.597471989698192,1.2277513523905443
3210,1.1717296113724363,26.941175039282765,11.109701003795418,1.771693628230344
3211,1.1731497381744513,27.228725538429202,11.124643028208892,1.700596986435641
3212,1.1712853129698855,25.77268184612103,11.014209094682299,1.0222539595160072
3213,1.16941316335827,26.884096990380527,11.477311699543149,1.269774188982815
3214,1.1711466844455076,27.47748890061008,10.875561504046894,1.9145904274016137
3215,1.1728995844209285,30.269326942224705,10.612603417188282,1.1400742867945388
3216,1.1779606694635383,26.76132083938519,11.163899325049824,2.5901996355268166
3217,1.1754794840545586,26.889088503138677,10.9233457706713,7.469643547805854
3218,1.176480734316625,25.226866510485042,10.62845970899267,1.328957997165933
3219,1.1793947172316,25.50068743578221,10.475123243563672,2.524809567922909
3220,1.1809931542798155,25.715804577941984,10.645020694543323,1.8558112043554265
3221,1.1778386214285592,24.928317466181806,10.863876699070476,1.2837076284059972
3222,1.1861786541700012,26.053399679964503,10.464235308454784,1.6340903418747288
3223,1.1832437169065888,25.30918557173036,11.156962678968329,1.4891696521906939
3224,1.1852870574385759,27.068590665004173,10.724769098866735,8.38451601978261
3225,1.1828932046552425,26.06924412317293,11.140947108019365,2.8888927554903416
3226,1.1880674981408106,25.65288840187344,11.175775728404112,1.5301625378190893
3227,1.1873938566207543,26.179329272381374,10.638799518325929,2.000928155730869
3228,1.1881220486183912,24.984820795418223,10.99686719442744,1.8727202303361739
3229,1.1834297893137633,24.93523241497316,10.90468591012114,4.291558897744691
3230,1.1908358687309635,27.407553494837856,10.842863640770352,1.8690863556386592
3233,1.1847069424251953,21.931518278430435,10.317616062338441,3.724877689933651
3234,1.1830259369188538,22.86097816664575,10.808508380057441,2.65398109135412
3235,1.178624725174432,23.705706215160827,11.189199075476079,3.8428281238650626
3236,1.1765869821673032,24.326723083027954,12.276571808875786,1.699560743266216
3237,1.1822211920551213,24.65483919971241,10.841642540172185,3.314655446428273
3238,1.1853363130555927,23.545713177513647,10.207490438997443,2.126495201569214
3239,1.1790074714416958,23.268355863082434,11.272935630726517,4.154375935047435
3240,1.1824699184930665,24.640525347818496,10.92615914652196,2.067434491070706
3241,1.1769837427324474,24.515407798055524,11.293862051890908,1.2111314231822143
3242,1.178407710742478,23.743681457911073,10.623880101559314,2.2333242809327922
3243,1.1797693712140043,23.26140529689432,10.881494824847644,1.8011363334141715
3244,1.1813918956442804,22.46045582283763,10.751933011163217,1.2209692357958928
3245,1.1726871831010244,24.241309901667282,10.980815462144628,4.543593539306565
3246,1.1747677604391709,23.745403517442178,11.709192615040317,1.642551755408786
3247,1.1769406876218036,28.0171853557712,10.63974384226427,1.3955229535790197
3248,1.1725044727186225,24.131650497868435,11.71646412823201,1.7515344783447166
3249,1.1739744368465617,22.682953437621215,11.582685650145192,1.7074604305479992
3250,1.1702594452437216,24.34764681185567,11.290257917772827,5.443091738462479
3251,1.1701648636833342,21.2998490697253,11.55817355972632,1.2432346588567287
3252,1.1732308456284493,23.09893565663291,10.470133539089844,1.4909853861104618
3253,1.1700845289985653,22.398928444246355,11.96969942885153,2.7840754772257
3254,1.1676722064755667,22.341586548777713,12.014088008602934,1.0744686169554414
3255,1.1703380746408194,22.79301491797854,11.10673135591807,1.7703453894545251
3256,1.1688189769724004,23.595806122474045,11.24421565786485,2.22799786516739
3257,1.1698342665457881,23.57562883039731,10.911635806973782,2.044062892309524
3258,1.1702685060024829,23.388978045442293,12.691264630010467,1.5978840542158363
3259,1.1642319606991596,21.289158246911757,12.284158227717272,1.1979788237725935
3260,1.1719831063734196,22.603354325887505,10.031708009393833,1.8319623696318128
3261,1.1657844606914394,21.676142926041294,11.564722602757447,1.633657110137595
3262,1.1743384177693974,21.406068880742634,10.933714106847187,1.5858202073397638
3263,1.1789894762124922,29.316170791530297,12.530180504213797,1.0835999089067263
3300,1.188813523624955,21.934312836951076,9.410783263599052,3.1744340514434657
3301,1.1724482792518025,25.437848846211185,10.662475277427331,2.168672330308744
3302,1.1745933800554003,25.198651659161285,11.75874091958296,1.684919546159952
3303,1.1749653302641347,24.084612041867548,10.42124703901247,1.5057567509283054
3304,1.170835606452706,26.663583317320168,10.92205125885395,3.873509010877938
3305,1.178337329765461,23.61206433075284,9.52011586179369,1.2276374905354572
3306,1.1745162749732425,25.725832190990143,10.237577729588443,1.2945623448997672
3307,1.1724917951910596,24.83167879017316,10.293665463722016,1.3223644975119724
3308,1.177320090151347,24.65263372899988,10.046438346942791,2.1572813724622972
3309,1.1691170902855612,27.871493640920285,11.341186064762764,1.0674411003321833
3310,1.1728595114298286,26.78612261847778,10.475529692199085,2.53407850716945
3311,1.1727015406380346,26.9153080360384,11.06340709334263,1.0726215533602947
3312,1.1720345946518884,25.250037116075756,10.598737330130428,0.7840569125584764
3313,1.1703439354259406,26.149352014398215,11.368115618202312,1.0990444260884817
3314,1.1710651154367668,27.24394429723953,10.761099246871773,1.1212584706793933
3315,1.1728386753176645,29.91584122651089,10.461510545542678,1.5633038195790938
3316,1.1768256818133207,26.425480365509085,10.327055762341008,2.218955271761223
3317,1.1749909225401465,26.696882950967613,10.45157307042387,8.295052342629099
3318,1.177300099276214,24.64761142477419,10.636469470929601,1.1549482256643693
3319,1.178331199938658,24.823762225735855,10.701644054127662,1.5325636554695667
3320,1.1820877503327707,25.51569747523717,10.384834677116192,2.5088273043012297
3321,1.1793030665837825,24.431475973062057,10.286286037501615,2.051684320437966
3322,1.1856253947046942,25.942868963293673,10.210171992528018,1.7223094254087037
3323,1.1834869256383556,25.00334114520526,10.898047683213854,1.3808075153082604
3324,1.1833492593699437,26.44064431233504,11.28010562228447,9.848227664062275
3325,1.1848570901179616,25.404563535008528,10.78194748271553,3.1966490659378364
3326,1.186174893192648,25.11861179017798,11.611135361559752,1.450214755984241
3327,1.1887419000682742,25.417888499835648,10.408680994314201,2.0695554555281555
3328,1.1883366897962826,24.739227815165876,10.579401202683904,1.9041114895922884
3329,1.184887401311428,24.611368042582395,10.72717098201319,2.704221776391359
3330,1.1901423033200218,27.336551979513334,10.7289391141641,1.1158317020160677
3333,1.1838173802054068,21.418251152420776,10.662101926116698,6.165523344951105
3334,1.1818069846409809,22.74518054470311,10.735585887113519,2.034578165311111
3335,1.1799824612291268,23.271371515214366,11.276522786296093,4.279906260705653
3336,1.1753614881006627,24.072155700902673,12.365722501193387,1.2312087637928317
3337,1.1830361514609622,24.354548232837598,10.681682017518801,3.044845006221441
3338,1.1837316163847715,23.098219185704178,9.978569750920203,2.086630502550549
3339,1.1803322634666844,22.37576515497805,11.009258256565968,3.4097871337744734
3340,1.1798167913446795,24.29758289926661,11.060664691940204,1.7668673312726908
3341,1.1752571506394547,24.001760775566037,11.554509658436977,1.9261870287403662
3342,1.1762866908865304,23.299888472926725,10.511789625565644,2.0104621940922054
3343,1.178878493178843,22.767817756300662,11.15694683079952,1.2274309108582608
3344,1.1802203328308276,22.043349539059683,11.16642697892453,1.4312950048436883
3345,1.1753563532240572,24.022362415276895,10.729466136565387,5.740844278450042
3346,1.174079023473586,23.597009640153512,11.441417118204866,1.4673630755752494
3347,1.176366241547928,27.995857578370632,10.364344347417726,1.4661326863551194
3348,1.173197837276941,24.089692712379964,11.078186419392846,1.825635710373896
3349,1.174181050482479,22.708423710709674,11.071477479525925,1.4848034459730308
3350,1.1719616970367475,23.60973686807482,11.23351547414963,4.932691026254979
3351,1.1703398824319684,21.271206083982946,11.088025763957539,1.5017001426017282
3352,1.1724919548468458,23.077771802610215,10.229288658393694,1.2353683697508246
3353,1.1681905757798572,22.320263134343005,11.588852991469572,2.555119474687205
3354,1.1675965697361883,21.960191961311445,11.685764714873095,1.2217165232807214
3355,1.1724888630607264,22.14473497748393,10.995691558153636,1.3856082099932987
3356,1.1677431973961114,23.41484458321356,10.504098199399582,2.764518652779299
3357,1.1682230025729927,23.35247326675274,10.79731858910989,1.4959318142425546
3358,1.1682307153180531,23.04648178795129,12.588006193090717,1.351918592173927
3359,1.1653174786829534,21.014069370617797,12.082223073963497,1.3051522865697698
3360,1.170510517349349,22.301524718236543,9.831022024871565,2.1389527337880065
3361,1.1683988216971828,21.32941784182082,11.063259489703048,1.6180638748785352
3362,1.1735407920450909,21.19362535714629,11.011476323514332,1.668194902459701
3363,1.1773996009796628,28.81138934405384,12.025265625387714,1.1758233270042964
3400,1.1911279824523777,20.396214154756862,9.36096875693807,3.434872251091769
3401,1.1749241244456126,23.98042491486639,10.946231157240288,1.6823172432297853
3402,1.1757669282397618,24.185449310980065,11.29905705328504,1.170348318903137
3403,1.1764543050618521,23.145824433133328,10.639413159410317,1.138759757539442
3404,1.1708322298301044,25.832020868077198,10.921345948905445,3.5003361108165563
3405,1.179678585712957,22.49879656389782,9.384575833915028,1.5608799403807325
3406,1.1761270444644503,24.43461959589881,10.33317398546214,1.1135087753000394
3407,1.1730318767447407,23.77935417602308,10.44395632932081,1.1690817485410803
3408,1.1771908631614603,23.726855798421244,10.356752981778284,1.7612800703544143
3409,1.1710372331325056,26.434898561756235,11.2407956224731,1.1115531285270668
3410,1.1730637486780593,25.52065543639962,10.674825623873295,2.0095504689143042
3411,1.1735857274988575,25.752598244703965,11.182740987577366,1.1099944176433973
3412,1.1737169574015185,24.34625455458863,10.5726081255718,1.150383980403961
3413,1.1737675050767264,25.059534669501804,11.203150651998843,0.8713133306968072
3414,1.1707534092065381,26.165756395143536,10.913652602874269,2.0401220636856086
3415,1.1735903479442225,28.806990476991235,10.390346130977843,1.4251631211725955
3416,1.1780499332506509,25.29644382659219,10.6580260728535,2.3548924452558424
3417,1.1745220187172423,25.579776505288653,10.888156650822749,7.878144784416693
3418,1.1780237825337594,23.457289726733627,10.473789501016025,1.1379534839787757
3419,1.1798370219765983,24.005706111188072,10.8651772002679,2.2465669972065374
3420,1.1825818604735707,24.317505435624028,10.515949026174344,2.882867730407146
3421,1.177705474344331,23.173945821284715,10.616842550899534,1.6596107200911967
3422,1.1856348864216832,24.698239911441707,10.703179799515242,1.465279212196098
3423,1.1844149050304018,23.926020086479504,10.997163889733038,1.41655964997319
3424,1.184555217774851,25.631378802942486,10.943080137548112,9.401484696531822
3425,1.184060299121668,24.64211714560911,11.28297872411609,3.5578644308741576
3426,1.1872282502209213,24.12139836929802,11.274001656953562,1.3345638949896523
3427,1.1882057979882386,24.68805822881597,10.523396188983874,1.099121056452378
3428,1.1888412568151965,23.516818361588808,10.838078866087795,1.2183736910656657
3429,1.1846367434833212,23.716460446170974,10.82243503462881,3.596754575986109
3430,1.1893876035249262,26.3618796113986,11.155166017013833,1.3344216038838643
3433,1.182923994591749,20.486049202508305,10.607317586536679,4.721169255988333
3434,1.1838652651475123,21.847185670127356,10.724020814133798,2.1356761168287903
3435,1.1824659610073582,22.308675186125733,11.126675971460184,3.1491002888376003
3436,1.1762314345986724,23.097890324968795,11.907514688100534,1.5256107727089152
3437,1.1839029288347025,23.175348837559707,10.291439377042432,2.887945540956378
3438,1.1827735340930854,22.392644725468553,10.24806409733468,1.8333741449374612
3439,1.1769164069908027,21.634054970979175,11.304835342442873,3.1445345817441845
3440,1.180147386231869,23.059112600305266,11.123433908900028,1.6366385179409038
3441,1.1756178172464593,22.849215184874534,11.47932986471122,1.3848808101332548
3442,1.1785556202211853,22.06071966469664,10.491522147889626,1.7685503007330445
3443,1.1772227391696488,22.1964682950629,11.038770291696833,1.8186282016272202
3444,1.1792809352230238,21.084996394158022,10.655675075603696,1.0887525669707803
3445,1.1737330591546549,22.809189046599258,10.793934180598171,7.0168828554364895
3446,1.1758795771807622,22.420274315592124,11.323289936334902,1.745669849579541
3447,1.17693771746986,26.382671365979228,11.018916164542304,1.7832455188783762
3448,1.1734460085434115,22.862184208068715,11.460506817784259,2.05533805081991
3449,1.1732563214365928,21.286934781027135,11.186456851926067,1.4564912659552622
3450,1.171369781893632,22.660685458358394,11.4808434077634,5.410614453905147
3451,1.1711818729000516,19.928126312750404,11.538458776996446,1.6017255072266092
3452,1.1712806833523652,21.697916684856832,10.364254709613352,1.767600807861363
3453,1.1703402819667228,21.070713081445334,11.466314257057283,3.6217978737054217
3454,1.1671517660305577,20.71381320248881,11.705267123088522,1.8301709345866335
3455,1.170543197539037,21.52643773212338,11.519428482525544,1.7644482575003957
3456,1.167247660108261,22.267234166942327,10.83809583137033,2.14001906363166
3457,1.1707383039719363,22.49833720179824,10.730198914774707,2.078617152840964
3458,1.170255625274113,22.00247184049137,12.382576021564185,1.2447732701856555
3459,1.1658156611707793,20.009773681715945,11.877123854945246,0.8138554841778921
3460,1.1716197884253443,21.33096095033515,10.315728453750477,1.7839595371530421
3461,1.1660893071077454,20.34742023480267,11.406347908392174,1.494577066476353
3462,1.1732854678142282,19.8076819972222,10.874237931779449,1.7443661589765713
3463,1.179718816798243,27.242182390669782,11.892909079314592,1.1934452284732393
3500,1.1935460047538295,20.261370704974794,9.4660411362638,4.053996167205398
3501,1.1778237364017952,24.053899334159546,10.942511846468234,1.695685680020845
3502,1.178488838761963,24.961743436773435,11.181745717618298,1.4873420142749332
3503,1.1791783740208794,23.243212351626518,10.658696414305439,1.177419677986501
3504,1.174508373861776,26.17388447314986,11.155919384482583,4.57548765583626
3505,1.1818181141581519,23.249992674156324,10.127425140985213,1.3138380152876592
3506,1.1788521977557807,25.146171587577154,10.615983833632125,1.2365008525812164
3507,1.1754853893503083,24.416590022361518,10.919296103378162,1.1271984403381727
3508,1.1814377024117466,24.36871759458818,10.097851599884141,2.4215855396947013
3509,1.173218721401148,26.937202373954506,11.506702004509766,1.381599927939934
3510,1.1750415802147438,25.92959573294281,11.051580350772186,2.293093405510481
3511,1.174565447401436,26.442886019737735,11.468815890484485,0.9627232501567339
3512,1.174385524538648,24.83432929127489,11.177601017917718,1.2993870026522285
3513,1.1739849923748988,25.80815651691051,11.332974578015554,1.2116401942213255
3514,1.1740424567565926,26.725608719065065,11.348066718617575,2.0697164294237953
3515,1.1756385812349297,29.300929931833824,10.574099188021306,1.4971841306762563
3516,1.180826496846059,26.047795474120313,10.891574337560838,2.703964876108845
3517,1.1789339483485952,25.947621902022643,10.584654131715695,7.956723537445032
3518,1.1784371096058885,24.105250025359357,10.888803361809199,1.2779023280458295
3519,1.1822725391437798,24.53027370436488,10.84274481090868,1.9974402885566422
3520,1.1850503744469316,24.95837604516283,10.865257593959445,2.6722522246503915
3521,1.1811949300793012,23.97845419164175,10.859012590122637,2.163112762603527
3522,1.1873928895790269,25.658182250751004,10.313911021572693,1.1086848385942796
3523,1.1859257832332433,24.473111832928122,11.13452464070845,1.2892482595629835
3524,1.1882574150363043,25.87202991369552,11.010308377761081,8.688432358487049
3525,1.1883725467109394,25.17209807229947,11.170887673655061,2.6228488017215734
3526,1.189397043418543,24.73647644664263,11.414663623897663,1.5360051293524595
3527,1.190579969900373,25.430256805136324,10.636290930482518,1.3985024989442103
3528,1.1939259849141552,24.31800187694902,10.847625569962851,1.82197014817643
3529,1.1867862483354796,24.19010759577471,11.16868766484024,3.3193482294441186
3530,1.1929319421158961,26.768155926538324,11.124928525022252,1.251062061371175
3533,1.185548854037094,21.073997032130823,10.762128605248467,3.244361765941041
3534,1.1856397141468695,22.157591423853212,10.948483757150617,2.206225329214471
3535,1.1822531260411187,23.274994497664363,11.109801101181587,5.925501089535148
3536,1.1805069360635496,23.54670802907352,12.210371531952024,1.3070241930431834
3537,1.1865493329743273,23.929994476414286,10.811122673544721,4.153735738423223
3538,1.1850393907741419,22.99628625746179,10.30610960976689,1.8706217395546259
3539,1.182105935658401,22.542437932551373,11.467110058099648,3.629344935951278
3540,1.1853882533878046,23.469398035435372,11.135913081863178,2.096957613765772
3541,1.1786611994939837,23.07317553541535,11.422819496732485,1.9610986239496004
3542,1.179961527589637,22.995694870098372,10.867089658625382,2.1534090785556144
3543,1.1814750351527243,23.03268253316405,10.820991420729907,1.2636660821760517
3544,1.179938888860103,22.318772913921862,10.91333297787661,1.350594187874621
3545,1.1777797120092703,23.664046280052375,10.82194203427044,5.620404551347317
3546,1.1794170568220737,22.70083546504019,11.49224096850647,1.4234876308772515
3547,1.1787644034357212,27.11469945025125,11.019282468718506,1.1510048062026004
3548,1.1773090104647674,23.321026531272075,11.440223438615261,1.8377888074275406
3549,1.1762231589541416,21.720082336385136,11.511254426474025,1.916596179663907
3550,1.1744570741354374,23.002675751573534,11.42515986566139,5.947546239193196
3551,1.174147386618108,20.43527888683532,11.385490959025502,1.7116078426042358
3552,1.174703360720574,22.366705712775712,10.619686848629614,1.6246511573071591
3553,1.1733764602658294,21.418748629005776,11.46553573488415,3.2754911894992365
3554,1.1686100577260399,21.58578218758315,12.14086971584093,1.173419287961066
3555,1.1762205216092183,21.95754726180614,11.053698297942098,1.1217556252573715
3556,1.172947927839313,22.66827436390383,10.681725241282145,1.4746530323149318
3557,1.1729914096346927,22.78306993588702,11.126813003569243,1.915836679353234
3558,1.1733727015689952,22.13644299963602,12.99258176248519,1.8479050085661757
3559,1.1694985799053979,20.567177795830375,11.86712299576153,1.1133111650978469
3560,1.173492157543541,21.640176729051248,10.071560148367999,1.6188638929464192
3561,1.171257147259422,20.41136765985704,11.285742798697852,1.076726446661436
3562,1.1761863408251334,20.144516025763988,10.695896480917318,1.3705801110676123
3563,1.1836100849269564,27.118919537298712,12.47330949237439,1.5011551730922321
3600,1.190610792349281,21.089622302296497,10.18174314487367,1.922689902264374
3601,1.172101637458277,24.923809116564676,11.175254275116101,2.8094650080421135
3602,1.172348181198671,24.951242386114806,11.6323115583766,1.005980815442634
3603,1.17385381167597,23.719641820162792,10.665604796167685,1.0911758277593715
3604,1.1693379777992625,26.42764670850435,10.985847528094933,3.6458776424250017
3605,1.1753427383884747,23.08762431956063,9.72093900729597,1.0246184233358848
3606,1.1738774524097806,25.027400782859697,10.446439605885777,0.8847230792133521
3607,1.1704111930592418,24.526864152891758,10.798462694478452,0.9584139811665163
3608,1.1751331816560542,24.451508905633418,10.23969801287994,1.4690128413248125
3609,1.167109593030266,27.46687624829232,11.293920124806421,0.8944247877700546
3610,1.1697627292824704,25.95528473890987,11.007506725601386,1.2255523665423391
3611,1.1706172166986284,26.312593536864565,11.231661922539018,1.0966397760010724
3612,1.16948122582878,25.018308940880498,10.57985766257089,0.9542693851188108
3613,1.1680394870194326,25.607473325602847,11.319257153500788,1.5341662677982366
3614,1.1694065029700373,26.68111958987696,11.016273733352959,1.4772409603260632
3615,1.1700887042627184,29.30741132079236,10.805961905543,1.6381791997061457
3616,1.1751424022172814,25.769814669082525,10.82335052822022,1.6708711670217196
3617,1.1738975652484152,25.876655260460662,10.511132361328395,5.931286849475858
3618,1.1750558856781788,24.12525461406188,10.742126030427896,1.0735924637734318
3619,1.1775225219008758,24.262915343816264,10.866436391426223,1.7549116975342098
3620,1.1784976412175387,24.682247385416208,10.596276339415022,1.9477720486467558
3621,1.177206439434678,23.932382113620996,10.640805356099392,2.1140225572964093
3622,1.182690396152689,25.333329088718802,10.292267244678271,1.2946789331175508
3623,1.1790631075531857,24.46473724350835,11.356438119429917,0.9757844947103641
3624,1.1814961757933053,25.936329666768557,10.84374770345932,5.057894678520005
3625,1.1807677510180992,25.16666322155435,10.83466782080668,1.4335357062268144
3626,1.1821201477734187,24.606301593802943,10.998621053125891,1.1577859658152336
3627,1.1839923015879255,25.07681249551712,10.346819061983913,0.8752981595943484
3628,1.1832891117094253,24.080285832392565,11.097572416499684,1.3004802185841118
3629,1.1811925765954399,24.187524758062143,10.715278182007431,3.460783099061406
3630,1.1867954902227722,26.382172187079817,11.149203881730282,1.524595708517516
3633,1.1782670767499088,21.08220208444792,10.73912344161986,3.8907027119820277
3634,1.1797954430510529,22.05501881252967,10.787996925502544,1.587062948415668
3635,1.1752284119029024,23.189869609542086,10.853857481645177,4.196326546651005
3636,1.1723681332644775,23.507688272036674,12.086666695444332,1.5582210467123945
3637,1.1810710471982737,23.73053045757784,10.808013826942007,3.2888844299092117
3638,1.1800197118246165,22.415386190041332,10.421327628082091,1.7635919186301086
3639,1.1750882387251855,22.152575363750273,11.121185567725739,2.584558532801608
3640,1.1778144985985513,23.263135655470098,10.694014146534743,1.5510644212371831
3641,1.170203037998249,23.625919744588796,11.551016716064572,1.7516255901159956
3642,1.1740225324549938,22.691155695851595,10.59288644524679,1.8513350410788045
3643,1.1736850369251224,22.575119897940336,10.873309581886652,1.4553808638686285
3644,1.1763982658535297,21.89220706338248,10.923309733544006,1.5036835462095455
3645,1.1710196097740506,23.66020177734015,10.98002438128289,4.039905518697729
3646,1.1703197928418487,22.802854696337395,11.310247175980972,1.9113243063835508
3647,1.1710324469485927,27.240368177211852,10.702848223972252,1.042229459547824
3648,1.170775595952111,23.056097328063146,11.324652546457699,1.5324623395074566
3649,1.1697501477405352,21.923456535746322,11.275495587410868,1.5778055433033777
3650,1.1678713142410138,23.296517318085545,11.433848264595124,4.475496835621709
3651,1.1678954639020203,20.728572941952343,10.984634791302176,1.794349678932193
3652,1.1701416699999025,22.085654287410474,10.234892551169047,1.475800044525567
3653,1.1662934322621317,21.53538037891248,11.701649802804507,1.565264704210829
3654,1.164775308522161,21.34015221572356,11.950755541203774,1.2503571367091357
3655,1.168526609178478,21.775862225788156,11.317964120164925,1.3214673066918463
3656,1.1652017362604312,22.731664788530153,10.531162176042296,1.9402700832820183
3657,1.1651089453951913,23.290192373984087,10.777820739332634,2.2461301160778655
3658,1.1661797769319167,22.744626910001518,12.36881522221328,1.6044901047580256
3659,1.1637095803288395,20.535109381853744,12.099762895843163,1.1202694148749237
3660,1.1676209585610744,22.13143198172197,10.443008791856347,1.3359190864850263
3661,1.1661703617238588,20.881472739879477,11.318921951370395,1.3421398812938916
3662,1.170069132757076,21.24299826819294,11.071936175920504,1.2624408668495157
3663,1.1768558198956995,27.820480646778787,11.855867004150706,1.0814983295002434
3700,1.196223007647391,20.00972262659471,9.348489750597036,3.948569120759409
3701,1.1798199017712352,23.86996944335646,11.01674337202702,2.7233508496015704
3702,1.1800422867019325,24.21729406601669,11.158715139648622,1.1149746018369433
3703,1.1814171167465,23.223556313700207,10.310422522538225,1.4591792066261406
3704,1.175275570407507,25.959206190771834,11.265094866570113,3.834853149026459
3705,1.183408929608713,22.36826466157427,9.941767294093138,1.4988670370845931
3706,1.180030224402048,24.7076867635424,10.466512920284192,1.1995438876011928
3707,1.1765268761306236,23.773471465441695,10.746116281873046,0.9609027952731205
3708,1.179559851819329,23.770150405942204,10.5748805332213,2.5262538642972543
3709,1.1751627562138987,26.61162574852214,11.156067992500782,1.220006016235432
3710,1.1749976653044008,25.689108119292793,11.259213053307427,2.0566651418535487
3711,1.1750867618451941,26.158580436453818,11.378294007548172,1.4408625173270055
3712,1.1758019609632773,24.300631478678465,11.11779154050116,1.043896780135954
3713,1.1754633495367088,25.638023360720357,11.08152466465516,1.4499284388917375
3714,1.174039711303863,26.17556564968706,11.035243706729721,2.3610576566890096
3715,1.1768544286859806,29.18796971395715,10.87652058773469,1.3106553843452373
3716,1.1806769278589757,25.460716343637497,10.891124414350607,2.5468895814474966
3717,1.179774898903335,25.87462298281394,10.709447511149023,7.9121030520831095
3718,1.1805411930361172,23.782373491645945,10.266096917448378,1.1849771708436216
3719,1.1829801065873393,24.343773885817093,10.824966284631223,2.280488554038412
3720,1.183805198664891,24.45207384245185,11.08304014497262,3.355049498099114
3721,1.1839679379551995,23.469762614391957,10.494475887692142,2.072592698753741
3722,1.1890566548617758,25.038684377820676,10.528503890079548,1.0367926084251133
3723,1.1860298248624848,24.32162928245092,11.227447720715375,1.3090227297743948
3724,1.1871218323720576,26.022660378051448,10.616421870297605,8.808703171164058
3725,1.1883219502794529,24.625124774770626,11.170709334351308,2.9441977419123493
3726,1.1893793083696809,24.36068585079726,11.306272288383132,1.6362388266984744
3727,1.191255330207109,24.969381666618176,10.267891483303536,1.479242456294674
3728,1.190732479617658,24.111507813878763,10.964114463292843,1.7624554951957825
3729,1.1839040268355723,24.144271343290054,11.081601797236244,4.034469469453233
3730,1.1920377012144172,26.102920718026557,11.073456736580834,1.2299279057278714
3733,1.1850007592350753,20.842497080276228,10.924305828393637,5.511459715559176
3734,1.185691993158903,21.81373793848058,10.909705412833851,1.689038159304135
3735,1.180969042051605,22.738454871585574,11.219278174538589,6.029039535129212
3736,1.1783475625880497,22.992034133740052,12.329283293574226,1.2315630753248767
3737,1.1869137564447674,23.53571460760964,10.476629570544905,4.339642366939596
3738,1.1867963166247846,22.351682477100823,10.21573693929647,2.445567929475239
3739,1.181224704549046,21.783293046325685,11.49124138810653,2.5652567958321364
3740,1.182649885491945,23.16400776342761,11.117553052856415,2.04770879013651
3741,1.1785059482820945,23.053355284812895,11.41955087055128,1.5198044627244396
3742,1.1819796759691261,22.105343879405908,10.827009912968713,1.9250767819200847
3743,1.1802500638336388,22.16324273668533,10.991100611823788,1.6865294847396535
3744,1.1811783239472746,21.553371396593217,10.946301411407907,1.2190028176456902
3745,1.1763242124056956,22.95984984316688,11.175646212409683,8.528510034605336
3746,1.1761260681241936,22.620773587471586,11.864799192577864,1.6816677651719718
3747,1.1796149157161553,26.453046028208053,10.710921990282483,1.6416107218253988
3748,1.1743691518669763,22.95393513444816,11.319513191121093,2.1934105926246463
3749,1.175697186558056,21.464747041008234,11.512696393542763,1.9419882675204105
3750,1.1708495620120243,23.1510899393114,11.30588909711919,6.892257498232052
3751,1.171800900334377,19.982881009086828,11.614304456430174,1.5211417233274562
3752,1.174847033034526,22.17393372819024,10.503419460327297,1.5972670097851482
3753,1.1714548647870096,21.162367271609593,11.888843271864188,3.3293557460667293
3754,1.1711985549620472,21.123457140744176,11.799320906931918,1.0446577327359652
3755,1.1731611416821577,21.704346969255955,10.838160263946698,1.162347210401299
3756,1.1718108314367983,22.068696102164672,11.01357067845935,1.9759014897205125
3757,1.1728503351238624,22.307263026975637,11.015527388884433,2.207776830554185
3758,1.1741073583374935,21.78908266238361,12.403042090610516,1.4137846291817504
3759,1.1695701799404918,20.077590718020563,12.143096531278033,1.1416608212557426
3760,1.1740827696215863,21.207650534652633,10.164463493074717,1.5646221387071855
3761,1.1731250098953716,19.846004313567676,11.459410560194843,1.4475564374513936
3762,1.1766155570603174,19.52977408597214,10.870499271807935,1.120231155044363
3763,1.184264544131143,26.266699879583395,11.867749574290066,1.5042024792141973
3800,1.1951703151647255,19.472751441104595,9.473878599529835,3.5649999727308717
3801,1.17842989240075,22.761209951766766,10.879310859187825,2.1110458210732976
3802,1.1797182809959577,23.155089227610315,11.198049102907573,1.4219514471204957
3803,1.178474420349207,21.85866804215668,10.233944957289333,1.6683705244353635
3804,1.1742783041968614,24.474719316568162,10.764349292351316,4.478009073422184
3805,1.1807983597285499,21.35409256504117,9.597322473641757,1.0856791781404962
3806,1.1777818205227113,23.372157101651695,10.484399671517581,1.2870618122885595
3807,1.173943480641409,22.77963244310542,10.589654282220522,1.0705872080854024
3808,1.1801633553349307,22.536572236988412,9.94463208344402,2.0980803896979627
3809,1.172733022890402,25.19784598775153,11.122363455470337,1.477841665608522
3810,1.1740764284567855,24.029871812949303,10.726880918287858,1.7854724262272503
3811,1.1760862082070191,24.30240125333692,10.598677767228034,1.1350288780719033
3812,1.1741213336490757,22.84460887500692,10.743967160008088,0.9550419797979635
3813,1.1728666458652899,23.887002015775373,11.09153910590509,0.9791188567435412
3814,1.1719369777089903,25.244281982341015,10.743826062241808,1.664385421113067
3815,1.1728805295615041,27.640202127767342,10.495143207877119,1.124149051295621
3816,1.1789139440481653,24.322532447629442,10.76913499570067,1.6732328933882274
3817,1.177696155219535,24.07780159475936,10.534753598946423,9.962480012593398
3818,1.1784612968547241,22.29267462840499,10.490262319174679,0.9832419540813377
3819,1.1803100392879606,22.94036912336599,10.867393648107928,2.3992169834805
3820,1.182730708473952,22.909179924602938,10.702321178778897,2.9171662824509483
3821,1.1799412720594766,21.96274326586954,10.462072688035017,1.7835633415864955
3822,1.1867559788496678,23.626319127591575,9.97011566733214,1.4674190806781162
3823,1.1841157466054175,22.73501312450723,11.04936878375926,1.4045832021163351
3824,1.1860190793076801,24.470680954470915,10.364738443672353,7.955529123659981
3825,1.18549255315335,23.048326456795138,11.011675406531493,3.0308958178923446
3826,1.1880099401511361,22.926281323881554,10.85266923176945,1.2706013205617708
3827,1.1888724421595647,23.19733967273361,10.620733923642804,1.3382737232840005
3828,1.1877380980390841,22.658711467164323,10.730971157969238,1.4262025711422912
3829,1.1828897092751913,22.70046517628137,10.50987362241142,3.713828083075777
3830,1.1888901609961193,24.856436525803723,10.838072075368432,1.0910458478419922
3833,1.1835784766235118,19.10845615782238,10.582162792761853,5.277980388428771
3834,1.1848031092950844,20.070979260538905,10.607480150757256,2.003113932279407
3835,1.1799528235906165,21.09191077718609,11.060519872777105,4.434748065822352
3836,1.1765488098530472,21.973232396960142,11.937526682669565,1.6062076898809343
3837,1.1834021059179742,22.19377784139465,10.834608458649136,3.6702452044088894
3838,1.1833689362117712,20.93399326286969,10.013353505646828,1.6072358072766664
3839,1.1777125869975973,20.670065688428622,11.167298372495711,4.889998080208737
3840,1.1808203666842967,21.689477043804573,10.76145486304137,1.4652259377909669
3841,1.1740518501065065,21.802473294878794,11.45308961042226,1.4527602245799718
3842,1.1767231922627313,21.202639000923405,10.317536261165811,1.5622716660830465
3843,1.1789593396747438,20.882513727503557,10.63268172750256,1.4555020503187674
3844,1.180625132752975,19.83383352936702,10.847364436516628,1.1116856618733915
3845,1.175233899674458,21.560539266039733,10.63534281150087,4.3375000018757035
3846,1.1748508933756072,21.005690476284613,11.44766385968763,2.1805948028217426
3847,1.1754358682880703,25.300336945932475,10.613541600857406,1.6741900843625388
3848,1.174190210881084,21.357645149974285,11.423443820052565,1.9117459685068694
3849,1.175019149331472,20.0580926689293,10.819888904681052,1.3659265634798206
3850,1.1713973276542222,21.438823282571455,11.475437074722914,5.172591828770949
3851,1.1708917040218074,19.062331951495203,11.107763619930555,2.1928120967776903
3852,1.1717814305090883,20.410173369828787,10.175740034283711,1.122047428255756
3853,1.1717489604909277,19.63642583112519,11.543554779406469,1.8941515918059137
3854,1.1679995310230515,19.54751864949498,11.384525449576312,1.045786421013185
3855,1.1725570408561827,20.167389974546676,11.118064628069227,1.603373426025352
3856,1.1706033649551386,21.00956124185463,10.82703588550949,2.1424348611206288
3857,1.171754363562786,20.932254248724632,10.657331206171877,1.6024600039476944
3858,1.171728667721795,20.402184729445256,12.63150601594418,1.3198957695959685
3859,1.1679846659279463,18.939554051203913,11.941191492025398,0.9638300002714862
3860,1.1721216828564558,20.196659514939295,9.790615551332994,1.4836645279413552
3861,1.1687255935092664,18.97459182655012,11.502947402775222,1.489885303072102
3862,1.1735412133192364,18.691024653711565,10.868465370993746,1.72576650530031
3863,1.1828885987999322,25.378889811868564,11.490877183601363,1.50292695108727
3900,1.1963133915378952,20.1127260610242,9.580305954971427,3.278970414541378
3901,1.1772643066218247,23.40210424472228,10.83112954330212,2.7672418840119892
3902,1.1765127992506632,24.096557910193177,11.04724060846278,1.4032692444911614
3903,1.1788577600343018,22.59147542956868,10.16974382503426,0.8959053739224073
3904,1.1727342556635294,25.367070969217057,10.681363340785012,5.0425576523458275
3905,1.1796369424383482,22.329049187579383,9.280192643221012,1.5031281836084944
3906,1.1765515973342546,24.162020609242276,9.915382339948701,1.3492220239960184
3907,1.1731038576087378,23.273323766426362,10.623682804655632,0.9304708168780479
3908,1.177069339282278,23.27971715138655,9.638124856004495,1.8538361052929369
3909,1.1689245589202337,25.99813603859935,11.51429663697624,1.0046904184972212
3910,1.170417656295792,25.107175773033042,10.66100425693346,2.387471508859554
3911,1.1722435479864515,25.385885908286728,10.385164477585882,1.4924312179012231
3912,1.1719331046390002,23.619091697204574,10.319548728077812,1.2298420287618486
3913,1.1690171708595576,24.64651384055336,11.05894974624127,1.1278054478415958
3914,1.1713720467397057,25.629093230912833,10.548440473454612,1.7295592781573172
3915,1.172443228180014,28.103602582391087,10.528155712725795,0.8053630755618292
3916,1.174682131788663,25.099779517056195,10.240327179331887,3.0181046216404517
3917,1.1763601149305833,25.14354617037659,10.090421051707224,7.145606205385706
3918,1.175195299164678,23.013757499245703,10.244870001036585,1.436487383480945
3919,1.1768122362021223,23.608293788466625,10.285329829749882,1.7531985190672263
3920,1.1809823507302293,23.573362790385954,10.531799517881662,1.9771435791302456
3921,1.176909950686976,22.900187386538118,10.790640563389664,2.6071528470820615
3922,1.1832869404360258,24.248710635238695,10.286397254246445,1.8737997697593265
3923,1.1814745617872067,23.504107256067652,10.497112177466917,1.2347747551763404
3924,1.1831863990998854,24.78166142081879,10.587850187448165,7.62908453590334
3925,1.1812000413938704,23.84804874306571,10.66118756683891,2.9063349109294725
3926,1.1841495091013559,23.610230016762017,11.135993607357099,1.1974866852141357
3927,1.185637833470268,24.19940501086045,10.231499969645895,1.783428512974692
3928,1.1843439165768503,23.153427554819217,10.79258774283837,1.2919384403705225
3929,1.1829683256205732,22.77091056356917,10.372015772390954,4.203130576366464
3930,1.1879479543772835,25.567356691150763,10.758237796937589,1.2475720621202218
3933,1.1817345162700672,19.61043289920652,10.322008144533537,3.1648615696389664
3934,1.1814934443280694,21.01238261278182,10.540555451390073,2.0883409860839253
3935,1.1780910333919508,21.57380244586893,10.945593190183287,5.688251247248598
3936,1.1746297979407576,22.23108245432143,11.69791913624725,1.602058135657093
3937,1.1811667397686514,22.622681113373574,10.287883348533768,3.9266748754229357
3938,1.1812309401202084,21.47377645401532,9.956023283970978,1.5355194826741478
3939,1.1753787225642065,21.187975997600162,11.218735573726756,4.14047469915085
3940,1.1788498919311623,22.61530989228443,10.821779723813064,1.963437632672413
3941,1.1718317001042926,22.649966102870955,10.965650705776698,1.4161980528533733
3942,1.172900460144819,21.81635583370248,10.506911912699678,2.2517610331742715
3943,1.1752513579827764,21.504606517892885,10.842056945257685,1.218066450558057
3944,1.1763569646069778,20.581768618195955,10.759910723005014,0.8540090132916847
3945,1.1710183292514063,22.578981582681884,10.815565291607559,5.10019907752445
3946,1.169845644241022,22.03214773786762,11.577977203547695,1.1924701061301526
3947,1.1725880859834463,26.141501875665966,10.820053435198412,1.4858725428619226
3948,1.1693107409423258,22.102888748174404,11.319294163611481,2.018018019063427
3949,1.1697002613751375,20.945959197231232,11.24193549411965,2.116225996976696
3950,1.1676908193113829,22.175728351469385,11.124986341843261,5.073928447632718
3951,1.1695208052447428,19.43652593329549,11.106033034124142,2.1205785572588414
3952,1.1690049308231933,21.386760875161173,10.11909456391422,1.1263789287427817
3953,1.167587071828422,20.665820169928296,11.439540989161133,2.634647785031778
3954,1.1649111685735891,20.131484595027114,11.570945776836666,1.4088450921435278
3955,1.1710291997364903,20.88117103130522,11.078174188899233,1.2883161862389196
3956,1.165528111437971,21.93391966142699,10.66760317671884,1.3503777716993852
3957,1.1687387862228318,21.959332005390696,10.34578727132601,1.73613590392677
3958,1.16839751080452,21.48839557077293,12.184392080561018,1.4900069799071134
3959,1.164633566774694,19.88150309096957,11.649057885924648,1.53287888346245
3960,1.1697237955411741,20.707655686312627,9.670444754708678,1.5731736675948327
3961,1.1653701193242072,19.90240270132506,11.256731269195214,1.34408834414731
3962,1.170898971945054,19.700010036302295,11.0666106117832,1.4193736270859358
3963,1.1795482253033984,26.10630056375727,11.831459266104105,1.5990616508027073
4000,1.1937967994949934,20.405680146048127,9.67274615967879,3.295928835496819
4001,1.1745041525102164,24.08358471376949,11.239635179106635,2.050098820025502
4002,1.1746072606706053,24.47365956675054,11.113046163251846,1.2403000097572436
4003,1.179168734047465,22.84255145248747,10.177243158914973,1.1850636397936105
4004,1.1708390423287234,25.464030852200683,11.196737243341843,2.7682288509266733
4005,1.1779796727431588,22.622217996065075,9.5120859622619,1.175394395652912
4006,1.1756508054418,24.579179246309216,10.28802831293602,1.0500971147104852
4007,1.1726276412080527,23.920078217682743,10.416836789089578,1.3860743495637766
4008,1.1777852477921427,23.569185037632803,9.92142428999314,1.653140543950614
4009,1.1718309336042256,26.19111673019993,11.259315655006905,1.0263853378057617
4010,1.172265656167706,25.184638716635277,10.958316071767394,1.2292123127042327
4011,1.1724807150874974,25.664473946273688,10.463069337633144,2.117646312003979
4012,1.1717649281433193,24.144077706886012,10.650553893271972,0.9599186622090924
4013,1.1702493649073156,24.767838930130385,11.247708160609267,1.131226581871791
4014,1.1685432839188112,26.105976241335686,10.897727862093916,0.9362895526902093
4015,1.1710635533410363,28.64634961588546,10.575727452310256,1.6989895692911585
4016,1.1770505690905284,25.22349673804388,10.366793594096059,3.4035805094031812
4017,1.1734068684700083,25.397664486502684,10.379513583124849,7.974738348689848
4018,1.1752314538271214,23.268396586565025,10.056112775537601,1.2671687716605065
4019,1.1765265931586606,23.771897578758587,10.957338515231275,2.210170185621575
4020,1.179453804200788,24.32512318068317,10.347096468899943,1.9961886159844768
4021,1.1757419826485456,23.043806882711348,10.867170985284561,1.8227195166125991
4022,1.1828492009339027,24.68684315928766,10.102758148503163,1.1437844084318147
4023,1.1820719015744332,23.926474246270082,10.842693082911293,1.3521443830187743
4024,1.1812998923686489,25.58339506491193,10.741385474013743,8.71108825370426
4025,1.1816485983497105,24.122633774789826,10.713709445488707,2.565852702646302
4026,1.1826402702299872,23.93588851361784,10.871920205832941,1.1820157274429837
4027,1.1836638097937153,24.192833124850264,10.333707932748029,1.3753348643951842
4028,1.185024761298359,23.41699198620056,10.635363962792031,1.592949906237596
4029,1.1804934449747255,23.63296587680262,10.537144649843547,4.042625895636926
4030,1.1849420874500725,25.987058404272453,11.069516699379916,0.9931411287389393
4033,1.1789341669844002,20.159500665684263,10.674696723400205,4.825753061082799
4034,1.1800045491754498,21.24042391820415,10.328792612993292,1.717025741716488
4035,1.1755376561996944,22.38748070010162,10.876342541633381,4.147604143857954
4036,1.172295558513615,22.978078267818137,12.127972691948465,1.3872547649615372
4037,1.1801519458569383,22.964139909148386,10.708903142522834,3.362564966833456
4038,1.179094078770279,22.07559519012897,9.884937883221351,1.413840729248179
4039,1.173697345653222,21.71459728068372,10.95580063997467,2.4307125119768314
4040,1.1786461753114907,22.718519680774715,10.764552734700477,1.505079185888558
4041,1.171200594255137,23.127945886159832,11.225364580855086,1.163353159710072
4042,1.1716432970704709,21.874819994176022,10.778607781314951,1.7674055054831945
4043,1.174848276349335,21.86766933775562,10.621239618877043,1.7925634237491568
4044,1.175024762554283,20.786142806901356,10.799905568800677,1.2443577099405705
4045,1.1701382248732972,22.60689409042171,10.643875557150649,5.903559942443979
4046,1.1701385918846186,22.265949603391544,11.29141388834449,1.726141737861394
4047,1.1697289094208623,26.57806197524967,10.924825211384405,1.7350949975100878
4048,1.1682664340052171,22.23866589682177,11.505128767625623,1.3808617309522886
4049,1.1696988471191072,21.225602510490702,11.303313458315758,1.4150653911538036
4050,1.1673659350683494,22.71145686159298,10.87912546838639,4.461347295572354
4051,1.1679431902933828,19.777780519024805,11.246881239014568,1.5236945663286718
4052,1.1684672739127575,21.756343710523367,10.358863436798892,1.3534622129254206
4053,1.1654960575897462,20.880339609796547,11.7269764959564,2.522240633644969
4054,1.163943959782803,20.959828614810117,11.713012680727491,0.9431832279634225
4055,1.1711071733293523,21.28878331308767,10.949376669646718,1.0169764880075585
4056,1.1655655012952073,21.834625375107816,10.657629297344025,2.0528640207867355
4057,1.168773174739079,21.911811912915056,10.711082101438047,1.693694760841475
4058,1.1673582286726538,22.021222591392686,12.181250147477423,1.0435411507737349
4059,1.1639846732326105,19.697928604520552,12.117989029224855,1.126563422431556
4060,1.1696794460037179,21.207356070546908,9.773047578468057,1.528856361259448
4061,1.1649367302294857,20.335569912594195,11.05115734467133,1.045239083739181
4062,1.1712473746501582,20.102262542652436,10.85839846760847,1.4233190981432036
4063,1.1768410437087176,26.817471026545313,11.980343448111572,1.5843563688268085
4100,1.195402016320563,20.167942776065125,9.169738666742457,3.4407402148064063
4101,1.177941463175229,23.91179908212102,10.773844207416957,2.0381459132158204
4102,1.1781960296499578,24.077561063886137,11.157619771978906,0.951502611507681
4103,1.1789768756781478,22.95059094833601,10.420913325161402,1.0533625221140948
4104,1.1715978043607862,25.782086286409747,10.942138286279707,3.7478894681389923
4105,1.1813887472854507,22.397147428001432,9.563868814838326,1.4585398736250093
4106,1.178032907017703,24.434545297075925,10.396720008283614,1.258379434176277
4107,1.1739506394110828,23.83904599676205,10.280895231332577,1.5334885903608666
4108,1.178004010332831,23.333443072945414,9.768908586604734,1.633831441365841
4109,1.1731431455235661,26.43383592044867,11.061211424700629,1.552586073339744
4110,1.1720678148287504,25.331426652684378,10.69699167240049,1.9075897172023828
4111,1.1730322337948267,25.706832925288182,10.82134847871284,0.72426613251166
4112,1.1744933812496154,24.044039424884335,10.285167850043658,1.051400550046716
4113,1.170812261138697,25.135306490792782,10.843004191596265,1.0044558518796036
4114,1.171775448927147,25.81366341171854,10.867739766100467,1.7012404479661538
4115,1.1726504365100674,28.42336795309684,10.181935263605748,1.0956896902619535
4116,1.1781999469276991,25.16793034375384,10.179632092173556,1.9436709395759977
4117,1.1734839143130327,25.646813423739108,10.372478105323498,8.88158682688272
4118,1.1759769536442517,23.658387944598314,10.158957846389473,1.313216875488592
4119,1.1787396009525655,23.70552711529032,10.318884988267913,1.8066239802265693
4120,1.1810330964806515,24.0857094360994,10.454251947808917,2.022909352551648
4121,1.1769641281062175,23.21275128908937,10.414993044361516,1.7907831574653668
4122,1.1834261627552083,24.570096908145395,10.280746593360199,1.4012643682464565
4123,1.181115234645151,23.985889854378247,10.633244254417964,1.2453806055542447
4124,1.1833185620343334,25.07310201929674,10.678218602012658,6.536464711732138
4125,1.1843957930302578,24.246131930277674,10.661433055984249,3.538873101049662
4126,1.183475341997847,24.16775402198303,11.006192389645422,1.5020985209697943
4127,1.1856379429863946,24.447782673863852,10.31873359278342,1.3953370625990236
4128,1.1859307091752933,23.471744184600873,10.875065068588547,1.7639713604849026
4129,1.1818328157899973,23.436857681567464,10.631172563141442,4.330205011491497
4130,1.1866085085586244,26.09412886836734,10.693756993162452,1.6811136243822216
4133,1.182041012025558,20.197268257331782,10.361200593213718,4.88588091259986
4134,1.18027019060815,21.34714682581573,10.609765216886617,1.650357386797715
4135,1.1775061604085344,22.069238116137708,11.010157631696003,4.799449455302993
4136,1.175756288221808,22.310018362742547,11.916562521895528,1.5282184910492005
4137,1.1813381567713643,22.94590296938097,10.638692810131584,3.732259707947281
4138,1.1811953872549388,21.65054339320177,9.581930470861591,1.7102269505450047
4139,1.1746533662261558,21.337374196916624,11.374817377296269,3.2063422691478918
4140,1.179205869799061,22.5061402117942,10.843901456504396,1.903669291430833
4141,1.17479204534192,22.39137092586403,10.838736835122308,1.5366783664728065
4142,1.1742190670506618,21.929559575628748,10.529704635964507,1.4606984307389734
4143,1.1743154026550873,21.767528744819245,10.842935972302168,1.5185665034242517
4144,1.1749840520887767,20.626948790638505,11.02392228405213,1.0766148940481854
4145,1.1712705664167153,22.591096866473478,10.366016954559756,4.85989944275045
4146,1.1707908302426262,22.19243241852678,11.302261127621968,1.3698438354168136
4147,1.1724083915706056,26.394393020147334,10.658863995673238,1.6479840222583637
4148,1.16952086869818,22.40460824845429,11.466984477402804,1.652550344485
4149,1.169902284139911,21.376386265701836,10.940400965093694,1.7183316327410179
4150,1.1682038118040106,22.869535422119938,11.05916271394209,5.04140519659734
4151,1.168244720366893,19.925145264379296,11.15447644652894,1.621028540478562
4152,1.1680698920348798,21.57325600096769,10.962800651800814,1.8340862411518444
4153,1.1676964509908312,20.684103155812565,11.480615336784108,3.224090604243593
4154,1.1656735705958678,20.76883735592058,11.428421277286843,1.325672520024086
4155,1.1718734971855838,21.296037918784837,10.70414831240431,1.144983808135232
4156,1.1679502869062566,21.797123341411762,10.568201529462156,1.621928890174966
4157,1.1700549749866187,22.062094700495404,10.540638016852053,1.5138549563408907
4158,1.169254817663283,21.80302213353521,12.28934630767176,1.6710140936022193
4159,1.167291111798538,19.872173571280882,11.92097700270329,0.9267019668353268
4160,1.1709716580983038,21.03566797831849,9.663506417800411,1.209039342379762
4161,1.166087249309396,20.232257807529376,10.752099533791153,1.069844851762895
4162,1.1735445656055221,20.015332013940245,10.896089070470524,1.2285668494245732
4163,1.1810325203128076,26.667889077766812,11.802181351668342,1.5290120544529806
4200,1.2011821156694136,17.74173568067302,9.166590152394644,5.0038968332862765
4201,1.1853628091440969,21.69153093188651,10.611544059665947,3.9629288621369767
4202,1.1852355208693972,22.041608400943602,11.375531712402259,1.3966615837808543
4203,1.1889500049123805,20.9078059805448,10.069073564976332,1.9524865343989803
4204,1.1808661145146924,23.610588417441964,10.770168437443798,5.49713545140623
4205,1.1881169726061365,20.192470568617434,9.98348788098768,2.098603075561802
4206,1.185160447308373,22.545353907439715,10.271134925041578,0.9773686106239402
4207,1.182908143592556,21.88026390112697,10.72315206763082,1.3125241033962836
4208,1.1871876027752555,21.53106837974995,9.920324474052679,2.998696465254337
4209,1.1792393478226157,24.371034475334973,11.251294277514928,1.442786678225413
4210,1.1805319454238428,23.35506120749134,10.715659154286335,2.233383025982274
4211,1.1805891709186833,23.939538872315673,10.687460602512623,1.1390019366271442
4212,1.17958681361793,22.047874666449975,10.911737578926235,1.0660255541541392
4213,1.1795607054737038,22.58772181043376,11.219953901390614,1.4695816602324774
4214,1.177255520716612,24.010560933730133,10.882075997581483,1.602666493728119
4215,1.1798793182959175,26.702845367423542,10.412504757891726,1.5414788437330829
4216,1.1840391834690454,23.32419818354634,10.88979985408141,3.1448734233060254
4217,1.1813031015371684,23.29817507239721,10.519047219438619,9.030665103196952
4218,1.18214945610223,21.44099390675594,10.41133188002981,1.0760769944314792
4219,1.1853189337739856,21.745851280947218,10.924844441345014,2.7659302319303825
4220,1.1873291974292572,22.270095317585742,10.69128517303797,3.078873200828495
4221,1.1826009202661305,21.274532345801376,10.86025433074331,1.9736204788917135
4222,1.1908578735955873,23.001867623000763,10.44436026741377,1.5439286031825459
4223,1.1883525349843043,21.830482718324518,10.822476934061157,1.4426766678551417
4224,1.1886279396553043,23.636722312914298,10.943196004916105,10.868671030592303
4225,1.1882010024173144,22.542616861500676,10.781269302000792,3.3274404865913527
4226,1.19130817192231,22.469472734877343,10.888284768031697,1.5854187424544686
4227,1.1919533092546735,22.919835365453046,10.236804289559913,1.2892060012595559
4228,1.1928306105132866,21.629230849950044,10.798223600213761,1.4479057799630857
4229,1.1879152892974472,21.663718352222123,10.734265591607192,3.4609764357895516
4230,1.194414114917427,24.17257893450159,11.220277168659392,1.3385657424463568
4233,1.1884790068289344,18.493697010585056,10.547741675618798,4.537878335937029
4234,1.1871826133121666,19.64283061840288,10.828165165673623,2.568320819791978
4235,1.1858465509029419,20.417201650054167,10.967774396197317,4.263321227199287
4236,1.1816251134337263,20.489627605750727,12.10785228568774,1.9475677130505196
4237,1.1892834117274833,20.88136736764464,10.71829437037249,3.6834625461512642
4238,1.188794132193212,19.968014070191586,10.11885127251259,2.0662794923528307
4239,1.1819122294854163,19.783978654408557,11.239980564563654,3.1570793078144193
4240,1.1861102854398193,20.737673724768623,11.115666037649353,1.7938452145931365
4241,1.1800397177221558,20.632670927196756,11.129837287409547,1.224858611634492
4242,1.1815608782880334,19.900589904710348,10.786308303802382,2.4831200335087966
4243,1.182145430263767,19.810495996195424,10.806767517761115,1.287941675004573
4244,1.1818020488816379,18.97657558752101,10.852541244165549,1.3245005509084298
4245,1.1771779978668009,20.54831724003173,11.13611374690445,8.204528804855096
4246,1.1783579715805088,20.29789483386927,11.185278451553467,1.7441404724176903
4247,1.1792904116961205,24.522666617531456,10.578020144159174,1.753362719637139
4248,1.178106953944124,20.30942502369576,10.932224948280517,1.9248709100624586
4249,1.1776805509766428,19.17715257502836,11.421556945212245,2.0171725305027555
4250,1.1745452105462648,20.724648598331555,11.458374354657023,5.456421216628049
4251,1.1741159777338195,17.992360491086778,11.62684800637601,1.576506395571491
4252,1.175824910597476,19.57558465344937,10.442046478855993,1.0895086256792321
4253,1.1721424765034578,18.342830287900394,12.000721863639749,2.685427265454091
4254,1.1723394654102122,18.64009847976843,11.73491536743637,1.2208662736799019
4255,1.1779838750181773,19.030167730469387,11.26263019507935,1.7362550271694308
4256,1.1748187850183818,20.15452443228979,10.912318217025485,2.3298106744093943
4257,1.1763573977610755,20.00339049953183,10.63971824387699,1.8691831337658378
4258,1.175832120086706,19.911488437930835,12.29241980446174,1.1908224743865121
4259,1.1748623110701502,17.846554686223747,11.83895427030825,1.250499678629982
4260,1.1791598722498604,18.661675792613,9.7248697309763,1.8963017937479172
4261,1.175633786902735,17.988663362038167,11.008671665897205,1.9575268961665622
4262,1.1792495039753004,17.357759794730278,10.783212870817596,1.4613550830417192
4263,1.1868990071193701,23.85698647770048,11.700080692604772,1.315692437992402
4300,1.203232248128581,18.379425176083792,9.255736814321512,3.8505316497116904
4301,1.1873780915915304,22.36607772543024,10.684785004173994,3.1221937334370637
4302,1.1872031088033714,22.916487349979644,11.393220012936284,1.3415491489034004
4303,1.1877236527804345,21.929797725554437,10.530975042028576,1.3333833018493317
4304,1.1828944330311808,24.378253136547716,11.258504913841104,5.702752841403406
4305,1.1909407032512753,21.316910726068095,10.075719602064552,1.1518074250955157
4306,1.186972402382598,23.426400812744077,10.487820168305348,0.9043644324732174
4307,1.1824624943397697,22.629634029594754,10.916581647203957,0.9018062540940295
4308,1.1868751767736343,22.574190410739188,10.414207535884808,2.4549183161302195
4309,1.1805362217737343,25.30008662481311,11.658571494358863,1.3182701423445697
4310,1.1823328083429856,23.874104408369043,10.990691640275934,2.0784102193920475
4311,1.180545590667907,24.83025255028265,11.127589326979395,1.0768293531540125
4312,1.1810688089059365,23.25119006878227,10.915644793087719,1.660138745643831
4313,1.1790363984609247,23.683371006733083,11.334635319416048,0.9369732055121215
4314,1.17888565686338,24.91376897700384,11.214242596904676,2.4560995087404094
4315,1.1809338959492734,27.5890152048373,10.809528269921366,1.1519626055870296
4316,1.1854799144853825,24.02060133189363,11.107364750027074,3.7777115436264475
4317,1.1825070769322705,24.253870935503972,10.65730435265596,10.329228814493604
4318,1.1831340218199435,22.74992417519908,10.707779333165805,1.3565874731313228
4319,1.1847748243423786,23.06908163775573,11.433011597868475,2.7586104364714337
4320,1.1869993426223886,22.893967750725164,10.930424832997566,3.7562799229630968
4321,1.1852749438258434,22.215379182624794,10.615761797675539,2.4335205784608154
4322,1.1904298115777627,23.641577888426212,10.83724206606877,0.9568238324380929
4323,1.1886060688103182,23.14035593695939,11.24235171873213,1.5258616005794376
4324,1.1922838478977107,24.235176533064035,11.068744784867228,12.57227058725743
4325,1.1897419493429138,23.430513181167328,11.190321206165484,4.6157922813406325
4326,1.1920240341631931,22.993475807017447,11.246040065080848,1.1412615524597889
4327,1.193079934254819,23.73199765833262,10.702559459655413,1.4409290283044882
4328,1.192308388113139,22.61089762070147,11.358739492440842,0.9515065102928624
4329,1.190469077313114,22.6327695514152,11.243544885868017,3.452965866372285
4330,1.1954233090378388,25.186429320323338,11.315379216586516,1.5610980894466149
4333,1.1886041995679186,19.352627007866772,10.971837485471216,6.306987133402654
4334,1.188619852907678,20.685816909717364,10.924700484303731,1.829209301549928
4335,1.1862298546139463,21.575251796904812,11.235994752218787,6.725345958715126
4336,1.1789553561394033,22.08927982699056,12.887009999725029,1.3750042597367402
4337,1.1906968233294044,22.07398727084513,10.933168309343236,4.312063407189905
4338,1.1884856478994776,21.200154171585194,10.581623855904972,1.8823852036217399
4339,1.1833948400869763,20.460249264159522,11.454240738271919,4.031321124599547
4340,1.1861547765870166,21.879798576472254,11.124564178713989,1.766388168927189
4341,1.1794336300707955,21.823270079850154,11.765736429555554,2.3137398662628335
4342,1.1823076510265826,21.119972050606734,10.896373215119963,2.830488589090918
4343,1.1831083227112886,20.742667087431744,11.154825773426632,1.3644199006034257
4344,1.1835367807690935,19.969269891118397,10.980316348664255,1.1267351435382766
4345,1.1776843539389183,21.623367380375925,11.385892800075071,7.657794180671293
4346,1.1781284682162854,21.450418380161675,11.684505169344689,1.3290190814996807
4347,1.178767393096747,25.51425497243865,10.790300857448836,1.5706622721549792
4348,1.1768677995270498,21.24833951280767,11.609410885659619,2.0308688750437596
4349,1.1783440517695831,20.032459775109743,11.721171873355948,1.8098722933793987
4350,1.1739595630861257,21.423533633407526,11.811916467196399,5.7540914262057505
4351,1.1750501177427122,18.803426397877598,11.775620007763916,2.2198874719531556
4352,1.1764753555618457,20.561759978819214,10.441411109661624,1.4932475212882785
4353,1.1757622435038948,19.636076355421878,11.950741183521005,3.466281074276462
4354,1.171874434052132,19.59552112181879,11.780103244716804,1.9511785508827373
4355,1.1775592620089432,20.202411942628803,11.21854139296313,1.242986263065911
4356,1.1766828868294101,20.985831888451912,10.908845466464655,2.20507173951898
4357,1.1772831461872302,21.03337964447448,11.176181911320194,2.4523878415668627
4358,1.1759323146527914,20.67684068198408,12.504370883592621,1.8862834457161353
4359,1.1732169165789654,18.791045655952853,12.068751659001416,1.0036014001352394
4360,1.1802892739063295,19.95986997425519,10.380391745171742,1.763428614327575
4361,1.176422458891921,18.80343979127177,11.247114780827447,1.6948506935063987
4362,1.181135304580841,17.900662990074434,10.960030903124077,1.3742531768077926
4363,1.1877807137923269,23.683868178193464,11.828420711873925,1.5643430585169609
4400,1.1985978108864,18.829949087589846,9.793945917455178,2.9008186687540043
4401,1.1832688998232601,22.864841238606402,11.005594979025865,1.9011895035281294
4402,1.1833909881304665,23.196264982652874,11.234891199707986,0.9690630176583562
4403,1.1871501323340552,21.813542833570732,9.89384031528561,1.5095049154613018
4404,1.1807682103712491,24.741335377341485,10.969275237419087,5.59839733701831
4405,1.1888371283915975,21.49902570457624,9.358844424215654,1.3747231990026985
4406,1.1835853681490762,23.38091631388193,10.078808532070015,0.8600938471450658
4407,1.181504845613124,22.681012666815707,10.502075722628199,0.942121696414217
4408,1.1851947164173677,22.552829292853986,10.046018289132517,1.8461537140579416
4409,1.1782390317374967,25.38696474795704,11.139976739923684,0.946547911530316
4410,1.1779707180349475,24.561718922167447,10.736235965144552,2.14223356468786
4411,1.1783969183521295,24.490573967270294,10.662858642748686,1.1384930456135625
4412,1.1772354976987425,23.17492548492014,10.260616884575947,0.9837959584243476
4413,1.1755035660851083,23.912469441382505,11.212202471743824,1.2729397144376093
4414,1.1767480689162664,24.784387424468004,10.645340503309743,1.8107471264528827
4415,1.1780289181168855,27.560357400233023,10.762118586741677,1.3261078713699128
4416,1.1821033201403193,24.274451288465443,10.514525839416033,2.2567681089289406
4417,1.1795882850983679,24.346941758211752,10.153583978662704,6.544364797556673
4418,1.179630479474952,22.462937311277624,9.929198206856265,1.544177015332862
4419,1.181375953842187,22.699389675629625,10.841694827305068,2.0451180290225697
4420,1.1838678009800543,22.91464875439254,10.337360336550265,2.9204624534060515
4421,1.1814283613012813,22.047082423401548,10.63790676211721,1.2912631422585883
4422,1.1852002170471572,23.85489091126285,10.455375782818331,1.2186631582168281
4423,1.1835766514761805,22.73284473106648,11.048725147080114,1.336667686988915
4424,1.185879718926239,24.200917696716004,10.78006163108191,8.634811164639078
4425,1.1860921984554476,23.088749371885765,10.775094353344182,3.0382192920411173
4426,1.1865023547707882,23.034581246374366,10.638753279937102,1.1054514445396357
4427,1.1891960424712162,23.50200829679106,10.217736869416663,1.0261926384156606
4428,1.1875330849551635,22.35214502762054,10.71323841811311,1.103200407440452
4429,1.1848996176304938,22.529839939378476,10.71140500332134,3.334480427055598
4430,1.1913044654896467,25.094423733764557,11.244726164058326,1.1990221173920577
4433,1.184058969687425,19.17206878497942,10.421265412676107,4.2746329177756035
4434,1.183986942528247,20.309086392627094,10.677204442250812,2.1941155741830944
4435,1.182684555506769,20.916146507499096,11.14051565951656,4.452846608333338
4436,1.1771038773175078,21.89821855834374,11.998409805277518,1.4741376110696804
4437,1.1836542529138834,21.826815505083722,10.457006833206764,3.371552614403208
4438,1.1839998471786604,20.749307400123765,9.992612776794898,1.8312763312497924
4439,1.1804275381919425,20.45304755700026,10.978612112443669,3.5378913755562045
4440,1.1795768110269484,21.691118679394112,11.033252116773706,1.7264826023700124
4441,1.1765677258902683,21.45427588323038,11.12964737640336,1.6556046341785955
4442,1.1765801161095228,20.931816966782932,10.537098428494463,2.1475962589024
4443,1.1781433779792039,20.796376235944233,10.675432989456537,1.7524545264256715
4444,1.1790106925657027,19.72987034140926,10.703132021328525,0.9602711034910733
4445,1.1733873838780788,21.519010517211242,11.18971836446047,7.083391775095261
4446,1.1743481705535033,20.922414688897998,11.411880293076301,2.256575363959656
4447,1.1742079799229166,25.336125358701615,10.62307238502367,1.2509443685777302
4448,1.1732993025533203,21.205693074963758,11.04113715413828,2.3188260195217945
4449,1.1737589799979053,19.945231924668796,11.254714512184162,1.4774838612658177
4450,1.1705005911860737,21.64738002816662,11.213518028845893,4.5940506799512315
4451,1.1717707079495365,18.757845401419214,11.446003727868284,1.6000822905237757
4452,1.1712206331132327,20.64517987824634,10.787369790388725,1.115318989769472
4453,1.1702161202753631,19.24848703688793,11.526660535311027,2.948285315826419
4454,1.1692849525208147,19.450418930389255,11.898802932422758,1.4219315974403313
4455,1.1741952452251665,20.12574044005551,10.615911291343865,1.4033666175816282
4456,1.1711472315095823,21.0300749228624,10.781803297288603,2.094307835040686
4457,1.172222173246212,21.18507566941504,10.817897059070553,1.7858098070594912
4458,1.172617339947368,20.886479568814014,12.411584004121336,1.5701405701193638
4459,1.1718146126438775,18.755814945099893,12.015174483459244,1.1287093841715732
4460,1.176235869290619,20.106898581623184,9.868188898751615,2.0591560197796155
4461,1.1727530382376579,19.14089190227233,11.153631823062812,2.0245286353287213
4462,1.1776109176874021,18.520329008328044,10.668618817403628,1.1588571670080579
4463,1.1844176806694757,24.702923338781257,11.48929167450606,1.23414914330697
4500,1.1993858454912738,18.76607126989365,9.239634522153455,4.43446300699535
4501,1.18555937234945,22.732820847806934,10.219336307224461,3.3363156286207025
4502,1.1857253389628821,23.00077177330875,10.891618219083561,1.505769514802921
4503,1.1862325432458365,22.005346039547835,10.056052262887308,1.3946329415465402
4504,1.1802934276833894,24.559508676876945,10.58609022406988,5.923066513474488
4505,1.1884016952680414,21.422287463162554,9.431601786006953,1.5735844290188832
4506,1.1865375964161824,23.37734972542336,9.679278894956228,1.3482325041573051
4507,1.1813282606639077,22.46921638097053,10.246907617343124,0.9312418720331664
4508,1.186919099162094,22.794685276487193,9.365791972664866,2.0149972931359055
4509,1.177572419565655,25.061545672659303,11.28435852115448,1.024061586039082
4510,1.1774676830930457,24.420629847379583,10.655139695355142,2.241137591094763
4511,1.1779964969761128,24.759024492069113,10.79943854985137,1.1638392229830317
4512,1.1778952009166597,23.25023842608312,10.22554298814409,0.8442155495364874
4513,1.1763872746614057,24.151543734147577,10.869998206456188,0.7566917494259441
4514,1.1747163949995847,25.212680162804332,10.798972187208946,2.084569924911601
4515,1.1776232286398531,27.48831617697562,10.275968205870708,1.3866898137691046
4516,1.180572590835833,24.42069890990558,10.259022803054444,2.710668322930888
4517,1.1789791103253968,24.390311923626452,10.19710589908948,8.669093736691847
4518,1.179240987140914,22.42100370865699,10.17019303905702,1.1011407069017953
4519,1.1821823678079708,22.730496005104996,10.52664951108888,1.8814969432258444
4520,1.1836057117297945,23.068908076919996,10.676288125327746,2.41760186340407
4521,1.1801318075400813,22.222813024106337,10.460547898099124,2.2273439605358587
4522,1.187776161132176,23.66606433459408,9.954419792081355,1.1423791159369407
4523,1.1841618971619512,22.907366007275094,11.01363316928824,1.6237063294171172
4524,1.185583591278763,24.402913781834332,10.469475700040595,9.71424216799929
4525,1.184880377158729,23.119115646848954,10.33352132113607,3.5922628144287128
4526,1.1871146593890258,22.617232737524496,11.033881811543036,1.3019712817207418
4527,1.1883100855651405,23.46494730908416,10.417568329237717,1.0381217185685938
4528,1.1868166453400266,22.488554885433988,10.638037584832928,0.9722929374536045
4529,1.1864349363773699,22.420139705615085,10.37417683560962,4.83532210465392
4530,1.1912736972094584,24.87989000234656,10.608323473415206,1.6128498815882795
4533,1.1831208349099422,19.044556434082306,10.43657606980766,4.489154199057059
4534,1.1839889694072092,20.226558795216636,10.982516507978074,1.823432170722849
4535,1.1798548162868951,21.16880213836897,10.665046060737003,4.90738817753253
4536,1.1764536195316813,21.75929211280504,11.748350492373282,1.5925501948764382
4537,1.1832869553474488,21.841855520613173,10.631849468722578,3.319301956987161
4538,1.1843252336212042,20.800599452950962,9.665363948713367,1.690908083550598
4539,1.1781380748167534,20.232713816420127,11.274440451848767,2.76702059555306
4540,1.1796110114639031,21.788751221801245,10.86220567991423,1.5463589925846433
4541,1.1748920429101222,21.591648658079436,11.365227064425493,1.187481837878643
4542,1.176077651260951,21.117597627033803,10.223435147930424,2.265305534562494
4543,1.1762737618957746,20.707203841358396,10.738021653289323,1.256940793028867
4544,1.1782729477589204,19.813280360063803,10.662808790888928,1.0373489169053356
4545,1.1734106640798354,21.385916841410907,10.716372588027937,5.3054804427098565
4546,1.1719884622909398,21.22709473130341,11.07663144797509,1.7041056145818176
4547,1.174114145949263,25.074557588840463,10.32561110098854,1.9529991597490717
4548,1.1728120133348052,21.180845566449516,11.305206621943814,2.1622674812136062
4549,1.1724690877243993,19.933695585427976,10.993335344415181,2.375865303588076
4550,1.1706643080355748,21.86211902250344,10.974673061805895,6.098796430096253
4551,1.1692723579028947,18.81482707934499,11.625939686131545,2.017744262525929
4552,1.1711416734631612,20.388155081535206,10.535001797141039,1.1720150629010362
4553,1.1707071439890282,19.640866845842464,11.477555598178126,3.080933751975443
4554,1.1686627220039774,19.614863647688445,11.604312906123003,1.4008126001240135
4555,1.1736332242237175,20.273780375683145,10.890710368483958,1.6418499100670962
4556,1.1726103943667978,21.03468862341492,10.229136875931475,2.333236203031192
4557,1.1748400468647933,21.02081732965374,10.78817437585006,1.551569239525038
4558,1.171381072586738,20.85010684678876,12.227587018656049,1.4370019953524378
4559,1.170489771472664,18.734891984128062,11.766454541413726,1.4275943344855129
4560,1.1769999892935359,19.749529748217157,9.736175170023442,1.8511728738624187
4561,1.172175811375534,18.8473819975326,11.082219860184525,1.3579268695736693
4562,1.176140390241518,18.49735746590006,10.570045543258823,1.9179675723931864
4563,1.1836026179784138,25.119031663595887,12.08830440429222,1.693955996404099
4600,1.2042835294217815,19.997244827508844,8.876751396584053,4.180916556081133
4601,1.1883813624638508,23.944882842277604,10.612950134120243,2.63186921527874
4602,1.1901258936260481,24.110394619644953,10.920682875984815,1.2405543134130728
4603,1.1897822273154472,22.78099316409144,10.46564479383679,1.5569817040802068
4604,1.1853368236479598,25.643937375302382,10.503544827351094,3.6101372744958575
4605,1.1926268717064963,22.558254670406065,9.767223352935474,1.686331282052333
4606,1.1892732267021062,24.482883818353873,10.121584464159369,1.083237893446397
4607,1.1839143374907484,23.771842143793084,10.660330951520567,1.3761900257976705
4608,1.1888341079477573,23.62069077587675,10.275889418147337,2.7003808197389123
4609,1.1822948871518508,26.380567267333696,11.141523153425545,1.0310617294789124
4610,1.1819614144207937,25.278612645304445,10.767736764400194,1.5916249128121815
4611,1.1816442954840398,25.854944536422487,10.945300487062157,1.0443712871099395
4612,1.1805518516253803,24.37145753422224,10.613426277245788,0.9260196265872154
4613,1.180904839813274,24.859228359542907,11.12152498037755,1.0086262806670587
4614,1.1794876329956183,26.26057194301256,10.81335332683873,2.680393726842998
4615,1.1811237319721763,28.732175401489823,10.897399970961276,1.2842419920973434
4616,1.1847137465249717,25.271570884664477,10.680902735749209,2.7920405888890767
4617,1.181244395667295,25.33863361078806,10.858047763018664,8.866097725138623
4618,1.1832516375048943,23.91580727388997,10.544676198708595,1.718331263971626
4619,1.1836164439327523,24.014630973355345,10.942886794814399,3.5626193981652787
4620,1.1852401778483133,24.202477929029794,10.797604578106395,4.307742772359668
4621,1.1834393901868057,23.35532928071489,10.797567543348698,1.8332686193531254
4622,1.188312864701563,24.759887400022485,10.37408172624212,1.1924061865507247
4623,1.186296483097717,23.924613923289698,10.979907776631922,0.9372232089071401
4624,1.1878945421041327,25.590287820786447,10.302300850123373,10.318327087487694
4625,1.186752534743696,24.196025232489273,10.978014314597852,4.988958664774451
4626,1.1898577022992045,24.049311697015657,10.792170809985324,1.1087319713216615
4627,1.190807743583263,24.27698689564353,10.255805673481484,1.3052649071079119
4628,1.1899682729612124,23.4105594643377,10.789216259428164,1.7372480418944642
4629,1.1871621677012876,23.799482152717044,10.47918842745348,5.404332493669035
4630,1.1924947200039093,26.080920820660058,10.750619477257057,1.3231384348533017
4633,1.1864298353060134,20.347741266968495,10.311522181388504,6.3242933957922345
4634,1.185475778816474,21.344676397756867,10.825761710846713,1.193688676544214
4635,1.1852164086919195,22.06330218462816,10.96302573228662,4.94608560811402
4636,1.1788625788493032,22.763092279720862,11.8947577357987,1.1915789708845967
4637,1.1845088407729751,23.093008168148177,10.276620763824138,3.946753208367638
4638,1.1841172004030263,22.20802418554358,10.021462895500264,1.2525862063317537
4639,1.178760836156636,21.40666582126019,11.175295805883126,3.5499096049963965
4640,1.1820059885339653,22.836644809626883,10.889736515396017,1.8241868959143164
4641,1.1769735973026074,22.47860986649758,11.540955054277962,1.1572663931537281
4642,1.178441552514719,21.876935325727395,10.432186070043032,2.5026226289286595
4643,1.1776114298397273,22.028508012717573,10.61708459702838,1.783985493135469
4644,1.179592251203435,20.876320864193435,10.869197412955279,1.0630636615293103
4645,1.174340845941137,22.64806027497812,11.078879090727883,7.643732763572779
4646,1.1744924526412166,22.037413846758014,11.434607477640395,1.9525846010844854
4647,1.1752469748884824,26.241636979858512,11.011782602978132,2.0964429498654713
4648,1.1739870934084295,22.31345432986323,11.631127158060156,1.8390679347400207
4649,1.1732550443820686,21.30924191190881,11.509727345742519,2.068209864614606
4650,1.1726002325279874,22.427876591228312,11.4068741918176,7.103858044928072
4651,1.1723493547294341,19.85874318602191,11.276494121400424,1.5727691308480831
4652,1.1747543134143488,21.377888495506564,10.05973213149557,1.5648638041016218
4653,1.173300811399916,20.767674569309644,11.669805629591727,3.490591709292194
4654,1.1707817928529327,20.77684897540613,11.632834899529444,1.1061839503029152
4655,1.175532418750809,21.375233207277518,10.80117882342341,1.8465207077219523
4656,1.1758478060359343,22.212246905324065,10.480977957367493,2.6209595079060626
4657,1.1767797009036727,22.30379459545627,10.685140599378846,1.93168231533913
4658,1.1751190122021782,22.032670572029996,12.515852279955043,1.5055865048097716
4659,1.1729684319957157,20.236106873476295,11.906345201805799,1.2524499570640837
4660,1.1777445063187113,20.986273075438163,9.95645939709763,1.7601369289582802
4661,1.17466348494593,20.134879741870325,11.006691545165687,1.3392662196800078
4662,1.1774757736838317,19.391697959398655,10.529851738350299,1.1928661597119268
4663,1.187535424034466,25.571512500278313,11.645398749679226,1.077552286977081
4700,1.2009980561033515,21.413951848976232,9.354861151473186,3.455159183552579
4701,1.184588666499822,25.231751029042442,10.621662291869718,2.6534220115975944
4702,1.1860580232900784,25.235996485553944,10.805301882835332,1.3604982706073583
4703,1.1862839117006967,24.293880189601214,10.107201450488052,1.354700838070328
4704,1.182917984521941,26.791163894821796,10.239034868822031,4.869354305753193
4705,1.1880650106924482,23.719406514674716,9.496995129966962,1.1649793880271428
4706,1.1853347451027663,25.84479648208705,10.160045393236697,1.0600921010818243
4707,1.1827126148313865,25.033884765679154,10.318232666720244,1.0123351400536527
4708,1.1857902242432166,24.955818049014503,9.870276340402794,2.4137774497522853
4709,1.178203113181806,27.479694249955468,11.119708373410147,0.9800713295866361
4710,1.1788713314058838,26.610923299856907,10.491808055707766,1.7262236698798294
4711,1.178115536819413,27.180265357222545,10.46989746002095,1.0086529967991922
4712,1.1775084044056636,25.20327389079284,10.516896606241552,1.204014415088376
4713,1.1753394899833585,26.484635754955885,10.95479614839538,1.592793760885636
4714,1.1752774400447341,27.404517609983152,10.922495162746467,2.0420717158605375
4715,1.1782043319329027,29.922167620692598,10.46390727492354,1.356223188889659
4716,1.1805934846233332,26.671597186243087,10.867902005678467,2.7829272737416315
4717,1.1792877989064312,26.638236300482163,10.524688731994873,9.053451241720404
4718,1.1787913416178288,24.92953004608401,10.235938727311511,1.219558764866797
4719,1.1810138446109986,25.235659959973614,10.32446459476331,2.1739685052850914
4720,1.1829458908232102,25.27306256477995,10.614977539580877,2.4358260339180338
4721,1.1799011423821362,24.526274980101675,9.966479285867418,1.897209477508722
4722,1.1840657342550496,25.823458820135247,10.085983286961566,1.0705080125602968
4723,1.183015029290369,24.912303227634297,10.82761731000254,1.390244814240841
4724,1.1845403580120748,26.821863910339452,10.39364597344118,10.470283575133147
4725,1.1843608252113056,25.4042165629287,10.810324371020355,3.1585397875129533
4726,1.1845796797523462,25.08384553295901,11.038076005150334,1.2021224152638803
4727,1.1859170824221625,25.49977585597103,10.535439078231148,1.0787075296480926
4728,1.1866702602474937,24.690684302748178,10.54941968322386,1.205729725118236
4729,1.1832056958085324,24.834139038922547,10.60603631484168,4.161922504122273
4730,1.185498902386121,27.308165992123197,10.683856632864648,1.4226102789429134
4733,1.1796987613820542,21.492810611328053,10.219319633177099,4.203335175832747
4734,1.1807635575415525,22.591610839626764,10.508734093630828,1.862071336686087
4735,1.1779483907997033,23.14818646481229,10.970653181175162,5.619115850459514
4736,1.174689612763677,23.898405458843804,11.669162864787953,1.4974257016823702
4737,1.180544538148591,24.420921247341077,10.38159889341574,4.110250044915996
4738,1.1798122602311987,23.33268771675167,10.33403854235866,1.9658744084236817
4739,1.1761461483836406,22.843017251759356,11.345837112329548,2.7077376947059433
4740,1.179331453553142,23.840992553280014,10.732216966680351,1.9958485945397455
4741,1.1729530108253976,23.773750679501276,11.094067543734573,1.4909215407986967
4742,1.172154164116379,23.286834602136732,10.3444037980123,1.9902905478864608
4743,1.1745783898263773,23.021867998191887,10.455143610687873,1.5956023602961567
4744,1.1747282204258687,22.06300253588941,10.985239124931635,1.161501875973256
4745,1.1699769257566535,23.88673324167874,10.821825370844383,7.31843348132284
4746,1.173039662416709,23.203098261524424,11.12988528123293,1.6623992283979345
4747,1.173839979240979,27.273200674460487,10.39676022082137,1.823685734373531
4748,1.170810386869447,23.375857090970747,11.55848241367633,1.8735933502861457
4749,1.170871679389194,22.455287459670405,10.91703118468591,1.6349411760935797
4750,1.1683901180709273,23.5232271376307,11.227948447260504,4.564481665514623
4751,1.1695490287811172,21.07551742604239,11.187124040712265,2.21431390617473
4752,1.170543827278861,22.73021013425859,10.325553262176783,1.1204051081324953
4753,1.1696491271390195,22.12935871555035,11.365087589756946,3.219571805836215
4754,1.1679431772626578,21.85260737999385,11.75890240840055,1.3315962114402584
4755,1.1731239222523935,22.533708173808268,11.176139685257741,1.2846318685817224
4756,1.1720562624442836,23.20593877331809,10.404592190217738,2.24369544912992
4757,1.1739465900367645,23.347959961320328,10.74240553069614,1.6920383802715853
4758,1.173829767861682,23.15833428541132,11.594501992444718,1.1991135376301176
4759,1.1703157139622091,20.979378781492414,11.971290112031673,1.232733387091155
4760,1.174542625020843,22.401725586468743,9.767046104663182,1.7779246969174713
4761,1.171183599402014,21.22696373959872,11.165407918415923,1.347858080681443
4762,1.177466974672124,20.699004803814837,10.71737470607357,1.502011000843027
4763,1.1828667119415206,27.901480789553162,11.535493649713219,1.367059562889363
4800,1.2037193828379822,21.037902292642535,9.122136395235225,3.803477864002957
4801,1.188769084652594,24.67387721858417,10.48178906114471,2.6013610700559346
4802,1.1899498409091775,24.936801160322627,10.934683003165485,1.2017790661762504
4803,1.1888114167098836,23.875386182891567,10.015077796021956,0.935814791729793
4804,1.18351251334164,26.56741596811865,10.77854608226275,4.881389761243736
4805,1.1903169301907273,23.273309454125254,9.559905865623241,1.4141884547921506
4806,1.185899436999571,25.214209994591712,10.274256101722557,1.07081606980351
4807,1.1860436427563894,24.343030476001726,10.280158068227015,1.5041574237604196
4808,1.187238748447884,24.404224417552783,9.773681694348438,2.157505470754538
4809,1.1787804308519574,27.177599031957993,11.010722164205182,0.8966963608910745
4810,1.1810683334226981,26.174900839267472,10.5798847357437,2.1035662235321464
4811,1.1797695902085972,26.52256635199518,10.915299188244758,0.9980629035291074
4812,1.1813474993491735,25.047203987122206,10.283099254565968,1.36673903928206
4813,1.178356065659502,25.755100706219814,10.822834520340795,1.0046124547858672
4814,1.1807067780875986,26.71827293290689,10.730304908699644,1.4262029592744843
4815,1.1798824237747345,29.235347128136468,10.298625310597663,1.2541251787437915
4816,1.1835202928982804,25.866073908420034,10.669527980764833,2.2377481823291365
4817,1.1794677872472097,25.816675316790818,10.520300909880657,8.324032124762054
4818,1.1808918006840037,24.34292595365019,10.431086641216588,1.191733729190529
4819,1.1821015699567456,24.72198282461713,10.676435647780947,1.5692122690525838
4820,1.1836199223035255,25.018550835034148,10.432611539897248,3.1716384642562154
4821,1.1815796381739905,23.82812511018554,10.2193326533614,2.2606036393962934
4822,1.185269169316772,25.347842542855044,10.316073775541023,1.0621003428629134
4823,1.183784334877342,24.727782187103045,10.929393574835496,1.100965734246561
4824,1.185015249654832,26.222362073864275,10.442031976455148,8.680480845415271
4825,1.1860305712834218,24.80224972842604,10.437363621347451,3.4170940051033507
4826,1.1864178276974395,24.911197510547826,10.56286300724601,0.782329925690505
4827,1.1871828136205305,25.283059039338617,10.118234378374254,1.575896987216315
4828,1.18691305841282,24.291854858037297,10.636821881370441,0.802474713467753
4829,1.1819574058226803,24.1696232177485,10.780259748591597,3.716132116800513
4830,1.1880683205567875,26.514443514423213,11.33169625863317,0.8307444063347769
4833,1.1814981303419603,20.93434258323115,10.254186229062316,4.368265847058775
4834,1.1821450920915595,22.254866714141333,10.735339186365621,1.2522961185509311
4835,1.179975342715974,22.831489827150886,11.020666925397919,6.009535643697048
4836,1.175942939056668,23.468795215157588,11.841690025856927,1.7720665131580706
4837,1.1830264840811442,23.58137205179307,10.671819054719787,5.437564663138943
4838,1.1831628141949837,22.709747479196196,9.913996870864214,1.6260725050230247
4839,1.1763504240235196,22.11848029004999,11.195969708224958,2.89487210760531
4840,1.1792237426316285,23.42291624058079,10.913893899462279,1.4444649286116593
4841,1.1729301594475772,23.31040665290105,11.214671402829211,1.3929065749005578
4842,1.1764401142863163,22.587957728622875,10.291422381626685,1.8424875132614345
4843,1.175841793243836,22.73531335978951,10.923573114983258,1.2392000750772094
4844,1.1776420271107797,21.841218899526122,10.527999542297733,0.8118940977405072
4845,1.171623820082648,23.19743623136413,10.72672483611405,6.3474903822393545
4846,1.171852228060558,22.938675260126118,11.285590153473512,1.7123458273695857
4847,1.1738575628362942,27.085278383661013,10.614954923196242,1.5955052872070223
4848,1.1717391186610615,23.09639488895793,11.130941793901648,1.6805208105758769
4849,1.1716778076321765,21.900544945048328,11.11910727169948,2.5357906120468354
4850,1.1696679522773792,23.186264967578893,11.368690335444006,4.73556532332718
4851,1.1707957108769131,20.4990250244991,11.210421856748274,1.9854045220817398
4852,1.1741650453228445,22.163147529966484,10.19059531835691,1.8017696432799202
4853,1.1709795442091362,21.534577351497433,11.623992313739258,2.405324998312873
4854,1.1703211417277148,21.472296567662504,11.509229978541295,0.9266265969701781
4855,1.174528527301013,22.04702643174522,10.959080091404209,1.072110275823976
4856,1.173546951261991,23.06325568729453,10.614997736239793,2.1235261138688686
4857,1.1730105975749485,22.918855033803524,10.727950231274756,1.5695024964721638
4858,1.1765120129097604,22.593808480868137,12.384678116332838,1.4423647903593682
4859,1.1732849407220816,20.764384317540088,11.785446462176674,1.2606809606553115
4860,1.1787181046024529,21.725493587594222,9.829103456011326,2.142263150770558
4861,1.174198499604796,20.72421770623134,11.030015627012022,1.6058004913505028
4862,1.1801573401412748,20.13276401419511,10.574618021409202,1.2424165817792057
4863,1.1875033013190341,26.723421659891134,11.425616349394558,1.8678261406145744
4900,1.2067801150933046,19.89669433059909,8.803461611671725,3.8560117829097305
4901,1.1879551041682088,23.997803552457697,10.729358671068603,3.859802067433736
4902,1.1896462963888446,24.252235096025935,11.118149663769023,1.535705446469405
4903,1.1908952599866494,22.878494943146304,10.393510021937878,1.3972800383038417
4904,1.185614054312862,25.92804114893577,11.026237717004014,3.996452157166246
4905,1.1923475069621765,22.66079026177357,9.786780372569142,1.4064381804210893
4906,1.1893445318618572,24.787977031468397,10.232612355193675,1.2713870343229678
4907,1.185027734316589,23.81524877505522,10.484512140072695,1.218251926263481
4908,1.1889721279322956,23.633445592984888,10.008048369209748,2.788006038376101
4909,1.1827028981898198,26.580754615714195,11.202411147449538,1.0107410264797534
4910,1.1814726574611394,25.390774856184255,10.924696166917235,1.5418475216023946
4911,1.1827146760060088,25.843838894335914,10.694561222595297,1.2854338256389295
4912,1.1816971007321502,24.41191264655104,10.364545164105177,1.486541272929414
4913,1.1786959252156632,25.211319347385693,11.113673470111443,1.212077173953188
4914,1.1785222628591374,26.206552573150688,10.882742210136383,1.8470905972851344
4915,1.1793041403957483,28.961834736591292,10.581560282705475,1.1497867444220522
4916,1.182545793060846,25.71664535806636,10.992983677942075,3.848196825558451
4917,1.180072691386071,25.566598022863335,10.27760941261833,7.529777097766691
4918,1.181269235079573,23.646509124410603,10.390424663329568,1.2505067559157896
4919,1.1851928712261712,23.96155445770861,10.654441469707065,2.8821215880421285
4920,1.184818110313299,24.244346814176538,10.40436037889919,3.0999523296953746
4921,1.1809659756843058,23.32769834800167,10.671023137806788,2.0910626811073785
4922,1.1849775478930253,24.835796565916503,10.481652674941794,1.282160453545165
4923,1.1842575302096552,24.34203510800754,10.938928115236314,1.0229050750557038
4924,1.1850488491946913,25.513603576354924,10.672648251794618,9.221570403369375
4925,1.1827846190693274,24.468335944474546,10.66168576088436,2.7499927869965055
4926,1.1844815188403608,24.06885993570874,10.885147807360124,1.2328686197672623
4927,1.1863238455424645,24.85288885735559,10.392228107976672,1.2272622595345524
4928,1.1851013025679695,23.699306604907314,11.169394267415415,1.374176257798278
4929,1.1836798688702685,23.721851554189104,10.759986618701154,4.401920049468756
4930,1.1861884943527523,26.1717416585569,11.445781085990612,1.2790807992107849
4933,1.1827976706401215,20.47843341561789,10.441625725712598,5.122324160201159
4934,1.183473155404759,21.427853001425696,10.933774066393145,1.4058597222804892
4935,1.1792487897207256,22.449472018953845,11.054034778291893,6.742674076493556
4936,1.1785013328734113,22.606968863605353,12.160466358362635,1.6267690593975885
4937,1.182304704253655,23.133173944488956,10.920815643954011,3.1436667097024866
4938,1.1839404104624123,22.360242157739737,10.011885117952398,1.8966636726107329
4939,1.177455769605106,21.52502407198834,11.241546204533558,2.990899897248572
4940,1.1806482369619198,23.017842776580064,10.61871396711092,1.3739131332643864
4941,1.175885812931998,22.456988446621818,11.506592194555905,1.836799058694537
4942,1.176532167278635,22.396506851196634,10.62292733844607,1.9683201670788515
4943,1.177206750112926,21.681078003607258,11.12905157013203,1.7164503419075634
4944,1.1770616871561086,21.015092990165133,11.08518744745225,1.5171134279722214
4945,1.1745874610351372,22.830015561977575,10.6259686816785,7.021040336804299
4946,1.174655421309559,22.219368375835472,11.331776708082577,1.9469459599186314
4947,1.1749713103608608,26.545462969463248,10.825482786779409,1.8562844031951409
4948,1.1738444872807514,22.392139661270676,11.36158557008872,1.639967862880482
4949,1.1723083601745758,21.301727093312046,11.63021831622263,2.0089121172431157
4950,1.1713407769063529,22.655798055936028,11.119472535879426,5.133385699162845
4951,1.1729044041499814,19.74414149995543,11.735641098547172,2.260373907147482
4952,1.173821737650362,21.683304561715964,10.484086900242794,1.4066948718045464
4953,1.1719358000528903,20.896576106200524,11.638145282317662,3.216820270487039
4954,1.1714367224986877,20.652139920157964,11.771744630724001,1.5649783942470814
4955,1.1764652738627317,21.46548927533108,11.087973332653327,1.4023790350297973
4956,1.1751605189357344,22.228796303313654,10.771207166729182,1.8423312569037622
4957,1.1755997776159492,22.165072955349608,10.734031553993043,1.7441356478419205
4958,1.1768829526048188,21.66193668550741,12.555145886995426,1.0927774003480222
4959,1.1741458389081483,19.877029055247952,11.948490949783052,1.3665173044758325
4960,1.1798431802221705,21.386619345360415,9.818870820230806,2.3864902480606145
4961,1.1759949780719994,19.872300832637297,10.838176124067413,1.510967677093781
4962,1.1805902567119255,18.986011433867873,10.805874607574717,1.2648517193414188
4963,1.187717989241517,25.71587899450827,11.501084012103265,1.2407261080493146
5000,1.1979556303978132,22.503955541083005,9.996334754667561,1.957244326394615
5001,1.1810899215138297,25.88729835910966,10.426344360200613,2.216862357760851
5002,1.181377006572007,25.734278760473956,11.022326582836994,1.4257406913402855
5003,1.1823194349280897,24.390571441210003,10.26464662785377,1.469066711509577
5004,1.177394908218593,27.156943480491258,10.744298568978675,2.551335076885042
5005,1.1840822698402378,24.051046523052406,9.518405534345556,1.6646780954395282
5006,1.1805124017795978,25.963927628752923,10.384957435684694,1.4171808309633211
5007,1.176274824330992,25.38504430731714,10.375653832633484,0.9342444921096094
5008,1.182804937253406,25.1913806451835,9.887304110694158,1.7152226300427582
5009,1.1731854510102742,28.083076221909508,11.352965121058277,0.9693453700866678
5010,1.17296144809449,26.82055544385203,10.821619533119113,1.7811097033549197
5011,1.173444303990082,27.30570348458775,10.613828886887312,1.2107268103975846
5012,1.1708589294914882,25.91058017642947,10.601008553868866,1.503449837102245
5013,1.1699569034618464,26.338662044958657,11.063012980371722,1.02014465079314
5014,1.1690285910759552,27.747228061579055,10.775268349493077,1.3857964135251366
5015,1.1709460937629381,30.193148905195336,10.455080810928006,1.0701503428805756
5016,1.1733641798790915,26.5703887881262,10.71458797000089,2.336048461509674
5017,1.168881402615411,26.69191610786109,10.768476249680923,6.0583021763537435
5018,1.1708869903377468,24.825823373814274,10.179785386482992,1.614484286814551
5019,1.1740228166959543,25.325284211510088,10.636410174981652,1.6756587490696113
5020,1.1747997941652886,25.396275834640786,10.371709759128132,1.9916526412008682
5021,1.1698767698863286,24.83455606216605,10.420933647634374,2.273422827240581
5022,1.1751689237152034,25.89301716636383,10.218861723191203,1.4599278476093982
5023,1.17234032133329,24.995694615752573,11.063520210285539,1.4803958725664619
5024,1.1753756525050716,26.544346039820297,10.543989280187654,5.326475300952736
5025,1.1725968140001506,25.65908148431125,10.832117151508415,2.9618602227343365
5026,1.1735400406309557,25.382371544669482,11.133747593337894,1.1866461206732093
5027,1.176412991088983,25.89973563688478,10.439585269658785,1.1253443759904656
5028,1.1764719350760842,24.643772765179786,10.829929353657539,1.386945148975274
5029,1.1731457440928315,24.647556836958064,10.793198665166623,3.0658574287438345
5030,1.1766396842781852,27.372914456903704,11.164369499688894,1.2923059206287282
5033,1.1710092466906514,21.62349032067928,10.433924751689428,3.3714253637549843
5034,1.1729745386892134,22.816933669439717,10.762098458534009,1.6660244321637052
5035,1.1710397222257576,23.329273338661647,10.878431266350342,4.674447593874534
5036,1.166699388961292,23.840091460368463,11.870265684146016,1.6145192266203414
5037,1.1727861846312377,24.3811636189903,10.438338113706608,2.9292906276636637
5038,1.1747231022254994,23.190176885067064,10.154648133920292,1.604796811077038
5039,1.1687289613066911,23.053139653783887,10.713658201816223,1.813403194560594
5040,1.1706416803026798,24.20705424490476,10.709600770703465,1.9984174982176925
5041,1.1657636864333587,24.21011153818433,11.255996250981802,1.4507731362567202
5042,1.1669431820465592,23.302200945246376,10.737556007618073,1.3203131974253153
5043,1.1689051314179237,23.36354670995247,10.682010888709371,1.0564858566994233
5044,1.1673331939373852,22.660543990295555,11.153807428809843,1.0310835875516573
5045,1.1630079770813144,24.17192013342678,10.873224337532434,6.315561208065343
5046,1.164738450422684,23.50041791158925,11.013614856099503,1.859606546898705
5047,1.166156634723703,27.80836802516297,10.554766006961673,1.127034683567555
5048,1.1636128147682594,23.733799530809524,11.466241497600507,1.7364500046260531
5049,1.165113719755367,22.754017587446803,11.214784281249532,1.8241643437247612
5050,1.1632871917126564,23.989377917275846,11.177467807532349,4.569503950326676
5051,1.1640571910943118,21.099771728662244,11.327409696224459,1.7269075529985292
5052,1.1651933558741874,23.171283920000132,10.48999395276631,1.4417982942514673
5053,1.1644772089593498,22.44516673087081,11.844782027570115,1.354220496412684
5054,1.1611245691599537,22.458478734868297,11.735206800432378,1.6492232840660201
5055,1.1673139249492515,22.839250902454975,11.546418520363096,1.2340945161531824
5056,1.1651574572229064,23.453191551339113,10.714985835122253,2.1234132949146374
5057,1.1673693904106381,23.97724385129318,10.507883088771385,1.7768888976016695
5058,1.166734539129375,23.569940122879064,12.313911144037373,1.5061367391513667
5059,1.1634724207199085,21.58753127006468,12.419791787430812,0.8450206922965475
5060,1.1701775449647496,22.87855834059473,9.876211240141558,1.6055268824512208
5061,1.1666877286768655,22.0629113478519,11.268424970799336,1.724908235351945
5062,1.1704888325486056,21.979901369517965,10.616512694287383,1.1711135337722318
5063,1.179680343266656,27.799888318304497,12.096474308935418,1.5247194932292283
5100,1.2086485154442357,20.454881908521934,9.25597954653629,3.3808519761591653
5101,1.1911724442942453,24.435711361031245,10.62441397099821,2.6118748709377684
5102,1.1935901757338225,25.236008216156915,11.204949261870516,1.3178464386922704
5103,1.1949417587085787,23.654732067635685,10.160129987239609,1.2721850947032332
5104,1.1881215422496418,26.350110444849562,11.073557347894555,5.350375168999995
5105,1.1951033246576497,22.99231938690106,10.026008635406665,1.2695684481251688
5106,1.1921219769448699,25.24460252408591,10.274607159206887,1.3257734960594871
5107,1.1879646224254754,24.560190443824247,10.820729891352917,1.1554043254781503
5108,1.1918225469284176,24.183495181546114,10.055450464276396,1.7764439219368036
5109,1.1841721810020172,27.252064653313052,11.156400053100429,1.3681189050769622
5110,1.1827757028416488,25.78916103442817,10.991204548911993,2.2161594999165803
5111,1.181766882016625,26.281492081449073,10.67061955897421,1.0594746839082867
5112,1.180526413487638,25.180953170325022,10.559014632057876,1.2768313378936347
5113,1.1787844857141883,25.38163025478382,11.704076715535393,1.2103626477865441
5114,1.1782276960134728,26.673876745886723,11.115478158196764,1.7821508635920202
5115,1.1803670024257,29.07727079579219,10.758074731646463,1.174220266007651
5116,1.1821848599735985,25.77868261783494,11.07649700847787,2.803779529358403
5117,1.1779998060322912,25.82722025549832,10.905877848390713,9.388088794739847
5118,1.1814879015094453,24.28663001828675,10.14677939528965,0.8527259005284055
5119,1.1816185493442883,24.648822149458297,10.700555994623008,3.6926994985852617
5120,1.1822513938886654,24.4365413488804,10.76226310001253,2.4134604244209505
5121,1.179977020441537,23.68130612362828,11.188882524364772,1.8530226072001017
5122,1.1849268261707966,25.072831053430836,10.715880080432054,1.3089166945037352
5123,1.181553071301155,24.19252961504708,11.398094626279025,1.0361552114513095
5124,1.181493347566259,25.83345041072827,11.092422646692023,9.222606657421059
5125,1.181171525917372,24.862529308549046,10.81016614586775,3.3255793323682923
5126,1.1828798502622233,24.84074853750807,11.29115421318967,1.1436338055375308
5127,1.183605299447668,25.024983095016943,10.930347032067452,1.0434379021909401
5128,1.1824666250335405,24.22221241703179,10.946242786963055,1.2562194073899082
5129,1.1811000357012575,24.462720977871054,10.514936652384065,4.36043237240686
5130,1.1863512881727298,26.71450052671901,11.297665733085914,1.3817254474531104
5133,1.180179435642795,21.021601638138165,10.970132248190298,5.366270478186208
5134,1.1821487098373615,21.778257018620828,10.916543978516893,2.218266735117088
5135,1.1796736177157299,22.682552106177962,11.215009737468746,4.90370438186212
5136,1.1752685498341764,23.176669664348804,12.113530154236802,1.1875506605083546
5137,1.1813514438945647,23.80771928968998,10.813715167809086,3.9330685839855
5138,1.18370218108844,22.287833278307385,10.298721997334205,1.7891452499169673
5139,1.1758956415594732,22.150708585311513,11.501482174863884,3.7423202810406346
5140,1.1791727030714427,23.120773732610623,11.111045333539105,1.3718327697528487
5141,1.1748486842311276,23.131143915487392,11.535079334726879,0.7729259926308885
5142,1.1762960125110842,22.480032422850517,10.09051303331176,1.9193435367354894
5143,1.1780469601644263,22.182151556056304,11.005525315262531,1.528652135159648
5144,1.177713558613004,21.297883988564784,11.292430111080723,0.9892460374586727
5145,1.1738409568202173,23.58314399230261,11.377748254071191,6.048564493841458
5146,1.174362748904546,22.975535473613814,11.275134261403512,1.6292199820568203
5147,1.1762562300732011,27.008474060076132,10.226828036732838,2.010118183278823
5148,1.1736489861695054,22.825023673186358,11.778796107226722,1.5322687346393773
5149,1.1741253609485545,21.770431411310355,11.642412000336611,1.9390259829346186
5150,1.1725517429537151,23.041368586377313,11.487926891549389,5.846812628440876
5151,1.1728005998536275,20.257107502497202,11.493773484644265,1.6630748694091417
5152,1.173345368661248,22.48618995912116,10.479256250038132,1.3115917183571426
5153,1.1740927947040622,21.39714263559324,11.708508263801486,3.037185466100793
5154,1.1715240675576049,21.179123317387138,11.94407156969052,0.9005036042972575
5155,1.1776086875946021,21.891387767085448,11.257097122137454,1.3932014243096469
5156,1.1772044746728485,22.69219755773506,10.886436601362806,1.6916828270931998
5157,1.179038559462318,22.988718807955095,10.825511325890403,1.8373615234469822
5158,1.1780753831357107,22.404917722796526,12.248827823518031,1.3017831541689537
5159,1.1746067340353146,20.528621440430395,11.969744974387705,1.3184461326765027
5160,1.1800277443992409,21.491444706309824,10.081990135214866,1.229371193229983
5161,1.1754770189477115,20.32946155578179,11.28378282194298,1.853687846880952
5162,1.1795430287798976,20.018257880588415,10.744071261402112,1.4100056419220484
5163,1.1868982017503777,25.490737559498125,11.719226501938245,2.0837819790716656
5200,1.2051403226287334,20.735867501898184,9.30642699967453,2.2842296891631424
5201,1.1885577754360945,24.0030892623705,10.339761779290715,1.885324422388982
5202,1.1889246580619277,24.542742845439665,10.734200306867214,1.325026576222985
5203,1.1892448124009094,23.166527802585207,10.024532531089381,1.5743577521521015
5204,1.18237674480225,25.705857609017333,11.145736981407216,3.8562267656302107
5205,1.1900319941781774,22.63522007674012,9.524520366342795,1.5848569599358255
5206,1.1884415317018533,24.736716557183456,9.67051737198647,1.4929994731956244
5207,1.1837213908159494,23.854305886636382,10.489625531426663,1.3472128282108327
5208,1.186910130034584,23.72694143698295,10.279938093029994,1.6567421290942406
5209,1.1783721141412493,26.432000473310495,11.221522907588758,1.1260764047630443
5210,1.1788034791721078,25.57447082155991,10.722680268499774,1.9774976586729927
5211,1.1778049380088091,25.507579721625902,10.515159896225823,1.0551570443959244
5212,1.1790611524912642,24.020006915687436,10.178712487097924,1.1508676972534309
5213,1.174288695714802,25.066543411141648,11.182315042888492,0.9831249276931532
5214,1.172265344084429,25.8144801243267,11.297098916757763,2.3106451326550865
5215,1.1730842076592305,28.49921969829874,10.341658834716114,1.2030066837522781
5216,1.1783216015201199,25.058401291875665,10.755193506195987,2.3159156602162843
5217,1.174464891709331,25.099697461508615,10.648473064958903,7.856259457788246
5218,1.174775344778351,23.26842530669845,10.270350985534478,1.040153374870704
5219,1.1754480773293998,23.49093430765313,10.875389282200334,1.1822582208519206
5220,1.1766731041255647,24.364847662560745,10.509237167923645,2.013927325991636
5221,1.1745682474569983,22.964773592446317,10.678313732591922,2.349621195657146
5222,1.1790670773502203,24.75541562558383,10.279745851891995,1.1981727531804844
5223,1.1768746425763785,23.92626974264045,10.482977305556142,1.0478059611883603
5224,1.1772522624401054,25.011443883773875,10.852391293810378,8.298247919534797
5225,1.1791179693280407,24.04589300323486,10.909196333918507,2.3478308481490506
5226,1.1778655996769856,23.591623482133045,10.992767522974153,1.2638976048844675
5227,1.17844470410127,24.45252083215551,10.553030693174076,0.992786597172379
5228,1.1806812663885988,23.28144129315889,10.406051535084696,1.2620327071489712
5229,1.1743062208693127,23.550713840061636,10.724556242758162,4.457378821634547
5230,1.1791834321975745,25.661441812891184,11.168876761157032,1.1510545345699816
5233,1.1743220365963851,19.983957239202823,10.580306995067914,3.4982379906009697
5234,1.1762512420588411,21.269900860755257,10.63172553160938,1.8320483504171012
5235,1.1751317810300763,22.037456537740734,10.978938574257576,3.1163103964796997
5236,1.1701443987988371,22.469768378789503,11.879987848952844,1.591243306342239
5237,1.1760495258300938,22.98667982472077,10.823210542366558,3.559917944375532
5238,1.1771282578155409,22.012667098038744,10.065315123756024,2.000724125794871
5239,1.1716142314251503,21.442003386530555,10.588939742608662,2.1787959577519627
5240,1.1757607341706626,22.48880592281148,10.791432325640914,1.5163742887332357
5241,1.1696289849702017,22.745462821069722,11.283163746240486,0.9668672690460894
5242,1.172792863230657,21.817399048720908,10.245064564461739,1.8140848471532465
5243,1.1732298004849413,21.896399246814923,10.724716892524912,1.14769254065299
5244,1.173302079810057,20.804658246344097,10.882146939883885,1.1181528854105358
5245,1.1689180629553502,22.637262542739812,10.709140267700194,6.563620529465448
5246,1.1705807318098829,22.04297439877822,11.269627183705836,1.438587867550825
5247,1.1719038088166882,26.19287476182957,10.5769247033125,1.3577970850001049
5248,1.1693312511615268,22.139528910228044,11.295123244658615,2.4351634824163346
5249,1.1717600510057387,21.02563314395738,11.279525819921673,1.8687708838883121
5250,1.166385870415646,22.50608245980831,11.308824728866767,6.402913680179313
5251,1.1699117610459842,19.822829345734167,11.174351168549737,1.5105965321850894
5252,1.1705725574272956,21.82717433334927,10.113351653974696,1.3815178870169067
5253,1.1691738339197362,20.704241520302162,12.096519930123607,3.1200644829210487
5254,1.1687211392100179,21.025016984788433,11.582888390943122,1.31159585165085
5255,1.173600154143968,21.378823826117202,11.020098848071482,1.3189989851585486
5256,1.1728137746094556,22.220502637223245,10.39694103158956,1.763727028952757
5257,1.1728208585156583,22.41672607534535,10.86286717606251,1.9583209763285092
5258,1.1734729433042337,21.71016580653104,12.294457781708333,2.5069342038579623
5259,1.1727245558035142,19.913921509849033,12.093991506456913,1.3007828185743269
5260,1.1747909404399495,21.312239514707368,9.816677124079524,1.7933641133564269
5261,1.1686842396156827,20.22110851351779,11.31723295576755,1.3476381614862636
5262,1.17558251557147,19.970884112974836,10.784904058124008,1.4453908257696915
5263,1.1871602158259296,25.557882135339717,11.888906834702956,2.3269292451058643
5300,1.2078454163714887,21.545602804758158,9.376021115799979,2.6281904368777087
5301,1.1893765518047361,24.966534450638253,10.352546617587382,1.6587527963546242
5302,1.1886821002518164,25.0813772550398,10.8222512903315,1.1679058354039467
5303,1.1892129684733097,23.96069566824778,10.10659995513352,1.4581824836035555
5304,1.1848869531426722,26.547977554366636,10.482601726277075,2.888782414750097
5305,1.1908747635927563,23.45862776896017,9.491932317720877,1.2575026753943235
5306,1.1875020352991261,25.329243234136218,10.196191340366592,1.2204913372798318
5307,1.1835793562756258,24.784534724684697,10.430985526379798,1.2195875331140293
5308,1.188274166024,24.65399212013218,9.840176318122342,2.1736097723153147
5309,1.1784076691313368,27.424362593698156,11.032867345906034,1.0865814810007497
5310,1.1774001514852497,26.028954491546923,10.951954199434496,1.9525176760467788
5311,1.1765293880814567,26.81673764922009,10.637225430460097,1.3880542605292778
5312,1.1772602558100627,25.22158111999226,10.500920186149502,0.9407555985747605
5313,1.1748167323524037,25.769503641646313,11.278702155396003,0.9114069092120228
5314,1.1718992223158842,26.901750185552746,10.727649184734364,1.3031913622804405
5315,1.174949926418787,29.545684880912955,10.334924165900828,1.4469200405012643
5316,1.1780347978977312,25.969108949965616,10.532003661982975,2.0891594601293995
5317,1.1733036020493575,26.101317758852513,10.07915607984615,7.797933844754021
5318,1.1743399190825645,24.303010812704663,10.158639254620029,1.1122857370463872
5319,1.173968124119912,24.71415540021656,10.868354392514838,1.5079958977291419
5320,1.1762083753817751,24.67707842293615,10.467181464600884,1.5183605354186456
5321,1.1729121116385424,23.981675807364162,10.433862092939533,1.9180778908118266
5322,1.178097136497958,25.554115114684574,10.31069741694657,1.0895808687857036
5323,1.1754906608023814,24.648534001722833,10.852818414661565,1.091880132090046
5324,1.1762716679478857,26.00493298980678,10.597268990874108,7.756715566588652
5325,1.1738687202716043,24.818026803140086,10.980620412328335,3.3009805298461887
5326,1.1766850963305862,24.358487990883717,10.665866212463547,1.114026706167322
5327,1.1769882546445722,25.300711687821767,10.621085647422973,1.0734498538656017
5328,1.1769866051054312,24.30162993090244,10.50810165672244,1.330187529576007
5329,1.1748372532979894,24.113720826639494,10.770307806718527,2.7711355833306843
5330,1.1800753784098035,26.734575273379416,11.212663941067264,1.2759045740306654
5333,1.175488498038094,20.812382130120458,10.23644013797097,4.308511783590392
5334,1.1740684584217136,22.286468192837884,10.824951620971143,1.611985771934655
5335,1.1731077661980145,22.511315123815375,10.637668932637892,4.81370069343228
5336,1.1697838680279662,23.427734903924804,11.822593404440097,1.728474823669006
5337,1.1777827729925416,23.563981054671117,10.657551668856057,4.073365000769437
5338,1.1762989597981082,22.755419347004004,9.825324350898597,1.5666093164163064
5339,1.1717324343052844,22.208414735195273,11.209749883283319,2.5960407376245054
5340,1.1747912608753641,23.683113940659382,11.03061322836311,1.9725823932602424
5341,1.1679397944048437,23.511200594368365,10.946080237399347,1.1286036621065656
5342,1.1719682202918595,22.79626677117269,10.10868072819897,1.6737755134129715
5343,1.1719935178804737,22.662177147010777,10.132233158904096,1.224321682578898
5344,1.1732810012704717,21.63578167804686,10.991053240472256,1.2724891743424696
5345,1.1680977032138453,23.443738339543827,10.650888931389956,5.625592067462586
5346,1.1713380457399414,22.626948135143348,11.192423974085312,1.379788060474937
5347,1.1721339542407774,27.30858688541067,10.386671215986958,1.5002282530334021
5348,1.170061329030535,23.0594127557595,11.145435792581898,1.8167483248995495
5349,1.1693973136949483,22.145817623180925,11.409100359531179,1.176844526784729
5350,1.1694508401518438,23.212801481972843,10.969462294393226,5.1846157399192325
5351,1.168330063750917,20.75206255224109,11.337665028895518,2.0283696473329993
5352,1.1714320152440028,22.387987841008325,10.431751236557178,1.4390999333692336
5353,1.1693633595844983,21.617663008026955,11.579011879396894,2.9209957243510094
5354,1.1678174383109172,21.514482109989515,11.569084989599371,1.1107975108301373
5355,1.1745732350284892,22.234850109871168,10.984006613599986,1.6864353878895502
5356,1.1711477473253362,23.064517768080083,10.626740902927992,2.2623677889114475
5357,1.173080243126804,23.170161558432156,10.466488649840452,2.282481311711204
5358,1.1721232280449423,23.122551531727847,12.102174180239144,1.2043970736866814
5359,1.170445368335836,20.952263082257627,11.598384473898014,0.9962383739153603
5360,1.174343539641122,22.138651504515565,9.816027107928974,1.9127173423916044
5361,1.169510118059613,21.301336361082353,11.158145700384567,1.4976407906016416
5362,1.1732312679456116,20.928674781441963,11.103870014434458,1.2353517288347056
5363,1.1847538032468041,26.13637405309172,11.11423945655797,1.5644184690509662
5400,1.2070004745288243,21.570109210637856,9.711200428681567,2.3265320560705742
5401,1.1860860349620095,24.637405973476593,10.837325988238808,2.273280243555722
5402,1.1844979803241171,25.119220893841018,11.223830670608628,1.5694182009235487
5403,1.1848398227140675,23.92698567210146,10.467901928454973,1.7602059515927626
5404,1.1809154079543354,26.545748790333352,10.754647852386666,3.3538741152004365
5405,1.1867393257353323,23.455151629987903,9.837661860250149,1.7904895235566696
5406,1.1831760367041526,25.255000188159123,10.302448159660326,0.9905639873803627
5407,1.1791493795065864,24.458746769190135,10.625003794884659,1.2000327096824925
5408,1.18413358954471,24.578287366726343,9.559102737978783,1.7498140734924486
5409,1.175615693912412,26.993255599233198,11.197405716061706,1.2768180840465477
5410,1.1761162204718638,25.97790486852448,10.611546219299493,1.1228691699388642
5411,1.1735584440511662,26.293991570221987,11.161668580164767,1.0845484610681242
5412,1.1717243415132745,24.527276830317565,10.87723917853265,0.996249550312062
5413,1.1694300031386984,25.629055802079904,11.249706496880204,1.0033382009680427
5414,1.1700681275523495,26.626506124317807,11.121036481747291,1.3789423914746664
5415,1.1702476488214455,28.97079910919258,10.447298456781049,0.9363941154571628
5416,1.1728880770114352,25.92281161094398,10.693402852227157,1.9401774181081284
5417,1.1704086813574714,25.8161371871072,10.845476593575578,5.736020354241014
5418,1.1699179319832151,24.098557178336613,10.40117861312029,0.9294119387527406
5419,1.1697200168626274,24.5632721388457,11.131639628668411,1.4936443153342291
5420,1.171937426599315,24.808604071681792,10.308345326621208,1.6553580112621404
5421,1.1675046952233064,23.653156674585414,10.735009565608273,0.9146412697496586
5422,1.1716294793340165,25.3190374885058,10.524927357778555,1.1401190610636625
5423,1.1697192469459,24.20300583488541,11.246253084606055,1.035687460136542
5424,1.1708604208265438,25.56702793706338,10.631604384262225,9.247788145635358
5425,1.1702373302026656,24.88485037602828,11.167651568684665,2.4967589951107025
5426,1.1714272595910036,24.343306876522366,10.978315328346003,1.0738333569713732
5427,1.172065264263768,24.974922851513316,10.546158065735936,1.0660525973096573
5428,1.1701675226116848,23.942636467640973,11.001645427537788,1.002793228052709
5429,1.1704231104822553,24.008243733729383,11.035144031353068,2.8713670578065127
5430,1.1724432916467094,26.784591572165002,10.909657254667916,1.1772781142242565
5433,1.1696320588007725,20.648735016754205,10.25701586014204,3.8907133341394045
5434,1.1699300521508393,22.082215392827898,10.570821329801904,1.2316065768027806
5435,1.1673118119611088,22.73185234143159,10.937597504231027,3.2293677587121943
5436,1.1623593930343499,23.246018224761755,12.226929212201048,0.973937859717225
5437,1.171137597570719,23.359965131469664,10.913825441445836,2.349943081139587
5438,1.1725204184954958,22.48917892881686,10.017179045108367,1.19331362563121
5439,1.1675055472928397,21.890905773560064,11.436634960933718,2.1014017154764626
5440,1.1687455990863425,23.338993463508583,10.959930433600732,1.4729161848839893
5441,1.1649399513217318,23.435038932662163,11.557115234381918,0.8353720261229242
5442,1.1663561673675928,22.644519344735556,10.663443258171155,1.1898801746590648
5443,1.1656027020893411,22.773315328638667,10.700978057459261,1.4529830056214457
5444,1.167303571537708,21.67020917695452,11.176326183164942,1.1669467053043268
5445,1.1641464902614118,22.971518075201782,10.945596175508994,4.174042925141552
5446,1.1658798394893333,23.137598357267038,11.419029181222943,1.699548347162036
5447,1.1655671490084003,27.12504670382126,10.840399653870417,1.228421492900489
5448,1.1653213165865877,23.27685771512849,11.374271902209317,1.4490408665564474
5449,1.1671957624664437,21.533475878195343,11.442491028832873,1.5304681749642268
5450,1.1657852009778606,23.565952364520577,11.13829862799299,4.29820420153199
5451,1.1646531395057718,20.588429969519318,11.522410659245732,1.390993516863814
5452,1.1671973023170248,22.428785630919016,10.454289992158953,1.5391069256640064
5453,1.1665188935698936,21.28560462344476,11.877447833578444,2.4465352230416832
5454,1.1645992343650327,21.410746363461765,11.533148583160747,0.9501748343182636
5455,1.1694208677925548,22.01864294059436,11.232828303905512,1.2287186065489817
5456,1.1668976390493517,23.044194401244898,10.61238282425836,1.698168495216659
5457,1.1678810667880373,23.107150018104615,10.628727120528968,2.019187643394072
5458,1.1662480239016138,22.91735376433118,12.691120007363562,1.8400630060416052
5459,1.165687169746145,20.61925629893114,11.825169748589078,0.8712765901514784
5460,1.1686558416526043,22.373643598977257,10.222528797438661,1.4677840787006513
5461,1.1651429411790366,21.179172602454088,11.565499251158485,1.3797043108198608
5462,1.1693532832205868,20.89580858474489,11.01108005406774,1.3638685028452082
5463,1.1806994650296179,26.297957413505756,11.383956784443079,1.4677365635796307
5500,1.209274787790634,22.21643323086478,9.715419529359469,4.171010855695734
5501,1.1916595063169142,25.45760661890212,10.409682366162498,3.035923947200417
5502,1.18894047757388,26.1073409445995,11.170225541318475,1.9037453074642088
5503,1.1912121585024138,25.11078960322591,10.062649044529104,1.6470590674358436
5504,1.1880925774680842,27.89328992071474,10.683833542090387,3.815896112130672
5505,1.195337727035452,24.423044692134546,9.351728922303483,1.0435358889942126
5506,1.191859408649715,26.390778787221922,10.592920108076365,1.4287801764482015
5507,1.1867319607747833,25.785838340173495,10.450608881227712,1.0843178368133009
5508,1.1906988543874526,25.580336057936933,10.081202171055871,1.903816383769357
5509,1.1815893744429737,28.394316556390468,11.388866519986031,1.1403122317288121
5510,1.182411396965331,27.078394404402797,10.720711027020965,1.5734212751576298
5511,1.1816379629348577,27.553618859055007,10.81985968077467,1.3533566835342228
5512,1.178860037969587,26.293363877730016,10.610587442690111,1.2370600555489302
5513,1.177931374566523,26.640365671641412,10.8228345533263,1.0450272822355664
5514,1.1750322714513308,27.73187916806946,10.776017045104762,1.0989388131779776
5515,1.174749801322769,30.548056444409962,10.594495909900147,0.9206934134194532
5516,1.1800427061801795,26.883414364435783,10.531439927510682,1.5824879381024044
5517,1.176817632200629,27.219658542658827,10.433325002774577,6.887962714042079
5518,1.1749142513836366,25.57779363696008,10.327979168680884,1.3259788694129444
5519,1.175628771869273,25.711625088696415,10.857359249430704,1.3109966861946287
5520,1.1749778827501576,25.950018552572818,10.576903699885504,2.0882068174601174
5521,1.1729208269356581,24.829144242066654,10.857211222803189,1.3527653776256185
5522,1.1777356654170972,26.400065125362094,10.315751775939061,1.412046837235665
5523,1.1770660842745664,25.570396245943968,10.854022250720709,0.8099573867481284
5524,1.177014804804652,26.959708984595004,10.767432576252725,7.990457634864175
5525,1.1745888129793465,25.686264392508182,11.287884729858275,2.147073193156066
5526,1.1762276914738108,25.69405940787847,11.026999016161826,0.8606151106159073
5527,1.1779642669967978,26.09630484812487,10.443194222573108,1.208822993010398
5528,1.177122587995613,25.028307396143717,11.138361647407887,1.054077773718419
5529,1.174001760465083,25.36441491598526,10.32540599186949,4.5383505711433685
5530,1.1791274022444824,27.733717271703814,11.339622402686874,1.0574070512305784
5533,1.1762207444806019,21.661999514364645,10.791515222384364,4.32246418902729
5534,1.1745504145014127,23.222652708940867,10.7844491659952,1.4729051942467961
5535,1.1717328748765365,23.843849975596388,11.037481103554278,5.380798753241369
5536,1.1684151789892079,24.279052936721364,12.07317352671883,1.1987270894365352
5537,1.1776588960827932,24.62256239157175,10.815468157386617,3.484824088037685
5538,1.1776570444956838,23.643323260354574,9.9639532279762,2.203035473340701
5539,1.173347009963781,23.05619979079952,11.854835203870064,2.8750880328494945
5540,1.1753937695117467,24.468316612703575,10.981052230178511,1.7322337821433165
5541,1.1711250648572422,24.31167759099733,11.772244889477324,1.8523209250617962
5542,1.174591074825784,23.870789931970158,10.280469103546316,1.4014715259001413
5543,1.173242136100325,23.786027168935984,10.805781933896576,1.5523706772616856
5544,1.1734271626965178,22.76842217372527,11.281043727599863,1.288845308209367
5545,1.1708259587785348,24.425398148670922,10.724392804603156,4.700534136759331
5546,1.1712659283527238,24.003718644244962,11.742340779705806,1.6719888685011806
5547,1.1725658433966717,28.113346389076526,10.955400799767029,1.4596584588016546
5548,1.1719518167314809,24.457691928297173,11.059427928103645,2.060668010675102
5549,1.172637580843129,23.073097469929028,11.33233748319441,1.496878052855136
5550,1.171216085600002,24.821440094294097,11.317976954527891,4.38351275738449
5551,1.171856886276853,21.878465361291806,11.33125827757905,1.3760482996620644
5552,1.1733497125332704,23.551278518057398,10.567549125286517,1.3923712171180602
5553,1.1737574196803189,22.569405809920877,11.817297771690544,2.974036713210602
5554,1.170449003517618,22.50123775021902,11.54944693475169,1.1950712060660533
5555,1.1778054542001115,23.019932263921696,10.662472041877333,1.5295940848193603
5556,1.1750359830867732,24.099243922087236,10.813060582626322,2.792399320249217
5557,1.1746433535098577,24.403418258348754,10.89286317910783,1.8424582539556495
5558,1.1739256519595587,23.969957851410403,12.102704140731863,1.4514765610388403
5559,1.1708580575031473,21.772634426914802,11.982057455958575,1.163475895374771
5560,1.1760467523387101,23.30670268976182,9.817299381518291,1.7665513597859226
5561,1.1701961643086305,21.99123971292764,11.285137479960186,1.5423806600842573
5562,1.1756040863170154,21.464826379945304,10.590934879860013,1.4720161271163608
5563,1.1855246896451872,26.456387787437084,11.379371137340135,1.9628749426769012
5600,1.2164398755227337,20.512857423652488,10.276295689625062,2.746738311169301
5601,1.1929939253065145,24.909559165776802,10.50587693608691,2.9107428712163417
5602,1.1926561172801,25.045310903657317,10.913457802620218,1.521175125726222
5603,1.1949715857957746,24.271647420242854,10.369885053603172,2.1547431430399975
5604,1.1916414480005808,26.667166289021704,10.671481565456311,3.8082158984085925
5605,1.1980878427168498,23.747268389461954,9.812874563179662,1.4590760895092347
5606,1.192873602301978,25.641986039706623,10.480352161943555,1.8542381660320382
5607,1.1912676445751755,24.78644752228491,10.477461266361841,1.3004802548196466
5608,1.1938762138688146,24.889974786533518,10.215374597916027,2.1092429368626986
5609,1.1865822180177505,27.310188751269948,10.948904729279532,1.2944384535788334
5610,1.185909912880461,26.286377169649022,10.821508038664245,1.2695765785996393
5611,1.1842906778529017,26.917672929148246,10.951965510172252,1.2146325072314434
5612,1.1834838883470233,25.08389789526645,10.384644897464725,1.330251624417059
5613,1.1785194103875407,25.93128128808323,10.83595970370646,0.9032636045844916
5614,1.1803822048423354,26.821615380388685,10.529826599170283,1.7759841948775381
5615,1.179080463533423,29.369116930806314,10.257550989550356,1.5045338917392177
5616,1.183546900753664,26.36578883859802,10.468090642858845,2.5939298101840373
5617,1.1781273693777248,26.464922129544373,10.84217465386925,7.030013347227008
5618,1.1795322444824465,24.227399105013838,10.276976644345021,1.605108556897918
5619,1.1804666639497974,24.69856897397005,10.687362713869607,2.2839774529640886
5620,1.1803565815853387,25.00106259104905,10.486033988354722,1.6884551229714668
5621,1.1793486821808945,24.01876500736116,10.762097969180552,2.4482956912728
5622,1.1821777559190627,25.670601152559037,10.505845554218391,0.9030205630833797
5623,1.1798851425514005,25.059277514447057,10.693769845641947,0.9837291304847797
5624,1.1786813836312522,25.940003632017884,10.789632498275505,7.672238061970468
5625,1.179477022150515,24.9951617085837,11.14359860808099,2.8108771275246522
5626,1.1796529151233874,24.547666940825543,11.05650108102762,1.1773204847463608
5627,1.1796210555044522,25.499216072991803,10.71666090695863,1.3874688652085763
5628,1.1800930505590645,24.27225047350808,10.849279821791113,1.4483396840162976
5629,1.176352026459973,24.26288603067441,10.67310489808865,4.00441153503625
5630,1.1815954482175373,26.839799449261033,11.0375361561827,1.5508577854523802
5633,1.177907858997982,21.140432827282282,10.238255008195628,4.153069987995617
5634,1.1780967539340728,22.187682469556393,10.837574110383992,1.8675054368204655
5635,1.175581060029579,23.239255690552312,11.112602167501656,4.4279814123307615
5636,1.1745416853839457,23.69570135522085,12.083953772946984,1.3388524459666378
5637,1.1807897750698166,23.75189800447469,10.483539726082906,3.0311638723538197
5638,1.1800906604463022,22.703744932643808,10.15412936658155,2.1933418068746184
5639,1.1766631984917468,22.326848337454148,11.136111725804362,4.205723693299998
5640,1.1810435379818391,23.588539249974836,10.879565021397584,2.0314389420967034
5641,1.1748439747833757,23.732852623931137,10.9898578272955,1.4121256391999917
5642,1.1775445408166332,22.767223399374416,10.07730186728612,1.509835711912695
5643,1.1783435503519921,22.87530395602406,10.581241127001825,1.6192403404583262
5644,1.1799428656598385,21.885533200009526,10.730543611949988,1.4290580308041723
5645,1.175180928457721,23.752672397020554,10.554613485118862,6.410672517800188
5646,1.174948008437047,23.1384752909356,11.184714220831752,1.4810885227343693
5647,1.1759181847086233,27.36483322163743,10.422925498350882,1.2169323561284142
5648,1.1754227713983976,23.425558311503423,11.236153383774091,1.9453822206722462
5649,1.177339504542737,22.052228716221457,10.833328890258597,2.0260625613242773
5650,1.1789462628581173,23.443533414392633,10.888954061970665,5.245818921446742
5651,1.1759875702526768,20.834998235913133,11.439360218206067,1.3717156345192816
5652,1.1786992369884326,22.66566041916561,10.544056618539852,1.5583115861629302
5653,1.176163341336295,21.672313993652732,11.482938623053101,2.380522693840509
5654,1.1754500293688523,21.57623493274665,11.853818265113452,1.1251490649518294
5655,1.1815578041689148,22.19186473804762,10.595697202958053,1.6808834215091721
5656,1.1793760310236532,23.384689008594588,10.541355372577398,2.6014333864243997
5657,1.1801693201171468,23.352412792313544,10.707543252782994,1.8218823013986407
5658,1.1780537165891214,22.999378218743534,12.130498788134664,1.2579110401580873
5659,1.1745754635841277,20.921614682395155,12.06345623033456,1.80165166249093
5660,1.1802254164473605,22.086074044988774,9.632196400188944,2.0468967131016744
5661,1.1737467657075353,21.133824502859774,10.934013678532432,1.7487228125320033
5662,1.1756741427908637,20.423737029141407,10.561191617480064,2.021986260406772
5663,1.188809313003025,25.604289286234668,11.241004170419362,2.703021335178402
5700,1.2504248842939312,20.301822752038237,10.021480854668463,1.267705040434343
5701,1.2032425884991858,23.791733733423587,10.540954111315571,3.455208948856788
5702,1.1928250271555592,24.74361206654892,10.91988315103501,1.6696716783518926
5703,1.1937818738192825,23.47739375198195,10.061252567420437,1.9511498499723459
5704,1.189822056032453,26.46505129929388,10.605960078107254,4.444093662627806
5705,1.1983084320727198,23.092628037376397,9.822279066667273,1.945290650194811
5706,1.1932839477967263,25.428546014028207,10.066840907033036,1.6513272633267537
5707,1.1898259881082003,24.331797536187455,10.524590101549562,1.0721960150279355
5708,1.1932410456970404,24.088327570489874,10.324951167737561,1.808328539638518
5709,1.184942814892369,26.93063635864028,11.511619702846039,1.2992816989755198
5710,1.1855503884002891,26.079617284976873,10.451249118612042,1.7031558031612992
5711,1.1849516929815824,26.205810531113258,10.908846970892377,1.233593380908677
5712,1.1826229983816157,24.67806572467356,10.669976123065538,1.2672780139414304
5713,1.1818266956543344,25.36440321117188,11.18476553150799,1.3618206774905819
5714,1.1795052481464072,26.513145124219992,10.783973203482034,1.9009140419665056
5715,1.1798399035779341,28.994981400240146,10.363946335095807,1.3671485156491388
5716,1.1814554074172083,25.76411808930515,10.790722873747232,2.768348702688118
5717,1.17792673245044,25.925765404281183,10.764123852415219,9.98327660255187
5718,1.1768401187140585,23.700855869181748,10.446461009196762,1.1734447584546723
5719,1.1803899596106562,24.58104788759465,10.281908897460841,2.2524584025551553
5720,1.1806622887276663,24.55162906506739,10.454654416308104,2.1005687920757596
5721,1.1782808517599055,23.644028550058245,10.521291069555387,1.936345723982416
5722,1.182115113196891,25.110046975327954,9.969117459702128,1.5259989845579975
5723,1.1781169434232444,24.275110245248236,11.219116074383882,0.6697815099929493
5724,1.178293158946731,25.59284573329823,11.088841663000263,8.768210101781074
5725,1.1789704887297898,24.305672500426876,10.875046455048565,2.565594504314818
5726,1.176496460974541,24.12852737514019,11.322692031651817,1.264466644574411
5727,1.1791596297463651,24.769309288806618,10.686188720174458,1.3545087581809057
5728,1.1784187210773,23.790798460612372,10.558239751937226,0.7713596210787002
5729,1.1764428162986902,23.667001782292616,10.63790611064874,5.974838187644616
5730,1.1822712333707468,26.54488267779017,11.042459570889115,1.1964319094240783
5733,1.1775627275127742,20.41472800551337,10.1320613916291,4.789840772579972
5734,1.1789875333438025,21.493290425710345,10.732455232746558,1.9097360924991724
5735,1.1756841879680375,22.494346405494515,10.785794452555242,5.548091165346724
5736,1.1739796915039957,23.061298434056265,11.601581142146701,1.7357688898209835
5737,1.1785871862180923,23.556680059011395,10.435378432360727,3.4358904601251483
5738,1.1795977551397483,22.517731997420015,10.13142824738056,1.5692639100935288
5739,1.1762955820610894,22.04114169999496,11.128338368453495,2.354024360884052
5740,1.1790295353074753,23.349272007035726,10.835456403316389,1.9797398036127862
5741,1.1752806562348537,23.230949396693514,11.414621112872892,1.4863474651630753
5742,1.1772412121247264,22.482265746318905,10.611703976789194,2.1999799443028514
5743,1.1761431632958077,22.70837771788891,10.741208963722086,1.7152158013578296
5744,1.178742233219874,21.355630033876807,10.766711463228022,1.098259775804787
5745,1.1737561353413837,23.241928830435114,10.982532150346426,5.829119699941774
5746,1.1744558793793252,22.690344929492927,11.285311303065065,1.3083512408775033
5747,1.176807711406976,26.88680456878577,10.482685003736801,2.0006020054344527
5748,1.1756191200209734,22.864246617487492,11.213811930572458,2.246863461955589
5749,1.1777913497701873,21.45187628525713,11.271088901239422,1.7434275604150236
5750,1.1759880175778468,22.901634065284643,10.96459276231171,2.8753480546065497
5751,1.1755548051199352,20.294296348143693,11.413792106406616,1.9736262078079871
5752,1.1791487465992525,22.309395393016334,10.422401072219733,1.2313623986409967
5753,1.1785923026339529,21.173713008948646,11.24888901201234,2.5409295580730222
5754,1.1751303103756252,21.287790449289734,11.714698857152285,1.047947891766645
5755,1.1802444267854146,22.040768435609472,11.126070121531779,1.7120405108591288
5756,1.1771896457713258,22.875535036145127,10.926858493160168,3.113688013664757
5757,1.1786901730419599,22.85117795977864,10.931202445700547,1.5404053380317313
5758,1.175009687054019,22.572792476330477,12.145963793492648,1.8708192777907093
5759,1.1719134348414608,20.52681577859883,11.913351530648011,0.9860494829130945
5760,1.1758163300939453,21.892398295441723,9.794935660679588,3.4946329288875635
5761,1.1726982614798815,20.053820448694267,10.566972975912234,1.9907628069257601
5762,1.1889384073758473,20.002761575443976,10.537237979378224,2.7801026594846046
5801,1.231782072981054,23.795922517174134,10.528979544003205,1.288339112197314
5802,1.207924008116297,24.260714132638455,10.81420305002121,2.4855441916686773
5803,1.1991271282852622,23.897663544870817,10.175920900868189,1.5657676051897533
5804,1.1952131358125335,26.659885150542134,10.911006055436424,5.3336170543414925
5805,1.2036313982662903,23.78636340086205,9.63091868681123,1.6399299536176457
5806,1.1997986077128917,25.572411324140138,10.17998129325536,1.7964226907585632
5807,1.197282953995026,25.03123982502328,10.34769131347518,1.4974796558303092
5808,1.2006294581859436,24.678811246283438,10.012783301082848,1.7484028293153546
5809,1.1908195014500687,27.660551179443576,11.09937880608831,1.27984263952615
5810,1.191473357045419,26.23109676611015,10.939698913953203,2.0952579734839722
5811,1.189873227689237,26.741716952118995,10.993790404178734,1.6456268173716213
5812,1.187711053080511,24.922677662672445,10.676514455810535,1.7307400285682912
5813,1.1869415156139347,26.072243313289146,11.221680601200624,1.2148600210156557
5814,1.1833991779794675,27.28282577211756,11.272835860790154,2.743316705444641
5815,1.1853660709893339,29.542383915353824,10.53912484394234,1.437350299624584
5816,1.1883303112573007,26.33659814224188,10.637557165601866,2.8631224697463873
5817,1.1831973695074682,26.129323641087147,10.817742648304936,7.619923377520747
5818,1.185359771840761,24.539829892063977,10.45772834933011,1.3819589727218882
5819,1.1852694576164895,25.01562420441847,11.008696899653831,2.267237924886168
5820,1.186927733826871,25.00480924533966,10.5134238360745,3.332179773068345
5821,1.182007217963075,24.318678782890125,10.75486790390379,2.429793092185413
5822,1.1877433648252276,25.79334768168043,10.46658842845526,1.2493603375605464
5823,1.1853076394413193,24.536667391429635,11.160611120497181,1.4581539136794213
5824,1.185782313752319,26.25869058562424,10.385473957724022,11.81042335857609
5825,1.1847084508134773,25.121070464031543,10.818329453187705,3.2129044967757756
5826,1.1883259930183363,24.5786524582182,10.975453812112244,1.2874918163989955
5827,1.1857024067736597,25.283444093762903,10.388076148208988,1.1323573394382356
5828,1.1860547112052433,24.178821720377403,10.864627875552477,1.0606071160777177
5829,1.1840557235936897,24.380454284021795,10.584683801718162,4.454230895477657
5830,1.187844982631241,27.035278984131253,11.26374647993808,1.4135168994423652
5833,1.186333370755954,20.624987277245715,10.483657441326029,5.689245828249938
5834,1.1838807001173162,22.271889151082927,10.70528387923274,1.7687264443677688
5835,1.1799422137451072,23.219698352762606,10.884653132743859,4.5685617887726115
5836,1.180909411506459,23.4969909027942,11.808883765290046,1.486190330746327
5837,1.1868559898283033,24.119829682156134,10.662320203452781,3.493838309477473
5838,1.1889796503041772,22.95413748963541,10.042892484423303,1.859765766539204
5839,1.183555950446077,22.69429104231982,11.079288796532088,3.0163430325101173
5840,1.1864998242687117,23.782371273314883,11.235719500568807,1.7241092458613336
5841,1.1811916039996078,23.799085050013694,11.270363523592662,1.80253840491174
5842,1.1842876162685523,23.034740515449112,10.238130897991846,1.6509711541536687
5843,1.186303319543929,22.99334720039448,10.573385247239173,1.5883542089144176
5844,1.1833366644227972,22.279967052487276,11.260640745618655,1.1495519656302657
5845,1.1804857481666176,23.691126859536503,10.796324266664282,6.935875571477608
5846,1.1835581662251102,22.99155487496103,11.23241353117653,1.8248117358743843
5847,1.184695511721037,27.335164172412295,10.40504811480925,1.9024408828650807
5848,1.1820437663041732,23.483396034214508,11.225911063248963,2.2459172506007903
5849,1.1838474465349824,22.237649158169425,11.325305157167339,2.184750408844981
5850,1.1810075961496165,23.831208233909557,10.967186424762577,4.52950104544791
5851,1.180737998475364,21.02700173552811,11.35528563309194,2.0109287642435927
5852,1.1868906431812776,22.679466263931037,10.437157059943377,2.2536967080314962
5853,1.1844300653051396,21.766000153140478,11.655102524962983,2.6236773636539916
5854,1.1810488688348644,21.73956196221339,11.415339618368643,1.5619208698619236
5855,1.1860509047806165,22.643265587810696,10.712714157284212,1.9749511101616304
5856,1.1850069082811627,23.12137462272941,10.035577275798506,2.1726742152766683
5857,1.1854499613748968,23.276995654497547,10.864397267621857,1.7253133867940353
5858,1.1828458745166799,22.944191987943796,11.879954654882185,2.2239180473451
5859,1.177760871005432,20.678467809993503,11.954697324569947,1.6417153802683937
5860,1.1847975652190634,21.69705337740046,9.58817652504444,2.21156178069804
5861,1.19052144157603,20.535763000726615,10.787939558768677,3.2202407587428117
5902,1.2192040939815265,25.21205220064321,10.46661401323717,1.2177978376332919
5903,1.1989424318211561,23.85934787904433,10.076880365699935,1.5091965313676075
5904,1.18820172047414,26.483282085945973,10.196184696684682,3.974522868027017
5905,1.1932170286711643,23.343549857716386,9.51842816211891,1.4868487168738476
5906,1.1910725385100975,25.421800470400555,9.984678612339787,1.2763080881302795
5907,1.188374564214443,24.615714489417797,10.1628326191151,1.4530186978740622
5908,1.1930758283784912,24.962679170147403,9.732649916995223,1.7392074134575441
5909,1.1838420652714385,27.002297448736545,10.887173911070084,1.420140511534658
5910,1.1814663640807512,26.321512661546947,10.737663972370555,1.2871322894367192
5911,1.183257829208606,26.417306681581962,10.657266345484286,1.3304176196561044
5912,1.1806106194793191,24.64370088375683,10.120986084099819,1.5578123128028403
5913,1.1784583294000652,25.89341966762902,10.777672830543946,1.2063657613062895
5914,1.178347869326999,26.724422785662266,10.926243127968906,1.274180862863792
5915,1.1784147066298085,29.309660997923142,10.394495648926974,0.9738243870846887
5916,1.17906680818106,25.897127681036267,10.424047607395716,1.7860939364396562
5917,1.1759281899088125,26.24738076484613,10.531077694093643,5.296496952695351
5918,1.1776587926117574,24.185815582695096,10.420526955168235,1.356273493905271
5919,1.1768807625097477,24.71808853222035,10.572607119549634,1.3676783943897206
5920,1.178299333218447,24.92567166028548,10.23659872418679,2.764722873184849
5921,1.1769300550627504,24.017609432291053,10.558362146346266,1.5930769410362475
5922,1.1810940974344244,25.202656206556185,9.96398033981132,1.2258968791661617
5923,1.1779942062129931,24.431994429524316,10.889028687134564,1.1641583406279346
5924,1.177624608340932,26.064933664769427,10.461390169341506,9.566996137322466
5925,1.1762395122590243,25.043809582410397,10.504676465004664,2.508974674072541
5926,1.1777935953108194,24.511320551213952,10.899696631566044,0.9503593371517602
5927,1.179255723822219,25.117356845119154,10.042681695930618,1.049101503352958
5928,1.1797073586579765,24.10810200082766,10.520958036799387,1.2682453303432635
5929,1.1766806652189674,24.356012384238706,10.559597914315047,3.3857186036422213
5930,1.181494945828853,26.42382285323392,11.015876019174227,0.9948263205355169
5933,1.1787096464158613,20.47480163041759,10.221000727503778,3.627252855380123
5934,1.1787777632177148,21.78017338192849,10.706304795761223,1.613512311788036
5935,1.1775016567095111,22.880862468416716,10.305896792951549,4.204955744470338
5936,1.1721961537254841,23.3812151443166,12.045302517209223,1.051161744109306
5937,1.180576528519514,23.94883976834602,10.226001984189061,3.160499701317344
5938,1.1797700504849518,22.949247353555705,10.20867731591553,1.7535904694458972
5939,1.1764938061456158,22.264387352376787,11.007490404705505,1.350609003139362
5940,1.1797932824220383,23.469266802099767,10.426738954500069,1.7198687992267112
5941,1.174732995904772,23.900177256486586,10.897472391255342,1.6613541132550493
5942,1.176318898238687,22.779878588931933,10.024347039672165,1.7335448517682095
5943,1.1779715592135234,22.53392510978354,10.667365713716253,1.6270211687149112
5944,1.1775491008449028,21.761025222048055,10.802121193927274,1.0184004872227146
5945,1.1749093627326956,23.421077294682544,10.243542331984594,4.412208931074302
5946,1.1746140586016527,22.8419137279844,10.980264003856416,1.6158736882252087
5947,1.1760478615557266,27.142820840116837,10.523039835220626,1.7849395409459938
5948,1.1771389987147705,23.042177795631783,11.044239441413632,1.842384229656732
5949,1.1756901457052564,22.092322623504494,10.942308854935478,1.435714292347575
5950,1.175632590953683,23.21008685476639,10.809911408052477,4.423794976926646
5951,1.1750807300903516,20.69438903922944,11.173538639133659,1.0225035118455734
5952,1.1763873407937049,22.6781631659157,9.926642570194312,1.442181833959754
5953,1.1749147567807459,21.913772365762448,11.444624032947571,1.563532855312544
5954,1.1746958251213298,21.590669068727465,11.392670362992963,1.472172395602936
5955,1.1789163372182347,22.378722765327698,10.643988123059545,1.445569495894937
5956,1.174639029851391,22.944730148511606,10.39287520810543,2.4505847025337677
5957,1.1757490070815624,23.28759776500446,10.322979916473882,1.7185162211124658
5958,1.1733201842344823,22.6195137448553,12.079769440181266,1.5950211533803489
5959,1.1692409360409668,20.228261446959173,11.531274267232975,1.3522464276125004
5960,1.1872316986118792,22.65138448278137,9.364035718000007,2.144134832021798
5961,1.3061777020886898,8.740019468312914,9.846129538753724,0.8645130599110903
6003,1.2320466041233047,22.069905911030236,10.395195852188044,1.630517671636925
6004,1.2030779734142818,25.116090271219306,10.133179170642375,6.215363158783377
6005,1.2028140791087008,22.292553078754455,9.87869209845996,2.2886687614640415
6006,1.2003533785404243,24.69120157750483,10.622637486642324,1.7037974713020771
6007,1.1984826587163384,24.24549766003062,10.25860538023026,1.398928882845863
6008,1.202802733430795,24.03716304829239,10.185159311361156,1.566470304010852
6009,1.1942426841849696,26.518765788863764,11.193388380603862,1.1102236495005944
6010,1.1947052269779412,25.77647113998784,10.792347064235535,2.857113931291603
6011,1.1938687143688493,25.938011263445,10.59140208208335,1.3310378190983907
6012,1.1931116974900902,24.329537090190406,10.537133757335832,1.4015794241648165
6013,1.1896948894791501,25.110930645478387,10.681166224879606,1.5312446241686686
6014,1.18667750280084,26.19219210989526,10.92500021325376,1.6100737273826766
6015,1.1895274764081085,28.746760715644946,10.413791108558904,1.6553891904071383
6016,1.1913359684399025,25.413360361048333,10.579392624873348,2.1973214865696136
6017,1.1870559749249903,25.56339549042311,10.56277594290965,7.3359238438661425
6018,1.188715591306555,23.55438198594057,10.172982761294247,1.5675811735072331
6019,1.1895724817009203,23.979419918969374,10.674264530138327,2.7427514778001902
6020,1.1919195835629424,24.483263916417247,10.49410890652793,1.950613541804358
6021,1.1886320052101669,23.170090327910422,10.519439843607026,2.4262093918869256
6022,1.1918427056762713,24.936260647225403,10.581823278651719,1.2438956392466411
6023,1.188933645413197,23.884492176093065,11.112252288937752,1.4052628618674268
6024,1.188588878194705,25.449174636742065,10.261432327145199,10.44159649181861
6025,1.1891749519635664,24.145842469282403,10.985347967174675,3.496861160506274
6026,1.188179432216869,23.90764395438578,11.326699672027939,0.9403665096139109
6027,1.191576509951692,24.582632198884788,10.530294300009727,1.2939760056837388
6028,1.1893282814911152,23.422483849267643,10.78446875484076,1.1369622103619828
6029,1.186850304803585,23.548820988624687,10.687366643288819,4.215626550470936
6030,1.1905229459141367,25.7435420641536,11.258744948414998,1.2926596596059725
6033,1.1883794722811336,20.19571877098359,9.947902876599501,6.096342617782357
6034,1.191404325382766,21.119308222132396,10.469623807898152,1.9145097026409088
6035,1.1877863118179823,22.51438594375497,10.826812135200129,2.877459488257998
6036,1.1846969103178915,22.547611880958566,11.607896578089724,1.9741199350009206
6037,1.1929783714278168,23.37180804982857,10.388780263904822,4.342898242894791
6038,1.1923784441013583,22.34293720641971,10.25390709856663,2.859372621166369
6039,1.1872094050090911,21.85065585981283,10.889249046749496,3.3766089787511353
6040,1.1928620833105055,22.99638782582274,10.507717705543051,1.9173055512436716
6041,1.1849768725432477,22.752306298021928,10.876583268603122,2.050581478332473
6042,1.1893366141278698,22.057972097151104,10.45276415158685,2.0924972344497026
6043,1.1888235423910898,21.925445962801547,10.823249507286516,1.724270295280596
6044,1.1886423102899455,21.029629349492595,10.952270688568614,1.0942045341035973
6045,1.1844179382673696,22.943696849685576,10.525329396179616,5.651094978849436
6046,1.1866000553136729,22.471397425383667,11.16487118771301,2.046163893996905
6047,1.1873067592691087,26.75732509437972,10.516007031803783,1.5059500252601554
6048,1.1867026777943086,22.467674386366642,10.809302697655077,3.011038607574004
6049,1.1875031775070501,21.495683029735073,10.80723658236972,1.6557964737778235
6050,1.186445547752124,22.952042973098067,11.00914064826644,5.648761393797396
6051,1.1859324287757218,20.055359323966492,11.464436245237339,1.7230288552802882
6052,1.1890021156370763,21.9159083738332,10.409113332477418,1.768869296642947
6053,1.1866250113005885,20.870073472828313,11.231469552894461,2.1773526112690456
6054,1.1840064635322516,20.970035723995434,11.713320440447053,1.198843066788584
6055,1.1882847220222377,21.287189705618307,10.914715871785392,1.9560427231695339
6056,1.1861953933610572,22.250340348263975,10.47476513716159,2.1278114826545704
6057,1.1850774167080926,22.2225370690878,10.57824265452989,2.5514117824020754
6058,1.1836656882264396,21.342612738529706,11.645341587258798,1.8770140291100434
6059,1.1918656703596924,18.993723337408483,11.477228024253732,2.214689101323363
6060,1.2450521293026413,19.582507236562794,9.09650664483331,1.8427999599572078
6104,1.2234612310064885,26.972061254074656,10.520396489386846,2.56377483689798
6105,1.2105289054224637,24.040691083508715,9.986133916949418,2.930847210986047
6106,1.2000199346251181,26.13284328379887,10.218275149518155,1.6548127072785703
6107,1.1990327170655521,25.742374913279946,10.589232741935351,2.1288299570738163
6108,1.204210586653678,25.73097424220498,10.110288469611714,2.223244044015836
6109,1.1961656264260467,28.266408298106192,11.217992444484786,1.4347546681646561
6110,1.1969085673462891,27.190104941783666,10.727813858550201,1.8448517209823578
6111,1.1947183975747517,27.484228153319286,11.076380323478986,1.571249905880138
6112,1.1948158570422773,25.995510872283667,10.435778990639621,1.600310790480727
6113,1.1920974432898117,26.63010563385479,11.331938954384478,1.900962664474774
6114,1.1906836605164257,27.888257130599175,10.758042458688942,1.8880581575022797
6115,1.1939276420022706,30.479508684177542,10.278915676944193,1.1319126609227605
6116,1.192791234042663,27.249095239240944,10.565847208353679,2.67010121734877
6117,1.191349832383533,26.958471794850333,10.630648962645914,5.798839736066492
6118,1.1908524544949888,25.497370867378763,10.24152416375425,1.6811056371085384
6119,1.194706076421247,25.64392438204414,10.555640298386304,2.013107429404373
6120,1.194060821238312,26.08993559313234,10.439834852031643,2.3351876295785257
6121,1.1898779778810022,25.254202123235146,11.079483835825409,2.4075240469336614
6122,1.1928849829088735,26.36138896395859,10.318338703647143,1.4107882245376786
6123,1.1925843465438426,25.889133783305436,11.216830349940365,1.3650344620290955
6124,1.1940794923117386,27.16326676895073,10.592062313388015,8.544417590000743
6125,1.1923299839332617,26.090320544045905,10.77486068632572,3.1041034714641023
6126,1.192530059194523,25.650913154065684,10.808875297466896,1.0548768440824658
6127,1.1944271110379532,26.39888865892833,10.541233161768591,1.7581038381816034
6128,1.194810123941695,25.01647420669521,10.726898665541961,1.853142920883185
6129,1.190984345671085,25.06085625524096,10.766279394895786,4.2923883151445335
6130,1.1960145797885708,27.48138161459386,11.252555422838787,1.6302700588368506
6133,1.1930503754302226,22.15383450614579,10.464430752856716,4.320467642395279
6134,1.1943813545722688,23.10613583170668,10.419422825338916,1.7153539020913815
6135,1.1923588147711686,24.059795994281743,10.763893111100957,5.383891449608004
6136,1.1913188891669224,24.459903723499313,11.604466428808792,2.029358996828314
6137,1.1984027231412557,24.981610763416274,10.72296935960105,5.748777378338019
6138,1.1971726327958698,23.845049164325903,9.777906462249726,1.965331099531997
6139,1.190978354257899,23.7930297249467,10.674801424240533,4.034906933816447
6140,1.1976979469747127,24.44540896445882,11.110973236385835,2.5416119275801736
6141,1.191888664232479,24.59044386222637,10.97457275115665,1.4660467639975805
6142,1.1923627520425093,24.08745211254363,9.957565557642749,2.1866629921760365
6143,1.1924438968179718,23.596447249565916,10.870522067946961,1.9735900195862668
6144,1.1941782649491983,22.8042950294287,10.530786001828709,1.9182472378642377
6145,1.1886212384250496,24.68301272807761,10.471593011941863,5.108403551539009
6146,1.189499707354513,24.013685165658355,11.143998816982496,1.7607078820519362
6147,1.1910250734246974,28.156645060587245,10.230633241726904,2.2299496137839596
6148,1.1894168287399833,24.63392579643957,11.18337420746071,2.937154630088108
6149,1.1914437708699759,23.03467847314503,10.735435418785684,1.8380565576166097
6150,1.1898150537115975,24.448216390917572,10.925967841023182,5.385299186839948
6151,1.1888303828267215,22.01863127968436,11.09441513339819,1.9900683264401116
6152,1.1914852478288185,23.517046698390686,10.509705447897705,1.798209828687636
6153,1.187733492294203,22.505800863180202,11.48683362102183,2.862171720396815
6154,1.1849532333945294,22.68522596650496,11.638008609607047,1.8672865228025464
6155,1.1884479829943506,23.3715482499504,10.571705891229543,2.2000419504549615
6156,1.1863482809311336,24.099660974178885,10.039320702984044,2.4636239104185367
6157,1.1878877600251732,23.40673503897585,10.204422480793776,2.3610374383881245
6158,1.1947894411860005,22.91518404495362,11.541501648321898,2.2269414346069003
6159,1.2075067029904283,27.26376065199495,12.04813952961069,1.0281497522301295
6205,1.2371765642707415,23.256061594604564,10.535386446158139,1.7378881732406737
6206,1.2117003278110936,24.521819144827052,10.236120930073003,1.9307212645029725
6207,1.2036119153164537,24.243107793280792,10.409513939364105,1.9368844877900728
6208,1.2065318316629277,24.588120682886146,10.302410844172796,1.7813808941800329
6209,1.2009784447669964,26.759774238398563,11.346579237042242,1.791055375216123
6210,1.2019767008043496,25.90924360782475,10.883494666870291,2.0994525245400615
6211,1.2020300696112722,26.13389273373971,10.634362056444745,1.6878072223208802
6212,1.2016597464535366,24.86639527053675,10.218958576515451,1.4874972992104163
6213,1.1981385901867356,25.714598929259363,10.823445977288983,1.8132953549911857
6214,1.1971117866743965,26.27633395310396,11.058540744463158,1.4394858666861685
6215,1.1980185973352326,29.220754454143893,10.229532216104186,1.567151264025945
6216,1.1985762061199325,26.098057955676257,10.837360701423739,2.420990699507511
6217,1.1960347117400678,26.053747503162565,10.764558486352467,7.487715312773416
6218,1.1954606486817476,24.172692740739347,10.509090020395455,1.8312612593192932
6219,1.1964813619370795,24.59723629027717,10.888270861718896,2.4618624833503384
6220,1.1981893631058456,24.855844257897026,10.879155287631818,3.5010927100145697
6221,1.1975484007483113,23.62152949084797,10.245545847652835,3.2282182370906054
6222,1.2004015994903208,25.377839965919183,10.34524059113778,1.4958777226306628
6223,1.195682038279536,24.829403663529362,11.466653519106627,1.5877879595422937
6224,1.1986112939534788,25.829048282354478,11.020434686231145,8.416153716228205
6225,1.196977019171425,24.92769547141756,11.409656408102412,3.2384956648656593
6226,1.1996279022284235,24.406966293522018,11.291006911125873,1.7741831023977905
6227,1.2008416369084092,25.468067471672466,10.21424259809923,1.4194683008556421
6228,1.2006219292954032,24.253523644495207,10.530728551961333,2.0351929795426313
6229,1.2003037197094402,24.035915399102578,10.488719005837348,3.75609342063455
6230,1.200577303809185,26.611981101206855,11.091283069170494,1.2404308388219003
6233,1.2017599506543581,20.822802716774248,10.463716676999978,5.627911924120914
6234,1.2013877827866029,22.119003970865418,10.59650508313058,2.221665755355036
6235,1.1994960140943975,22.91333117301723,10.86630614410649,6.30987249373059
6236,1.1976553520457793,23.11570499824048,11.60734573761783,1.8611605498459995
6237,1.207286919928155,23.697970384666156,10.61855800963139,4.207575341127282
6238,1.2043258834514607,22.893540126268345,9.66507676999688,2.194394919624121
6239,1.1971225052996195,22.150794694931083,11.18762533614666,4.081253008647248
6240,1.2023168335977081,23.426871572573695,10.804989833303148,2.0537554118048624
6241,1.1973572873920648,23.24000494628848,11.093502995738508,2.339630599290348
6242,1.1987498658117255,22.7736460544988,10.363170354186847,2.0290186043079936
6243,1.2006362420078815,22.565144909508433,10.166560713705191,1.951607527087295
6244,1.1986937633594776,21.752599721864165,10.512294795008938,1.7161912107095758
6245,1.195200060775791,23.36390174620746,10.661201067367113,8.048059672756931
6246,1.1962137350464848,23.132883577969224,11.077226748505774,2.6371951840610617
6247,1.1972960872857035,27.400136956882317,10.415216220824425,1.8962282741846928
6248,1.1946563836029638,23.124024439479054,10.838060019820515,1.9347120951931898
6249,1.195932103294142,22.128624063966164,10.830821610904483,2.110396677728766
6250,1.1934354999248515,23.53917388586088,11.260987205072382,4.848039561565076
6251,1.1918546060861415,20.314716804329567,11.185440412772564,2.471713948861674
6252,1.1954687991255366,22.34097750864506,10.426680824797405,2.040304954427177
6253,1.1916170088408167,21.5175315876009,11.635905028957126,2.443941993246781
6254,1.1904319650555617,21.010546484187223,11.313422933132404,1.8632806733763059
6255,1.1930527158234743,21.508580667616148,10.939742145342048,2.7399277600603904
6256,1.1913666785864927,22.202347830691124,10.225970319327368,1.966868165057017
6257,1.2012791539976635,22.410357195988812,10.219514056014562,3.3272416673315632
6306,1.2366881556564582,27.850488920717574,11.927030540220365,1.6037757204224339
6307,1.2064886906605994,25.537532304980086,10.516718165433472,2.2176746431409353
6308,1.2033150483581512,25.39562585344943,11.057623481077867,2.502023874264318
6309,1.195494580788287,27.42104295948204,11.40448106624822,1.8674063987427796
6310,1.1966590377158648,26.41973622706477,11.42707656211751,1.8640943341321063
6311,1.1960089151541442,26.5443820065726,11.169260015790984,1.9831297598650732
6312,1.1967580708619467,25.17865226067073,10.985611477671855,2.849042527596407
6313,1.1963644604808688,25.916513656004305,10.733812335700557,1.5660902832872685
6314,1.1930958717158044,26.91645678843416,10.884884593815071,2.381259140284926
6315,1.1952600827719537,29.3207380489884,10.895236990532178,2.5560257666713797
6316,1.1963198465303135,26.195490025237792,10.441963997364391,1.8280586192601114
6317,1.1931441212740703,26.26364594024837,11.17522210703179,6.543103104033924
6318,1.1932904634213963,24.42177599501932,10.571532313833698,2.2068186355438155
6319,1.195550021467445,24.768746134811607,10.858213897106317,2.3824705320133206
6320,1.1941630782869213,25.030557893534642,10.936724754440128,2.2060354876581707
6321,1.194801710730446,24.021538943891528,10.828907976340773,2.812645958705557
6322,1.1949305457517032,25.732559309140914,10.575348364831777,1.368516911158016
6323,1.1939534364466418,24.788215537949462,11.416793653766009,2.0520739814163846
6324,1.1958380600837957,25.993403010498866,10.818530539993418,6.333629933767914
6325,1.195224709844442,25.526139973045225,11.51827255169921,3.024108823880421
6326,1.1979308312456463,24.760794781372898,11.141730061507392,1.7997034632026065
6327,1.1980407038580898,25.406516785746504,10.628117597170203,2.0346689738694916
6328,1.1992863972977872,24.609366476236083,10.60982752860003,1.9086776320187409
6329,1.196403193788966,24.274566171101956,10.870209673189509,3.1061577913410647
6330,1.1998783299491849,26.73725372696345,11.290419446426105,1.5502279345004204
6333,1.1989955697647887,20.88345750167151,10.575551089892455,4.911231261238585
6334,1.2011401715327774,22.435855713252426,10.409066065152661,2.2893635859927164
6335,1.1981086921645865,23.28838226838953,10.678029496321688,6.4695330821873815
6336,1.1976610158670866,23.458797094189958,12.057844316727891,2.465384358425855
6337,1.2039901756164333,24.026597994668737,10.27380404314467,2.9764623964013994
6338,1.203069004594249,23.061848943863904,10.581206501562297,2.78738342179452
6339,1.1983578909571921,22.656206789572,10.674286850622089,3.192147365176591
6340,1.2026669511481844,23.787285597709655,10.836710856673164,2.862142821183651
6341,1.1964935599248556,23.819326129626067,10.856556986238429,2.517733399457988
6342,1.1961362816952361,22.891243216458733,10.61505795962698,2.6056297375765496
6343,1.1980742479969502,23.018570910160406,10.48181856406744,2.3028499052044302
6344,1.1961546336408388,21.790454245523602,10.838990181422812,1.7848395049648038
6345,1.19394194596123,23.67173160952457,10.46608289229647,5.069855380895756
6346,1.1956593104528292,23.26433603676277,11.286130089634904,2.6546218376352773
6347,1.1943270964670372,27.638873244538217,10.758267739554075,2.349590404371129
6348,1.1928481331956322,23.838853269438964,10.73803224387841,2.7620549733069417
6349,1.1939525327645673,22.290634120577995,11.379889194658668,1.9728002095080135
6350,1.1895115077265748,23.599690559618363,11.060247501953524,4.918220370753656
6351,1.1896142243692263,20.894553233220762,11.322480326621301,2.4367698913847087
6352,1.1897222897229978,23.491103291256604,10.258117016419844,2.044908362394276
6353,1.1894144653545977,22.01981177984537,11.421984638363947,1.9453483003293757
6354,1.1844885212535916,22.103179177791475,11.5067840387731,0.9553180375073034
6355,1.191488493418482,23.01423537902136,10.753677207969798,2.132388982594396
6356,1.201454509553931,24.60257550269082,10.692034948462123,2.4448610198614666
