6,1.2094256498378886,16.480030975938444,11.53287147228923,2.3801404743169
7,1.1840648768256774,16.88379743036138,11.48589180858626,4.22356219541513
8,1.1848128841469237,14.260254188156672,12.432854430539141,3.0359827330253353
9,1.1828988412739825,18.32486168462298,12.470179957680116,2.757093066828285
10,1.189037128842478,14.930038032982196,12.063161379267719,3.127044166753693
11,1.1898320505473305,18.47689984669518,11.867114419154797,3.6485896630157306
12,1.1984840090395454,14.166333953382447,11.471985773614653,4.365454200707643
13,1.195790689026728,16.1702333281993,12.07569405527915,4.084726275573874
14,1.1955692119421553,19.483920546867328,12.342273843637164,2.9070289050164724
15,1.2010440587761069,9.521214094811913,10.527836753598404,4.650076264136404
16,1.1970092791006408,15.892502269747876,11.534385539878247,4.305799377380007
17,1.195373932264126,18.14997128875618,11.955860332885475,4.634791046541345
18,1.1956359555937275,16.302607745634862,11.529130028082104,5.287700819708234
19,1.194943469901365,18.91790939135277,11.859516837001536,3.641635622623412
20,1.1991036075212185,17.18980989611185,11.718771147611308,4.00038869518145
21,1.1971661493875976,14.740990865579919,11.260600428147479,4.987920289557693
22,1.1948057234187963,16.98790343467769,11.730461966767567,5.439580668531951
23,1.198283559140859,18.321662993814545,12.276801181145512,4.571367939890937
24,1.2001581913268573,17.745448461293314,12.122371774858602,5.297887610909433
25,1.2040381943363654,18.26996660987151,11.777727846711342,3.8764240373494983
26,1.2110572864570108,18.782021961871365,11.883804405070702,4.07743162054879
27,1.2093286143472124,18.9751544285585,12.11412601506562,4.999934162297339
28,1.2113090463785026,17.773039264360563,11.77902766116688,6.359745826973244
29,1.2096732196335231,18.348103255335296,12.032075929603064,5.5518173527584604
30,1.2125327285133731,19.890479841543236,12.447167509189416,7.245454026697778
33,1.2414294067517129,17.04266775819221,12.53627034065189,6.24628048838701
34,1.2517265278043521,18.046303667178563,12.220706190103494,6.277972365251609
35,1.2602356759770346,20.38312029502425,13.494572127536165,6.040654570061036
36,1.2702900467264477,21.926718738235504,14.070907062747413,4.481516802122919
37,1.2825614431010737,23.678352760334043,13.720023913098562,4.959153532404061
38,1.2924069037869106,26.271412912588943,14.63859197066604,4.174857785156099
39,1.294805659404873,28.38138865990189,15.692049699336595,2.512130748403871
40,1.2859122740010387,29.43950290080059,15.906990757498196,2.353410855424094
41,1.2566010649457688,34.79950864540613,17.1701340280022,1.45154076736283
42,1.209418587673032,48.507525818890464,28.191960458401834,0.6278572509290714
50,1.9321458655767398,44.4081191141292,2.83827324439886,2.7218596659398338
51,1.2080566874989822,43.5615128589077,16.62470188225687,0.7842515670590413
52,1.2505517978348586,32.59396812327557,14.11168680883569,1.629037631460246
53,1.2656573447399593,27.743452374662272,16.488931220778657,2.344244440765627
54,1.2746813075456391,25.36492271115265,15.532442231983811,2.535900648253337
55,1.2740580331543223,25.961601641150967,14.422310464544458,4.36240634825314
56,1.2895359213039594,25.320730407126934,13.874208163041208,3.8129509339254
105,1.1966800532851243,15.542853997047162,11.41279176305885,3.278283432638139
106,1.1769046755870376,15.805297637306413,11.530777107542459,2.65521861239092
107,1.1729969177014805,17.167120995976312,11.010159543226441,2.9519780677388754
108,1.177410444185183,15.297078185431893,11.710449888873736,3.8666104198629427
109,1.1753183861045933,19.343697586773594,11.783911039010523,2.1232058319878853
110,1.180237322672022,15.60270488923139,11.939501799959492,2.9056478269650587
111,1.184271709154568,18.750257455384727,11.690318104321051,3.1646282827038372
112,1.1918948194574412,14.996597792359875,11.160091060181447,3.820843773332928
113,1.1868500950133274,16.78060848071755,12.086835685233051,3.670320472359104
114,1.1898446262445195,20.17345150075971,11.870031387624264,4.5792616078385855
115,1.1918700167451355,10.323015038427553,10.478404629868772,4.943050532777759
116,1.1879328572099057,16.676762488498927,11.568982413874808,4.337342749236693
117,1.1834846147337323,19.79057577352692,11.630349306101058,5.772795377281702
118,1.1884850505492983,16.692138372438734,11.424788122980019,3.356695595708073
119,1.1888783006547692,19.835793520579347,11.759641565334304,3.3277604820181748
120,1.1882803404847435,18.20414030246428,11.337220285431512,4.559181855276939
121,1.1865978500550831,15.575891020089708,11.128814391366426,2.5431130821704064
122,1.1887431462982274,17.975680339940585,11.17948488226118,3.514120494401615
123,1.1885842922093954,18.932437463651272,11.962387527126399,3.146720342676453
124,1.187716701810207,18.85094462066881,11.774823902310372,7.2131223276288985
125,1.193971784659852,19.480244492660177,12.145829519166595,3.988621079165007
126,1.1974514033526338,19.881524634303567,11.928742587845429,3.4885506093260967
127,1.1965047741703798,20.072721746601342,11.782174080902347,4.353380842437153
128,1.2002244819885524,19.099969659176253,11.893688302391176,4.282367487667524
129,1.201533424190997,18.88536312055953,11.432734041282647,4.639613299152302
130,1.203789170527034,19.816501674508388,12.209636191657124,5.121497218855901
133,1.22783980289511,17.042764823564156,11.346883249707295,6.068674852127341
134,1.2335008355690642,17.722306843130582,11.814143172418705,8.087795147542879
135,1.2390546793105501,19.51666096038937,11.937536907341308,7.395391355298268
136,1.2469685769876169,19.69989144859409,12.625797403402418,7.28981041087893
137,1.2564347114755752,20.811159077516056,12.559695471954438,6.956640997735736
138,1.2722200234750027,21.91745937026633,12.457899722481464,6.892570711941147
139,1.2799421655972092,24.59855185464602,13.298278268430469,5.323495019914852
140,1.2789956265700917,24.658995825792246,13.589584311816688,5.289776375856144
141,1.289588801715768,25.684628254927762,13.523245650691264,4.02217710567554
142,1.2947507429571232,26.79208392114235,13.952072844815294,5.133626355431913
143,1.2964404505161942,29.92982038510187,14.47934627932573,3.1307914441942812
144,1.2941952255029578,28.308472814038712,15.698082747124987,3.0660968512172473
145,1.285441517141524,31.46317485925787,14.440540081769674,2.809544572063142
146,1.2888659831910079,30.176381841763654,15.877743473808051,2.3445730083551046
147,1.2912621229559678,26.07288356725388,15.36991796255634,2.5868235307079193
148,1.2934917073548244,29.630896840255907,15.268523315368977,2.754410947646578
149,1.289550216861685,29.7527562922889,15.182114930814567,2.5668400044277226
150,1.283379550633774,30.29985098615313,15.382541568799638,3.5201787219711553
151,1.286319740952468,27.882587815600136,14.515474317686213,4.183064578389814
152,1.2812329356557781,26.859729396229383,14.265725281088105,4.516821292248315
153,1.2694630615641476,25.977454619377838,14.634283045403352,4.426118770484784
154,1.2643715325501734,21.974585604768063,13.995516406006928,5.901314907892077
155,1.255287197789093,22.977315799561154,13.58303202628449,5.904209687106571
156,1.2399848042518582,20.871285338024578,12.777988880219144,7.138754503351086
157,1.2501335160804845,21.201952474699855,12.52280958739159,6.320698151163914
204,1.1815694303869952,12.913901253205603,11.975101486262604,2.872862801284504
205,1.1665768472389924,11.835304379289084,11.218872417050557,2.9591457485377535
206,1.1566217090617237,12.821868566291963,11.509643530185931,2.2551096000143374
207,1.1569668906624668,14.161074958589781,11.310510550159087,2.479586409218691
208,1.1634569526911531,11.847779459015541,11.643452358314653,2.7476065344189147
209,1.1613917916991807,15.866816526589648,11.725631899448532,2.7796991397799915
210,1.1645930194525114,12.72356859583269,12.109610350731197,2.465198996344781
211,1.164271118819225,15.641817721798553,11.943912136317788,1.896076122014804
212,1.174400271143082,11.593544343671676,11.02990513412992,2.468785361019754
213,1.1694949039848261,13.002327155855586,11.521104458955723,2.5750999217313852
214,1.1671275275129758,17.098197845369974,12.005847588833435,3.8035224411172632
215,1.1705612222817847,6.710014487804519,10.571128454903356,3.790054217420637
216,1.1666066606421708,13.49594810996463,11.422432495809442,3.315272756421945
217,1.1657543189525723,16.050033585976948,11.658451123297123,4.63529400852582
218,1.1653314186090193,14.028976049012048,11.2843887401115,2.838549276062522
219,1.167116214874076,16.439602616621375,11.82139097088942,3.2731138432000755
220,1.16862161476459,14.633738598493636,11.429115763441871,3.538423419148594
221,1.1671021158111712,11.603008833976757,11.202877601374365,2.810500845535716
222,1.1674744050902837,14.565794985958968,11.615594265585372,2.6607950314877575
223,1.1677721832868155,16.367105530626983,11.576242384912291,1.948579654918465
224,1.169204807884481,15.5302164323636,11.428296479467464,5.257277162635327
225,1.169383962999974,16.51645576801651,11.535173130630954,4.089453326406173
226,1.1756450253026063,16.805106292947553,11.783625546097829,2.8471665998232716
227,1.1795578051795292,16.10028155332582,11.562246863974694,3.424878612194639
228,1.180998567542256,14.988297047315454,11.147847736558539,3.1794647165982326
229,1.1790728379835973,14.877045276587573,11.296520025592658,3.5635319611388816
230,1.1800882937209782,16.199683732364143,12.361213823410937,4.816682169978045
233,1.1960066357375494,12.586625851300902,11.190431675881127,4.620674799692694
234,1.2059256679572807,12.371071451037427,10.88652014058933,5.31754696343858
235,1.2053250573167889,14.256278553546988,11.228295950736847,5.396911947671392
236,1.205805773504273,14.296974331570851,12.437340910000579,5.455697581647001
237,1.216762548437486,15.022864514015483,11.379831302221444,5.583103852705013
238,1.2261946581845007,15.782490776141806,11.56036816801735,6.5588485714310485
239,1.2326044937464602,16.896408428974038,12.172482074090736,5.928556540202768
240,1.2417616400063944,15.40895953741712,12.244100235923945,6.273359056823845
241,1.2414231519466403,17.16267586299688,13.077875996982455,5.9333403938679865
242,1.2514545466315643,16.218596982956765,12.973683254013778,6.067405153729693
243,1.2459713503797265,19.559728649931465,12.951927732751452,5.9006717957780195
244,1.2525090467614182,18.116086105705435,13.35950982841864,4.7905584177135685
245,1.252642325712184,20.134275877203027,13.584788800767331,4.902277044481059
246,1.2609930922680612,19.67045294947436,13.461514108426039,5.04271078075853
247,1.2541334719880746,15.685416021825498,13.144990470654317,5.159726265054125
248,1.2556607499916088,19.453322840826498,13.541371679713334,5.171803340099658
249,1.255272684073437,19.629386588656406,13.525870153715697,4.754943790391711
250,1.2524362680240644,19.515192613883254,13.33170559936213,5.166754049609432
251,1.2449973831246781,18.83355217468665,13.689226006215128,5.835684220099541
252,1.2431087555032878,17.48253153173727,12.52625828121278,4.300241243241432
253,1.2297280386229155,17.439017924206,13.261687129451861,4.380544168563979
254,1.2308448898334095,14.001946966101382,13.119172731220214,4.958442213792654
255,1.2234818662765787,16.559193808966736,12.261384156264532,6.274649955531287
256,1.2139344486421544,14.549496706832475,12.120675771558952,5.34291989984317
257,1.205681319732265,15.612084864540089,11.61103115767649,5.342515191423217
258,1.2131510884112158,14.373067423786896,12.795853602873485,5.412613452683189
303,1.1864622775810305,16.073916373571965,11.94556803732174,2.7524239323507986
304,1.1634239543840577,17.056708587770395,11.623003717137198,3.3344299396677717
305,1.1630953435602558,16.25309512041374,10.926907746394448,2.6497282258201507
306,1.1634465837320664,17.274296534061865,11.580262802842695,2.2805089771767166
307,1.1636378308499016,18.919484026528064,11.383634904460143,2.407591120803717
308,1.1704181328873668,16.531383792932278,12.150468083614484,2.697034697511782
309,1.1657102008893112,20.798960138966105,12.328612355451797,3.069642871906187
310,1.1684625088741563,17.989990086631558,12.196171429592079,2.4394543676359035
311,1.168777537342061,20.747368390558993,11.877613852246013,3.1821660131691236
312,1.17504711769278,16.46877660695872,11.306357975166724,3.26262785554104
313,1.172438009437109,18.090579552436413,11.968892713159233,3.616106284551669
314,1.170248846189714,22.3460829104354,11.877074699849441,3.5226572186414997
315,1.1724411904706924,12.340585994572972,10.473256186564724,4.699145198015569
316,1.1686355966373652,18.528005938345554,11.920411921063423,3.132399652747038
317,1.1663440402652832,21.1171482060027,12.033510737879679,6.56963924897455
318,1.1702898717232493,18.497944978900765,11.36273975435559,3.3047947356436937
319,1.1691857317347412,21.63774887715173,11.875245814248402,3.293792526237748
320,1.172263993030327,19.598778371260437,11.97022482951116,3.025557261971822
321,1.1699541149002335,16.894726327206648,11.28430953985259,3.2853729151116315
322,1.1726779722649947,19.16911345762267,11.88345240837516,2.472795911346516
323,1.1705787563371464,21.123929235262153,12.127652668622323,3.4930731740903167
324,1.1735702376770492,20.108778134925693,11.932980974716072,6.128396709586703
325,1.178073017865564,21.006002547911887,12.03049305327944,3.3766767236895325
326,1.1780638519482738,22.348865173072326,11.976472691660312,3.277705504423503
327,1.1835042186463534,21.24417340208395,11.643955945829394,3.6956951351392298
328,1.183194883297135,20.087603737966496,11.63280349763643,3.8432797877273006
329,1.183351167698084,20.311346908183403,11.680789699562576,3.513557118890574
330,1.1823985923580038,21.538413058934864,12.22920153349474,3.938514476530239
333,1.1970355538626887,17.291708994071453,11.564420580689225,6.162841259383223
334,1.2033817715843544,17.571401663684497,11.384929166324712,5.294365806763584
335,1.2016173222396103,18.73763149828973,11.877777492587638,5.8923558915546845
336,1.2085806231683447,18.335025038116484,12.402990027006885,5.112398714416141
337,1.2146972344375195,18.72294180467145,11.993148197747061,5.981384966128477
338,1.2251223338995594,18.714630594105202,11.143566539072504,6.408883473505397
339,1.2254690285361958,20.18476869013098,12.005085803822983,6.5809340116743
340,1.2273886896718977,19.073201610390512,12.206168325621082,6.225889347372783
341,1.2292658808662187,20.710925790588163,12.626393444585773,6.154897346059253
342,1.2402065365205186,19.54863024153685,12.175398583572061,6.919070163283978
343,1.236536060652365,21.60449022787899,12.00853334244385,6.601165265079474
344,1.2378264862212305,20.51230126484472,12.66468127619843,5.945243110686203
345,1.2372150760992122,23.19530366881906,12.667607253529491,6.518821546879053
346,1.244476410186437,22.062377235401392,12.624271834786228,7.8155676440714315
347,1.2483328390702233,17.455787560224685,12.232900046037074,7.032323508092461
348,1.2433140168847623,21.47332369578141,12.697731537265161,6.406302464630169
349,1.2410372067588047,22.80214160128224,13.103154614580289,5.7167960587415845
350,1.2402793547764552,22.675736961133563,12.764311458316511,5.24786056485724
351,1.235263145398762,22.231646956239935,13.032715320254095,5.640535151331236
352,1.233963597193219,20.94136603310501,12.230702239114583,6.2552351585486115
353,1.2270002389519707,21.163833549012967,12.761932045310756,5.199032186932321
354,1.2246281920862818,18.873910763364584,13.127324151419568,6.139146964134683
355,1.2216696980671835,20.866640844377756,12.271268659153414,5.572573819383625
356,1.2125911017139688,19.987743408321982,11.9901983693299,5.506582896469791
357,1.209600499505065,19.84749777587702,11.885476683837837,5.335401606736854
358,1.2044035900237005,16.887478623833008,12.621459373341281,6.159855851135655
359,1.2062752752493888,19.91253087295398,12.716014742910607,7.540125370885662
402,1.1815028845845197,14.223256863537005,12.294206949494725,2.2832418122454707
403,1.1671659308976345,12.47738397319948,11.690859253048622,2.4097563298689577
404,1.156819976538988,14.227270909492857,11.391428813915967,3.225998540685357
405,1.165177386628041,13.246820036515865,11.226156785374878,2.5086302890654024
406,1.1624698178924884,14.402724039164735,11.383086814223123,2.6249487017859128
407,1.1608603124456742,16.187835139320217,11.434026987586707,1.8603622612335367
408,1.1669106871999493,13.421782990542333,11.986271195242686,3.2094654515047516
409,1.1626273930401143,18.12370906413083,12.205414965914851,1.8801280462502836
410,1.1644874953954933,14.722556306840643,12.107216191079614,2.278339446736325
411,1.166997286698391,17.3741708305763,11.738035944527747,2.25175594799767
412,1.1725164898688714,13.278299099331761,11.24702217013644,1.7278718272672968
413,1.1688780131933654,14.886998212298504,11.860681761463228,2.5961317592688253
414,1.1669138644388992,19.208674949064815,12.2361421863526,2.2574057633923057
415,1.1700328432746678,8.825642712213337,10.931700394760929,3.7619931850189454
416,1.1653672939401507,15.519777140549301,12.137526456982405,2.769999156754261
417,1.1650881220068734,17.887390333454498,12.130221359529994,5.128866476385679
418,1.1670419338414,15.201624449268074,11.572329210330755,2.043240570490981
419,1.165948580538362,18.477131934232577,11.9636627365621,3.126824613074825
420,1.1672973932314719,16.755871324840676,12.108394511505729,3.694021297574487
421,1.1670504229509469,13.258743558134382,11.739326026998047,3.3745821637468625
422,1.168171530449655,16.427398330109682,11.854589662639262,2.8354043874357715
423,1.1681132949742254,17.968715756135875,12.576887815018999,3.2656057359970343
424,1.169779000461976,17.558181209709154,11.447406493452949,6.065116291353557
425,1.1701622611020521,18.18559596656139,12.42557306037286,3.4272515362786327
426,1.1761882131618169,18.56858521265084,12.108370912239684,3.032694810682684
427,1.1772034673716696,18.290671133643407,11.924613938099403,3.7646333595911736
428,1.1754607564024007,17.58650503547577,11.79732693474745,3.540388195694526
429,1.1770398828700024,17.46079325740703,11.725517216414184,4.365023589754796
430,1.1766515022342678,18.147295031279018,12.031834319853287,3.4642591462798813
433,1.1912411675062367,13.395377286236826,11.518831747775561,4.992558309585668
434,1.193993464196333,14.014861262786194,11.318431587029563,4.10862378929558
435,1.1932119966076218,15.459748637847913,11.776213667789037,7.061476886079435
436,1.1970140237855593,14.402449002139754,12.57055837856127,5.212971854728879
437,1.2024869741388045,14.670455045142804,11.666639204915622,4.692212602724467
438,1.2092481561656694,15.182011848256147,11.075338901127443,6.051057807868997
439,1.2067494526152809,16.636397534507555,11.825384727288863,4.623685308119091
440,1.2124186663689183,14.717240244554883,11.811181171855644,5.166369184057343
441,1.2100262098168706,16.02394078469754,12.311398085492646,5.707050243205461
442,1.218050538812629,14.897242989741285,11.325869003873253,4.783634741420477
443,1.2179635404681957,17.434895579041733,11.903016222614973,5.0050295598024475
444,1.2193435890287425,15.250896395178469,12.537888014790498,5.068061659526227
445,1.2177721057181214,18.28234310093399,12.068403047868696,6.592529524642643
446,1.2229659714306804,17.024060960012626,12.655678994089895,5.969242637819996
447,1.2264548660256653,12.375822775520191,11.43653525095844,7.4874991647455955
448,1.2251639754321648,16.679121012997395,11.82301232968615,5.544309858886027
449,1.2231039013514688,17.68708148198979,11.940315088927495,5.947916946833067
450,1.2200304916788924,18.622933822809685,12.094664319215251,6.238725348440473
451,1.2184184524411878,17.73707792639385,12.494863197386577,4.384767303859534
452,1.2188193981695097,17.07714711680774,11.790672643843452,5.8286876244404375
453,1.2130937757751172,16.83275231131279,12.63077699792439,5.9286147127285656
454,1.2156358807188323,14.333229722366738,12.796621675310739,4.936889080444
455,1.2168694842756895,16.932878235704752,11.757193256953373,4.553040373072383
456,1.2068086759946577,16.030509975393674,12.048264011003063,6.29247106221802
457,1.2019722408505193,17.20808681752063,11.808099507635017,6.075776946654139
458,1.1984973749462327,14.43806161461266,12.761835126892569,4.5021039794956055
459,1.1936576514703838,15.2106251998204,12.54712814842126,5.63137169158162
460,1.2105028005163114,15.032267591978869,10.53388594162371,6.374809723307847
501,1.1890846689975154,15.646969754410271,10.9708974655226,1.9720559011958378
502,1.1677942960344856,17.26992181538535,11.938695090317752,2.729711161170185
503,1.169754422127798,16.18957966659644,11.65789586512321,2.137561331203535
504,1.163433073807884,18.14764649223244,11.807400929465757,4.016780037987097
505,1.17091995122972,17.135226371882908,11.433444465643403,2.4640691718407988
506,1.168638731573916,18.23330325005767,12.282074982363376,1.8550249376079597
507,1.1680880775624225,19.418380584105517,11.423852120313384,1.634526235848586
508,1.1749865376190822,17.089990777745104,11.687781798507743,2.688592912222926
509,1.169050042966596,21.311262363539598,12.355289379974051,2.058956252197994
510,1.1699623795649439,18.15508525556724,12.802006220458507,2.935013262579445
511,1.1718141122187462,20.69052783977364,12.456006372777601,2.0646914177292874
512,1.1766199932159283,17.00011731199318,11.58700084980296,1.7358803323194059
513,1.173825146402813,18.381693167169757,12.14142621404866,1.578867002033894
514,1.1729856926641027,22.032720813280033,12.287412279106565,1.8663730841881845
515,1.1767144083847632,11.66908636645556,10.555775009379198,2.155386354410066
516,1.172730031539818,18.76976126903549,12.167737389336567,2.595278892667497
517,1.1691657672860043,21.47513616601515,12.16761996197802,7.486413082411019
518,1.1719589634696916,18.754239140852775,11.536743676613371,2.289183691291873
519,1.1719083954868281,21.590908835802257,12.133801453639059,2.2823516599861002
520,1.174052524884526,19.88779407415819,12.114490160569945,3.0604073278633352
521,1.1720073536742728,17.36985470823407,11.395052464407694,3.0731659725363567
522,1.1747496727470488,19.90559425046687,12.235182679060353,2.974187306870652
523,1.1740830940347524,21.380809221305405,12.603747123559026,2.6275341407458424
524,1.1740776941607765,20.980010121879282,11.842089441827266,6.550493512973846
525,1.173555865771102,22.07672170029812,12.509656457038927,4.207135534215184
526,1.181188443460189,22.198255845114613,12.274242339399613,2.438683951677411
527,1.1813846871621292,22.077184548883803,12.284284153183807,2.8372278384807634
528,1.183458355722091,20.690697800339546,11.832595900847604,3.484649242963875
529,1.1808211345901551,21.00187334485343,12.160368665911667,4.378659465467992
530,1.183533488298932,21.411978813596477,12.663611198168862,3.5874282936538027
533,1.190722212184153,17.075821313082116,11.405458331720446,3.900368956303797
534,1.1938069704688254,17.326109365598846,11.634799708672054,4.802169831117681
535,1.1935746224613648,18.33078453816103,11.784930047661383,5.237431464153213
536,1.1953184640584895,17.714142610313584,12.730659740398231,3.260083083587133
537,1.1983418000308492,18.420346379380927,11.6697133590268,5.410854362494293
538,1.20462273790625,18.39395876688294,11.083304928817808,4.804085314865717
539,1.2045454070677455,19.309370721004402,12.311274911751006,4.992339628805348
540,1.2090666231252014,17.648052309150277,11.607302177153723,4.186598635927148
541,1.2029109691544937,19.067792245653887,12.291501890884051,3.9266702425248736
542,1.2137473601117064,17.521977038244607,11.609350863956417,3.883419624352172
543,1.2106637733116856,19.937201888315233,11.717165934668444,4.871840359871413
544,1.2123667058322298,18.017820486765515,12.462155867977465,4.66205367473269
545,1.2094893665987254,20.9104854162187,11.871728824813788,5.7906423087967935
546,1.2173756389345012,19.122149893937173,11.822676488567577,5.589654239919928
547,1.2211327522407442,14.563334341309481,11.470682104374644,4.764379622649525
548,1.2185587026479243,19.22731239930544,11.920682699117716,5.700705827690989
549,1.2164147349792724,20.546097803298643,11.765329507180962,4.858163036601121
550,1.2147600921853055,21.54494819612162,12.433355940488834,5.248740416119522
551,1.2136381033193133,20.617072784574574,13.084539334853416,5.183482226388072
552,1.2188112476972155,19.20166601051704,11.93062028870649,5.173998595994019
553,1.2120722777068174,19.82425686472123,12.870494473298457,5.476925464341931
554,1.2116384604670947,17.800976692317118,12.955954314676555,4.727716997832432
555,1.2143855093210407,20.3873176379787,12.203058868281163,4.884516573782867
556,1.2110045528844904,18.710779691283026,11.939191340456677,5.767966291740306
557,1.2055157334624127,20.502605240492198,12.010538321009205,5.165093911761687
558,1.2055890649454963,17.793634611273674,12.89684668263485,3.8933123216551513
559,1.2027171280929267,18.898220276010882,12.60247484943759,4.814784845666281
560,1.2088354637990346,16.2788681242921,11.045302297806193,6.505020935920592
561,1.21157867915823,17.973617218683213,11.634934321436171,6.853984737756207
600,1.1905240428832657,12.127918490590629,11.246738823722268,2.006026250106936
601,1.1570919723497182,12.424242736777249,11.57292544476325,4.470640692328185
602,1.1497014352271644,14.470999770522937,12.133153254341149,2.1722149013047005
603,1.1565972975370753,13.344218650200121,11.284036381741657,2.049476943367695
604,1.1528260140027045,14.681866252708456,11.564030715322524,3.407071056912236
605,1.1587716122357592,13.905719508246804,11.173370886357402,2.271325620820317
606,1.1569912614296634,14.702107558321238,11.539138797779408,1.867729712157296
607,1.157247490176759,15.676261328108355,11.123601487540427,1.9717665311730415
608,1.1587956301920486,13.486985327121195,11.895476125411479,3.0126038914189417
609,1.1550395254507495,17.496688765229703,12.671686760937426,2.02832769391581
610,1.1585977385911874,14.31274232344112,11.880953155760169,2.095437019499286
611,1.1570338516152525,17.297788581410828,11.950462549206394,1.7991257138941052
612,1.1625403603968054,12.79737918004221,11.49210530425202,2.5082958460014346
613,1.1600136664947285,14.468106786625007,11.662152705497014,2.1253367140057673
614,1.1559645084885528,18.86941457576479,12.063395778550884,2.427423084311781
615,1.162955249878529,8.053961042458868,10.460810196218477,3.372516733554541
616,1.1579736757488852,14.967328703034132,11.250620573736681,2.109207254279399
617,1.1559802350292738,17.886046625655737,12.087093463651357,5.392394153501331
618,1.1569611024565838,14.99351995850451,11.435510624677619,2.7364341110887245
619,1.1578400848111006,17.891640805470484,11.763117913742589,2.7170991730114764
620,1.1583969561162981,16.31764169287251,11.508815236192481,3.1635473658451523
621,1.1574997341162598,13.18383184928261,11.346069693588934,3.2880767825719874
622,1.1604871326492099,16.115519844690553,11.712083655361587,2.141480478363672
623,1.1647158731220233,17.368053210298083,12.198067310154563,2.4901888357579343
624,1.160989312361731,17.01621474788732,11.257281549470788,6.308665698622753
625,1.1615503059577437,18.000760185679717,11.99579234615782,2.1704747225203995
626,1.1643170075578206,18.744595618830115,12.119314403447767,3.9144777595310183
627,1.168879822895684,18.16728876288598,11.96418742236038,2.3195101948731915
628,1.1685954472394804,16.972198459256262,11.697131769334243,2.6421762318490427
629,1.1683396454857726,17.020284154813123,11.524862993475237,4.022066876318788
630,1.1674674991396545,17.71092163323656,12.267150002754661,2.7771395634683183
633,1.17219384709437,13.47096591466291,11.546891231366079,4.170281500774733
634,1.176290590046221,13.067118124129637,11.068116321329063,3.9716462985330767
635,1.174944904698855,14.204739584776448,11.387995308211865,4.755461479357453
636,1.176603360302004,13.662304956666665,12.18573164344587,3.540376765632825
637,1.1813749213717712,13.172090204117096,11.485024719871076,5.0123680309466945
638,1.187089535094192,13.508295810577406,10.978114790396436,4.147689272904444
639,1.1836075177641705,15.244714435124937,11.471248843965483,4.827357908125101
640,1.1844797361824486,13.290173712208055,11.366565736623917,4.371286308496903
641,1.1830631554282631,14.337892542156116,11.786870222722415,4.290459657403113
642,1.1917565256158484,12.682496831696104,11.21715625439598,4.215744021338451
643,1.1866353310058975,15.476230211772275,11.610472467323909,4.5653811073667
644,1.1930985229594895,13.006852527614088,11.280287169035335,3.980322268327199
645,1.1882829045503127,15.539386728178451,11.4555686991419,6.580067789362266
646,1.1932748796264072,14.469537423021729,11.679571123325971,5.067065824732234
647,1.1988615898875554,9.312918206091592,10.961554407397099,5.241377843873476
648,1.1923118932042875,14.722411502448278,11.821543285009481,5.72456242591678
649,1.1936591541834118,15.804088215801732,11.978824712363634,4.556311409863394
650,1.1928514881368752,16.308075438902836,12.020866072038372,6.373936139551309
651,1.1934221239890397,15.574734932947553,12.553473742449912,4.329082941069417
652,1.199404326178156,14.414576267205861,11.053031793215405,4.464430443225515
653,1.18924646922377,15.241389697915906,12.457925734346395,4.1881602484373195
654,1.1963875166020064,12.567195215819325,12.37469027281862,3.529736460188757
655,1.1989834796067929,15.515616959720191,11.884231479447244,4.566286638373839
656,1.1972332615856278,13.734041130222955,11.644272934281473,5.227264880719928
657,1.1896293279412833,16.140749910499597,11.694503219598383,5.3476617853026
658,1.1936993123291737,13.17506510372366,12.9073069245629,4.261112612625994
659,1.187051080926195,14.854103301376627,12.76628950420788,4.355970993562136
660,1.1924616271617146,13.68732336374291,10.766321111773188,4.848023151091062
661,1.1872396138414818,13.506136853317345,11.438756953198823,5.084678670028353
662,1.1985248163761593,13.520016908204695,11.79070997323429,5.198824531394808
700,1.1617789911654977,12.220047427737866,12.101595187803778,3.9934736397541437
701,1.1459838904685924,13.493604071990887,11.685080987562648,2.7708722962834766
702,1.1437451893545,16.146742894894313,12.491649022113448,1.697181824506768
703,1.1521010118807087,13.740853757099057,11.721453013321707,1.9179842036095502
704,1.1467983162129907,15.10853367433319,12.036712862491454,3.1120629649445775
705,1.155374253303766,14.079971855632165,11.343748057957212,2.7023087300435975
706,1.1520808094836559,15.060325481470045,11.76371615321125,2.6253454573106634
707,1.1509038912308123,16.221903438812426,11.60108709401685,2.0010935339476332
708,1.154484328268191,14.095344548401739,11.868028701083439,2.546757316123251
709,1.1484975282402168,18.391833886597464,12.668461648955027,1.8550272198311262
710,1.149934981989178,15.16105017699427,12.136848180725112,1.8859759414249413
711,1.1486348076860537,17.936017626321345,12.140123262813038,1.8993772380622023
712,1.1551594462282933,13.893559694606648,11.525343703221797,1.9646748049094462
713,1.1504582127840832,15.145635616888663,11.897129090921304,1.803964796570984
714,1.150710641739854,19.10372038248118,12.099333476161199,1.851823545533205
715,1.1548813894499643,8.582603509886528,10.709744222916022,2.1304015058874697
716,1.1501948214926423,15.821530223211514,11.837532906352354,2.6669072878833187
717,1.1490732296610875,18.549167766570868,11.910398070347693,5.202101064912253
718,1.1499743868716652,15.871362428545085,11.560317645356635,2.601058736351041
719,1.1496028633444464,18.641121882028685,12.189925457258937,2.6268887205698834
720,1.1523336440499905,17.199020728375984,11.934684329530592,2.468129297828205
721,1.151991241948538,14.098839280304423,11.376776965398726,2.3822579288937815
722,1.1518380915359796,17.01818556305035,11.548144663760732,2.452641992111261
723,1.1546087420951594,18.829570188086606,12.09043670321785,2.3913591964308476
724,1.151549331317545,17.851668979329236,11.969338685656522,4.806040186665511
725,1.1533905044386732,18.67190202272127,12.013757280869633,3.608834308375769
726,1.1609439724128652,19.15400233963337,12.28512646073289,2.6701018782708927
727,1.161690572218485,19.289215979240325,11.75735933601269,3.4101971716004593
728,1.1613712249294135,17.344437766129527,11.99353607018603,3.1980015621620317
729,1.1572706728004556,17.74685138612284,11.724767005391188,3.869444556953195
730,1.1594303143893048,18.62165393231564,12.086440938960052,2.737292171890112
733,1.1649318157819768,14.096746424524545,11.106703695800615,4.685364233504498
734,1.1659332155558322,13.692716507163396,11.32376687198347,3.4395335503286724
735,1.1621451742862536,14.562838262080293,11.607793129659292,4.964808528633467
736,1.1668164333403879,13.772489634914562,12.229056951412844,3.280194373095289
737,1.1689688954502782,13.909262247045852,11.031948109508809,4.733695953425016
738,1.1736362372704228,13.870813996757423,11.086800491009486,4.071961956536884
739,1.1726708993707016,15.083851294004267,11.520156460099582,3.889966466891917
740,1.1737864391235864,13.669168692181929,11.555484050335027,3.6915543712171957
741,1.1703752799950757,14.419765309404012,11.951446313167274,2.7710638298252612
742,1.176791265249147,13.179779323869553,10.986295829784408,4.725609758782497
743,1.1747876293039314,14.813863995904066,11.29458108994511,4.004111166631987
744,1.1763614323902802,13.668932375483527,11.55438775457714,3.3409478981127645
745,1.1751353733998886,15.513217322628574,11.36425668475474,5.08365521682634
746,1.1781196558508416,14.68796111776395,11.860778753346429,4.222635020887807
747,1.1844506095375071,9.274077375512457,10.624767467619202,5.063705627930655
748,1.1780756154341758,14.77963082030344,11.527899521203032,4.145929245669608
749,1.1798449930770702,15.368095836007093,12.024559038837335,3.518182906811125
750,1.1778797883562442,17.080330127510948,11.65992759623894,4.774480116998608
751,1.1807629189403608,15.485842808317875,12.364472541649892,4.46041204213452
752,1.1857838037153108,14.360016974741598,11.534833756710817,4.460523979796582
753,1.1844624136200215,14.320526013598403,12.32696629075348,4.090573026050859
754,1.1819646441149259,13.48496757289274,12.55693323170878,4.714660714822572
755,1.1861584412415414,16.318530697382116,11.691304249827088,4.615603968013601
756,1.1863387863347248,14.559531762033567,11.165168916617779,4.95749604655231
757,1.1837884758005852,15.757046332932793,11.71045045114141,4.973156426480497
758,1.179256689586987,14.628022310937425,13.00719309546125,4.649203059308927
759,1.1761821553631449,15.865426798599163,12.9408565057946,4.273619287970297
760,1.1851878524826873,14.063048951148641,10.891970982262855,4.588796484628582
761,1.1754976391371734,14.66646630086438,11.819839225464538,4.8150825224039835
762,1.1740010692442315,13.80713689506228,11.803589378228033,5.803725011910013
763,1.1970047735069285,17.1226025513802,11.512014498922307,3.102737785032649
800,1.1645440350874774,13.14750645443746,11.494454830561754,5.106439131787482
801,1.1556910386543677,14.210991696729286,11.824948550734398,3.4842838826609444
802,1.1555684579164553,16.3788145943652,12.526646466302129,1.8170140303544369
803,1.1659594542563498,14.403160946461062,12.012849658651975,1.877429689815293
804,1.157873887844175,16.42203494216018,11.975249962581785,4.357922426934422
805,1.1665672060608023,14.874297199194121,11.08621754433794,2.2524429752568422
806,1.1626326099741984,16.10621948400647,12.063265085917878,1.6675653794626906
807,1.1592809617083026,17.635083448867583,11.813897332082291,1.7658243094114332
808,1.1644138718121202,15.256328261938986,12.095275408164213,3.479775676395144
809,1.158386258399902,19.437835956003248,12.247558367549475,1.5455633709062717
810,1.158706597085295,15.814221184104769,12.455407350605325,2.3176548027555737
811,1.1570061046325442,19.01127062020602,12.131211953470922,1.6322253897669667
812,1.1640818032338331,14.764298098734168,11.712608974834632,1.4055665657063587
813,1.1573696443767891,16.41498289537022,12.234999223123303,1.7653546326902056
814,1.159593204307589,19.914144174274046,12.1371785866692,1.7660063163735462
815,1.1633567746490967,9.812392444908943,10.733693982526804,2.338690273282553
816,1.1580034085843804,16.807860374958405,12.23403092384357,2.561810779099491
817,1.1577030680358729,19.598801038619087,12.220072727760623,5.786662983959385
818,1.1589145107098207,17.023379725338646,11.434621155004484,1.4287322709370556
819,1.1597935799157952,19.893084419788753,12.16509804254198,2.6438825722743107
820,1.161534149802973,17.902928862789846,12.096733912062177,3.007447562478367
821,1.1605752839903754,15.582948211184744,11.42184066355355,3.0304966632328267
822,1.163259887910081,17.926617941828322,12.09552516189849,1.821409372855329
823,1.165647773409599,19.236862046601566,12.594080209865151,2.196576137283202
824,1.1617622384955693,18.818429346330998,12.046021195712374,8.74738022707819
825,1.1649863802283378,19.965687057789896,12.53668867227644,3.1016388001831636
826,1.1690905356284271,19.998319809106206,12.48951816573457,2.5503643723375706
827,1.17020480220803,20.187647328042246,11.962270222230199,2.0724079868891003
828,1.1701429440384041,18.697402224575733,11.962443951032562,2.0272697635016113
829,1.1671653186105477,18.690512506950874,12.137399318256737,3.5141554764959526
830,1.1699843902653735,19.49865956169496,12.315858046821809,1.7409118771624645
833,1.1745232299785435,14.8603090612161,11.367226098985634,5.373713174156732
834,1.1746771966212743,14.768093608802277,11.683118822218399,2.9806374167177085
835,1.1705524660498428,15.98792273239338,11.92112011513122,5.715302714108675
836,1.171508755954331,14.988713337778293,12.853335177383276,2.7071901523893356
837,1.1742977612726933,15.159355027996845,11.581347574869863,4.229911676140554
838,1.1788996374611285,15.11133102370871,11.10988153707118,3.067954338132004
839,1.1773376111950495,16.658464232345068,11.586630117529689,3.73092493558024
840,1.1769170996120957,14.653365831878725,11.68232650801361,3.3863039025478523
841,1.174502168441644,15.863096921994496,11.873850871573454,3.168076569721039
842,1.1784640031399456,14.141196509213508,11.665306822897154,2.86452407793787
843,1.1756753715457382,16.8119910034061,11.987285854511507,2.469930464437235
844,1.180689947790068,14.263792513205807,12.134107852981321,3.377448929033324
845,1.175829906344218,17.3386269614446,11.970583541914015,6.518833485653259
846,1.1841457466160328,15.467337897405555,12.291626961095217,3.778991435606364
847,1.1866589150184685,10.932394786135555,10.858164883754943,3.4849670530992096
848,1.1838299304356117,15.858755979314306,12.174521808289981,3.764395898529196
849,1.186521242857525,16.791470378430052,12.257489830190337,3.1421725460073535
850,1.183832356134571,18.18410647906636,12.186132697779644,5.687888708794473
851,1.1898880921550532,17.072934700491217,12.660490789693283,4.097024512570386
852,1.1909452678010601,16.331459127738984,11.795165572174735,4.171304220575554
853,1.1883163420015725,16.66749937651166,12.729177432787699,4.034129223171024
854,1.1913794955818886,14.860758995745003,12.833497882211676,3.506486416832009
855,1.1938684297791837,17.617907651687165,12.314724974962427,4.303501427084308
856,1.194657437865351,16.189646470884927,11.85675256141585,5.214388182175355
857,1.192715962335228,17.910987736736512,11.782459428367988,4.675704388705558
858,1.1937292059868454,15.466330704043505,13.17908833940822,5.041422373157498
859,1.189564479722267,17.23092162129779,12.920641697785761,4.131098432083083
860,1.195351467426878,15.531370886754654,11.411241140652221,4.902539439033728
861,1.1885604721969305,16.033333724750815,12.26561673571885,4.78676834105772
862,1.1863368094091424,14.122797278616819,11.739740395359343,3.817033559924852
863,1.2016618713910214,17.30861996794675,11.609901990721463,3.5610674023804796
900,1.158014146028513,12.69928461000292,11.63612954237082,3.6260333970425798
901,1.1503976040567874,13.13704794283524,11.839654854971918,3.2499751673149135
902,1.1500448986737422,15.175027963678502,12.346677550411227,2.1016301032853213
903,1.1602236159731414,13.256046990016545,11.473158225543814,2.077414950061116
904,1.1541479975827666,14.73323339402108,11.764770259062445,4.102674796277648
905,1.1639650246246838,13.314989716118793,11.176928419122179,2.316062328696773
906,1.1597478320044028,14.51102107572817,11.532090410802747,1.6066816235476686
907,1.155963776785911,16.071597963443804,11.786464835190436,2.2014455121811296
908,1.1612303197016474,13.658564309165504,11.641597705308593,2.4713572656998846
909,1.153108913937193,17.703473686656842,12.273081562781613,1.9414257355075863
910,1.1557697491661763,14.379727685024278,12.23070014418591,1.9556722556420623
911,1.154433289628067,16.94685597617409,11.885464596294918,1.860031777507167
912,1.1589409031421019,13.115469016617377,11.76241483681215,2.2414560636104817
913,1.1562425153265867,14.40774691116138,11.811759041213147,1.6430917275177528
914,1.1559379881445657,18.16613401046507,12.05680824842516,3.0325396631336097
915,1.158448426607699,7.800117959990598,10.32860099369985,2.4328367657478647
916,1.151839517945126,15.034570619618316,11.656287715489604,3.3428895956549587
917,1.152349782735522,17.99435591085199,11.963648869237469,5.416056813539698
918,1.1567112662666896,14.964162918130139,11.280918904126644,2.1400194473174
919,1.1548528478383757,18.028696558331234,12.131833159594933,2.828144675902629
920,1.1561673151215923,16.399844634813252,12.12709788253456,3.1749057567643497
921,1.1555065510190239,13.751762048021039,11.309936163870338,2.5776938991957317
922,1.1598728441520625,16.033338333573138,11.806611776364146,2.206398569532254
923,1.1623449780638355,17.47147848085736,12.332749261491275,2.513481096916704
924,1.159544853684248,17.042816315089194,11.907969571417604,7.339502386087893
925,1.161300007837145,17.89826357110328,11.944690234729444,3.264018022569332
926,1.165138878884794,18.47822332937372,11.841232461994545,2.28351498785541
927,1.1651993898895376,18.566069619671943,12.101279008024031,2.561443156178984
928,1.1646408237719328,17.401705113047527,11.78211248962184,3.1042282880461216
929,1.1642428925965003,16.651159202481875,11.605751951962635,4.620142301817639
930,1.1664735901198988,17.389157786546633,12.28455014580752,2.3924708408014306
933,1.1642977504335124,13.243225646173693,11.515448890409152,4.918113655880866
934,1.1686902841077507,12.623681610516325,11.045742723489257,2.995631982195079
935,1.1633913182602136,13.861857237552298,11.884904692522932,5.328911531967394
936,1.1660138005692187,12.74809871606237,12.27892915935103,3.277250220794184
937,1.1673546135222934,12.92302299058008,11.541830163351477,4.853775775544527
938,1.1720689414102918,13.13130813430846,10.726321362947255,2.695488350638995
939,1.168280837422181,14.499750676080051,11.673429920817219,4.124107420774699
940,1.1692087511659963,12.356844915627423,11.707595469878992,3.784575028620384
941,1.1639553429298388,13.665059326996975,12.331978835747949,3.4517914979679465
942,1.1720043498986799,12.03880243978248,11.315941630456756,3.178832983298124
943,1.1683522198053613,14.223485611384698,11.49168511722615,2.9821418335022876
944,1.1713349915088334,12.299605302930035,11.59466110296622,3.475757101666191
945,1.1692533885361576,14.847214168882278,11.589008618311839,6.235277425844642
946,1.1728615317289441,13.83986823007032,11.960047696902484,4.177099057796323
947,1.1777484601294805,8.210956111830738,10.519653822718437,3.870387660398606
948,1.1782659835725988,13.056075168844774,11.836740457662117,3.5571377547048244
949,1.1755602288866718,14.539785008056478,12.338753253916108,3.785417633005527
950,1.180187705751847,15.250657744141114,11.636200480692498,5.759375463670159
951,1.1815696940475016,14.780462267705822,12.290994516437486,4.404085416425705
952,1.185132729119466,13.477404851781895,11.579219643740831,4.749669065078261
953,1.1828845241878436,14.452592995353958,12.584037908103427,4.061478650886638
954,1.1841264893618826,12.484855390467983,12.619604405666195,4.229480235999092
955,1.1878322580184986,15.875144289397296,11.879170896539854,4.755118401691392
956,1.1852835694588713,14.859733237911932,11.963250353787059,4.944775491655041
957,1.1892140803408642,15.37259352737121,11.564809727569038,5.136717670324562
958,1.1895708860376915,13.31784793591741,12.91878883935512,3.9492724427246775
959,1.1855012562241785,15.273289559277595,12.526709053135487,4.40148404353122
960,1.1880547786454159,13.341042711313383,11.059583488409912,5.579468750843468
961,1.1808305291594017,14.297802614481277,12.257363518591113,4.179311524901964
962,1.177311661981611,12.766751763555018,11.808436016553866,4.535609772830451
963,1.1907130385253766,16.623997730437182,12.465193508996986,3.2874902991527932
1000,1.162042354237246,15.861619356677608,11.27394525571103,4.294550378213997
1001,1.151027823721435,17.07467059797783,12.279244784079776,3.336489362233028
1002,1.1532661730637799,18.97293221855216,12.25339850005008,2.195929480388542
1003,1.1602170540754833,17.236568718413192,11.535959288543067,2.0240796076114713
1004,1.1553824477616506,18.626443500285983,11.795292968874907,3.9782923931232617
1005,1.1622957089883876,17.391883700333366,11.48217461022889,1.8530290855998581
1006,1.15910072000363,18.521452018529807,12.279608505460429,2.0410491817660836
1007,1.1577296574029239,19.74455144244638,12.077962737905347,2.007826648258611
1008,1.1612974105577214,17.57973104936803,12.184505410925071,2.56290380645496
1009,1.155303368581899,21.605942227614676,12.452409380045776,1.819683527651678
1010,1.155100049278824,18.31734634494782,12.507769821696552,2.536378222387685
1011,1.1542614169947536,21.1201673968179,12.567946095676392,1.5622861461537811
1012,1.1587121918695598,17.012931526996933,11.778638590833294,1.5394794562058023
1013,1.1549252313587917,18.229936063280313,12.141023046622575,1.8194908582351388
1014,1.1520877554042073,22.165792634679065,12.611238316752639,2.5028685649379074
1015,1.1556204576074962,12.049212849575868,10.764580234288635,2.6022265003689435
1016,1.1532676584648511,18.643003733925905,12.18059899248042,2.6821901286670515
1017,1.1505457709236524,21.521804727053933,12.424697140225637,7.360404101603817
1018,1.1550325168889748,19.06790073379227,11.59211338036194,1.4219023009873681
1019,1.1571604146989303,21.8571125717019,12.20735309523005,2.996124881111375
1020,1.1560169729440937,20.531212457006806,11.929310874930064,2.656405020979175
1021,1.158817637870637,17.12518127536835,11.643183438372027,3.1173287867351633
1022,1.1603232118487556,20.48692545456374,11.86150083334736,1.5723377723715086
1023,1.1616830250576178,21.461330967775684,12.623034775002596,1.6609030971236614
1024,1.1568633709986662,21.031461369570057,11.931384322417774,5.727439949053213
1025,1.1626060242200056,21.842012969944978,12.578525404626546,3.5628972907164873
1026,1.1669155295424616,21.884874391801173,12.124305930852547,2.401982755362007
1027,1.167535465604469,22.176915574710854,11.917274674044236,1.9846618025986598
1028,1.1633070320006895,21.26363042739044,12.092770457714892,2.2859410803924325
1029,1.162977972843484,20.821590431553215,12.354390257348593,4.074894696925658
1030,1.1657242949815128,21.32526244957723,12.567190344654314,2.006336101889834
1033,1.1670163628652204,16.67775067904919,11.761181066128712,4.987422350281521
1034,1.1695102110617313,16.655109287058906,11.31390371416087,2.7827842568309316
1035,1.1634410267409068,17.753094340981583,12.014456598410773,6.3263394849715455
1036,1.1662068125399803,16.681778867207893,12.55861861653804,2.0329004136086337
1037,1.1665770953301335,17.068621216670653,11.571803376692879,5.362745030755696
1038,1.1702307770070184,16.7747431570622,11.060029553425641,3.2895790699004466
1039,1.1656348628068285,18.36306029276811,11.92573659498912,4.281898532940216
1040,1.1684811117479768,16.438385875694983,11.66839400654128,2.6688156482631142
1041,1.164311422965607,17.500617525663902,12.123829249801856,2.7281189262043792
1042,1.1680889622022563,15.938468819547333,11.274214441496502,3.164541751643535
1043,1.167236044448767,17.99234746424878,11.833847406026875,3.436144452239518
1044,1.1667672779385878,16.25422214440786,12.112059630875777,3.0991373257092336
1045,1.1644000175927463,19.229126742408088,11.96119695504889,5.299175151748193
1046,1.170165280217811,17.56117290349719,12.096802301058595,2.5009211390794928
1047,1.1761772622966682,12.396729486023435,11.011398601450056,4.01864077358387
1048,1.1738022203980936,17.18734128435411,12.17094243470714,3.9373527969145226
1049,1.1751896306178693,18.782399362621735,12.22010272120925,3.6675838857448646
1050,1.1739328727836018,19.579624401240526,11.989340334406922,5.556166247745086
1051,1.1789517079504368,18.341432101911344,12.709067763226647,3.0079211477437515
1052,1.1836590247849295,17.458019848888895,11.460813978011984,4.146261758498083
1053,1.1831557139516165,18.048262473102078,12.284534592429422,3.8785221513571635
1054,1.183961920719862,16.38183006840778,12.90518474306659,2.7246453736048064
1055,1.1898075551222518,19.1221299476187,11.972968851427417,4.630040293428079
1056,1.1873700374261038,18.07279087215362,11.890325189229662,4.700843039570941
1057,1.1871660308069556,19.195328322272665,11.858568939422907,4.841590661105501
1058,1.1866536412990814,17.249127445974768,12.895649213809843,3.13870458490804
1059,1.1877538506231826,18.603680882016953,13.044244173199148,4.335975461951035
1060,1.1930921633343716,16.801801483033298,11.182906552612929,3.601942681856401
1061,1.181195462844285,18.37973160411398,12.229585770355156,3.6929094095539687
1062,1.181586677429403,15.968074299300584,11.866355628620594,4.2905036054598815
1063,1.193116366822568,19.99472998944595,12.177213474681077,4.882969247959343
1100,1.157506782457327,11.2056343780004,11.076523568090266,4.04280367494524
1101,1.1456475116224114,11.880372948221432,11.67520328264722,2.3659419202550214
1102,1.1460771367232343,13.769062423166954,12.359379915751422,1.6749227025807683
1103,1.1523607805796638,11.960264002866184,11.716851505837893,1.861095583443117
1104,1.1470281399290505,13.032974143293888,11.73655727596544,2.9554287833416257
1105,1.1543641536503395,12.276644369422028,10.792770617320741,1.852011633977828
1106,1.1505977569205283,12.863362575583086,11.703181303955706,2.4884971537321507
1107,1.1503351749075819,14.087905217875887,11.459004731884697,2.094388948659668
1108,1.151804496367929,12.274764987372363,11.613864846939064,3.1609969049001676
1109,1.1466970077909036,16.523072343676986,12.622553475363937,1.7140902594289935
1110,1.1460968359844936,12.918961201103864,12.208524621087003,1.6399050553334649
1111,1.14502971053813,15.449536893190007,12.160732539417655,1.6007363097275473
1112,1.1488746136367223,11.782893123990718,11.497698082107844,1.8432394022000063
1113,1.1468785010966531,12.674385535980258,12.004426558679302,1.2309667658404793
1114,1.1437409279591486,16.583950296712533,12.21400265567686,1.9221380204424154
1115,1.1474920548917809,6.031447807843298,10.66373452646401,2.7712964539581204
1116,1.1438486329737474,13.272679069717379,11.664808328479563,2.7117483624399523
1117,1.143662046602242,15.81083048307408,11.955875897885837,7.387490481756801
1118,1.1459132572751276,13.384747737954983,11.312799232940927,2.430092150602982
1119,1.1462598471244894,16.751487824194218,11.880479928485668,2.44513442512553
1120,1.1485070818959084,15.185986150124839,11.767315871956557,2.6862347781903537
1121,1.1481598417692347,11.980108581063634,11.27059223713038,3.373532754956314
1122,1.1519090889301253,14.854579001733958,11.747996122203133,1.688980014958871
1123,1.1539848819488276,15.822717857069458,12.317941718401835,1.8594482660376386
1124,1.1510247223054453,15.805842692170392,11.84174712071311,6.614435936937908
1125,1.1530937611894219,16.534063530166247,12.304042659406258,3.4495913411233987
1126,1.160246328743997,16.649287865619613,12.110818561946186,1.9992558419757003
1127,1.157796407762159,16.74306339175096,11.510310657638874,2.590225813572851
1128,1.1583919400913139,15.245727324882916,11.726687258542631,2.7770218605607147
1129,1.1537715237332868,15.721798206453371,11.576062010260683,3.831346652804242
1130,1.1563339642140948,15.852399683989518,12.15167686640979,1.8255214288244366
1133,1.1571333620347324,11.534408326143058,11.281872465801019,4.604130294716171
1134,1.1561829594327304,11.265293826116197,11.061731986560455,3.2285889140283897
1135,1.154705103425583,12.107570854867006,11.418133386814725,4.760441274353342
1136,1.1551974289586828,11.106823890257704,12.543280422341503,3.0311197033673514
1137,1.1550018669859141,10.99290596972289,11.185180210435878,4.9727143278958525
1138,1.1576612130958004,11.728473020987794,10.342894545848624,3.1724679690471764
1139,1.1542037562915757,12.958414327019467,11.559743015364074,3.8211765014736327
1140,1.1567734675238015,10.872083035203623,11.618065310849598,3.014336365352643
1141,1.155411358582083,11.472099450846931,11.626951083061156,3.00318405539127
1142,1.1580644739096613,10.235901259758709,10.72946924552748,3.2447179419950536
1143,1.1545607024986608,12.415561229787349,11.163377446572078,3.242689353863779
1144,1.15710225121952,10.058558441507941,11.623843905739726,2.8587870093302
1145,1.1544320076606072,13.09395796897929,11.607333237200615,6.51218283010822
1146,1.158474341230251,11.70763246359805,11.431994436166121,3.495965142652851
1147,1.162000170129955,6.558664942141314,10.376403072243823,3.8803875832766064
1148,1.1627732005014377,11.122971002510871,11.410874999409804,3.728271417275464
1149,1.165232754191543,12.367022926206024,11.468727238743973,3.4610521357082367
1150,1.1631890589555607,13.543249722035002,12.030243016307505,4.454631145320997
1151,1.1636241707252368,13.089972693256684,12.263801820862666,3.8751010647086996
1152,1.1728978842400621,11.35644025437876,11.16657444774212,4.257828567796218
1153,1.1706189907416273,12.061994414429385,12.440476024182802,3.7240251379614016
1154,1.1736877358374702,10.167090512845402,12.483744078090432,3.436597967903448
1155,1.1801744800969678,12.836777784141171,11.489480825575068,4.169563349499896
1156,1.1757731333413735,12.164188344368501,11.119812253587204,4.432433063075256
1157,1.1775774262856262,13.272940903124303,11.618854030674118,4.431183921832367
1158,1.1763552014348753,11.626300602062715,12.978228107334086,3.5227217069767147
1159,1.1751634414732897,13.190579098508017,12.828970315366725,4.002144864808949
1160,1.1797994110857537,11.37564353723784,11.020568496349735,4.169071477519918
1161,1.17345679693972,12.631869927373154,11.770100735098348,4.980383701210234
1162,1.1720503374427873,10.429862793107333,11.913509429251949,4.799617945482696
1163,1.1854117285155794,14.840924131138996,12.265915494339389,3.462820402777477
1200,1.1590480264700491,14.940339386990306,10.988256075551085,5.258607952202344
1201,1.143231320198611,15.895822421815236,11.553242618115169,2.752506017082947
1202,1.1453915105265546,17.45470385082132,12.3708026240259,1.7267592145450679
1203,1.1521712755124973,15.588800271191728,11.375812823271529,1.8689097574206777
1204,1.144873695844705,17.124579251399066,11.989243990796083,5.037650497644413
1205,1.1529617541550599,15.970844962936276,10.865934347033694,2.147602337619968
1206,1.1501000249611664,16.862818947559887,11.382193841430322,1.6980289049218626
1207,1.1468935477432918,18.603162348439195,11.336644851948112,1.4030046593537073
1208,1.1519972319387701,16.278272608660842,11.302054588131007,3.4744199893732497
1209,1.1455713786407473,20.3203995752514,12.118096029264521,1.6354693141344927
1210,1.1437275884296862,17.038002855786175,11.952765335384786,2.3774034170342513
1211,1.1438467302210944,19.587306359481165,11.71372213475148,2.170297288559612
1212,1.148851417030987,15.508930693654646,11.21706846710707,1.420589257639793
1213,1.1432606036465836,16.978992516609004,11.452960964065756,1.9134851679747595
1214,1.1402680097024136,21.094643396362823,12.147105177644892,1.5735750900443795
1215,1.1426892469761083,10.3211898913925,10.33402089636574,2.0494178708804744
1216,1.1403994214509616,17.12356806678795,11.585138053060192,1.980374741535039
1217,1.1391473055726726,19.928356939765376,11.998068421265389,6.557176450563445
1218,1.142336996480853,17.487795242767543,11.190819216347968,1.5745228627030372
1219,1.1446339044696052,20.551842204658612,11.788720201159824,2.257568697010526
1220,1.1461616586831387,18.873216649177746,11.666831648400596,2.9401409040830537
1221,1.1469411915088228,15.864796700009988,11.346938596298049,2.671599665370759
1222,1.1493264998931165,18.305226671185967,11.388636481698173,2.0222512256932412
1223,1.1495789071511338,20.318052660083048,12.29810176162816,2.284116019377685
1224,1.1493105928066234,19.18069739014389,11.731785131440837,7.2612175563047945
1225,1.149600257090822,20.663895862456517,12.13449067009968,3.0943131362936827
1226,1.1562084184922887,20.644245736057986,11.884466314184419,1.4827088014096057
1227,1.158163438663499,20.44710039493517,11.633970033466582,2.1607270830709226
1228,1.1551690548344864,19.16778210137191,11.532480106559717,2.1699757899725625
1229,1.1549042314543179,19.1734080752452,11.284137810307003,3.7638630151913848
1230,1.1548461394781382,19.607599685035265,12.045595404578092,1.7120653127684915
1233,1.1532672000732558,15.155751982546347,10.84454696330654,4.700476569531197
1234,1.1549997062138344,15.15399802915851,10.742658701797373,2.20586982164576
1235,1.1494234481176868,16.223223746939293,11.308574857920703,6.388709337005861
1236,1.1517344667226985,14.833138092754664,12.385304675404972,1.8261837433096917
1237,1.1523297543034468,15.178129819501148,10.885029357647571,4.821377050675735
1238,1.1560448963546064,15.277781384634789,10.3300162601583,1.9981803469028012
1239,1.1527009383155027,16.050292161865972,11.436636437870085,4.0155872115735844
1240,1.1531268244257606,14.601414408077023,11.060700763962396,2.506213738311573
1241,1.1496472153605795,15.732862914789013,11.623330748376896,1.820497901327272
1242,1.1542952435129372,14.077236222502458,11.032510923933586,2.4818860500987676
1243,1.1517882400640722,16.088597218074824,11.112003658075603,2.0870153944916043
1244,1.1514626763037745,14.11971569745141,11.643026123388108,3.246535803288637
1245,1.1505201159729657,16.913702841910425,11.277199573698955,4.846089985028644
1246,1.154315901444276,15.749405600256349,11.534891712322276,3.1777342058109084
1247,1.1581494234070802,10.394038040192756,10.481693953817256,3.448577445039281
1248,1.158772498874594,14.538197441918369,11.713222376333936,3.5780842495117486
1249,1.1563591136170628,16.688516162330533,11.857635585151996,2.9081066883472237
1250,1.1564956716030652,17.409948239668417,11.870578111248198,5.919327530092102
1251,1.1620229372971316,16.631646546353373,11.979201442327623,2.9099786477359384
1252,1.1684305143358027,15.35411543163949,11.108066948354757,2.9391269508083937
1253,1.164300548500172,16.035117854055866,12.460806512296585,3.469587525662429
1254,1.1658889839183455,14.513425399222088,12.263747372554196,3.417387844796978
1255,1.1725542269594105,16.970575372469447,11.715453510286371,3.505824376554039
1256,1.1709013679248874,16.26408499337591,11.0876404971896,3.6685701077014965
1257,1.1727286084375925,17.269938676829543,11.133241527021395,4.029313952194667
1258,1.1731870118211982,15.962261886990635,12.605419754308882,3.205412874718277
1259,1.171200009800056,17.120795552054545,12.636869601754935,2.834341611713699
1260,1.1774910126732894,15.507160704475496,10.786755478051274,4.817396296822125
1261,1.1724029719645122,16.121433532627506,11.959134607211956,3.983817927397969
1262,1.1731574998932432,14.299766465814713,11.904087315719197,4.484378000696986
1263,1.1849617152189034,18.175990110720438,11.520576391301963,3.22233899229237
1300,1.1595892031148622,14.936902343768045,11.074073866081719,3.537738075107183
1301,1.1494288881483599,15.60755028937954,11.942556885033328,2.2847033507631287
1302,1.1499659147244699,17.358341398147918,12.324844092635074,2.2801794561041766
1303,1.157273236676502,15.157275338492175,11.490863734823506,1.7358800643834966
1304,1.1493037541241464,17.218049842438838,11.833675988322792,4.360638139278758
1305,1.156303783136355,15.545727011041862,11.333402081466213,1.9103222057042961
1306,1.1545443922870038,16.696492072536273,11.636019679096933,1.6395656475911966
1307,1.1516034336712722,18.14256316848522,12.035943526967158,2.2397447469249094
1308,1.1545457160110282,15.729213390073625,11.53715703343523,3.1911670492198168
1309,1.1475107802765416,20.048041218389454,12.582016847054977,2.0304954647797704
1310,1.147107771943594,16.59543181013415,12.704125793690666,2.3460019267915597
1311,1.1476316833551652,19.599026689159903,11.675838320437963,1.8040893718637439
1312,1.1499470693957372,15.549072682354524,11.572604811879982,1.6137621524540042
1313,1.1457169442438522,16.616214790336524,12.183678245956228,1.4215261501845622
1314,1.1449224368265551,20.473513807934438,12.190036424590074,1.7266163559839547
1315,1.146139165149488,9.9060473959576,10.670676963997318,2.276241694011728
1316,1.1426313642442827,17.191916131783973,12.058004359517248,2.979411757173801
1317,1.1415230053572916,19.822550043843144,12.192832592753009,7.045588637725849
1318,1.1453787266131072,17.412072530979298,11.532577016965693,1.5282268603932965
1319,1.1472510432712342,20.24146167899089,12.122738389374682,3.292088724665081
1320,1.1502234169291512,18.529554928821664,11.86066493693862,2.390388949867103
1321,1.1501031168895257,15.518571833969267,11.394260518939452,2.294722954605462
1322,1.1549059147470102,18.25168640419977,11.408684012167855,1.3188045494428313
1323,1.1552517195388807,19.494438541932894,12.145164282439847,2.024062433116835
1324,1.1525080596710169,19.140033318458123,11.856418154527562,6.546641051100732
1325,1.1528957841945178,20.35996963084667,12.259342421349812,3.566420402289886
1326,1.161465723565617,20.728395864882895,12.050450356340269,2.2357359656709397
1327,1.1619196271677723,20.22576541832384,11.767885750323982,2.358905533404963
1328,1.1628427158391683,18.845582040072973,11.3284182550076,2.4269923938176436
1329,1.158173925015281,18.78743055354073,11.805247937276327,4.14763561329004
1330,1.1562332942818736,20.109219331696885,12.17374550724911,2.819627608268926
1333,1.1588069539229597,14.76524035183084,11.493803265164726,4.767321148013252
1334,1.1601928132775674,14.564201533201528,11.261836797872611,2.7807016775638562
1335,1.1546320559562329,15.92302762878901,11.267169637736929,4.722885524024654
1336,1.1530646807014917,15.426824896257704,12.504434954135817,2.6046265567013145
1337,1.156145453400408,15.05581451660055,11.276980270298845,4.493768924119076
1338,1.1592601942367744,14.937998889111327,10.921505732085695,2.841711982285099
1339,1.1547364654549022,16.34858730455884,11.589432172329868,4.2424113956685465
1340,1.157020983977519,14.092494910137027,11.411162045822923,2.468182452214649
1341,1.152925121613317,15.232130953204415,11.924930375044676,2.057992439578023
1342,1.1567482829298767,13.968205700201116,11.459256060595639,2.840903365569524
1343,1.1521599803845148,16.254158617444855,11.339988073873489,2.346202699061532
1344,1.1535833111759406,14.247702943244407,11.673669651172911,3.1005568138303157
1345,1.1511402525337604,16.791085904596002,11.842472232008314,5.6946599190260345
1346,1.156150937034403,15.41686179707863,11.533024044525058,3.2262998027296894
1347,1.1593180897123654,10.551783764168233,10.202881657629618,2.6382185294940848
1348,1.158353066148351,15.018911343169432,11.63674868911831,3.4724733491225703
1349,1.1601135782025773,16.131584861669584,12.037090371023703,2.8593190299438067
1350,1.1616448104038943,17.15445515510508,12.123971500014868,4.806529592285935
1351,1.1658338077241042,16.18754759486756,12.372177902460503,2.5954502331848945
1352,1.1702989850360546,15.487798833160038,11.438648087155084,3.908438380866824
1353,1.1690425123818877,15.885724303174344,12.578739975966348,4.103640171971019
1354,1.1726035147442455,14.009981245841661,12.485529243718734,2.614478426428678
1355,1.179445785175986,16.70494388112086,11.885915032874518,3.2732985915566704
1356,1.1791332609740606,15.389322095556967,11.558176689370631,4.116816944131278
1357,1.179960655739808,16.651282809939577,11.529532817093758,3.9952272427311764
1358,1.1805638295665777,15.068634445616764,12.713776845284409,3.7027992236558904
1359,1.1761320520552998,16.97005029948262,13.238027139699799,3.8242731687632303
1360,1.1811435695869639,15.54470146723125,10.936610096420523,3.630202556733297
1361,1.1755264026438492,16.124307039564204,12.148287086545588,3.482622290509043
1362,1.1747030312030118,14.369553922992658,11.768936087738338,3.99911817364649
1363,1.1851420885060093,18.295655826616684,12.455601792407341,4.172278091479991
1400,1.1610711803925233,14.496712608830968,10.71802880170924,4.987852170695349
1401,1.149438533339396,15.110598431574925,11.598398024620241,2.440792352585853
1402,1.1491426453073246,16.848937591191554,12.257198431641013,2.007116927327299
1403,1.1578085987174398,14.816138249024368,11.579858648699705,1.979971687428106
1404,1.1501547930490583,16.28186138356408,12.145623915833749,4.4239013721691895
1405,1.1569315891346774,15.226227462941244,11.284219689134403,2.427363164255852
1406,1.151622877023595,16.233222658119068,11.903924267552991,1.4077010078868817
1407,1.1514676938408075,17.2156923016652,11.594884590715054,1.718707979505534
1408,1.1553502746463684,15.02825905375184,11.79839080474447,3.429720458057831
1409,1.1467809842787335,19.59815903996651,12.299488137900306,1.5470139855736318
1410,1.1460961195787234,16.21328316512119,12.3668527225346,2.051766543479394
1411,1.1473304570266745,18.8269413707866,12.417236691749045,2.118204859262293
1412,1.15238580965335,14.867707965360335,11.347677375873792,1.9751042577987692
1413,1.1470246460606024,16.333716590053072,11.865658562443794,1.4927460432513886
1414,1.1443088542169488,20.043626043498538,12.188533616816771,2.4095739121476836
1415,1.1475841691121262,9.472275401340967,10.904213237643381,1.9729844691128287
1416,1.1432302759738253,16.7275346632664,11.878142742048858,3.0702356613239594
1417,1.143276959406056,19.187881059204805,12.034743733639038,8.70773235707798
1418,1.1444192721853153,16.765200837995593,11.545836883220092,1.5667919148316438
1419,1.1473604636761614,19.7967933773614,12.358394238992306,2.3793023362957606
1420,1.1502934953196755,18.217741975390837,11.495490964574968,1.9515331638963664
1421,1.1494844150311483,15.337326166033108,11.146695620282948,2.340380523739671
1422,1.1523719980714178,17.704492980745147,11.692569203605737,2.258467735958653
1423,1.154535054604624,19.5608298461018,12.280864759847024,1.5351063470610686
1424,1.1506633208991068,18.551614863086574,12.279687278223177,7.058514114695124
1425,1.1559871026481323,19.45261874377343,12.025774328773963,3.2925712210254927
1426,1.1599596474229728,20.23890178073319,11.88238703808308,2.2894738847313496
1427,1.1624357431499113,19.575204554312737,11.804327304055239,2.2578414212419706
1428,1.1603672811718024,18.767147842293518,11.689453688375298,1.8397911853912363
1429,1.1593879368755666,18.437961230287993,11.276890244016123,3.7299861457830907
1430,1.1615797431753292,19.297770317860007,12.224348259819523,2.3318031080432045
1433,1.1591800794013856,14.408426422776646,11.406827059333038,4.861019439847919
1434,1.1578818034315717,14.031610019742843,11.458337137072332,2.154148282809836
1435,1.1542235461374526,15.290069435708663,11.747969400555556,6.094117751888344
1436,1.1551022173259184,14.262035635261048,12.891993896519184,2.2658126631039592
1437,1.1546757301447146,14.395295057294842,11.335823036556524,4.133354090359676
1438,1.1581288923503281,14.526958966574801,10.815942414400673,2.386329455598842
1439,1.1543611749149194,15.635934869305553,11.760986119223574,3.9102070479010878
1440,1.1567962535852432,13.711961578600503,11.521377016204768,2.9474523058092514
1441,1.1512537707013144,14.787037882615229,11.96532058722984,2.0500641319401836
1442,1.1527809829145232,13.34086609222942,11.231826746727709,2.816011056419633
1443,1.1498206568001772,15.732918835504787,11.488572558767192,2.484673666584845
1444,1.1523741769978133,13.181748742706297,11.984311058902314,2.9398415629638
1445,1.1487258031402736,15.96151447337344,11.940843465007605,5.509428729707107
1446,1.1555388968131786,14.57370229127991,11.87520927342548,2.6979649359341424
1447,1.1577223829891448,9.525485601271992,10.976374664394879,3.6727388172502042
1448,1.1594440281890221,14.193867730121394,11.608326214521572,2.976872096022292
1449,1.1569970079419831,16.04974120838558,11.982810285346325,3.140892080464768
1450,1.1604876107188729,16.863407634196918,12.159168509504218,6.060338727732494
1451,1.1639163658202656,15.79986572979118,12.341033186538336,2.4460527992274077
1452,1.1696315653315061,15.336028290180295,11.241614013761836,2.5361744220336524
1453,1.1662494839414506,14.97819115049706,12.413991723380676,4.39840450935549
1454,1.1690350722959273,13.881047728564914,13.109307672726551,3.1612600552442176
1455,1.1760638605833316,16.362471634030666,11.540257359779973,3.840545687137277
1456,1.1762260826835222,15.516306953879296,11.405611484175314,3.692380949444974
1457,1.1755817999445703,17.086734001584713,11.4923093642775,4.881501582534085
1458,1.1808206522606948,14.481719156585545,12.908407304460633,3.442875164050522
1459,1.1767095861561694,16.661200433005646,12.764423490614696,3.257497582177045
1460,1.1824122255803315,14.757437009141261,11.023738736073211,4.053857674981159
1461,1.177778164771111,15.570013202551362,11.985685676056459,3.571546238019847
1462,1.1756695992961161,13.941758280147384,11.707695224401515,3.1358929096489745
1463,1.1908501431992244,17.412801115796167,11.966553633360592,3.474109371434979
1500,1.1538134915652287,19.929404830977326,11.252854025143757,4.268854702182977
1501,1.1397221895402438,20.35921907060514,11.905019651679895,2.72815108765797
1502,1.1387608734316348,21.96458617719851,12.043759357978734,1.590507234699898
1503,1.1442917418407081,20.030098728153174,11.246887233671954,1.7113820956382542
1504,1.1388917524122395,21.226776107081776,11.486828105851519,3.575595826485129
1505,1.1471516104208086,20.013885335071354,10.818627098804845,1.459537061201556
1506,1.1440759410254446,21.2612970060556,11.28391439609908,1.5087782030302834
1507,1.1396750019715183,23.14691450448039,11.158671194791246,1.3403452904832658
1508,1.1427063129573367,20.748362179038214,11.422598348916937,3.1457598941194918
1509,1.137602835638389,24.363565322597513,12.462876687338259,1.5570867672558848
1510,1.1351226570895419,21.71341062473699,12.130272398071174,2.3630879304499537
1511,1.1353305213973008,24.19697486013551,11.727773144175655,1.3867635928603217
1512,1.1431580603431837,19.765777336681662,10.99648057674253,1.539782694567821
1513,1.1361726346651475,21.24631219480443,11.780647777343917,1.3338920122571614
1514,1.1339813678542738,25.19007702724377,12.132001059347699,1.9004974003622332
1515,1.1362297242321948,14.493709869604876,10.41971203741815,1.5129257600418873
1516,1.1335045139866446,21.52700852008841,11.576067036595637,2.5282438496614685
1517,1.1355720108433625,23.984832306015885,11.676501247791666,5.132187352077976
1518,1.1372903147452424,21.781472658460665,11.450743908294431,1.8076650680638124
1519,1.1354167193336073,24.71063866175835,12.11680871895106,2.5985929171166773
1520,1.137264302205655,23.296439328906775,11.553439297853858,2.9732950430890974
1521,1.140025633229025,20.386217570427352,11.266605689246392,2.9552295207649526
1522,1.1415352199054185,23.10039171610533,11.49692902025993,1.9810463118901733
1523,1.1445327088174255,24.66143545726849,11.836950399866167,1.8598203541279725
1524,1.1421475495373494,23.701938817758876,11.30460308320715,6.91416285601454
1525,1.14387620387894,24.762223556323626,11.931153031489037,2.9975425145588175
1526,1.1517196699102616,24.87119441236592,11.679584852654434,2.2655820927769317
1527,1.1509396920697335,25.09396330000346,11.271432274184962,2.452405307487175
1528,1.1516718375314565,23.365889225973426,11.273602025599919,2.2861982333468718
1529,1.148593936697733,23.55426233939552,11.114622071178044,3.799729658779731
1530,1.1508563618299024,23.93243204385709,12.107911176992467,1.9177120789721704
1533,1.1506009072692087,19.392199663764913,10.901261823087426,3.3199947372639707
1534,1.1504075220272312,19.06419752296306,10.893872780995322,2.2131481506185082
1535,1.1464035662903456,20.10111123564411,10.835743608004096,4.950932688212988
1536,1.1462880304102578,19.459857230463257,11.918090772948686,1.9158842577712558
1537,1.1464608112540042,19.713186585261052,10.872094920984969,3.4124419666904813
1538,1.1503916223614015,19.880737132709804,10.332371323863555,1.9893499211497037
1539,1.1459014653334652,20.839363025961518,11.504653277180719,4.235718489861037
1540,1.1464023373702787,18.59412208793159,11.160085036524569,2.374042032140352
1541,1.1420186904948877,19.725794879862956,11.430063021637855,3.1488707545351913
1542,1.144287792686851,18.299442610848935,10.770505894571164,1.8280019671155796
1543,1.1418129272698379,20.27788136222048,11.372602110744836,2.5580175921926664
1544,1.139879748671762,18.37829932534544,11.626079526357387,1.9942313860716683
1545,1.1399956662854676,21.017322490852838,11.232034680696056,5.6155822899997405
1546,1.1435036623661234,19.631721891601245,11.493544314174413,3.3299819541189
1547,1.1480466221984018,14.304329648017328,10.331149385460582,2.569675716712774
1548,1.1453350341197832,18.95756769453311,11.413024220931659,3.0589296170883755
1549,1.1466629286511276,20.14502609301477,11.608107706078897,2.45431267142407
1550,1.1439956044740376,21.679996178850182,12.083039340163854,4.495892028665859
1551,1.1490052738270309,20.34866232456804,12.036256384335019,2.9063434543133977
1552,1.1557958251157725,19.30476398720547,11.41733535204434,2.8649453348070795
1553,1.1516929785240586,20.248725884261276,12.014941032415976,3.0551177217526955
1554,1.1578967702723086,17.957886502784692,12.192274309003238,4.247009359546508
1555,1.1623360836776888,21.187413725582896,11.271195342709868,3.356999778482556
1556,1.165017325638318,19.735686353061805,10.892124478707972,3.9073675334699782
1557,1.164897175712042,21.37066010985893,11.066499950026591,3.8576375884055447
1558,1.1646626270264027,19.602779593226717,12.737197453386397,2.9432460923178643
1559,1.1620389927972317,21.604914816994356,12.833200517226592,2.9491253566304074
1560,1.168698926184214,19.78013131172737,10.306546353369217,3.615380731759916
1561,1.163004379780624,20.79959460955555,11.710827955836475,3.7230303662743998
1562,1.1633687738740661,19.30499058302346,11.458746526584111,3.3321496479082873
1563,1.1809809661772042,22.58972774869685,11.836169511660877,2.8424962578357325
1600,1.1597664555061569,14.507988335430277,11.01155846305305,4.7290306964430355
1601,1.1465372616882414,15.344349674553456,11.545907141943108,2.8629548981034922
1602,1.1478141750391024,16.837333561929203,12.715897769101492,1.78806914164545
1603,1.1545791437127662,14.897046512911901,11.611347092964689,1.456630619785627
1604,1.147512056395036,16.593801015025935,11.966954310824958,4.782789463079005
1605,1.1547615638548552,15.40893666365184,11.21260072220861,1.5666318285972283
1606,1.1496735592038179,16.823947853596366,11.635449093152308,1.3688996072818056
1607,1.1488544517959838,17.686540413337188,11.983168748959683,1.6061666541277368
1608,1.1517266329955604,15.787856514615214,12.169082408973287,2.8279970729313533
1609,1.1466899971145954,19.7857861644174,12.514286086031305,1.622833378089827
1610,1.144663754066749,16.77425234451027,12.607030825453196,2.256271415655403
1611,1.1441652827571445,19.213630469414838,12.180629791652736,1.1833123852879928
1612,1.149393040907709,14.886442248695657,11.708668382976303,1.7900669009710273
1613,1.1434146425199054,16.750964378726774,11.845998970528898,1.3684632331406164
1614,1.1423007318093246,20.397367378999938,12.02996160133551,1.681095250192133
1615,1.1467177708229859,9.63669448627007,10.794044662215668,2.1069413919876494
1616,1.1416960144326833,16.509808991295895,11.705194901161354,2.6506350628888304
1617,1.1427069793017461,19.699800675233494,11.896341773537184,5.587713450262866
1618,1.1470291042204017,16.698283806469284,11.607026069885933,1.7400210725088239
1619,1.146407881798489,19.706352160316104,12.762188690555412,2.921751609718347
1620,1.1472206098556088,18.36344090367817,12.033495873412585,2.6200305434783404
1621,1.1500678422891575,15.214905731411797,11.6065558485961,2.628667477576778
1622,1.1532698973344284,18.256679407034973,11.866886663684436,1.2171543372878852
1623,1.153372958563672,19.88701204122319,12.624970841048912,1.810683440433757
1624,1.153657954290164,19.175123577286435,12.14183333860577,6.927513518245668
1625,1.1558256431525755,19.85930319023812,12.32716800170328,2.757948351317574
1626,1.1630902566298145,20.212752747818513,12.077390176072536,1.976310228909874
1627,1.1608334485228027,20.445770742354448,11.972055817682591,1.9896413676995566
1628,1.1626086060156018,19.182684635857928,11.500802530395035,2.5332729098763878
1629,1.1587642574904506,19.148207929131136,11.953617299296297,3.7525425349345762
1630,1.1614410492159384,19.93680164263627,12.438442499684095,2.364558328779542
1633,1.1614717371405745,14.674066857091733,11.231205905093285,5.952464436775658
1634,1.161675663546088,14.872605780106829,11.191466699353581,2.0946653134217517
1635,1.1562142233050172,15.589792076179188,11.53778495570608,6.910580016124587
1636,1.158121932308974,15.098735232782078,12.604058786126869,2.6079118168855726
1637,1.1569083738354726,15.15969728852861,11.114188154222543,4.696222230514323
1638,1.1598556270656437,15.175538029463103,10.637777113878776,2.4015218182233515
1639,1.156704355543502,16.33279831293823,11.418556110390053,3.9762205513942286
1640,1.1560519840684769,14.48771149263958,11.2660721198101,2.224561771543071
1641,1.1486033205284862,15.436479214253291,12.245503032166457,2.1969707144134727
1642,1.1563097000768363,13.695757735684182,10.931848677664984,2.9622628518897534
1643,1.1509745930853175,16.03831764389661,11.355547126313375,2.420910917090344
1644,1.150630381582576,13.545536858821446,11.930011039200302,1.895978833767158
1645,1.1472585473299421,16.63047428522878,11.886395394501001,7.8342099341420015
1646,1.1507502031504722,15.160544943900893,12.081328863847267,2.566027806464346
1647,1.1555820611601488,9.914981315753842,10.775242969314213,2.218468556595852
1648,1.1535474518746187,14.589752169105143,11.629107540605515,3.1157527737219497
1649,1.1542075910671232,16.32218522920703,11.86334000472755,3.014337909028685
1650,1.1543034167683404,17.0476975540492,11.711060762082372,4.9466050520379765
1651,1.1585048083527245,16.05244115209296,12.24544003564531,2.774921450546068
1652,1.1678990015900526,14.590787685585424,11.481934591831406,3.4114825646524944
1653,1.163269973542146,15.602212774829006,12.53746101432991,3.2244320133949764
1654,1.1662412226123204,13.888667441503506,12.6677392779487,2.803063778398431
1655,1.173723696903244,16.851991670017696,11.495946480392456,3.8985440760719405
1656,1.1734774517216677,15.289769150085267,11.692123663703114,4.155161900895622
1657,1.174406968565165,17.2910236279088,11.530487040780873,3.3969035665174716
1658,1.1775537538310714,15.028044535985828,12.587519469911033,3.973067099547577
1659,1.1765007264950267,16.51613059005762,12.48193483327409,3.214724828057653
1660,1.1792060706792702,15.46287536859605,11.164336814348742,4.218282747634329
1661,1.174646362411143,15.7093984569877,12.526211513301776,3.1631475640706332
1662,1.1742986035662772,14.27176766276033,11.784221469500723,3.777543141568272
1663,1.1866588428350684,18.178654701386385,11.824352661655535,3.85320281857806
1700,1.1640812057456968,14.642539287902267,11.191707635833767,4.814493586054703
1701,1.1514825473033201,15.36656996899999,11.972945352653396,3.584365902559394
1702,1.1513920363842851,17.462420612341038,12.360765772642399,1.5004274724872697
1703,1.1566052288025368,15.407269164343273,11.651603239350619,1.7047010840341457
1704,1.1518749692294579,16.86273375088452,11.971878631691219,4.967860846818728
1705,1.1568293236984015,15.441774886660124,11.67733699292079,2.2511262533996983
1706,1.1540629754760077,17.16866162601245,11.885559643311815,1.8380045686245023
1707,1.1543166812983967,18.060922252256407,11.930265746743105,1.6576770218942614
1708,1.1560700133555557,16.14737412529599,11.859488731403989,2.841323895859163
1709,1.147804488879113,20.286413976399334,12.696468241711685,1.3672058784089542
1710,1.1501484485116076,16.818396138961553,12.60502336974182,2.039095748693844
1711,1.1486927906715074,19.87235852894018,12.194003319058318,1.569879280073774
1712,1.1529283777481572,15.34394030169253,11.651651206325267,1.1770155568906622
1713,1.1484180918834603,16.86918959635828,12.233157324408488,1.4985636930726645
1714,1.1472907922486502,20.827610869002687,12.088426966571927,2.468360792210399
1715,1.1474110786566696,10.24578590308152,11.085924187833207,2.5008727726199105
1716,1.1478673601235216,16.9131445531601,11.919930590066086,2.4135252288961007
1717,1.1447296401509612,19.952953624271018,12.17653633224273,7.119595145053148
1718,1.1489686841458189,17.640382014937824,11.397632277072647,1.0264605792109267
1719,1.1521003434751618,20.717923838547517,12.117767897969749,1.9670974789494753
1720,1.151383727499834,19.068427315703328,12.021802566151317,3.491896027751357
1721,1.1543839674374607,15.797686175995977,11.558636895705861,2.201431222782736
1722,1.1576129196488139,18.841763203270073,11.765940784664108,1.601893071139782
1723,1.15960857371168,20.287307737605964,12.538020697749399,2.3070116566110914
1724,1.1567033497979942,19.647013854916,12.162743262367965,9.151464487750701
1725,1.1620691979068325,20.20067952890038,12.528177141770522,3.12294111288306
1726,1.1662613359657201,20.98063694354387,12.296754708195875,1.9154698587394396
1727,1.1689382947883402,20.88595854089525,11.73076016976243,2.284041218213051
1728,1.16570739510195,19.604893460755687,11.917557583261429,2.1897751039270434
1729,1.1662184857056748,19.74332337910761,11.827093856447432,3.9789047286642547
1730,1.1675302351057584,20.189733509321083,12.227129031212595,1.7239139330810114
1733,1.1664475433912453,15.541003640149553,11.637583312127077,5.113193464711862
1734,1.1687674468050344,15.284055473454208,11.205723362605173,2.4640317943362557
1735,1.1619021502620077,16.4340913652053,11.82341554807796,6.169416907010249
1736,1.1642909462432192,15.23449587831326,12.29126906094832,2.2441175782169345
1737,1.164212702646799,15.537368179984538,11.323561416012593,3.94887862137265
1738,1.1663892339250896,15.787477300310924,10.94804181476247,2.6178933962449333
1739,1.1604079396957416,16.981040429330772,11.772565740947961,3.381294088829155
1740,1.1619736108379666,14.765515283445625,11.718104359955516,3.0533502027408437
1741,1.1573540791300154,15.970540396312611,11.68634981577496,2.460997159703402
1742,1.158505581712263,14.397814784384407,11.288097673644101,2.464527825137141
1743,1.1553182076544741,16.014438190137636,11.339904510640404,2.1388792080795307
1744,1.1532692989130688,14.515421477390401,11.998717404917084,1.1487778384258336
1745,1.1505313625503688,16.785083225082587,11.58850403030029,7.285810117426748
1746,1.154881234298992,15.64979425632218,11.937914362537379,2.0274064053894194
1747,1.1557738628731722,10.411417964002455,10.81269986588593,3.0871986455694334
1748,1.1556341702246458,15.154027541589539,11.892567089419307,3.011175101134846
1749,1.1573664414762612,15.912488184585442,12.058083187892,2.6830568259404264
1750,1.157522855373522,17.50297252998116,12.113907056969776,5.797706254266562
1751,1.1599657997605235,16.709249450346363,12.759506321454474,2.3508170182035824
1752,1.1685806043975349,15.311267655289743,11.116563982976842,2.778405495697433
1753,1.1656674382651762,16.03407771698027,12.573079037329709,2.888239960558261
1754,1.1698973814435816,13.978861894196324,12.630895103955526,3.3183859827618534
1755,1.175236575635143,17.211418213347294,11.682652412677461,2.547350943569255
1756,1.177905588614839,15.756141829986918,11.388880644614817,3.8109599622523787
1757,1.1776500740375397,17.632146598219176,11.520132674342685,3.4229349683091455
1758,1.1778548056462557,15.701819195674927,12.94358399763388,3.2162737582008436
1759,1.1794024332146822,17.428174896003572,12.713418536192956,3.166618806864148
1760,1.1869102151909348,15.930888717879169,11.377361611140373,5.423169460461511
1761,1.1764637463257923,16.858694495721682,12.384989152325012,3.6416509773159302
1762,1.1755805425623704,15.163503692239066,11.96232960103913,3.5052917669691808
1763,1.1867843851507829,18.87878612953041,12.157666937813186,4.635628595487342
1800,1.163871326635814,17.591912299319834,11.146006521731861,4.440443761640403
1801,1.1522925066764178,18.11251964436674,11.961621307929727,2.9241007553522853
1802,1.1510073047871965,20.182742392383066,12.642628458858672,1.4317233436437278
1803,1.159058153770644,18.733203639457397,11.920167640986893,1.5709372683967704
1804,1.1505777722918242,19.864630328868856,12.284652430314528,5.092862440108096
1805,1.1568170062492482,18.90223614383781,11.812954074474243,1.6058681978204863
1806,1.1550290144755295,19.877115705297857,11.886166605834562,1.2666756611222796
1807,1.153703889946487,21.35855011198215,11.918995909066536,1.737411942715279
1808,1.1557448683905143,19.317342491094408,11.961878137581206,2.926072319450677
1809,1.149720551470098,22.912687397157242,12.688350863409637,1.4870133714800444
1810,1.1499654676391895,19.963772419155692,12.279816256388012,2.265280700831145
1811,1.148063164667466,22.839195557757662,12.115102849290652,1.273506474638491
1812,1.1544558118700554,18.36192968933958,11.818307304538465,1.4313249045771468
1813,1.1491576909779628,19.763710635553892,12.238039261391267,1.5972057128129302
1814,1.1487602614297274,23.96473950227781,12.310145073124179,1.8494472677034075
1815,1.15105221173994,13.250863749327499,10.716058351857354,1.9116550106496155
1816,1.1466740503610449,19.976790173550125,12.206970769330045,3.098407085504075
1817,1.148738328823309,22.762061188776265,12.123884381267958,7.284779039710516
1818,1.149244082031386,20.410633742148153,11.864417179180444,1.6280783339687273
1819,1.1534250803665613,23.25099843423585,11.934309316713469,2.3759476762410694
1820,1.153692934345364,21.918164769763482,12.235971241173067,2.9254242338749257
1821,1.1560267326888007,18.679198679473654,11.771806522474858,2.956066339655485
1822,1.1596248115007333,21.434536930843688,11.927527448811436,2.56344110656991
1823,1.1600251403100188,23.32236088681696,12.496471741946499,1.5853681532302695
1824,1.159386217458016,22.651149707404734,11.963209853969854,9.089151046334976
1825,1.1629834770997212,23.692474959648308,12.267171194404767,4.128986127830652
1826,1.1690608721006073,24.022579298537952,12.209700705071892,2.161154921313166
1827,1.1708704522146116,23.77579368291607,12.082326363030749,2.1168972543503366
1828,1.1707264713527412,22.561287610611945,12.222765960239864,2.573891352212408
1829,1.1682244739812315,22.50223027979233,12.089487543827467,3.6514373724913955
1830,1.169911810501966,23.342286350743667,12.362065445529689,2.0034103250878608
1833,1.1703024774634876,18.851695418108893,11.130584156750126,5.413268988027208
1834,1.1712417356057439,18.64105777531585,11.463106301715783,2.6196882061968116
1835,1.1654360640122392,19.428402530462716,12.085212150864855,5.853553837672817
1836,1.1654994149852513,18.429513431327177,13.038112360547453,2.715242087380238
1837,1.1680373039024454,18.438152985516393,11.316905104177275,3.710747739406919
1838,1.1697159073019663,18.413652614697718,10.660595506286592,2.276267149921278
1839,1.1646952232907724,20.149778850541903,11.605017525081731,4.925009958307183
1840,1.1638524363757472,17.668975314287955,11.825951407246516,2.3138201906763762
1841,1.1578576173115671,18.979747482980514,12.170092595767983,1.9874392950245192
1842,1.1600963106882953,17.132960218576503,11.170560829709157,2.8389127345228387
1843,1.1570671526086431,18.82770694629197,11.8110035495955,2.1324886911953405
1844,1.1516228743066093,17.38216954786185,12.281409686236946,1.6773421650092932
1845,1.1514447648109196,20.073014907157184,11.424062473190505,7.309905845270901
1846,1.1542116300635172,18.492142620602717,11.864363240753411,2.3823863539255448
1847,1.1567272881511388,13.492423579343596,11.058096420985683,2.968851323867117
1848,1.1563655381195488,17.935494849348462,11.838336886594213,2.5361030354205076
1849,1.1562000262369054,19.233659163879565,12.380999264884375,3.074201874448726
1850,1.15634558299211,20.29644592556815,11.960816846373207,7.144672946479405
1851,1.162054306987377,19.311981596755096,12.088190341926168,1.9707464392674037
1852,1.1654611767013794,18.54422240169716,11.741425098986829,3.081881865238431
1853,1.1627699323133405,18.812330282569317,12.77577809551027,3.3267341584816155
1854,1.1675940181876059,17.510836218077195,12.809830412989045,3.0902864746345613
1855,1.1753778680143299,20.02787024468727,11.981730511833423,3.37463979919625
1856,1.176354135484583,18.63315488498456,11.574233909554112,3.505271126907845
1857,1.1783004143016202,20.38791845956082,11.790701007612281,3.168974739273016
1858,1.1779840301887643,18.40503202972467,13.058699464067717,3.3366268755833435
1859,1.1770206525075275,20.32505088992907,13.27837615765228,2.9158262551921803
1860,1.183003651348178,18.724051617068888,11.384555644905802,4.1347404389273175
1861,1.1785147457636047,19.485990981947833,12.130664510740683,3.5325922884888237
1862,1.1775476850260944,17.353056203076328,11.911065226598245,3.8680684515000716
1863,1.1927991406171221,20.467128999716586,12.073254743447139,3.95965085811443
1900,1.1624481705897314,14.756682476903604,11.254805336450044,4.373771214139916
1901,1.150656390488217,15.66900210653755,11.712981456661211,2.6708120201202905
1902,1.1510483308519082,17.18563483337419,12.877121718021526,2.1700235481974435
1903,1.1564934587192035,15.765273730350067,11.638907075893977,1.460340555216197
1904,1.1502595201233925,17.28634519220332,12.02230714687359,5.036745006590518
1905,1.1552533348877956,15.895970186376942,11.344596167903099,1.3540331434279582
1906,1.1535042195217633,17.118054378023768,11.580337120265952,1.257250737813866
1907,1.1509267248822548,18.505787749763527,11.881616211179647,1.6945119487803952
1908,1.1555952716063007,16.16351413564242,11.89564948088819,2.8000966817723594
1909,1.1475663998691905,20.507492930327523,12.845002092090805,2.091227415720634
1910,1.1489230533218164,17.23495639419028,12.128164516460364,2.024416621239395
1911,1.14634570763577,20.23044867567748,12.195712208011765,1.3650787010954195
1912,1.1530955936819416,15.768218965997695,11.762153497084254,1.571366751165454
1913,1.1485438992164068,17.01762217097282,12.193364690110323,1.792402172905739
1914,1.1483457421707315,20.931360054385586,12.388738963601817,1.9892278354866473
1915,1.1507475743977118,10.357487501246213,11.112674241386507,2.317193207416373
1916,1.1491040455069543,17.20409735031436,12.008228906947728,3.2578248209530707
1917,1.1489478806415623,20.073939907470894,11.884812465563517,8.14773412286722
1918,1.150318597790162,17.94113837892033,11.246774296858632,1.5476917933197907
1919,1.1518020540080363,21.00328825158279,12.345143881268076,2.804401064808667
1920,1.1558852481692807,19.01524764998977,12.086756477954381,2.0777878308051796
1921,1.1567030898296906,16.030875516164684,11.574820269342988,2.9429685297980117
1922,1.1605549372603556,18.956912608610672,11.68577016292715,1.5147975840452117
1923,1.1616459422448686,20.7926147946969,12.388373116501176,1.908085590997501
1924,1.160525147271614,20.227545399321553,12.36611660599606,6.996841257234932
1925,1.1652472170384944,20.754496839403902,12.129065828053875,3.2124549782700327
1926,1.1712281583201978,21.434931368233556,12.017336311460776,1.7636275177490137
1927,1.170074847698002,21.277980180395716,11.56366826221832,2.25659758752101
1928,1.1711751746770205,19.960300588095404,12.025271222492274,2.2880640243421015
1929,1.1691415993678032,19.88296405881421,11.960195257100107,4.512225392216125
1930,1.1742074904785036,20.53704252457801,12.151595997260445,2.3822097509569424
1933,1.1697608180909016,15.997449651462674,11.463598580419513,5.462073120259288
1934,1.171251987598338,15.331201707661046,11.476935730703108,2.3785019762276822
1935,1.1669118490178372,16.69207645747279,11.292212271988072,5.123339540107223
1936,1.166236896526211,16.237038671842758,12.325684181696047,2.187760041582537
1937,1.1679804699227005,15.594841656625379,11.352964632466065,3.4962977158800577
1938,1.1695572733554036,15.493415481123561,10.837843338217374,2.673399350412779
1939,1.1645654891884052,17.4284008129711,11.615992437947108,3.82426240931213
1940,1.162885330321458,15.149608385953563,11.925453264251171,2.812803401541471
1941,1.1583063285187603,16.300422682846396,11.877347883725685,2.005600954868889
1942,1.161672514457666,14.175463376691152,11.04413037072002,1.9803478580013114
1943,1.1566110121128936,16.47506090233587,11.33207082617499,2.0391150487703626
1944,1.1547102457482021,14.615893841251205,12.021733121458691,2.0587585879367802
1945,1.1521698745729392,17.05138819219261,11.955357985896953,7.098303736448317
1946,1.155328218259638,15.739763178085443,11.797990356741463,2.6741188192109155
1947,1.1582281105800687,10.590459742835163,10.785190872985815,2.507988206885164
1948,1.1545727945742212,15.420004495006799,11.728359010561421,3.3943903105881925
1949,1.1560487508566104,16.34017739294673,11.924622208799844,2.8396635942937554
1950,1.157690621370099,17.48495331279125,11.792077153421758,5.446388291984023
1951,1.1577314306245245,16.93237337240272,12.373640407048672,1.9995942706163827
1952,1.1643479584355505,15.4354106799358,11.114610420566255,2.7023309300544476
1953,1.1625761879298835,15.82386007932747,12.722248650556057,3.6549152783620773
1954,1.1654278560113303,14.15052883542692,12.488572274603332,2.5635736226214973
1955,1.1725189480749088,17.10247129162125,11.815951811153342,3.2117055294910393
1956,1.172076934592444,16.354065335698063,11.26749610840943,3.7082574386814016
1957,1.1741249848139361,17.348781090777866,11.32015700282801,3.2783258968835622
1958,1.178298706462079,15.19525010432181,12.810003906832026,3.962522917175885
1959,1.1751702229658685,17.33723887165604,12.927996653023571,2.940056275862008
1960,1.181092725300464,15.885426843323248,10.955108241740174,3.5612372758771196
1961,1.1762721214180294,16.859552079749168,11.883494254373499,3.4621072390764813
1962,1.1766680015929802,14.31579363891908,11.958492833638688,3.288270603497132
1963,1.1925796640673154,17.40619053987005,12.311570435854101,3.6470815702774146
2000,1.1538599704960244,12.712339779178775,11.43275340479659,4.6722923673245695
2001,1.1427836289218376,13.326877432641416,11.587553657675095,2.667810722875142
2002,1.1412195919805825,14.948514632727173,12.47502090177768,2.1108715678180707
2003,1.148325334207346,12.919286165899333,11.46773157837916,1.732840144081489
2004,1.1414528799493546,14.5434244649664,11.796328531904438,3.2514695908153035
2005,1.1487918120303102,13.173582708818971,10.959064395654208,1.0028324814380107
2006,1.144486811740933,14.743489417657226,11.514371691407634,1.579325363936414
2007,1.1444844608694973,15.602994528350232,11.547578149882524,1.6624755586441053
2008,1.1467331329482477,13.461277441474968,11.87024063146506,2.83288098682538
2009,1.1410301891476178,17.42335059123272,12.533968763505113,1.2198269298512991
2010,1.1412755411711182,14.552121175356131,12.105215991930546,1.6082455117851333
2011,1.1411160589446079,16.660445364333558,11.87972270547987,1.17820154126025
2012,1.1458877241777607,12.834154875494104,11.356615175353383,1.5191150014430135
2013,1.140268125710381,14.062002115209246,12.025444466806785,1.7331452332454698
2014,1.1376255321202655,18.020035018726194,12.425433046643569,1.7093507361139746
2015,1.1427179115953705,7.89510139135983,10.593343310745524,2.1913014838791227
2016,1.1418320390561398,14.42692665542065,11.579767920091566,2.6378340042001165
2017,1.1400220890391735,17.789985595995606,11.89637493106815,7.345636166819894
2018,1.1464597572649584,14.652469303959576,11.497308514070335,2.002147669471711
2019,1.1489424785209308,17.593173905197567,11.73298144810815,2.7077671897160314
2020,1.150470192830293,16.255902466289108,11.754571318444583,2.5738572664421486
2021,1.15142086803928,13.469744177650952,11.20739953757468,2.169009905700328
2022,1.155012615571956,15.937909141405187,11.650734594835058,1.6365994796059056
2023,1.1560893417215115,17.592613888499034,12.245771983774828,2.0505944056862795
2024,1.1542818623666515,17.042016733126836,11.873733250951853,7.061154071887049
2025,1.1589080210389027,18.05833748834213,12.242143110758038,3.031865340703932
2026,1.1653752809752957,18.500536947674473,12.13930739729611,2.067562988936729
2027,1.1681285656593805,18.245495058043563,12.04560912037955,2.4421173542817876
2028,1.165342699290027,16.94273390002427,11.895955971503454,2.6916305209500675
2029,1.163586505234147,17.336935342384884,11.610261568367813,4.507501077837147
2030,1.1663965985619567,17.758737956499782,12.264661133498313,3.4769203653882155
2033,1.16693103734792,13.214731269305718,11.180922773272401,4.270278037227758
2034,1.1652870679069285,13.056368269185118,11.0471279723167,2.6431632692368567
2035,1.1617825696782678,13.836664966816741,11.514464120609693,5.331911439210927
2036,1.1605723334073137,12.926197792628138,12.613039457899236,2.0500793447407637
2037,1.1610184504494319,13.159267521346887,11.133226733071242,4.386651427376954
2038,1.1628857132168942,13.212195917623903,10.697932827285118,3.6221138706483296
2039,1.1569795105885592,14.453923516749096,11.518756066872788,4.093447039150154
2040,1.1559788886163311,12.485287519379103,11.710889496859233,2.7962514310550084
2041,1.1498462321990508,13.281730804218146,11.960816361642436,2.571139784098668
2042,1.1542888085838268,11.58044571624695,11.081752678100662,2.4968383622743384
2043,1.1487697244175155,13.92342060785685,11.512551482580085,2.170598133624096
2044,1.1482143885977545,11.482294532167291,11.90246095031113,1.747065446222258
2045,1.1435663953126065,14.278054834865944,11.440506783025166,7.142271041439673
2046,1.1466509636762452,12.71659192924797,11.680327081852552,2.6358290966001285
2047,1.1509522830324,7.315297335053618,10.779855803797675,2.9776500563512296
2048,1.146429622715903,11.974849203171523,11.824860364929743,2.959386667036857
2049,1.148304244546856,13.868276665548395,12.174411388696063,2.5739449030057386
2050,1.1468268141025093,14.788191388010686,11.532544813578015,5.830405128031281
2051,1.1515697339321609,13.485988758971905,12.057318146594978,2.2140301880448097
2052,1.1563724586356312,11.996763588728292,11.285564826250628,2.4526919094050097
2053,1.152578068873802,13.321738835486675,12.418913117858448,3.904985716081277
2054,1.1565977317374496,10.935939116374858,12.608772458515913,2.6411190801191813
2055,1.1613148053970785,13.78385895079619,11.51376544263711,3.3596105503354385
2056,1.1633306024564616,12.828698674210829,11.709422407882974,4.28277043104518
2057,1.1636929773772702,14.492715048213233,11.228405158835681,3.723729718679653
2058,1.165800401404663,12.42576938655608,12.92875962373676,3.029288599719326
2059,1.1649166718473196,14.048132714634344,13.019085477005234,3.1372377122498563
2060,1.1720547607728589,12.263888662198214,10.808205493775883,3.635534557292712
2061,1.1643089282588641,13.825555461471195,12.12686202432912,3.0565647235911064
2062,1.1656589589897535,11.929389348830806,11.925366430690369,3.4776324682180246
2063,1.1811740284556111,15.735512400816525,11.980455869065782,3.3008121331786096
2100,1.1557008116879328,13.812688693503073,11.396022564221425,4.559116335351131
2101,1.1423552772212364,13.994765044433695,11.865148124599072,2.483463511708102
2102,1.1416456727210738,15.98896927616662,12.28175425858977,1.8078780070126799
2103,1.1484147693837665,13.890434500258594,11.564407742437506,2.3876365576310112
2104,1.14414261452338,15.3326212330537,11.56223238245892,3.7775085287094075
2105,1.1484986777737085,14.50938953136143,10.984257375029895,2.200320188420901
2106,1.1442901734089237,15.784802802033433,11.371134350985969,1.6371235929943817
2107,1.143561755146742,16.88962814113861,11.390266933486444,1.7201789846247086
2108,1.1459867940589714,14.434523869557726,11.963124676311535,3.2801817098987414
2109,1.1414585907177297,18.378468469899556,12.416227213769135,1.8130071574282158
2110,1.1416024214153406,15.239735198029491,12.147845767830274,1.9602212213535146
2111,1.1406921746437182,18.148483524456726,11.892287254934555,1.6368351544390305
2112,1.1462946636286158,13.857764466439768,11.308780934839668,1.6393700876940371
2113,1.1430847139470726,14.89432545237372,11.65624617576645,1.2556789285895873
2114,1.1403897596549204,19.358275491352135,11.88203797292965,1.6063657701927134
2115,1.1440911697458025,8.598367738020707,10.708404632215716,1.5942429792391724
2116,1.143401074871193,15.709165739724924,11.756265497213066,2.1245655246830863
2117,1.1445427884596882,18.055337750590592,11.506501897381446,5.309067999380686
2118,1.1453115457591474,16.156448175171388,11.027871159846113,1.7654581766994992
2119,1.1511683587348815,18.836179787243626,11.89320391655006,3.536300593868195
2120,1.1500657543458288,17.427730461656328,12.092821115494175,3.121851858001685
2121,1.1523306301077523,14.778412123556585,11.35911941699194,2.849908800403747
2122,1.1562573901686424,17.173294797004733,11.689182590357134,1.8525855308770096
2123,1.1576824339127054,18.90442648655775,12.165435965316332,2.5815976293139604
2124,1.1558948993863722,18.16283708686308,11.780907760345157,6.41232629262608
2125,1.160819436247633,19.138868441400053,12.012143914525824,3.1430637235175247
2126,1.1673587278632411,19.663018622940694,11.72121400797726,2.481452287389514
2127,1.169190972841243,18.891415727164713,11.424263959143046,3.1576249866346706
2128,1.1678818446207893,18.12471817941871,11.487835338575486,2.7876133529930893
2129,1.1651895786132118,17.903598558891392,11.760286037646793,3.1808106979708812
2130,1.1678388789390246,18.906884348290443,12.13883998018573,2.3877001026827074
2133,1.1673451605556249,14.245807377095176,10.987130374150112,5.628012673381368
2134,1.1673520013578569,13.925819951808528,10.984506006810292,3.5082488969936008
2135,1.1619556800365984,15.153700785326429,11.51579373350067,5.61363829441454
2136,1.1613954112675429,14.161895581309473,12.116975261404377,2.5232394713712676
2137,1.1614183302347802,13.905209809253352,11.007696686483769,5.0549615219880755
2138,1.1655114576780146,14.104469742290384,10.557334932083293,2.441024583112738
2139,1.1602867938959105,15.430757664581908,11.83577643135825,3.913978372357407
2140,1.1572236018022157,13.450201277446231,11.207510030336813,2.7035438191642553
2141,1.151586525802399,14.474392757684472,11.541384180608151,2.7200589230224654
2142,1.1551385431584653,12.831036895570465,10.828052935453456,3.0408100963439457
2143,1.1508693033421162,14.881601521729282,11.131196901091418,2.8625094764920718
2144,1.1498135801796097,12.546227449545118,11.773699813788056,2.3715285910234294
2145,1.1452640554187277,15.045116990506454,11.709022618390302,5.590497641931926
2146,1.1503907610416717,13.776328929673914,11.714202365182674,2.5714200946349193
2147,1.1517413473037477,8.44285006617733,10.34369438932182,3.198079760223745
2148,1.1472583724143892,13.357878385923891,11.50847848269618,2.502982485052761
2149,1.1489857699219606,14.42912528500833,12.183349539862983,2.7888005087962875
2150,1.145092651783241,15.932940219478045,11.831475754211063,5.671842432481512
2151,1.148767505902335,14.711595467544656,12.304236048179872,2.5430294347327616
2152,1.1549413974079683,13.679777319995665,11.010680404268978,2.9432126284810773
2153,1.1535162312977991,13.645745195164363,12.418563212383797,3.4377488844773825
2154,1.1536947409566076,12.002550448374109,12.417264831806142,2.4182291173863106
2155,1.1625359292464188,14.532861453820669,11.557433453572829,2.5835172881725326
2156,1.160725168395612,13.7804713413322,11.46068891507462,4.045898866820299
2157,1.1621385112995135,15.061840579886361,11.292266354800493,3.4712793306625116
2158,1.1639424756735406,13.01727058290631,12.724992682853035,3.282290627185855
2159,1.1623465110639999,14.480574457784403,12.678282009079503,2.7650271260901302
2160,1.1678473846036843,13.265537770177328,11.164544085348393,4.017181366284519
2161,1.165932620377968,14.520336708809705,12.156277101418203,3.2883726878746367
2162,1.1629700218043673,13.121950562138352,12.157944162898088,4.205777937800382
2163,1.1776945289808056,17.26911630360487,12.49022403192712,3.2811321231246713
2200,1.164363335204927,12.849056812111325,11.225585657899872,3.775577090858947
2201,1.151469836464281,13.225521896827264,11.771861845497115,4.0822412905066585
2202,1.150495227234884,15.3921623646253,12.408508128825725,1.296436283176229
2203,1.1555798049367987,13.395494734973802,11.963613965040148,1.7854639002958155
2204,1.1487424809210256,15.16206000316428,12.392420473666713,4.755814638828058
2205,1.153511070310167,14.565040196963944,11.458144572919277,1.8046614635750753
2206,1.1532829238341202,15.161637849134786,12.06930237498219,1.8631245379410377
2207,1.1503848885995889,16.717784333861935,11.98431710526513,1.89239920255237
2208,1.1541979916056346,14.408161825416684,12.082901543248864,2.8346237891744854
2209,1.1488905171431747,18.147993069204436,12.649672403600297,1.4153507061544262
2210,1.1476302921444008,15.34402763199295,12.633609991761922,1.6863017795553659
2211,1.146240284169427,17.96493150864534,12.587468621715242,1.0688246571185203
2212,1.1535358896148804,13.793520685930861,11.729464359639515,1.5484114962659181
2213,1.1514288379837052,15.137568302467365,11.954957391435505,1.483103149837502
2214,1.1496293251560104,19.080931479152728,12.020453979212219,2.2064915934014766
2215,1.1524377204546756,8.737891170639024,10.569047219096538,2.079362489330407
2216,1.1487062750615677,15.826241100981443,11.860827216430044,2.6472035498632245
2217,1.1505022715506052,18.502878410944792,11.867332673669587,6.851433727922513
2218,1.15582224712209,16.19595315891363,11.551426540920291,1.9213253278306208
2219,1.1578501087189164,19.095873922107824,12.086909945184,2.869973902470107
2220,1.1595283657057422,17.81262760995308,12.141375240895774,2.714409360397079
2221,1.1619951314214447,14.435798398572945,11.72313629953364,2.501594303244142
2222,1.1650551877527455,17.613268121296706,11.476389552014206,1.7487791496439054
2223,1.1684461603685956,18.591658852490937,12.534380220596349,2.192446446782008
2224,1.1643691905064861,18.30528171938254,12.044731969532833,8.319170974387326
2225,1.1717802104721893,18.893250468747528,12.202186204788536,3.2527822885295112
2226,1.1732948091187723,19.44467177729453,12.329345446970242,2.7518983934474073
2227,1.1767530502200507,19.28575304840921,12.18953026665782,2.4406683707043575
2228,1.1775050518738048,18.13470531392904,11.870960309264603,2.64615691916496
2229,1.1739403980159404,18.039848715082325,11.881609670815994,3.588567010421599
2230,1.1769441681510895,18.85953055810118,12.31584978491468,2.5308576659448105
2233,1.1777017286099365,14.579087916079985,11.365278986216692,4.656807121560399
2234,1.1775930350341652,14.48605777342723,11.461755855216476,2.5779556425870513
2235,1.1716720383021946,15.062802786857198,12.009475233305452,6.089102005547884
2236,1.1714304406718787,14.41823687260034,12.581757074897531,2.8181177403269446
2237,1.172002612285972,14.491502864699319,11.482949815454013,3.891908210818157
2238,1.1759750727709388,14.169235296599416,11.126496648938632,2.2558958578910326
2239,1.1689603757426135,15.444255930355986,12.041014807828812,4.058470454524029
2240,1.1684924497747005,13.55588114187869,11.383656800801038,2.328489024484337
2241,1.162113232831202,14.518189828586515,11.731782167831996,2.0906946441798624
2242,1.1648545195112856,12.723439445421747,11.092626817702515,2.6508177667279758
2243,1.1585325232932142,14.930040434472945,11.636891034889835,2.247611080640988
2244,1.1567921935519296,12.832614769408696,12.266421493057099,1.7575206993412478
2245,1.152827429609167,15.136892180107617,11.932670595185211,5.8232607659828854
2246,1.1553184675968529,13.831215153650094,11.93410924000876,2.7659536284009714
2247,1.158307412667791,8.491659119822646,10.862248350659751,2.4344242404896157
2248,1.1568426938864584,13.351101311490257,11.797766668399344,2.3475369435717415
2249,1.1544261639095617,14.599627100785215,12.192024383124348,2.256751142516773
2250,1.1554987038011966,15.618734803490007,11.937349960614204,5.545230271981828
2251,1.1575278807134157,14.848477994611008,12.364432894051223,2.082200607066238
2252,1.1619278676081857,13.428259423169754,11.50311414578584,2.247581826222422
2253,1.1572869483334478,14.23544138805707,12.61721145754128,3.177281391811204
2254,1.1591558248214484,11.95944854368386,12.762055828565561,2.298373430326603
2255,1.1663016716530696,15.075670723525514,11.991195825416286,2.3780216563401524
2256,1.1674303842510703,14.013381518890755,11.512997744432308,2.6676425767946452
2257,1.1694890324374836,15.355620017999637,11.541424795777548,2.792986598228459
2258,1.1679968070896833,13.360808674339747,13.070259830660813,3.2304381098118546
2259,1.1678456986545194,14.952288293656723,13.114006584006955,3.1484583557542423
2260,1.1757038523858037,13.369719886962912,11.032908355153445,3.5199938192168436
2261,1.1676702862488748,14.897908594473419,12.277403194754767,3.3370423755757166
2262,1.1695859417846408,13.057290593996125,12.065385165894055,3.2012862383333283
2263,1.1847339536681356,16.474931960406497,12.1287549853438,3.553820993758944
2300,1.1558835556603504,14.601178961809044,11.060078171741138,3.760791958788056
2301,1.1409178596088594,14.86679205458028,11.994486665562137,1.9130433563890707
2302,1.1375789868939263,16.877557819201662,12.733995635518475,1.6359522930176338
2303,1.1459200636435456,14.738415851902678,11.685394757307042,3.426157256401936
2304,1.1391706861160054,16.085866500458994,12.118468191873543,3.8676815377829508
2305,1.146884390527427,14.768613922017607,11.13807325096363,1.5827817065775371
2306,1.141132815825831,16.39036801577726,11.792814375667898,1.2730295860182128
2307,1.140301131533083,17.538797533305207,11.674202811775956,1.6224385761732965
2308,1.145014570154821,15.125804595412008,11.803915255398639,3.0726561844071734
2309,1.1391057939268827,19.42161377752907,12.392502942223764,1.3410127773466904
2310,1.1386006520906555,15.964718806903484,12.489249293431298,2.1697764156070503
2311,1.1398982404727573,18.75961586293495,12.382958909844325,1.7901924909949543
2312,1.1452587235584206,14.462396889174347,11.38589725264067,1.8779483291436252
2313,1.140973788268573,16.1072231355733,12.054861269654387,1.5694155281285924
2314,1.140263963619837,20.022410182561472,12.013623116258248,1.5068100215652303
2315,1.142955688677506,9.617626699250515,10.593229162507788,1.949635401470986
2316,1.143491930382694,16.515603437314372,11.594874586329935,2.73497932403502
2317,1.1431026037824608,19.298759087428447,12.110408186222518,5.457375569691338
2318,1.1470288777915865,16.54747395854507,11.423206142060177,2.090225257158056
2319,1.1490374657389701,19.94217828956661,11.74192647878622,2.247560711151309
2320,1.1525470688085289,18.234362326031444,11.594090974387303,2.596276486076396
2321,1.1539958024734036,15.291487109651476,11.03210791141231,2.756195193290943
2322,1.1583306123836101,17.81943361318329,11.757791380067168,2.784442053680337
2323,1.1572172638978016,19.90146595915889,12.370971919694497,2.448360047844359
2324,1.1602146740728232,18.73070618373253,11.489092636075162,6.841058967666448
2325,1.161345825305955,19.595987168772968,12.330358671863507,2.870954645543799
2326,1.1655365325817322,20.2037169453709,12.277871608066087,2.6234009582192748
2327,1.1696930899159295,19.6534495559893,11.887902304032167,2.141759943374077
2328,1.1650634988711273,18.881698211309743,11.933670205810913,2.7853896152005158
2329,1.1654109037753624,18.727353172272462,11.874393297871988,5.220161871018571
2330,1.1693268415805558,19.622281018923832,12.14043611857591,3.3662517620044072
2333,1.1682716695457316,14.908749508586807,11.459048818537026,3.6996331959710784
2334,1.1706875033275668,14.210245689189284,11.443693360486911,3.3927265312938624
2335,1.1664442996453586,15.412046538119903,11.58484177824686,4.929310276287624
2336,1.1626825717129121,15.114070569897814,12.586560254979199,2.9198777430406264
2337,1.1630267339537683,14.523226125952469,11.271757217161943,4.592850637898878
2338,1.1658968793429723,14.967790990107693,10.708995786992768,3.6392475749308204
2339,1.1608886716671265,15.730808180210328,11.819684582145621,3.549985345025117
2340,1.1613805762359657,13.851416998804671,11.406426455467352,3.2291330125450863
2341,1.1525794857215754,14.842798099713008,11.886304021682747,2.811072532901599
2342,1.156022135124342,13.5228181311316,10.965671911365941,1.976202432439621
2343,1.151600561457345,15.188504757836418,11.39190492563652,2.9196592246195845
2344,1.1479611033048656,13.385314081106461,11.933647035761954,2.4526711499415383
2345,1.1429142986540424,16.028012435082097,11.613938953009049,5.564095839927145
2346,1.146691961442529,14.58133389574946,11.715386824803945,2.8118158972946246
2347,1.1497306603223727,9.237759248703954,10.612132957389864,2.9516274471417483
2348,1.1478933122260795,14.057341960142505,11.455739023144162,2.4093133806996536
2349,1.145005738315616,15.24706240068374,12.075902010493207,2.3998935978308786
2350,1.1440972567442638,16.11133484415861,11.828338642805377,4.8344627415973775
2351,1.1456509094928338,15.018932532262838,12.643974848801681,2.2783895714872124
2352,1.149357140709256,14.008490645991783,11.021147258098194,3.0245100266604363
2353,1.1470505856771767,14.429222416513982,12.381781694145774,3.4579431777422664
2354,1.1515414898071217,12.297957244355569,12.465608870260159,2.2024089097768758
2355,1.1563158691839528,15.49026254907591,11.667229215470172,3.4678226744987932
2356,1.1547396861894796,14.256407817315463,11.477507821388144,3.2348027576222194
2357,1.1583442979898158,15.47505305572154,11.139471057971706,2.9971805884325042
2358,1.1603927804989955,13.485415958988417,13.022306719419536,2.291907215867468
2359,1.1555154339876603,15.886467368215685,13.094259892489914,2.298767399756459
2360,1.1653006363830973,13.862516034715894,10.834693592644436,4.179691936476793
2361,1.1570934434917315,15.147186850093174,12.267440636770731,3.237364645894179
2362,1.1572563473521047,13.885640640802126,12.110814246571229,3.8073701331955574
2363,1.179821511293316,16.82907190434588,12.223911197795159,2.8428223953361984
2400,1.162175961324666,15.655801217441356,11.685789780008372,5.502578769970811
2401,1.1486430897474365,16.317039459784738,11.833890574253097,3.166230892666262
2402,1.1487746712616078,18.4488952906048,12.520066045756131,1.8298610246374112
2403,1.1543191200513538,16.30737190987852,11.670523968089038,1.900692159340915
2404,1.1479286643695499,17.961928203492395,11.896467115825137,4.409125525666862
2405,1.154106624825758,16.6728347680033,11.233230031118872,1.9438770451998437
2406,1.1516244191565328,17.945937198958074,11.949286405635673,1.3121320246003523
2407,1.1509071645490045,19.06557631446015,11.657051675756454,1.424051953489407
2408,1.1536310313552258,16.989306406936553,12.130183260888826,2.431939456670241
2409,1.1487430299869759,21.009409633727103,12.570117255494498,1.3779235398949774
2410,1.1475156917419334,18.066200684686134,12.485866308512733,1.938878041293849
2411,1.1482131238435551,20.57386335535488,12.007205163840105,1.2093289644318888
2412,1.1540337513921977,16.834641554234278,11.510300592545086,1.5781451080866529
2413,1.1499761518783764,17.944276150759993,11.988247231314162,1.8361440895630743
2414,1.1477546785192123,21.662832590159915,12.59363948542754,2.0320711139209564
2415,1.1521738544796603,11.342308658081638,10.779233855136548,2.0690727844950145
2416,1.152302612437828,18.43776533408309,11.729363186714595,3.2606597420394
2417,1.1519594883903386,21.006059679409777,12.205346962583869,6.7245462564173
2418,1.157938671677494,18.44817076732116,11.684305154963766,2.28842832688436
2419,1.1585231967861345,21.396067231372424,12.46546714271249,2.602778900049651
2420,1.1628246625329939,20.45763723821204,11.867083404718102,2.1611411081441507
2421,1.162257472159449,17.45316809434732,11.709183614726314,3.477400901222172
2422,1.1666198705227204,20.254861493174314,11.878464873811561,2.417585962237731
2423,1.168261541819467,21.438542229389824,12.520795225554194,2.1540469253983394
2424,1.1670374128668153,20.94260199400964,11.508105610889746,6.017643386093438
2425,1.1711867176678825,21.727571265969427,12.471599332685471,3.8831954594296896
2426,1.1736345712254084,22.062459579551067,12.314732042446655,2.4036910593864436
2427,1.1779436442348479,21.90922664095553,11.859575307477186,2.6258380699088564
2428,1.176334314029582,20.661993386596137,11.772470067773028,3.025320255818471
2429,1.1748413181600343,20.71895007762989,12.179569618927907,3.828299282628042
2430,1.175557780491413,21.756808902598056,12.578462489441344,3.603685181758408
2433,1.177438366718876,17.17284490081727,11.413871131854078,4.869372365156525
2434,1.1802735372284114,16.63343469691161,11.438735960285348,3.946799546662685
2435,1.1728417048151185,17.6481428835083,11.63969898145347,5.7915636386393405
2436,1.1719697541913419,16.827334932941593,12.38018449370516,2.92656973877514
2437,1.1732418088616416,16.53682261261752,11.170184288500112,4.278819003489176
2438,1.1746523696664057,17.060983028126127,10.788735761260712,3.412108719081898
2439,1.1697013986284652,17.893460913977794,11.863596625293377,3.8017324705302373
2440,1.166890438589713,15.820720041905913,11.8650627268955,2.692923770329605
2441,1.1630343037225706,17.137511437425545,11.734020657181183,2.3261384089924637
2442,1.164784331368128,15.172720145209263,11.254959725040766,2.9918608288970465
2443,1.160263085246917,17.469107524616142,11.225433984683951,3.09547970965045
2444,1.1556073859409195,15.31857454457798,12.062046668150982,2.0082579256328557
2445,1.1539246549030464,17.886715545775957,11.841582181821972,6.185963709949262
2446,1.1549989586519882,16.425505813459523,12.184918674105703,2.034988449532342
2447,1.1568900141002156,11.220167952401725,10.87073893489245,2.6338144695956673
2448,1.1533008452719087,16.100574464093565,11.619656216641056,2.4540561313398364
2449,1.15275595312155,17.00325139511821,12.432766139378076,3.1031244324729506
2450,1.148634418322628,18.39453464608167,12.266151352810134,6.611912785805858
2451,1.15494227129902,16.93866372695746,12.518865391023988,2.082293488828251
2452,1.159397181047831,16.05763667182689,11.686950514833125,3.0806658287102286
2453,1.1559015728181798,16.339442616810917,12.584791845379689,4.324719089427727
2454,1.1604511333829617,14.391730346069096,12.457736580997702,3.1600216453818217
2455,1.164982031680338,17.16838205080294,11.96434876646697,2.245123266720445
2456,1.1635116579448763,16.080190524186975,11.566531217268883,3.4261030937301222
2457,1.16528271007198,17.346320222086778,11.530290966656812,3.0109433237313112
2458,1.163712120004278,15.977456194798872,13.206964973868535,2.4395987846088065
2459,1.1624915499305328,17.6785990103151,13.06107738888204,3.1713337854778736
2460,1.1712275874499385,15.815033360779173,11.380867032984046,3.6160986064878258
2461,1.1639977833883468,17.026952991370774,12.183355600976613,2.812990109624038
2462,1.1674671207179437,14.728292384285453,12.03559976432267,2.864620720301582
2463,1.1766934339669006,18.75192470599916,12.620521075047293,2.7599849813451995
2500,1.1634984211095325,15.046162185296776,10.954828547832374,3.8163992693453173
2501,1.1502576238186988,15.59111386470761,12.128207898384035,2.9153200546362923
2502,1.1463350939792778,17.68492882547802,12.685531956412905,1.6854454661830334
2503,1.15315601349487,15.878446309627384,11.910807550564373,1.60840270241603
2504,1.150748858309427,16.78002275468078,12.611900583364571,3.4393368572392506
2505,1.156790262093492,16.204827183064832,11.163815436305438,1.3838756747799092
2506,1.150029498385046,17.268729082626827,11.877587821336846,1.9445373666393881
2507,1.1499932462556846,18.55224510528304,11.784742580762398,1.4604591988649558
2508,1.1532327098220752,16.209058278144404,12.10926652888847,3.1982677733363336
2509,1.1485336609410477,20.390839022478374,12.606885363619162,1.4338535619792259
2510,1.14826506560034,16.99682345562913,12.576147540886298,1.9354520318972512
2511,1.1489585647938017,20.07399302530477,12.031025743763257,1.5970040670970844
2512,1.1524648904609769,15.801065153175657,11.754195427333496,1.3196525809774697
2513,1.1492314501781646,17.261989963917564,11.924749754639333,1.6050171733650065
2514,1.1471443418994065,21.254408265877586,12.343542100342779,2.0991697664454185
2515,1.1548797917951517,10.71723546322311,10.507142868441331,1.8579867930494143
2516,1.149440190398582,17.699001427241114,12.11946123011159,2.732155747782531
2517,1.1511646806348688,20.247702649952274,12.114858172558929,6.884460110890466
2518,1.156786691183172,18.05568282766916,11.641977307044964,2.02809422506391
2519,1.1583530384623149,20.62901151212821,12.219401081290926,2.593916175318852
2520,1.1628034024446725,19.278754219150326,12.064043683215393,2.7793186615493317
2521,1.1624142451192425,16.59823027873703,11.565198407176151,2.5447995188026793
2522,1.168075126217122,19.020881498430906,12.078060768029072,2.5807654383055363
2523,1.1684211217436402,20.95291953363193,12.376994442256418,2.3227185634235377
2524,1.166992044063386,20.076489334548445,11.93999154363075,9.321870204620451
2525,1.1712337669105617,21.30643874873225,12.142728449921469,4.208298306359884
2526,1.1765306734310441,21.535537045649743,12.265552363126806,2.7209342214257877
2527,1.1764876775796584,21.624351802390645,12.171280612123246,2.6035875258338463
2528,1.1775867430240723,19.887086735029726,11.886662414850608,3.5771153244780303
2529,1.1740702692421994,20.299906787562488,11.964412410356722,4.26198064507364
2530,1.1791337868575316,20.691750020002733,12.300291846657611,2.399873132668389
2533,1.1807575939218249,15.78592053874935,11.530517303347835,4.963684805620495
2534,1.1811720774806478,15.793318308037092,11.340173582597002,2.8746156529544615
2535,1.1736920578335268,16.954178494812002,11.530733418529543,5.161883216289585
2536,1.1738616723276352,16.33018781171868,12.201637416905548,3.155722750888942
2537,1.171235409089564,16.411381858306935,11.632029540897864,4.696500023523371
2538,1.1754837534767593,16.178065968521494,10.94492266125645,3.2705790307336606
2539,1.1696324793954256,17.72072856204383,11.963535777963353,2.7579482676299003
2540,1.1704201368612683,15.606448093179473,11.475756822109098,3.038554197560313
2541,1.164495019130928,16.329716889939107,11.929891121412114,2.208017869199974
2542,1.1640732740320807,14.65103532619296,11.188650993473257,2.796541896052153
2543,1.1596629698555794,16.849230996327943,11.81074299993129,2.115561247836522
2544,1.1582326767895172,14.689832786199544,11.988676204142514,2.1080588761467425
2545,1.1526968367873776,17.34350864645508,11.627418601148216,7.380126493633259
2546,1.156750169637075,16.02917643041567,11.714885356990083,2.4485438968107975
2547,1.1579612985390468,10.346488695820739,10.876935301823034,3.556485752415725
2548,1.1563673332933184,15.356853549177826,11.781599207728044,3.1262912284754663
2549,1.1535665381735074,16.770023472047868,11.915118223058716,2.51765721350666
2550,1.152476807552449,17.630911470562367,12.080211872787796,5.1472161812606645
2551,1.1533683504122199,16.310616612588664,12.515707002657763,2.306723735876396
2552,1.1582493088305506,15.263177267068887,11.612241616504441,2.30041866256111
2553,1.1569538330313716,15.705027476306583,12.24170602404503,3.316205552631003
2554,1.1572278217945793,14.321143793829044,12.616904344395483,2.2048526481580875
2555,1.1629359778036412,16.75477760520699,11.608142304385398,2.3590856775225864
2556,1.164751792899882,15.22144233371484,11.543167400328134,2.9531411787127997
2557,1.164804030821651,16.786667079882115,11.544341539364462,3.3752465207698767
2558,1.1624541517635276,14.836876129116352,13.166009335318334,3.0377602900511818
2559,1.1628046177831248,16.69653286562992,12.912780391633312,2.9005558225194488
2560,1.17160893745015,14.660641494750239,11.43853726565806,3.7490650262516634
2561,1.165396626166987,15.779529153111966,12.064789188127971,2.5463908240691624
2562,1.1653355558910694,14.276234904777853,12.143805438577616,3.0031339508154566
2563,1.1848873801195456,17.060941946649212,12.373668703429088,3.276362319128303
2600,1.159560747403455,15.394132044669803,11.0824662906205,4.375572327128758
2601,1.1469939769187982,15.630193492733243,12.070891590079494,3.247346428013526
2602,1.145639176683009,17.681251535694848,12.724857194325867,1.4824409665938068
2603,1.150379158089612,15.890087299568325,11.834323987657504,1.779656219389461
2604,1.1437777032721281,17.526552965235656,12.262867638423955,4.618679762822273
2605,1.1504888129249555,16.065685598190203,11.383754438172488,1.4814242748428377
2606,1.1490809265925725,17.275573332078608,11.87648191289968,1.8482100653852493
2607,1.1484145357840685,18.359990675275515,11.995923650589573,1.647166685578201
2608,1.150753611061728,16.025530578081774,12.308837538933034,3.02694685502288
2609,1.1435443226332285,20.33727727369405,12.662005414524625,1.979576767852968
2610,1.143449116226055,17.428488863567257,12.504288178394848,2.212774230476732
2611,1.1447076463503747,19.982743680183255,12.231226454227684,1.9783814288186874
2612,1.1499410348690033,15.849716333449843,11.58807980676485,1.5666086709905722
2613,1.14751185642504,16.917598164502337,12.266737760711358,2.205966245018674
2614,1.1473182124658932,20.876753143347905,12.22773784448855,1.916511038307579
2615,1.149220523977508,10.5239467790532,10.863075296924842,2.1768169874527903
2616,1.147301214569256,17.75278750227803,11.97133953387266,2.7878762915641238
2617,1.1487952796450234,20.496711681828803,12.160200672978029,5.945026290556058
2618,1.1527129062246166,17.95613049546285,11.585525561646316,2.6258795843557716
2619,1.1560208212815732,20.888190276616385,12.27294637250798,2.902278269725781
2620,1.1590054563151793,19.811657579640386,11.795253939781754,2.605186233760245
2621,1.158232334194302,16.74739724419403,11.674060945725005,3.1930719011356024
2622,1.1629874290504711,19.592130784354566,12.015247551349672,2.4590102088615633
2623,1.1650114473176039,20.81543007013406,12.308481487351985,2.192315977694641
2624,1.1658771679386009,19.918768731591793,11.986158610096599,6.906293703255189
2625,1.1678895087164114,21.130303148947878,12.108964883171515,2.5123311566612325
2626,1.1719713655388588,21.681891961280108,12.327489816379401,2.0723074639487207
2627,1.174521917041576,21.343711263197186,12.352885735523083,3.1911189999562275
2628,1.1742652692211155,19.87515687382374,11.885723962472955,2.9463889869586515
2629,1.1718718186549741,19.949307533537525,11.972462479990378,4.371173600753045
2630,1.174264335107367,20.49110207089497,12.711645960630896,2.434552482443544
2633,1.1750220646841532,16.237657808256426,11.571237188442433,4.7473880402348225
2634,1.1754760093872483,16.085444403104383,11.3911136846749,3.753600822590548
2635,1.170284602959227,17.080023345889504,11.883925601732434,4.896386527946746
2636,1.16885183430177,16.230503978106142,12.7052745620619,2.753128378332957
2637,1.168343507548894,16.371743277165205,11.429772774825643,4.659882802246477
2638,1.1723304436579234,16.151308693362168,10.891311767268968,2.938721742936573
2639,1.168249789861275,17.166156549261476,11.565414719293804,3.9133766885074905
2640,1.1643545534504456,15.147326152373601,11.613287132841137,2.8882712587894748
2641,1.1592451235945376,16.454804197677277,12.209985430075033,2.829215921122713
2642,1.1638182633480414,14.529245108258424,11.325748432223042,2.5325915183308765
2643,1.1558849012283345,16.554810920953976,11.413189340799606,2.4474371992500563
2644,1.155786363769312,14.493453872496113,12.025406866380356,1.8696614258527762
2645,1.1515550176900629,17.064977113900593,12.013654155604785,5.486405207743966
2646,1.151967342372364,16.099759597237604,12.185081441509412,2.6550435842264273
2647,1.1548608102796765,10.619359395884462,10.665510346475724,3.3194886857953394
2648,1.1514520419247936,15.302328175497516,12.173652384901791,2.8288511472552607
2649,1.152719075532322,16.27456707267842,12.143723676251556,2.4524201977639852
2650,1.1489514987993128,17.326043837629904,12.311962484485694,5.697053100749193
2651,1.1518226634303739,15.975439894674874,12.267125683558998,1.5541643668406968
2652,1.154885115128971,15.105802404646745,11.437859331837705,2.318587555423199
2653,1.1532682661242737,15.45323238539523,12.811935223650927,4.0502452765898385
2654,1.1524747813215603,13.790935033213703,12.388809804276564,2.085226500435579
2655,1.159708921164016,16.572112503006014,11.733989521916024,2.792758448301197
2656,1.1582286213603825,15.343283482217803,12.117763174130566,3.0929130759536205
2657,1.1610334945495673,16.333065874827934,11.828131567138186,2.9660087937617647
2658,1.1639064009109297,14.425529459922526,12.983812647560823,2.4639525923441115
2659,1.1577438379326177,16.61400890305412,13.145848828400954,2.756115098975497
2660,1.1634524615535682,14.953453766347014,11.36326316087607,3.730354612035532
2661,1.1581576468026828,15.78922611100612,12.437647480395263,2.7012121892435803
2662,1.1613307469217624,13.835257216758496,12.0598220085571,3.763068519086565
2663,1.1751207579929497,18.133762939140485,12.085419090804546,2.905478576980398
2700,1.1644319527608518,15.382032623569788,11.385148430350538,3.862518271597608
2701,1.150204671779865,15.975424164369288,11.810987373816078,3.1346267619600585
2702,1.149644119515839,17.584542554333883,12.4186590388487,2.0036581957409805
2703,1.1548734638367666,15.959463371836597,11.89016207672384,1.4354259429656875
2704,1.1509834537956323,17.098921352852706,12.165758632038974,4.4905931895719275
2705,1.1568955209598906,15.984056915142046,11.623583631073712,1.7788644565458298
2706,1.1532387895847598,17.31977114052097,12.1127809204133,1.5952079293412518
2707,1.1524312974315394,18.680529761226303,11.76403887011142,1.5104904602909086
2708,1.1544929801831199,16.37987921845867,12.20750042239941,2.9700636632815116
2709,1.1497491782883207,20.47641511190605,12.637015942536904,1.322994846042778
2710,1.1494320189982143,17.572218015465147,12.297617643079999,1.6348005908319867
2711,1.1495326062215578,20.236435900271726,12.215093181504267,1.6773605046947038
2712,1.1569812542929476,15.881741933558311,11.651670494314944,2.000832255480761
2713,1.1523168945560736,17.21255487664162,11.941897024459328,2.0039258353231784
2714,1.1509124960718577,21.174977820080304,12.286856031132526,1.9748540598701259
2715,1.155960194277457,10.619499331086102,10.682747253582068,1.7851356202573543
2716,1.1525589670640446,17.681054604634053,11.912685490027958,2.2513672235920534
2717,1.1531501815431264,20.400195960277333,12.477051566166159,8.811821488073784
2718,1.1584723266804584,18.026199262119523,11.895463250971517,1.6228626169486298
2719,1.1589962291771336,20.91761757940788,12.232661398706403,2.7290877432661755
2720,1.1652782582914847,19.4066516008233,11.944645811397532,2.234356341492442
2721,1.1642319372690246,16.621943407996245,12.018878115154019,2.860309124579055
2722,1.1683552746612298,19.516074981648032,11.596993397490824,2.4026417501470707
2723,1.1719383327247959,20.688983124821945,12.030504165901217,2.0216789275016964
2724,1.1706005231679393,20.251636871968902,12.06227176065506,7.4354613525771045
2725,1.171235707848591,21.255755807712887,12.431595189709732,3.090773171282257
2726,1.177004211829259,21.51975296216652,12.53136370790221,2.593785343109426
2727,1.180564016545798,21.396005164296025,11.907325000347665,1.9223046467238571
2728,1.1762382225108954,20.12951417222037,12.359534870538113,2.577198432149039
2729,1.1762491040901628,19.744352038182484,12.52542590718643,3.8701123174619236
2730,1.1779408197753989,20.962814442790528,12.790959076765358,2.8276864077741113
2733,1.1810173290996344,16.361506573525556,11.554008535891887,4.425031859363927
2734,1.180205071715083,16.171206030798896,11.495939883005882,2.7723924749066997
2735,1.175628123642173,17.259024028840646,11.838361061204926,5.747885284280811
2736,1.175859537669741,16.080571806537613,12.633708465190068,2.4605305459132216
2737,1.1763767306026118,15.963235303349613,11.592481819219975,4.810797178643338
2738,1.1769018187709934,16.205515254595845,11.239302974094231,3.507190724812784
2739,1.1713831391940646,17.497364616851495,11.940738368288757,5.100934042457374
2740,1.1701276955548254,15.418602466746568,11.762257169390827,3.2417546283508827
2741,1.1655266522957717,16.33313226432874,12.430150228614417,2.236350046566307
2742,1.1692093170594955,14.903827907051529,11.527099179326635,2.860439112834564
2743,1.1597748749577377,16.92572541686694,11.86203838867727,2.7890855487763133
2744,1.159164147244003,15.180481849184865,12.089081834645482,2.057106732808961
2745,1.1524182708573032,17.445269945360298,11.959542613577273,6.9127982346520085
2746,1.1587175036451833,15.899736414055885,11.826861745788394,2.4063435730198672
2747,1.1587523554894983,10.721075956645219,11.055492181582363,3.673631292852345
2748,1.157887298234594,15.193288444122992,11.76723352777103,2.5449663294240197
2749,1.153466826872945,16.189679451795705,12.39490811446137,2.744826148309543
2750,1.1522633064086603,17.564078487175546,12.332662601408142,5.553032144296364
2751,1.1541859876201308,16.534427779657868,12.124856784635652,2.7517027073441525
2752,1.1572011884098743,15.312183520636356,11.617918508993165,2.323648350382814
2753,1.1531987827095298,16.141171622067805,12.586800953401182,2.721235914811048
2754,1.1577661807901678,13.818036050417225,12.794300803448454,2.291271965634827
2755,1.1609176453020293,16.970662180721785,12.31338687043724,2.923996455944204
2756,1.1597934459462562,15.732720939471093,11.782273383714536,3.283206704912378
2757,1.1632205239631128,16.90872170559829,11.892646706793494,3.458249086740912
2758,1.1642275813970178,14.984408777421109,12.931812366179328,2.6643519026824785
2759,1.1629653218004559,16.645191359341585,13.181071679268795,2.8044399964832176
2760,1.1667393663828889,15.051194544541438,11.436236424332774,3.440523398118005
2761,1.1656060184492985,15.754788457591244,12.188885935914604,3.139009515848011
2762,1.1637209037737408,14.169521739466687,11.833953084339536,3.5837687330459866
2763,1.1800265187592291,17.34702528469154,12.161688261554366,3.107803374576947
2800,1.1587600286126036,15.842778682269012,11.568555069856851,4.073754682894026
2801,1.1434483767458454,16.339678771442145,11.929323845813984,3.028637445006975
2802,1.144067665147668,18.04279940599659,12.591374735644536,2.2132458845542686
2803,1.1504283561142785,16.238551048532493,11.554347384332607,2.1900252637017212
2804,1.1441512959192996,17.49407972846937,12.126559689756274,4.197295844776076
2805,1.149170860534753,16.208197683479906,11.42344594556935,2.025201704170341
2806,1.1443561271507083,17.327789663746284,12.04372228617349,1.6906806229118847
2807,1.144589949194011,18.789357804717802,12.120630768907205,1.8730234431680284
2808,1.1473270184803412,16.431664791804064,12.031682404190608,2.652276482969457
2809,1.1441219152924873,20.578395558070277,12.579368253288928,2.4000927566531085
2810,1.1450755196986948,17.137709653958517,12.521546335513888,1.913791741663599
2811,1.1435792841829637,20.2888745693619,12.23055438463665,1.6642889443461872
2812,1.1494781262216338,15.761963312802246,11.701205519519219,1.7735079263574087
2813,1.1454583890474546,17.27788575650585,11.92350233161662,1.8388080318764093
2814,1.1441722260205471,21.37342440450463,12.151039038231028,2.223646917918836
2815,1.148949185163393,10.689541519099164,10.668413298914738,2.8316072774955154
2816,1.1463251788531819,17.6651378140057,11.924641536490782,3.3197508047498197
2817,1.1487955129685543,20.324800034816445,12.167616324759713,6.403952072276533
2818,1.1520368850521094,17.948258033205086,11.473040523748109,2.53091148073486
2819,1.1531363951154454,21.071628466723883,11.91242111907586,2.1738519009684274
2820,1.1577517552825058,19.42577758405754,12.204046156719755,3.6243970386238553
2821,1.158825822822708,16.62995015726118,11.704008696973478,2.742107066844958
2822,1.1617337237413408,19.25507626814933,11.901947421620623,2.25307914954034
2823,1.1635737194889735,21.009924840198003,12.260681403394043,2.9456639559135995
2824,1.1624800072515613,20.136357791013896,12.278899227461102,6.305105144221682
2825,1.162011572189255,21.427747270982287,12.807022833550837,4.3750650790856005
2826,1.1682120993584957,21.61389281134264,12.244945302911235,2.8436773247687332
2827,1.171380657074328,21.72542282665943,11.77989467437728,3.1481225785799456
2828,1.1694582424840148,19.90805770751707,12.340812861336804,3.4219391123704117
2829,1.1697655016556643,20.23921190182373,11.790004205433476,3.92260380343948
2830,1.172671979110623,20.480299367147246,12.896567410467407,3.4454302284490788
2833,1.1763880375488736,16.068072835624125,11.380888976279183,4.128409130833522
2834,1.1746628836457007,15.997258189370525,11.45677864739204,3.400684900894297
2835,1.1687118943181238,16.872142196933577,11.540051208890281,4.569241441930435
2836,1.1670193944036398,16.280355563409582,12.34206002691476,2.6419357432242427
2837,1.16881374560661,15.787224437422436,11.63487789067336,4.684642561384032
2838,1.1718214431377696,16.079085993716568,10.859483543533889,3.6448458457033133
2839,1.165141764721651,17.46558053446283,12.076138662703514,3.2551141539912614
2840,1.1654266578207413,15.30362034926383,11.556706612698369,3.182675313137089
2841,1.1569354046987508,16.463428949405216,12.309877081845773,3.085076185661009
2842,1.1605969905167806,14.57337489244435,11.336898773402446,2.8147178081626323
2843,1.1551952573464186,16.882515414083745,11.728547291505233,3.1196296396612744
2844,1.1534915940365091,14.509864394246934,12.14499463377169,2.8966739025860897
2845,1.1489239757555127,17.110650343603655,11.60726948240666,6.155704222296632
2846,1.151664943747119,15.888692601722482,12.271914046030778,3.157362534499845
2847,1.1512727302283352,10.761247940916231,10.714764446268982,3.2717199189872095
2848,1.149085219409107,15.28717988779224,12.023132807692248,2.5254467748303364
2849,1.1465010259059163,16.42128000688221,12.272876453761281,2.905683814715221
2850,1.1459799597845926,17.428839335489208,11.94240491822496,4.440782742273407
2851,1.1472824964450232,16.689042541798933,12.427071330997727,2.555345213686125
2852,1.1516720198984618,15.206650942214305,11.285741332167852,2.7994972741183535
2853,1.147062578260248,15.679139582449023,12.633472240722954,2.627529931151578
2854,1.1511423465272923,13.522077164026692,12.756846690268384,2.4619027568583016
2855,1.1556627857368225,16.36510584961022,12.190751927272627,3.104345765788244
2856,1.1555181648355504,15.21014894938449,11.763416713413985,3.838024855259175
2857,1.1528487808754124,16.887661580995047,11.691179750826496,3.6022598162855988
2858,1.1547839037791745,14.975819937086825,13.35683574266375,3.0570417632965396
2859,1.1569753567347352,16.50575944337021,13.158661392340669,3.0183749520857095
2860,1.1615742303272452,14.773785359483107,11.043026065999161,3.8333011738323
2861,1.157085481344288,15.589777658944227,12.30648509557497,2.986545786383625
2862,1.1555769026954015,14.430855503219737,12.08210536928041,3.5568376562791917
2863,1.168334094792459,18.985101386856517,12.120027688386555,3.483297529108237
2900,1.1721692745449692,17.956147865051495,11.636467897224119,4.565925598876216
2901,1.1550424376102388,19.21158709717885,12.095656223638365,2.941122885694287
2902,1.1554291142717048,21.336733416549137,13.118835392838879,1.4355909674092417
2903,1.161077299093234,19.592133517892815,12.311138380041598,1.0459433190661969
2904,1.154138998408991,20.858503393395413,12.675670494645802,4.927929705848432
2905,1.1622561727107135,20.122934592125155,11.628426104465683,1.431217074207257
2906,1.1596052553740537,21.15360696008067,12.264059423152538,1.2791394470694557
2907,1.156698487239122,22.914271631217176,12.328831437596065,1.3000418806179086
2908,1.1599531005930552,20.447556582492133,12.715999390433094,2.1518480958051853
2909,1.1533376839057137,24.561717562843732,13.229263481872911,1.438639716273439
2910,1.1537393181873004,21.616187756547586,13.261349075932088,1.256456790121639
2911,1.1547696172468886,24.323475179633437,12.796936196295015,1.106612050117494
2912,1.1628212452824203,19.821115932660675,12.214733409122429,0.9025870553870767
2913,1.1592803529963234,21.09676781621319,12.392946525486515,1.290437547884246
2914,1.1565733651761148,25.548889982845445,12.413852834908988,2.1725314701180003
2915,1.1616782603142952,14.871487335968615,11.70630535414188,1.238082329442918
2916,1.1576954351309487,21.84290264916278,12.816088599703907,2.2909106318208807
2917,1.1586083093631276,24.948399424429486,12.21076139543979,7.818358765533637
2918,1.1620108824275726,22.086402880234417,11.909209772090954,1.4036043245614944
2919,1.1634709784574253,25.24684359429433,12.507990857335368,2.8328828700799997
2920,1.1687998931701784,23.5137051115381,12.346847370372252,2.648713755349571
2921,1.1684175702306339,20.94536885692568,11.83124896944505,2.059516249520494
2922,1.1738917620073108,23.614750550017895,12.261935484736282,1.791753579361632
2923,1.1727815904462657,24.933341096111327,12.484609650957129,1.32671066369423
2924,1.1741138696884932,24.67723271021577,12.123141453628925,5.864925838762179
2925,1.1723013304990937,25.46181555678036,12.58242904914058,3.9938849750112304
2926,1.1819268998849448,26.015808210398223,12.19425992235598,1.6362474091920447
2927,1.1815522604490174,25.9632716665865,12.047142700300215,1.7577785994800512
2928,1.1799621267600318,24.49361302587812,12.040352620513387,2.190968435724463
2929,1.179246510636906,24.690990926859214,11.775951281620793,2.8894479524181267
2930,1.183275709201545,25.42304806232444,12.094278487308438,2.0057984138164353
2933,1.183771420916778,20.495841047761047,11.579876054418849,4.237027507795205
2934,1.181141639160514,20.756590182727773,11.658130600937135,1.5351413275769261
2935,1.1788102248246892,21.294616192777376,12.061799355317165,4.307652055303222
2936,1.1784896242150589,20.561818826036188,12.555679699330398,2.099359708497627
2937,1.1762802472065272,20.661608713725382,11.806473841753657,3.665718803135649
2938,1.1835045116481209,20.379582925131302,10.939661207549186,2.3050675469825332
2939,1.177477115630216,21.587243088569338,11.967365704362306,2.3449778818653435
2940,1.1733273095256491,20.13045929116583,11.709406323360122,1.5872573389276028
2941,1.1714040661349963,20.860611032333743,12.329108827958992,1.7550711788794482
2942,1.1713297496060786,19.281675156458384,11.529776855575966,2.435843919181458
2943,1.1681934825024565,20.716414453666967,11.54777988460916,1.8598340588681186
2944,1.1619771179494198,19.20636617701981,11.995633277592992,1.7779701911738468
2945,1.1605973679108257,21.279819672821482,11.858434152343902,5.535120118763028
2946,1.1602632597831026,20.109358532516588,12.281376078483808,2.2025567422214105
2947,1.1636387293043449,14.838209939410767,11.21250623334769,1.9229488331811295
2948,1.1587482784585632,19.64510202335237,12.317895733824773,2.439726282739125
2949,1.1574771877545385,20.919780895090543,12.357313059275931,2.591616440613871
2950,1.1554282558452917,21.783600464460275,12.44670807152592,4.847716435823333
2951,1.1540469551942736,20.709685693597553,12.74409196709118,1.803193101205038
2952,1.1604929025277657,19.551581562540175,11.719759104496998,1.6436088402033635
2953,1.1552622044725667,20.261070032991608,13.04740853738292,3.1053107802911195
2954,1.15633698360846,17.882128347209058,13.147934244551276,1.446269547008996
2955,1.1629542680323184,21.084060115121744,12.022272378173058,2.352474675485742
2956,1.1634930472936293,19.45777082306991,11.684338092903483,2.470704857417963
2957,1.1636621781378969,21.273692221074374,11.941980919610268,2.021580609581924
2958,1.1668093869092129,18.944707772375228,13.33651851406373,2.061402759052398
2959,1.1657871027353877,20.61407729126708,13.344971273190927,2.04634500222883
2960,1.1711461439070296,19.20899801800198,10.990987015138169,2.6522420169596876
2961,1.1699468176734693,19.808803120867918,12.572624440896075,2.2428226476846156
2962,1.1704783400439833,17.47197555677139,12.433567204668844,2.6129351039965893
2963,1.1872302925575497,18.860203146417597,12.622688131162485,3.129627331684382
3000,1.1610492330404936,16.028867263401345,11.378466272786664,4.288946497934696
3001,1.146814509961751,15.999923450245221,12.138257474978788,2.6251888745055942
3002,1.1447811213888324,18.19376845776004,12.17117070364489,1.3074528287780387
3003,1.149535283897612,16.243935654379452,11.807657142713893,1.7449695905234852
3004,1.1453537992923415,17.759514560681684,12.062801766631452,3.8510761689961326
3005,1.1532828887240911,16.5042823819339,11.530745965057179,1.8169449642368818
3006,1.1480293618849746,18.1071860619231,12.068709510787224,1.9377623066649277
3007,1.148172675831618,18.876726214215513,12.379851845273468,2.001425443650442
3008,1.1527707356255192,17.21303819754388,12.480076627737905,2.2441632042419335
3009,1.1466027518941457,21.220809353935845,12.953269113436859,1.4215720126134548
3010,1.1487636605834068,17.94735677809889,12.495255896278788,1.912350563127373
3011,1.1461426979879292,20.74963949112512,12.541410042594297,1.3455585309402618
3012,1.1541380183773422,16.585276395733946,11.803863079141687,1.314031664365168
3013,1.1468313804174175,18.165367243542494,12.625730887090281,1.5257275048713712
3014,1.1464140084304306,21.463634840874597,12.890783344915983,1.7008313828972161
3015,1.1526454189671873,11.178777859795986,10.838096348338043,2.119290165639786
3016,1.1501007515284778,18.206808463256,11.882424535593405,3.0026133916194744
3017,1.1511075664597599,20.91964237537416,12.380983392764167,5.959350650965053
3018,1.1546640663983285,18.65016725820289,11.881116129124933,2.0957751921611787
3019,1.1572516845210752,21.237506999702333,12.277828181551705,2.341629853235933
3020,1.1586891814361422,20.296338616126913,12.148040278260023,1.9296575085031966
3021,1.160421837298645,17.00997403444796,11.791255387079925,2.8339398951907553
3022,1.165730382156728,20.16405472800867,12.198975939133206,2.068138057794947
3023,1.164698660402957,21.47789934845268,12.764937707468418,2.083329544491758
3024,1.1649009812862305,20.692592791656466,12.036189816962045,7.831112516505691
3025,1.1673972749821957,21.758602926645487,12.433852000161684,3.646053094660296
3026,1.1714092390898243,22.22906205459553,12.29468661501504,2.4004767413287853
3027,1.1750742143040604,21.661661711069353,12.16183709682938,2.852873743950211
3028,1.175072408717632,20.31359802857413,12.020436359833438,2.2557885135725684
3029,1.1734197732749305,20.133363458251598,12.414562513885611,4.363984378484611
3030,1.1751618692811951,21.337967937736845,12.752091871625952,2.5028069430796904
3033,1.1798434074690851,16.44941325739444,11.263016257006713,4.314083766370928
3034,1.174207868672846,16.949977556681034,11.582836800716935,3.218331338109577
3035,1.1701512217806056,17.914562359710807,12.376824665683447,5.171415673296494
3036,1.170164251809243,17.30589337541696,12.560673962914798,2.877742968832105
3037,1.1703747926729144,16.96053096683985,11.566179056872697,4.437980270901751
3038,1.1736405344644827,17.061448971224877,11.340863067801314,3.452405417092044
3039,1.170101520959882,17.674736982276123,12.135636972898908,4.006185881783298
3040,1.167960203702573,16.28333604376956,11.881379824020657,2.985221383253586
3041,1.1631517751097367,17.024019611512323,12.136543521078798,2.436755706250496
3042,1.1650255245794596,14.960825857120845,11.521638662116985,3.1501354268718296
3043,1.1577344988029803,17.452616700673122,11.386794696487794,2.3630577356351914
3044,1.1550005462184967,15.650730025370235,12.339717254524711,2.416435285449733
3045,1.1501501976986186,17.950422094222038,11.785208015808848,7.6497485324042875
3046,1.1526393948949174,16.627187225626525,11.93350670893218,2.579504175211498
3047,1.1530510398326221,11.034917880098039,11.062990614549948,2.9384059698772402
3048,1.15095791809121,15.775894859902508,12.027827053438925,2.116599500067962
3049,1.150681533852086,16.71064398395549,12.511517293750114,2.668390414639428
3050,1.1470167007124181,17.895434900702508,12.088390998249547,4.671624996239596
3051,1.1495423682757635,16.750831862021272,12.873596254486023,3.0262491928882995
3052,1.1514184602923505,16.10536968622325,11.41016514554648,2.019225441723212
3053,1.148749551543239,15.820889266640004,12.784938971419034,3.676192382554993
3054,1.1514507961632965,14.178264694566405,12.809922082468017,2.4327164137345036
3055,1.1541995142880495,17.348020930821974,11.944525654814552,2.3619845675064473
3056,1.155117929192356,15.81909151095949,11.976453729915312,3.1796137735857535
3057,1.1527073457004025,17.876152260645043,11.585460688075047,3.20701076918782
3058,1.15658845536837,15.231086291134746,13.077444876054267,2.2896079499576674
3059,1.1562501647371712,17.05312448679819,13.452052747502227,2.625090760339176
3060,1.1620649526258022,15.660366827656743,11.366018542149584,3.151562405847315
3061,1.1559906895839542,16.66844876432427,12.280765657002911,3.234935379177507
3062,1.157260397834227,14.714611807646666,12.017919374753395,3.3798643694423953
3063,1.1721716822325547,18.072550786432995,12.511343962347508,3.2295784918867145
3100,1.1602859169276099,14.872560178534808,11.093899147201437,3.784451713758675
3101,1.1458968273548584,14.754550443389798,11.697827570142783,3.0173331761196462
3102,1.1416542681565232,16.66864880788664,12.586123945976519,1.9024371805219673
3103,1.1461019834956017,15.270277573082055,11.718438242031256,1.6011199290704758
3104,1.1428552613409446,16.34447657339905,11.653969056520406,4.166536940749862
3105,1.1488231191335672,15.191476850094155,10.979129893226968,2.3232195766634964
3106,1.1460334285823206,16.52086507872589,11.18952330780665,1.654132017933184
3107,1.1434417758269717,17.970568450420835,11.479759315501774,1.9159646176205225
3108,1.149282695829598,15.227351778723303,11.730278943202986,3.7261201192648215
3109,1.1438411281189929,19.40917693297498,12.123734476558953,1.6586162743157138
3110,1.1439290213667088,16.4749113200615,12.138787102830094,2.450042257999781
3111,1.146946815000292,18.41970771094521,11.909444219818747,1.4826726216471289
3112,1.1505106198490431,14.850027655291338,11.704320906971367,1.6083453631685367
3113,1.1461606959233799,16.29004460663839,11.914243766626909,1.9157638721966685
3114,1.1425585033697052,20.166550772716775,12.249449283866406,2.73992253884269
3115,1.1493365785682585,9.861159549417648,10.612418354690037,2.119172557520386
3116,1.1484027992749284,16.162508457702856,12.063551144650157,2.976309902858945
3117,1.1467413502155523,19.381978709072623,12.293468108138406,6.420786872409449
3118,1.1527653139780696,16.67677037904582,11.603112553388945,2.664815273495204
3119,1.1522844101336553,20.15329601294239,12.16040087038475,3.4365281228071094
3120,1.1568583097685035,18.452135685804567,12.038936504624747,2.413632608487881
3121,1.1582463251674555,15.130196118952103,11.58005236824187,2.8609026548256162
3122,1.1593034322412727,18.103975135352954,11.724465276648804,2.3526218276858963
3123,1.1648772316465286,19.534071797835644,12.332395256036605,2.5541770094718146
3124,1.1616946273166153,18.987632209867893,11.704670743614518,6.977405583167935
3125,1.1657226312460334,19.74449821015783,12.122313867739722,2.769286465048288
3126,1.1688628566735215,20.141616010714436,12.274448281810885,2.850332176427306
3127,1.1716682998638255,19.878665639190615,11.686519449849472,2.9465171586385397
3128,1.1681845104049107,18.70234271084631,11.780880015592674,3.2269293660086085
3129,1.1678164323842741,18.920323132016758,11.81233508878371,4.412201274947254
3130,1.1717494029795348,19.39192391105611,11.924987181946735,3.1414873631492624
3133,1.1738043237767084,15.003366972646468,11.021503034002851,5.1301277062505495
3134,1.172954251019149,15.125455218479923,11.387844935982935,3.485593466105797
3135,1.1696554626156612,16.016768769248173,11.523956717232997,5.116328429366955
3136,1.1699792469299655,14.791972434809365,12.135953893682858,3.0717508583685516
3137,1.1686335194037545,14.749292641716231,11.331925405228308,5.341581981627349
3138,1.1690410403047304,15.192875802901554,11.012189428424783,3.4959431400908785
3139,1.1665760405525027,16.10597939538116,11.685811322135642,3.475866615440932
3140,1.164015694187918,14.459529307047275,11.430084382183589,2.46032231405686
3141,1.1580071939672922,15.522091676145008,11.636250921948246,2.9079083946886595
3142,1.162343093811161,13.4205180088881,11.18428967455206,2.997695518186738
3143,1.1545413275353813,16.043424097350442,11.366947057527948,3.07124059114711
3144,1.1515450557547267,13.78788440091746,11.743486844701385,2.1449060757643608
3145,1.1484659085207396,15.934028040279896,12.034320377239043,5.6120313317305035
3146,1.1480932368360994,14.83810682792746,11.624272678132987,1.8784740977029517
3147,1.1509098073840593,9.519955572024173,10.888497047727707,3.257736351769597
3148,1.1435538700520351,14.403318207242837,11.233645242094099,2.0244843118214044
3149,1.1453738868356205,15.279166487397962,11.451265160866178,2.254538724540724
3150,1.142499621488776,16.362049346724433,11.668904881803824,4.789896693234374
3151,1.1449053228316668,15.370548629304444,12.119823969230854,2.5951445471748076
3152,1.1459171794630503,14.111564442407118,11.145423899498443,2.283083375858784
3153,1.1437964250055137,14.631137994486638,12.352802857610277,3.117340554264336
3154,1.1468117532740887,12.501149271718246,12.602765908470259,2.6333579172917725
3155,1.1515902625026646,15.360054746350277,11.572125002869269,2.712770063260538
3156,1.1487203424743335,14.418861956590368,11.629602821336748,3.578323821565996
3157,1.1500834215283737,15.674178909623492,11.318313931890922,3.2403126649816394
3158,1.153161077501838,13.510196600044598,12.923479674966536,3.1670321759962006
3159,1.1520746608728234,15.43934053243099,12.85402689943728,2.4778647964477982
3160,1.158115630689533,13.91033653500919,10.96494756461699,3.1279922840809014
3161,1.1543311685041806,14.667558344360321,11.825109601780266,3.4219740073362104
3162,1.1535653485252289,13.735038864030308,11.83927865481637,3.184494301758638
3163,1.1696803520462902,17.80311556479963,12.175136864421102,3.3662251845672624
3200,1.1625587110064783,15.32310516975885,11.462955050728729,3.860303407531941
3201,1.1482348994804639,15.493055132444432,11.81848852167334,2.7565719785252
3202,1.1450186975078376,17.208131601703194,12.930192655300528,1.9747042776537942
3203,1.154106730935594,15.181225616398516,11.93720644519472,1.0326754292403115
3204,1.1461994254440249,16.49819047956674,11.922163980744168,4.379342281103902
3205,1.153649772978767,15.805600197872105,11.61282322464995,2.2702826324663476
3206,1.1501042287943477,16.94705137650649,11.976965978718335,2.143135818369318
3207,1.1492468770116804,18.37846094235075,12.375846252891014,2.3996267145123045
3208,1.1533765683062416,15.637017780511634,12.432051154172438,2.481150582724919
3209,1.1464485436146703,20.529206235142148,12.664107653726987,1.5279971796545677
3210,1.1487687014666426,17.243627527369256,12.3965353183608,2.1802151545654946
3211,1.148479192766751,19.461960129646176,12.707440302448962,1.83844659533867
3212,1.152039350817567,15.877529159545846,11.986754724276109,2.7084888740674344
3213,1.1503186304751534,16.877413562343296,12.093146296909064,1.4835899738791265
3214,1.1495713037460764,20.43321124011155,12.580683170754032,2.345745959514628
3215,1.1562599216349927,10.104006121303309,10.67640669815486,1.7287213884648347
3216,1.1519741507188166,16.854423975185718,11.87519114090759,3.1762226012659966
3217,1.152335440821676,19.787140905198367,12.347629253783102,5.822032370826592
3218,1.1563615203790798,17.686107319161703,11.634130865912994,2.1891872972721336
3219,1.1570543879997708,20.617354859676443,12.588426748663672,2.026394971389999
3220,1.1608277219553815,18.916795819336624,12.543176502624501,2.970648252206055
3221,1.1606866123660664,15.913748570799967,11.940627901269584,2.731320807534855
3222,1.1645249118311494,18.784791594174898,12.236166830823041,2.5050294931607584
3223,1.1638693863871534,20.71759267142145,12.428332351113776,2.626870080544649
3224,1.1657948777676677,19.370400928067756,12.46650081405134,6.360184801179466
3225,1.1670996436323549,20.551399020128212,12.492511770066635,2.9268084575401816
3226,1.1709652993594561,20.910644897396995,12.321043516128203,1.8404943333412276
3227,1.174990240332527,20.374823766803253,12.293596590479751,3.250183717729571
3228,1.1723774278592165,19.545857355933528,12.086216651135096,2.616787599373442
3229,1.1716972967531745,19.14755993077408,11.857877708404926,3.4865239822122795
3230,1.1761144746993681,20.22263792081751,12.389198009141326,2.8805359097586076
3233,1.1771220721465572,15.700161225005848,11.816799681861355,5.139607150377713
3234,1.1759608450812649,15.61767536636029,11.837486714355533,3.583603916795458
3235,1.1709439669026898,16.592290276948685,11.913069579451326,4.195953923548589
3236,1.1728678388400597,15.615953313527518,12.593907404241003,3.2171905282224884
3237,1.1710086397644972,15.978838530791853,11.280833623906371,4.040011052377181
3238,1.173933822907741,15.947867440315836,10.81991590319667,3.189592648589894
3239,1.1670886624146422,17.528822256723714,11.956135370817378,3.9397425553511325
3240,1.1660691520520579,15.105856129384742,12.008639078545688,3.0501679412627714
3241,1.1611479314484154,16.205808208203965,11.939000119123104,2.7454858000784825
3242,1.1627513355419494,14.478377054106534,11.51120320838649,3.194546612449636
3243,1.1575157722387495,16.189779959590997,11.70800321035009,3.3509040628060047
3244,1.155201077385138,14.179520092965113,12.499014773167671,2.2678912483432625
3245,1.1499641323949183,16.484649907909148,11.756875702556169,5.130124815139407
3246,1.149810794671084,15.352813440867093,12.113906477495306,2.6504161204042136
3247,1.153415116019725,9.952256635591748,11.021386867262613,2.018711567121145
3248,1.148650185589107,14.549020014227246,12.082087840804551,2.92079282453494
3249,1.1454822217283378,15.858822598724498,12.642052226224907,2.4200991828849636
3250,1.1464562138663235,16.59365830857901,11.984573846617089,5.625643753180921
3251,1.1481693772978043,15.669703845648352,12.63172804318438,2.8542854527272006
3252,1.1487900512224107,14.7685733920832,11.896269451688845,4.452111005105585
3253,1.1437974252226053,15.25987600468041,12.889354090272965,3.6946538902663044
3254,1.1483255895555946,12.973819820870165,12.637610533437671,1.9965553878160631
3255,1.1516515702177423,16.080684106902208,12.28621159267635,2.7829467431621744
3256,1.1522460518878337,14.78717260702783,11.730173534414488,3.6685840007385377
3257,1.1499935859752257,16.590013006959225,11.857908993894176,3.26855771620337
3258,1.1526414416936936,14.235911048928937,13.22511774869915,2.542398442597844
3259,1.1532073533576983,16.127733908521762,13.069346164898532,2.079752533881256
3260,1.1580104662114858,14.78363765143655,11.367833015110602,3.791013687349032
3261,1.1556188949994237,15.832342133062852,12.753035871831182,3.964646515325027
3262,1.1554740925843194,14.55955729330531,12.17063407548531,2.9637629467380857
3263,1.1735659658513222,17.448082919147584,12.885467239723617,3.5695080201862153
3300,1.1578067142302444,15.73136309225355,11.55462808101185,3.0783711394837527
3301,1.1400677845113554,15.585467597797491,12.55829354941326,2.209969489330614
3302,1.1378952253162118,17.514764103983744,12.514108292880037,1.1016688638902346
3303,1.1436909772194483,15.672720724947295,11.76214070358157,1.48615907421861
3304,1.1378388420168257,16.98048097302401,12.323773885668668,3.033442135376915
3305,1.1457674656929775,15.623554412123335,11.520442579072192,2.058362379921179
3306,1.142617241974493,17.138365970609392,12.271166762763558,2.119988246465681
3307,1.140353048585727,18.313055284301946,12.070318580103388,2.0303140308075815
3308,1.1448604069514867,15.828126810764902,12.564513839952172,2.7635064850306517
3309,1.141190828555905,19.986302553931544,12.914639045206977,2.1463474595425054
3310,1.137688225582469,17.39233994477048,12.912055624340415,1.8829468940301182
3311,1.1406166438357832,19.3532847720434,12.427042544085811,1.5856451299665626
3312,1.1466534206321077,15.36695923213685,11.743259810136937,1.6589815509496457
3313,1.1427620961052383,16.959153109699823,12.056841279580917,1.5155234685492123
3314,1.1425377933006373,21.05921360488806,12.226204308429828,1.9728875208301018
3315,1.1454304827173452,10.148596126924819,11.030989741026822,2.3424954603497086
3316,1.1429240527123468,17.361080105386964,12.134173337824189,3.208796687891758
3317,1.143994630230443,19.867176002538468,12.26035956425352,4.460933483761397
3318,1.1475182892979179,17.0976967958254,11.82499993512178,1.883718340403146
3319,1.1474046473785806,20.495775569233167,12.314798732099531,2.4734969905723796
3320,1.1511069930055937,18.81563034620694,12.061472415856885,2.652044225959979
3321,1.1524846676519953,15.925683600721518,11.670024982180987,3.1055199312134607
3322,1.1577039193891312,18.393639742009466,12.13349371554998,2.23736376143247
3323,1.1594286399084013,20.00978826860426,12.221948677800047,1.8729169010393742
3324,1.1565944926029372,19.124098603647212,12.206984700461035,4.8794463942731
3325,1.161067787143763,20.53788840366304,12.190903299521954,3.4886584937204677
3326,1.1639186556024432,20.892983926430972,12.413328265650998,3.0164900695663084
3327,1.1660697273660008,20.191500701590183,11.976463920105147,2.877412798528589
3328,1.1656686655642516,18.97293468017095,12.10678316978579,3.4196242971434625
3329,1.1640665983819982,18.94332475632377,11.924430996289127,3.281177698995469
3330,1.1664634875034838,19.814939202425734,12.555086912599961,2.8901022417084468
3333,1.167820868798919,15.619970436798011,11.518581962815558,3.2240274379505833
3334,1.168496172506705,15.719183722554474,11.542229431968337,3.7509163463883053
3335,1.1641348784430996,16.363314523792127,11.865930357755914,3.8421696488575767
3336,1.16223502507446,15.755154677910761,12.333785278309692,2.2183724822514432
3337,1.1628736051587396,15.609989942697126,11.358169452941906,4.428597173844621
3338,1.1679604870776406,15.26527613954393,10.79434450946448,3.98739122904006
3339,1.1628630351468279,16.60589692169931,11.714985530418463,3.1485008593844914
3340,1.1599649198658992,14.923064262670739,11.803798675222925,3.2027490463772152
3341,1.1516189392919272,16.029119688418877,12.074566069085007,2.5597787415996494
3342,1.1540618230604265,14.121965652558357,11.334026613647229,2.761805709830839
3343,1.1511979232933731,15.828512662691157,11.578279545576413,2.785229509897073
3344,1.146264638166944,14.1942851059782,12.061921661787697,2.526665109882859
3345,1.141511421161351,16.506033767367743,11.98711010262587,4.899938090841518
3346,1.1426197817715331,15.01225043514167,12.11314038612382,2.110932676780161
3347,1.1447694128623407,9.643796780270828,10.59197902931948,2.3560161999982467
3348,1.1409378258553182,14.079178359689987,11.84174663514392,2.2736836082065466
3349,1.1388599989850803,15.593160090245654,12.167164300655475,2.431280067109799
3350,1.13704178813606,16.950774483504233,12.157326947042575,4.60060365804882
3351,1.137024074205737,15.569011756876678,12.556609521372753,2.3518769008312432
3352,1.139639832184762,14.639215442056686,11.731790290777816,3.0138352651324665
3353,1.1367987396209143,15.036532531586706,12.430337193105494,2.307137146704285
3354,1.138242991517511,13.23485949745175,12.666369901443183,2.786285280706878
3355,1.1414915473878824,16.04999829175724,11.886706636321378,1.8990668358559646
3356,1.1416405662942575,14.615636405416343,11.421277033877367,2.7027765747852803
3357,1.1432718082817608,16.17812626926942,11.41364058386777,2.9143367884897113
3358,1.1421330770071492,14.357173696853787,13.11511122892454,2.82033211103332
3359,1.142399742657506,16.216936519629176,12.97129462914931,2.9730400397082573
3360,1.1483408190394628,14.945036620773191,11.127354088650003,3.1162727130648396
3361,1.1420069301298965,16.156558342839713,12.277158433055892,3.396039448453668
3362,1.147555575392993,14.24536789375181,12.128575833102866,3.423601164649145
3363,1.1660017849110158,17.877464412544217,12.366728188667112,2.841553773930259
3400,1.158633265256221,18.500277737203017,11.621080036240873,2.960549685703933
3401,1.146156118012653,17.8567880534699,12.173533431573293,1.9131909647697833
3402,1.1401222872958607,19.868980462018627,13.133302461550786,1.5418770971472655
3403,1.1485130402677046,17.972020060762148,12.061837873143597,2.0894861820254778
3404,1.1430689308247084,19.060891584300276,12.493778299631666,3.8449076538375393
3405,1.1475422388395573,18.496547301037083,11.66526805525719,2.504912782947285
3406,1.1464094430548297,19.41315999838167,12.07547631663263,1.5773134864756495
3407,1.1437192718068105,20.839633296107287,11.829310372131486,2.0678403906149967
3408,1.1488227066256513,18.279546497219226,12.07110927056981,3.0153187396894006
3409,1.142516376091779,22.51610660749232,13.221279316981654,1.6408574968853735
3410,1.1415103959552269,19.524842352605376,12.56899576545732,1.742443402419279
3411,1.1450098469371366,22.146108454015717,12.222824621186783,1.6357348992837752
3412,1.1485047190647755,18.041787318245813,11.961071396631604,2.0374103036698106
3413,1.1456429965734585,18.917220887157924,12.164756821182964,1.5659081808247777
3414,1.1459622749631317,23.10374215497601,11.829375047934503,2.553050685113806
3415,1.1481763390651387,13.016616642294485,10.730744655965328,2.5965762226907394
3416,1.146018374389882,19.50207890241712,11.839963400747246,2.1304691792931774
3417,1.1479609035104639,22.111979619137255,12.437831038949502,7.372480989062218
3418,1.1528564282034621,19.51300965298529,11.369785639317465,2.4219616118737837
3419,1.1498117579974847,22.66159895784981,12.276646289059377,2.8392096626594663
3420,1.1542609064296692,21.379717398573042,12.357337376826983,2.4873923180221333
3421,1.1561455610592053,18.13322505168253,11.774756759889502,2.1502832653509216
3422,1.158938238207372,20.757146439101007,12.35147225231207,2.728963415885874
3423,1.160329472105852,22.42354277605051,12.544458258366946,1.919516311868127
3424,1.1590778644735413,21.614760505278376,11.979125481571469,6.655381278283552
3425,1.1613522037112816,23.064253523396218,12.41531620299724,3.332748343358543
3426,1.1687380248250698,23.034896165492857,12.343512661753753,2.1680501130324066
3427,1.1688532538784424,22.83713420877344,12.173442846837865,3.009139255610555
3428,1.1676350843600256,21.604608557988193,11.9693475344064,2.5963478501541655
3429,1.1640029599792698,21.654020827351165,11.90850605038745,3.3957432820562627
3430,1.1696777847608149,22.348274916624852,12.111210373716071,2.867906299157349
3433,1.1694047004483368,18.03280975158049,11.436141129110172,5.274482749998319
3434,1.172530875242835,17.707963775819465,11.583222913031593,3.2313264164886433
3435,1.1660759017114626,18.831046843872485,12.013620065640081,4.290993094518811
3436,1.164044873846098,18.175884050557247,12.437738038471977,2.51555926075721
3437,1.1682528379686417,17.63892301634606,11.292742372166451,4.130855592431558
3438,1.1681664888875711,18.027164709141207,11.068843314535735,3.037793029028695
3439,1.163374940259218,18.837189738166316,12.068231426128984,4.407574738847712
3440,1.1597109603614577,17.550163684389663,11.74563115465652,2.337677204137833
3441,1.1543859001463033,18.359993965477642,12.083804469180494,2.517267160686452
3442,1.158608764258753,16.890527499592718,10.989103012725861,1.8304410541323446
3443,1.1521090491614703,18.290578221944298,11.590522725766384,2.2346800859795515
3444,1.1483395715302445,16.614784786355116,11.852862696537514,1.9413260249435593
3445,1.1443810758551916,18.808137694235302,11.457739260473208,5.3557023044756855
3446,1.1438974391042993,17.546019819806194,12.4801102036781,2.2240287450649316
3447,1.1456049156082626,12.1821357369139,10.696913592460154,3.5233520572049057
3448,1.142304428158762,16.67596300467722,11.665340483482458,2.400059067273517
3449,1.1401500674031613,18.087648752240405,12.21478058409921,2.479620774189289
3450,1.1393839808314492,19.08513526474368,12.173798975286761,5.285777412882014
3451,1.1403035769475232,17.764860565224808,12.932710723477989,2.1785970324342014
3452,1.1437887434621348,16.764920053303047,11.702815666940193,2.3252714777326435
3453,1.136583827865735,17.17336291206561,12.716631231777589,2.885396276037713
3454,1.1377707604379839,15.116565834779857,12.804211626832256,2.0005547995867423
3455,1.1437339262605186,18.70061840715958,12.04062449870336,2.6802428435793266
3456,1.1435299569319843,17.540510996497787,11.508775894037822,2.721909916764722
3457,1.1437604385808908,18.885305317674128,11.65231767348265,3.089985123525542
3458,1.1431593868366814,16.872741515938383,13.20625487857385,2.3206060293772692
3459,1.1437664127042464,18.262337416142817,13.294791640053484,2.1230509253688092
3460,1.1514768593993694,16.536873131617654,11.018192247305775,3.0615480989560875
3461,1.1464132758774854,18.05044322697635,12.41625450472532,2.7398669471988706
3462,1.1472649831049846,16.951401864623133,12.464258104123733,3.1082218011384324
3463,1.1628642269733342,20.598755758598152,12.743950858371328,2.7298409184767976
3500,1.1570305135764278,16.640719087899356,11.894175839866985,2.848593705904756
3501,1.1402243955123395,16.51460752360609,12.427021168807332,1.8450667794850248
3502,1.1371173678875246,18.360442743518618,13.03222112876473,1.3160545730808353
3503,1.1435876477479925,15.953633763073158,12.013943021358937,1.442393187412809
3504,1.1373681195871224,17.73799321459922,12.334352754697267,3.9994175215654924
3505,1.1432666513149246,16.5823029238039,11.627203418825145,2.1171132668640142
3506,1.1426188706277587,17.353842796042468,11.95225866032993,1.5003427568277588
3507,1.13947378984928,19.05191670756631,12.016947270157665,1.8459861811936569
3508,1.146757184185739,16.140240702182435,12.058341478875723,1.7893773875580672
3509,1.1378924132693693,21.156230500903238,12.600906810111448,1.555735292770629
3510,1.1370200265759904,18.12786185301002,12.38074139389514,2.6158344515822782
3511,1.1385144349708265,20.88071596986266,12.361055342377835,1.9009722826654123
3512,1.1433611075712904,16.393198624665015,11.653042212755256,1.612122737129366
3513,1.1405936422031486,17.307735503888047,12.21515618788009,2.0705605082873193
3514,1.1406366672359947,21.347293989984163,12.682317562196236,2.2446222950994503
3515,1.1431510922370862,11.04055829830076,10.676966483630958,2.2133253471993166
3516,1.1405965119060462,18.00934868006669,11.888261322702764,2.196257414754928
3517,1.1426260898556886,20.32228480662418,12.060992721311358,4.540325572636175
3518,1.1450830319239527,18.15042013315721,11.532192566090163,2.114139442926589
3519,1.1474933197381574,21.04634636490269,12.035082083137963,2.611128393974657
3520,1.1493049128589976,19.713696038107468,11.821599585354525,3.327452297458937
3521,1.1490184036254762,16.39224666848096,11.994918984220657,2.651671715400984
3522,1.1512235033795233,19.49375157625274,12.08325659294996,2.6536733479006696
3523,1.1557140373136905,21.080624256618503,12.293613932809954,2.1943950896799644
3524,1.1531895309839806,20.02646540383347,12.194138629115807,5.961003548395112
3525,1.15768756185339,21.15815480527994,12.176817194277694,2.8886865256818726
3526,1.1601221890251565,21.757051004789965,12.304502115210212,2.429892474968991
3527,1.1633070619555956,21.068450128717426,11.922031653473892,2.2755870287306696
3528,1.1604505944018495,20.223720492904604,11.817974518986038,2.781080425328845
3529,1.1605057473661644,19.62766270951432,11.953040766407264,3.860976577003564
3530,1.163966364920727,20.638833732129623,12.44547475268179,2.902252459690735
3533,1.1639691042339775,16.203832532029367,11.314879543894456,3.87389759483018
3534,1.1656369729098446,16.08477040090901,11.707096619167434,3.5706672014043987
3535,1.1609845503592369,17.01603608920947,11.870543355828765,4.0868076223494585
3536,1.158915981471679,16.305035668401644,12.739770990206397,2.523604255602167
3537,1.1589150813572133,16.237841431291116,11.413850885607648,3.8604485142950424
3538,1.1603130474412904,16.570933950306475,10.809962666600637,4.043662067588689
3539,1.1578009808278742,17.67371748214177,11.566858338734102,3.3166026548174448
3540,1.1559408354849636,15.877064122976314,11.784159215705603,3.2735684222342187
3541,1.1499789774799767,16.752388841067983,12.008330707317873,2.44052776674643
3542,1.1498764240307726,15.267265962154541,11.30771542502675,2.111075403392875
3543,1.1490094003391522,16.73899228633371,11.789913421349295,2.3170161624082546
3544,1.1412595076861478,14.959567293390077,12.244946102511307,2.2300800564575542
3545,1.1371375490054476,17.149011893394686,12.197353471512331,4.482108491655776
3546,1.1391767832512032,15.843630355789406,12.016184726493737,2.500166242928184
3547,1.1396862982282037,10.211274198281343,10.887715146053132,3.4911484509629256
3548,1.1359554513437744,15.393297790385702,11.997138152587533,1.9002506107904233
3549,1.1336368987236385,16.536301841124665,12.01853796772822,2.341785765372258
3550,1.129983637020113,17.328894684255637,12.230820978245436,4.305478638206174
3551,1.1313660536798809,16.58792058559415,12.787194156167855,1.8018882316522908
3552,1.1354961391608063,15.293236237669563,11.521268973380563,2.0843821981068196
3553,1.1299458123951915,15.52182670369856,13.062326536038336,3.4662134474577186
3554,1.1343102606265687,13.451321186308872,12.870812634831216,1.4127522358920637
3555,1.1385888053409274,16.56897005597296,11.955507291204245,1.9987822723330737
3556,1.1366402744936512,15.209664991172223,11.874926543491636,3.0869355556503417
3557,1.136173230610702,17.108103650212694,11.735671066786534,2.1725714021754556
3558,1.136826522047309,15.016299262296405,13.210083304402978,1.868862592908826
3559,1.1369795461314767,16.614753047574787,13.046921997503915,2.281462703683805
3560,1.1453308339370563,14.974032249072332,11.13453626542384,2.7045023160049677
3561,1.1371681314886577,16.630191833889885,12.458694308414959,1.93712058495085
3562,1.1405109727046003,14.828750139764054,12.330084881824028,3.2502864146157955
3563,1.1590375192163593,18.13930558424478,12.619334977610217,2.881323216341624
3600,1.165942061360836,16.147641988193236,11.278873171375691,3.4329830208147274
3601,1.145594881417936,16.239922818495966,11.939978013700205,2.0675038407968875
3602,1.143394336794325,18.29214537557817,12.581337443125626,1.2447058637237403
3603,1.1488271320671688,16.703060630340744,11.956411781510548,2.2023135732555095
3604,1.14533696907459,17.499097408667698,12.330399760846273,4.266096618226795
3605,1.1495082191580503,16.735480848751553,11.438451623432043,1.8596938850382072
3606,1.1454464168675125,18.006308491081704,12.210542474649555,1.5376190972853936
3607,1.147123904714273,19.17152957385099,11.682275836033764,1.644713788262202
3608,1.1498298396502593,16.53797106734826,12.146862183554541,2.5967160917355723
3609,1.144971847068605,21.063307583505594,12.72617160672961,1.4362762887522154
3610,1.1439882682520233,18.14453416890004,12.459363748426323,2.6535441313266803
3611,1.1457968239962968,20.585509485488235,12.214290958576873,1.7411558299673495
3612,1.1511477880675094,16.550305057613414,11.57229713088989,1.625516380385825
3613,1.1470988754496674,17.74839812149538,12.17897335772212,2.4150064838490923
3614,1.144865834100417,21.802615340607726,12.399322623517136,2.3886395427225775
3615,1.1491595441397227,11.053613430443024,11.044628442525715,1.9793770105360229
3616,1.1469500952433898,17.901659850782213,11.976954574577528,1.7260955158192746
3617,1.147192259216637,20.90423036843111,12.241815991448318,5.36717702771759
3618,1.149718544048106,18.156284081336135,11.516547980894915,2.0332983889171343
3619,1.1507967676360251,21.456211868467037,12.028005835870637,2.5358290631989577
3620,1.156603715185464,19.427824316542626,12.125931679730677,3.0871088364195334
3621,1.156141160582328,16.635938732474393,11.563363121755689,2.0941423563845296
3622,1.1585770878080517,19.398842787093393,11.907641034252874,1.8407790718145889
3623,1.1581588590426837,21.053886726410703,12.421895605982932,1.9502183633141912
3624,1.157369037524996,20.31006791281768,12.07732456440365,5.120780151099233
3625,1.1638782916283015,21.12785066182802,12.21033822280931,3.098030438000553
3626,1.166277518001773,21.71498794348685,12.404579345169655,2.6279056509284313
3627,1.168449282160824,21.629456500996728,11.787314021982738,2.5266377605555554
3628,1.1672984376743496,20.004999471763877,12.08241116164535,2.598315371193714
3629,1.168379139665516,19.724007238233746,11.671454839715388,3.728632304178044
3630,1.167552405556895,20.888888300713727,12.361278327619624,2.977356532958738
3633,1.1730269486456495,16.1429955276962,11.437458733646846,3.8908254017163544
3634,1.1707203796704386,16.499968246146043,11.388306958657422,2.796079719784142
3635,1.1677161585150888,17.089815165022628,11.432385540083704,4.270706932528108
3636,1.1654431547541348,16.659438118131867,12.23063910951921,2.7824964799032332
3637,1.1673142584774256,16.13172996409409,11.329981117033489,3.268750349386205
3638,1.1682806724725836,16.113878872826298,10.948620066304057,3.320243971044502
3639,1.1645462023131392,17.4415363637934,11.5721206181445,3.4961268510755064
3640,1.159309469181274,16.152946369155618,11.757977569189165,2.843242663565118
3641,1.153481552644138,16.82538734243749,12.08345003717287,1.9612654215255751
3642,1.1550011253693997,15.559369492389967,11.395359626021989,3.2933299515373675
3643,1.1524054595963011,17.099445896138896,10.956836462843615,2.330003061877609
3644,1.1482541956475063,14.853184944117126,11.786925253335268,1.886211889055457
3645,1.141282025331766,17.263479784894383,11.979672056681723,6.682723633636166
3646,1.1411362408619015,16.159498574608303,12.066440303995787,2.614348388014916
3647,1.1443822110294082,10.07627356064751,10.821170374725982,2.8636921007943292
3648,1.1396229822384656,15.408111419968751,11.730873705564287,2.330918330596632
3649,1.138929047786136,16.473498959069687,12.201408222147196,2.0911339696274984
3650,1.1380579061878195,17.452809842466596,11.928807728320978,5.188803984077643
3651,1.1372827261092955,16.4875429061138,12.479273874402827,2.129763654067082
3652,1.1416895558364533,15.316999273815915,11.532867165434942,2.2825268574693087
3653,1.1357052441342044,15.697706555718103,13.211868393130482,3.2775310726192175
3654,1.1383629869786003,13.995002902966407,12.412165373829332,1.810133296751116
3655,1.1434566836468572,16.54307802977364,11.968153446745049,2.028082682262499
3656,1.1445322986411743,15.301456474164702,11.412774681362851,2.1000805123827453
3657,1.1420534213305973,16.864227349350035,11.392013578513888,2.6205265199871106
3658,1.1436704875054926,14.932511785294567,13.425000172578017,2.3858935490446886
3659,1.1414494708465346,16.675940075143306,12.9621306481836,2.183358273338127
3660,1.1488461185772874,15.024040814133924,10.897583148090556,2.2645017516073733
3661,1.1421351945697311,16.357965699657967,12.285845109810813,2.0615653186461613
3662,1.1445595296241564,14.799055932270093,12.26163786078113,2.362973261556904
3663,1.1596573557088996,18.118436416499787,12.568753412815965,3.401787891936528
3700,1.1641517215201684,16.565786992620506,11.482483493581617,4.094275516784955
3701,1.1438900004593626,17.341036080364315,12.043729837780575,2.9151047189204466
3702,1.1428181104498103,18.488036584855156,12.815484570607165,1.6379912051548948
3703,1.1502246958349853,16.755161542831427,12.125517926707197,1.7965418084943698
3704,1.1431690322732155,18.157260911556836,12.301080985929651,3.3530214648507974
3705,1.1490097003879858,17.140638864788638,11.233114328824827,2.3262284673914326
3706,1.1455112091021666,17.995544869952568,11.940333101735831,1.9609399999559836
3707,1.1471257697437414,18.994436369255325,11.836573391596266,1.7336520874124723
3708,1.1491985741129163,16.978408915440482,12.052011017106626,2.5352319436980277
3709,1.1443238770423307,21.201778194398745,12.714751423925701,1.8291479081943904
3710,1.1414214261937228,18.680815780110528,12.397858625166661,2.0748642739215835
3711,1.1454317527677078,20.630561646604065,12.114864074356301,1.8263593581249764
3712,1.151923405604016,16.483570113845282,12.015859619435213,1.5029336278504077
3713,1.1469570491508276,17.856654097211255,12.065715056443754,1.6709996627809074
3714,1.144804257328227,21.81528799318816,12.539951562698144,2.0138046050932834
3715,1.1499846394829307,11.271892716686756,10.737805446191514,2.4615696062308086
3716,1.1475073665840336,18.157367377357602,11.79055840929401,2.5856083415954227
3717,1.1471948136571353,20.959724504057586,12.128208199192457,6.033857251829894
3718,1.1507956609399381,18.66328153804935,11.415733183269866,1.9817487135413328
3719,1.1470664103326316,21.71683358396567,12.31192733739958,2.6802441641936836
3720,1.1512112533243701,19.898131540157312,12.38853288638745,1.8845717528588657
3721,1.1529494951669805,17.246538294534535,11.561305936283805,2.9160702626380397
3722,1.1551667284710034,20.101903365238243,11.841788667349707,2.022551195168564
3723,1.1584417305251677,21.13403225437138,12.369876355621894,2.3739988511019803
3724,1.157606581747928,20.699091822622552,11.990025039123653,6.305505440681462
3725,1.1580539828763776,21.584262231212765,12.224577464635354,2.9333888633885046
3726,1.1620392357499056,22.261924918374998,12.231710458762242,2.6716062172444635
3727,1.167097594517202,21.69566408832435,11.771697672981748,3.0042464252077137
3728,1.1644780024275616,20.26789919382832,12.294257992320569,2.585277597739944
3729,1.1650079774504818,19.991922433650807,11.698020399440036,3.0927373371019637
3730,1.167525526436819,21.097956155781585,12.028988354768241,2.863174810454803
3733,1.1703597087520152,16.558096586245437,11.464586103875197,3.50923213138698
3734,1.1711218042337106,16.718164522266488,11.333147528228904,2.8240998807782276
3735,1.1653841021707092,17.635242770368695,11.566777522458665,4.373664835004959
3736,1.1658350941354774,16.188045409343246,12.518786240760713,1.8876054088532985
3737,1.1659595574535486,16.36467284871778,11.288862532874393,3.2483909608405366
3738,1.164245335253127,16.73831365548812,10.994838944819001,3.067935557852448
3739,1.1617535689385778,17.509735867481876,11.985864015098208,3.295945512068372
3740,1.159036343169124,16.102218914708654,11.545429104821238,2.547047230981882
3741,1.151637355063843,17.311915407554164,12.19449783032803,2.6277819945392933
3742,1.153581038089043,15.7599396323251,11.292220668376443,3.05834473963102
3743,1.1499333318874339,17.224955294061413,11.53764221700811,2.5670716362271424
3744,1.1450258705718914,15.242416352291576,11.983789714009262,2.2207603449417066
3745,1.1405505620145002,17.547860588987813,11.522883987504928,5.5433106688975355
3746,1.1401811967529047,16.32859579259653,12.11519392518575,2.3344117126770136
3747,1.1409252834155523,10.93766916856733,10.789521822524339,2.5010118403987773
3748,1.1366208544112728,15.624462261726396,11.96445950919133,2.620037714724574
3749,1.1347726842217378,16.923871714746763,12.325373718026123,2.6595806449415775
3750,1.1328783763916688,17.628665426431734,12.270659433152709,3.941209107974458
3751,1.1365337574145815,16.850310289227586,12.40490574227208,2.3108672349756394
3752,1.1363179561551389,15.857876520161534,11.510060026927674,2.8918645821259807
3753,1.1362782502569844,15.69742441561755,12.740931633237379,2.952744465087908
3754,1.1381754819836636,13.714899182788336,12.805749909813285,1.6792810828788125
3755,1.1395736290445013,16.85065412633424,12.12440150727557,2.538334030620466
3756,1.141851352903204,15.452186627910047,11.185114563858157,2.8389211250331936
3757,1.138438151054183,17.470054668543444,11.971920970610917,2.4351484706945095
3758,1.1407010114562977,14.80582034988314,13.191221449556439,2.9416814486460443
3759,1.136091857340671,17.33355446276471,12.98153952275679,2.8850780529516036
3760,1.1444456740492364,15.664115466579977,11.186225874452958,2.6201550663681186
3761,1.1385824855232383,16.81067205849205,12.245986379995982,2.7064324374851525
3762,1.1386789974617386,14.943867070197768,12.378665330948532,2.4859935890522755
3763,1.1574093260725509,17.63710906918197,12.210800932686652,3.325795157888962
3800,1.168091776099906,20.701137373021364,11.337487135079106,4.405491151411032
3801,1.1509375944177496,20.8137581285794,12.155826297521575,2.634620496936598
3802,1.1480728401394746,22.30285794788622,12.626744951483392,2.0833137041242202
3803,1.1553856521569539,20.48660435682913,11.526257730375608,2.4387866550177058
3804,1.14999064021204,21.552092052207183,12.077069538656144,2.6522665802090297
3805,1.1551508013462972,20.43697898435842,11.545773178250329,2.7443573004508153
3806,1.1522785150501702,21.69876001584129,11.589789879533692,2.168293975076661
3807,1.15139961086887,22.74590278870605,11.748286501658981,1.6801999805906793
3808,1.1544074865253922,20.307272800978236,12.231308466435536,3.455867310530272
3809,1.1466148906667823,24.69591124707098,12.607663454297965,1.3634336563045621
3810,1.1502863141319613,21.225427963818827,12.473500811090151,1.5171755326677248
3811,1.1509518006880424,24.249914938676373,12.107925340118031,1.5644578907738194
3812,1.1546889834939669,20.27433256504406,11.669774470368402,1.560853671233345
3813,1.1506018974133523,21.706236685729863,12.019021980841192,1.6274685279937382
3814,1.1511874487350704,25.436712895970373,12.008586180631783,1.7652199931166659
3815,1.1532481942589523,14.9912412175319,10.653037760186747,2.0627385054855054
3816,1.152650013231185,21.55997071947616,11.514059345697982,2.2811161744567108
3817,1.153200939026128,23.99321745139011,12.038523944755433,4.383069121110241
3818,1.152577368413283,21.914075762234237,11.882927170160734,2.35553348474025
3819,1.1563633054594566,24.934134861797745,11.733136226573817,2.1405383047525057
3820,1.1570378019482739,23.57482261418451,11.737368375830275,2.475836888048916
3821,1.1575782697747685,20.40654092640816,11.562016540698986,3.341125963774813
3822,1.1613833935448963,23.145438857233042,11.87060862154067,3.1031596226945415
3823,1.1612112186134784,24.93359523720087,12.44103039528171,2.449869619741761
3824,1.1610896378135296,24.3033228866446,11.6816584149679,7.517632872490679
3825,1.162934243726643,25.09568686494197,12.452335272559937,3.2859545349892643
3826,1.167867676813546,25.416116040851225,12.141997045710083,2.963121238373186
3827,1.1701106155753895,25.171230441384026,11.778415944250373,2.363383592692385
3828,1.1688970524632958,23.738331080358478,11.91865436697167,2.301648794106332
3829,1.168992738624184,23.239749448408386,11.969893033907214,3.7847924988417287
3830,1.1710091641057088,24.40191951736484,12.183494032354343,2.961832662466224
3833,1.1710834641861578,20.472186696391088,11.131105363787503,4.705579556609561
3834,1.175328820920999,19.841981154150787,11.36640512266972,3.728057284449623
3835,1.1702664827826919,20.84043907078768,11.416930118126329,4.136521232927353
3836,1.1674264760169493,20.292157765219244,12.868693055319001,2.7682052795130123
3837,1.1692171259625646,19.923503203038837,11.376648392776223,3.838621255243135
3838,1.167764218163342,20.22118649251897,11.31957661079768,3.9921060544416953
3839,1.1665887393697656,21.32483381713183,11.417292493483814,2.7223286977620154
3840,1.161534066066023,19.705846383141164,11.28855734297817,3.172799709124817
3841,1.1547379684730972,20.88490040971626,11.909778323137191,2.70106527239852
3842,1.1606108659828032,18.89129583113908,11.21187799467009,3.004881724904997
3843,1.152061963629705,20.94929923510018,11.212390181433861,2.473292093974289
3844,1.1503271756924172,18.77162244610353,11.978273116304855,2.2907474355308666
3845,1.1443522627940812,21.21393850087782,11.682480212158953,6.429295672055928
3846,1.1452739367112723,19.888056132646437,12.140418413022356,2.4003717725660074
3847,1.1456440654417113,14.428273940072737,10.751860588305,2.568911946781296
3848,1.1423785385956533,19.066365090947944,12.03394447398489,2.486885046902904
3849,1.139791155623864,20.332395247074935,11.880484229924422,2.387228657976188
3850,1.1388765610242082,21.248010679462677,11.96331388622772,3.92711378123833
3851,1.1398076626587246,20.31724780734602,12.619844120611566,1.8660191789665592
3852,1.1437249418556295,18.99529159780877,11.471258025199532,2.804024153715469
3853,1.1380890600122155,19.833453434508495,12.504532354333987,2.590509855593458
3854,1.1412221354308014,17.60317253995412,12.73882150055703,2.0557028951897447
3855,1.1448143906967083,20.55107919967598,11.71122656590755,2.1585290994868545
3856,1.1433626512673063,19.23167301228148,11.680639108252368,2.4512465450812266
3857,1.142165623483791,20.943467736397583,11.560413172736077,2.912883410676935
3858,1.1418932239952073,18.845142187850453,13.174729568661801,2.1452760608831674
3859,1.1398359657495927,20.43818011131123,12.73540416492882,2.256481893271095
3860,1.1469675912332045,18.867741042645967,11.029451215313875,2.5725394559206736
3861,1.1406692898953568,19.873257394273796,12.333881779608069,2.0821534272735205
3862,1.141393963375952,18.54405838070748,12.051774621883741,2.7066221600153804
3863,1.1592639310943031,21.854313864771616,12.461210180552222,2.501122945256971
3900,1.1649903239462882,14.107032779572895,11.563744601761268,4.537712004512639
3901,1.1449973916123817,14.21364838615316,12.06624512653725,2.300276299645301
3902,1.1425631392358246,16.175644461793325,12.560705052478303,1.4989828694765468
3903,1.1511195403313792,14.064949763067343,12.020340895292797,1.8246144258669061
3904,1.146250268065492,15.616116578645766,11.961047077564771,4.208288378193808
3905,1.1504407594231838,14.697802242264832,10.98019446998847,1.9697518024598901
3906,1.149257783952705,15.912097927535633,11.659784377482854,1.2136603261256584
3907,1.145452692365718,16.981862762069078,11.694568918548262,2.0866563469100985
3908,1.1503451164112473,14.561320045608584,12.13431672563477,2.6776380375997317
3909,1.1451673821279775,18.68600307734965,12.596373272540001,1.8587920570655752
3910,1.1449143570581053,15.76895678908888,11.883684192824317,1.7851859933850485
3911,1.1443013725499558,18.405349167262155,12.131899395861776,1.8082957274216562
3912,1.1493770577591673,14.170750232544279,11.52105651535435,1.8627186926737538
3913,1.1458521885352637,15.323144646610356,11.931516047053137,1.7474315455814837
3914,1.144466551772643,19.182176429227102,12.11584215284119,2.4321748342906537
3915,1.1479053961085082,8.528521578703133,10.67977804982674,2.2001487225879366
3916,1.1469610167851396,15.753626234017839,11.763488320082518,2.2014318655525624
3917,1.1462521852773753,18.250929866999204,11.95531937439402,5.46425170246908
3918,1.148668716025524,15.757108627702207,11.190100682731389,2.3236783447607854
3919,1.1468949888102522,19.285235052927028,12.03946068524534,1.8454855939205148
3920,1.154347793368938,17.070669835306383,11.808739790715165,2.974735236728387
3921,1.15361966986068,13.954670030395738,11.37911962144848,2.98862766973408
3922,1.1571059737132225,16.926687532304094,11.93977828225807,2.0168112056267784
3923,1.15770341239812,18.88427817579203,12.503601120338981,2.2810710238967187
3924,1.1580326693239178,17.685736467422362,11.756704724472966,6.258696165906768
3925,1.1583227169378967,18.88227135181936,12.577180983422775,3.25609000158227
3926,1.1631678091597453,19.328543381630215,12.113354396803109,2.0549744944690587
3927,1.1661439522198584,19.020472373897846,11.603071598207997,2.5015090631068997
3928,1.1629269747067472,17.996480907714,11.579365900790847,2.8347060126189567
3929,1.1622640694864201,17.777946705312054,11.816228844598703,3.956989555296
3930,1.1642120899660187,18.73652761283025,12.313054608808226,3.07667882288649
3933,1.1685004139875999,14.539145071510376,11.159909188316952,4.144656473265052
3934,1.1666096876616234,14.47971081004887,11.409873529735437,3.1293488068662736
3935,1.1646966493192163,14.951048451033722,11.664064414311373,5.851162673266313
3936,1.1640213658932776,14.347016516148647,12.08125621840943,3.465394183941928
3937,1.16384283568136,14.122292007689275,10.995018555092281,4.475340938330597
3938,1.1655717153907257,14.110080408239353,10.674807880443087,3.9326550025759834
3939,1.161387049118289,15.256827884139316,11.590876431619042,3.291939310854901
3940,1.1583978773654195,13.770420277472482,11.34596343552015,3.461668616913772
3941,1.1500857696891953,14.766225368924953,11.891704241701488,2.732295969305878
3942,1.1538812298746135,13.106476525854264,10.767536696155753,2.988690884319777
3943,1.147306753227823,14.675788896110761,11.319944834889032,2.8368045867639196
3944,1.1434993308900978,12.598731445495542,11.847289329943752,1.8593257799064935
3945,1.1413947074863005,14.674160562256324,11.536568162620757,6.939800860846662
3946,1.139834375796735,13.606407051716959,12.05694292504326,2.4225469757357585
3947,1.1420760629159146,8.325955959505825,10.587176587466201,2.7469306338332338
3948,1.136326420012686,13.27682891027359,11.924404269193714,2.5094443184848907
3949,1.133975996688319,14.207565745085358,11.837721453150754,2.4418712377477356
3950,1.1336297594226503,15.339823717188565,11.740492348485606,5.58560291608584
3951,1.135351654395258,14.213232448678252,12.397081602261995,1.9625975947841503
3952,1.137965717506401,13.024796293797065,11.462659153441454,1.9012141925778807
3953,1.1334903213097167,13.441878338164347,12.5587447919391,2.890093796292628
3954,1.1342137377500734,11.700558017600976,12.42617666203148,2.0937277933800305
3955,1.1391709059328687,14.558819641030533,11.664869747325364,2.7432581464533046
3956,1.1383323378559094,13.36784840808443,11.218731379049979,2.265965110802734
3957,1.1368234001752662,14.6441049956807,11.787592189820813,2.6787535631785895
3958,1.1398225431548152,12.263678249337215,12.940477509151695,2.4857407146146384
3959,1.1342342085393038,14.367218835336693,13.084030434081118,2.331472497878031
3960,1.1397116754906564,12.976636529213268,11.07376370617431,2.3638466385457995
3961,1.1359701602119676,14.006932057619277,12.110714241983505,2.2909905361412157
3962,1.1357230143910584,12.63736386899735,11.974401784074361,3.06719811545471
3963,1.1486124407769098,16.2061379069018,12.763004084725273,2.685656658901376
4000,1.1643050295369266,15.825134878458401,11.42919808623707,3.929616064174604
4001,1.1448965370848139,15.933511006635014,11.97741349031175,2.164397000027381
4002,1.1429256173182192,17.628225605693306,12.4198220075483,1.6107727676906594
4003,1.1490695537664752,16.096283694697426,11.832783726867609,1.7149850908465907
4004,1.1456978849036297,17.071536577558188,11.731731378188568,3.9453548261061933
4005,1.149946855572042,16.539919906052358,11.05834025033431,1.7414166842461871
4006,1.146343602390765,17.318028835293124,12.042848665071823,1.8933829391776318
4007,1.1445807812757542,18.61221244687319,11.813576635209687,1.7219918724640417
4008,1.1478975005507481,16.12265425561803,11.861062603144573,2.999600759679402
4009,1.141476074471397,20.828068230111917,12.418403989919437,1.2176631646661746
4010,1.1414849935092586,17.203728076142205,12.26056753935693,1.6929951271941452
4011,1.1430132395062007,19.952788067446313,11.859477697061934,1.6328425921279015
4012,1.1476868380040368,15.668067170149891,11.376392689310983,1.9842050733081595
4013,1.1437144702118218,16.782978831322055,12.183292892072524,1.5660414691238789
4014,1.1394250831959407,21.086568122737305,12.337899613457777,1.797090359291656
4015,1.146630821023986,10.244862428450773,10.771759744473288,2.2982268296375814
4016,1.143181382842538,17.612498822668577,11.652630317323302,2.2709427541784724
4017,1.1420763089816346,19.878388073857195,11.733251293194083,4.810849889041303
4018,1.1452591062990436,17.547739981786613,11.41494763789112,1.883461736946403
4019,1.1434849612643516,20.83875000119061,12.081155217940113,2.027689808823089
4020,1.149244526244447,19.14459998697944,11.927252834120539,1.8311448916803486
4021,1.1514779153069825,15.753285464926606,11.259020829273277,2.5131299762615806
4022,1.1537972894823,18.770297119930138,11.749413298691175,2.029278993399803
4023,1.1539602499365946,20.89519564157777,12.22560608825221,2.111278724684274
4024,1.1516052154630656,19.897073276632913,11.829582778693743,5.159467320856354
4025,1.152070987440158,20.318604799378008,12.410217578001536,2.7651189446872593
4026,1.1586800876079464,21.32356778954467,12.09764506941475,3.093674576977241
4027,1.1621859543236468,20.485558306967775,11.646114846550468,2.9065439515888225
4028,1.1611616636375168,19.204407074992,12.0650711858797,2.2753899641128235
4029,1.159814331819997,19.221473585711692,11.756904709144324,4.285148577036294
4030,1.163284604076744,20.03864554090636,12.403116846518559,3.449225640156871
4033,1.164603297957081,16.351254960931943,11.146986500895503,5.184657091560394
4034,1.1674697985077438,15.905472541549491,11.022992283092977,2.689135925690469
4035,1.1634378822327642,16.645944553951487,11.442269595903854,5.007808660132143
4036,1.1626736526571275,15.578751744960961,12.344631169210157,3.0607836372250934
4037,1.160469279016374,15.620070652959674,11.13375170277514,4.575483488135355
4038,1.159955712210636,16.047332851715307,10.988271229560956,3.0286316781721685
4039,1.1553109110066775,17.25212916556019,11.728306762636999,3.6388026467063272
4040,1.1556255452776893,14.912699043495683,11.54551452580592,2.838068964282359
4041,1.1469949933407173,16.573641204964268,11.939588585696377,2.638515323621303
4042,1.1492942508403359,14.67992359588996,11.159286619922876,2.5826816268934514
4043,1.1453249071209635,16.294658978788036,11.287652958553428,3.019901262908679
4044,1.1412342939299795,14.461250284237172,11.906061439343334,2.255452742374281
4045,1.136648937416742,16.928135715688025,11.831565128669848,7.189341908796801
4046,1.1376267275788143,15.210571124576914,11.712972476123216,1.7883190341705055
4047,1.1390243544005991,9.95539344702185,10.675157095525178,2.6986054868072142
4048,1.1362133433616182,14.440615044010455,12.108043262909812,1.7802913212292768
4049,1.1330627260023296,16.258808735447573,12.059120231499803,2.639446215895262
4050,1.1320233723737674,16.792004770663446,12.041369069886805,5.279923297921558
4051,1.130647072171146,15.841634039802654,12.76655000937668,1.9664355155098656
4052,1.13638636734937,14.72377529286314,11.105455835863044,3.115966485781155
4053,1.13400768096699,14.889579817420765,12.341792333641834,3.8362093851761934
4054,1.1345576809057394,13.123586385259344,12.436343801527252,2.1535858988230934
4055,1.1361479044788978,16.14859515130884,11.896487528056278,1.797710379856413
4056,1.135226986858413,14.915056620510061,11.380623191193296,2.8676896246564727
4057,1.1334244135558604,16.315065749701912,11.431115091667383,2.2790751427144618
4058,1.1355746166759637,14.072317606495954,12.889345899394687,2.0258730906092515
4059,1.1336251714701004,15.693063670452544,13.135230948209946,2.225802924981084
4060,1.1375959668910538,14.266816693891512,11.117394238629332,2.155243224150036
4061,1.1310662443894774,15.632323945079579,12.536725596327662,2.2443465790673582
4062,1.1323692165012331,13.858227808782742,12.342150469935678,1.9023393824343173
4063,1.1492404717348892,16.902868842880654,12.498359885719886,2.8694895447486677
4100,1.1624333355151402,16.308837643545868,11.294453638667164,3.4081622188047187
4101,1.1430446910579461,15.875362736687443,12.211876383349596,2.9578221347140468
4102,1.14045940216763,17.99907444843845,12.62474359974701,2.121694575798897
4103,1.1465041563399372,16.120011464590412,11.873161620752228,2.3955559305509464
4104,1.1436323375327175,17.206445652147707,11.884251954213354,2.9787327642326216
4105,1.1481611744941183,16.431390777556967,11.145902700343656,1.8594161912522296
4106,1.1444504564024087,17.555030181444703,12.140381558186963,2.3529374716247577
4107,1.1442911241368732,18.789550197743218,11.624978959857495,1.7136026098424482
4108,1.1491990428801238,16.21079822001411,11.974368543748763,3.3528802184714417
4109,1.140229218923107,20.31713507195572,12.79679213120061,1.6945221082691593
4110,1.1414721813641573,17.442325294567166,12.051747944813815,1.8235316642633292
4111,1.1378483113486628,20.141381133963485,12.302187811875273,1.22088955673388
4112,1.1446523788626337,15.86399102195554,11.867722761585995,1.951457721693189
4113,1.1389455591804438,17.693507442344572,12.19626945229678,1.8725701340324723
4114,1.1409638749836992,21.149238373629473,12.42364332505508,1.9375013242011376
4115,1.1434397278549726,10.94101612131299,10.71352764850255,2.0993419262065567
4116,1.139005902209,17.424791363204506,12.03482465986822,2.148286096441857
4117,1.1395212670969979,20.441583180003597,11.831086093042586,4.916004376215272
4118,1.1427527703016542,17.583260862196866,11.27858331729697,2.188391289484474
4119,1.1434737632679746,20.884813815292397,12.031530910801463,1.7178220908473754
4120,1.1457419240692754,19.32177457091923,11.819247989139512,2.3530695355146047
4121,1.1456808851776612,16.211856934684324,11.675141107773898,2.7062329702158694
4122,1.1509358464781059,18.972784674470475,11.8383788758245,3.1551430244924994
4123,1.1501669133068126,20.750418542541233,12.243201286577088,2.5906050360754564
4124,1.1482576735638934,19.924251832175333,11.955255810910405,6.420704604542474
4125,1.1529653182603072,20.604679323571357,12.227286330983677,2.583319846638296
4126,1.1560889767368563,21.1445043411125,12.129483560922427,1.8091209636103487
4127,1.1593507021853315,20.950494112543367,11.873385827111347,2.4270635508315452
4128,1.1580099260355858,19.671864326026476,11.770185899436967,2.801549416195174
4129,1.1577681097275607,19.723115652270245,11.51718915580859,3.2578511689341223
4130,1.1608299041809176,20.28397416704715,12.31885557816807,3.043538661020432
4133,1.1615333900773925,16.641762955896407,11.156819683906255,4.471644589650404
4134,1.1663004123225482,15.933655759546458,11.207148188106094,3.3903675157966733
4135,1.1595957722246548,17.231045481535933,11.227030562172027,4.353971117668482
4136,1.1609823897762435,16.05443390032673,12.638249676612782,2.3308572705293393
4137,1.157855097748347,16.119357548204857,11.180810267402395,4.299271802569096
4138,1.1586967139428235,16.524182258070425,10.809021715114946,2.8749759164524678
4139,1.153848911558559,17.54274569635302,11.711149879212048,3.1564312659967495
4140,1.153274866412688,15.562286041077362,11.324578141101233,2.7122417564619754
4141,1.1455830243799343,17.064171138756187,11.808989575643327,2.4394567294694527
4142,1.1510974988694955,14.459061878216437,10.916144821835,2.6271270512151164
4143,1.1444406393592856,16.517797743922692,10.98819740634838,2.235128111726008
4144,1.140289828828106,14.739130928218168,11.918272988232196,2.4046226979570355
4145,1.1377157042613015,16.72141304792595,11.678032200609966,5.177046399925771
4146,1.1363184413966432,15.632993751917832,11.57790678429573,2.050479086177043
4147,1.1365107111474992,10.4728249135497,10.62665648924905,2.332169759522661
4148,1.1323730682369928,15.26440537219859,11.770535567437403,2.7145053035123285
4149,1.1305663723919743,16.424088358320535,12.235835677692899,2.396363681805905
4150,1.1298627721247039,17.413354773923025,11.686403176204267,4.618662735196581
4151,1.129831415109427,16.097588189006807,12.486329209440878,2.4508063708931873
4152,1.1345360278960657,14.839106101240443,11.239723026372202,2.195423147341791
4153,1.1287174144592145,15.774921997688192,12.827233629358286,3.4310112729308497
4154,1.131683782708957,13.326574736341053,12.624059714126302,2.188238886542569
4155,1.1329779122444603,16.348823532103737,12.07081199089306,2.415299750916198
4156,1.1323805294641986,14.906766690716195,11.788251515455356,2.7911549369719233
4157,1.129199667848197,17.03268466309655,11.606805846198311,2.5968512661203813
4158,1.1321521891809414,14.422099197383673,13.072464686937087,2.6150558943660687
4159,1.127167602872217,16.89508618481836,13.145538662850447,2.0972599155092655
4160,1.1334693246347736,14.633497272100712,11.270341041611479,2.617878032890734
4161,1.1281025023342621,15.709601978452062,12.222229071287003,2.7127136923848174
4162,1.126479466118908,14.455747373402302,12.581593156111872,2.1731474842597143
4163,1.1447867992422638,17.421728415270206,12.764294030026422,2.402842523815581
4200,1.1553064019530437,16.90046289696898,11.971452923371945,3.1762581870868134
4201,1.1376978418867743,16.65770480296559,12.390335617605139,1.9510612879763483
4202,1.1349291803812567,18.56161571699531,12.58670154682718,1.616449913609968
4203,1.1425010009795467,16.050106130131773,12.04050896789598,1.8412091739245031
4204,1.1352969054145816,17.26661302028524,11.912806603725212,4.312675517225816
4205,1.1437766827078195,16.5586956581782,11.136708387595911,2.114853975297894
4206,1.1385391269848995,17.739286085749423,11.958577754695447,1.8451240934061572
4207,1.1399520570766455,18.76409728023208,11.580585067104392,1.9118445381420137
4208,1.1416193079169488,16.093978954215956,11.930260441684302,2.5687961311617333
4209,1.1339048534213338,20.8852878665165,12.838445731979768,1.3839985738047806
4210,1.1360738713632472,17.456462698685336,12.367890751345294,2.330638504879234
4211,1.1332623985235755,20.11289433771865,12.327062141243134,2.038058008402139
4212,1.1394980610125731,15.99106327752304,11.881831130834097,1.5779590298699502
4213,1.1338557778001843,17.246664594857787,12.359449514975525,1.8610111082357907
4214,1.132656117185305,21.09544023238181,12.831896409025362,1.5444920411290917
4215,1.1341562364887046,10.662112237054677,11.093873375357386,2.1856800388579636
4216,1.1324278993120647,17.37867567730563,12.238647246899141,2.3885845082793407
4217,1.1314966069864973,20.294294636248356,12.555549254602498,4.562565718480244
4218,1.133693538899596,18.01058696014166,12.231009938402156,1.9459241140308345
4219,1.1348702521314749,20.742716630653874,12.413607254928285,2.349604320925813
4220,1.1381051708081211,18.82961357572705,12.157215198050729,1.9765703028168953
4221,1.1423885580804143,15.753236694293259,11.703435358662214,2.397881513062952
4222,1.1424100489545967,18.63112336860515,11.85772743157588,2.015078167623117
4223,1.1433573716511904,20.529137033256745,12.20887678911489,1.5732680712911646
4224,1.1443436331766226,19.394265093645835,11.724360416438982,5.404068809845634
4225,1.1446766455519977,20.50688904886227,12.376638718758866,2.986882798291572
4226,1.1478771584592458,21.135594807282157,12.113830608424884,2.2856130852082717
4227,1.1510887736599744,20.678291834001463,11.692120161098451,2.8249154583399396
4228,1.1474885003221655,19.67044650635392,12.011007229058643,3.051720334169823
4229,1.149382566153885,19.25867011554654,11.893509583933954,3.3704930079672235
4230,1.1523700685250942,20.11412894864402,12.355560035355067,2.2696584278743686
4233,1.1542694573943306,16.2257933175599,11.51455897270348,4.121045612849704
4234,1.1561545265980075,16.07757853842096,11.231203874596476,2.153861723481062
4235,1.1539524732272457,16.43221157620297,11.856973554513578,4.156996640338672
4236,1.1509809726743572,16.197749189984048,12.523704412409836,2.8077725663993496
4237,1.1526644881753527,15.464146578090805,11.511668385587926,3.067363497143694
4238,1.1530450488523318,15.850673504595953,11.41991577860057,3.1346520654269225
4239,1.1482636721016515,16.834501810667078,11.790674319158489,2.871822085473457
4240,1.1444871824307472,15.304570529806233,11.84246071528955,2.567710334701052
4241,1.1380511338964996,16.334623299532815,11.938462711943316,1.852765930347946
4242,1.1417403557111667,14.424823374867184,11.194431485419665,1.9932751587693163
4243,1.1358949799942095,16.225222589796516,11.569660708535968,2.0994226692080273
4244,1.135577823384041,14.187600428478087,12.516808841468904,2.681529680927835
4245,1.127893713201505,16.84993658390092,12.036132007098635,5.198810017288713
4246,1.1279969233607774,15.90634768983935,12.153462248306553,2.1134851167070483
4247,1.1292926448256335,10.344554670475933,10.643110790596056,2.2528094163301753
4248,1.1253584664936396,14.945410158619111,12.392323344450153,2.561349057069816
4249,1.1238588404746765,16.316082277989135,11.97139553879693,2.3971701855935565
4250,1.1213481718106342,17.127541593192362,12.122724134701851,4.695466812392064
4251,1.122712668771725,16.085164488390387,12.745886000763832,2.112169950039602
4252,1.1265871615738583,14.75963476152789,11.71393184918872,1.9238951303909595
4253,1.1207513804477836,15.509529012971958,12.835529964030423,2.587136340571458
4254,1.12391254604584,13.404656942599427,12.715978029487388,1.335778310528579
4255,1.125716764488758,16.58446227631813,11.821630208109655,2.367828250651441
4256,1.126989757811766,14.94993783585229,11.35823596394681,2.5363178643644044
4257,1.1226950365784187,16.47998567715029,11.574597692075319,2.467458494752195
4258,1.1246775150707555,13.990546125769011,13.055685218368215,1.9653418949177013
4259,1.1216529862943843,15.946246903452673,13.303533423012134,1.6852942749481816
4260,1.1253751629180457,14.815138543998982,11.246516139075178,2.608031419913283
4261,1.1220068124685671,15.84840528459865,12.39827680601956,1.9316422351290274
4262,1.1231941240446737,14.36934026518603,12.740341789850316,1.9674068440280867
4263,1.1392639621965968,17.88002619993479,12.564377799782802,2.146210160345285
4300,1.1610017658861946,16.037045661879073,11.504322411628609,4.395308485751201
4301,1.141427121705395,16.294405256889704,11.946379509870782,2.8872265812552493
4302,1.1393208508119235,17.745225433574014,12.265912294143186,1.982047725811967
4303,1.1462886053544237,15.650717003806063,11.335168406487522,1.29112572010209
4304,1.1412200722273311,16.78817725943769,11.632218484341417,3.6204389575221003
4305,1.1435230758687203,16.19549794920844,11.081023398169032,2.0708340366123554
4306,1.1425914056006694,17.42623368229722,11.580179212783309,1.416936345351439
4307,1.1391466326153512,18.407973263017503,11.786530460097055,1.6167218708160467
4308,1.143849347393508,15.922074327177834,11.740052497769108,3.4759913068709394
4309,1.1355226780317398,20.71681871103553,12.635445284634725,1.8063243417355836
4310,1.1384994006953366,17.10582639318222,11.971348997045972,1.8446035595424837
4311,1.1339115564240434,20.07811548398831,12.207108933262697,1.7836636607758503
4312,1.1405175415620126,15.880183125465392,11.309635387247525,2.0132389390608796
4313,1.1353335505903488,17.2024932065386,12.163761100610568,2.1809474752023172
4314,1.1349853031950519,21.071305435002,11.94213881199308,1.6705797129002546
4315,1.1359038377952129,10.440598180577732,10.5592032211118,1.6733875628235215
4316,1.1349645617532913,17.369086381700345,11.617418131835072,2.50132722007694
4317,1.132763184448287,20.59267160345471,11.778821082109213,5.36924857525418
4318,1.1369547790368437,17.359096777826874,11.346248923401214,1.5718887813012346
4319,1.1365746852321608,20.765251766958922,12.188746077639825,2.9055259089693357
4320,1.1385943900640219,18.937303390513343,11.896377626294623,2.298060281499956
4321,1.1387494273365741,16.079194640229026,11.401416003367641,2.062708690804467
4322,1.1411844447950161,18.9918120461323,11.526495834354717,1.9000986647678073
4323,1.1432443956014249,20.594068993661367,12.28557053177327,1.954402414205787
4324,1.1406624350751466,19.86346682208997,11.340295594669263,6.219129719022318
4325,1.1422701547262952,20.704625804898896,12.177099949708143,3.170866026226083
4326,1.1481912812897441,21.187374802115404,12.279911074292677,2.156538152297713
4327,1.1496957517654758,20.846409636810396,11.817176981547187,2.4885129797504066
4328,1.1493298952428423,19.346666264594088,11.870219730888882,2.5441357027344353
4329,1.1481662004272772,19.35401387431141,11.51841850226497,2.8493523078267735
4330,1.1524135166350655,19.750093697914217,12.279675219360078,2.518128174229419
4333,1.1575095789288483,15.896403430104039,11.057153113196271,4.159008418750497
4334,1.1566961697675373,15.860191575257625,11.187670780717644,3.6968269621286236
4335,1.1547800891729099,16.71032725780819,11.195606665267917,3.8360137297049777
4336,1.154087165569285,15.317981738064114,12.366542199355068,3.015904934057656
4337,1.152199720336384,15.563766035771266,11.269182875952193,3.1501945912111164
4338,1.1508977365647302,15.902831730956157,10.689414103468227,2.5603013746415235
4339,1.14827875496187,16.967611257067027,11.489761266060919,3.8330523773575065
4340,1.1482209255876743,15.098620178386561,11.423332641915982,2.510722394761927
4341,1.1393076010713457,16.355836881721736,11.56224834286039,2.586644925669401
4342,1.143924207373034,14.017496434042096,10.508299533569287,2.390120554813488
4343,1.1369304998921752,16.124010547883277,11.56886045492455,2.4432861878975483
4344,1.132460293622524,14.397480545388746,11.906544122673434,1.5354477154592272
4345,1.1311559237571271,16.52532228794645,11.461988976972908,4.688279007144412
4346,1.130939383589928,15.413512804356504,11.715156601777192,2.042725675135478
4347,1.133786668980934,9.80040164646213,10.36388010554642,2.1910152836375714
4348,1.1297661480462005,14.741945112760034,11.77948878904464,2.0945383554785932
4349,1.1269742025957512,15.873202485589028,11.961593840804618,2.296553517777024
4350,1.1232568832851748,17.33828310098831,11.58690815134789,3.9032652051735175
4351,1.1259513257983302,15.926589817653754,12.084280884633673,1.7784922992637988
4352,1.127526791733251,14.748201668828692,11.338240565321849,2.539267863252891
4353,1.1243696806070962,15.123804367240453,12.356770048416267,2.8276265214323733
4354,1.1249806246830678,13.221856646269103,12.587446675516354,2.362554845083205
4355,1.1297708228236623,15.843014996541992,11.761671371685713,2.57236485671092
4356,1.1292505365181598,14.402928019031128,11.366985204841681,2.523223138502636
4357,1.1256653436558592,16.243767645968664,11.46348434334934,1.9740753326838218
4358,1.1259773798662558,13.809012759015483,13.017279415956919,2.453949675245153
4359,1.1228190622753877,16.001507204154564,13.366270869176027,1.7431054614662647
4360,1.1280103567176496,14.29036303115511,10.74086207641594,1.9897612121099137
4361,1.123385235852112,15.100339892265001,11.908450449509605,2.1674396228625477
4362,1.1241652501459782,13.810063278075374,12.196200187451266,2.258324284509944
4363,1.1409639833150689,16.991678164683037,12.889394847545638,2.7881516026085897
4400,1.165802250047002,17.96949089688693,11.262155146618136,3.7937059536982756
4401,1.146925094482002,18.20061825363878,11.841270071411039,2.463851983115742
4402,1.1461408924427134,19.834109842881276,12.399733490439647,1.7394234016280203
4403,1.1543629159936826,17.741429755611144,11.833014339669962,2.0660094927294876
4404,1.146418312159127,19.270478443843185,12.098387222645517,2.7107829843981475
4405,1.1535465709412127,17.93827961351539,11.219073965214958,1.7034953018385832
4406,1.1480870677572355,19.408026208565015,11.706551443742953,1.724082926976975
4407,1.1490291441399647,20.6701310940361,11.625988183878853,1.557476444425464
4408,1.1539615777265735,18.109726889134905,11.599318863634375,2.5612489651589194
4409,1.1440163859472314,22.66286127865508,12.714626750414615,1.8124122647244019
4410,1.1427743256449918,19.55350083625843,12.486597834944545,2.3325818379463623
4411,1.141381113518454,22.355714569407457,12.221992002733048,1.426213076432978
4412,1.1461550604162158,18.129814421696416,11.385320032271837,1.5173206641182317
4413,1.1434371790319042,19.33266517515803,11.996715326655504,1.4269031303954762
4414,1.142375346722761,23.14946317548247,12.151349915481925,2.3495941143818024
4415,1.1441729455736807,12.685102863920724,10.50373895534018,1.8644291909463413
4416,1.1401127112198828,19.39699840176138,11.748882875918804,1.8755715253045808
4417,1.1396347599674255,22.527598394929036,11.858518734000834,7.293713462480543
4418,1.1428958910944504,19.522522310588474,11.41705986788476,1.748294399745791
4419,1.1426032754012352,22.834399637073073,12.293395857881098,2.46623639501651
4420,1.1447412200286922,21.3365330356533,11.553422106952272,3.448147732236651
4421,1.1468410380870682,18.036233117578046,11.559521888988538,2.760780228574258
4422,1.1503886627125153,20.723473116706558,11.536635780827828,3.00403486495335
4423,1.1511737945806177,22.368130371934924,12.471035180761051,1.435454614943236
4424,1.148018723335185,21.527691770775633,12.13492637066083,6.405213886460944
4425,1.148775619681228,22.842766343314622,12.271661305668605,3.133293938744326
4426,1.1557175812092075,22.842689142990814,12.34293090081375,1.6483075286487678
4427,1.15812246152049,22.854311527575966,11.6916279105171,2.5309011341256022
4428,1.15611137487681,21.156345286722228,12.005486203423034,1.668796357487776
4429,1.155015443989106,21.427385292069328,11.558588625641939,3.4154445269257123
4430,1.1572814237500013,22.50647843473206,12.493562539574041,2.113752669737121
4433,1.162462352258658,18.188287486353662,11.41910422057258,3.783650913518533
4434,1.1634083306073515,18.07151651129376,11.320740787841789,3.321426663289801
4435,1.1579794308348426,19.431758472676762,11.442451192091715,4.690311679663279
4436,1.1584658400950887,18.444770120500145,12.655237248096153,2.392624072101043
4437,1.1590973518791146,17.831017869474984,11.342902281815125,4.760534627109407
4438,1.1592373588302967,18.04390019025441,10.829929657272071,2.934141780427443
4439,1.1534397317060583,19.14141374588272,11.759954334555,3.7737865488903983
4440,1.1505322272748413,17.773135039619447,11.780667388132374,2.96707918039056
4441,1.1452798388618421,18.549642515274716,11.94220210087272,1.9787974382071774
4442,1.149086677788485,16.60012965791787,11.136395181338514,2.7663959401880964
4443,1.1429042510837946,18.24018027527761,11.813623295852471,2.4799614902755525
4444,1.1395034438644065,16.803261315966974,12.140978463742575,2.1373739946810577
4445,1.137414553466806,18.97908048969041,11.442630511779306,6.3572220061466975
4446,1.1355304192528248,17.505576484055528,11.840277431361278,2.923730286714082
4447,1.138837438771768,12.225234050412912,10.556956392137579,2.4872066041285
4448,1.1344445459285617,16.759774291965908,11.666250260731182,2.3849416977929927
4449,1.1330584994459092,18.39221170674225,11.886525845313772,2.5854410734553923
4450,1.1293093591508332,19.299466079699187,12.167473450019212,5.61052212393035
4451,1.134199904967275,17.954147828889294,12.314280973792183,1.9822734638877941
4452,1.133789233154544,17.288429439845316,11.071397959158173,1.774035996331604
4453,1.1299214966353748,17.18955491597904,12.660897002391083,3.3916230509769667
4454,1.1321241141660592,15.491393635788418,12.709667661894203,1.3959155122774383
4455,1.1332270693409108,18.30611145319565,11.984987999857587,1.7277841181993385
4456,1.1339685059960616,16.756324692159104,11.38624261787849,2.589907338322712
4457,1.1318849459122768,18.51255583155393,11.325021754123577,2.5220030318667783
4458,1.1320473054095481,16.295077735636657,13.051838260902095,2.0325340098193494
4459,1.128888138045456,17.334377137892673,13.565549464191221,1.4869085818854912
4460,1.1349441906230033,16.141622293716484,11.053771040123134,2.2263182829247294
4461,1.1282171177552807,17.19083050162981,12.255088516172323,2.1866661603849753
4462,1.1292025212018957,15.847936195338514,11.955205082362362,3.017618305775028
4463,1.1439155132976588,18.228430294030776,12.27076261907031,2.807641301565442
4500,1.1658508977354296,17.4031679079699,10.825376174827888,4.108165307318443
4501,1.148385523857917,17.28188019622521,11.514108594693948,2.2295060520318937
4502,1.143289789989301,19.754760724078317,12.427179711724099,1.5796380680014002
4503,1.1520242838610375,17.52634014961039,11.560904704635696,1.8817280584296556
4504,1.1456626368007083,18.698671112873754,11.583069556483307,3.5003874233075845
4505,1.1515102587444923,17.542022816363573,11.064432854291221,1.8743947241750931
4506,1.1470317734203301,18.582303899636265,11.53290385271587,2.0962366072418916
4507,1.1466946751602387,19.86932302931481,11.44732840137471,1.259950942386608
4508,1.1487266294183585,17.52430897939902,11.751056183305176,2.301423629991337
4509,1.1395888799752323,22.115791330636196,12.654084064365845,1.5586662715458466
4510,1.1391205367444173,19.276100888686827,12.14152496190164,2.3406462724286814
4511,1.1407150477099914,21.62152006796834,11.84815607248441,1.541388117130743
4512,1.1457789706627601,17.108039389090226,11.156916878541633,2.066247371560219
4513,1.1380595841930023,18.571319410234683,12.181400468403673,1.4124574389099727
4514,1.1367542154996944,22.488412358087327,11.987648580543427,1.7358905416177337
4515,1.1393032106809584,11.711901398139394,10.61349203807333,1.982070523485051
4516,1.1361323341318081,18.800902137201717,12.131832030707063,2.7657482199226404
4517,1.1366981736195878,21.590252048307548,12.031553377479803,7.323718523418265
4518,1.1378383503867695,19.338131130218088,11.309673224720953,1.5399724674351727
4519,1.1385156362300741,21.93189882389407,12.2302414944164,2.092870401213503
4520,1.1419366855435016,20.56218797723952,11.69438901174337,2.3862738242706056
4521,1.142723363121667,17.077385928805185,11.59412942004863,2.299358277443966
4522,1.1445809028863028,20.257905452479203,11.906311406589362,1.7672293176904526
4523,1.1435807408927532,22.245882059681914,12.122256448378607,1.830775193266352
4524,1.143194212843296,21.27566076340318,11.885113869178031,7.253805295422905
4525,1.1447720270488406,22.048574179772206,12.06130351380001,2.9858358235203557
4526,1.1487239859262524,22.535259435366385,12.180640490907294,1.8633665893905627
4527,1.152078376377427,22.16499980446547,11.599410620060148,2.224302240961367
4528,1.1541955446396708,20.569332048009695,11.683936531396288,1.6036605048395698
4529,1.1509990478670946,20.43045200705583,11.615219770392576,3.9927479322286272
4530,1.1522701160308249,21.821046521839534,12.10357495747209,2.5344283842534088
4533,1.1601971129803552,17.391847753949186,11.22346933607676,4.16634176797641
4534,1.1588697973513353,17.171705537080054,11.185555851486331,2.7268364085602705
4535,1.157122048146163,18.141009515760377,11.47880659568257,4.431761400499354
4536,1.1575119774863454,17.28252514843471,12.190028106676412,2.7410052199018122
4537,1.1544074806648965,17.68285277059465,11.29159275010768,4.204321214933817
4538,1.1582761750485298,17.131336700370472,10.672920207493148,2.6374805533928045
4539,1.152040077346151,18.453241525220808,11.472197802004871,3.718101658740828
4540,1.1482560115535445,17.033463388164456,11.47750278993217,2.196432653205689
4541,1.1438909286898475,17.989518471581114,11.819326797069174,2.1223088006659445
4542,1.146023268415321,15.902223527158299,10.862046212154784,2.7038260406918453
4543,1.1383073111425326,18.01380837844781,11.243005122760799,1.7967686084706225
4544,1.1371657225401572,15.855677065068232,12.003595436272537,1.821006654604391
4545,1.1338413353384185,18.36741349360128,11.264498316263882,4.133494291547371
4546,1.1337642291449737,16.851332465442734,11.782032973133186,2.563885104224346
4547,1.136145699982163,11.914114906124976,10.335420446889687,2.7726711616453166
4548,1.1327524950517012,16.376626126705766,11.725607521343683,2.0549128977414646
4549,1.130309630921495,17.747495011023723,11.989268809828143,3.141647842862509
4550,1.1266335745528557,18.647244316544217,11.83249981592272,5.307096719218778
4551,1.130147524931904,17.638025834869758,12.17007147022213,1.906001131431989
4552,1.1309141204404296,16.785257869901756,11.306608195541013,2.0870576263782112
4553,1.1273652753881076,16.7263361730143,12.597669674273796,3.8261214399868093
4554,1.1277457898456742,14.87161716947955,12.48540586624656,1.9380854424304725
4555,1.1315074648744956,17.884119587857448,11.872279626425739,2.5227103760275953
4556,1.1321993154187744,16.12760895999104,11.313445976050128,2.0936797055735035
4557,1.1284192406636164,17.90421412938493,11.13629539720398,2.8466948385113438
4558,1.1278242926762834,15.843606866062006,13.207666628719958,1.9983735796338111
4559,1.1269696018647026,17.34127751769405,12.887164169080547,1.7808312929618282
4560,1.1300595052284461,15.689031945788448,10.974067745856347,1.9075558333094604
4561,1.1267213378505474,16.66023501295147,11.942730471715674,1.8290837847089463
4562,1.128388741152455,15.190706565012038,11.876900317931936,2.042306634574268
4563,1.1401415094569267,18.60531932748762,12.363859253432427,2.3484882034337042
4600,1.169790228677284,16.562359611396825,11.533049016975422,4.421911989398801
4601,1.1530530411855016,16.77069582021632,12.237025462063603,2.382873685091685
4602,1.1527124580728236,18.73913170612399,12.866283723638933,2.146828055434219
4603,1.1589616786772718,16.81952480808427,11.92176042409521,1.7789168853638713
4604,1.1544955242962576,18.22654275167426,12.039733861761368,4.545830485055672
4605,1.1572811726990395,17.15081822947412,11.405499744384468,1.7428287412573351
4606,1.1543485428685918,18.352363492891403,11.559767267209683,1.3695104341568431
4607,1.1516595680725066,19.810656375782152,12.03456504849021,1.7229250866459054
4608,1.1570652335933342,16.62285385406316,11.842023167569604,2.4748278958201477
4609,1.149157730848299,21.085140068134866,12.469634004582387,1.6786871387755793
4610,1.1461572929729138,18.36284100657578,12.310573749409457,2.367084986239556
4611,1.1439841561314008,21.068728333626495,12.605740386468282,1.343810791306549
4612,1.151946202037174,16.443603768301767,12.03691819150083,1.6075643051195965
4613,1.1447606673317816,17.876740388874175,12.409057279657324,1.1671509645170417
4614,1.142059344018131,21.759132427024422,12.383967229023048,1.670249918650259
4615,1.1461429323909234,11.681174168617657,10.660659742743729,1.6746031507977273
4616,1.1427866270385416,18.393683064307996,11.687075125025975,2.6068769487485772
4617,1.1428564796035863,20.71756920961785,11.964604270694059,6.680708231720669
4618,1.144202171891226,18.49734469275847,12.080790208560506,1.355629610467855
4619,1.1434081128300342,21.68448401395127,12.486213156368352,2.2189657239094087
4620,1.1477037625691042,20.13624170173721,11.522592450292775,2.536441367424856
4621,1.1466938571732788,16.59888381941316,11.811388200288524,2.466679539196916
4622,1.149046620472217,19.619616503155914,12.339564463722871,1.9138898208377104
4623,1.1485905156603127,21.200581288651737,12.732160661558762,1.4675486567334879
4624,1.1485069936453205,20.411446971432696,11.99182307904365,6.087424824543065
4625,1.14978522367153,21.325735581820243,12.574743239472435,3.3066349696321398
4626,1.1551792286214781,21.949964346528144,12.2093509743663,1.5652974567236582
4627,1.155407950975235,21.96055971851357,11.717145112165904,1.7194963680731379
4628,1.1563038278320603,20.07124297716291,12.178219208657547,2.1736146897602406
4629,1.156747714782179,19.97180416096667,11.779741439704905,4.21094723934794
4630,1.1613608750375517,20.819150790380487,12.361774843363714,1.6638713389796271
4633,1.1658236217375906,17.058039281556,11.519126981198728,4.948291485560611
4634,1.1663669814029227,16.682192116425178,11.694706930475206,2.6272815516642365
4635,1.1610603040720262,17.940904016378873,11.938062619279691,3.8659809176539435
4636,1.1613575979783053,16.960584804458218,12.833520568397573,2.194005314376145
4637,1.1609925525224347,16.90007109556074,11.619784405941877,4.422521926288842
4638,1.1625586298711543,17.248008097600408,10.862284223109278,1.9855194444492368
4639,1.1595752954532497,17.949538282961203,11.818370396555126,3.692454385891148
4640,1.155683795839909,16.28104913446227,11.83830966792445,2.7304769282399333
4641,1.1480223626852113,17.03644607692304,12.11121091063705,2.0908281887617925
4642,1.150718870728762,15.575904935031474,11.148896856183027,3.1745299902148467
4643,1.145160259686207,17.22751594997523,11.719074048145096,2.1536041339005374
4644,1.1448944349766417,15.077379920442768,11.782199163958213,1.6033097475834204
4645,1.1424389906406647,17.515773664983985,11.834181680410314,4.900336473093609
4646,1.1403166520799999,16.508595719257414,11.907636943003087,2.5481885452288404
4647,1.1421455166598689,11.088731218425496,10.706256327329209,2.67213216820243
4648,1.14061349564592,15.782404656662433,11.759028737175548,2.2902013356876063
4649,1.1378926163315926,17.038601650178006,12.087643465926526,2.1048288305554066
4650,1.136155662162718,17.847469393583687,12.0885619963303,4.04355163256252
4651,1.1368138033634527,17.083355810971458,12.609947335903895,2.285339128490426
4652,1.1379617736314962,15.865724274362845,11.68431093342291,2.454483145684875
4653,1.1347959399785947,16.351075976268,12.62382704453958,2.275019460696404
4654,1.135793190364482,14.241629102407224,12.927072626703877,1.613342492859813
4655,1.1374599665887966,17.06229166071826,12.194571816186949,2.6899538288009572
4656,1.1370819576453803,15.761589461762219,11.811468049305175,1.7508938828386225
4657,1.1352927126152796,16.94666178410357,11.82057426886381,1.8416742626273357
4658,1.1372238775061307,15.225324134889702,12.804091907405416,1.8024754191528607
4659,1.1320440754306818,17.07025360746815,13.332159332740979,1.6541448039222566
4660,1.1368364538484064,14.933240812910233,11.38945953705373,2.5598093546638587
4661,1.131534093202208,15.730062084667898,12.007339998001486,1.8987803298144645
4662,1.1301649616349978,14.382105097468505,12.387814742651697,1.8515461130139381
4663,1.1447515138405273,16.98968106705698,12.490630851189072,3.050965247741058
4700,1.1707627415605757,20.455280909163644,11.267523791414886,4.52334492352043
4701,1.154985523271734,21.03136181182257,11.680107956679636,3.3135059853522444
4702,1.1509411385993225,23.079337405080057,12.112633236673174,1.550370228958977
4703,1.1569346601102974,21.296054665856758,11.71331236365327,2.0970313278968944
4704,1.1510720533573726,22.401825685827475,11.810864767167352,3.5651563742186525
4705,1.1570174279238428,21.1895217632403,10.993949548407594,2.247892231157645
4706,1.1542454341514043,22.094289079607172,11.542901360484281,1.837346007317687
4707,1.1485763728958935,23.662943850521433,11.554113687900482,1.4018963328280136
4708,1.1528533091334483,21.049136657849417,12.1024854436388,3.0285052274536626
4709,1.144153031702231,25.83938863035006,12.561582184582104,1.5318959875239226
4710,1.1449228983065753,22.4375827035516,12.038819343517426,1.877456213668019
4711,1.1443531421701745,25.210264984095506,11.648817094551486,1.4814631187263188
4712,1.1468692101862394,20.690165906761333,11.607904302425851,1.4027805152317574
4713,1.1440406690317773,21.936694054343608,12.019257490914825,1.617225230131823
4714,1.139328144255443,26.32763270150636,12.125902261876888,1.9466308721692631
4715,1.141789385775178,15.427587675000472,10.92106577756362,1.9129535605074393
4716,1.1385955928747191,22.390792213185893,11.829873380051977,2.871652405238545
4717,1.13593856308141,25.107028158771733,11.66763534236939,7.7453930067791426
4718,1.1413408099034554,22.431752399242377,11.438436526552128,1.8355021945835612
4719,1.1399455061387027,26.327637366853487,12.0729045912369,2.484948497187249
4720,1.1427279263219516,24.292625023633043,11.793037775455948,2.850651982826998
4721,1.143302251030153,20.87443450354715,11.132425767792453,2.0582831046274275
4722,1.1448378053029888,23.82595239858534,11.442597079142415,2.2171822019601444
4723,1.1454978353776142,25.571274860669178,12.115075929997692,1.6804595627148882
4724,1.1436245213536063,24.599667675676592,11.854218625933143,7.902754989220286
4725,1.1473674548195465,25.589505915227242,12.115796210506483,2.9962470954663996
4726,1.1501526178143984,25.97509724893048,12.045561963087236,1.715870927588551
4727,1.1514812920484416,25.913290126796376,11.584980332385886,1.7027442721019548
4728,1.1530469571393116,24.598666231002163,11.542515054260713,1.5416093090188268
4729,1.1533297587739797,24.140598037001038,11.709926542642485,3.767737251360627
4730,1.155681020514095,24.932802783892328,12.24362293700085,2.2544488024726794
4733,1.1613326387193261,21.075272314515754,11.063636869860188,4.671586204517369
4734,1.1623184516743446,20.675243972344603,11.344776816407624,1.9589749649528574
4735,1.1586813913239118,21.407632376631188,11.558453555412374,5.588751599372129
4736,1.1608721966309257,20.693373934563866,12.47011273973674,2.9384772596030575
4737,1.1585319987715959,21.07068380991448,11.533289306108584,4.43451016523146
4738,1.160449248050036,20.924902928347638,10.539591337800525,2.8542864078480514
4739,1.154855698124468,22.343118039361155,11.6937528907057,2.848575131633157
4740,1.156205062542175,20.08262390335431,11.142453667638884,1.9451885715090116
4741,1.1462032465439465,21.258726893427035,11.642568676069384,1.80411405710764
4742,1.1477268351800225,19.77107225462949,11.034809111774209,2.445915377129197
4743,1.1442681260829772,21.473161476952267,10.975838809029518,1.6927017086361664
4744,1.1432350136573544,19.385240083702897,11.712808988207026,1.493151439077239
4745,1.1371838365433686,21.929088833411054,11.487979689029274,6.705268376594202
4746,1.1402170641557368,20.590921673307506,11.51320328910387,1.970099612611027
4747,1.1391095965841331,15.356136122455249,10.603952365970402,1.9713995732654264
4748,1.1371530833064785,19.94760770494785,11.585435141086053,2.0611180824175217
4749,1.137140557062055,20.958372435937353,11.92661677262737,2.043533171544706
4750,1.1326662535094667,22.248487655522755,11.659025119145783,5.06567263858538
4751,1.1337139851156575,21.412830811588634,12.22237403658986,1.786646599990214
4752,1.1360007105965562,20.111250409698595,11.13437314438569,1.3266256105938068
4753,1.1327019863136771,20.41592449932105,12.447862683878427,4.096547089193651
4754,1.1341450434378342,17.965475223865802,12.713832057060703,2.00989544444869
4755,1.136873326505766,21.273082791603553,11.58924450614554,1.3739590414926284
4756,1.135925815741373,19.64117446478357,11.37071913468226,2.3648193326639393
4757,1.132002957148383,21.522890286095922,11.304080051783272,2.0895131249098915
4758,1.1322847815728998,19.447209478405902,12.90472268975903,1.865248374343423
4759,1.129468411460073,20.79686980616693,12.965865177631922,2.372155998529086
4760,1.1340117324656762,19.442021425172285,10.70891697498504,1.817149378374176
4761,1.1291221096098825,20.0800131477867,12.030932480047063,2.0109186854010965
4762,1.1297914404194342,18.647286620561278,11.861417580302634,2.160110672334827
4763,1.1447803844847078,20.809082903887848,12.164294041110058,2.3296760948769446
4800,1.162578996979858,17.358712221656674,11.779344660037275,4.279126114992553
4801,1.1452875108697087,17.864030404914637,12.013714651210325,2.7584772132897655
4802,1.144530961142548,19.605172550481196,12.369256275379586,1.926643454168147
4803,1.1502170704509396,17.475124913435906,12.118438502710294,2.0511671428582647
4804,1.1442618354412348,19.09089584875938,12.138932514678332,3.206554843225666
4805,1.150669354627471,17.872604685465184,11.017742561515874,2.827499085970528
4806,1.1446366584365162,18.63913134343865,11.976117176591028,2.590870453110192
4807,1.1444231453039322,19.92860188181894,11.81767943725164,1.9359040940689314
4808,1.1472440090154985,17.22504094232503,12.232030887074549,3.2869706821122584
4809,1.1392423142647534,21.602016738095575,12.554099397990285,1.4736593838207306
4810,1.1373937183603324,18.63855740262899,12.53846869244504,1.7239088499842632
4811,1.1366349599505035,21.35439803814047,12.015862476509087,1.1608775038951284
4812,1.1409299486876348,16.871881249825385,11.721891281188714,1.7068308440331041
4813,1.135769225393294,18.294504140073023,11.889479903364347,1.7707749747632258
4814,1.1309610633059743,22.420786908222613,12.608952874280773,2.313443536850505
4815,1.1363681872866969,11.957966009642321,11.008636956877284,2.2747295261148808
4816,1.131095851756101,18.509811792181566,12.155514359118001,2.8775920862768527
4817,1.1326284302719822,21.404505322328806,12.157135340977545,6.0567380740817605
4818,1.1344430504013983,19.111387692174713,11.76647825035649,1.6362547598286405
4819,1.13396445478731,22.078701786339302,12.436349859986775,2.894206697876631
4820,1.134245142118029,20.498703238256013,12.096839370700632,2.0436584252324472
4821,1.1343866440184909,17.241026504053856,11.782645860459203,3.4228569974865164
4822,1.1386773017640905,20.282974561026993,11.74063292593594,1.7050866401541378
4823,1.1381135279318328,22.034744534917106,12.287713323477035,1.6149485470905618
4824,1.1379545657136978,20.692989066014995,12.018012083684294,5.456848614271663
4825,1.1401781757102059,21.72441842179122,12.319469118181317,3.3889896438753473
4826,1.1439848930276393,22.143555129772235,12.517834202773038,2.118757381679802
4827,1.1449986364493023,21.88878677416572,11.934532214950572,1.9067982961764496
4828,1.1452359320088599,20.61437668479879,11.968345370380717,1.5839669398620206
4829,1.1442450101569877,20.231155539786233,11.96251074458504,3.827746669557901
4830,1.1452728757705397,21.38531947247789,12.685845186223457,2.1121611205327433
4833,1.1553783761844327,16.511423316251122,11.473392501089466,4.213467869751706
4834,1.1540484042729524,17.34381166645505,11.491987728988851,2.7076562304778764
4835,1.1509066716738998,18.328084425873058,11.75863976087561,5.112001193943253
4836,1.151297766269848,17.339207494603595,12.582196886687145,2.294918937158977
4837,1.1500261843963793,17.108427941790318,11.527916645939865,3.2878429734290937
4838,1.1540753305848188,17.197836252747894,11.036859393952417,2.781263789059716
4839,1.146236401751191,19.06371057181328,11.756001207538663,3.425022453772985
4840,1.1459952661149275,16.51914097852619,11.57886670641177,2.3625283614463486
4841,1.1428009558304044,17.479342188670934,11.915796303813659,2.420217672396105
4842,1.1438511777359863,15.42909653119074,11.452329797788005,2.511853435706363
4843,1.1373700485574147,17.903067864265847,11.622225546308908,2.5226023833994042
4844,1.136742462176013,15.933235076525003,11.890641413903746,2.1289989825104616
4845,1.1309975160211885,18.093108196260683,11.624354686488598,6.146468563834622
4846,1.132280472271434,17.09865038439348,12.275736569203568,1.8759948494940417
4847,1.1343202792183076,11.489993099879761,10.987390053829921,2.6125719871239723
4848,1.1320310185598323,16.109930581744717,11.932260275578859,2.583255690841115
4849,1.128768816267949,17.248924795001994,11.711769948498485,2.6389144201638515
4850,1.1277409348138496,18.494096120890124,12.128401741232935,5.193935452751281
4851,1.1253846367955664,17.54310828119316,12.528199354117158,2.526065324489985
4852,1.1288314838279856,16.541462162531555,11.33500882433148,1.9806839345787848
4853,1.126670185445677,16.77847239340678,12.73713482107367,2.5395513560596394
4854,1.1271732666599728,14.622041872006477,12.654240128402492,2.049467391406525
4855,1.1300226401541884,17.373329507250695,12.030129545376791,2.5129041153975624
4856,1.1291431955483173,16.20887225560526,11.278199257679505,2.5998492953003955
4857,1.1273039102252977,17.833622111104884,11.626945380223802,1.9856836686202584
4858,1.1255264094060762,15.269107515979153,13.237177409322257,1.977270170087998
4859,1.1215970046930623,17.30315859858125,13.214282956234573,1.7738398838732556
4860,1.1241124806944063,16.010252364889794,11.0271225338428,2.3434371984970324
4861,1.120916440527041,16.45313253336447,12.172312177787903,1.5924180648510693
4862,1.119853847731,15.189472180736976,12.460862196440521,2.0106956263483484
4863,1.136255288847922,17.931965358927183,12.363436591549545,3.400347444711977
4900,1.162519574477958,16.669089005034436,11.979599213213994,3.5897839729835233
4901,1.1444678768454342,17.06280070756714,11.951120262016564,2.474384211892659
4902,1.1426524127659288,18.819387488792813,12.634691878413845,1.8349727237353897
4903,1.1511028642396062,16.54169405605001,11.657479958722337,1.9254218834814074
4904,1.1428784567359878,18.17059944558659,12.277419381671667,3.761120205725164
4905,1.1496895203121316,16.800407311112192,11.301389251816024,2.163076287564505
4906,1.1433075912712796,18.37778168900507,11.82325460295948,2.010355487170242
4907,1.1427831729787836,19.199859469552646,11.46961368015463,2.3125649053475605
4908,1.1433960401515986,17.170241264552878,11.97670543885663,2.5533434431025803
4909,1.1380735759698728,20.81302742529005,12.840842188725837,1.5607924274200973
4910,1.1348338421098225,17.878396237102525,12.565755045789084,2.3016662434432043
4911,1.1340870635068052,20.722826078556203,12.335715708289698,1.705225303416115
4912,1.1382186501669755,16.5879703867775,11.575881419290887,1.7085635264376815
4913,1.1329639195503416,17.604153238786715,11.945868601914741,1.5508563668290767
4914,1.1328215225436238,21.315018764484023,12.221899898127973,1.4882470803047203
4915,1.1348800071464011,10.778306689723998,10.268554883471408,1.916696409574121
4916,1.1317890016815026,17.942811739044267,11.992111598436837,2.875092632531592
4917,1.1308376715554347,20.72108924499678,12.106948428819358,6.612681404151828
4918,1.1325598627118179,18.21432243137059,11.61952159068009,2.713617803887419
4919,1.131776082966757,21.67223785456907,12.121246235322161,2.7629965697144665
4920,1.1332076445482386,19.756683840520598,11.960539861882646,2.072611358380566
4921,1.1331730964588873,16.71519874945281,11.378728937128024,2.7595483750959002
4922,1.135380666582575,19.559203779622806,11.902874040267147,1.2350041060311538
4923,1.1365100663164915,21.355182708629723,12.241353440286494,1.8744958193700305
4924,1.1364307537188993,19.642058461815594,12.094304186463784,7.150309772657065
4925,1.1356437166508577,20.906859606856106,12.567125670192816,3.2274832896271177
4926,1.1410678028100367,21.6515834391356,12.509395739642002,1.7398342160954532
4927,1.1451193419760506,21.294036150713808,11.76714078725471,1.7606094641579986
4928,1.1438692067772003,19.824081352530747,12.013265949309739,2.1787860025133874
4929,1.1436162924909707,19.62679457851942,11.741384279613886,3.1493174565031703
4930,1.141295864724001,21.028648979867995,12.79604915632702,2.5599831352236837
4933,1.1510696455791594,16.245608976319822,11.3242529925388,3.9075060938227097
4934,1.1528617600667461,16.329390557258883,11.517518994500985,3.042980159712105
4935,1.1482024275793867,17.506331283690233,11.520384232948963,3.9119152508738706
4936,1.1502696119727007,16.48231657740413,12.441335113152126,2.171317027806719
4937,1.1508623296010496,16.178771691877746,11.517659031540164,3.5050856277467806
4938,1.1528373910179628,16.433922722332582,11.057437764437518,2.689266719613268
4939,1.146559340670402,18.013481522158166,11.667909516685516,3.628130881148997
4940,1.1467461048025294,15.780867311521346,11.369188982075421,2.7888101940991943
4941,1.138753915954976,16.83824119074628,11.843066491819146,2.130570441307579
4942,1.1435110671352116,14.579703441422765,11.182494167237229,3.439878495148517
4943,1.138015941395076,17.02746319078996,11.745927426817463,2.978191963600813
4944,1.1354071247066115,15.179006360840612,12.06973521480679,2.4094615320896056
4945,1.1313593854582482,17.40946474797572,11.672339880276489,4.697938408154819
4946,1.1350753524096624,15.914409535881614,11.560892376385311,2.3926630843448193
4947,1.134938688103088,10.447581535618374,10.90935830063985,2.150078041012821
4948,1.132414325389864,15.099170677776732,11.720906220871104,2.3872684947105975
4949,1.1294348913450776,16.7070269454454,11.92232921396057,2.6415810932466273
4950,1.1261422956684828,17.93211860483276,11.864504559069475,4.469197040297129
4951,1.1262588479483704,16.843234872499107,12.344564636317909,2.2021217057673073
4952,1.1308311947280123,15.353875697173454,11.316931620982428,2.2831131990200637
4953,1.1245782028884863,16.042993808302114,12.675296616734132,2.7673046949042113
4954,1.1245349422209414,13.870225862919472,12.411667094752886,1.9240811601000376
4955,1.1302075772559057,16.83339926115533,11.841158754521533,1.7944213349628928
4956,1.128534279027484,15.396790499613116,11.56227908735995,2.4335513996900273
4957,1.1224055540161428,17.328206866755046,11.966029304421138,2.808068336031633
4958,1.1265056686708397,14.431205808757692,13.206206400515786,2.1253555991035813
4959,1.1204208551675037,16.484674620999254,13.23950704061074,2.029812812149791
4960,1.1248666546915806,15.006955868790588,10.906336415189326,2.196084497600752
4961,1.1200955506745642,16.031253680286664,12.447269797038574,2.032736216213723
4962,1.117304568062387,14.437443548958365,12.320596986413758,1.8338957058402297
4963,1.1341965849442788,17.14904392345352,12.763618644569071,2.1817748580397125
5000,1.1613842061486002,16.619805623671297,12.017386764005913,3.5534455347253506
5001,1.1414574262517578,17.04624234399041,12.066086569045021,2.0267720059924232
5002,1.1393252529669446,18.616347724675695,12.576505919436922,1.1328885487063673
5003,1.1485630181569144,16.61090865947876,11.775430410903038,2.2476831048158523
5004,1.140984837900101,17.93332170472091,12.116867203125823,2.7933256832801887
5005,1.1460552705169322,16.725761753983566,11.336005319611337,2.939625649775233
5006,1.143760514341214,17.720844226782006,11.847461191700772,1.3017748064807484
5007,1.1392740745894017,19.38189556683979,11.779461721092186,1.6992197583729376
5008,1.1438764553338665,16.92431571561419,11.757922366800315,2.1754256416388182
5009,1.1353707111443958,21.238466378060778,12.96503680059942,1.9609437309249418
5010,1.1329048452687178,18.093750416387913,12.527650770546742,1.9185829961200216
5011,1.133665263993009,20.481833190539223,12.410229252664065,1.764284854393185
5012,1.1383733712289859,16.386274667432442,11.56756574368043,1.3919351962903412
5013,1.133449860328933,17.544639702502163,11.810528612887449,1.1011501713398877
5014,1.128763235027382,21.803286016163895,12.36832945415352,1.9883448571185198
5015,1.131992103944025,11.198086635167998,10.825642598339202,2.019304539766506
5016,1.1274668881833265,18.2747209076203,12.014355807744218,2.497616779089166
5017,1.1263719238618621,20.958450927621605,12.258924964913115,5.233292484720587
5018,1.1288640626903756,18.33123270551493,12.04283730832996,1.7884371706599491
5019,1.1303574684994948,21.32437766373679,12.214256497467046,1.9049267410070716
5020,1.1322154760104641,19.93402311586889,12.114050227632253,2.149532374133183
5021,1.1330527708680422,16.953909734699447,11.271523404332886,2.0948036196958237
5022,1.1319838430305156,19.664238853173277,12.082845313755309,2.053977200698069
5023,1.1326247737397976,20.973785492587012,12.621463985073898,1.2921754023436396
5024,1.13324153086598,20.01766062146732,11.60952595819272,5.56272515936882
5025,1.13567619689143,20.93467541236857,12.171824677747248,2.4359564385138484
5026,1.140242192525015,21.567625670326752,12.243409398204088,1.7551243405487271
5027,1.1415371262635674,21.342810940621714,11.839791376708735,2.1881238188084042
5028,1.1386386050784956,20.043495260977352,11.716218899178884,1.5463179657152741
5029,1.1403253414127725,19.791830790725474,11.537291981413938,3.468973556306956
5030,1.1410290151131324,20.556232188894782,12.52850121484612,2.328595258605288
5033,1.1463038908381376,16.549971476014065,11.188325485889957,2.837225209308238
5034,1.149846854401677,16.102628528219842,11.140015172500048,2.6382088754169333
5035,1.1457269782519202,17.325801955349682,11.366794939361341,4.016842652188553
5036,1.1513179793535129,16.263439605695844,12.216792674230222,1.9215637446342593
5037,1.1484982588033228,16.60050073737548,11.219082031477113,3.5511166572259825
5038,1.1495149492721617,16.62401292498244,10.692377948577668,2.2064724105092752
5039,1.1436236694729647,17.870426865838134,11.714960362589068,2.755499350061809
5040,1.1460817434309516,15.550390984893376,11.68156927967701,2.422298212203084
5041,1.1400202512803634,16.619188737809818,12.172991050757659,2.661430606338646
5042,1.1410034865422596,15.025547212653747,10.989169755794668,2.289482883423028
5043,1.133847284281277,17.429467527533827,11.456485861792295,2.488226781777485
5044,1.1339717520618666,14.95668457327501,11.996843750940794,1.846239810424844
5045,1.1307996320670421,17.537474612757308,11.996383124260463,5.308994145884865
5046,1.1307529871184696,16.27085887538492,12.241888130985922,2.391604427336501
5047,1.1315958327764348,10.995667481645283,10.682529376546867,1.7037051266609793
5048,1.1270319500504244,15.989937336159933,11.755078979907086,2.445731688338811
5049,1.128189631519847,16.89714203881609,12.244720570975844,2.017101374632064
5050,1.1263184878140369,17.726902028671116,11.627426067622777,4.447593003704802
5051,1.1248194788308865,16.807630834573093,12.3682738998788,1.9186940561074297
5052,1.1275462953760462,15.761383449513476,11.159756288808206,1.7740696967270126
5053,1.1224398513245109,15.872096400315314,12.865066344919454,2.8337374297511744
5054,1.125285050335778,13.662396061297128,12.743368615328341,1.427139267511063
5055,1.1279640291244877,16.598134501587385,11.833540689963721,1.5231541727974263
5056,1.1235339189941236,15.57535737060845,11.339892111795209,2.0839472799781675
5057,1.1210713515576554,17.012397502868662,12.010998582668975,2.6808490115224206
5058,1.122076927115696,14.684550643642389,13.751716802014945,2.1203312977811883
5059,1.1185720779722566,16.858333823218118,13.186244483050759,1.2772621678949372
5060,1.1213746810611056,15.07556814519539,10.892268666751272,2.3004815420714406
5061,1.1141369973228905,16.521652608291188,12.32120727625373,1.8626899747572516
5062,1.1148463818884664,15.001087318149583,12.348986647704063,2.1889696618408725
5063,1.135111960960257,17.351463114768805,12.63099529915022,2.6729182819067328
5100,1.1575516200699616,16.25920599033104,11.991975505361003,3.2087571519632716
5101,1.1389075535642386,16.313071710110226,11.975058910472102,1.889977887086956
5102,1.1398019043136989,17.685233618598474,12.269486556783853,1.8296930282910575
5103,1.1451638057118205,16.227678094871386,11.926186156498316,1.3816663634947752
5104,1.1388682444629015,17.20912569554327,11.992947356571536,2.618224393651724
5105,1.1454282682723906,16.434155435736415,11.319196346065677,2.3586454363571208
5106,1.1408101158729482,17.27787860583269,12.247544711342965,2.1304788277729867
5107,1.1400627452959873,18.792238192125144,11.744695190444132,1.7272163502296158
5108,1.1419490341263545,16.277386070107465,11.864070738885404,2.874894791889501
5109,1.1335508578769382,20.896558798438093,12.705340965825464,1.4783224680432483
5110,1.135132905013289,17.432086153141547,12.379520433104677,1.8396733449216915
5111,1.129926662107195,20.010793736762885,12.720603306984463,1.3265223716162817
5112,1.1402593087266117,15.387227418233438,11.926012792773271,2.138743409146244
5113,1.130779818708158,17.08862745283384,11.776757083294267,1.5099592725118296
5114,1.128276222452616,21.00814163660213,12.39228654030119,1.6871402746954507
5115,1.1323539641301594,10.37043515625137,11.019339380611536,1.912752320831099
5116,1.1273770532100045,17.59677745867396,12.046482863318769,2.2712471589069096
5117,1.1273515621828236,20.298423805763296,12.479049892263951,6.170811702274446
5118,1.1306140032020437,17.77678261009265,11.885746477588473,1.8897937187080402
5119,1.1298918108261413,20.871621868318215,12.597355333200413,2.4191175488774057
5120,1.1291801221250308,19.36337602865022,12.211770126130466,2.232482544224965
5121,1.1294042268547413,15.970291318884126,11.788042982436458,2.534829718929347
5122,1.1362273462871195,18.811756286862238,11.920385785139551,1.4719067016753276
5123,1.1354691246893125,20.471072400042257,12.50741211281772,1.8012904919161934
5124,1.132523052036527,19.591427784573032,12.177070523356521,5.692563410152183
5125,1.133547035886261,20.444749944828665,12.378643971683195,2.3242937869644984
5126,1.1367025729242828,21.05359176647173,12.544894137282489,1.62689827978638
5127,1.1404744542447907,20.432852567413082,12.158333061620631,2.3033406407740045
5128,1.1410820234870978,19.249744288482077,12.156667994648574,2.542158068230881
5129,1.137720693140066,19.444245672015143,11.769538910702051,3.6108925745415483
5130,1.1430960149371854,19.756748451682466,12.614720245662028,1.7182903401241207
5133,1.1459445081130757,15.845583917299962,11.866751002634349,4.792953122357512
5134,1.1484235234999964,16.04885744706638,11.597673293129338,2.384062321568105
5135,1.1482823329957004,16.29441762966852,11.875866165085887,4.607090515203221
5136,1.1486515371843011,15.817403930941442,12.793463675476536,2.6172120008646735
5137,1.1492523780501727,16.018963360929725,11.071051165520352,3.9746339074099604
5138,1.150533966740516,15.960784340828202,11.05684983180135,2.7689380414657982
5139,1.1453368281761447,17.573374355577823,11.985626803975522,3.5390579318293858
5140,1.1480713729089989,14.810546025701626,11.91510143912421,2.752540777157741
5141,1.138480685820138,16.49487997652043,12.482661441400749,3.3574887403535874
5142,1.1436534937146905,14.785173046229367,11.31302723565405,2.44491841777988
5143,1.1392893674662925,16.151841695487793,11.343729289982285,2.8019652929703294
5144,1.1375725749952563,14.233334405609698,12.106555047941127,2.1943760570484496
5145,1.1313943866981901,17.234554176284895,11.963638613799683,5.739448304416541
5146,1.1341108303765781,15.773312421163904,12.21509490388609,3.288641449012233
5147,1.1367340996099577,10.16703115182459,10.872952488309235,2.9090752431857894
5148,1.1319234343057527,15.125999547128002,11.648402482625642,2.501675161570822
5149,1.1301845969081705,16.269485875105463,12.223104166017789,2.3388022387879426
5150,1.1266523206116588,17.3996528269768,11.870041540794572,4.301908678874366
5151,1.1280957415825776,16.05977501170026,12.472472225168367,2.335296147601533
5152,1.1277316149584948,15.167103731963637,11.525424257272274,2.368489318412411
5153,1.1243924745654437,15.261809118204082,12.903773302847659,2.9564658091182068
5154,1.1271153915724095,13.315135056711949,12.480087222196259,2.426850164540724
5155,1.1284099799188454,16.320081001737407,12.025463319300401,2.2668865335903803
5156,1.1261453760808167,14.699818605187772,11.892740607894787,3.0002449839129324
5157,1.1236032812187586,16.449424731466642,11.741617986531281,2.6993316265751996
5158,1.1223879418410534,14.0723965150958,13.238559021338604,2.36261849964574
5159,1.1172488527388076,15.97718675488559,13.225784474051283,1.4544596980706843
5160,1.1205130491726136,14.559813796802972,10.986261829470521,2.3114780536786825
5161,1.1153227054124115,15.375016635075792,12.239470858506497,2.2474860716357106
5162,1.113083751494445,14.330062410174802,12.523697316147464,1.8318191416995622
5163,1.1276652797716118,16.990393036783306,13.143425903058771,2.7031068030987697
5200,1.1521910919496448,18.22055528158492,12.21012716020147,2.97696258570689
5201,1.137584861970639,18.188066259221458,12.215630738031312,2.8309716501961693
5202,1.1324322012225896,20.31467234134089,13.05034650474511,1.607308069322874
5203,1.140713467209357,18.04465675770012,12.073073607888315,1.902018764518197
5204,1.1372405882212748,19.060405167872513,12.219247327826388,3.5801448604387938
5205,1.1437791969227438,18.16205440255234,11.508700832491263,1.910737619964573
5206,1.1379227633152684,19.670214983912388,12.057532079533424,2.1271265122213308
5207,1.1358354737099525,20.73613346356351,12.142677131819404,1.2298339781776269
5208,1.1377843022733767,18.47555517931649,12.668255752731033,2.4507335023591073
5209,1.1304776395418998,22.386972818509456,13.174009283102574,1.3516983872740862
5210,1.1312504195056525,19.479038741560114,12.4201774760016,1.5771074412078743
5211,1.1316288514341828,22.09282648126962,12.558357717607858,1.4174491341199176
5212,1.1350094630367151,17.941084651138254,11.970582602431296,1.4771304141677648
5213,1.1301373481525971,19.543115410424203,11.77050951612784,1.6051516295203525
5214,1.1270226508952859,23.454913717798483,12.284955961406295,1.7676541919580357
5215,1.1312437703595615,12.467531846745414,10.563746995408444,2.1432860489473518
5216,1.1279945350699985,19.545343178550212,11.475922977660145,1.7482971480299536
5217,1.1274916114528848,22.34534582572296,12.347400125374913,5.2863735460690915
5218,1.1297993525073322,19.88995942273202,11.790815380697904,1.6664139128393172
5219,1.1274592745422862,22.941615641817062,12.711132187516736,1.7171700758133404
5220,1.1310003975621326,20.955836052113145,12.458607721000874,2.2484567053129534
5221,1.1276908581552685,18.276396458140265,11.865614250368901,2.4661655440854395
5222,1.1312031011034596,20.832350656468613,12.436982997926664,1.5198010694272248
5223,1.1298202306198424,22.663232011462775,12.801715303845366,1.3371564530479598
5224,1.1294984242882984,21.648252793792427,12.19854558459983,7.490584240670248
5225,1.1316999147323654,22.592620914997475,12.443161873129812,2.0845289774742044
5226,1.1365323917053123,22.97617105598551,12.204086935000895,2.0380748343982487
5227,1.1385787886858099,22.714249431481498,11.931954217162664,2.17190948181028
5228,1.1364971077242931,21.608809850228525,11.990819654412794,2.0536480175574616
5229,1.1359586069033185,21.429574911049308,12.312818928859596,3.1119512878732665
5230,1.1386968617965754,22.183578143189663,12.814973121837616,2.124816947923955
5233,1.1456411899475716,17.52537991767951,11.418362196979249,3.770921029787251
5234,1.1483228612481517,17.510071902217646,11.460700046535889,2.426677189232293
5235,1.143961870095415,18.73660838955182,11.936360004491839,5.017834497697682
5236,1.1444364370599245,18.227314563165802,12.783127531215863,2.0328269863552757
5237,1.146441262802894,17.89400683514414,11.321326924015706,3.9891214881052495
5238,1.1471266489934726,18.232922763174056,10.878436941876453,2.1083604014988344
5239,1.1422309891684845,19.86266595152413,12.119134810532985,2.4906763186980885
5240,1.1398956435783616,17.64366955363512,12.118136332133924,2.8693588493670243
5241,1.1373362033190806,18.629587640730325,11.821080892079882,2.5853573739652718
5242,1.141255888502502,16.637005378430814,11.439734229190998,2.7163673671299584
5243,1.1343525090129931,19.008516008168858,11.625077206637952,2.408942870062366
5244,1.1345232543006003,16.86559840834988,12.03085282472183,2.2152483315190126
5245,1.1313175409403462,19.04289676411851,12.082687508130602,3.9386983015559025
5246,1.1306625066137597,17.73133617412407,12.248098242103454,2.6104033627961303
5247,1.1346736894102714,12.33472871911312,10.879618559908964,2.2401055978597992
5248,1.130237562074452,17.186589567266488,12.077118673474072,2.2420451446084826
5249,1.1284842621451288,18.394115344468517,11.971988487132048,2.8260050340170553
5250,1.1234207364040314,19.58640332353558,12.33769654453988,4.2756582205698415
5251,1.1242501684090613,18.618561424264662,12.860341811197662,2.164908138678719
5252,1.1271247779302256,17.015056672623466,11.56518273449979,2.303634269777491
5253,1.1223499418851115,17.566914986538123,12.86554697103315,1.9933810661520472
5254,1.1239217587446346,15.155903620383711,12.515640480740565,1.9859659777551997
5255,1.1255221128237431,18.704547690992552,12.167368477581736,2.5471954063226474
5256,1.1201069021960215,17.37269597564138,11.871816280594492,2.541056233059717
5257,1.1208373392262314,18.61671055153901,11.82882078974569,2.4075792866794594
5258,1.1207428314751322,16.467592798576092,13.05573583259796,1.7559554828226072
5259,1.113875666792474,18.644963563956306,13.374560018361326,1.6302912736051671
5260,1.1191680411886469,16.78091856033929,11.104524593112597,1.9567019677363024
5261,1.110245592962042,17.868328084112388,12.37850326520969,1.6540831313922257
5262,1.1098732754897533,16.786818588135155,12.435598108054952,1.9678017050392966
5263,1.1255188154026086,19.115430044608495,13.091288837735842,2.7602780213286153
5300,1.1597007004320306,16.53733447577308,11.964393086523025,3.0658955201238616
5301,1.144482421831576,16.753914389947994,11.904672949894742,1.8101937681012958
5302,1.1442516296991405,18.673886912425186,12.585093934371145,1.6681162830771188
5303,1.1498669710302571,17.17972912465254,11.772885814098917,2.2414261672739753
5304,1.144695662561544,18.129703923305854,12.133868618925163,3.4786676970461117
5305,1.1529944978707092,17.611037764797803,11.318302141563475,1.8501344725868207
5306,1.1482970530130514,18.116889251914586,11.904394114490184,1.3216451916296614
5307,1.146331560060243,19.83287826092927,11.941288748689994,1.2828550484538097
5308,1.1480027019974979,17.499236433474245,12.111622775730963,2.78058039938421
5309,1.1402894967357,21.725487042901886,13.132859454880688,1.2841763611994157
5310,1.1411226834850967,18.43311435210572,12.53545996639029,1.6067407849656548
5311,1.1399882067203537,21.184671141953483,12.191025649039036,1.5628311468475902
5312,1.145113364713338,17.0016830690245,11.955155966472915,1.309121692129893
5313,1.1391960512523915,18.366478658067706,12.209055794980172,1.5392974297839497
5314,1.1379640649209317,22.096853129777294,12.486973684150945,2.123069532884912
5315,1.1416274450003867,11.618387270437479,10.694187368802941,2.1518752323270625
5316,1.136375093248441,18.690182807050913,12.152391495956978,2.2226144732081767
5317,1.1368111361674946,21.443882205788903,12.578740392932135,5.369355177602746
5318,1.1364309616115047,19.26641066897746,11.89204624608592,1.9058314987470582
5319,1.1380396629672076,21.905065377527,12.702352662062859,1.965477159173376
5320,1.1397371504983307,20.56649147207195,12.291965135755346,2.152967143023007
5321,1.1379192083267966,17.276535470738576,11.93886246754131,2.3304389773391083
5322,1.143487304989946,19.813571015098024,11.969230921386357,1.5733852831735857
5323,1.1430097135554673,21.85701743377189,12.608630465985977,1.9979178712397532
5324,1.13806509211041,20.911333715042847,12.189768134457566,8.127049373805136
5325,1.1404629509330404,22.16916183776501,12.383682098849555,2.728803742368818
5326,1.1442789589095377,22.595300216368216,12.513564924408072,1.606586607248353
5327,1.1483828865515768,22.210405455370474,12.052442744236274,1.83617454362767
5328,1.1466551812907784,20.88168656300559,11.93695095707859,2.291666230425995
5329,1.1463296818744717,20.289363196648612,12.018502560549345,3.9271268410792963
5330,1.1494558540069097,21.295804820211544,12.585273843588087,1.9835762676425632
5333,1.1530889871981407,17.37205574858958,11.710517918301415,4.388391262101777
5334,1.157444446720422,17.48122892417691,11.686332967671397,2.9708481374243583
5335,1.1544436506177425,18.221618643382072,11.774584764345118,3.8023404659187023
5336,1.155818126970904,17.22493511396028,12.938272929398034,2.2317210677125328
5337,1.1561209121335394,17.52568749174126,11.731810452391622,4.291548447983812
5338,1.1599189201031666,17.369855364049187,10.976768275742982,2.8006867440809096
5339,1.153860966820575,18.944397887275496,12.083356547129465,3.4263814007567692
5340,1.1559019193355358,16.55774152189382,11.790618910172512,2.83767075753717
5341,1.1497109450084666,17.690889725391063,11.96698368240705,2.599551585689382
5342,1.150855181349278,16.403658158696445,11.820902677628029,3.167432396014813
5343,1.1479788312434203,18.22427893275281,11.687541247612272,2.55411438728468
5344,1.1461880290949,15.769651650770637,12.213337340110206,1.9667379138823464
5345,1.1426598837891209,18.526696918635547,11.625120365519244,5.369092479426055
5346,1.1441670612533938,17.148334829651937,12.178769862901545,2.2987575927863566
5347,1.1438279033659389,12.19482939707418,11.057871803028196,2.500561174252444
5348,1.1414862143762003,16.988336263281766,12.111373310403026,2.7649102386852675
5349,1.136856220088946,17.988283841020813,12.270785946178417,2.2952523434113825
5350,1.1345390298045874,18.68444551023844,12.124969762779596,5.687515739748106
5351,1.1352377221706402,17.525886624261776,12.678207330270858,2.09117525971408
5352,1.1374544989479616,16.388449336485525,11.414280662176134,2.1383353948064734
5353,1.1336929309925161,16.340333483616995,13.089861931117548,3.2488335286794245
5354,1.1339605451410026,14.654208887708702,13.021177072160109,1.7357448384242207
5355,1.1337887402635336,17.700074306914015,12.014952315513538,1.392839534922741
5356,1.1341666169868199,16.100492029598,11.421909580741122,2.7130481002273803
5357,1.1280502514607016,18.154802344460016,11.611412460161805,2.2132992273948418
5358,1.129094939281736,15.48729290580875,13.382605614171952,2.097162943734606
5359,1.1284250406717455,16.741949755860464,13.045642187145246,1.6182933950648248
5360,1.1278900780244074,15.706621143275221,11.168311231415856,2.1328217559601583
5361,1.12123105544026,16.358407356558903,12.136483620792482,2.185932191991603
5362,1.118958310527709,14.832898132160754,11.885475076856052,1.9701137761226597
5363,1.1336157511104936,16.841978671494605,12.587855200709306,3.210064211700653
5400,1.1494348168756927,16.313895264377337,11.8956341963181,3.754127911194234
5401,1.1320768600819708,16.103009130536336,12.217546349392157,1.9375921949133545
5402,1.129614511785938,17.972689251583358,12.517708598801995,1.7912370462142366
5403,1.1359282485658708,16.33186755703396,11.85528651715891,1.7981420854019505
5404,1.1287941483055042,17.670313960674708,12.162798706765368,2.671782568768056
5405,1.1362230924425814,16.446656388186256,11.430262389832144,1.7711749157405507
5406,1.1333343256657804,17.904722586845892,11.646492699652194,1.8793961348448704
5407,1.132614801907764,18.849733355659303,11.975298219983953,1.725344438801052
5408,1.133502837763883,16.341931584750657,12.53626957913101,2.189697765491257
5409,1.1250669746976947,21.065320468620026,12.741352081009033,1.3495750229042565
5410,1.1278205258005995,17.542109171948656,12.610669041156308,1.5749627961255803
5411,1.1254229322199902,20.431198542504898,12.339007383305043,1.6508593154930007
5412,1.1323596782095775,16.189628062175544,12.016512267810963,1.5267429713404048
5413,1.126544053434936,17.523993715896236,12.5245824392659,1.5566000684254158
5414,1.1258227139042598,21.767966983117827,12.375239233875462,1.9222609237458395
5415,1.129662360864086,10.617369947953554,10.9972596052638,1.4392584063172198
5416,1.1233207771674159,17.79846934828544,12.22425929014954,1.7497721854228985
5417,1.122351719393987,20.606580108132174,12.216050509996187,5.87012756704655
5418,1.1236138337756627,18.51664238633009,11.71991576113389,1.1361838197966334
5419,1.122645945098188,21.167195695370168,12.746734105767299,2.1787300005945474
5420,1.1263615079212048,19.67160952014121,12.258798702484237,1.7677161581401304
5421,1.1263636685015004,16.38259552098806,11.832276817462162,2.070454926653561
5422,1.1290947243984406,19.20107803765876,11.921574095303663,1.3663446573638398
5423,1.1266529161158116,21.12389950963582,12.73083282028853,1.3568685691572873
5424,1.1257599819939343,20.237159125973626,12.027685044543585,6.633323898115314
5425,1.1291949945406379,20.89855455178625,12.475742259411811,2.30526924813582
5426,1.1332464266069702,21.25503561336332,12.862839567624894,1.912880048524602
5427,1.1334558298314548,21.51411400721333,12.2879368078118,1.9631812026210047
5428,1.1344881497804076,19.77582147598846,12.064267255492236,1.6539971301799439
5429,1.1332275655581445,19.57980092881565,12.239293489602709,3.050840937034993
5430,1.1335855404820163,20.72367143821206,12.668990636777695,1.7465408778075868
5433,1.1392603545470164,15.976547013545899,11.66503859383732,3.3262939801992575
5434,1.1402218891222466,16.292723298414483,11.589455664105742,2.786789425108604
5435,1.1399171330521525,17.17576686827397,11.891124693129555,4.079322084303432
5436,1.141122812662511,16.23549204488905,12.888058156835454,2.3062834292186123
5437,1.1429394436625695,16.209589195799357,11.687388908452816,2.738033647839101
5438,1.1434112294973455,16.494858387793,11.218377970051844,2.0756300459778165
5439,1.1380028095716326,17.847786349041638,11.868754661541804,3.277389047463575
5440,1.14058529477552,15.670456042009384,11.686976777099138,2.5324182533136406
5441,1.1360483737644884,16.45370885954107,12.177584515414623,1.8948938227063352
5442,1.1390694214752806,15.062813023861441,11.375168016002092,2.8340438520415465
5443,1.1342767076961344,17.16055311294779,11.534354454505165,2.4346893160461502
5444,1.1333542889622659,15.327034381636523,12.138952724973363,1.6869426691691076
5445,1.131221664583173,17.458968299438805,11.378579270155708,4.212877258392321
5446,1.1322986559223454,16.65264953909083,12.321856631950654,2.1094699779096753
5447,1.135431516195854,10.871416600823292,10.65661865840234,2.6516488306303936
5448,1.1281168321889958,15.797809992980328,11.823839841860488,1.980131034243116
5449,1.1258705817601553,16.942920965463745,12.155927275905604,2.622480933324378
5450,1.124536121778585,17.635940835750226,12.22290214480054,4.840274650083926
5451,1.1238636727358016,16.70129692028421,12.30154184196315,2.4338616955417476
5452,1.1243480577279412,15.569224349207046,11.743771005250686,1.7112222795736922
5453,1.120722350109226,15.740361303886036,12.879072965034679,2.485021492650078
5454,1.1209467476842976,13.588096892517642,12.574446602691001,1.6587430812361716
5455,1.1215962280421605,16.54587688533721,12.209206334326598,1.6149537020488027
5456,1.11913793429403,15.286031998181784,11.536484072416297,1.3910279703487978
5457,1.1139625136260238,17.401114936945625,11.966734188074966,2.2211564509695156
5458,1.1152696880930457,14.728511561160596,13.112485092002395,1.8492725669040415
5459,1.1102221745977565,16.489638937042834,13.078894917899413,1.0389215840771564
5460,1.1171004624180503,14.971180951337427,11.081652997412759,1.8023183838260095
5461,1.1080041407346382,16.0109104376195,12.491217322975684,1.2891576488177614
5462,1.1073306609220392,14.742338783219417,12.303476167999996,1.9818575693259968
5463,1.124745403366538,16.77816533424467,12.341431681417943,2.529159977455272
5500,1.1601432938334195,17.377010571585068,12.030087040155985,2.8238300069263085
5501,1.1430573145963348,17.809375952168946,11.764457323677421,2.076681619787352
5502,1.1405328944167463,20.142828831569588,12.242099036296539,1.781321081596245
5503,1.145659156252324,18.23118505292996,12.17161307533347,1.7081388508224284
5504,1.1431160944266014,19.29168031769248,12.060244232444445,3.5853598647958536
5505,1.1480778790244461,18.568338342229197,11.213938631537978,1.6920160791340055
5506,1.1455797660240337,19.830777062430116,11.838158767199827,1.4736958654004155
5507,1.1419168589965416,20.638808275284017,11.957691334647535,2.035556695247136
5508,1.1470532759812238,18.665112318716815,12.30481795625546,1.947496175905917
5509,1.1423480792588498,22.56944389337014,12.586589659475234,1.8474800958045476
5510,1.141083786088883,19.506438968343538,12.727532881243162,1.110390861746411
5511,1.1395167793613286,22.22512920114355,12.494795599822671,1.631022565005506
5512,1.1457285301846614,18.071039451573004,11.7321248128516,1.4577259754871286
5513,1.1406084973702355,19.45011996194396,12.00106607196101,1.4216526055322438
5514,1.1371712939322542,23.89132262743323,12.168003740499081,1.5271721510168021
5515,1.1423159588416154,12.93041254675492,10.920962322528261,1.8581168039632092
5516,1.1368034667829507,19.8790557807629,12.556045902682785,1.9600722651262972
5517,1.1356667524893338,22.429123014566645,12.369380431081511,5.194033307314327
5518,1.1376196018726723,20.229456241759134,11.740572404857394,1.6017666579563166
5519,1.1365916865567869,23.514561882087012,12.415053790765086,1.95059693080959
5520,1.1398756785259734,21.701821349455603,12.167464797994487,2.060283166485645
5521,1.137669040638062,18.619588774822105,11.797322422896412,2.2978337438461307
5522,1.1428708933112366,21.08461924899993,11.89851659372821,2.0498875720504666
5523,1.141191147503721,22.94112753486597,12.529855970959064,1.6294046172588463
5524,1.1404552880006276,22.06604734901359,12.28182866047279,6.796930355055578
5525,1.1428185935264383,23.213988234184267,12.775424880796912,3.3891580410879323
5526,1.1484678677601565,23.516948913837375,12.664357862833588,1.391207574832488
5527,1.1470640996506158,23.569141449802252,12.310504370077908,1.7985817926656575
5528,1.1482869774877702,22.002667123947475,11.696498884838666,2.4689673745855822
5529,1.145917474239098,21.7261023169494,11.82802772565346,3.9422322818734976
5530,1.1472728052371566,22.703937138584262,12.593150758826154,2.0309964194617183
5533,1.1533971599285837,18.682757077400463,11.762807017242453,4.222433126960639
5534,1.157687081715841,18.02722519742142,11.525755577095198,3.0019711519468264
5535,1.1536217453071809,19.39016599358332,11.580907984772187,5.522325642671731
5536,1.1534381622960963,18.421261903115447,12.825340661013417,2.4322854429285723
5537,1.1558569453625636,18.636959857642285,11.42162268740925,4.476434186665868
5538,1.157422198728974,18.630692097057374,11.158808371747952,3.085038970227169
5539,1.1569779383599552,20.169759104905427,11.91245539986163,4.086338374235899
5540,1.1558093763823043,18.12075066569082,11.795401895789572,2.9546567502640966
5541,1.1498946450568037,18.79388507586657,12.117685260037634,2.5634756841752786
5542,1.1534154609046279,17.516305426998795,11.588966828473968,2.8631320753319427
5543,1.1509799726236034,19.24655188121276,11.924124638887823,1.9493793292100026
5544,1.149717267788183,17.38336199800573,11.970544745415891,2.411111996598556
5545,1.1446526454038788,19.812867358775886,11.97831704086497,5.868327909391096
5546,1.1483491958288867,18.32216425395539,11.993111437370013,2.7890165650530254
5547,1.1474966374219866,13.201856201838142,11.138945777978961,2.5949762900332303
5548,1.1440720175848451,18.0324640071543,12.116023235578265,1.991611255450613
5549,1.140724004619952,19.042311049176746,12.05774849275292,3.394947085055973
5550,1.136848808282457,20.216713090772746,12.17303275177173,4.297337844135522
5551,1.1357186262509165,19.033643369447656,12.81713520117632,2.0473992429200343
5552,1.1395234511386905,17.546063863124754,11.41666788325129,2.3738754680725633
5553,1.1318673744262393,18.113049213062272,12.726027113346184,3.1057741914201666
5554,1.1309778831233745,16.039021428710257,13.084817414672786,2.28188162869481
5555,1.1329408790378188,19.221698929643356,12.231701114051427,2.351264251760004
5556,1.132323622777105,17.663678674285357,11.524602409742092,2.7902369539583844
5557,1.1260285750788277,19.26630339021302,11.436971600672614,2.4663047024707474
5558,1.1289461595592998,16.28329800459522,13.28233487336679,1.9592965368485993
5559,1.1225414800167375,18.62807085603307,13.287684927494693,1.7828753401307293
5560,1.125860175156456,17.11292350903664,11.148232573088569,2.072680754941453
5561,1.1214586487972646,17.4473471463684,12.21704289529838,2.0364407042848325
5562,1.119045883534447,16.067583429126337,12.088794770570791,1.3988228331165207
5563,1.1309506673112597,18.426001289735265,12.229781682153753,2.789517587132233
5600,1.170560218889585,14.170463284139263,12.043809348256499,2.354784921215523
5601,1.1507036288057961,16.096974883890233,11.832128064323841,3.203481094878103
5602,1.1463256943113318,18.68672536682838,12.667381759101747,1.6945251453917254
5603,1.1515844935424293,17.150429960191186,12.124538679051355,1.4459703454411417
5604,1.1458521536592197,18.826191459760697,12.277724524664125,4.362003094523028
5605,1.1524034093706537,17.67470472486167,11.609712946086471,1.8231588742251665
5606,1.1491514764658444,19.058337017645915,12.326427513995455,1.2885218416578705
5607,1.1489073390681168,20.350985077995862,12.233817142391397,1.4872883691455974
5608,1.1520442265359934,17.987918854722405,12.58297293916324,2.768011928725701
5609,1.14457916824933,22.024350977988412,12.915286462772285,0.9129799139360787
5610,1.1463021411360919,19.01232883435535,12.876972382334031,2.5024349274391295
5611,1.145751091492786,21.523606968893624,12.911697479016409,1.103283238474374
5612,1.151629201041534,17.431028620028883,12.33292371466858,1.447880403261601
5613,1.1462437047616014,18.761762848102297,12.372404505083981,1.5601006022781347
5614,1.1437784713962602,22.579704322743094,12.800680323105174,1.3372551048108225
5615,1.1487049143217283,12.025543505702286,10.848462148779259,1.9821432419435854
5616,1.1447665466990036,18.901729016870007,12.183312587437069,2.451962716989231
5617,1.1436163887418795,21.775763446006547,12.592148361404549,5.97046162335158
5618,1.144771228946964,19.78172694993463,12.032912181182628,1.4128556102219976
5619,1.143206585642581,22.300951607459353,12.682531898142816,2.256539774177034
5620,1.1457040281285258,21.020500850212454,12.728291809405993,2.125400200751108
5621,1.1465784699673853,17.730547161869453,11.686283089289086,2.0718782208566586
5622,1.148805084058491,20.664520042268045,12.343969538766078,1.5441886580327433
5623,1.1471157417057736,22.083569774403404,12.826903236617648,1.7969828897288371
5624,1.1465390024221702,21.21570390222841,12.776728202221202,9.174311982788238
5625,1.1497433884480666,22.38637889546467,12.634637727894903,2.9716125715165917
5626,1.154178119080103,22.608424519278984,12.438714224958213,1.9683361973042437
5627,1.1534699342839714,23.137117501334345,12.018686292923974,1.9577676096799526
5628,1.15230481051805,21.318917940405026,12.357310340615683,1.673093183703317
5629,1.1534656040696747,21.022813350050907,12.21301366462782,3.278766689868942
5630,1.1557446436942005,22.123753608232445,12.59433795348816,1.703200691762351
5633,1.159171438675084,17.80117242382656,11.879857655479661,5.609169801545548
5634,1.1641727858674538,17.594725977767023,11.859721592179373,1.8911152146816372
5635,1.161217991184524,18.29575983965876,12.016626309476296,5.470529679444927
5636,1.1613068140713327,18.12631580758739,12.7796413310149,2.6256557641839042
5637,1.1626510898736517,17.820629774812762,11.728117187206196,4.0213148028324595
5638,1.1657492827436933,17.940847496322906,11.142317753094357,2.8150175083022684
5639,1.1637552376776115,19.363242594620242,12.405988181504528,3.650018495794503
5640,1.163960015080618,17.55462874848147,12.12192362960501,2.798622900106269
5641,1.1591831231980434,18.185082647175008,12.1785823015131,2.2191911179264774
5642,1.160777811980444,17.062153749255817,11.732455729562274,3.4244003600515733
5643,1.157633597533611,18.70128115665939,12.122168219238793,1.901087200590645
5644,1.1554512776702275,16.535668110574086,12.596670909668854,1.7316685971002626
5645,1.1520379937133962,19.339741439186056,12.187463844617223,5.590990284629083
5646,1.1538452111831263,18.219315168419353,12.372034627955644,2.271320725536426
5647,1.1546474723571032,12.70875591790893,11.288861082410211,2.9933223069908155
5648,1.152301312877554,17.1112681307115,12.190454692863844,3.0353589998337753
5649,1.1480613486442872,18.303556788087505,12.484932857365493,2.634159905203519
5650,1.1440595660972857,19.134215149504154,12.642713952955054,5.92396439652946
5651,1.1432218847556725,18.213395131969556,12.909925298888393,1.4445021899242145
5652,1.1447010257256636,16.693870587118536,11.580420848903284,1.7295739296953703
5653,1.1389683859554791,17.551266644302707,13.10303948390002,2.8725621069767255
5654,1.1402589102234189,14.855074021194932,12.654802302583526,1.5245165647682457
5655,1.139470709351706,18.047788532432772,12.10526283283038,1.9970154810061895
5656,1.1382012511960384,16.38339616150121,11.96696857636502,2.469245610338407
5657,1.1354221951895977,18.102117052784617,12.254081038442209,2.3710634763620733
5658,1.1344857988829176,15.594537210715275,13.272775680571602,1.757969107444613
5659,1.1292784221959185,17.00656122048928,13.310068093014575,1.5155245431222306
5660,1.1312388596547873,15.862133963691402,11.621858572306103,2.0733481488311116
5661,1.1256556811514835,16.445499152250328,12.360745458757558,1.7507524220242054
5662,1.1241635588642451,14.469391111062132,12.37081962025757,2.2676615226832735
5663,1.1420230803823195,16.29384052992285,12.476582873074216,3.0651472891923635
5701,1.1488803687067075,16.959025633294832,11.661085330057716,3.241759087233546
5702,1.1329604003816052,18.760319193227815,12.283457847028073,1.9695124125934442
5703,1.1324732370564254,17.067284632469878,12.266937866921422,1.6101272689384125
5704,1.1316564376454432,18.76056908607562,11.828635929511547,3.316560689230378
5705,1.1357770983700184,17.45814077157077,11.428614156155552,1.8067035461180934
5706,1.1327961757739053,19.04266280064533,12.192883223663982,1.648490887827501
5707,1.137407079459749,20.33917935824163,11.725339837445203,1.655237500703749
5708,1.1368660255835805,17.818523968839884,12.218044931253639,1.7904071819808491
5709,1.1296587356236294,22.188406005493842,12.755701031125863,1.1461555337730491
5710,1.1303917520520932,18.89852144065233,13.07588231167067,1.7070452228179998
5711,1.1324983579169436,21.622476866850537,12.209280801965894,1.3868993431931902
5712,1.1363394619470812,17.19795456990265,11.729921266329551,1.8362226288884795
5713,1.1325181878268045,18.62123091291822,12.377583534695045,1.3656889839968847
5714,1.1315750401851723,22.99539995909169,12.310877011481702,1.806387093650652
5715,1.1328086281455947,12.155740819385107,11.292737509943473,1.7378756742054955
5716,1.1304982428752024,19.249842906732447,12.184253604374666,2.465181694277233
5717,1.1291037941407944,21.626021856582142,12.324033075433382,5.8509066379408825
5718,1.132376116858203,19.204824446854996,11.439273000873849,1.720311557381067
5719,1.1307645992599529,22.35636478258572,12.145019850574103,1.6663734818647655
5720,1.1316165187052314,20.9757870782959,12.024515876219576,2.530945343369168
5721,1.1315311984677525,17.603156567939564,12.003971637377013,2.718051622968306
5722,1.1334204412994529,20.292341312556115,12.01553954271913,1.4151176596230306
5723,1.1338260153617508,22.120089829702383,12.65471761734118,1.4710017341225243
5724,1.1361115494174208,20.818481880259448,12.1325136765277,4.77195218787025
5725,1.1361169358941212,22.06148610052857,12.456629847452193,1.970363034958463
5726,1.1380932709929252,22.80700688359463,12.321829918843616,2.28721526536183
5727,1.139870859965374,23.080163051023394,12.0073320315512,2.41525171472294
5728,1.1393844830191682,21.07429930167454,12.038632478583956,2.047674777543261
5729,1.1385384671199763,20.88749598681116,11.839455048375031,4.587192797487758
5730,1.1395038438102238,22.12622553029289,12.735276053511008,1.840090652108896
5733,1.1442476310878449,17.388298658422343,11.75975637289755,3.0257039480612073
5734,1.147920785922854,17.428517107283444,11.536205436157822,3.2838841688059075
5735,1.1490952872743665,18.506149838892966,11.339365288700968,4.954648895411422
5736,1.1457933403882783,17.500448823594198,12.90558076194445,2.737718521983689
5737,1.1477857337238455,17.65368319480381,11.623117594019218,4.142445513561467
5738,1.1531356930538716,17.47455117621838,11.27235764531761,2.4814557402343027
5739,1.1498115269731546,18.89320802059828,12.179669607269705,3.9968434450694708
5740,1.1477795804572721,17.307972286834094,11.461629705850033,3.325301890116845
5741,1.1433279410412738,18.220583387343144,12.219325622558623,3.265770125615389
5742,1.147803117786654,16.631807777258995,11.07727134274826,3.274093655847443
5743,1.1436727887037306,18.593365751342954,11.459018549531075,2.5444963739063486
5744,1.141405336645338,16.313761643579056,12.122308446730738,2.074321520993801
5745,1.1391144570679177,19.110253636046096,11.684300459394441,5.146341858725541
5746,1.1404066601259084,17.660493558179322,11.765298361268922,2.552300077064902
5747,1.1412428439230164,12.170911942530177,10.947393287433576,2.525090568197291
5748,1.1372569823257666,16.89898021688554,11.641323608342004,2.8203654873553727
5749,1.134267043885044,18.00296832238974,11.940246899395186,2.211369420769552
5750,1.1299024453888677,19.18659680587475,11.84531927436623,3.88569443757159
5751,1.1303051351872904,17.648633415208614,12.530626052064889,1.8923448207255131
5752,1.1296692617473827,16.99515920426661,11.715534885112454,1.9225336589503261
5753,1.123632511975856,16.907591850676642,12.733498575865179,2.662532615842212
5754,1.1234444801877745,14.896803972189751,12.526612408541379,1.9505040802626397
5755,1.1272645126097307,17.640123544720623,11.746400902160099,2.4194737712192667
5756,1.120711292582877,16.765769329514796,11.676418391214218,2.034873215024724
5757,1.1152476029091916,18.620304160946393,11.566629783594816,2.5126881353608748
5758,1.1159003904025118,15.458386123757991,13.179135247116626,1.7277955704839907
5759,1.11528131138056,17.232546530762566,12.80157156259859,1.8217119715136592
5760,1.1172028600973112,16.125749501843206,11.211453949832562,1.9838820069966576
5761,1.1106368044003452,16.6893491956427,12.242189475289294,1.5766379491317148
5762,1.12706690269321,15.567424842304028,12.188892925477736,2.820166878399281
5802,1.1444690855552775,20.823857950525337,13.065160143271358,2.411710603547077
5803,1.1362831809308664,18.94482258886408,12.356572426106453,2.0498871356535893
5804,1.1306444322670373,20.692233822354776,12.136161325691456,3.278497332398669
5805,1.1336201965161685,19.918124415783705,11.979583882675687,1.8914293466220773
5806,1.1320068759684374,21.313305472826464,12.530589386270295,1.1721937051300781
5807,1.132006160110027,22.68573853777257,11.933007295935516,1.6158128954624087
5808,1.1373650795163481,19.68571823977329,12.587278678708879,3.017608259442435
5809,1.1272138186268084,24.88998199472021,13.334747980317895,1.7565017741085376
5810,1.1330001395992355,21.278557769594144,12.520802127225197,2.0186813905880974
5811,1.1319539578537348,23.863968480370684,12.616812800449289,1.465308706148915
5812,1.1378361575661453,19.361196287207314,12.169629848925263,1.482444548311447
5813,1.1345183131379017,21.010652689636927,12.42401092637704,1.7638214213954269
5814,1.1304630943107377,24.9040099717078,12.712796677776302,1.5023898362587105
5815,1.1377010749738388,14.317916601654142,11.040044794713369,2.1900252528843707
5816,1.1324505939956429,21.402899827125776,12.109605549743836,1.9646266834679227
5817,1.1295491567188796,24.213393178631282,12.570667717346756,4.6976346723489515
5818,1.1316245500850488,21.67825258093076,11.633807139933957,1.9892412571821614
5819,1.1311428985346912,24.54606902042324,12.559571155100873,1.756838613255216
5820,1.1314615316561958,22.835523479988765,12.44770550956756,2.534312746456321
5821,1.1328705843877143,19.87514102063414,12.119965060367113,1.9397478662183119
5822,1.1346178117798644,22.430977528506723,12.269580300156804,1.6069996084346017
5823,1.1354071864610502,24.26790388866951,12.726324739634569,1.7597134329639277
5824,1.1337551604442635,23.739516861814884,11.89375153893042,5.0079751102924135
5825,1.1363611660517567,24.213063620347974,12.47663902780207,2.8494404309461125
5826,1.1418847112150612,24.457282174057735,12.55353393848978,1.3916384351019069
5827,1.1405410892100085,24.908303334146016,12.33078787385346,2.110490139951777
5828,1.1381215674739114,23.67013603224815,12.423698132464626,1.8027850180531217
5829,1.1397641793347255,23.08148694610641,12.177607007263443,3.032100827815171
5830,1.1422161388966756,23.834836903093013,12.714282057425887,2.7044296040026343
5833,1.1501225677202689,19.217147843591494,11.515452037782389,3.414750662536594
5834,1.1500584606145539,19.396693607812775,11.646120165960776,3.2027627424937295
5835,1.1460797850411826,21.11604138063555,11.907031519844377,5.431756114425296
5836,1.1491671272868413,19.83885122323958,12.603555385280133,2.058978464143417
5837,1.1509605532975316,19.561853626304682,11.37308976404607,3.938598087604431
5838,1.1505143608468904,20.320571270998986,11.274170622021696,3.2946998514222487
5839,1.1505286291883519,21.09755360749948,12.104103596958671,2.9290432524428702
5840,1.1504593469647932,18.958513909858418,11.945371420908097,2.5525755434851547
5841,1.1453231248120392,20.485012152959435,11.941302933417031,2.4422047921113554
5842,1.1489702523080316,18.518619548311673,11.684456767944168,2.661866260640128
5843,1.144263703474459,20.717694404098438,11.630402163892168,3.160253719416056
5844,1.1406174705605454,18.874516878026277,12.360350240480555,2.327358543373775
5845,1.1404186014508393,20.858310345275292,12.233117767846176,4.079989421664572
5846,1.1405610473470047,19.870660267431536,12.376152720979087,2.7939796475794494
5847,1.1426404199016857,14.730936554229473,11.006090682258101,1.894798577370202
5848,1.136186894301256,19.713386575873052,11.842261473446284,2.8282871487905226
5849,1.1345232714304003,20.367797547682567,11.95172173653707,1.9319307118132434
5850,1.1323398679225392,21.24110447021397,12.35926399458811,4.259728590812249
5851,1.1279719056763582,20.44317485983428,12.776885028127012,1.8599069311835754
5852,1.130755507415159,18.895376460628896,11.669192004747364,2.5568463384606837
5853,1.126988480268988,18.730096458372742,12.735423250722043,2.931495262887852
5854,1.1238006050619784,17.128515340260904,13.018814182263174,2.0082567250720267
5855,1.125299884720805,20.120872971765042,12.014373641890591,1.9218842876321012
5856,1.1221830982407262,19.233827343127107,11.731351429488356,2.5956486486249966
5857,1.1157342068180875,20.661325742460548,12.063298395967186,2.1545062091606777
5858,1.114727404091994,18.101702671135005,13.234534458944344,1.762133074038082
5859,1.1102897035821944,19.82012002511051,13.52009333663859,1.2100276348417083
5860,1.1155947616156965,18.92578679854381,11.273340696939577,1.71514917594101
5861,1.1268527274895324,19.364754247108763,12.58706687477289,2.710157390185257
5903,1.1473832651956508,17.44570837306756,12.236314233531473,1.5816901681777957
5904,1.1290378780099934,19.104240291487294,12.213027883011755,4.441948305020642
5905,1.1308276393710588,18.45481287590956,11.808734813991402,1.6134841269663531
5906,1.1296371083446166,19.93648952634551,11.901133249148572,1.5544334817023358
5907,1.1314125357415814,20.665277226097555,11.758772446083189,1.8186166591792645
5908,1.1331203608246219,18.910915243050567,12.61841634528071,2.2243472806907247
5909,1.1290460108889,22.868278672602834,12.867455930597265,1.7334131689200456
5910,1.1311328433515493,19.41089314085751,12.828685604589506,1.7819333851895303
5911,1.1289984008000835,22.41619994882419,12.555652061179039,1.8669513548821246
5912,1.135898309947203,17.980192205181392,11.684704536867093,1.3846704560469547
5913,1.1338408585514475,19.401327444285904,12.291960091948757,1.7823339309387372
5914,1.1311899987019174,23.379530302230503,12.20665082927954,1.4875551097386353
5915,1.1322974313215424,12.806447984507749,11.07850077020675,2.109959310332302
5916,1.1296101182131244,19.549140539800643,12.116754813634941,1.8723239181997708
5917,1.1285883144630429,22.109644804397522,12.739724709565891,4.179141685166039
5918,1.1319534822783635,19.883494898854007,11.764096495323361,1.4856616310018584
5919,1.1313306224383526,22.775390259644066,12.172383142528517,2.464731037705999
5920,1.1324647401786767,21.278578145586945,12.12796843223976,2.598381736919187
5921,1.1329998070004061,17.96134469498243,11.764027467659727,2.6439588551698683
5922,1.1316613919073535,21.241207763497677,12.329135955195499,2.014762428492615
5923,1.133134801689719,22.65857856876725,13.027409102138467,1.6893118419516011
5924,1.1294022441627938,22.157342633570707,12.29052601871009,5.447290644402592
5925,1.1334584515634234,22.811128909763564,12.630199236404454,2.6350322657751346
5926,1.1365517605626667,24.012353103176768,12.479712681756405,2.1087574250992267
5927,1.142405248834364,23.03382521508076,12.387118562516166,1.9672638435400767
5928,1.140304720644687,21.848418073694845,12.072580838072936,2.4544097143906103
5929,1.140014891849217,21.732268947496628,11.867036038629818,2.7398604633802663
5930,1.1384741973458214,22.4151280436617,13.010072229236089,2.084491233358532
5933,1.144883744252514,18.205758972149027,11.891087879294345,3.6511333915606716
5934,1.1497828475976692,17.79484417246865,11.733759336024574,2.735803382152025
5935,1.1461454156357953,19.087904853010418,11.766037558647925,4.010677412280278
5936,1.147871788571219,18.173051593390518,12.757896561938237,2.9620851193669138
5937,1.1507587419759926,18.28311039807163,11.521068648120487,3.7055930337099325
5938,1.1521395661357232,18.695103530194974,11.331845432210926,2.9633439047353614
5939,1.150058633619824,19.6266018766496,11.786109330013245,3.2178651444787434
5940,1.1480454073371762,17.76003211500266,11.683322028920825,2.4238135073856886
5941,1.1421170983265718,19.12221687944323,11.915890249078616,3.2813147994454908
5942,1.1499621719553252,17.15820674041712,11.213651718756003,2.9500013347518044
5943,1.141030187998589,19.80545365670411,11.803013821855266,2.8514483713032095
5944,1.1425289798069873,16.992241409335893,11.957027826813363,1.8000406828878812
5945,1.1382234772943176,19.396202187152756,11.722740953298803,4.597073848662565
5946,1.1389511185024974,18.52802455376923,12.226756346898847,3.202287775498214
5947,1.1411430688976276,13.299729929379692,10.835852464354678,2.7987130653277825
5948,1.1354000408960925,18.345985017604324,11.663149513012938,2.720048044862753
5949,1.1310997704721784,18.96106554124311,12.393561120884494,2.4078796438543617
5950,1.1286560526009162,20.164119931014277,12.059639051064117,4.078463045830438
5951,1.1259550362230168,18.872959236441158,12.6809589381235,1.985242398337007
5952,1.1291408246872945,17.883966426469605,11.571859625269425,1.7051903962508348
5953,1.123236268252059,17.7969954873512,12.663755770879638,2.2076260784896076
5954,1.1237723123850551,15.321007302741108,12.67191899487514,1.7305277442944105
5955,1.1241106412136277,18.31642982570309,12.232941732895357,1.6537188819523683
5956,1.118205313650965,17.398841868404094,11.431679438474761,2.313694621280394
5957,1.111613420981694,19.238537444678126,11.773275972951598,1.6619191389892036
5958,1.1141497403462077,16.24847534719857,12.933538721383352,1.753470860208219
5959,1.1112727522470913,17.596903910885064,13.316939200905765,1.8478806161602581
5960,1.1294189589459604,17.384828238606534,11.254109549423626,2.1138607618051717
5961,1.1653478243176316,17.890338132289184,11.444078137262602,1.4701414844410534
6004,1.1420439007322873,18.823119501268597,11.94453990417626,4.241399247348834
6005,1.1350315642146247,18.197552402070226,11.38509646002005,1.9445683752465965
6006,1.1324493772644757,18.90343011942663,12.087136017362473,1.8055861011787617
6007,1.133267487406514,20.21875498556812,11.436512071466039,1.6370845824573572
6008,1.1345666625229303,18.47322044420541,12.30921235298428,2.1427928839617394
6009,1.1306860843840139,22.22255142810946,12.738149391650687,1.8548087029242557
6010,1.1334412218472951,18.81886881558895,12.456956548517013,1.9753705004132538
6011,1.1360254412017716,21.685069801842555,12.210652878182595,1.8662867694057284
6012,1.1430042089299348,17.546270191938753,11.566588455121492,1.4702882872000567
6013,1.135069776707279,18.997323691142135,12.087936521045275,1.4874882205043698
6014,1.1333683537424586,22.78547578198601,12.233779106712026,1.9558033819518543
6015,1.1402177986041826,12.17200489657207,10.82446717518765,2.0692774908771354
6016,1.1336498501021375,19.37172373780355,11.921638498482311,2.7021773131926587
6017,1.1340552544730862,22.540617028333642,11.844520346095573,5.077149186190604
6018,1.135639407946306,19.431568192725788,11.459543279754708,2.2454829435075845
6019,1.1356017411239443,22.636819556892164,12.19029199985094,1.9238311439094329
6020,1.1360438458319058,20.717536678445708,11.775839620380674,2.2399087739297388
6021,1.1368677341503397,17.708327108611506,11.64455077504249,2.511044923395448
6022,1.138931842817977,20.619250459113037,11.874454093793947,1.811820018514176
6023,1.1385811086242863,22.212990892394476,12.338052964684037,2.6408058027316663
6024,1.1372402443443224,21.32247290997057,12.00689668339346,5.894114190909572
6025,1.140608234921334,22.14624785703929,12.472509081183912,2.5633841518220053
6026,1.1435795115696907,23.009936249742932,12.082333415419024,2.1648048696319275
6027,1.1459135280410964,22.524003199623984,11.78504147898842,2.390253234199608
6028,1.1442407956127072,21.057852415293116,12.209194922045425,1.8924450903864538
6029,1.1448227309434502,21.007779369220078,11.889868705474267,3.179160404072095
6030,1.1435724754454886,21.99419562064557,12.6379951600985,2.509824852915756
6033,1.1533901454902353,17.531548062680862,11.511594479541806,4.511285014897663
6034,1.1523364402979919,17.801556552720903,11.411771326556304,2.801573371744593
6035,1.152060139852423,18.545006706858,11.769175223700769,4.59644508024431
6036,1.154404017885136,17.79050082245721,12.631335721507577,2.7886637106037666
6037,1.1540928313229113,18.23868332746199,11.075687068500562,4.264807287390637
6038,1.1584129853210654,18.48663129865039,11.027513129343898,3.890812992579228
6039,1.1557246399365375,19.25213420055566,11.657469561310513,4.558793295682544
6040,1.154558696539306,17.494960102557172,11.731619829706345,2.591755242439864
6041,1.1512103809191698,18.53683402358786,11.742971695025718,3.8914671305174755
6042,1.1535152609772037,16.860687978891217,10.879312118611274,3.710804067506458
6043,1.146518187357434,19.14759295631528,11.529085480792808,3.5814526330086727
6044,1.1465425366257453,16.909357910711034,12.0394943602746,2.4764741549560876
6045,1.143195123950619,18.95546480806983,11.39717564085885,7.018631691091405
6046,1.1451469067874591,17.878567711693,11.811611769325559,2.853477977504089
6047,1.1434173018623777,12.873154090926882,10.791210343745314,2.970756183327266
6048,1.1412267263823495,17.502204037134863,11.510459713840886,3.23519883073462
6049,1.1375857056057956,18.480221359982483,12.068446867656892,2.8491759243403263
6050,1.1339678025089956,19.447712310284537,11.924846111484849,4.765591837723855
6051,1.1317413718464227,18.299119993797955,12.43344162368582,2.7510727567975746
6052,1.131104164155932,17.21963624068403,11.165022039496893,2.620108398073363
6053,1.1248523404363469,17.33231820223243,12.204768092743173,2.9220640461646856
6054,1.1230486522167622,15.308947563614781,12.616689943890494,1.623985670937298
6055,1.1238745625853133,18.36149831915073,11.910462394375015,2.4225259142410263
6056,1.1202979063541711,16.95980310044278,11.110833743849785,2.2034490192367953
6057,1.1134805397916776,18.68078594590344,11.787432300119226,1.7516640897883327
6058,1.1165984757131746,15.308028080948818,13.12175108466119,2.09875957342547
6059,1.1262942115814951,17.026118612232548,12.951902716272,2.2765115716859707
6060,1.164479442581164,17.78011111582723,10.439234573899098,1.1723140054747776
6105,1.1546754916740718,16.102498252657327,11.661561208114541,2.5177134484570756
6106,1.1388751688150023,18.338780863426052,11.961154757725339,1.6659292660841276
6107,1.1390628792061772,19.741512137501328,11.677420181376934,1.7381352829464578
6108,1.1429421586902946,17.689039752185096,12.322810520967968,2.0299706870913545
6109,1.1413881709588134,21.603315049864243,12.39481054868006,1.6544118523582894
6110,1.142414017540715,18.58829204486052,12.44105465267104,1.478764584966812
6111,1.1453355852570568,21.321830245607,12.33415643419917,2.608185717392134
6112,1.1479856355259006,17.12189786610311,11.854922408691174,2.129761028170221
6113,1.1454887611366233,18.64118113129776,12.278225944023779,2.3087577153945036
6114,1.1433967564713905,22.48133234388672,12.291262703497788,2.659238778596556
6115,1.1495045765603613,11.81914536202932,11.08444787860008,2.805316326769607
6116,1.1436912677567588,18.76787687129993,11.989121402923153,3.6729086749900905
6117,1.141083674393614,21.69729998602834,12.1904455301141,4.7498847690882
6118,1.1455838792861084,18.777080725016166,11.923269344500646,2.0829941485251586
6119,1.1455236729404792,21.59639506232029,12.121326428392052,2.881543518895759
6120,1.1454181688683054,20.494586036301612,11.917217519558855,3.754245339002121
6121,1.1473774075565681,17.145899218786855,11.664156049549169,2.419153398290831
6122,1.1465098496123216,20.102778054690823,12.062332524840839,2.250483878523651
6123,1.1480644292984188,21.54719019605813,12.55839288830254,1.6948593297284036
6124,1.146658902874067,20.945433472742774,12.237889769956457,7.05749447736376
6125,1.150001123783181,21.58283671981167,12.295327543879516,2.50907589849071
6126,1.1543711265761516,21.96271421807229,12.670884786705225,2.3720812593658462
6127,1.1547962061871178,22.047174938271876,12.074644619040113,2.3167772109761646
6128,1.153128964807038,21.007139116356385,11.966529767471375,2.546261812302523
6129,1.1561988647261703,20.482834575084624,11.830346893124863,3.774657877571202
6130,1.1559698811087,21.616612646163713,12.521275433679902,1.956437443662375
6133,1.1633963943417682,17.254754309191352,11.625547769585125,4.729351433876332
6134,1.1663877652224786,17.02707096740754,11.537174358334344,3.929079496921519
6135,1.1637160326292657,18.42114233038575,11.579449547385975,6.137362753227569
6136,1.1647088706300526,17.356553312821845,12.456044836381135,2.8632112209461478
6137,1.1673112810894322,18.380435096386826,11.328446858609633,3.5781382791307723
6138,1.1734111544957266,17.829897441028354,11.112669873115761,3.635082116832266
6139,1.164919186883621,19.016230614296497,11.838615569995778,3.9530132001307074
6140,1.167302230875434,17.02860227740407,11.676013843143853,4.110443180137765
6141,1.1611553593088297,18.10432983002492,11.780066778455405,3.413241537742583
6142,1.164476581026368,16.74947079684888,11.070157455737018,3.519399205164268
6143,1.1620015193301876,18.134466860331454,11.33438304375711,3.5255868091531744
6144,1.1573166219176974,16.41254787213993,12.105849954087041,2.638424185929626
6145,1.1542941453426554,18.400115738876394,12.268361059127269,6.492950714488573
6146,1.1557002556220195,17.44871137347474,12.028182831588799,3.493454672842971
6147,1.1570152679944141,12.148828906902935,10.938083017270506,3.2582966212251128
6148,1.1490970467841066,17.103355105340558,11.66501652066797,2.9726225555072445
6149,1.1470563040356858,17.969391417115627,11.834177175191456,2.7200755415515143
6150,1.1422490942848733,18.93009956094267,11.87482038545397,3.9232667359291407
6151,1.1411076356348735,17.467836976656557,12.63417039409231,2.006401420637193
6152,1.139541856378838,16.67321411670572,11.717818620455363,2.718852219440683
6153,1.1355640052596412,16.691647875536177,12.386817385584989,4.082716168668466
6154,1.133568938999285,14.655122736896187,12.579601629387758,2.513185071427558
6155,1.1320520254332458,17.540155056621735,11.626409119523728,2.122374672703618
6156,1.1276645094067168,15.926185507867075,11.487151494781127,2.9697369589216245
6157,1.1230584562565822,17.534404880436004,11.27660201006618,2.704562740016429
6158,1.138116607283678,14.053612995788866,12.871023757209857,3.315032071780558
6159,1.1712258819755772,16.961511049289474,13.204882354519885,0.7815171839698416
6206,1.1542606152434454,18.218266820168655,12.058387315820935,2.426463867444801
6207,1.143908856450504,20.3018060378258,11.395943820107616,2.05679546099277
6208,1.142491471062317,17.809939014801834,12.911796204475172,2.394444603548535
6209,1.139902576973716,22.133434789345788,12.86591531381125,1.8827644573478177
6210,1.1437836759872662,18.889168840492637,12.645653945995548,1.69137262398869
6211,1.1454068225186156,22.06201688937927,12.123064918470293,1.8563917059184936
6212,1.154070036553593,17.602767827107836,11.680476759606696,2.039084984408717
6213,1.1496758339395203,19.1320965731965,12.168109632415087,1.7942510073125006
6214,1.147924801306117,23.091469672257954,11.902029989373576,2.4764525800378974
6215,1.1540838894899357,12.581076796820925,10.857053793612442,2.308769882273007
6216,1.1479053761639577,19.7761065840226,11.93334474958708,2.590259739999252
6217,1.145851039784104,22.068994052090463,12.494036640661303,6.015458621774577
6218,1.1506264693852037,19.43861660223863,11.682324776635102,2.1049372491358604
6219,1.1455869012118942,22.885318084542067,12.377254629398196,2.6534603605141407
6220,1.1514391026859947,20.908215941981876,12.114278406817114,2.7723102861714284
6221,1.1508716861397748,17.939478854613807,11.635372745803213,3.061889155934867
6222,1.1516820694090204,20.634795384972538,12.122454190776518,1.877413490336371
6223,1.149994252093091,22.532647859767632,12.69771481637685,2.5234252155394006
6224,1.1530052956657757,21.687833506159464,11.758596252906834,4.811085189362693
6225,1.1527882277569077,22.680901469394847,12.314427127535863,3.384374144611433
6226,1.156917448118005,22.693504970477733,12.481203060088827,1.9754277137476748
6227,1.1594287812851123,22.871335731491605,12.169757403938416,2.2680455263296486
6228,1.1580008384880824,21.735066287308076,11.820550642471447,3.024215959396093
6229,1.1596611239337116,21.28679773763321,11.93798237552469,3.8684872917538753
6230,1.1600127161947713,21.86004189838903,12.670783762622959,2.4099693735559535
6233,1.1678510062120524,17.942337272184158,11.522192205338056,4.693943456349327
6234,1.168212751462372,18.192387338247848,11.134715684197344,3.4320618845032653
6235,1.169807421282423,18.61237328700027,11.60158467011515,4.699047301156795
6236,1.1715685096184763,17.948842968745303,12.124422452090478,2.5391720126320587
6237,1.173800571350995,18.871220803849155,11.729500980120076,4.670969103298907
6238,1.178450835954768,18.68278572694217,11.33371755709932,3.2491382901898573
6239,1.1739548887762024,19.644148842731695,11.595813645602565,3.884035287015104
6240,1.1710274504552503,17.88507469488398,11.638824387352702,3.1344878987888714
6241,1.1675214414153787,18.289361884609605,11.963919597724674,3.585973091471598
6242,1.168811133643561,17.25667020513499,11.733832289769895,2.965404460392606
6243,1.162695004101107,18.985501936981443,11.843068286442923,3.1146054476960003
6244,1.160652580266494,17.080984530430737,12.094319526515369,3.051770303192728
6245,1.1587089890399183,19.310580375126833,11.824231639511956,5.5937062533454895
6246,1.161003623862784,17.899929925264566,11.921024151952276,3.6088198543202537
6247,1.157982526066364,13.637822065165214,10.67970400476325,2.943733475112898
6248,1.1536557795697888,17.84138205088585,11.77655705507463,3.095205104726748
6249,1.1506143759658138,18.752123838935912,11.906385211107118,3.098052241024783
6250,1.1476923374915298,19.456341325963287,11.884396236548326,5.041041480969802
6251,1.1462882217172854,18.08629205781936,12.323714813061974,2.9577896916950572
6252,1.1450310234303205,17.501050852415553,11.479107834580962,3.3540057214507843
6253,1.1372312578978097,17.276708840943233,12.713493113842537,3.496413597680253
6254,1.134157833041228,15.388129412862673,12.720247266204238,1.6680225288326984
6255,1.134265918351756,18.167042928861832,12.053633576784863,1.9398626070115699
6256,1.130040390508441,16.68070005934967,11.035470352194835,2.0044758525349167
6257,1.1372915017098566,18.48076132585581,11.36555907555645,3.1597118793481918
6258,1.1983375057744328,16.303702764659253,11.290463282121715,1.381133301771887
6307,1.1657148263676362,19.806142803123155,12.1959877976274,2.3613558576195564
6308,1.1592010956441492,16.18581029981523,13.691695476564778,2.755187573465745
6309,1.158484063298604,20.49104763154305,12.782168069128675,1.9780817131541981
6310,1.158386972864309,17.646003118681445,13.242846533565439,1.7122777500223325
6311,1.1584911409717196,20.61583729709097,13.104795554405591,2.1396395704435
6312,1.1680422348734205,16.52455826831392,12.368605160661774,1.9733401566219408
6313,1.1647616262309943,17.581857751949926,12.468044617480379,2.2019420050591187
6314,1.1638585176535143,21.37621465424278,12.979692685219467,2.572885826309427
6315,1.1662293132830155,12.234830058369933,11.33227086585961,2.617582140663966
6316,1.1641173927030461,18.11703300249955,12.620242898699253,2.8912598956881808
6317,1.1629439219385937,20.599693331433965,13.122634943005702,3.9345809838891173
6318,1.1654192682401177,18.295765124763975,12.468763204404569,2.7810806995589266
6319,1.1656397051407965,20.805716806296502,13.219753589463693,3.1049814118653867
6320,1.1651018864065463,19.539377354747625,12.678967775607546,2.7853116417655017
6321,1.1665010159509428,16.865167230652318,12.021955573990963,2.3908436497176124
6322,1.1674308414235202,19.041033405866294,13.071334375034725,2.2095244351365486
6323,1.1685621164250726,20.401084718962522,13.438323049912185,2.367193028530057
6324,1.16691067498435,20.27524993974981,12.638076016806282,5.380552279419746
6325,1.1673427535964804,20.786127849545927,13.123961986012338,3.397184206577839
6326,1.1749016513858292,21.146699708342723,12.907520196391607,2.8746753637720097
6327,1.1754467949375929,21.585995714720546,12.491552379276072,2.7474488362902316
6328,1.1764979175928931,19.919012020114774,12.483945101982762,3.345414548794976
6329,1.177647372966356,19.86517464425564,12.53819042670287,4.160559672384479
6330,1.1775024590011693,20.377031202526787,12.843053859816763,3.5352770973288457
6333,1.1819073705858094,16.620648983730124,12.268361899858524,3.9273746471991955
6334,1.1855594143932398,16.492619184938434,12.081548037047394,3.1316084418848256
6335,1.184414268609213,17.705541478566058,12.170420091173352,4.52283085177656
6336,1.1879772276937948,17.001872879852296,12.570572799220875,3.4361874437408897
6337,1.1924314377590195,17.38360039168496,12.168990804598408,4.699492670963092
6338,1.194909732189104,17.2934182440925,11.987834678249547,5.163605681268219
6339,1.1870993099050597,18.529790271619287,12.716384289512028,4.86074748447392
6340,1.18768405375266,16.551752140993845,12.187863040058451,3.498754322934418
6341,1.1803644951234522,16.93746187808688,12.661465437133835,4.50278876966619
6342,1.1830926409010623,16.064003795187737,11.8638357845192,3.2625824155432115
6343,1.178852600994694,17.83514907868561,11.858283960137815,3.1952721146108543
6344,1.173938021440942,15.5747773133153,12.633928397026413,3.5700858320474445
6345,1.173016685604589,18.038047821014864,12.219814797160817,3.802392914481639
6346,1.1719897868599976,17.213981670014338,12.26125899727866,2.9019820742476967
6347,1.1738196010181954,11.94193611278343,11.93164554660496,3.8421678786175035
6348,1.1714593859588929,16.097841389505724,12.146178204620284,3.1579158812507244
6349,1.16385171663047,18.069536764611424,12.388766513744772,3.1445873538441353
6350,1.1605736864772647,18.628786792389857,12.461466082644565,4.754206619091231
6351,1.1596097738151085,16.883631922579358,13.219038807722566,2.537314202936028
6352,1.1594225340076414,16.16399726150735,11.830447731211693,2.73691900708325
6353,1.1476871041788803,16.273896216033528,13.089457258113757,3.5823501887150466
6354,1.143066385135196,14.31870981963146,13.028754071058414,2.6634344730908817
6355,1.1436779868898697,17.607018353390096,11.929568053809845,2.2905514688318975
6356,1.1501391467289532,17.287463054571894,12.288546881230001,3.262883000897095
