7,1.1826882482152214,15.90875503195383,10.867617200575198,3.366210583466098
8,1.1768796850031809,10.765701433923628,11.84998245785847,2.403362565200426
9,1.179589633096377,15.83829986941661,11.716463897652266,1.722377225740855
10,1.1777183619147378,12.69124848639537,11.707155554505206,2.0187735261461777
11,1.1742064019255734,13.927345739985256,11.099895034557601,2.640427666495174
12,1.1745171604489133,12.498053653299365,11.34651643608028,2.417368114351587
13,1.1712885213968347,12.979332144759756,11.467398895315764,2.258333995332585
14,1.173344704325467,14.076429851772266,11.781361117821865,2.2552486372787377
15,1.173352030039105,13.281837686539141,10.975666982100547,2.0752258466086695
16,1.173328341322349,13.224290462221928,11.40745133956758,1.8699487394622083
17,1.1732059789890412,14.749521120169597,11.541538703889424,2.7062668074446963
18,1.1752532595700562,11.991180034956466,11.066288316341657,3.2588952802621223
19,1.1734966517410326,16.06948305307294,11.97862037116704,2.0932966226873724
20,1.1740100489741845,14.127221509482423,11.726646941571207,1.9049696790637796
21,1.1766386855928506,11.013547533234693,11.031086525119267,2.4361326349852663
22,1.1701397089871453,14.290725353186428,11.720169904248042,2.046226721318519
23,1.1701943768727292,13.708424785913527,11.932112166064734,1.9761629698213912
24,1.1739456345000714,14.631008445772693,11.706989794412829,2.2811298327009264
25,1.1775598540179941,15.136953054506675,11.370040727867158,2.1678690898118655
26,1.1794793197300764,16.40809039667343,11.273569073726538,2.1441881548644903
27,1.1823836555247023,14.5372458698622,11.652352326524062,2.160352794378185
28,1.1856737973410056,13.581848716082861,11.159868702098196,3.1422180286253534
29,1.1869577021140625,14.555016766103966,11.08708365656238,2.1729161745985217
30,1.188101776431144,14.361515394502185,11.709847346199224,2.239863960781062
33,1.189420310107408,9.411397879234102,10.201315313624026,2.0009952708626564
34,1.191478713819478,11.143542933799838,10.554565800166651,3.0156704281947
35,1.1868339428190928,11.333515583747541,10.537051751249763,2.252985468832349
36,1.1831547822744133,8.741281013063972,11.568440073529253,2.4542371556488294
37,1.1837002453322525,13.084832957952411,10.473616316058346,1.959768033463009
38,1.185966779295945,12.504345300793913,10.528073951047453,2.8752709381584016
39,1.1782025053112901,10.26598920732816,11.114111571400757,1.848997807710044
40,1.1748445248778527,11.206128436739201,11.399412323420131,2.3891352576408753
41,1.1698326887255757,13.766024990781638,11.609990948451854,3.0692596557504976
42,1.1724182765176727,10.226174244981712,10.946986217201433,2.1762170834025016
43,1.1675333986591354,13.498766439579029,10.999533433044286,2.1779465468220907
44,1.1616483746031017,12.08697215930476,12.700308321605153,2.753255646769429
46,1.1602474010555508,12.306045009764821,11.591045642761273,2.20755540756865
47,1.1641226594793994,11.716366432993965,11.576688500618461,1.4092395608130144
48,1.1647342303164478,12.145649999438781,11.428331996404243,1.46711194595689
49,1.1698484180249156,13.227337040449827,11.384357380763669,1.9945257398765217
50,1.1702304704954203,13.868843444658106,11.343864982533232,2.222269380171708
51,1.1709487013903914,8.844784430221942,11.71360984473027,2.024963452356633
52,1.1765095675705814,12.580840012200596,10.490561713805317,2.6089173608498886
53,1.1820305109099065,11.010047585138151,11.29465903085257,1.6149429538403064
54,1.1817731783388306,8.288826740797507,11.39453388843074,1.8116328015302743
55,1.1923118084727615,11.683794503473841,10.752271935965947,2.555736402660673
56,1.2043220314052672,15.29144379202112,10.08671415697297,2.8055472454260553
106,1.1683289659866156,13.257718410515876,11.053118413146358,2.373836133915937
107,1.1570217537776366,15.79436934888955,10.64293698391447,2.348778377148806
108,1.1567854640939306,12.041253002190617,10.951162756397189,2.4199105018350724
109,1.1564638894755257,16.572578521876256,11.468104935713846,2.5471492678273036
110,1.1584619237539104,12.821761732339239,11.18173989583141,1.8444528266899232
111,1.1535349125796885,14.316428218969346,11.356079758302185,3.067678015858901
112,1.1546991513911051,12.681448897295306,10.758428553722087,2.67632797196923
113,1.1584492474811465,13.043256096844873,11.0146997028571,2.6178584713669286
114,1.15396911435063,15.198812810375273,10.972070073750354,2.393543090512118
115,1.158586875065619,12.803982365821737,9.851766714166308,3.030001402775355
116,1.1564012859308606,13.787906818594642,10.40467960898526,2.081784694320361
117,1.1525064615754037,15.748320393551241,10.666943270017715,2.3483042432331898
118,1.154577102511958,12.078564202767183,10.630465854690687,2.819375462756556
119,1.1556042459813585,16.418676015413684,10.66774341184077,2.023069153824163
120,1.1560257143234025,14.303687162040212,10.850195796665805,2.2973216244219734
121,1.1576851473863854,11.017548680591297,10.111074171790001,2.220503973279576
122,1.1507315495636505,15.218812475412832,10.859889390877017,2.653693967988102
123,1.1521983180138065,13.885811059160673,11.097108973067193,2.5035585630432617
124,1.1547069621625534,15.351845099181693,10.703846633493315,3.273538334870189
125,1.1534500694301346,15.865205189178294,10.861308598037946,1.9950799963691845
126,1.1559281409190854,16.675849002128793,11.041651850490226,2.563929078558132
127,1.1594622381492568,15.227080483504508,10.682980415861472,2.1472699876755663
128,1.1619183262443105,14.344771446122992,10.331975625122436,2.8769861959676355
129,1.160537351799617,15.365620532341923,10.575185737277936,2.2758669658085866
130,1.1617700916092881,15.44159266360301,11.284535036955381,2.6435506838187206
133,1.1647066239391368,9.622203213712961,10.120056828971432,2.7048352965363716
134,1.1638557100367155,11.810070158116835,9.872583312830843,3.0906643448039617
135,1.161306743297755,12.21851324602831,9.958386259586538,2.88385668425893
136,1.1591365075099964,8.724433505988777,11.136619732673669,3.8250356483693833
137,1.15764287060125,13.957367045606016,10.269698291394537,2.2000130673208056
138,1.1653424136386896,13.123622730710332,9.75817200799875,3.554178907287618
139,1.1571369257800714,10.813882710318353,10.408375823604517,2.5872674813467786
140,1.1578088139408178,10.668334388493106,10.260303106967237,2.119636066066582
141,1.1488003575503487,13.262169706032212,10.526783346331515,2.7770608632575042
142,1.1562066041941534,9.996038237239853,10.108968295457073,2.4745981539275226
143,1.1491522985557578,13.953878941174784,10.11716810581771,2.1620391874201537
144,1.1408773518838973,13.166017782557473,11.596027245282704,3.1663475802256014
146,1.1478385246029923,11.674174092830095,10.75516991348473,2.790391908097
147,1.1520371538136513,11.475660674752504,10.068036929365482,2.324315768826701
148,1.1496370557180722,12.000884993473194,10.468173568265861,3.243411076064204
149,1.152163917094817,13.249386512967012,10.462767499323421,3.0944405193323576
150,1.1530213257755522,13.965376932238394,10.419421441060363,2.4998644289794565
151,1.1538281160940134,9.367502279863947,10.794280681199949,1.9263826958860994
152,1.158501458799056,12.264337372083764,9.844362642481592,2.8241035547730426
153,1.1546402061051497,11.11700678453556,10.875871515508514,2.449116665857693
154,1.1591099469174944,7.778310811782012,11.091350526726764,2.5017750870554996
155,1.1611280461361417,11.716419752973955,10.333226927940693,2.926058552131091
156,1.1697322121766995,13.802165633864218,10.26237424966433,4.084599312223325
157,1.1840825926775784,16.64842188804674,10.121641406083882,2.057067117604914
205,1.170070543420669,8.668011910472801,9.642829058144615,1.9658645270375072
206,1.1561924726720352,10.871113407037708,10.040184358637925,2.8641182476633356
207,1.1528284946254193,13.48088238468847,9.7653186282429,3.4425553355257583
208,1.1526592107088591,9.718960715086794,10.498853158409968,2.855315708320287
209,1.1526011865346566,14.504369827094552,10.937118736181837,1.8989184862260762
210,1.1509680451488806,11.220483582375712,10.652822907787943,2.842005674401364
211,1.1496918197637154,12.103823146859982,10.32873307208615,2.1603126196530695
212,1.148167584338017,10.702037932434907,9.811303709999585,2.0507754853215974
213,1.1486391787350092,11.513885003346847,10.497076645924706,2.8988014076730484
214,1.1490496209556333,12.942548626974213,10.199131039180488,1.871143522292345
215,1.1502191844006913,11.019228174663946,9.806964972373569,3.0215857517217373
216,1.1495169639753093,11.925790465803795,10.150829251730672,3.4706584936106157
217,1.1469825367463131,13.80073019805943,10.405873786995441,4.941083527838677
218,1.1473473803013958,10.467224870961473,10.04766068772174,2.5450451631663342
219,1.147659613281709,14.624809423884397,10.239568315413475,2.3037878927721778
220,1.1477486550159355,12.565654490412026,10.387157424530766,2.1811526544874984
221,1.1493354684848498,8.855774258517885,9.470927254918266,3.4138736117995334
222,1.1440257235876379,13.293701255559922,10.331980692061455,1.8125094295415252
223,1.1428391289579398,12.324728249872994,10.689929988553537,2.2891576063119925
224,1.1476188466297,13.431981693031648,9.943082224287306,5.356949256938593
225,1.1467130802792591,13.816392957128572,10.618575506406692,2.9365020876649983
226,1.1461424304258008,15.117846399117083,10.950010466997062,2.498036322653567
227,1.1493341474257956,13.776419027160479,10.533065462438776,2.084654042375694
228,1.1490577342774708,12.613826615775784,10.432058624921469,1.9574119290438121
229,1.1490845659268247,13.734029282009084,9.587681648504864,2.179587608596761
230,1.1526853372131554,13.680397553233329,10.895907122936622,2.594821614486531
233,1.1502556840417388,8.124564631242732,9.619804770347093,2.7734391340104625
234,1.1532055932606387,9.900518294516944,9.791399810283803,2.6241507828514505
235,1.154016614683298,10.391772317086271,9.732710697985132,3.3939617976797476
236,1.1478380013900673,7.541815731595934,10.897906292781304,2.6164237557375785
237,1.1464152851246519,12.252270816936209,9.72731228716431,2.572872693444358
238,1.1542492694076396,11.475416787582931,9.422423297105999,2.9131867118056163
239,1.1489551330450027,8.437750836948277,9.742315058017564,2.827473822866932
240,1.1443085498309538,9.32109504039312,9.701776328708915,2.1367010076437554
241,1.1404258254596427,11.485687195441487,10.508133693683762,2.323648291360006
242,1.1470675918884907,8.166367282319419,9.407778805059621,2.215558448164717
243,1.1403067790604708,12.0260474524328,10.090055894593878,1.7986347534615441
244,1.1270317342603007,11.388515146615342,11.116085149655245,2.882461721812558
246,1.1407524919193741,9.576849569328497,10.040282518792036,3.093579474873494
247,1.1420616401565824,9.54639849999602,10.170867084305607,1.980440954031891
248,1.1443707914106667,9.97722860786127,9.827821228134715,3.1133774217846932
249,1.1471521637836202,10.842104530627816,10.082899947046576,2.2116509993738633
250,1.1458826626402585,12.199161989428289,9.946696671992417,4.693782827830726
251,1.1445053314233402,7.72018562053538,10.160452014479997,2.1044810066793005
252,1.1489083977163752,10.373017548042728,9.521529583525782,2.828895645811182
253,1.1463712565854216,9.202480594740932,10.663288352234504,2.1507766738043372
254,1.1498495016379344,5.805405650903726,10.606840347111966,2.6154383796383476
255,1.1547226069146967,9.119086858736207,9.63963977765724,2.479073708491918
256,1.1551675185684858,11.16694698979312,9.189353694685742,2.827168116739632
257,1.1647455252694427,13.044711115143977,9.271368546286322,2.8973434809346137
258,1.180858609273374,8.653447248357466,10.478552193977134,1.8100825488642414
304,1.158297738081944,12.498991311987739,9.680887837941784,2.4583097278090573
305,1.1474536064221046,10.479066466156135,10.076679990956759,1.7751717827041757
306,1.1436790070625906,11.861847776127178,10.748530737389993,2.8000585739505603
307,1.1422309771031012,14.475973648470312,10.360772219460019,2.326123135911807
308,1.1417008787886536,10.59247281669897,11.011540246610435,2.0575845143410194
309,1.1430216722190283,15.234898598610512,11.420782072884267,2.2730725341231226
310,1.1414463602882239,12.130335974052434,11.329962269444644,1.9662958227622749
311,1.1388538367707874,13.020412466882846,11.080055988101382,2.1618205730620748
312,1.138443599500225,11.871326809275695,10.23392909178447,3.2755009260252943
313,1.1388916811737808,12.38499809021586,11.028678062973185,2.531748046092814
314,1.1391411490117909,13.741659892566704,10.715263146681643,2.051624946408215
315,1.1430694392301293,11.634598262315569,10.121603693115208,2.4990755586807336
316,1.1412719716726012,13.205240394755622,10.099968709942404,2.107250535275717
317,1.136757625186991,14.291014379151743,10.824831263677869,4.327471604030271
318,1.1383002587715554,11.498311121897734,10.234536614136195,1.5509481741802238
319,1.1386007811125787,15.232561672444584,10.903730097778277,2.198110819233749
320,1.1403501429067142,13.332168376256135,10.647738612446847,1.7243624284492578
321,1.1376852519356375,9.869568837898946,10.460930745269643,1.6006943279827488
322,1.1349209015474293,13.955080811288278,10.602813529267742,1.9958959852973792
323,1.1328106808418894,13.35255056943158,11.345123874607486,2.0992017275188277
324,1.1363450601887188,14.396230861103351,10.575989444142913,2.7255739428461467
325,1.1358992557335224,14.532584680423435,11.213816849505562,2.2346090755081836
326,1.1364074484135331,16.05537449269998,11.186133820410708,2.0769462566494
327,1.1360851581304623,14.78088614536974,10.949661675329754,1.6190879787830252
328,1.1391330089614589,13.476497643024999,10.54437275473909,1.7996236146722295
329,1.1365207632245113,14.938098679319628,10.401254312125422,3.2344974770470296
330,1.1384810172632704,14.97027619897244,11.18675386342423,2.0078115890582144
333,1.1401621794840489,9.016814907163626,10.224393105396594,3.6270867569182808
334,1.1413902747295006,11.231341976228887,10.024791619357504,2.5510468380401403
335,1.1414870758451277,11.39072095361244,10.210541068733459,2.825485916995202
336,1.1366655962277559,8.645689615122926,11.265432193798679,2.2983793959259833
337,1.1332286909022244,13.716639001570712,10.059777054640781,2.1654481362439526
338,1.1430433111623701,12.442975323025076,9.451118160048539,1.7305270799254304
339,1.133214172441795,9.973565198100234,10.294086381469688,2.710557786694966
340,1.1354109276462212,9.932223925802218,10.0892662409145,2.516564918177846
341,1.129661628886738,12.595815367408449,10.632520537050347,2.1514370515157095
342,1.1352089332350273,9.105283570843103,9.939692902875866,2.047354218884172
343,1.1296087381506887,12.992364719086476,10.314127984876192,1.5873405113648267
344,1.1171667765994457,12.362392945164048,11.598210470132946,2.273106969321419
346,1.1294676073103356,10.335037920053958,10.672508418002693,3.1124431318409953
347,1.135202397257515,10.48722711408816,10.183758121788474,1.7205911607429085
348,1.1319717444952138,10.755571790230992,10.410818669054882,2.640898193492861
349,1.1352452889656066,12.355394496244621,10.842829605786832,1.7059115566083882
350,1.135888577116866,13.09713803716503,10.31919133998765,3.123197209586839
351,1.1334531405002815,8.48678828943106,11.107402181033098,2.1883707411116653
352,1.1379592303935382,11.214213272596545,10.122465550751462,2.677066214598714
353,1.1357898404971383,10.292834414251292,10.871629895482162,3.0684551882063023
354,1.1405936662460519,7.014877003088277,11.021713380916893,1.762011860327686
355,1.1419348543735481,10.314934467574034,10.427925733242377,2.2724722767053356
356,1.143908580314539,12.521601449296426,10.03406379273781,2.804526531775682
357,1.1482101574036174,13.949747815077846,9.808322687016405,2.940508237920649
358,1.1530766831596453,9.302607231968302,11.245730789124599,3.29085462390344
359,1.1732896150728747,11.20787193586665,10.363198128992867,2.008638634929484
403,1.1577978108480225,13.790719659330973,10.7838444776967,1.976728662165535
404,1.1399477465988168,15.595207265801525,10.465141738734818,2.8804444531670996
405,1.1371688317460322,13.576600461836948,10.431957551190925,2.296184927065855
406,1.1357523222225763,15.554737353797856,10.902400967606518,1.9579338948647897
407,1.1366800123782779,17.269468003325102,10.593066383340673,2.2443974814890053
408,1.1365523846919476,13.515496171177585,11.030384062605076,1.8495236460247138
409,1.1355864938242322,18.97213581869467,11.671664321369587,2.151744139833315
410,1.1346010383760714,15.189110406148314,11.311367182210963,1.8462635428793992
411,1.1328623938547293,16.648109095130746,11.036237832212219,1.8785796642272636
412,1.1312351219134682,15.061052676393416,10.817165520506391,1.6500920887074422
413,1.1329893905149324,15.484000535030894,11.094514033834162,1.705045778274807
414,1.1310166364086045,17.49811736610888,10.845244394674676,1.990084834433681
415,1.134676616231764,14.975592518471544,10.455392948123043,2.471889240145371
416,1.134072424638306,16.102149963806696,10.79681331369781,2.399125584197663
417,1.1311893881376456,17.58273319203376,10.950151272621719,3.529786346411681
418,1.1317161334988517,14.598263767404422,10.52092494552999,2.1116416142413676
419,1.1304201013809962,18.689832599592176,10.778675768108878,1.5458697167554645
420,1.1314985671640168,17.14450172887152,10.837447835352966,2.1104850736519225
421,1.1298184615689326,13.448556327186708,10.594658207992284,1.8070830697053892
422,1.128981292451498,17.16436870991574,10.863237210111658,1.8057272399206101
423,1.1266141303095674,16.41928965344968,11.490619422612994,1.611794563132499
424,1.1261619099512599,17.85236909673128,10.803611541690458,5.740836595859696
425,1.127781422508771,17.957107082027232,11.632846840238496,1.8021071179294954
426,1.1300324324310946,19.16872399032683,11.049986430442697,1.8222818891187273
427,1.1292169983327025,17.938217033108398,11.03717106953071,1.9061830947804248
428,1.1308612861431586,16.632279508604082,10.734704777332281,1.642580783493485
429,1.1285881258560535,18.06288180615029,10.954525852157179,2.5397897027617207
430,1.130764592853847,18.21291661320149,11.390004364261566,1.73193459338592
433,1.1298229228726386,11.955207403018962,10.38233168878833,3.2962925531774894
434,1.1315502784498332,14.409143339971294,10.577979160576273,1.3736218080346365
435,1.1320684194196138,14.56352483532869,10.705281388810011,2.7697766567600386
436,1.1287902554419547,11.593047233279153,11.571485477749643,2.441167946756857
437,1.1238205640330972,16.788300234624156,10.398103305154129,1.9951762425516542
438,1.1329104711452136,15.500195532959085,9.893352739724593,2.017076622171201
439,1.1267418441150663,12.695512810240894,10.782052526020205,2.168956294774548
440,1.1251684728833744,13.290429559217568,10.710058424563842,1.9609186713395221
441,1.1250830044182951,15.664037269109912,11.005788057044601,1.981569741628773
442,1.1272568025504504,12.353447503618971,10.179618100242683,1.3330450190153094
443,1.124736342708382,15.954365893660452,10.560220705853606,2.236463697695849
444,1.1083478303804684,15.705969045872484,11.691136273889983,2.8475636287722725
446,1.122444021152457,13.576262058530531,11.003354432948973,2.654498277641571
447,1.1262098270908005,13.648824986701717,10.56978281325966,1.8758346003005464
448,1.1247693991676286,14.221160192451244,11.044257890050208,2.4794596513988965
449,1.1278207328276626,15.231962282048967,10.86530173175027,1.9688547038555906
450,1.1290721396308852,15.712345273920153,10.690892366503638,3.5924170682437153
451,1.1265135534529582,11.856693723363039,11.33162904550768,1.903535294441528
452,1.1315915381904154,14.586879787994006,10.058762966905004,2.2654952501612007
453,1.129931350628567,13.346382430205146,11.266429733191785,2.339834027090512
454,1.1312815092182489,10.122046406579894,11.7728010443517,1.829977782352049
455,1.1331414672227254,13.905496901900648,10.489539200523609,2.61126347658524
456,1.136232053961913,15.394418433708978,10.291439760367464,2.6725248189297055
457,1.1383941497066499,17.246588593552858,10.260967228362606,2.485494757021769
458,1.1372111040914437,13.071365034852931,11.436989797104337,3.11993229487463
459,1.151022787426315,13.91506898293364,11.128587143553831,2.1833728270079673
460,1.178833792388987,15.352175240157049,9.23458969155696,1.4607804979974441
502,1.1545916790250867,14.89068708310586,11.10899785711786,1.4652193401177338
503,1.143391031611735,11.80945480815398,10.624541861187932,2.2568317794368724
504,1.1327717724801567,13.21941140765941,10.502652249353744,3.00389357818044
505,1.1357181942125545,10.916969091974966,10.68667165525474,1.7941981599156351
506,1.1329481541166602,12.930221536447013,10.90493377784516,1.8923188403927595
507,1.13286253708928,15.200055537616118,10.284344949666588,1.8413870818387286
508,1.133038872856765,10.957524475707029,10.922029213639743,2.186917139575671
509,1.1342599863182463,16.228072282271164,11.344897796379778,1.8598897950117281
510,1.1292305232976738,12.74677480464819,11.216791333525611,2.119801614794613
511,1.1295714942531825,14.08935651163909,10.817434164504649,1.978837075210038
512,1.1275112846651454,12.350277155801892,10.578576388985061,1.792528983016703
513,1.1282728075550348,13.436105229013112,11.029689769646929,2.364206262947318
514,1.1273408389901316,14.711886953034021,11.197363461496591,1.5425669853824255
515,1.1297231567339947,12.601818917179884,10.70315107101643,2.2661767687410412
516,1.128427753577233,13.665583909497734,10.782054527087245,1.9134528604790941
517,1.1252600346037278,15.414880087745239,11.173525501308452,4.271277202797442
518,1.1274496111394101,12.330533549052578,10.631631435297368,1.955273409350824
519,1.1259871832722235,16.043381280858625,11.409709697312616,1.9545273473980818
520,1.1262809177466153,14.611604524229426,10.914562485838886,1.4716881340852423
521,1.1241059405691687,10.841176510768216,10.5532243201106,1.805925123934232
522,1.1236122112988887,14.893993687154964,11.202552760538543,1.5788693748761464
523,1.1221442282914877,14.092058895345057,11.418705728423296,1.6735154685100564
524,1.1231002949317217,15.306732108332728,10.829437191524038,4.601747755871302
525,1.1233720396271698,16.089300688012575,11.019923385696616,1.7555024956957797
526,1.1244334559580218,16.791071637578035,11.284992733000374,1.5574586688282435
527,1.1245230528015042,15.630190268358753,10.662254090125657,1.3540890841678568
528,1.1265254628149837,14.33230300573982,10.946343642068824,1.5661785874113456
529,1.1213238593470405,15.784621154994081,10.775923831714035,1.506022543494869
530,1.1218576630519268,15.906216377782709,11.439156871096412,1.4918813128329236
533,1.1238553101015987,9.571419400582666,10.29867162236103,2.1901510153827486
534,1.1267866509877127,11.995296162278812,10.44723668472561,1.8195062198683531
535,1.1256465315218165,12.204138049861307,10.898990191538893,4.6080754606284975
536,1.1218979676638354,9.493462069912871,12.081255217127918,2.1848503068365863
537,1.1202806891118464,14.265570786348121,10.393624781947162,3.4841016027664344
538,1.12783097735213,13.0516255967529,9.88130017478521,2.217897117000061
539,1.1221111544726863,10.29977213745363,10.932785907726457,2.6524913128828636
540,1.12393542080194,10.82344512174327,10.28103004368235,1.8970973739319634
541,1.1162111254986822,13.707334610711612,11.194860053693814,2.035421163897366
542,1.1247230151754184,9.65313731948186,10.089613677515525,1.4008294498946472
543,1.1188092659996296,13.751261171843696,10.3530128721996,2.7380267923783683
544,1.106859349460546,13.017595256035456,11.415589944428737,2.9246013455208386
546,1.1169795779057197,11.40510226576378,11.041817088104638,1.9061497960350995
547,1.121454138595398,11.36524934451478,10.372199461327824,1.7854922929559809
548,1.1215672238455061,11.658437316004836,10.58618702848039,2.1375098297969943
549,1.1227418409853323,12.992085001626302,10.861145746449273,1.8451481713504037
550,1.1226858758792289,13.84879280387866,10.444410949309928,3.9323516349824787
551,1.1212499434167367,9.481368332156999,11.554045142051029,1.3367579079335836
552,1.1256273163903292,12.236199218533844,10.393833871298053,2.685157409057017
553,1.1241464633684932,10.812999970274811,11.464642708690938,2.4283079355765502
554,1.1267765052162864,7.618617286887321,11.358890173495864,2.08395991362437
555,1.1305613647543367,10.918065625831083,10.684243888923115,2.4264441409244135
556,1.130722941258553,12.765839231553958,10.19035487152052,2.292368414925273
557,1.1335136588934,14.73690055573378,10.287414255221842,2.6405891648601547
558,1.1331956122786597,10.333287341354202,11.735440922048642,2.177727249936762
559,1.135393681164379,11.782953339233327,11.003058850085637,2.157107948110666
560,1.1566380678030064,12.820139593939103,9.425328955808004,2.5751809333536144
561,1.1750732506511317,11.452436308275702,9.971892216079572,1.658658284606055
601,1.1678721286900073,12.254074406640227,9.7481025157054,0.7661297103999494
602,1.1509487997286896,14.470818732909233,10.4695541396304,2.1380433619787116
603,1.1443532307750788,11.4137934757849,10.218832055731626,1.790293090467408
604,1.1395454170612802,12.94674063748072,10.14098244194865,4.414852243767062
605,1.1433707561540685,10.848416649285827,10.150795814875815,2.3134102864779114
606,1.1408121096361352,12.522716209752932,10.353836532284,1.8167387881091897
607,1.137950950492332,14.563878945625492,10.555300768520736,1.8478247735682154
608,1.140258124096709,10.670576232302542,10.63423490678911,2.0731173357326838
609,1.1365813770382243,16.19849149484667,11.300454992773606,1.8284469722519927
610,1.1361607610433455,12.65595783534156,10.996363308239959,2.0138715438269146
611,1.1331184504430722,13.901031746787856,10.780952746242988,1.6718935738315295
612,1.13280612835261,12.117679497597651,10.630048088131227,2.1439687139555454
613,1.1338174187558132,13.021236277495229,10.741810345849375,1.805971169117628
614,1.1331438122450874,14.887444366284377,10.837254641486593,2.197365776591509
615,1.1340602177758925,12.538679175438697,10.093052029319841,1.7061777525456119
616,1.1337847964763288,13.482854160387463,10.735981614569372,1.891310120430201
617,1.1304742872449378,14.942859986678489,10.893114017989998,5.7564959958645945
618,1.130737605035882,11.963599160030373,10.35227187271574,1.740910993742066
619,1.1309279383845396,15.833360383229696,10.938792929795643,2.762780886064502
620,1.1328619477775512,14.298196416442703,10.789092174925031,2.420850533214053
621,1.1295654615600215,10.345139653975856,10.057824804010995,1.6085315682951278
622,1.1329615030959321,14.47792989566424,10.645557565716711,1.7189268458386113
623,1.1260624640729546,13.798905682811924,11.42747053203041,1.517063921724726
624,1.129387281368512,14.958341459376886,10.483667005977486,6.794429694446907
625,1.1268522475220613,15.493007779911492,11.08074383362639,2.27128029989014
626,1.1292883713120734,16.654802935126742,11.323595698368178,1.2697799500957077
627,1.1291960771035021,15.370596874551525,10.828033428640238,1.536964735171764
628,1.1296034745127292,14.302073579658819,10.817070888282295,1.381787317418683
629,1.1275397072245306,15.397995607359025,10.602730468762939,2.471625045461352
630,1.1304461023004841,15.515731883789687,11.185639583851675,1.4903740363660123
633,1.128514699478634,9.41472123264665,10.284298433181384,3.609752343820308
634,1.1313692235069477,11.802597935389088,10.374393391397023,1.854479822355992
635,1.128871987010675,11.83777833158066,10.482582072043812,3.546591533348126
636,1.1264397786601938,9.057755414134236,11.595247467192763,2.0433796765149617
637,1.1234245930565148,14.028991801636122,9.788293391954127,3.2261229730050207
638,1.1313151578938114,12.869730888889986,9.774497402070505,1.8888421521752083
639,1.1242934918399847,10.360169916076032,10.841933267531527,3.4401725736138924
640,1.1255680584204772,10.753084183602681,10.294932580763032,1.9612271662627652
641,1.1236308262617984,13.296824681269783,10.921594067216207,1.8041614421010965
642,1.1288739728851895,9.315209419267838,9.882828884713517,1.6600597592897766
643,1.1254266112243294,13.280379498201274,10.595162774215126,1.5788139085379456
644,1.1100021256626118,12.621391386850009,11.360638804884083,2.0732362395002166
646,1.122787663286007,10.697805283363353,10.814457035576137,1.7507045726765977
647,1.128377323832664,10.802318215136392,10.497005662314196,1.5381328972199757
648,1.12644676488981,11.561729417890048,10.650679680173532,1.954507166829176
649,1.1299748833393308,12.371966089436311,10.756534686241771,2.06574689069439
650,1.1270504556142305,13.260295568578007,10.520346138563275,4.492465073415913
651,1.1260755914423413,9.218522233713703,11.024787653317238,1.842106642320347
652,1.1322015402991112,11.690912501492877,10.224934957153618,1.9766850165442955
653,1.1287250089130496,10.129546788582717,11.227024111396462,2.622980821058715
654,1.1307726123318647,7.370806226570449,11.142474979189116,1.5348159315311518
655,1.1358291327030032,10.794605401311442,10.280430218633782,1.9592016273588049
656,1.1371323247958787,12.521514621364817,9.889246691863592,2.1419661608080767
657,1.140154864724699,14.196046283247822,9.591991946735108,2.197627744793088
658,1.1371879842473769,10.224418131765876,11.423982227202478,2.1143171065566073
659,1.1386985268702288,11.44907790034799,11.40348384882183,2.4367717647305263
660,1.1520108047876,12.067455423728227,9.134860375164036,2.689163238853561
661,1.1634017067251614,9.608104464825491,9.862390348203126,3.3103555262682423
662,1.194168011721981,10.023948946933873,10.217852849378964,1.1159493854412037
700,1.2096886754862082,6.102804751930903,9.58305769235202,1.8120746639338918
701,1.1467923305340724,13.7981061320457,9.971134137154863,3.1636916918676596
702,1.1373186665896091,16.36635081362118,10.696649786935303,2.8365909233034428
703,1.1359338351700834,13.125327467199524,10.564305470765,1.573558803801773
704,1.1314794228902976,14.221904544851695,10.384328791816616,3.6512589852328876
705,1.136316538446358,12.015606728978454,10.137131493139615,2.4279931941551274
706,1.1340574019743062,14.05190978851412,10.499283484317216,1.822391150325847
707,1.1320127519580296,16.105656237133545,10.730828559657692,1.8747549081220778
708,1.1312268481896395,12.57968347761186,10.800921041869156,2.1035227526507625
709,1.1319050633363337,17.631291123339324,11.440039627024829,1.2970911309876483
710,1.1283495109696384,13.91901802085368,11.036958247712354,2.3333657502644076
711,1.126288754572373,15.456628088007633,11.12731348150541,1.5645424934976453
712,1.125406849392792,13.816202638290974,10.400703814091822,2.1138711860870067
713,1.1266996671162326,14.112740284834777,10.558475576154246,1.959250001230441
714,1.1258644747699522,16.20370362669744,10.671916841703702,1.3540710348845657
715,1.127575306834499,13.899729536449296,10.196599922881447,1.3221476989801697
716,1.126622056057719,15.211567916852063,10.402341580210965,1.9391062034731485
717,1.1243423221067737,16.571012705489576,10.847065381998535,5.513571856474718
718,1.1245779218143321,13.389980544614268,10.54377897197716,1.7361906961328808
719,1.1246889148071095,17.41097214329776,11.07784442179498,1.6414299336281561
720,1.1250987781908566,15.697778324637186,10.553057551296673,1.6585245258593286
721,1.123447490729089,12.017774737235916,10.332489454949075,1.630285327526756
722,1.1240938429721876,15.91572952277658,10.767876869261578,1.3627772100657918
723,1.1179180224952905,15.494051749648836,10.944474379453354,1.719166623827488
724,1.1214172286923771,16.674827492491275,10.603768450006783,4.705450882735265
725,1.1212213874274402,17.366272212713902,11.066975266361423,2.868992235719729
726,1.1226074905039372,18.388096696301947,11.049537928955573,1.653364194265622
727,1.119865232648259,17.106422286261814,11.016476469854258,1.5563951601098505
728,1.120630397630731,15.770604863751029,10.46326646121339,1.946920756802713
729,1.1170118012456662,17.145935436327512,10.475667962598239,2.2390703661582143
730,1.1202635408339128,16.99336234871731,11.540979463278992,1.3186341996299755
733,1.118926713383467,11.012346635456671,10.289825602692504,4.444461204162737
734,1.1226620288334075,13.265731101473467,10.256445078128765,2.0132039004183437
735,1.1224547885399538,13.529595575547477,10.514074251784011,4.225414730626567
736,1.1205009127852268,10.566929265817734,11.512264642331012,1.4941384388975245
737,1.1177502857418904,15.415504233711893,10.27479956979234,2.650169734102697
738,1.1231378705738828,14.478683089464292,9.693641210715265,1.7058713697106445
739,1.117085483570837,11.642069430779006,10.701856913526976,3.030461255152313
740,1.1189779249817495,12.13294841098848,10.65948126024102,2.246613492552151
741,1.1169967246346313,14.23764544740488,10.912380866971837,1.972315440988115
742,1.1208952673121781,11.127233184271907,10.00303892328575,1.9297610111267478
743,1.1159765978708802,14.988398989426058,10.50953635322497,1.7028743863697755
744,1.1021190692311151,14.497729919330782,11.33397028639619,2.6038989013264646
746,1.1164549967619366,12.318361208122061,10.971496874236024,3.1533743688928446
747,1.1202334745018758,12.118048800118768,10.137595858904895,1.719261741576205
748,1.1181188655212602,13.08810814290729,10.688290185385311,2.706871336860412
749,1.1230064420399613,13.776621558566408,10.269369791165733,1.8660931495623294
750,1.1213456061631033,14.582549876070237,10.41828652307217,4.998662413623691
751,1.1189187001499266,10.47835506540727,11.284838209043023,1.638476826584218
752,1.1233482008780125,13.32510739818112,10.24757957830386,1.3283974666207754
753,1.120946776577693,12.070073097410209,11.125088449580149,2.2913715646423882
754,1.12390892175396,8.774840115942286,11.233334450828513,1.7583199352108387
755,1.127488268101503,12.398784759976035,10.385841359553188,1.8944766563679858
756,1.1292716564962593,14.098979361190512,9.882159320482439,1.8636549538696976
757,1.1344279059544238,15.640729613252917,10.007376227171227,2.587405067170527
758,1.1293551567844595,11.543128297764909,11.76183400395476,3.2051738313270506
759,1.1312607904036782,12.90402437669282,11.498816695961231,3.342436709370993
760,1.1422706621897456,13.577641689473994,9.225056268216017,2.9646280909400193
761,1.1420722048933583,11.265515898464269,10.51698433350159,3.3031054786109504
762,1.1620494773508139,11.138836479139718,9.574841770100399,4.307978542464368
800,1.1641163765167137,13.939258214668564,9.851229037469992,2.742801453272488
801,1.1315681675364355,16.00727457048782,10.952229409156578,2.646324547698424
802,1.1284872719362735,18.05740333888293,11.623667230920256,1.8327774222935702
803,1.1283897593685506,14.244273683965854,11.341604154319198,1.7519409173623588
804,1.123643943491126,15.562562778517707,11.386731286710072,1.8430493943042119
805,1.1294487567846474,13.390334969425021,10.933958810511863,2.6069736181107617
806,1.1244098952978212,15.31005471700836,11.194342317536558,1.9927982851761232
807,1.1227896160965025,17.316585717099972,11.300022383783505,1.4542828840931332
808,1.1228312069784476,13.643609106999861,11.6078525546673,1.4076763669718444
809,1.122372056197077,19.211950672201144,11.95730744652808,1.6963745087360678
810,1.1194409563762977,15.506416744419102,11.879356761759116,1.6417947457834787
811,1.1181668117418604,16.672294460662194,11.534917708569726,1.5807550019058452
812,1.1161986047323436,14.887026433937896,11.048108516483527,1.602548740138355
813,1.1176091415518292,15.767066144846718,11.602196344184474,1.8846434540318786
814,1.116503987368693,17.464405134962774,11.785345716016842,1.2509193934352045
815,1.117884835323928,14.98249147559943,11.033602332212165,1.9682355877821154
816,1.119856446909726,16.387442301101466,11.206597822572776,1.4081222776707656
817,1.114252541330653,17.935210092440375,11.686513836974125,3.0249484692033084
818,1.1171261876065732,14.766070659545873,11.059819883647585,1.8000638612463558
819,1.1167659955130933,19.049230484177095,11.840014823322017,1.8738256406880165
820,1.1174735017482778,16.951025121510845,11.51384907884039,1.528441873868465
821,1.1143182608485733,13.254199174362496,11.10987976507176,1.3843301710776978
822,1.113886942144959,17.607525350673527,11.50003831919804,1.701462322196658
823,1.1105699821242567,17.523922667334514,11.695758890016496,1.2992088039504948
824,1.1110729891693891,18.32163227593056,11.188951779670774,4.020878360667301
825,1.1126795340473652,18.698576955387914,11.63539390226641,1.2575867143520068
826,1.113189987168112,19.463506743117964,12.012403630969372,1.171595829624761
827,1.1141335781724069,18.67384984466623,11.384569264020326,1.4365900024940321
828,1.1150876251372273,17.061298888336477,11.577886920323184,1.520936392185927
829,1.1111970445211456,18.442833049510963,11.562104551199889,1.6160998010007517
830,1.112697998330009,18.69135716275629,12.028238811430798,1.307709278728706
833,1.1116048338654743,12.537171397387088,10.918629122537773,3.039240897211767
834,1.1135848364213392,14.811131864009239,11.09785877114147,1.688207569707413
835,1.115526618483762,14.74223334437598,11.270212523283478,1.4043304589496262
836,1.111877387242294,11.929025595262543,12.454556153728012,2.276343708543285
837,1.1088502908344482,16.790725347639018,10.957320418333072,1.6328533641265224
838,1.1163988226000847,15.410563388267468,10.443847984617129,2.2170957138301777
839,1.1095425956052876,13.210740157402004,11.296507808218433,2.3420162246464575
840,1.1090975687418354,13.936159798837034,11.03288800871727,2.139952043010752
841,1.1066389279812334,16.30836588136018,11.716934057978472,2.066315891782806
842,1.1110406785357676,12.509277869460446,10.878281568331216,2.0430703985702716
843,1.107725462229606,16.51974486663466,11.06009370784172,1.9642929474422381
844,1.09436236603543,15.92486834338055,12.266879551864267,1.6269110412338867
846,1.1081830832088395,13.927788859927395,11.50196232917012,1.8657322612913998
847,1.1114884360910924,13.91640581934053,10.78810082130806,1.1645965936407836
848,1.1094754738226535,14.406961932220884,11.545614836849078,3.012208125504456
849,1.1143468488803507,15.493883743737452,11.57991056295496,2.149348104899374
850,1.112046178544772,16.088184727777588,11.600705056500393,3.6185317324758177
851,1.1108035582499582,11.978818261292153,11.741196903882464,1.3474845824655828
852,1.1143585748210103,14.861441648761135,10.879510958648204,1.8026941581995628
853,1.110971734840607,13.566509227848842,11.852043260509307,1.5224865495713846
854,1.1148981776657902,10.073291519490079,12.125599428717345,2.3631605973233007
855,1.116297417470691,13.780474136295318,11.590940785282012,1.6689977422865447
856,1.1200171283116456,15.312621324979837,10.668883900866176,2.498769785672626
857,1.123213037028878,17.035410624275187,10.844304952940641,2.5023428186062784
858,1.1209057446968842,12.972484244867843,12.383108072561598,2.6292794560838555
859,1.1246204723442639,14.122513297315399,11.867644302350735,2.658792379849327
860,1.1333830830268736,14.853324945258535,10.267387616052922,2.6458935064763045
861,1.131813991439577,12.942594868698992,10.868496561202608,2.9704925850299233
862,1.1475565084278898,12.875727106971285,10.515291168082744,2.6649038069608975
863,1.1714216240707704,16.962725073316335,10.894073912231958,1.726518370644184
900,1.168202912817677,12.077268767627418,8.078920061701332,3.912283380486193
901,1.1353603752358714,14.662077561543887,9.93073101191059,2.8889884809822717
902,1.1335282211738968,17.038550168097167,10.615612414844772,2.463540562998746
903,1.1322806507639822,13.581341100571827,10.26815305264368,1.8414899508472409
904,1.1282617134578736,14.42583631941992,10.445246276236153,3.266529447328872
905,1.1317975374703773,12.369174402352002,9.956553164116748,1.6910900824992525
906,1.1285442237251655,14.171321257765452,10.295821431363649,1.4415169409624158
907,1.1266763064549694,16.29317945233218,10.224588156857257,1.3839007577072462
908,1.1251163060337437,12.907144323265287,10.434498211893334,1.5862105594588798
909,1.1252658127408113,17.8483478102932,11.01881775861841,1.5737113643154446
910,1.1241244578119216,14.301147006640203,10.616082325107902,1.5894202175517604
911,1.1203986914509123,15.61161978876055,10.77094688211635,1.8789351547821442
912,1.118792817730436,13.954923681691572,10.254864554870563,1.3608378900181226
913,1.120123344792576,14.84034831889659,10.464716029614731,1.1336590072323445
914,1.1200526315729595,16.072821474673663,10.802651327633564,1.9632792525530471
915,1.121955771331071,13.6494957366641,10.211287197449732,2.108665493100933
916,1.1214654980364587,15.502351753119282,10.281908836504307,2.5870049532780945
917,1.1202356594363116,16.861625733710955,10.308597915508463,6.473866341987814
918,1.119726568478038,13.585144316755885,10.22084405389933,1.814817487948421
919,1.1195426956978884,17.899004513810766,10.648085752819505,1.6367004172574058
920,1.1195748112616186,15.986181463969919,10.29993219777004,2.1036985741442966
921,1.1168734639578537,12.02685497444709,10.229084994056162,2.4707549463820877
922,1.1178711897095108,16.28336695612875,10.597969584504083,1.5009127784368204
923,1.1140684907963954,15.929806225763377,10.67654805225001,1.6430024598496444
924,1.1166694855897437,16.84178078766855,10.380583904627311,5.868187838928039
925,1.1156664678476718,17.30801134492626,10.74856148395153,2.4120593395744945
926,1.1178927499275386,18.46123512216873,10.949492205987639,1.782900405748401
927,1.117144933137742,17.015568705211766,10.378236206958613,1.2364730805372803
928,1.1168635496311177,16.17052971575014,10.546858569785549,1.3342442620408352
929,1.1141448367952402,17.426845121884902,10.526264172377253,2.199094849960023
930,1.1149116331902023,17.374622600423766,11.39409856794027,1.7439331988818596
933,1.1130487229235364,11.271461436738852,10.344216306044743,3.257082133646473
934,1.1189182084077456,13.394610948232728,10.092777064493854,1.3608801388049356
935,1.1163808519272038,13.9664858437087,9.945402066501122,4.048720285952875
936,1.1145085323229607,10.891284297556659,11.288983344012655,1.5367116801965506
937,1.110104108642436,16.157388243331194,10.159036621684399,3.576342109957231
938,1.120651660129288,14.660146639895698,9.333628746442015,1.9236707499754637
939,1.1139353400207066,11.8939395067578,10.369815414168576,3.26615026048978
940,1.1140447439976415,12.579564514784177,10.040997325700797,1.7227402014499849
941,1.1103347325069761,14.920310799573961,10.63649616119913,1.8552486177068257
942,1.1156072498423146,11.081434764721658,9.839442816435326,1.9720204245792485
943,1.1128886858434892,15.117481904649287,10.263184531185276,2.041241812040413
944,1.0968663943778298,14.700938302009176,11.080302992468669,1.9488306211242965
946,1.1086002633157346,13.007767179187871,10.655747640699442,1.6365115111647217
947,1.1143329865706446,12.689948672548173,9.673062003045374,2.1766908414402657
948,1.1133775284461194,13.136084564518598,10.627441361988724,2.261757604939315
949,1.1137717988046951,14.466906343687592,10.513799093186652,3.0392859968330885
950,1.114564768675034,15.150226978779575,10.476307173949243,4.220252176906273
951,1.1120673805159695,10.889205057790033,10.805721305558267,1.7104024715403334
952,1.1154894161637483,13.602910413944512,9.82475660443098,2.047448018823734
953,1.1158184979348955,12.272462940385296,10.900677247710156,2.4415124631801106
954,1.1192506525954773,8.906821945962971,11.293134811080701,1.60998899132839
955,1.1202906677716449,12.489674721050799,10.272507262351217,2.1291994048039937
956,1.1250731837543009,13.931153106018314,9.834839339029868,2.5035473267155854
957,1.126399252964005,15.770503839127732,9.793928850044429,2.4376180626671147
958,1.12503644246272,11.535447008939203,11.617049155086642,1.908503758203058
959,1.1268110515324075,13.171753196935919,11.246003861119727,2.2907659350184852
960,1.136888333593969,13.371782047300485,9.230589200829442,3.1570326974148495
961,1.1367984462554586,11.827968743382225,10.046201977127698,2.5908340812237314
962,1.1509925810378383,11.333023252461851,9.335272036396477,2.7711341102266314
963,1.1705252237685044,14.787555680462031,9.823910626538,2.1014564385237877
1000,1.163934529805244,12.188753424420543,9.01540787599827,3.587843005028958
1001,1.134883006671883,13.95283173657745,10.614887565989742,2.176445456096537
1002,1.1303896293598383,16.44795827534286,11.602956742072623,1.8509702199814067
1003,1.1317503231812387,12.666043265455926,10.759369531763754,1.8175131220833023
1004,1.1227796709428008,14.121455712438124,11.001140781734925,2.7369850778467493
1005,1.1289613099191176,11.912584375880064,10.344922468913726,1.7489802098719465
1006,1.126620464424263,13.667368320951889,10.81076407015759,1.5839771819502757
1007,1.122525430892929,15.868588695021815,11.40085211470112,2.2392739392995686
1008,1.1234847454319399,12.010818279797915,11.367773024150306,2.0687872389930373
1009,1.1215237029424956,17.327096902287355,11.428041205707583,1.8000922284942142
1010,1.1196107654104923,13.986802639836627,11.65558537710042,1.2118091515640956
1011,1.1168272071165277,14.917404963986693,11.605708202758043,1.1277733795219216
1012,1.1143122767559948,13.416322031090933,10.816275670405423,1.4190813431285356
1013,1.114575384891512,14.164566558714442,11.629503852031734,1.5019434393226896
1014,1.114152061114947,15.765660699405847,11.45924738654035,1.3043287741387624
1015,1.1202700794872453,13.225154962971365,10.71056571843796,1.6613589761028165
1016,1.1166247841411812,14.733216114631517,11.008185730150755,1.7659424789428773
1017,1.1177187872943595,16.050854255437198,11.076148112523375,4.866543130544796
1018,1.1147134761506148,12.927606415673502,10.703896022739265,1.672709959916863
1019,1.1170973168907488,16.945067104251475,11.433817183624292,1.9953058898409983
1020,1.1181563134163401,15.048230131065935,11.188523384222933,1.536341657737992
1021,1.1162232972493384,11.329646305358885,10.785151866382277,1.2257830836924541
1022,1.1127532993252462,16.10317852429236,11.0931675135651,1.5911451796940754
1023,1.1109091386477687,15.476103044961254,11.812713073786814,1.5744000003886003
1024,1.1128642193835516,16.158936817694816,11.289470613917498,7.1990515199601095
1025,1.1131341768291556,16.980993221975773,11.367337433696454,2.153722377879093
1026,1.1128505433520357,17.885168875298685,11.581554424109642,1.103034735000411
1027,1.1119319012725326,16.975913289369394,11.318893267799162,1.1827741340114406
1028,1.113428597663655,15.748738763913769,11.068530516259539,2.0488275641867193
1029,1.1127382135805577,16.636846259329232,10.970690786880482,2.1914252731705526
1030,1.1113814137919766,16.938542698821536,12.184165682967837,1.2316770391301581
1033,1.1110185793133232,10.762924709773307,10.796144052506193,3.1498060684484295
1034,1.1124950786901902,12.915577971372276,10.764158701101847,1.422063382256335
1035,1.1128037227993788,12.998658261880705,11.11043349802728,3.5574941644942224
1036,1.1090547379632456,10.295237493411793,11.995795215851192,2.0690798376307526
1037,1.106620678440243,15.520770953430132,10.867733052725134,2.341872963862138
1038,1.11482219407047,14.12494151365389,10.284884772740126,1.3583559457702545
1039,1.1079301891369637,11.701334532224745,11.329250293050684,2.0770604191925166
1040,1.109578710722681,12.152000822534369,10.961147230839904,1.467630213238023
1041,1.107069858076085,14.554767517187337,11.337947071060988,1.5145168473107211
1042,1.1126829128598954,10.728489217059803,10.522929383743737,1.184467423215041
1043,1.1068673165668497,15.018683078649433,11.043870142686501,1.7497078148170222
1044,1.093334984479231,14.133746540403848,11.87330734454536,2.5670101138457833
1046,1.106342131994654,12.232362539862521,11.358317965418976,1.9417712705008228
1047,1.1117858131491143,12.103452675619444,10.65782487128863,1.184102533024891
1048,1.109985413985672,12.510483670772302,11.536137830117397,1.510888285515258
1049,1.110324430789457,13.849228651712073,11.46637204638586,1.1528624085914254
1050,1.1111569138295634,14.672821726772868,10.989439219248938,3.134544751790464
1051,1.1101851117539456,10.43690579287077,11.763827299270755,1.7038407942883393
1052,1.1153067013177453,12.93078277871762,10.582848930169655,1.7297043228565074
1053,1.1100743953283139,11.62326492178687,12.046363814664447,2.563674993944073
1054,1.113861708737063,8.406381017607805,12.186682739975819,1.2485937614856373
1055,1.118013239504358,11.842897483840442,10.965885425766785,2.036387227020562
1056,1.1208789260659975,13.299406186283225,10.617578407937799,2.6792690039083613
1057,1.1225134415562175,15.1245986062961,10.578467241643006,1.8433600263921701
1058,1.1199693214253328,11.251523681212404,12.095540023011283,2.430074961233661
1059,1.1236603605110245,12.745647324083128,11.954923259484367,1.917931106593969
1060,1.1339075553560904,12.877623277463698,9.950690680455608,2.395289490303337
1061,1.1332280195013003,10.944390169967457,10.901469569632406,1.824049159248195
1062,1.145393758967786,11.3330739241877,10.244044813832586,2.405601011872451
1063,1.1664710684471427,15.277730322245702,10.16544065711011,1.1600605699438788
1100,1.1626009749791633,13.754537187918553,9.35734635179548,2.889375937439253
1101,1.1329581074336987,15.82679594891927,10.791472634063133,2.501386907041409
1102,1.130154974509715,17.934574755840238,11.61071029921915,2.8492143123277596
1103,1.1269397090106343,14.348448932267337,11.056798621234824,2.380861716080663
1104,1.1223849966264248,15.198327788704296,11.332947940134352,1.7060054782673213
1105,1.12595365878036,13.12608210123361,11.00019766350206,2.004199928934231
1106,1.1220589413667106,15.007940540433818,11.06209823281053,1.7962083680612966
1107,1.1204199751987078,17.115596390836483,11.194929556338874,1.522205627055249
1108,1.1199874617025072,13.231044426465205,11.180012644435463,1.5123125062578155
1109,1.119768264850337,18.881511222698876,11.872733504941202,1.194728063499907
1110,1.1169900412955838,15.157280983649132,11.816828951003831,1.5554710016032278
1111,1.1143038975723507,16.7703137260515,11.552916297121037,1.6273625137878234
1112,1.1135712257273358,14.658696429463001,11.248911730149302,1.3393563890533522
1113,1.1123643447473928,15.513411646828388,11.713868744047248,1.615380729060902
1114,1.1140983491400278,16.8660173883525,11.325179958250105,1.3771016775079683
1115,1.1175852176570977,14.279651900322133,11.080143146955672,1.6751727173132833
1116,1.1159653568276664,16.276419737797116,11.306256432819044,1.625306537547527
1117,1.113674805660721,17.49148799470354,11.264407264366596,3.8164621853988185
1118,1.1152296476175614,14.514063701309507,10.58143522537328,1.1886789165156717
1119,1.1160933020207013,18.64997859824452,11.382754858032781,1.6156935486234412
1120,1.1147439236348882,16.78286282550923,11.237483997168214,1.1412044843149982
1121,1.112785351307918,12.924841913820273,10.579729115625112,1.2987163849657906
1122,1.1133439666746368,17.17662931986493,11.66175279472213,1.4976354979145172
1123,1.1104325494980138,16.711157927613108,11.723786581299251,1.7931590071786445
1124,1.1118410764322593,17.491241421492873,11.411650509746535,3.016023996559329
1125,1.1103483887107313,18.501035284418798,11.866689825616927,1.8274550375398217
1126,1.1118420426864286,19.107788673649026,11.680953671299203,1.5043377141005454
1127,1.1109433805322024,18.383976867970677,11.644597599314817,1.5357226389110894
1128,1.111693110889156,16.668536497371285,11.606284292853644,1.2527220454309378
1129,1.108397903303024,18.30552947126916,11.188188582463164,2.1072635037335017
1130,1.110432062617994,18.244294520788266,11.888045513922073,2.0998286017846857
1133,1.108021402750441,12.344103081801116,11.099882294487351,2.178703913019752
1134,1.1111890647602687,14.388319044647233,11.17073450053701,1.540746878291205
1135,1.1102708766213947,14.80986127753572,11.063239291187504,2.6446167599748645
1136,1.1045020969086992,11.869573631780852,12.513776572741468,1.338777291156789
1137,1.1039602992751694,16.434917071613626,10.941505161022102,1.9392999180776997
1138,1.1145415879205072,15.354072173402521,10.320388920851805,1.6363415310260991
1139,1.1081065825763654,12.698543516577105,11.201060505942607,1.7100625715617679
1140,1.1088717273760313,13.13468132743808,11.093240172862023,1.5932622777229306
1141,1.1026227748393027,15.798493433261347,11.684226167935945,2.354679285999108
1142,1.111594513629819,11.902998684879911,10.655886114380548,1.2893855157554572
1143,1.1060900962253175,15.840444630638135,11.220415067451478,1.4225511483406303
1144,1.0936145683133105,15.381947259325488,11.914414977195007,1.8811890205088095
1146,1.106548814633616,13.349710896188368,11.365684257394962,1.9983798894616869
1147,1.1082771932967974,12.972344061107334,11.023838100102536,1.6502121283857358
1148,1.1064487651530048,14.086754888600437,11.354674048633997,1.6779176318767428
1149,1.1092107761107788,14.945391474409568,11.480776222308343,1.6966800574969025
1150,1.106510482186505,16.036686356566307,11.243647253035446,3.5910279010696424
1151,1.1058994696043456,11.899496661075572,11.464027577977967,1.1316916185682258
1152,1.1109074844336215,14.09084205667799,10.585759103575374,1.5807611433012358
1153,1.110101347095437,12.953744031116075,11.913848868340951,1.7597452248002485
1154,1.111156499627407,9.650931262074543,11.892545473813913,1.4108429930347726
1155,1.1117072809859998,13.653123850754666,11.395689375357339,2.005100709550176
1156,1.1149543696607889,15.000189944318134,11.016133976104685,2.1499920802839574
1157,1.1185756961240025,16.68957868387571,10.775528974512328,2.915343288905604
1158,1.117365812573837,12.296542510610267,12.307237852379698,1.8523479759565107
1159,1.120844640743449,13.755445526681296,12.176092935902986,2.1519792447327695
1160,1.128418126097502,14.653521305235966,10.183294950319565,2.094663527816887
1161,1.1298175314965442,12.73224812096138,11.02506300479651,2.1556925465377947
1162,1.144687967338804,12.81325607595154,10.626063161556642,3.1337076410473843
1163,1.164516721834195,16.70042538236601,10.88986515776046,1.2393254288414262
1200,1.1679023392268721,10.505605458287924,9.270769478895025,4.443785676166435
1201,1.1390781321471675,13.097828621969708,10.489218345777834,2.111889146299247
1202,1.1330284490338196,15.145492298958889,11.430113500671974,2.0294728324653994
1203,1.1319379934795935,11.709456245102615,10.742073988962515,2.2044150781915413
1204,1.1265744970887048,12.522232338408923,11.249956282257388,2.046120502310737
1205,1.127677793907236,10.688362981995182,10.501763417358376,1.9338666279936891
1206,1.1240149088831772,12.31930632007891,11.074310920544539,1.911191203458695
1207,1.124594067423082,14.537207531582432,10.973575935890556,2.310495372807564
1208,1.1252637577987836,10.501540302737661,11.18735246291492,2.38165720688081
1209,1.1235435211796108,15.82929386645469,11.75075666483008,1.547099627539635
1210,1.1196091069145504,12.212741230395974,11.6965883949355,1.6389298040669817
1211,1.1192195419026747,13.549664942969535,11.31759689561842,1.7640997077646716
1212,1.11833594423732,11.964450999653396,10.871908006815824,1.3276723000849053
1213,1.1156080166408322,12.71533270577327,11.54181052183212,1.0280473015693679
1214,1.1175420635113027,14.523917186979752,11.491323475757492,1.6038298959521433
1215,1.1183468224166135,11.852652931216312,10.878790033904416,1.50717307262286
1216,1.1195624899138905,13.114545713343455,11.162471709353744,2.3846788439745707
1217,1.1167038357259969,15.096359833934251,10.880099775641234,7.293589316196151
1218,1.117729013355703,11.388312379476496,10.810373702654047,1.3129259671907976
1219,1.1163452360735993,15.9369599773301,11.210818753451788,1.872439274129838
1220,1.118519040040786,13.632852742228835,11.254825945028355,1.6912339423207232
1221,1.118323913925008,10.224379828972396,10.716146734896952,2.113589638207689
1222,1.1153833883665065,14.593660697260741,11.414639308499526,1.6043173707048297
1223,1.1156637094539323,13.807290576858865,11.559278268106484,2.0311298371789865
1224,1.1146653479095903,14.950907050703314,11.49202930132293,5.301231640527727
1225,1.1162041464167503,15.567109284311213,11.270445804183284,2.2401016382750503
1226,1.115816395251732,16.475614069031852,11.271593380268943,1.3461715615584742
1227,1.1150998062577906,15.510404241445322,10.982675773270064,1.2208155637990332
1228,1.1171534898973308,14.046988919183205,11.292956923831833,1.4894684920802714
1229,1.1128254371497923,15.376703341567879,11.749874299796264,2.7017325203629845
1230,1.1171049420995822,15.697555395862981,11.733811867367642,1.1630769341886165
1233,1.1113352320625167,9.493184831600304,10.750320027905286,2.821269866359555
1234,1.114628738186276,11.831605973865335,10.734977362964923,1.5423156000184965
1235,1.113352937760599,11.577417929239493,11.0101984420001,3.0460757861226067
1236,1.112326453392027,9.263309902659353,12.192982077979474,1.299699994368032
1237,1.1096507390030435,13.805000430762535,10.974935199705195,2.1572726454660027
1238,1.1167457744485598,12.592119406906102,10.178873805246075,1.94532315791453
1239,1.1114544419828036,9.797137935495213,11.075004198212417,1.732052125435094
1240,1.1126289745348596,10.368094045991484,10.980902884050769,1.221036264377434
1241,1.1081167443450977,13.034473853975376,11.294469061253116,1.910064688360037
1242,1.1140012407878697,9.380734685266972,10.791784172167263,1.324074376501096
1243,1.108842946958094,13.518887701991092,10.595633702749053,1.4109047845428497
1244,1.0948832724469335,12.613851457876708,11.645328817331675,2.1382720657781333
1246,1.1088015849278678,10.601780873984104,11.79311044449416,1.6611090355263594
1247,1.1140788263465151,10.600817305998298,10.444691945534181,1.3765685929618514
1248,1.1091086036169,11.14073790363758,10.782621827000126,1.5185101831432197
1249,1.113262751488458,12.254313472040272,11.204773792912649,2.355235485210107
1250,1.111101458906143,13.292978645705448,11.035642791154512,3.2510994833448636
1251,1.1097210765091774,9.16178144458193,11.712320516316968,1.8448838644784578
1252,1.1140834887468634,11.471931181587761,10.394302323062004,1.5467098499404097
1253,1.1118509839986546,10.286171778954985,11.822712717893266,2.6822667811322765
1254,1.113574632845135,7.082186035672582,12.065010323436669,1.5498706216613336
1255,1.1154597562855004,10.725989827618031,10.971209213431742,1.6719500726406724
1256,1.120149992893758,12.298861321097174,10.68137456406736,2.041351398608593
1257,1.1222872223999076,14.05715639841643,10.36735397676425,2.3033561083162373
1258,1.1206720021510272,9.981220423069647,12.245876412169482,1.9271062142519573
1259,1.1246131801032146,11.014435119151804,11.912303281573502,1.8016616618815144
1260,1.1318560760251184,11.838837543559967,9.824897752056906,2.6984010174792177
1261,1.1343270894878303,10.00044342603615,11.041360134414457,2.6882439747841924
1262,1.1465533038938622,9.880733263911592,10.159660624895622,2.945677792480266
1263,1.1661611679784074,13.377017750998823,10.96811280577204,1.1418818400522854
1300,1.1673887017373263,11.337067631495998,9.335147215925248,3.9558657105631383
1301,1.1367234593611657,13.824341303062196,10.721390296801362,2.4135339007280256
1302,1.1317444989472192,15.879539290552126,11.824543061127038,2.1703064169383244
1303,1.1298698062381503,12.326162189473443,10.878078675694463,2.022487364250471
1304,1.1234264195073738,13.175590946082206,11.118355700832142,2.385947778940402
1305,1.1270486862341171,11.195936782305367,10.433403418794914,1.465886549847688
1306,1.122988954821877,13.000960038651565,11.045196065848017,1.4230122422537954
1307,1.11967733699703,15.157036466833553,11.042390359953709,1.732877438391236
1308,1.119678811634887,11.478599934718677,11.325141102398883,1.9127961094568913
1309,1.1198435195879761,16.67310323121551,11.91240815517748,1.474045952661409
1310,1.1182230667977864,13.136285325112222,11.546199266426827,1.303546972392811
1311,1.1145326006207623,14.562067357199599,11.596270607744332,1.7274698745726496
1312,1.1132326762338463,12.765890561251087,11.15620010131843,1.6422213756303474
1313,1.1143534140351472,13.633355953516045,11.537141763525216,1.5259497034084093
1314,1.1136665468473395,15.069653343595464,11.695146340716917,1.7140924173196996
1315,1.1178095798919472,12.922720362144382,10.896050496856947,1.2918591403595043
1316,1.1171366581556132,14.050416385814216,11.232085349874588,1.1993207678081488
1317,1.1134000845052447,15.900863884108801,11.299510578672892,5.185669198813936
1318,1.115266615569786,12.235690561081432,10.733248680107838,1.527860449658668
1319,1.1153477391057918,16.314596012536366,11.80080897193882,1.7231711989908773
1320,1.1173783294046622,14.690490205167457,11.028210645883412,2.1354342282566114
1321,1.1171764841849627,10.883855271859852,10.689979282433738,1.6706552833336463
1322,1.1147519643066932,15.048416474786505,11.386311163176341,1.7752667930810533
1323,1.111619398150267,14.522326635701374,11.872566676393882,1.305540472764047
1324,1.1143490257862445,15.513257937509158,11.332074429872742,5.550821713856884
1325,1.112681517681659,16.226206677971252,11.579840096932255,2.2405707848237313
1326,1.114260538151899,17.31701334940024,11.86339358639382,1.578611586264562
1327,1.1143082238289908,15.8421681549614,11.400803938794999,1.258182814714391
1328,1.1153439859636476,14.824265012511539,11.424953715846632,1.5072057671004209
1329,1.1112997460509701,16.341720641856632,11.213971094895573,2.5717497080765224
1330,1.1138333767865491,16.26055889450259,12.060996551824838,1.2658848245550238
1333,1.1116906590898052,10.325520216593414,10.89903092196561,2.2451658525867657
1334,1.1122422349180945,12.310155032684037,10.993318491384743,1.3013895528879815
1335,1.1129080392656154,12.619310290477157,11.23186047529484,2.9949526993574156
1336,1.1084852955519324,9.755531220631582,11.871794302014669,1.9023022217956378
1337,1.1084897618150067,14.532832771329584,10.435423861375192,2.0681781352401014
1338,1.1150675699071297,13.319542336268967,10.098752061471648,2.0403919456634076
1339,1.1083940831477688,10.854787667985683,11.068357732051007,2.355967227299381
1340,1.1109803606607602,11.40415264249205,11.104447383434517,1.4305441361946984
1341,1.1052136023351171,13.700682748433454,11.506235240452826,1.2016712014458368
1342,1.1121065788054945,9.918617010274987,10.6775176470782,1.594532765958844
1343,1.1076105999563266,14.07891849470463,11.001397736864025,1.468020166954106
1344,1.092946299976315,13.171250225936,12.091727741703709,2.456634054692583
1346,1.1065718470124244,11.238771120790942,11.414828843740377,1.1467598571547097
1347,1.1096613121970236,11.503448177881497,10.853258972412787,1.299333982701199
1348,1.106857542664024,12.142315110079318,11.344041570998682,1.7375090602152474
1349,1.1109046587763356,13.101442469696524,11.422184900043279,1.5050426007439586
1350,1.108940972069489,13.938490081170432,11.18971930148933,4.09060682393942
1351,1.1077889021526521,9.254115410346703,11.822976522625197,1.3622191144359832
1352,1.112696246034212,12.179103514719067,10.463070485878191,1.8927756582771773
1353,1.1080869637980906,11.111874044464788,11.675727302991683,2.442861683253186
1354,1.1101805202645996,7.946779975401889,11.500361112069278,1.301962649009549
1355,1.1152523719193137,11.044481141216261,11.01639735391399,1.3007411162443097
1356,1.1172336146859254,13.08119734180756,10.529574410821018,2.110333302399673
1357,1.1197364270009698,14.485263837017303,10.890092780833019,1.8971618259866974
1358,1.1171120253128437,10.571819380237452,12.379162704069325,1.731170313131879
1359,1.1213935384623048,11.879586223271625,12.450220609668865,1.7509219641057125
1360,1.1306464190641294,12.239154991767675,10.204604157021882,2.21956568483268
1361,1.1313422388722338,10.735781404992597,10.9535555179261,2.3074635521811726
1362,1.1449904530882713,11.019358942936,10.485953811611237,2.5034960174017344
1363,1.1620943332342697,15.103650327632424,10.54210448060521,1.1963555710308893
1400,1.172088842379225,12.950531436753362,8.538434825698934,3.584731934243571
1401,1.1417296220995303,15.41917848849951,10.32984956378877,2.734310022330444
1402,1.134843049909347,17.72221278788426,11.23297553409137,1.6943275675909741
1403,1.1348291668681567,14.054525153996925,10.227191948009098,2.020058858034289
1404,1.1279380424082053,14.956926443616933,10.623214924764557,2.9630622492159637
1405,1.1296155301093969,12.909300965812415,10.20592637204227,1.879474090477082
1406,1.1271309804145797,14.886611470204539,10.550845898551287,1.7238594262067086
1407,1.1263966992342447,16.978513168351768,10.544272490290417,1.3935456801875208
1408,1.1250637703448365,13.299685099014635,10.793408408026293,2.277734043043992
1409,1.1244734444046585,18.56135182013356,11.534594538870868,2.1117325074397155
1410,1.1216109548750408,14.94897430783075,11.388249700922504,1.8093686041409456
1411,1.117151912139811,16.497390823597982,10.988550808907235,0.9915749708827752
1412,1.120610161188333,14.309074118093493,10.642161844928447,1.3691951973026217
1413,1.1208366962991296,15.361233839604052,10.892190728354514,1.3159236852556737
1414,1.1199573974976194,17.063604362333137,11.024840638007449,0.8009569160283427
1415,1.1217819106554692,14.475674515493218,10.594598593025626,1.2074474198207088
1416,1.1217831380703525,16.004117369041534,10.637782364850878,2.4946713779858767
1417,1.1178953737546407,17.45209798883127,10.790442087493417,6.927195161942741
1418,1.1197952607535038,14.626739667381631,10.536560882943546,1.2592864541252897
1419,1.1206632421142713,18.65769163807209,11.152092862706763,2.836497614002168
1420,1.1205907514478293,16.555459106668362,10.812485292508997,1.9498751774346939
1421,1.121182647815705,12.636691815169252,10.267250493948929,1.8971983570790938
1422,1.120012305494234,17.220600311254497,10.85249782282318,1.5487694910027838
1423,1.1160534802421491,16.52992689383315,11.119555988890623,2.008336170761005
1424,1.1206892579999048,17.240781243206342,10.611875841755694,6.637021051129801
1425,1.1183980911917801,18.068380243809294,11.313040158102202,1.9455456310480344
1426,1.1204014031077496,19.080650506696454,11.321590091067105,1.348257968451136
1427,1.1190857178595786,18.16162605131605,10.908035679241811,1.0960947366371863
1428,1.121992832839729,16.6647894184945,10.930266454612884,1.4760571956889796
1429,1.117705623448805,17.838879110670778,10.637617646226104,2.3269317995682757
1430,1.1183083032221692,17.989595754981046,11.393370949259346,1.6997652591553567
1433,1.115855087797755,12.36268397037465,10.308864562149346,3.5393831135880975
1434,1.1167873118539338,14.203880254359287,10.475260324671662,1.5074606927578105
1435,1.1177425469205502,14.542579294173331,10.794635127631809,3.7283823567489103
1436,1.1149958650661806,11.778103492209322,12.12109891635397,1.3434534173431683
1437,1.1140504576840735,16.455393948166694,10.371496187408496,3.8842482390322868
1438,1.1188155172792125,15.432514645747563,9.86934171501216,1.3470286761855594
1439,1.1150294732403376,12.52152684040625,10.503934183869127,2.881619967310982
1440,1.115784485811035,13.258460655292202,10.337794184550845,1.7337767134254554
1441,1.1126971024656511,15.800380568513257,10.81394602504965,2.405428767708906
1442,1.119105684246299,11.648701796624946,10.08075804421466,2.5614801429070932
1443,1.114226429408412,15.618771560617649,10.377216954369386,1.5245367956714424
1444,1.0986643779684016,15.205719883864512,11.459665503621808,2.023302946383171
1446,1.1098384462509985,13.329116994416044,10.920632549603628,1.7433379009716328
1447,1.1136409845985271,13.219217167259504,10.308146469659414,1.488216433017172
1448,1.1110787023811817,13.951339717201368,10.87287652627834,1.3173426295217903
1449,1.1143819539712,14.81246586850479,10.94809406044864,2.339251177915047
1450,1.113736857353713,15.77828162681127,10.459585004708417,5.531974296374663
1451,1.1119170652407264,11.32350798760899,11.123148464045157,1.7491276419089246
1452,1.1163014092364987,13.949032714703016,9.939131340900637,1.1967109757760357
1453,1.1149265617019943,13.060573131614102,11.315153989467381,2.7836736635764177
1454,1.1167065525924365,9.520876063623211,11.331971778542123,1.0942243075180527
1455,1.1184929661869667,12.96629878412918,10.642374339578462,1.8727444789362695
1456,1.1201837277715696,14.43900803819366,10.219892394811916,1.6048746857905902
1457,1.125189370747901,16.61033557544236,10.317578408738463,2.139460161666693
1458,1.1235728108076033,12.556857196382385,12.06700309648355,1.7123144713621505
1459,1.1256490758508537,13.706196529514322,11.907906978874307,2.1099512149920874
1460,1.1372766734572413,13.92848377272237,9.540608281667627,2.232673028985029
1461,1.1374832739814558,12.00662299423377,10.611074606842488,2.354500339694934
1462,1.1513859808927924,11.904251696347837,9.891995704206206,2.7366191073482544
1463,1.1635162779293169,16.994598788617417,10.587314132478955,1.6481077527219208
1500,1.169876647727016,13.102216187822952,8.331626538232626,4.352371601963009
1501,1.1394641102155638,16.10683326840225,9.725853318223527,3.5760383056346043
1502,1.1371302712520628,17.901651424601052,10.817295035314627,1.6252002132448176
1503,1.135894951443485,14.585503334193502,9.793627269398403,1.4614503097287377
1504,1.1286307274159668,15.869182591772828,10.091524126969489,3.4119109100143623
1505,1.130157254774079,13.77318720829894,9.516758915518592,1.5933017236755995
1506,1.1267129674196306,15.499609424297537,10.151629965570416,1.7112596482756848
1507,1.1252913383242455,17.488198696409977,10.138286972633692,1.2805139878626854
1508,1.1241264756824136,13.479728167312105,10.489361746752278,2.3972194358377
1509,1.1231361023334612,19.066239140531277,10.716293708545898,1.6572123089689874
1510,1.1205425888324225,15.27758933100238,10.606798796544394,1.5130840456163561
1511,1.1187166029369155,16.747720702767634,10.749836225084922,1.2752163372726455
1512,1.1188391400985012,15.057284368550679,9.901845543024073,1.3582371959733073
1513,1.119070046690816,15.745498728627076,10.570437168184144,1.556017758203741
1514,1.1199249536687226,17.316530379308563,10.68792320996075,2.0630789819893938
1515,1.1221869606900625,15.226193285189167,10.028910633053439,1.418636381261372
1516,1.1227469479536436,16.33349287645238,10.293210183118488,1.8093835709506567
1517,1.1197330603872946,17.955691854367142,10.369688284024905,3.5123329251637174
1518,1.1202327842038875,15.010660362218758,9.921591328778824,1.3116742107257122
1519,1.121791243111456,19.12689677901587,10.602722212977731,1.2918750289581145
1520,1.1224281442539112,17.109744429276937,10.412682752717918,2.2440028909785816
1521,1.1206771125066013,13.56462881302066,9.82339825007726,1.8359312774697842
1522,1.1207373213220047,17.752837696381512,10.522105045818908,1.5137049072287145
1523,1.1176161054422216,17.043421714654126,10.751080931017468,1.1050850566335686
1524,1.120034639614497,18.02725759481545,10.407243299510528,5.87527220392174
1525,1.1210148017654318,18.645448912604486,10.418484964892865,1.9037325138874754
1526,1.1216913076724986,19.71868837842096,10.898589043177918,1.2121936948990042
1527,1.1220332511864883,18.26402923834955,10.29372661980995,1.9426198926870886
1528,1.1232285089027736,17.170891254455018,10.338002209807781,1.2996567271301374
1529,1.116284344353069,18.82601270345691,10.022648825909835,3.340961247927237
1530,1.1195762973268166,18.912320888556934,10.982756304495298,1.325156761789407
1533,1.1175029896879582,12.75994062716787,9.966036726661683,2.369700601908301
1534,1.1185977968151508,14.919522414892372,10.069300109624399,1.700748933836987
1535,1.120045038639163,15.039282541748669,10.142580922440407,4.735088333224383
1536,1.1132795289301147,12.463366341543006,11.549030505723998,2.0695537124968366
1537,1.1133986660746351,17.155067000128778,10.404723503613841,4.773412713483512
1538,1.1211916130066286,15.91564222793583,9.565363334763912,2.2620317446726625
1539,1.1141386653938246,13.178292994544393,10.24386225005117,3.5380603171577314
1540,1.1140789677623784,13.649399644304165,10.577612195102192,1.5784688103018147
1541,1.1135501543626167,16.30877233122429,10.640088600865772,2.259395987470688
1542,1.1182686362843446,12.320286816425186,9.892228000853905,1.5560341633114594
1543,1.1152216592161492,16.596885419604607,10.120627392086288,1.618264943714247
1544,1.0993479203718861,15.923455630086726,11.00767765180733,2.0804730755497354
1546,1.1096261484167116,14.112338174793578,10.929612758734155,2.4042338375364167
1547,1.116071503753075,13.576410282167382,9.996182635194621,1.4440643554247812
1548,1.1135327011020544,14.486106084731015,10.254588076300987,1.6242042360143816
1549,1.1146150365177012,15.204573683607201,10.535509871503038,1.992920263747458
1550,1.112955681237194,16.1701076940134,10.47246756703229,5.101853968682666
1551,1.1121740922071952,11.940629082456272,10.928234326908576,1.2429372127728546
1552,1.1168849901726399,14.353379197616173,9.56309011745304,1.498941663466648
1553,1.1132805992118289,13.759263478090068,11.108040588595044,2.8885503934205894
1554,1.1149573015970269,10.1911019580554,11.204976756784031,0.9425581595220096
1555,1.1191090860504163,13.567478879177958,10.356022181114236,2.472311775578303
1556,1.1196828634339882,15.135322404404201,9.873688888868774,1.8367704494311952
1557,1.1240192511353078,17.153603752474805,10.072387378802139,2.2332086792244774
1558,1.119575544037139,13.239298984664751,11.56771072757665,2.2659133802056552
1559,1.1251156031627827,14.185628106512956,11.225249935425085,1.8835399506216972
1560,1.1355090223458113,14.51741851569297,9.062181659689635,2.131684524947307
1561,1.1358568066162076,12.382218175873042,10.032925152990083,2.8297770364941766
1562,1.1479602655764884,12.337928792277726,9.95931834830353,2.341740206435396
1563,1.1670810841987684,15.786103146554016,10.13690246048701,1.5482323847085973
1600,1.166784443009908,15.42015197594018,9.209708920647243,2.748292602097641
1601,1.1349061562201486,18.15789374315613,10.831540046826456,2.2765102950162546
1602,1.128634243757691,20.441558200388577,11.738466893570498,1.8141539566748224
1603,1.1289700514029022,16.584095885962174,11.09908684358584,1.841669738013085
1604,1.121358802916446,17.67476353383612,11.265246171788192,2.987268551274751
1605,1.123026757175584,15.480309266943657,11.126933687527492,1.9040716333491283
1606,1.1203548608118858,16.947022010192683,11.450480867408373,1.8398819288283992
1607,1.1171614018582223,19.603309774053642,11.063287381787134,1.4707769556285266
1608,1.1187770795989576,15.344960921014,11.521433769879142,2.3248502764026036
1609,1.1163448671919893,21.076463813609468,11.90452407108271,1.2852262605973914
1610,1.1135680159254688,17.19398546281899,11.8619527660221,1.486722132386583
1611,1.1116585269460693,18.519866763680906,11.714837836544975,1.4842432655350488
1612,1.1102487953532174,17.070657496612146,11.30830829056677,1.096696030406945
1613,1.1135120658749673,17.56296278777909,11.857561465507857,1.252168396440649
1614,1.114040858425881,19.524708717243342,11.506519538827447,1.6228399585877786
1615,1.115067546603923,17.218563224174947,11.059387189579253,1.5465908123686436
1616,1.1153817667446202,18.524184386144537,11.296078137349554,1.5844409081520219
1617,1.1140659872818308,19.98798023196748,11.519019036920962,5.518794006846978
1618,1.114838070820729,16.90834566758112,11.011443163470972,1.578137752213179
1619,1.116137328236958,20.866985084043055,11.52560721754612,1.4391033279436087
1620,1.1153821343025316,19.134580990242227,11.48284486158867,1.7026897968423917
1621,1.1151362979852852,15.100953452370229,10.985826957875013,2.2094005292741525
1622,1.1161193834625964,19.477636414607865,11.323442024049616,1.5309474837402133
1623,1.110868493607921,19.445216418962573,12.082940903075253,1.50754197287853
1624,1.113240671567315,19.957795567394253,11.578441408025256,6.100226464109124
1625,1.115070031842843,20.689810571896935,11.69915312805067,1.8959169047804287
1626,1.1162871031081012,21.886403512514292,11.873882427368544,1.226315866285009
1627,1.1161054681183389,20.47860366171677,11.47070818999334,1.3114929617067013
1628,1.11695167695662,19.174143126513325,11.618490781184455,1.6474068716747712
1629,1.1115664227386715,20.438919491852293,11.582979007537936,3.4360530659553943
1630,1.114937884725247,20.932635811535825,12.10794748727909,1.31343960291562
1633,1.1127917388072648,14.464297410623821,11.140726338921363,3.223400217666857
1634,1.1149019548352777,16.833030806628493,11.0111231370849,1.4112987046381515
1635,1.1132669555598427,17.240490288905125,11.33397003024788,3.0262648655488325
1636,1.110825342923871,14.199999632122282,12.445781623890186,1.7101986819352766
1637,1.1081283407432088,19.039332870040372,10.923954131999164,3.5205306319017855
1638,1.1169029282687097,17.622042191031994,10.540933701187232,1.3309223472315213
1639,1.1089578110804315,15.444889652903202,11.227331011146669,2.087444176717909
1640,1.1086518722415077,15.897567418844552,11.379217777535093,1.7596584867500362
1641,1.1078306297299771,18.09124475043451,11.632657849665517,1.3345275585767649
1642,1.1129658241128912,14.389020109327895,11.13251756654554,2.0556326962666818
1643,1.1080451790356807,18.36403402414233,11.129292492889856,2.14463876498708
1644,1.093757536841972,17.994033328597595,12.215050027413707,2.500762096560962
1646,1.105082836253347,16.119820658026146,11.756394305906351,1.3293770790544077
1647,1.1095084334817,15.544541020739489,11.091320302776566,1.0370680895859936
1648,1.1069373489998944,16.348070256805048,11.27418602547895,2.2010817524913855
1649,1.1074909335308047,17.55390927412563,11.480852610283494,2.0004313462701426
1650,1.106692705303484,18.159173887251534,11.489372716546232,2.826090323116304
1651,1.107017756465572,13.933894798797361,11.799957515244133,1.6889713270796993
1652,1.1088997473718203,16.54209353059534,10.831531662645702,1.557349342919065
1653,1.107726522822372,15.69722611269333,11.74166986928105,1.6681616419243297
1654,1.1083985429831575,12.036005649002547,12.352278275101687,1.8323642224834447
1655,1.1124567918823964,15.476182905167095,11.323091594020768,1.783684980261926
1656,1.111993450694196,17.203089632711926,10.806603826689567,1.812983769501826
1657,1.11766207867624,19.007905052614234,10.68502191784405,1.609432692401081
1658,1.1135610267859486,14.777311060429904,12.576466344172946,2.0345078734620494
1659,1.1188281835169183,16.16337680848128,12.242746477307719,2.0772580392676683
1660,1.1280302980257868,16.71744745877265,10.514149735893652,2.3273092991366693
1661,1.1297237231355874,14.800210668339103,11.409427528729728,2.2374328205095226
1662,1.1441014559892968,14.609998109563547,10.631533249521018,1.643145411429738
1663,1.160195985507649,19.086909144727684,10.423591397043397,1.5039238423828818
1700,1.1665706739578403,15.278262419843623,9.119979285226739,2.5562466441965164
1701,1.1352609116879764,17.361350067480693,10.949159334856686,2.3600189041737445
1702,1.1319934602727926,19.35672396669363,11.738367661503025,1.927740487442136
1703,1.1276300690861836,15.704960982115779,11.094732426216593,2.2562901871275525
1704,1.122626064780957,16.967845188574042,11.054566823733046,3.0995617713796064
1705,1.1245545623277176,14.803145639588454,10.445258104878766,1.5592235516360649
1706,1.1205026053352536,16.560530975069376,10.864397604485257,1.1825591322461153
1707,1.1188996816112702,18.652413015743488,10.933079661521507,1.514405229967323
1708,1.1179006908028608,15.043927462175134,10.85590691685654,1.1366649109523028
1709,1.1164680623678056,20.07480523833451,11.99282301824909,1.221703642164664
1710,1.1160040844991657,16.802369828615493,11.384540393796737,1.0660754957355036
1711,1.1154133389100243,17.74307816541783,11.359865489702955,1.3244672268788082
1712,1.112139190237817,16.223151233217123,11.173952207644334,1.7890990695488305
1713,1.1133021959819303,17.08174695372897,11.49035843783982,1.4124204653931016
1714,1.112235624350134,19.05187766823645,11.689314448733022,1.1665308451725878
1715,1.1199249516899143,16.263877023895134,10.511577812011788,1.4398734599028806
1716,1.1174768239655355,17.55999763195813,11.389882104729972,1.1553956848686475
1717,1.1142829050464471,19.21234109267696,11.340819106754022,3.014101516379606
1718,1.1172696586230069,15.997602512119885,10.441945617570122,1.67486046756838
1719,1.117911048144673,20.36977159027511,11.440021082916077,1.667461410884259
1720,1.1178727305905372,18.285828731684713,10.764840964280717,1.8668546138353055
1721,1.1186875668351077,14.16097661689342,10.892861895629567,1.3503754917111936
1722,1.1173877119956788,18.81534407599642,11.224878931883147,1.5409682311006367
1723,1.1146799802944232,18.434954974017682,11.391617552383506,1.23436736158829
1724,1.1170928408943777,19.30772198237788,11.126153329173036,5.23927981532201
1725,1.117897120334466,20.0377809118751,11.173674810554362,1.6837116791081812
1726,1.1199761924839622,20.974481368366817,11.698054394254555,1.6180810794163931
1727,1.1186612951495252,19.432799055473343,10.806682484321104,1.6939133774542199
1728,1.119438407279234,18.61483134697699,11.407641823867593,1.5967307274070277
1729,1.1165692776014544,20.037860233663096,10.623123534671118,1.7937051451906623
1730,1.1191591612564946,19.849061486992987,11.64663220637605,1.2843003848970382
1733,1.1139340199688759,13.695146893472087,10.97735279086143,1.7722796868751594
1734,1.1178112224334198,15.776408177654336,10.935741061430322,2.029033125079129
1735,1.1170699451999386,16.115468368002592,10.959331540263873,2.5817499955185976
1736,1.1137430635381973,13.724051458508267,12.410371090435612,2.2945307509545696
1737,1.1107212290450919,18.182635188432197,10.66001315401294,1.9217054585418205
1738,1.1164510362386517,16.76222291175075,10.081085800225175,1.7579933010222788
1739,1.1122040470396946,14.324747552565626,10.989301527038553,2.0408734679892073
1740,1.111690434513309,14.705417417081366,11.025222539409095,1.7235269437253837
1741,1.1082845715321468,17.48433614461589,11.51443387118992,1.958366851544478
1742,1.1136069718634098,13.591541386778243,10.618050940099327,1.9436339438856336
1743,1.10859447919115,17.817069108968028,11.08148635023693,1.7881288572674834
1744,1.095741263411792,17.001991803192162,11.512034784616622,1.865613229645303
1746,1.107586721604517,14.688051588613625,11.138343437766096,2.157637669414087
1747,1.1103472122971199,14.973910981254992,10.879465459139034,1.643575366436377
1748,1.1099161457843645,15.122448061716337,11.22678315603328,2.3166945909717276
1749,1.110429115726597,16.443544272461985,11.176612474875721,1.397102782246226
1750,1.1075351195965935,17.62914923146662,11.087470014464753,3.66325084580181
1751,1.10529590283548,13.466406712361312,11.486882999824402,1.4142924158021377
1752,1.1105381437169686,15.821010254426945,10.738504128964095,2.065128718506201
1753,1.107046051627558,14.634711970203993,11.855557675777632,1.7189425201562
1754,1.1099238832328289,11.361585479478512,12.08744291961956,1.403677550193604
1755,1.1106088743333464,14.945870642672935,11.066359626065069,2.457705424273394
1756,1.1126334593138525,16.648728456738247,10.625468108144464,2.3198879558628747
1757,1.118116607528556,18.318581024011593,10.643484980389355,2.292346633492375
1758,1.1156673020497985,14.528889823544569,12.363412217545957,2.12506960129574
1759,1.1186167990154252,15.56909203016832,12.08529075720718,2.589581015145666
1760,1.128292986414279,15.983388455851477,9.874628650317963,2.4832462448598656
1761,1.128860429119352,14.445928988013488,10.840078434936377,2.269724204098665
1762,1.1430660851866437,14.208752752012856,10.728989728977743,2.6101123322387947
1763,1.1633539219643991,18.924505370949305,10.951625834205348,1.871938290319621
1800,1.171035960129992,13.186607166128779,9.111266327962221,2.6793351808833754
1801,1.1382722421546143,15.411921395678892,10.929423311690039,2.1662891134059303
1802,1.132472047908432,18.04095199098823,11.200193496783243,1.7761748421667847
1803,1.1337562440377569,13.99439539612069,10.643382788445814,1.9078811491557637
1804,1.1243864196013933,15.242655176951825,11.022089684075274,2.256462355686157
1805,1.126901217429814,13.07430354289568,10.465464203287128,1.2866377426152613
1806,1.1239757743727146,14.728572503320375,10.924526286342056,1.4779262282024421
1807,1.120764184465704,16.905245402760166,10.906585242553406,1.5958528122275406
1808,1.120693154478723,13.049129548460561,10.997120217925152,1.4129269020457724
1809,1.119091590175276,18.58117872005979,11.631102928601997,1.2686959138357854
1810,1.11712320491733,14.894970654080257,11.466048232051833,1.2757553988344112
1811,1.1157332676722207,16.366920371071473,11.426820384622577,1.4883285374478987
1812,1.1153224539688438,14.494677783475579,11.260339646843214,1.3322819574657028
1813,1.1149013064014583,15.242758985710935,11.362687699387612,1.2959765288963276
1814,1.118561684681301,16.672545345013656,11.491380830139171,1.552359284121332
1815,1.1198359862052383,14.825208114247987,10.890902034774017,1.7532032543701879
1816,1.1216567883076811,16.005796402420298,10.64392419249582,1.0984965896712786
1817,1.1183368969995595,17.552010009569983,10.989069086164882,4.7222633303401125
1818,1.1197022451595338,14.379364928814471,10.576905789376651,1.577397818603018
1819,1.1210010139601776,18.06893906275028,11.141579019260913,1.3292334733450932
1820,1.1238245554794912,16.290041000064466,10.995426443138719,1.3645423702329207
1821,1.1215905069953434,12.818231100002352,10.780073994826706,1.3674730528219583
1822,1.1228810396184872,17.19269000907322,10.707234384546974,1.7698275676418005
1823,1.1184855774613909,16.315147848902786,11.840545203496049,1.0723048757137568
1824,1.120443444430552,17.519867292449707,10.934723281968166,4.6330549505404655
1825,1.1212751819506388,18.213483578803334,11.276277074229338,1.5724960613202381
1826,1.1221151901942885,18.5193389931811,11.624795968237137,1.5496369239384202
1827,1.1211043308053843,18.103203583100434,10.97638710059607,1.29290705422988
1828,1.1214924048089854,16.747958319552694,10.871583163015893,1.552670222085242
1829,1.1192476397241813,18.011376149294296,10.975040628916595,1.7749032558166387
1830,1.1224715953605358,18.133771463100366,11.898967955208589,1.276421152094059
1833,1.1176759952322592,12.128405197628396,10.636788451365586,2.536722454111417
1834,1.120525195357673,14.241949541421903,11.014555720476759,1.7690132180382665
1835,1.1201893680818111,14.783240052779023,10.792912419812192,4.34420080607069
1836,1.1165965063855832,11.718702341849573,12.297126883140349,1.6613435148062878
1837,1.1152307929946963,16.235360368479487,10.729633589313178,1.7971397032256626
1838,1.122089913455102,15.19439169087969,10.009542734258774,2.2013254377041687
1839,1.117121246209751,12.719904553624534,10.814730774550934,2.4994006169608953
1840,1.1152837831716835,13.339110004095241,10.67820897101618,2.2692772376980797
1841,1.1120220118674387,15.814456278761226,11.01936296273534,2.446124495747849
1842,1.118718960848349,11.749189524571413,10.688464687694879,1.4952046693165346
1843,1.1119162911465188,15.91029237041222,10.627536672779861,2.1741608071595295
1844,1.09848911507001,15.362195823101874,11.528508501747291,2.4585854973031087
1846,1.1097557811625296,13.699784662782356,11.608220157967114,2.661260473253525
1847,1.1132500642562662,13.08657276132853,10.766691376043246,1.0921937172108673
1848,1.1098221978063783,13.923010700756446,11.129263445041286,2.1885011444056057
1849,1.1131720593750785,14.87846668898883,10.960131703180556,1.302823722633887
1850,1.1109561588987023,15.93322234731973,11.053687949645507,4.830217718589555
1851,1.1090451005476885,11.645285804285741,11.316462800585679,0.7840692499510696
1852,1.1110962714280765,14.279307195260555,10.539884694333953,1.8534513042948269
1853,1.1108075985004147,12.993783882247223,11.880996583098083,2.1073674341658912
1854,1.1117314312833078,9.602360296017352,11.808279449036561,1.737027283907028
1855,1.1147859828705027,12.929187976927688,10.794902235356172,1.6140230295704872
1856,1.1173540294288815,14.596118455212066,10.644669706794103,2.43198553819097
1857,1.1202239696207947,16.164190284818808,10.884578372131893,2.068230400276593
1858,1.1180366950689804,12.272171859093593,12.13605213616457,2.235425631469445
1859,1.1215660493289317,13.918422215021273,11.943853025785668,2.1352621732698815
1860,1.1305369879830471,14.165791192081636,10.103155880904566,2.0778840518401336
1861,1.1319797119641062,12.265005536217153,10.760444565953415,2.652302195626784
1862,1.1441202649760072,12.231574334227165,10.834077976978582,2.4615250112400346
1863,1.1625896610601154,17.330819930471403,11.420195172413136,0.9875276634740819
1900,1.1724458859429117,10.50275340309147,8.317150545655167,3.979677951444755
1901,1.1415380503384116,12.959151664152001,10.555818951691544,3.0493217648278312
1902,1.1371792208990907,15.130843783485915,10.7119217321531,1.7040987076786702
1903,1.1340996084931634,11.473612599570355,10.37790215632622,1.1166548882750191
1904,1.1287239850364408,12.54296197330819,10.545176287913458,2.5573923796887903
1905,1.1303214433824367,10.574392885298339,10.014524893156512,1.6330479687672428
1906,1.126123995177164,12.15573905183698,10.346366971277595,1.7095797738140777
1907,1.1249895884277648,14.092356986672616,10.507822456890896,1.7524404106812415
1908,1.1249672860787139,10.641389054366853,10.640171948974471,2.2169695281059494
1909,1.1228628689623823,16.195522573468914,11.448223707989516,1.7064828411460498
1910,1.1215349226061173,12.404499519869978,10.96600317081348,1.2348082068963964
1911,1.1188627406638976,13.732581233807391,11.316838820555146,1.388990878246498
1912,1.1190143068919265,11.8216299953986,10.469012319574272,1.7214614895375993
1913,1.1193319341628596,12.57310756550284,10.943993194207334,1.0730942333617375
1914,1.119710352034809,14.451149905934773,11.171162761136603,1.2317015096128041
1915,1.1243117463921573,12.275772971593124,10.154655488640417,1.5820288558647726
1916,1.1240016046987784,13.4611720111865,10.680759480288105,2.2302898648624048
1917,1.1217171766697165,15.096760118015837,10.837448456365033,6.580150418092729
1918,1.1232346714550787,12.06864672372348,10.312760288920586,1.3487512791762937
1919,1.1245453762413753,16.231463418478796,10.51152404486513,2.629410210828004
1920,1.12503503613596,13.952361783804934,10.789510168606402,2.294445321204651
1921,1.1234604559747834,10.519193131466409,10.479690419221443,2.0903446596254276
1922,1.1269410316082802,14.572557855156903,10.722483716210753,1.7588793326976253
1923,1.1210825065194059,14.144170415682161,11.239232422043937,1.1436585011085232
1924,1.123000010154865,15.257101248431722,10.798344236605962,7.362272461892328
1925,1.1230912866997849,15.979736523242895,10.798655407119902,2.4655008226580306
1926,1.1258408040393089,16.78077049283612,11.17656380158575,1.127420323002691
1927,1.125864615313936,15.317174351243136,10.75327717085574,1.4433377786644814
1928,1.1265664940709645,13.964525625334554,10.874706975938738,1.0988215754590425
1929,1.1232274037044498,15.476435279770323,10.687828308823388,3.196952208278652
1930,1.1262980007882022,15.875706503686187,11.026201652281387,1.706285773341331
1933,1.12289265604679,9.52627378822884,10.389545326750603,3.8132596839789747
1934,1.1242292096323703,11.770266857535395,10.45762400604486,1.7424133183133517
1935,1.122202353929107,12.049516297075744,10.90221886048087,4.092257643556242
1936,1.1183998292900874,9.481625330963746,11.889547236666994,2.282258072516617
1937,1.1171222143650683,13.890723195718111,10.313521826083377,1.7512281317662026
1938,1.1277707645987038,12.599344630234306,9.552465627421393,1.5626204276264306
1939,1.1191793045849474,10.565674684944735,10.538454660651006,1.9956758368948637
1940,1.1198659326390437,10.458975407819013,10.679598578742247,1.5031900386929076
1941,1.115881446337345,13.316975223107306,11.125609317113407,1.7010824397044542
1942,1.120226457931652,9.319858442745968,10.17241506881618,1.3846328264538486
1943,1.1165953867776417,13.33465175983116,10.36131175928573,2.136039970361451
1944,1.1028786415119476,12.8436614714446,11.400416997881532,2.812539348805275
1946,1.114923210612428,11.100281409351433,10.76755662381333,1.5583293463970436
1947,1.1197199466264853,10.665139249227991,10.168440706285503,1.720033537569666
1948,1.1144933900370817,11.42697030250525,10.874993989536197,2.1108677242503044
1949,1.1165706774183795,12.36601616813587,10.67665493334288,1.5987292317120307
1950,1.1134374184132048,13.435367891133271,10.581682832908301,5.123568979399594
1951,1.1126618263645587,8.988724277605266,11.100826058506465,1.3538295529518973
1952,1.1155650606989165,11.79651677247971,10.229391590003528,1.3879416840914123
1953,1.1137634153073717,10.490978221660495,11.381954801423264,2.3351571002964966
1954,1.1162486545705053,7.051715084809942,11.272510599633911,1.4053057368791708
1955,1.1173144411572407,10.773581866885396,10.608415562575209,1.4266192617129916
1956,1.11892510181419,12.15392513468064,9.738181144019457,2.4568439550650916
1957,1.1242122295737271,13.726880669339401,10.02574870791002,1.8395720027249192
1958,1.1214148953073433,9.878398838060427,11.5602192685545,2.0818516824635314
1959,1.1248068762371182,11.136184174965482,11.47091748551186,2.113770831480945
1960,1.1342770242097902,11.638129336109015,9.39240390813615,1.6583896094624921
1961,1.1362054569136029,9.542600513353706,10.484849931801675,1.8395371055842802
1962,1.1485447059769882,9.52306401678729,10.092775408138154,2.9230506864982075
1963,1.1595924423757535,14.506967816810638,9.943148274428822,1.2064534491724477
2000,1.1644987972916514,13.632798837961587,9.230766499681058,2.427914304592252
2001,1.137452995677266,15.267549138394427,10.94291293361921,2.4100522263631965
2002,1.1320962071600364,17.302479035619555,11.494322475717537,1.6246337891315075
2003,1.1290281240519182,13.713236505579683,10.835248512541483,1.3715014746113905
2004,1.1217853281406835,14.556882239176597,10.869705522998869,2.338991649680447
2005,1.124710082193623,12.886030554440401,10.588385255485763,1.424317094247069
2006,1.1195763582293883,14.688150726687129,11.34273273770931,1.3005168860810439
2007,1.1196621119335706,16.536757723585417,11.188828893327292,1.3621895240131328
2008,1.1196894281636625,13.005728664705483,11.117814651059012,1.2325523681236337
2009,1.115587985114089,18.299524780178835,11.808595522895782,1.5139638498807282
2010,1.1171564930698459,14.447146948051943,11.557229936649321,1.1389364089056986
2011,1.1134436671942334,15.765858509141761,11.733559863469655,1.691567146241553
2012,1.1139982633977277,14.193584031208852,10.932319597901788,1.4410687129404045
2013,1.116349968738935,14.886111440476654,11.41325995637256,1.947643198755431
2014,1.1157220320590986,16.96075418612988,11.362885940269182,1.9805428881400733
2015,1.1178244766336192,14.281847613113957,11.131557506725184,1.7722147769386438
2016,1.1192631153627617,15.93344816526977,11.289154737201013,1.5172403275030197
2017,1.1174823121290145,17.214891613190126,11.452085262435277,4.196943059352363
2018,1.1199043736174323,14.111560459319067,10.86228319384574,1.4090736032666762
2019,1.1191438299743117,18.28859402977629,11.620120917513885,2.3490842839461266
2020,1.121501540069804,16.444466266651272,11.111679940012406,1.604693732429151
2021,1.119803487178653,12.75704481356777,10.915506250121613,2.0532975152647133
2022,1.1207914552324618,16.944977609525857,11.045068093464844,1.427111304673126
2023,1.1173580512537278,16.41085085638032,11.632412928586648,1.5019092544960104
2024,1.1182586526838272,17.339792166799896,11.406559581427908,5.055045280376967
2025,1.1185604127199866,18.030305176246735,11.823057314284988,1.505805030775281
2026,1.1217594419876642,18.73546524310467,11.67145925158685,1.4472824330503447
2027,1.121443590360256,17.978583362622793,11.18694100795309,1.3763310571899454
2028,1.1212533423469166,16.49090761615963,11.680288972026526,1.66980372413338
2029,1.1182890648947865,17.820612028210096,11.236897414607059,2.1897482647301887
2030,1.1224866123679633,17.929764080094582,11.77521739964217,1.694440261223791
2033,1.1191884615923915,11.688948218879926,10.716349093242748,3.0785304738463672
2034,1.119593687030348,14.049102363852901,10.956663746599348,1.6133725827909449
2035,1.119815254920249,14.429145115805257,11.179897184296006,3.907166767872438
2036,1.116929005143535,11.51987678612613,12.274483941809773,1.8671956703447627
2037,1.1146060941207592,16.53717478610366,10.658649519454151,1.9009246758573781
2038,1.121638193256652,14.838696786579456,10.341166346420122,1.6622904921513095
2039,1.1157799319539394,12.508651722773767,11.18899290216911,1.9053400096660114
2040,1.1141321290038078,13.220275165654616,10.967821184591378,2.004192062604801
2041,1.1116353674995236,15.507806254830252,11.473015385050212,2.1085416213713484
2042,1.1190876159844878,11.719792313530093,10.566603165293575,2.2821638815160403
2043,1.1123471296598495,15.732783987224813,11.206741507728685,1.430575454536547
2044,1.0969576225784823,14.74164486679454,11.835476866215672,2.004198573625373
2046,1.1084535937306044,13.219359232964798,11.59379259216833,1.4314728484360946
2047,1.1128712134261083,12.885832824566823,10.787128761806162,1.2148283923237493
2048,1.1104542346668058,13.440159725501063,11.323981639963865,1.9465286030930624
2049,1.1127156932197306,14.541165744814059,11.270777308240312,1.792224150243496
2050,1.1077036837590803,15.645133489240097,11.223130165969806,2.1955667421150697
2051,1.1067258648752119,11.514188807255039,11.725049369551499,1.2808480003112188
2052,1.1104509137655412,13.947636810378722,10.662803713452144,1.4511713984848067
2053,1.1071164113235414,12.752618917708803,11.884493119581833,2.2984542127479872
2054,1.1078548459820674,9.313895374040124,12.045571317535417,1.5513892592426746
2055,1.1113323854687729,12.913412415674891,11.163913651573068,1.4493264575942377
2056,1.1140212291656673,14.362691622657708,10.65545762879336,1.7031923433587999
2057,1.1184378959931542,16.124581408515112,10.82131871594231,1.9457279146413444
2058,1.1161740516455916,11.830958764734671,12.551012060951047,2.1505811686926117
2059,1.117322983681352,13.701539764047771,11.970586613504716,1.9708169659355472
2060,1.1302318396401816,13.86539243424343,10.105597955252902,1.4967399699327433
2061,1.1271954610807355,12.496091162595077,11.080188537626425,1.902619479606905
2062,1.1396969801814374,12.451565773117373,10.574797683091143,1.8694479307685161
2063,1.1585906005387296,16.846940895190034,10.641017225605607,1.2494059023453392
2100,1.1624652116459078,15.677812067443881,10.032389797487307,2.7830084655161342
2101,1.1346634318585571,17.254699294375005,11.330274853077073,1.9194059603399445
2102,1.1258977281044538,19.686827457651887,12.197654087096213,1.0867103820595874
2103,1.1238248597170661,15.513735698063622,11.156523051911618,1.6707327864004815
2104,1.1185314351877287,16.432740986901237,11.61220560253414,1.8143327031024774
2105,1.1225697783438129,14.317013278629169,11.003648972790296,1.6372858863821766
2106,1.1145599211260508,16.617872051758557,11.622259553486202,1.2359289735445709
2107,1.1153578911693331,18.652378274124196,11.194757332700348,1.4935537013560918
2108,1.1143168164692494,15.007799676633567,11.797205614402689,1.3081455070630041
2109,1.1149123769979077,20.39686703998732,11.905658386210732,1.3811746247248382
2110,1.113861412882694,16.551377495347797,11.867393898426961,1.2415743517558528
2111,1.1114194444723153,17.860648647391667,11.894966374700738,1.2151148139881733
2112,1.1100928503214955,16.384550593978233,11.398843588709791,1.5735068096212508
2113,1.1117969415661504,16.80323193883782,11.936452080627243,1.7298017588264767
2114,1.1126402405993807,19.031831912718005,11.7517602329243,1.5350328007309986
2115,1.1166120443335361,16.38625595071784,11.41477525068723,1.6730174306033487
2116,1.1162417063421601,17.57736233166069,11.22502688153832,1.4511531842422476
2117,1.1147569556272903,19.267150197050352,11.585156439311726,3.0735316916112634
2118,1.1161360193370664,16.284643951141817,11.043270052731055,1.5479553359114278
2119,1.1185540705529826,20.208345051840556,11.567299624509074,1.2977232030271029
2120,1.1202163567353058,18.188142978097133,11.846958400025054,1.6008590183733353
2121,1.1197571728321443,14.448640135548315,10.92611099501775,1.5439073276222577
2122,1.1202811258619558,18.573883899298345,11.251521671323196,1.7859741048234448
2123,1.1165458851195704,18.13918971844739,11.757931302247009,1.8448442411269588
2124,1.118480655193112,19.404788552261387,11.437221742067146,3.86688750616326
2125,1.1169495575844888,20.12377050254472,11.671062933100615,1.817917554251244
2126,1.1197124117435477,20.906108119123356,11.76635444918746,1.4710916265187088
2127,1.1189253238814145,19.831056884514833,11.484494979809575,1.5858474599834818
2128,1.12049133006517,18.32766957106626,11.554445378468017,2.0431419055548816
2129,1.1157040000816278,20.164492078843733,11.309639097058895,2.0845169307491997
2130,1.1200549287925363,19.773637085195634,11.944723488138889,1.810774623679835
2133,1.115460945832972,13.924349913426495,11.218597859478024,1.3177065704343334
2134,1.1192238782776631,16.228597063587223,11.104368375869036,2.0331296723352885
2135,1.118132904875689,16.188405128177333,11.419783296045063,2.568675546590399
2136,1.1109912542451013,14.015819298727163,12.383951646943236,2.2685698251450557
2137,1.1142086425755078,17.924618147275275,10.7457696003959,2.4451795643348366
2138,1.1202213813684052,17.180786696523555,10.376662474236214,1.9824685722013085
2139,1.1139085695900968,14.313570752110357,11.502699978160395,2.491703574117403
2140,1.112021431186457,14.875620935484529,11.354261233451961,2.123344285547824
2141,1.1093181341097917,17.57477700503097,11.912464637913372,1.8935459648926112
2142,1.1122559362342181,13.825033579542291,10.886137213671885,2.2699001583705325
2143,1.1100958500674363,17.387493928163803,11.494274150017397,2.2745716669178204
2144,1.0956907217037721,16.962945113560213,11.959798071293841,1.667128265068552
2146,1.107534456635432,15.40531955409529,11.629733127403673,2.135378863490072
2147,1.110587698074011,14.931858483730485,11.611703020393971,1.0133317542097862
2148,1.1082982874102263,15.326343102931025,11.72412552618742,2.411625012508431
2149,1.110522750587884,16.22849822036397,11.618319904646317,1.1635351449899292
2150,1.1075815424390651,17.41190191053109,11.822438455360787,2.6592621072014317
2151,1.1060094777383305,13.026768653186377,12.259427069445104,1.096191720811844
2152,1.1079573675774015,15.698981599788056,10.968077508220764,1.8438770316786743
2153,1.1054624272629794,14.65074149194297,12.118449699155484,1.5778971277778213
2154,1.1063388028217338,11.294779778590714,12.370918411778268,1.9147519763833973
2155,1.1074045360772886,14.976102893578416,11.41639978991706,1.5295726355041777
2156,1.1115659437234036,16.211199610061417,11.166452044014036,2.6794001530375278
2157,1.113279725478981,18.212038635849634,11.257698868010761,1.7204186242459416
2158,1.110956261295517,14.204953310990176,12.775214443216933,1.7564181972487145
2159,1.1137408177647352,15.688112512539853,12.830973773732852,2.0568276182385765
2160,1.1232842977064779,16.023704152701118,10.789634882461266,2.510779207142049
2161,1.1239421809701293,14.41371877373303,11.594672690976152,2.552018316458966
2162,1.137230489826154,14.293672615580027,11.549714593743948,2.0995735055648925
2163,1.1540612872445666,20.64658094850186,11.543932875873558,1.7145822406708389
2200,1.1665122780172146,15.957105985208745,9.034266321346445,3.345306391140447
2201,1.1346289446977122,18.21551279640316,10.95664985141441,2.6814613824178997
2202,1.1277986423660455,20.571558991400092,11.251004751847532,1.7188813458430714
2203,1.1258816388824482,16.7009903719563,11.106886020676507,1.2458713675794562
2204,1.1196832359781554,17.92030535175004,11.182033966626525,2.558702887350185
2205,1.1233212468165243,15.569040034866624,10.415859105264499,1.272144881857831
2206,1.1194399992550255,17.359874203272845,11.022688628525831,1.0140207966994108
2207,1.1181960755384435,19.744555482995764,11.037376976637425,1.7273395716909796
2208,1.1189270911785716,15.425523022043311,11.005332005847393,2.152572681351411
2209,1.1171472185799851,21.41767768184889,11.549922554658497,1.392084802459897
2210,1.115212478282315,17.657744747505184,11.086782834816509,1.3103297789762707
2211,1.1133159698348623,19.058261371821505,11.068291574510361,1.7502359581165565
2212,1.1124438475996385,17.360232691930907,11.058240252420507,1.490942804780437
2213,1.116596450969269,17.918287055361905,11.244639523051044,1.5051541651467577
2214,1.1160184760229845,20.000413766535424,11.335395104005164,1.7362549338509226
2215,1.1206606808479886,17.399096108355085,10.686555398552697,1.521439815202601
2216,1.1191807160018445,18.77257028434821,11.026846596748,1.9451148613453053
2217,1.1171308353606817,20.308907711131802,11.21530581227361,4.816086556645796
2218,1.1185441106570924,17.062620405697565,10.8119560357492,1.1350259172966104
2219,1.1196792178902135,21.282872911712005,11.265019754416496,1.5322615547620768
2220,1.1205716760234288,19.182687143865742,10.904206184601412,1.3325062821454878
2221,1.1209766718558527,15.48723296959886,10.715788476506845,1.5986623596962324
2222,1.1235281319546944,19.673194267892683,10.925381795567624,1.7116309041692188
2223,1.1198160178382652,19.261896381853447,11.428122694222038,1.2787154696867773
2224,1.1221418227054643,20.008244672049116,11.0137801084728,4.747955527633994
2225,1.1209931397927655,20.688470060054104,11.453863047776958,1.7399387894054048
2226,1.1206738801223708,21.95653975376608,11.236634168412191,1.3062744416493466
2227,1.124488985395954,20.835254892035067,10.80519192165415,1.2135964246979853
2228,1.1241823707521492,19.083030093048993,11.069455015373507,1.9366162914919143
2229,1.119830686046193,20.70656208473064,10.86995307557715,2.400220034625981
2230,1.1223121678414383,21.070676446917297,11.488682413421836,1.4592334750987412
2233,1.1199883247829774,14.903974892174832,10.597770336818801,1.7969915959948388
2234,1.1201138237745478,16.979314857391145,10.796442679237826,2.690431544594042
2235,1.1203814234995602,17.623498728880627,10.908382421225228,2.29475575078451
2236,1.1158372743573113,14.88160668446352,11.936281321729929,1.8949659334594722
2237,1.1158534418765556,19.573488605501034,10.482118464849696,2.341185541521352
2238,1.1228177127724424,18.01099679465556,10.278932065595113,1.9290292197243688
2239,1.1170703115535643,15.264457179370334,11.257851696257198,2.5115630712908708
2240,1.11715057818477,15.941208973196797,10.656324369184956,1.945176395331169
2241,1.1119474713500883,18.867022354225956,11.24043130857946,1.9758811737732904
2242,1.1192234835091357,14.506547554192512,10.314068019113817,1.7739164070531126
2243,1.1124270005424517,18.67976636778696,10.857954943086051,1.6905355355261689
2244,1.099266170197625,18.0347136675521,11.469990010528234,2.358077100568814
2246,1.1085255154884868,16.0598570414493,11.356989568785503,1.7126042046679608
2247,1.1131111041478408,15.85734654354967,10.774372609773096,1.4709118356785422
2248,1.1097889429465164,16.636704914500342,11.172950218764008,2.337933650060942
2249,1.1117776577640932,17.5194313535558,11.067169911179956,1.7342542035134367
2250,1.108057937878379,18.730764058518623,11.089209852793624,2.4153285699105296
2251,1.1060091296414485,14.403099123501319,11.403942639365352,1.8989350027218228
2252,1.1103797872157644,16.85471026216619,10.35410754690316,1.672271793601824
2253,1.1056112186116984,15.856304594680367,12.043918665678316,2.1728417325347054
2254,1.1104441163691416,12.302034129867875,11.977196311243759,1.4256549869764936
2255,1.1117605860981197,15.716847176775019,10.838667409671705,1.9062343295481963
2256,1.1129875875031952,17.218370787063137,10.46734975895886,2.2281622391060067
2257,1.1161362865233226,19.280513092777184,10.652178842400925,2.0770540102601136
2258,1.1119787789533193,15.14867561340835,12.185465069140673,1.9105909035410806
2259,1.1156050080297082,16.677822906469096,12.445819690741999,1.78253591280108
2260,1.1244762822496663,16.748437816177887,10.120173634083375,2.2976318444201667
2261,1.124588088933763,15.233331815674,10.93616547232635,2.057251570167308
2262,1.1370153659123672,15.014973705209977,10.46688579811913,2.4498870037827802
2263,1.159132193651333,19.277350517084333,10.315789653108913,1.9126042186514554
2300,1.1615877501671192,15.273141582826385,9.211829894965462,3.984241691548308
2301,1.1362396636419363,17.28046922588623,10.885983690992987,2.3378555772181246
2302,1.1301539852182216,19.6125906514194,11.230121084710092,1.7819980270241529
2303,1.127733958570395,15.840820934735225,10.722375200767043,1.148574538701188
2304,1.1204199287446799,16.909662972079,10.834210352294043,2.998264175678289
2305,1.123633007433831,14.681378938520414,10.6912453567276,1.4539171949484426
2306,1.1191380246197014,16.55287672565574,10.881068573384574,1.4536248993579075
2307,1.116965897451559,19.030140914819842,11.308654344993673,1.6174677534669242
2308,1.1181284193944356,14.735395507324753,11.296058799558477,2.267466891512302
2309,1.1175783833393793,20.58950726486651,11.805854278008637,1.2818341472269694
2310,1.1162262578403075,16.696839771322065,11.51369260921488,1.498314362974178
2311,1.11386619566,18.412438202594693,11.798853047798055,1.1154700458873765
2312,1.113536835258789,16.406568372505735,10.81699985047248,1.5854205916202893
2313,1.1162993464713982,17.17280175767718,11.267000009427703,1.9301918418261208
2314,1.1175849319161906,18.88640532176236,11.19716937808707,1.7583353952772878
2315,1.1194615598802464,16.797898588624868,10.864745294202333,1.5127357726214217
2316,1.1184904859870946,17.846978449271074,11.473312462573944,2.2916277944846217
2317,1.119212763450205,19.41862257140221,10.953161718563779,4.201072784110008
2318,1.1168576038787283,16.582310380986655,10.91861587142438,1.1670102658312902
2319,1.1181342086426151,20.467696007793332,11.21195762019269,1.3356726448113498
2320,1.1241518570133349,18.288667566424042,11.140896762656139,2.2255720921391458
2321,1.1211357665482031,14.623974712454993,11.162640623264872,1.6766790252999582
2322,1.1227538731124427,18.84869502172458,11.208595491425697,1.3834105550944777
2323,1.1174855782863724,18.76260046201938,11.651470190087752,1.313605834673789
2324,1.1205683129645037,19.375957630665205,11.13912668843215,4.9676579515716215
2325,1.120857029803832,20.018691387630298,11.788431077240823,2.214036783421385
2326,1.1218302144950743,21.02255317629781,11.926054809134843,1.3294303166852144
2327,1.1218546401117042,19.582792498870734,11.572592104415092,1.7737489152341142
2328,1.1221211729644316,18.485536787072565,11.405348849224362,1.3272144494784146
2329,1.119668204555848,19.817585130540635,11.034868403276256,2.6579599621943495
2330,1.121605118406265,20.16817959051582,11.700026810360262,1.6690092522038393
2333,1.1209319409205283,14.303754237651818,10.664611357368502,2.843416775863632
2334,1.1202412092918426,16.410745632988288,11.012210531361125,1.7467447813505075
2335,1.119573077430241,16.58490648983837,11.298801588061664,2.9051073995676355
2336,1.1164215184722892,14.073468744878564,12.314198197644902,1.861181702841859
2337,1.1140942224467014,18.33298208650695,11.141492078269925,2.4737258290261055
2338,1.1227657542107077,17.390224389301398,10.164865613397495,1.8143928641883034
2339,1.1169501739872116,14.735440349172057,11.138355784411322,2.5137564225911717
2340,1.1147238644350905,15.518143443591665,10.865429691528298,1.7948534567605428
2341,1.1132388581199069,17.631142694843156,11.55667579126047,1.6708702053779456
2342,1.1183473918551907,14.044818252828701,10.539347801659199,2.0786494074833852
2343,1.1139665162399568,17.991033371542716,11.031891755498423,1.4530003704957215
2344,1.097899613418819,17.04223111300908,12.21618725689207,2.350387086378769
2346,1.1096406923008,15.287182195533124,11.630387205678263,1.5696220183937477
2347,1.1125244127238385,15.04429097766092,10.980481296515704,1.5260139591254551
2348,1.1106221376295387,15.665287289429552,11.137707093657111,1.6748653914265788
2349,1.108771717532151,17.28991613663904,11.23116112674254,1.5317657986761404
2350,1.1085748897783214,17.92173854651641,11.142469426922347,3.972243431297534
2351,1.1056953006805703,13.520099246770334,11.728146706681878,1.637476354444223
2352,1.1097878364069929,15.949709938653537,10.772746369223139,1.881982633562739
2353,1.1058157448990509,14.949931961020456,12.09573207793805,2.2685982910083493
2354,1.1081262115627948,11.351136106788546,11.884126728116208,1.219361262760815
2355,1.1105944069116938,15.039868914134761,11.305101858735705,1.7810562725605108
2356,1.1113940507134603,16.708606329860267,10.654588819189364,1.8701018626464447
2357,1.1148446046759497,18.45166760234524,11.077460558743152,1.6159926017080406
2358,1.113049241817191,14.270880839024265,12.357606712800825,1.5704552418876454
2359,1.1163332469502303,15.87915726439658,12.142287703131343,1.8746049690857989
2360,1.1262339817559615,16.06100679658826,10.248342693659998,1.586030067573651
2361,1.1276650747396693,14.439137106287683,10.914693588850078,1.9479498524772476
2362,1.1384358525748564,14.18540902827749,10.711617747883688,2.5014129136147045
2363,1.159153997019804,18.05781908553381,10.817903647658435,1.3543835115405658
2400,1.1694254525620007,14.633558029771697,8.193134328238328,2.49667697290316
2401,1.1392833111797187,16.8255457149925,10.531033324331677,2.1477378153327997
2402,1.1333113984478442,19.142752994995956,11.081699442956317,1.4991556078343866
2403,1.1320562144448705,15.426578267513742,10.320115058925005,1.4513426283993767
2404,1.1231505736400373,17.010699377077,10.33288896663824,2.8477279121555457
2405,1.1282400697745196,14.749774419382206,9.888167664053528,1.7574737855517757
2406,1.1245286935303416,16.660645472508584,10.498043747109476,1.0705892525910372
2407,1.1209176357520048,18.82298491927901,10.635746390043982,1.861347256329787
2408,1.1231262987481065,14.652884761861397,10.783237345392045,1.7180805302705622
2409,1.1201195839115303,20.404610753237534,11.340151026462172,1.6295072413461695
2410,1.1212552922416557,16.67978509147986,10.841425315905102,1.8446649019936583
2411,1.116441638408562,18.293245990554258,10.96815149293416,1.5260127953505578
2412,1.1161922602178502,16.569568814313946,10.666490982166826,1.471321837393762
2413,1.1198164261651604,17.087298091936713,10.83447276125172,1.472046122916821
2414,1.1210797255119422,18.793708735788535,10.682464879831807,1.081174799263815
2415,1.1225274599543982,16.446354464508456,10.22712776594649,1.5315607698703937
2416,1.1228892795157701,17.77753954352101,10.508995864563351,2.138772000670242
2417,1.1200299718329936,19.5545045621771,10.75802715737094,4.308870048090996
2418,1.124150403693718,16.04544161216191,10.350446383927672,1.6252847815523221
2419,1.1256872087774048,20.297378912309235,10.56134868370659,1.7651675741924986
2420,1.1252950120535228,18.414997798169715,10.70835726218853,1.8196135381271568
2421,1.1251564037722181,14.634663285229529,10.261013028867758,1.9182140212864065
2422,1.1256471722850403,18.447001469912177,10.776561198551843,1.6828866988214326
2423,1.1227736916898179,18.197429624503794,11.066628361204403,1.7977968383605565
2424,1.1249157934968037,19.425066298556764,10.59152525297294,7.323067642243878
2425,1.1254737623000302,19.892397477172697,11.045950144805651,3.511937294471631
2426,1.1270215915194428,20.92874961554469,11.167617014438301,1.70695640213635
2427,1.128938957581343,19.329333909776846,10.479349147262228,1.6756335143781491
2428,1.1278136452851588,18.414931397851092,10.454707484506704,1.4698929240503034
2429,1.1246587260329157,19.727930804006633,10.695390253112548,3.6489232182081466
2430,1.1265207362405862,20.0291523789529,11.319738476662259,1.3332050397155548
2433,1.1245037312172343,13.919955633445877,10.211441565557786,3.105926023781351
2434,1.1253331243392246,16.139807048033916,10.381652623342594,1.8089278990865658
2435,1.1246665698144198,16.283048547642736,10.284345005071096,3.4263554436459267
2436,1.1205463615500566,13.758040787604376,11.647147829047837,1.6195485750970287
2437,1.119515710159247,18.398673002742257,10.174550165793118,3.543278112051953
2438,1.1271605267526201,17.321943320684575,9.789682534877288,1.8717847484187518
2439,1.1205544477113696,14.977623339359305,10.558050813966075,2.5040288751242055
2440,1.1194742568528788,15.330186156986743,10.52980397467552,2.1836091837722416
2441,1.1177040898365525,17.702424323762177,10.986432793086054,2.2550171386520352
2442,1.1202504799809792,13.442851848910957,10.13383755152759,1.8620520900257693
2443,1.1172921448530417,17.437712340951116,10.695135177516837,2.2172912340946223
2444,1.1013392892783682,17.07569305452086,11.283548929364265,1.728420822470742
2446,1.114133254318392,15.330817877132741,10.665002767679058,2.27726280025571
2447,1.1155049916003208,15.215347330491724,10.644898592251037,1.545129185353887
2448,1.1145775461557303,15.746404798931797,10.665233374818225,1.7143808895095665
2449,1.1151308650184473,16.971463872834118,10.717754450110293,1.8050672254288587
2450,1.1129211368048968,17.75725238280448,10.734339060784409,3.992917442293776
2451,1.109266001994971,13.598286767596253,11.359823217953688,2.1032813249013307
2452,1.1149866205907226,15.912225152934033,10.021627626016027,1.6985925674103006
2453,1.110631358548462,14.474020775649583,11.33244011437909,2.38420165101262
2454,1.1117202705034164,11.235702166757173,11.544136089257691,1.5777969921510244
2455,1.1146310773165162,14.66773724416,10.577180641550735,2.027112627230747
2456,1.1150160121513022,16.535609576409005,9.992618360519371,1.9683198083778615
2457,1.1191728413922715,18.249880211058503,10.304303599217082,1.6839688944469702
2458,1.1158787756976662,14.268400823698233,11.747266652268554,1.9487450224664413
2459,1.1203487846536135,15.341038097731397,11.69592721068592,1.7576243360848636
2460,1.1286870191642937,16.16937275404909,9.429698898523945,2.231817611015088
2461,1.12846491235564,14.113209634587879,10.761963023426052,2.1792973278693433
2462,1.1400180324931943,14.045347679223916,10.189321660863836,2.5426707572856704
2463,1.1566764310105502,17.979993625934096,10.56143282369541,1.7309533014002323
2500,1.1685596446680941,13.04489944176384,8.731495373830677,3.8144775241777986
2501,1.139024978394129,15.183258469968532,10.640259209629408,1.9693490244820198
2502,1.131055660296984,17.575605621952356,11.31109047014927,1.628257921169162
2503,1.12916805909941,13.582085912759817,10.740729611955462,1.293018772107537
2504,1.1227244439654285,14.916677340245045,10.924112314589147,3.458637932209507
2505,1.1280928555455643,12.793030754704985,10.120313376476755,2.1322095515226787
2506,1.1223921031107682,14.684797672616632,11.074067677175128,1.1288467635107011
2507,1.12335267059654,16.731461068553823,10.982716663352507,2.0612898836968507
2508,1.1223535900037995,13.040903106350271,11.14030719660167,1.7644029924964715
2509,1.1210105683120828,18.391985820703074,11.38537835347089,1.6280972745868698
2510,1.1181810210883683,15.003860142023893,11.502604953596839,1.666083850118341
2511,1.1187659082638466,16.15152510704918,11.445413405641567,1.6042880302409857
2512,1.1184307865237881,14.444489211713487,10.616662939320367,1.6416222296717229
2513,1.120228034382684,15.312693895981374,11.076617323700154,0.9360553797956702
2514,1.1206453181944274,16.965244244602594,11.158851931055542,1.82126740355484
2515,1.1226599569869862,14.544273238887543,10.767541823274147,1.7294073084725596
2516,1.1226136196324847,15.977816578847548,11.138543041448973,2.2566725656994073
2517,1.1199243430124597,17.44793790312482,10.980717236355046,4.43676270278818
2518,1.1213862715057574,14.398881321923676,10.648592967958656,1.3593874137857247
2519,1.1253260565509284,18.27269382162954,11.300683856755866,1.6290739797935572
2520,1.1273984494160478,16.462102080804183,10.74159957416398,2.5418583130682735
2521,1.1256762092519097,12.635538799632853,10.792443396299909,1.371220164495588
2522,1.1281598516261429,16.92163814522968,11.121567768497274,1.530688436958312
2523,1.123266165959599,16.48629826048502,11.470452561199782,1.683344782326952
2524,1.125305920941797,17.41769016201076,11.028406007980797,4.9938195789902915
2525,1.1253535598265663,18.093011822452546,11.253860310105008,1.7106251118428935
2526,1.1270105579521945,18.912638734260007,11.093004449260652,1.6356659400611733
2527,1.127166763782679,17.737860916904737,10.970541680226246,1.508878965398591
2528,1.1274034958428816,16.695296933743123,11.061007499797796,1.7696906137925212
2529,1.1236158239460277,18.104924370729545,10.635303487106592,2.4231294429440617
2530,1.1267157806011434,17.97467063134783,11.649987068904677,1.6980630228660227
2533,1.1239100166462133,12.036917995809448,10.61076645562606,3.9892416764877874
2534,1.1249083369577202,14.21737544468583,11.028928283754892,2.1078796116472236
2535,1.1235804880171798,14.614530889674834,10.969613125726314,3.7376900078490065
2536,1.119941292322614,12.17537094484492,12.08191698455984,1.5961842177541978
2537,1.119197747911224,16.523255900807566,10.595374683214024,1.6791517618027318
2538,1.1270516721915622,14.987243367072836,9.971424333702412,2.1062162384039897
2539,1.1223151489550227,12.688141964802684,10.822051663861844,3.0032127270867535
2540,1.1203774727483553,13.398672149977438,10.946661960539478,1.4567091165922559
2541,1.1152233959984463,15.716099970287729,11.360520497860177,1.718946355666213
2542,1.1223108843816287,11.532532739355009,10.254053411789302,1.7386290282661474
2543,1.1143274146416802,15.905434125434533,10.870155232294035,1.5646877789053206
2544,1.102252128503901,14.993837732773716,11.396615904040328,2.235512518831718
2546,1.112912958105269,13.259690655033433,11.461317081960578,1.872602606278978
2547,1.1147939970082432,12.965236795407753,10.764265799453893,1.3820973321377574
2548,1.1134775347309884,13.737669968185775,11.190373831717139,1.8156229850616277
2549,1.1133428577310895,14.833822850310861,11.282928613942076,1.3785159507187936
2550,1.112772308188599,15.971468701256244,11.02638543042044,3.4649803779177377
2551,1.1105994610332104,11.458411219341238,11.410172023289388,1.7162082724056804
2552,1.113132985278466,14.0683219750469,10.647781424894967,1.3412291219203059
2553,1.1081173675556524,12.835630348022276,11.732364176361006,1.5896238562766374
2554,1.1112651968394964,9.52206438362626,11.846259137000667,1.2533378532320254
2555,1.114670935626391,13.231304259455497,10.856567887786689,1.1456807579701833
2556,1.1149366083177172,14.444696838229557,10.451544663122418,1.4173564510897816
2557,1.1181245630061363,16.112425049328124,10.786695342119073,1.804936679245193
2558,1.1156448874921763,12.185531800875609,12.159676702676874,1.8894010704171118
2559,1.1222928048460037,13.516762073054375,11.694320801832164,1.6621422278029
2560,1.1291447570447255,13.910857320810525,9.90674829337515,1.6142832743249218
2561,1.128886828314573,12.044532086679858,11.074745393308216,2.559818967045669
2562,1.1408880806394535,11.874977860797001,10.856547418126064,2.5124774386519597
2563,1.1574196134982833,16.038579395903877,10.52563124561318,1.6397098027877075
2600,1.163936275460838,15.805638910550996,9.371696071850579,2.986386346326441
2601,1.1321235400799394,18.300863579878477,10.756936175842206,1.578415177806526
2602,1.1297548290658277,20.318682886864618,11.265305229325604,1.3209853662186801
2603,1.1254723636359445,16.602385568464783,11.06449884474008,1.6119303941547019
2604,1.117880474256221,17.74224950585122,11.13850595284441,3.497719142718895
2605,1.1236731845122554,15.518243801129888,10.33604525470447,0.9971342263601879
2606,1.1210096708855544,17.521513598303947,10.833272718891836,1.1003423449438505
2607,1.1189443942777364,19.522432180908908,11.02520108377403,1.046262848659828
2608,1.1191979671575552,15.577850828894391,11.149894690900958,1.441736220517264
2609,1.1182008120427793,21.055470146939808,11.492268124448563,1.5357723564642642
2610,1.1166957554239316,17.591242355720826,11.440388829325697,1.4043720390488004
2611,1.1126939711367712,18.99673151004671,11.415238385220116,2.0123892506710814
2612,1.1146154213802535,17.230181114084857,10.6625927785066,1.6436684699766824
2613,1.1171013638569736,17.942748472918222,11.031813641186123,1.5202168745650904
2614,1.1178625321501936,19.46750358087761,11.375110304996733,1.3958596075951113
2615,1.1199607302703913,17.18229607015356,10.943900993885965,2.0987645710031786
2616,1.1199294787759282,18.781514456057682,10.80166762619609,1.6572699786196148
2617,1.119491928234183,20.114778203592333,10.883580031927915,4.656224005489583
2618,1.1211825936214002,17.173468078543564,10.528731481788741,1.654309057367707
2619,1.1212960448374176,21.09513129049537,10.784098490752433,1.423194843901899
2620,1.122849239447902,19.11948371525551,10.762361075004058,1.984112453619005
2621,1.1223437098471714,15.490389754162502,10.730900211182801,1.6719386590217542
2622,1.123825412934072,19.373911539289566,10.809812582170856,1.2785137091325636
2623,1.121205774041651,19.189713302163707,11.229286932535546,1.8219218164253297
2624,1.1217360064907504,20.205821040310624,11.03958880620253,4.357680415260322
2625,1.1213071595459214,20.966270728240936,11.042891703352486,2.5244690687131137
2626,1.123191043907834,21.79087368534069,11.60560902057936,1.5342758565019545
2627,1.1250596343669246,20.337483448721446,10.782584547832728,1.5919733992366119
2628,1.1238685344982682,19.51856532882118,10.921538120135676,1.8965629844426695
2629,1.1226966472623365,20.403410670145007,10.965880818782404,1.8220612435856047
2630,1.1259934412170638,20.364977145671066,11.584990907029198,1.7628495218204525
2633,1.1210352020278436,14.932371074455329,10.331225214172111,3.4502965175708233
2634,1.1226431995876875,16.91134295572425,10.63145704390328,2.406659834216719
2635,1.1215384582104613,17.328103062911307,10.855638901155876,2.5011527613595694
2636,1.117868548331256,14.637373406466153,12.039369626138964,2.71538282526002
2637,1.1178587165327152,19.137754290638973,10.830201763775804,2.5964551647388254
2638,1.1245306705215026,17.82521230968371,9.986918014125397,2.7798627397616715
2639,1.1180681444283322,15.064375235446459,10.829237782219376,2.1230751643596024
2640,1.118653421281618,15.978029283823165,10.660615601459927,2.2828431700885408
2641,1.1138691353501513,18.53465021190505,11.091228771098198,1.886069463697873
2642,1.1190682543747272,14.481841929170924,10.421208584073808,1.9437582049077506
2643,1.1116926877443682,18.669519266774586,10.968936842173894,1.9360265324581403
2644,1.0994825766306193,17.90444774278165,11.79603182494823,2.084799103844281
2646,1.1107258315929969,16.118186709161307,11.578087148550248,1.70407264088738
2647,1.1116177385195591,15.897172720044033,10.679359416063779,1.7346515153133992
2648,1.1099325485807519,16.55670800200091,11.001514003660361,2.253680461205723
2649,1.1105685394379678,17.616377501675487,10.99523638112997,1.8718475644893324
2650,1.1091873134362336,18.456007906757684,11.045207644463357,3.304193831364647
2651,1.10645088245242,14.508521280171685,11.63305617179055,1.4681624567306482
2652,1.1092400601163384,16.6588464403618,10.289161236249068,1.934051949823869
2653,1.1068837344778006,15.83826575646344,11.728677653255891,1.6898440219928816
2654,1.1065804900456044,12.533509172003813,11.807048740362777,1.9710432318890978
2655,1.111908210907979,15.409357121290007,11.08085865568818,2.374132554562779
2656,1.1107857800551884,17.249917769472205,10.648033807222923,2.5793125430917683
2657,1.1117193838543789,18.974936701047838,10.9172758260686,2.0610126478598008
2658,1.1100248497897822,15.111439466677151,12.25890976378076,1.97109192819035
2659,1.115066497940338,16.370792314313412,11.971470427855149,1.7098015940607885
2660,1.124704243953009,16.728490479818102,10.037020902373886,2.4245174664423392
2661,1.1233790302740592,14.885945773365583,11.225501185079066,3.0159467969866895
2662,1.1371426798840876,14.949931118265438,10.613002269006788,2.0481218065097173
2663,1.1551223637418286,19.423746938315592,11.117951493187121,2.1618199239233165
2700,1.1701202561066735,14.768284820968356,8.420923429019126,3.0239949899743346
2701,1.141052184307341,17.365043118500033,10.19794894258456,2.8244187698554284
2702,1.1366973332895756,19.821699770099503,11.240712224154898,1.4049585140473775
2703,1.1337355182726807,16.208054022669714,10.165086156606163,1.8134228191533617
2704,1.1279233970747309,17.039843907053953,10.53287907922735,2.75970308534979
2705,1.1307494925728827,15.176246417966784,10.01467866805088,1.0860884773316846
2706,1.1283736065131202,17.105618517089145,10.2387779584925,1.269522535627151
2707,1.1277170359989421,19.176224775776827,10.483194168527652,1.3138243300562498
2708,1.126917831847308,15.257280206455713,10.498353521927967,1.5653896885017882
2709,1.1255754776591724,20.624055738832784,11.449991764330845,1.1625989192102224
2710,1.1234179443685435,17.270042408811886,11.475817733840225,1.6912795995989143
2711,1.123762726173581,18.46412893304239,11.098221578105802,1.326194005071502
2712,1.1223279998276066,16.476017067102017,10.692272166232087,1.3248574819661145
2713,1.1243283267398292,17.599507375319213,11.087618312021547,1.1923768217430972
2714,1.1244758507240478,19.293599584905,10.877052326689228,1.3620894362538978
2715,1.1295166025863197,16.828797000744096,10.515405952048464,0.9795635223765694
2716,1.1280763033925925,18.3052285659395,10.84452367566734,1.624089117873828
2717,1.1262157255314318,19.837950676646543,10.806754760155764,5.549689409840876
2718,1.1285239961090279,16.6299855924849,10.42482276511447,0.9541284734154344
2719,1.127997153489217,20.956442733524238,10.919879620994827,1.9737833773540203
2720,1.1315540213097297,18.74136839773372,10.523845387028565,2.6311149235553453
2721,1.1301640937797373,15.185648601965156,10.392425373002427,1.869565658157734
2722,1.1306787326256043,19.073514757045164,10.568302106136176,1.9045648361474696
2723,1.1277355238410716,18.20028338526166,11.42811883181583,1.484878924810073
2724,1.1287421136792237,19.82102766403123,10.554422452276643,6.4251702401256265
2725,1.1313372177945495,20.63280088624224,10.646050627726185,2.453136731206394
2726,1.1306968117336338,21.293840187014727,11.318252311927697,1.4719057415387427
2727,1.1314453721101803,20.36746051045004,10.832390605581672,1.9125533668380101
2728,1.1326775967786022,19.15210517869254,10.80181836645931,1.5863465806599195
2729,1.1288085700657744,20.309355478429694,10.897165049214657,3.4162218333106456
2730,1.1307459114301222,20.49855453824828,11.377152682924958,1.2705341868103768
2733,1.1275680268500234,14.660424884118948,10.44974009263835,2.3183001786236668
2734,1.1279322726662098,16.966016148340888,10.160220166680077,1.456964887655163
2735,1.1288743818357647,16.746935254001013,10.69566261548485,3.8983752860608076
2736,1.1245273309796384,14.397817899802149,11.92158443625987,1.474246318453608
2737,1.1241986184094999,18.618682734763826,10.10783948938676,3.1426533635218283
2738,1.1313099121980283,17.436601400013547,9.782439024353614,1.6334801492997844
2739,1.1236257542124823,14.90951197498517,10.743333775658318,2.4286870674804173
2740,1.1249902778463765,15.281265752686432,10.476974257226077,2.231437904092194
2741,1.1231111322552023,17.72509833937472,11.035258372505947,1.7900246972209126
2742,1.1269431445158198,13.888668881751366,10.218383237037912,2.3148943881379136
2743,1.1190795935536784,18.132204053912186,10.835379622096939,1.9150390111711895
2744,1.1056456039201692,17.50223061707552,11.541505427173599,1.9782837648395764
2746,1.115995379251708,15.805239606642779,11.032791673517838,1.454494854184139
2747,1.1193820326458799,15.578111483778583,10.51015404273527,1.661176785921748
2748,1.1177547567576704,16.097168633448135,10.932696859460458,2.331368490631905
2749,1.1181675585490194,17.088909446488948,10.837729131277388,1.5132734428238113
2750,1.1168015245092684,18.30770337326282,10.627540773034879,5.433255588870124
2751,1.1128149910579441,13.596483431073167,11.233639042220211,1.3013503477733406
2752,1.1164986176398497,16.124099208807355,10.063814861912876,1.5586313601954553
2753,1.1121314240158309,15.437614001046096,11.082192693459898,2.9827951288162717
2754,1.114616153933329,11.86365676475898,11.505036853708205,1.1467592268300826
2755,1.1180895934343857,15.13777153588453,10.533297789768845,1.3065601136676461
2756,1.1181461114766627,16.897146561772054,10.1484796510315,1.7455191668817587
2757,1.1210896215069617,18.888891668149704,10.044934703020818,1.7179380448412553
2758,1.1171966448602235,14.349422037811415,12.064850395053297,2.465419197193577
2759,1.1221333615059625,15.91136898121846,11.70916236872328,1.6472693561525724
2760,1.1328007881882693,16.110979544176665,9.286415091190353,1.3981502702753652
2761,1.1314487387874066,14.030527347696456,10.555513759677293,1.4108085288810808
2762,1.1451770428864387,13.896178263046197,9.817057906987255,2.3230313706633687
2763,1.1602345007144057,18.00341212187507,10.308967429644397,1.3896927775851884
2800,1.162142753128387,14.016489474759384,9.072717915314419,2.8003302847567206
2801,1.1330108519759312,15.803787364086856,10.38713193669995,2.234685512599622
2802,1.1299970522960365,18.363228575826763,11.304749915920452,2.0000631469883103
2803,1.1253748979254363,14.547746635330007,10.822719423043223,1.3054085723202806
2804,1.1205655580009575,15.454286858122174,10.992070209568066,2.244903285774759
2805,1.1232301552707162,13.488210063441251,10.439707591465417,1.39709264158627
2806,1.120567298873996,15.45213283697284,10.571602379853127,1.4222975852652515
2807,1.1186802809921137,17.610590962255056,10.501049606881951,1.903773614430111
2808,1.1191649903698622,13.664260088739558,10.666560888061607,1.5003798366073178
2809,1.1187906334678999,18.861355996539555,11.783591488168412,0.9776604070608622
2810,1.116155999330533,15.425569753921902,11.581775490273502,1.1952523715911643
2811,1.116354868883578,16.794297279398112,11.013628158614015,1.0986048092172405
2812,1.1166672015415764,14.91978873650996,10.399303615674265,1.5268193602387785
2813,1.117879487457438,15.824938921858283,11.037985849880485,1.92141326153268
2814,1.1176790693595529,17.679991918594084,11.05852196041847,1.3873362596871373
2815,1.1221610413057979,14.983312950522459,10.611743591144531,1.9459887235569364
2816,1.1227732045249283,16.371212598048817,10.715571415228428,1.5113688085222647
2817,1.12005555353578,18.26615308182917,10.79720221945234,5.37850630990375
2818,1.1248269628266214,14.715816291773702,10.41177368526747,1.7726537530444066
2819,1.123652715486199,18.98276932055103,10.98568666710786,1.8857968375908736
2820,1.124835550683195,17.15489111107401,10.827631037179671,1.2544074232877311
2821,1.1228867875421586,13.197611289689005,10.869045621289688,2.5041098089058447
2822,1.1262652981728618,17.42160615558024,10.540842064347105,1.541994549139348
2823,1.1223939262058877,16.92110928274605,11.097357924716487,1.9285328291301516
2824,1.1238938397845477,18.071558650635374,10.78040868829127,4.6747407407809565
2825,1.124017237707858,18.631570941263913,11.349925987419518,1.2880474226252139
2826,1.12679219331502,19.593423525445303,11.301680206253154,2.2367733787563084
2827,1.127048045356394,18.175901132761666,10.988242836185643,1.8161631765322204
2828,1.1259776630718055,17.464654557359196,10.775557994864865,1.9722879269172862
2829,1.122527268776987,18.420037683937252,10.93015013277735,2.2216812684542524
2830,1.1268950662763018,18.78982245001583,11.109907053753316,1.304471291334917
2833,1.121743919796787,13.136194511760008,10.263162178689305,3.0671963420051878
2834,1.1225260525484013,14.692782817529679,10.653502645586597,2.308065490459848
2835,1.121150356509598,15.140891980532498,10.987235525888439,3.426115763484418
2836,1.117629045130441,12.733770807895295,11.783301909595613,2.1050243044389365
2837,1.1165969068911057,17.18095023674754,10.34109848378936,3.0680903733473324
2838,1.1247216155649142,15.56988324991237,10.018501501112567,2.171382120860414
2839,1.118219524186405,13.358798009045149,10.966191035982813,2.3358540676579507
2840,1.1194332664224251,13.560740201501268,10.62161863841905,3.102017838098271
2841,1.1138620816406615,16.1846055952575,11.387116094591393,2.122507117359427
2842,1.1181439234738164,12.487477372750112,10.126690161866872,1.8881648795839816
2843,1.1122879038066336,16.556299792992046,10.794575288559958,1.7307757381148754
2844,1.0993737409055182,15.668924185624805,11.718985165717253,2.5877533813920515
2846,1.1115089567335026,14.155953650373633,11.43117978971924,2.1283326390272257
2847,1.1135832268413748,13.70897947367434,10.564538151475414,1.4945032140797454
2848,1.1115528512153179,14.202822739965644,10.94070600535402,2.103467731942954
2849,1.1110713782410073,15.286950935768308,11.065730509145036,1.6827262680341222
2850,1.1096374478557092,16.232002528030154,11.042779763618581,2.8674187319576885
2851,1.104575232985003,12.248186323623186,11.47920313332808,1.8592395621389108
2852,1.1095353841839992,14.529177229406011,10.287328271989265,1.838088542560608
2853,1.104367083385504,13.598100019181395,11.526930925892756,1.990638574067989
2854,1.107396450440018,9.922388790934686,11.801674751952666,1.4840108374990177
2855,1.1097939767243286,13.552760402326788,10.919498834181587,1.8691053986297137
2856,1.111402706937989,15.255588399490673,10.30492917216044,2.087241636970222
2857,1.1143204049765736,17.083286819051217,10.45630185792012,1.78268763548462
2858,1.1127383352943698,12.518467362177775,12.238076409911782,1.9082628279861142
2859,1.1145195244578634,14.414961162018153,11.734956122025839,1.7045164299156617
2860,1.125555019954793,14.474576369100529,9.891472700630583,1.6938828968658264
2861,1.1236265811043007,12.638319096749017,11.17440658544144,2.1346311095157704
2862,1.136339978849437,12.554553354681154,10.557709634415062,2.2828171273741202
2863,1.1577805029411816,17.49369735057579,11.061749805873607,1.5973419404297104
2900,1.1586671855448665,20.12416984643463,12.321023340639258,2.7737011700235477
2901,1.1290038665130904,22.72336745087662,13.814590951125933,1.742200188512195
2902,1.1235627495244038,24.93087301334007,14.315788360544678,1.6582027706564273
2903,1.1218740714770064,21.22141890799531,14.137476772224597,1.5678340037743346
2904,1.1162856569001665,22.515146632555062,14.099590612699647,2.107582918738256
2905,1.1186178654944035,20.109716284996342,13.478055084527773,2.057429408061888
2906,1.1141317853450257,22.434716273705995,13.793803665390206,1.6929955022635712
2907,1.1126257493055016,24.334277198211254,13.705240388826773,2.0216272229831085
2908,1.1146031008256214,20.342296682043248,14.301366331821887,1.2622839087035411
2909,1.1129906813359873,25.97606427666457,14.352787581298339,1.3323571475611442
2910,1.1105022408238276,22.0927864534453,14.158829947754997,1.2330518747649073
2911,1.110226485367437,23.722290969169197,14.291420316685015,1.3631407967395428
2912,1.1109484796146187,21.858812662931655,13.93834924691568,1.6222310888145848
2913,1.1118418700573969,22.600030577722244,14.540171508795613,1.5722583753281432
2914,1.1102145739894842,24.40361670909663,14.159134852261733,1.274698568848649
2915,1.1147100193121864,22.039511868007157,14.022842651618156,1.4605514502700685
2916,1.1155272979655109,23.447088916957863,14.096519642017817,1.6732199106617185
2917,1.1117925448912658,24.641319377549017,14.30122729806034,2.2882830868303077
2918,1.1175514474268318,21.80887771656477,14.008463073844398,2.008957735482958
2919,1.1167909795707882,26.0482570042054,14.193139875028583,1.4360406002019337
2920,1.1176819992218614,24.213443966356266,14.127141201232389,1.543300600663072
2921,1.1150679960091654,20.0962836550504,13.931074701723741,1.5048088534249626
2922,1.1189913920092935,24.453223948914864,13.844679878551764,1.9404045957204323
2923,1.115449520261378,23.984924712508747,14.654737194787696,1.5781629997233813
2924,1.1168389311378593,25.078426678042216,14.067632559938865,2.7079806271683067
2925,1.1176901067619607,25.67149110014872,14.642793194955129,2.0862448415683637
2926,1.1196651421849653,26.51600961949582,14.340665289789401,1.5862070342732277
2927,1.117754740020513,25.75049067589964,14.399572524992292,1.7779390779627764
2928,1.1202815695346062,24.22679219764857,13.855131724773532,1.5032453933727032
2929,1.116010817861527,25.48487302425048,14.14579916291995,2.0680928532120584
2930,1.1184938223355505,25.89448795626438,14.420674909186005,1.7569238000902228
2933,1.1151478193953202,19.893208886077637,13.850039695912537,2.0857985903669984
2934,1.1158035527796302,22.246964477957473,13.58838891108265,2.4618739976698834
2935,1.116118110822048,22.113223902164926,13.879036279909357,2.120097587623391
2936,1.1117395520407412,19.88331790250729,14.589436835618955,1.9370705604928844
2937,1.1124865016445786,24.173544944377003,13.86255376695576,2.197279026763337
2938,1.11906874744076,22.757953407658025,13.257128571610986,2.407103572145803
2939,1.112896544831412,20.613690238146827,14.161904785101255,1.6502216914618248
2940,1.1135125627629214,20.792181998596345,14.09619279927289,1.8670774533922787
2941,1.1083622224447098,23.606651127989696,14.19228400622387,1.3553942363461262
2942,1.1137452447572893,19.123057709502763,13.764597458756658,1.2268882125333893
2943,1.1090422264008086,23.45679540769795,14.296373714149322,2.050863711532847
2944,1.0943542933798212,22.990832195539596,14.683484141225806,2.769272749144084
2946,1.1044149873602003,21.229763147373966,14.41439446866521,2.0543496066776874
2947,1.109118251215379,20.57882857890762,14.00023202774975,1.4927989765949827
2948,1.1061575779602588,21.557382076123353,14.261755189502859,2.4755752914993434
2949,1.1060438431745225,22.508010834848626,14.364103004324148,1.6320152874257325
2950,1.1019725904300728,23.69959164142031,14.418249494138609,2.782328357322942
2951,1.098672776143768,19.416907244461473,14.581845804633975,1.105633947658254
2952,1.104206694990302,21.51865168695159,13.533762531943253,1.7881693833545629
2953,1.1002573072379216,20.690068021198815,14.741385628758339,1.280291911530317
2954,1.101268219232406,17.1135403288976,15.040032166902812,1.8933310081749637
2955,1.105149246281495,20.818183841595417,14.171929780715711,1.8736494091859166
2956,1.1045404196247526,22.360145481521858,14.139279549456418,1.560420842326619
2957,1.108727242096305,24.089942636998323,13.830830459384282,2.424236319639879
2958,1.107381732771445,19.90763669587269,14.715988274212464,2.1594507016781606
2959,1.1096663637755655,20.93414510765984,14.256800189959264,1.3675328439038643
2960,1.1180760023899645,21.79010590876097,13.148888639227263,1.7207769188032949
2961,1.1198869867417947,19.528158236423632,13.692173734580813,1.7382118741603498
2962,1.1326573007042882,19.854509881111394,13.020673320141368,2.156790852639163
2963,1.143431927103494,23.955375812358906,13.856964219781307,0.8917204185537334
3000,1.1723749520815658,15.236278441668487,8.543936573331246,3.131828458704517
3001,1.1447007044835067,17.569011515761403,10.11027261823269,2.3790453332986337
3002,1.136115801943811,20.21725521565353,11.090378154015768,1.597984767832836
3003,1.1335774511981191,16.753069693193915,10.647868200254843,1.3830228758016452
3004,1.129912604651357,17.793969927452938,10.561327090592668,3.7245918163696325
3005,1.1318653655153244,15.627540541470939,10.227582102623856,1.2419244977431214
3006,1.128585602126688,17.55798321308859,10.71364664386625,1.743223853977582
3007,1.1277351877222053,19.646137251673345,10.649788921785172,0.9398239805742705
3008,1.124780539198826,15.838933128578056,11.022093562803688,3.030432355223349
3009,1.125733418148199,21.41029130029606,11.547084763336308,1.416298324356088
3010,1.124746956983022,17.749953298008425,11.342431462721553,1.4525194514898618
3011,1.1225077587204333,19.060753951158386,11.202514032763059,1.1164061183010807
3012,1.1223307137285226,17.42843734926001,10.316686820356992,1.3685050897345072
3013,1.125395558520116,18.035127007598117,10.931904912263041,1.544188534660879
3014,1.1234220247613966,19.920127065262644,11.079994217151913,1.7843991417802227
3015,1.1280592418113622,17.38346255136529,10.487974492125048,1.306787695968611
3016,1.129090284539334,18.47815298823657,10.583912026157282,2.2921163032270777
3017,1.1268509011196846,20.33714132766628,10.811641784140619,6.318554554263863
3018,1.1275452676726756,17.152527014765123,10.625197056025272,1.502537404957399
3019,1.1292886040973933,21.414708518961245,10.865131268353752,2.1157203924208097
3020,1.1308555352484466,19.569722991161715,10.646336855440511,2.2435071190404607
3021,1.128394785164737,15.709105905942229,10.564097377474303,1.8996562644812673
3022,1.1318906559216846,19.649205743916365,10.877449441903423,1.4908848628024933
3023,1.1273242437687634,19.326859532946482,11.317167521534875,0.8472062574056988
3024,1.1293980041850467,20.422560834020423,10.844950789933225,5.111024899796659
3025,1.1296509247886353,20.893541548448013,11.204504149907137,1.9046496803555892
3026,1.1320813809054566,21.635681174275906,11.543456978145665,1.4982883662725712
3027,1.1336794065236795,20.611544282750863,10.701825113586137,1.179880025032391
3028,1.1329822952349462,19.689317365047057,10.597031847727271,1.3637133459328843
3029,1.1294234202264621,20.97123333626423,10.78995069393546,2.663228869895676
3030,1.1330665674688658,20.91451724137613,11.28037726599363,1.3848343531757275
3033,1.1280508647059946,14.90629479231405,10.428429994289903,3.0926504395984336
3034,1.129833186024342,17.227042917645676,10.569385310768043,1.9028422750122815
3035,1.129187588968128,17.42080529604314,10.898782365662505,4.259682275592496
3036,1.1244535366472337,14.91722450457411,11.815871669472253,2.0428420413023947
3037,1.1243842055698035,19.190267282539295,10.428589856141548,2.6682286979665473
3038,1.133576697157373,17.651154974087323,9.710322661268796,1.4716288325819398
3039,1.124889433238748,15.634920858834562,10.571931858092707,2.4976792630842377
3040,1.1243514726722028,16.08751818261007,10.686364144170842,2.1788936660684555
3041,1.121132103750633,18.62105960810506,11.208562149107982,1.8037451782069553
3042,1.1292948762718622,14.245159928811264,10.094106977854462,1.4625496664842572
3043,1.1199763918888455,18.8573913595308,10.7154815559274,1.4381981200765033
3044,1.106695823236102,17.933649957708177,11.313980318744727,1.4969920872614761
3046,1.1187737107273628,15.861925905345128,11.37675416799894,1.9356303274318936
3047,1.118960195213586,15.970180729898647,10.501511042349879,1.316709561705919
3048,1.118104772085034,16.662912660985185,11.10266016963628,1.6020754369184476
3049,1.1170946300642155,17.80175748656261,11.263169073031872,1.1050883375294374
3050,1.1150947793789772,18.498023069902096,10.625092653871638,3.933122727304625
3051,1.1124467382418715,14.26717007436696,11.666554047990838,1.8494250851103196
3052,1.1165041593866485,16.80886846093988,10.291543409233578,1.2951261879225984
3053,1.1120130398222907,15.886203967767312,11.653720463122145,2.559548028095824
3054,1.114457690303922,12.315394649045645,11.385710135103267,2.157367238772689
3055,1.1173196407037924,15.724565578537797,10.77418854410763,1.275623035345949
3056,1.1169075109726467,17.32242296060874,10.21002186168368,1.5430715039458205
3057,1.1204514118530535,18.78627427492154,10.490822298833166,1.7455489215165956
3058,1.1195893374315826,14.775249910701026,12.100522271909332,2.2316701955392513
3059,1.1230880052949652,16.347051100365498,11.925943535270628,1.7937094833475762
3060,1.1323501735662367,16.257411459788088,9.714834883224782,1.830888129049231
3061,1.1326607571501959,14.479712179412726,10.830335730276824,1.6940890834048594
3062,1.1444484282975964,14.567378761019295,10.150923130150083,2.065269574606814
3063,1.1547449133828567,19.733660453886205,10.392584639383754,1.3313166429947372
3100,1.1707205770223097,15.149091581286777,8.571341775266134,2.6637354501545727
3101,1.1410861541209179,17.24636091916204,10.48910749804095,1.573564050598985
3102,1.136332476417248,19.360245883067034,11.249149858913379,1.4166491910408727
3103,1.132592227669592,16.3045753934235,10.58572887948883,1.7038332610411815
3104,1.1258517671320625,17.12913315329479,10.8677217735505,3.6344107991796712
3105,1.1304308870076947,14.88972161484737,9.94510455918879,0.8914662953248347
3106,1.1254128003176673,17.0366125170712,10.499802284029938,1.7751586988078452
3107,1.1244419153194094,19.04689815043202,10.70287412497511,1.9468859694766647
3108,1.1232329882832717,15.37324612532077,11.001954985269453,2.4722692617536968
3109,1.1235126998281102,20.582962267923545,11.662298783298569,1.4783195810659777
3110,1.1219673601393385,16.603544276256116,11.601171883148922,1.580999748952506
3111,1.1205448384285641,18.5407613948726,11.102648418439959,1.689291278548175
3112,1.1210278941396326,16.624191288435505,10.711078429638196,1.3121497083177927
3113,1.1226867753950593,16.958614946589286,11.199856276013739,1.1992834724739825
3114,1.1234777171360315,19.026146806929,10.858045728359562,1.5662808398180676
3115,1.125770005882581,16.49739739441799,10.66723517903773,1.267244670536723
3116,1.1259395982090303,17.902747823291314,10.82053790493358,1.5500759702359492
3117,1.1231132162569373,19.73741867687451,10.82846184788856,6.197757712494355
3118,1.1243322459344791,16.707309330751627,10.501995190151414,1.0548829633796977
3119,1.1281792718479475,20.286364876317098,11.180286762836445,2.115177647607154
3120,1.1273899254179278,18.749701132242777,11.050660623374885,1.4614818857151108
3121,1.1290335365801538,14.83054195815309,10.638675781688214,2.1612240934217275
3122,1.1287806519149075,19.269246635931705,10.394891762417764,1.1490178167346845
3123,1.125400968381058,18.486888966739244,11.277608432679184,1.471466829233808
3124,1.1310779062282166,19.272308901511913,11.10175461999839,5.572432254078354
3125,1.1280443882404068,20.086848566513158,11.324014305736267,2.0058879931319717
3126,1.1305670290065672,21.31996775398178,11.413088799815881,2.0234898254198477
3127,1.1302672239505536,19.9080172012575,10.984952172305297,1.726380896866109
3128,1.1283654699280525,19.010097546230188,10.916291591621126,1.8144974709157895
3129,1.1259622835014844,20.243377774149064,10.844733038977749,2.009250671742159
3130,1.1308288832721325,20.05428259187355,11.161277752537217,1.5644778112734374
3133,1.128154684273615,13.922390910870716,10.490155411160186,3.385645202167588
3134,1.1286733076979711,16.234453008331784,10.828432077092604,2.299097493381777
3135,1.1278106002292956,16.590463584283714,10.877441863844686,3.3465313267166668
3136,1.1228632887891303,14.121557101149815,11.75524459686978,1.7994389133903512
3137,1.1222190136342587,18.742074863867902,10.507988102128,2.8818435430275686
3138,1.1293636244826823,17.359277228878227,10.157467679478469,2.144115059549706
3139,1.1243462811313547,14.58923593136077,11.022499724491865,2.579270155847657
3140,1.1224897794749114,15.343811828194072,10.586161196208955,1.4761853524203792
3141,1.1185425392516104,17.831178905911678,11.172097636275666,1.699935716246574
3142,1.1234874054162565,13.938035661825127,10.18760571691059,1.5874687361604818
3143,1.1174059696667948,18.16217432184834,10.502070624847862,1.1393951378119225
3144,1.1050129261442971,17.27771692837867,11.552825194687538,2.315840377617453
3146,1.1154580946805026,15.472518916484061,11.629095877588679,1.9280665566965642
3147,1.1194978460967522,15.20894210425593,10.653313204936223,0.9255889735607904
3148,1.1147990964528653,15.9998554443332,11.161191862812505,1.894491803015154
3149,1.1154922098548796,16.95000112651545,11.214540337879958,1.6341598269182973
3150,1.11201218564366,17.835141943995392,10.886316933736527,3.80187126701147
3151,1.1112271604156905,13.74056312776923,11.179119654877411,1.0573195516028584
3152,1.1139621029344848,16.4597036823667,10.198965036926856,1.1814732912349741
3153,1.1093338880994401,15.076220469854093,11.736113785493224,2.209549423392433
3154,1.1123397071117294,11.533149861796767,11.926594799446864,1.1513920214317312
3155,1.114260873454725,15.087408413589564,10.789796937874778,1.6442494956193483
3156,1.1140354894166933,16.45580452050364,10.429724679369587,1.4245971597322968
3157,1.1167294198663147,18.38732337777328,10.567712061061338,1.3836672729214183
3158,1.1160871110208095,14.622335236461254,12.05188371961445,1.6597236101625974
3159,1.1189343085174654,15.679380843387372,12.000203424575007,1.4254803276131243
3160,1.1282169226369494,15.830136788574052,9.783610722004264,1.254693883395063
3161,1.1301835651981127,13.822131098147759,10.775873908339666,1.7618652152299998
3162,1.143473027097507,13.920321116978085,10.307636675436958,1.3127832338304102
3163,1.155448686884248,18.79516553938119,10.83653765792544,1.7869901354279214
3200,1.172005115886582,27.697531388109155,10.525210787834451,2.7624775695139263
3201,1.1397405705811958,29.869097175355613,11.596042324257303,1.9059509448777396
3202,1.1357557776756175,31.839770546403365,12.49686687649071,1.6806240725715764
3203,1.1348087548784893,28.088232766140727,11.657749171943806,1.8500952445102241
3204,1.1272265781354363,29.02091077476462,11.776400733030881,2.6617561698881884
3205,1.1312993620830303,26.921685064784924,11.282219594884165,1.4809193673458643
3206,1.1265709245812852,28.901015854385115,11.677758943308756,1.3645201849636577
3207,1.1269020763796653,30.908687212885106,11.564346710257892,1.6317865821792648
3208,1.1242246205962971,27.243435657104214,11.87651666700536,1.219572927114232
3209,1.1256808449995725,32.479547181930265,12.22410052634069,1.4620316128007946
3210,1.1242492943580042,28.699383253147506,12.206496108910477,1.23557735246261
3211,1.1221554633582682,30.436144261134604,11.91351458769026,1.705438615085794
3212,1.122464586926621,28.27022856877898,11.538976072689913,2.0714066793033536
3213,1.1231251672070546,29.454065564604775,12.001396467695507,2.079033786075741
3214,1.121015374673226,31.53685442159768,11.826013763950737,1.9849814720423413
3215,1.125842022465428,28.868324178875763,11.533768733973684,2.0965612585157563
3216,1.1294257994833687,29.790552491722526,11.596385998063584,1.4101121183647096
3217,1.1231237510032068,31.7499182701138,11.678893470640842,2.528081156714853
3218,1.1282203752715214,28.514991059347654,11.275142420110141,2.3969341340448276
3219,1.1281467854449554,32.274469641833605,11.951902085795682,1.367727628327716
3220,1.1307079244829659,30.58352422479947,11.819704202499123,1.3369940019352393
3221,1.1280260847775503,26.813223946197958,11.329491608455639,1.8335922471275254
3222,1.1317357038244775,30.721903570583308,11.16697655501446,2.223044215213227
3223,1.127097891600039,30.571385545159355,11.761473957031667,1.800675234839155
3224,1.1303038367417213,31.615077407216692,11.581879992753993,3.6551178444351757
3225,1.1298379463749546,32.50129041273355,12.002054686666796,1.3709030881419517
3226,1.130517603174142,33.08698725467226,11.963638200384134,2.0869492764558193
3227,1.1323160322530725,32.03079938640127,11.710521039876353,2.178799023417509
3228,1.1334104328426668,30.454193844799164,11.68785614148614,2.2309991199774775
3229,1.1267835559272497,32.63180180504417,11.72501614921549,2.14648181302585
3230,1.1333846500211346,32.03310328936116,11.825930906840144,1.8145112385636548
3233,1.129997603176116,26.22908466540035,11.070836105729905,2.7044534556511324
3234,1.1291131530426537,28.497172070797212,11.638312271277819,3.2056661679940364
3235,1.1310868546161057,28.451123032901073,11.428416490738174,2.535951045124076
3236,1.1251161316017608,26.20001816034552,12.50269788777046,2.5983053820820685
3237,1.1251010404932285,30.529292830605492,11.245700335206804,2.2332893342914724
3238,1.13084796093469,29.382029501503116,10.714761545679387,2.853931047192804
3239,1.121524400100317,27.38574795776264,11.482465777753136,1.8931257597682447
3240,1.1240846705404226,27.40644151690983,11.432108584265793,2.3724406724081186
3241,1.1191469503698894,29.70939531947428,11.810572187079316,2.368307304730276
3242,1.1264390832237046,25.82834367845855,11.279711182594674,1.848143759329517
3243,1.1159557208986073,30.475561232492428,11.612877674609686,2.1751595236939756
3244,1.105086579312993,29.49805584593989,12.387354378459529,2.325168949517089
3246,1.1179228264945398,27.62021298141414,12.171020593978136,2.118593442462398
3247,1.1166590101956253,27.77314529167021,11.562387527700949,1.7957193044452124
3248,1.1164397844857075,28.262100232846528,11.764460062080259,2.8701018321758296
3249,1.1156113266937986,29.220000466734557,11.831951380013924,1.6164149982187634
3250,1.1150194083386114,30.02630907243534,11.82881306412066,2.816580578550269
3251,1.1116350669560406,25.734737183970445,11.950229151223386,1.1390208343371548
3252,1.1153657731821056,28.50220606329547,11.262546080321044,2.648002990046029
3253,1.1107446367890133,27.005381780957237,12.271126322352385,1.4398411247379392
3254,1.1136342813556994,23.766510924186974,12.377945821757688,1.5251381854892343
3255,1.1151108484748342,27.148943801121916,11.613444416989227,2.356121134280648
3256,1.114794602825473,28.73277944434682,11.532354327604155,3.533932094378593
3257,1.120272907730165,30.4130824126768,11.397026998399918,2.377612652883568
3258,1.116734023308232,26.260740938179385,12.881897518892483,2.1409664709998624
3259,1.1209978668765361,27.74272410332453,12.660143126149215,1.6965899657154704
3260,1.1301494357743451,27.99412689294323,10.688786601007864,2.191737885783961
3261,1.1310849372401606,25.955012553083215,11.95405827833595,2.5426083232965633
3262,1.1405795046553153,26.376307867629222,11.913037410453086,1.3981568148792893
3263,1.163448125044903,31.596320194197915,11.300910124078273,1.018400036642906
3300,1.1738169312080766,25.703940890897236,9.82751660502076,2.9473978654391213
3301,1.1417091541029705,27.815608190846604,11.222381131166532,1.6044130370916971
3302,1.1370330335030485,30.03703808288818,11.534006893433702,1.6476229602303143
3303,1.1348130938076642,26.479412896365346,10.77778107208212,1.6897757782200085
3304,1.1272502479243784,27.62781667210791,11.144412611342084,3.193957067800677
3305,1.1298891781366402,25.50238981160698,10.753411229969437,1.7781631675654441
3306,1.1258940018601384,27.183947394702738,11.080767762828781,1.1934404690121307
3307,1.1244078419592294,29.524067827220865,11.086995759101045,1.4555448620796045
3308,1.125234746924977,25.496498186665026,11.009409662436942,0.9342343410159406
3309,1.1250531798651502,31.198142210957766,11.722940284936696,1.4100616902401315
3310,1.1230125183222521,27.351497486532555,11.394413124440357,0.9765214093325179
3311,1.1212737296472925,28.968638979836804,11.390243599223966,1.6049412002633763
3312,1.1193819950808572,27.048373953394805,10.956884481058859,2.0160799843620536
3313,1.1212919159251573,28.274584344566023,11.55727708956242,1.7824514396925573
3314,1.1225646567091372,29.7365647666564,11.504523816813407,1.40303333245517
3315,1.125055649608249,27.45821309720051,11.044310384995542,2.4338978589549924
3316,1.1296578416813072,28.373938286328194,10.73733982531439,1.5934107475529973
3317,1.1247512856088853,30.30330935137148,11.095544005187518,4.385424858347892
3318,1.1278840440701141,27.020497357072355,10.721012148615324,1.7616359855436634
3319,1.1290815885899208,30.754866424848117,11.252652621558338,1.1267218783905704
3320,1.1300989686058054,29.029746583324663,11.0767682024332,1.6900865160273053
3321,1.1268577878590615,25.66554983608574,10.81959065856605,1.9892705095798549
3322,1.1312284909223707,29.360308521596245,10.827833348083704,2.3559384925873856
3323,1.1278953995995953,28.95952783355933,11.667732995824748,1.7304478605235916
3324,1.129764900966793,30.204043365551367,11.034153786687234,4.358184676791302
3325,1.1286994699276298,30.839464315105143,11.519761926342035,2.0704174227955106
3326,1.1316576140428785,31.556824282914302,11.391758158983805,2.3269380896239973
3327,1.1326768406025114,30.264940193585,10.713573442918932,1.711325718674189
3328,1.1316558736469584,29.355317197025204,10.979561605032464,2.2227298107999878
3329,1.1286034893181918,30.976034465128937,10.954609400048268,2.858627459685959
3330,1.132460244667169,30.470889961521213,11.518558711135167,1.5766574550003318
3333,1.1273299870183038,24.95436691315777,10.633681913666686,2.5280716137940886
3334,1.129938065793467,26.702954842280917,10.530651956444617,2.938243085682193
3335,1.1290915900169927,27.155832842866502,10.942535318073089,2.8263503558154364
3336,1.1260166477402462,24.661642595220602,11.919656829169913,2.726490922209551
3337,1.124994164453514,29.146096009602754,10.697472626509713,2.492741917316407
3338,1.1310153723141216,27.716450040309656,10.015624513581097,2.3893754788214987
3339,1.1241027257058498,25.495894304657142,11.002875446371078,2.337303292374108
3340,1.1241476087817792,26.015877714048475,10.991633465204691,2.9880812107291366
3341,1.1195587298253495,28.511612123124966,11.125156736609338,1.649611221339067
3342,1.1249669070441803,24.645154686360353,10.41587707249522,2.0001733436231945
3343,1.1176023194791957,28.875144428093474,10.839988220894217,2.1210159620892908
3344,1.1046784792865145,28.02727116977785,11.818714827015187,1.9048016186579435
3346,1.1181057634927891,26.187175623236556,11.855430863071248,2.7184108235924676
3347,1.1191768754895446,25.845661987595697,10.669735725037322,1.95795865230276
3348,1.1152470232434168,26.367358377852717,11.265021576094206,2.4507042074048204
3349,1.1168446255675413,27.642198835732458,11.530009421636976,1.999547857552545
3350,1.1121842470154837,28.64106807292917,11.330793380462286,3.1794588517352147
3351,1.1120809532628328,24.368353967197002,11.76522905297023,1.8045288787507467
3352,1.1145730684100268,26.656101871123212,10.794013966653186,1.705790647374105
3353,1.1112525231480501,25.40469268429919,11.58129029557333,1.2723886817622607
3354,1.1134261405603776,22.10375002635642,11.867691754928996,1.9879417473474117
3355,1.112429883389677,25.662392199303813,11.361186791417659,2.106047191538714
3356,1.116729682142347,26.79313425472948,10.977620730918076,3.0306447957232456
3357,1.1201795028339119,28.94129096232307,11.026764128486708,2.2489705825804274
3358,1.1160649356401606,25.06239622398427,12.418419094904891,2.6700523879172695
3359,1.1198474414435564,26.035712834515817,12.648590950533178,2.0226590951621093
3360,1.1309825864777574,26.154640997792576,10.000476383886639,1.908772729930588
3361,1.1295056711294942,24.77301106661591,11.328043892941412,2.1364118047808045
3362,1.1423177833630032,24.79103722438756,11.37272381942138,2.5761680053771956
3363,1.160125261582641,29.35993170332553,11.531015937355743,1.0602818502616618
3400,1.1749079278016383,30.497067472343637,9.850624840875325,1.8976435795808204
3401,1.1415108876102877,32.66030868933562,11.370059620579529,2.738579467893381
3402,1.135811068184654,34.747505234634694,11.623269240533194,1.9583242279858557
3403,1.1339723283654912,30.98977096061692,11.061896837562818,1.5345923882600176
3404,1.126449512852646,32.16500012452869,11.128460397966908,2.1509758415248603
3405,1.1301026577141016,30.278804036152845,10.812450623477027,1.527994940637832
3406,1.1251903505955414,32.17366401974996,11.11346381216255,1.120516212352868
3407,1.122752131713649,34.41169734637549,11.272224599291272,2.1977646401340922
3408,1.1250852808809693,30.254116987501913,11.221379248103789,1.0077398285092014
3409,1.1231763311142557,35.69167517829087,11.787474849744257,1.9998913197062769
3410,1.1239084623784645,32.08897831035548,11.544817866373625,1.5450803229534957
3411,1.1194704950643735,33.57876702789836,11.546457398315024,1.595590453216296
3412,1.1212625149334057,32.029325340125965,10.947509012297045,1.4900969285940049
3413,1.1212264832038719,32.69756498530791,11.433119190075349,2.153195991731186
3414,1.1233880378678276,34.26957673567309,11.403865411270097,0.9635889541907219
3415,1.126789423501435,31.60697265191692,11.100751219548195,1.6377287324001513
3416,1.1266853419449814,33.15548502072572,11.157887516030845,1.8590280872751452
3417,1.1247278385506574,34.787843191103036,11.422703666289433,3.6461371960635334
3418,1.1239922770475643,32.04343359498742,11.166193570680989,1.9772378414700376
3419,1.1276481016785227,35.80347624568865,11.39550902141712,1.232239228063352
3420,1.1285865513972606,33.66751292767459,11.401180906135586,1.3197557958970647
3421,1.1259017764289057,30.019963883849947,11.16969597875055,1.26182269024539
3422,1.129540531494894,33.894864948194744,11.268010078064414,1.7942477505126997
3423,1.126342361451711,33.926133784582255,11.671966540500886,1.6395217150975212
3424,1.1288095454751255,34.58967801530875,11.031620115129181,3.315491014850996
3425,1.128133599610278,35.318960871397266,11.488181930197205,1.5290390065415698
3426,1.1303584208376685,36.30995591636129,11.558832002007705,2.210802693149983
3427,1.130696578725776,34.901505412685445,11.195737726215532,1.6707071026465374
3428,1.129973223014217,33.89195254469268,11.377651515253996,1.8301824307559906
3429,1.1296216373830479,34.95662252572941,11.033339654691444,2.302169828138524
3430,1.1290240591735423,35.4230793274794,11.685370308658953,1.7071717883283601
3433,1.1279240012175584,29.199686898832173,10.807561508620365,3.651283932638293
3434,1.131173809477574,31.326139854209913,10.82448488624865,3.042860182779308
3435,1.1269471823582047,32.055012467122616,11.16396669204007,2.045449969666615
3436,1.1243459072058546,28.83780023724129,12.327116456361487,3.0065624092476697
3437,1.1213791605032657,33.822974768410155,11.103750131513058,2.215208632262541
3438,1.1308158135956856,32.213747176159146,10.345752335645184,1.8355835431554137
3439,1.1230845109478154,29.99267514728589,11.311160733149515,2.3862704323485557
3440,1.1244256074862053,30.578138502136166,10.910341917926123,2.3233540121919782
3441,1.1184321442263028,33.15594872462749,11.679497183539828,2.19641681386157
3442,1.1226826535245809,29.06870743103821,10.894679764290835,2.5197447154030366
3443,1.1200725821504203,33.348682738828295,11.15985221087473,1.8448875930637518
3444,1.1042207512537463,32.744657610777395,11.966032343553731,1.8821787254349784
3446,1.114654986234776,30.805536433019327,11.84714334214198,2.406754445452864
3447,1.1174237480189286,30.65488343455345,10.975565542889495,1.9272522034071609
3448,1.1136935425375785,31.376809497196685,11.479159247898018,2.209308322569124
3449,1.114881381861684,32.373342232120244,11.50526446502166,1.4780363038415185
3450,1.112580270398422,33.278397262067884,11.443360722511247,3.110546855585682
3451,1.1104022201036512,28.996541031952656,11.422499069350724,1.812456863057537
3452,1.113443817666608,31.509566139380023,10.818938081314686,2.600899825680815
3453,1.1095372783527624,30.51220220529684,12.209222192292197,2.127937000658237
3454,1.112532766919144,26.852452192030114,12.248563488947894,2.3285528013558636
3455,1.1123508337656614,30.304651987103504,11.572081334830214,2.4219864004896796
3456,1.1153580272468708,31.801775645806686,10.911888134612962,1.9167218334295049
3457,1.118469482110871,33.57324115121574,10.904464158880472,1.8374689020748072
3458,1.1150475011091476,29.316809624407835,12.931283136821893,1.9844289774521426
3459,1.1184008299316237,31.205904717124845,12.394552392845554,2.019722121018451
3460,1.1283259894580788,31.114687641603634,10.284957383668534,2.5713272144474715
3461,1.1297446183817448,29.397097510360727,11.111363158333134,2.3075750933840933
3462,1.141102357095686,29.716085758695087,11.256246135584417,2.195858112711203
3463,1.1624868545276985,34.44797206149421,11.467142464911504,1.4475437265066913
3500,1.1792186359562806,26.797426707217586,9.561711415441952,2.4939016310003876
3501,1.147896848741327,28.786101884457597,10.69390426108747,2.2450812115370073
3502,1.1426230695042974,31.364973512628342,11.28829026586215,2.0705429932461445
3503,1.1390236750934144,27.734189065154986,10.655202134209452,1.7565881776417385
3504,1.1321048608149047,29.28491802906414,10.572478477529183,3.0653270073994014
3505,1.133869036362617,26.962500047509387,10.081588282376385,1.684997323410781
3506,1.1306347440795657,28.856481821865557,10.817816851286656,2.186348583411728
3507,1.1267656564935624,31.376193281193284,10.990995641693797,2.2246418632325553
3508,1.1286608993866727,27.2318406159538,10.708652973796926,1.256192110394498
3509,1.1283244986796188,32.6508928578173,11.517222740603918,1.2381687702661985
3510,1.126747314764203,29.11311979765933,11.360674861522597,0.9647244845165661
3511,1.1264821475166034,29.982100344809307,11.169541096395024,1.7718965560933309
3512,1.125741618454711,28.407177199311977,10.954207515471678,1.6849228167227976
3513,1.1272972357790632,29.5321210878407,11.237007254394682,2.200470741626953
3514,1.1253161241928515,31.54131507131602,10.898177620445049,1.2446851279587916
3515,1.1273203107587986,28.84634129956145,10.67642710826679,2.2116744461735753
3516,1.1305575067714488,30.083756088790206,10.633694059316742,1.942660517667347
3517,1.1287713344655166,31.96335260894905,10.78572190004258,5.219531526584646
3518,1.1278396699774669,28.908724178203617,10.451669005656907,2.6223904193546157
3519,1.1336176438609873,32.232278498492704,10.780308533233635,1.6045463136539269
3520,1.1331666399670979,30.445667051844907,10.727456574151955,2.2641125684979038
3521,1.130298033168838,27.184787913449032,10.477331074187266,2.7745018595316657
3522,1.134254308357906,30.903444187296298,10.960119202390207,1.7188556138597826
3523,1.1309573885924984,30.787692193635554,11.154484211050928,1.621007942011724
3524,1.1322279266991961,32.00553611664245,10.723015309289744,6.103337552079521
3525,1.133056463571989,32.42595458821701,11.179573722257908,2.0854169226661323
3526,1.1351571526208,33.02592757529725,10.987892691888382,2.7385252707333283
3527,1.136316767409153,31.842583304025798,10.81198885853403,1.6415437659254217
3528,1.1360431403725113,30.64728359216922,11.092486453216013,1.771324507651297
3529,1.1321265961247287,32.32744885116408,10.863203055017571,2.5199918994056065
3530,1.1359897585937995,32.24776431387421,11.520816774615932,1.3963327544785304
3533,1.1317257047958817,26.343659623058247,10.57197313926083,2.4555947823421094
3534,1.131884632190157,28.691801440394038,10.720702717838254,2.7427770081759384
3535,1.1331199537200467,28.773155865405066,10.841977588870384,3.948463514801103
3536,1.1298824488826102,25.9695001821298,12.016937459883515,2.8408690673522266
3537,1.1270727198270614,30.605449351739882,10.17454984257979,3.1852441670709988
3538,1.1343326342321987,29.48199481496901,9.928572293153378,2.987957591943974
3539,1.1259497856020901,27.150578467184573,10.825066150833589,3.345601549322851
3540,1.1287868370504166,27.448403789889586,10.407302312422015,3.2566699686497835
3541,1.1223965332077173,30.074141342485873,11.358716376650122,3.2624795682565213
3542,1.127947999700215,25.911481168102206,10.426837369083954,1.8155646717503964
3543,1.1226977080964773,30.29929650062729,10.760782581048508,2.3694105320244137
3544,1.1091977600526428,29.33316177985383,11.620898332783836,2.5560210966664414
3546,1.1181007990219403,27.553435596744684,11.213179938436413,2.6629610585739085
3547,1.120729088733329,27.78388740235808,10.516170023672405,2.2084004796663472
3548,1.1182183358717364,28.06678832916187,11.234816887816224,2.548577114928845
3549,1.1232951305084704,28.909719810427934,10.99337809967542,1.974098155024238
3550,1.1160625127881516,29.885877676721744,11.131623686275123,3.86191951059974
3551,1.1155812199248678,25.841795604105602,11.461880448600649,1.3455154087056247
3552,1.1172819486067735,28.36345538620176,10.373227142581117,2.563840381543778
3553,1.114035004195438,26.895466011718753,11.592353335154364,2.8215697636730352
3554,1.1170692415564418,23.49151993615755,11.745356925594553,1.4880574081116187
3555,1.1180696578461926,27.068963936229792,10.844249514342486,2.429587180645862
3556,1.1190952094500746,28.8333256915779,10.417071440031599,2.6197910980858863
3557,1.1229943729752914,30.287035731084,10.48913492537725,2.5032592235601037
3558,1.1213207776331233,26.108909887987586,11.78968915162042,2.9124072184617384
3559,1.1252854388833342,27.49245646803883,11.898645033035287,1.6406304540824148
3560,1.1338557002413674,27.85381949052054,10.092152118618168,3.5628829498168635
3561,1.135436819549417,25.820305210260756,10.985597896386137,2.3703068407580994
3562,1.1474996788358065,25.644152384266032,11.08794938178234,2.6199664445236293
3563,1.1728416690002885,29.704394426461963,11.02524947849762,1.190307760884195
3600,1.1819725535073762,26.09101100610962,9.857075280462816,2.1669268740766876
3601,1.148892649373969,28.2335426974506,11.195923090367135,2.147665438822474
3602,1.1384691905281341,30.561665519669095,11.842588456496525,2.162499659282615
3603,1.1360901725648926,26.99644434642367,11.33510161813401,1.6526459845659447
3604,1.1293197882474815,28.233085183273552,11.615618834506625,2.2321472002432663
3605,1.129701548496351,26.19678162091693,11.045936470581829,1.731371373216982
3606,1.1278402808528323,27.99330408056329,11.359296311811883,1.0465072325302935
3607,1.1222468521437552,30.46404128276474,11.548478019746918,1.3951022794140449
3608,1.1234619117022362,26.516587346997827,11.499800723282947,1.470794242180758
3609,1.1242977931387705,31.870832468126718,12.133402586694805,1.4624662447952317
3610,1.124778074650726,27.797348187163045,11.796200222487748,1.1013431109614276
3611,1.1193408018452775,29.445333438639214,12.124686868163577,1.2315601217255354
3612,1.120617100087318,27.611801936917857,11.325639748230465,1.3970659591812014
3613,1.1224380918664394,28.67327507710073,11.676916137611983,1.28274956295326
3614,1.1230143898783682,30.22103837068953,11.989979783916572,1.320461097741871
3615,1.1240579873233671,28.26290090354311,11.308510804925799,1.8862377169873883
3616,1.126990796533883,28.74173764425016,11.65079919040887,2.2610913498119585
3617,1.12402751483521,30.691892038770316,11.745195117987182,3.196086618925856
3618,1.1253409122945237,27.795314999071337,11.290659018882867,1.6397026620643491
3619,1.1252099489948866,31.7564544876691,11.60467734868714,1.5870235766130876
3620,1.1279496662239572,29.841192805538746,11.497880040817245,1.643054714376614
3621,1.1275838586859752,25.928837367940986,11.287196857676111,1.5532429698658443
3622,1.1313624192218033,29.991162256371606,11.407597075483482,1.4629582723588925
3623,1.1262121543983479,29.75050816195402,11.861207869121275,1.5021046646417808
3624,1.127687274747991,30.755500502812207,11.421764665142883,3.578705713554205
3625,1.1288643213856953,31.246791310107284,12.043439031169296,1.6523709736689645
3626,1.1297677076197508,32.17984990742963,11.752530587971052,1.2586733855543528
3627,1.1297225636197596,31.224535754465045,11.275324184774076,1.2999430154321683
3628,1.1293046366974404,30.06282208755315,11.280466921194359,2.269803051592938
3629,1.124494600195909,31.638796975803896,11.373779356709433,2.9887352168204213
3630,1.1294563667301074,31.48770202210942,12.03074055764329,0.9623982188537693
3633,1.1292250852653525,25.2667613916735,10.757952013857848,2.6931613853647054
3634,1.1259493187343814,27.71061721351404,11.108935396965059,2.1855563494910504
3635,1.1269240249149617,27.646305154053817,10.991459694924366,1.6894584888317628
3636,1.1234717704436583,25.123378577192007,12.689855315485318,1.55251122923675
3637,1.1219823640166393,29.85385721935667,11.09014031755457,2.2994760286658487
3638,1.1310784751662875,28.246501361603944,10.675941097028247,1.7209059306787562
3639,1.1213421819999658,26.44647079396773,11.227850402296824,1.4101878855414411
3640,1.122126932522329,26.627815438354826,11.333738621025788,2.327243904089233
3641,1.119365264077696,28.937669161613293,11.987640280505556,1.6884845525405585
3642,1.1217500136453127,25.305130084792005,11.259647733744039,1.036536902905379
3643,1.1178544947419895,29.195205871363015,11.156432173360407,1.837848330177925
3644,1.1043735031237079,28.459554616813055,12.363942761144086,1.6392920146514887
3646,1.1144937947167457,26.64670883330081,12.02195945893102,2.0615585006281454
3647,1.1169849649965875,26.148438850540476,11.572320389417246,1.5552762469340948
3648,1.113839900125662,27.225254196826057,11.687487153523966,1.887517633109586
3649,1.1157934378237941,28.337325693759112,11.431997179984686,1.7794955625098736
3650,1.1131203657378297,29.078030167698994,11.994912632745951,2.965616498405133
3651,1.1119158571733263,25.038684200714656,11.710484354023048,1.3906335351663879
3652,1.1137002847384987,27.358679078045363,10.804184069011425,1.2804370155951958
3653,1.1100718019650617,26.392469333917923,12.256715094018118,1.8997506601889862
3654,1.1130172003947825,22.738101476101154,12.274567107218406,1.070147791092818
3655,1.1136259727655282,26.29877552386055,11.422049024700861,1.4820854833928419
3656,1.1146234169962541,27.905769706449213,10.991291089295016,1.8037943434818022
3657,1.1196510462251668,29.673609603796866,11.130761701284772,2.182803801599974
3658,1.1170363049347212,25.13953857912309,12.744650555815815,1.3905555397873193
3659,1.1222427125316297,26.812612969732896,12.282867151385775,2.035844056439047
3660,1.1323467438318076,26.887374484308104,10.234199390556578,2.0944067892245712
3661,1.1325998807361373,25.475889802927423,11.619143027600137,1.8230176709814907
3662,1.1500341135960752,24.53398014516705,11.09362333766285,2.375635604070257
3663,1.17203837635842,28.854781131024897,11.237696741777738,1.3934923438613889
3700,1.1823358532754893,26.933228648736232,9.415998542883026,2.3282430063823734
3701,1.1500317438671201,28.816870172346135,10.375089693335422,2.2362547961826165
3702,1.1438939717284886,31.398548436871387,10.93158162711443,1.7411398021097113
3703,1.1405427877417549,27.72319261939512,10.28139284252932,2.1639446329694074
3704,1.130450958576716,29.35784070801075,10.36849314068074,3.6422881172309167
3705,1.133516260198267,27.213974109084106,9.730448640626888,1.7133631756380985
3706,1.1297950593623949,28.977871440489384,10.742787258188073,1.4001452693506855
3707,1.1282575346222952,30.9933078604747,10.465675586659197,1.5488603599501374
3708,1.1252376726396764,27.576308882400834,10.59440401816628,1.4211049649347325
3709,1.1254024033935877,33.034132756065006,11.37420293965491,1.6486344405455204
3710,1.1263439404667426,29.23023441283683,10.84766358610788,1.8075105847629265
3711,1.1232478212140122,30.780885247199592,10.708955040679083,1.6128131806429762
3712,1.1211236111436829,28.904127694081684,10.074930636087188,1.5065578154993475
3713,1.1240367860700495,29.53377842863861,10.909641939969513,2.041311478991434
3714,1.1231617500509459,31.620094735272147,10.81092880545847,1.4319301545308871
3715,1.1252824922583344,29.307194646509178,10.228884277315611,2.0827869905899794
3716,1.1275425205901688,30.150464450985314,10.675796346875593,1.7087697871725347
3717,1.1251876606752664,32.09922107552272,10.588376246744156,4.066764541625592
3718,1.1260889865940749,28.940430604668695,10.173653078181433,2.1283824137014826
3719,1.1301595346573647,32.952242182803836,10.666023747971643,1.5321240238995295
3720,1.1302887665825705,31.14777254028371,10.864500595674416,1.5671513939610895
3721,1.1299684449572556,27.15220811932289,10.381156530117734,2.14527459053154
3722,1.1319554450183393,30.92410135509181,10.510307065255123,2.260985475316053
3723,1.1283899076369623,30.9275563247469,11.238913891744717,1.8890250220718654
3724,1.1308138013125641,31.72804061747482,10.637269237632175,5.762507585779423
3725,1.1302905425587924,32.73378097652356,10.882317965296284,2.001598982371076
3726,1.1323228161782481,33.40044158127364,10.896333655563451,1.9021610523688333
3727,1.1318066820333021,32.32185650730807,10.334744125085443,2.215729018098563
3728,1.1334456216065574,31.130910127985743,10.533422436017487,1.6879740325678911
3729,1.1279460699731023,32.77199056242193,10.236401658039531,2.398531160658855
3730,1.1311096675061634,32.598559493941366,10.854208700194723,1.645313510636453
3733,1.1298856449423822,26.509406398000795,10.22581872269384,2.752750187891832
3734,1.1304499549686624,28.6359401625581,10.227045961441483,3.4349554354691505
3735,1.1277046448489918,29.00410443246248,10.375816552343954,3.411394934527519
3736,1.1241367209486077,26.56450244172513,11.54625304122788,1.9976242707916465
3737,1.1220646507274912,31.24201455580812,10.440227929813426,2.8476827748835802
3738,1.1305926756780964,29.330276915882514,9.8725055830975,2.7377403045231326
3739,1.1238253952072543,27.175048038161506,10.184067090541433,3.1296133064553544
3740,1.1228647113400427,27.914296824643905,10.344077466163693,2.4234461295216967
3741,1.1192122333790764,30.277050190751556,11.028596492489761,2.4635344799599155
3742,1.1254262151197068,26.22002571669598,9.683006518234405,2.345364298817511
3743,1.1212159140499207,30.086606971627877,10.598785345161996,2.8013768909900594
3744,1.106367516043554,29.816579130115507,11.370426723068503,2.3074156767751917
3746,1.117039845911756,27.992856662761373,10.85659666515472,3.647398092861429
3747,1.1182309609047227,27.578418300526092,10.588407523414526,1.9511419351319048
3748,1.1148750967449044,28.329925869927227,10.769564667813627,2.5820555250435318
3749,1.1171593073506156,29.234975921182333,11.134008576719372,2.0608064673708926
3750,1.1140583797792554,30.48429986948349,10.618683333294246,3.2825642955580814
3751,1.113216749395791,26.12553129311742,10.711880322588115,1.4612179257108822
3752,1.1138711058911213,28.77826889079198,10.168960935209538,2.8686174329874805
3753,1.110053870726367,27.39096855863272,11.339244274645344,2.0808923802930828
3754,1.1139198865043813,24.077124642208172,11.443051657477282,1.2161266338977037
3755,1.1151000749184543,27.51535280440451,10.703496688729995,2.4772000615942114
3756,1.1164208740497672,28.84628003812207,10.513592460311598,3.316728824725475
3757,1.1205964008297429,30.749567356219945,10.443844275376188,3.032188482200229
3758,1.1206678696153463,26.379028055624676,12.230744669257827,3.033452211588945
3759,1.1229549583584972,27.751681753607595,11.795788404281918,2.440394515860574
3760,1.1335778947366353,27.779920448132025,9.616597273828782,2.617423196392406
3761,1.1332263287459008,26.15761837293838,10.530316669130656,2.9250273036541925
3762,1.1473130373430829,25.69457290757306,10.44387939990736,2.7561226150536826
3763,1.178379085071811,29.455832995580913,11.433388802752804,1.5529962104162747
3800,1.1847758767480947,26.657665781649907,9.271334450138776,2.846484399947332
3801,1.1528814593303454,28.759057301489218,11.130405494917538,2.2664509532957027
3802,1.1447422700537073,30.919608949455778,11.274260575946712,1.3282827975635954
3803,1.141224245582263,27.69023402279487,10.487318916504933,1.3077456833717314
3804,1.133591056993352,28.789050452388228,10.777039673838678,2.4979203106250947
3805,1.1345378629151683,26.630826598059695,10.630265394457519,1.3200931792097834
3806,1.1303236929407336,28.585856428148592,10.770201455847502,1.4917251942740881
3807,1.1264266381432357,30.95415286145838,10.97666231134956,2.4505240286438927
3808,1.1276580285246134,26.603892532193562,10.97127206460918,1.4757122062322363
3809,1.1276034616756399,32.40198415838189,11.287836081878096,1.3285563748558633
3810,1.1240079917487638,28.604022779375082,11.161306745351517,1.129225656013511
3811,1.1221708625731235,30.224696130606546,11.37296317011349,1.6803675152515842
3812,1.1213408608177684,28.212311404445302,10.490516459979057,1.9498773905943656
3813,1.1220258260207003,29.00268110042341,11.451718524124052,1.9961427411112667
3814,1.1216163621161892,31.001580814543367,11.237794353653046,1.4295898385458234
3815,1.1248212152854915,28.823828277821328,10.373073503616252,1.3900282782965387
3816,1.1267564795777159,29.775956464692065,11.08814706618751,1.27754626873274
3817,1.124335371300132,31.794612148487726,10.973111678347035,3.096569496012929
3818,1.1264712575786258,28.416316160714835,10.560598496266365,1.5020583463176465
3819,1.1273331406395428,32.24357584301074,11.18455394238553,1.3988214559506984
3820,1.1294964408846961,30.33592639926942,10.949870111009114,1.7097999987550683
3821,1.126076761656603,26.904775321157445,10.821116724261477,1.9038285363825522
3822,1.1319300024162584,30.65518396226212,11.041331843973778,1.5922269127265705
3823,1.1266821298516538,30.54503603451257,11.4955768876524,1.698090302283979
3824,1.1280282281373402,31.509009212740125,10.858407146820419,5.622986531616796
3825,1.1293268636871014,32.05221860857303,11.664840589845474,1.6370608346724564
3826,1.1305868585193193,32.80725944065196,11.30711114817816,1.7236911797849839
3827,1.1306624844788076,31.528984459424986,11.132345144450394,1.6414175139899705
3828,1.1298430704202624,30.60522491214711,11.076850371932867,1.6138336332364394
3829,1.1283326129825015,31.910394328259578,11.022101199576099,2.679732530220932
3830,1.131585675167423,31.78733844948609,11.317724653854542,1.852866419732495
3833,1.1263447658444066,25.935931096550917,10.69482571536489,2.176296156489805
3834,1.1295369300547573,27.959605337279733,10.569602887593357,2.25234779837742
3835,1.128630784829547,28.21473837917148,11.045488297975746,3.6412303852652994
3836,1.1240582921848545,25.674297519875882,11.951855364987772,2.3265132680941893
3837,1.1233479198038892,30.3620507997452,10.442715770849329,2.4172473182815875
3838,1.1288965391301091,29.17109592751657,10.206411865638499,2.6175538378469514
3839,1.1226542714181653,26.57707773938091,10.863219996031235,2.102349318587956
3840,1.1218589811226822,27.43349321319699,10.959147535944421,2.061113662447676
3841,1.1183483822369202,29.84700661510284,10.883934206581,1.7464918546308537
3842,1.124432313620565,25.652570932196706,10.647615308448106,1.8611613395156794
3843,1.1158631996961488,30.38930975602647,10.7413701441495,2.4254067424781574
3844,1.103299846769242,29.22051574987448,11.848042985576805,2.310411442127821
3846,1.116106157502873,27.52429182918301,11.538815434830912,1.8891897937538964
3847,1.1188238960320804,27.09022467331383,10.841586021214978,1.6669341160047615
3848,1.113736487784985,27.781408118583382,11.353353517399208,1.88711588687106
3849,1.118038173443536,28.57785124936614,11.113594257682937,1.7725666731869287
3850,1.1136369911265438,30.034692783025072,11.167392674891428,3.290036858323584
3851,1.1103201184326816,25.418288261923145,11.521803111753044,1.561448170496761
3852,1.1143426984198068,27.693698352070108,10.691591660460901,1.6750915267616475
3853,1.1102240567692672,26.805810827438926,11.711482024226822,1.8521548599802131
3854,1.1119834785177674,23.677273350847667,11.532298960368452,1.715044280059098
3855,1.1155316493939986,26.944306019683943,11.388076636678143,1.9405525822108531
3856,1.118177613852949,28.51404370068152,10.41812659272295,2.040419413368526
3857,1.121457594389659,30.072314927748224,10.616856102405922,2.569993010439806
3858,1.1198033282653501,26.245212433178374,12.110254485456364,2.1751144479512288
3859,1.124199462563496,27.415382025009958,11.799747823196887,1.4793892494911984
3860,1.1354706260466971,27.211228120743332,9.807014938763992,2.017436302590664
3861,1.1359783910252943,25.795361366035745,11.02027131281614,2.378589175304901
3862,1.1500338799091563,25.570109213652294,11.121192448276016,2.398808521474487
3863,1.1672383608774033,30.773565436472,10.808321271758208,1.5188107178940093
3900,1.1925774095390782,26.482206601974088,9.61121567779878,2.1969752917736054
3901,1.1566956612863646,28.59429522208507,10.73286792870861,2.6968377444124867
3902,1.147241526707018,31.007716988409694,11.45646090030115,1.5910705368971356
3903,1.1415979708042254,27.565868497213337,10.991350456877527,1.5492023589023447
3904,1.1329839644289748,28.84138246898186,10.997950453469121,2.617078430832122
3905,1.1365519092614405,26.68526626829097,10.43083248993805,1.3422994390429694
3906,1.1288187049918685,28.861902048913638,10.816183701247335,1.0603151930729817
3907,1.1256884806437828,31.114987829642107,11.153618667756211,1.9446256677222709
3908,1.1260655433090903,27.426994682018734,11.23062233724645,1.4174485127481973
3909,1.1238438728551923,32.7119047106431,11.656348243929356,1.3616745611805965
3910,1.1234095161510784,28.946138686410592,11.382712100181752,1.237226654194776
3911,1.1200673290713832,30.48100088315417,11.494162065701307,1.3154312643564192
3912,1.1179448675721653,28.749526215384464,10.660093075518407,1.5994107524548706
3913,1.1212811015315183,29.58531910577036,11.479328945989717,1.8368292016712449
3914,1.1228272083512176,31.021735192817218,11.089904908450766,1.2261972452281742
3915,1.1233699457134152,28.9025221214197,10.734631455042262,2.3232270830027963
3916,1.1236428104952962,30.433509107506897,11.090119322873853,1.3882876098552173
3917,1.1220033465775676,31.974030170262946,11.136307793013627,3.093626453496838
3918,1.1261761684126703,28.5014654759075,10.696040134266944,1.4131416991910073
3919,1.125135011776545,32.67206719210811,11.389040387967443,1.8048960372890424
3920,1.1272278774706086,30.828842056692473,11.084231227888365,1.615093556552551
3921,1.1260106901028235,27.172753697087902,10.675031881727854,2.350198318958133
3922,1.1287436505330002,30.87136590187904,10.971420997994716,1.4733934706540952
3923,1.1245954042870556,30.687361860978978,11.965437182733002,1.4761735555428817
3924,1.1280139690541306,31.62086684800876,11.104471773346486,4.848536964563128
3925,1.1262593422287563,32.35546414075804,11.406234483882203,1.8822620665418033
3926,1.1283390453983104,33.39309660880401,11.63491842793053,1.7607955169842564
3927,1.1280453747176857,32.107096010632056,11.130868145503227,1.4732578430755472
3928,1.128454645200606,30.916611916123067,11.049955765654925,1.714985291459672
3929,1.1255069198995618,32.179411527400426,10.868312748531054,2.7739276978554557
3930,1.1287954585605162,32.27599675266219,11.459168256944318,1.142165911236014
3933,1.126227349528892,26.48789573523294,10.495522546171145,2.71376374504811
3934,1.1257624090248004,28.617615710976413,10.807749365592462,1.8981812600235595
3935,1.1245637629435061,28.90495331229445,10.980867724316473,3.3370673104617325
3936,1.1211597808119071,26.32314775596854,11.708207492015273,2.042203214687868
3937,1.1214036590497232,30.671193442442807,10.776309977425827,2.9208713354552573
3938,1.1283271962378267,29.275135380409107,10.35759693702009,2.546824118079156
3939,1.1221857806461766,26.948534416635884,11.064628720911255,2.2404212889544666
3940,1.1210639578342763,27.38777316198191,11.027406244195692,2.1384100146207685
3941,1.1171789255151805,30.11266003206882,11.529548661605572,2.0085049510715556
3942,1.121227376835691,26.287122489586235,10.626585799993867,1.6100222449149217
3943,1.116050803254326,30.11537483711632,10.91926436237438,1.7917323135914027
3944,1.1034709044945443,29.490420697519543,11.711467838732576,2.1856489459217756
3946,1.1130224299669016,27.79497114974197,11.474865722304386,2.2026452267576984
3947,1.1167564879251557,27.613818251513944,10.925011434068868,1.4613695125939647
3948,1.1135423767910144,28.306225971408708,11.548506489873176,2.0487472572637606
3949,1.1159168123703767,29.008520556633602,11.243567246997335,1.279868310007504
3950,1.1120663603646002,30.18682798141237,11.128721182543094,2.9360850975342867
3951,1.110411176285548,26.013773696679007,11.692556024488367,1.3202616032518877
3952,1.114488167177998,28.1002615662424,10.798049846443218,1.8496420191881038
3953,1.1117146920487369,27.18887007598006,11.57866160660564,2.576144317032159
3954,1.112603322413586,23.710290405214995,11.8544567264076,1.7972103717481933
3955,1.1139721673308598,27.231572881102,11.517613914799085,2.4267834726634936
3956,1.1155179963807678,28.872032102451737,10.594661511372037,2.0927791915850005
3957,1.1206952712114224,30.467637047515534,10.945410202081849,1.5915482338776763
3958,1.1186363777263129,26.458420267973978,12.441032137742804,2.6570401359827036
3959,1.1244681072166316,27.599233825699365,12.050422052748543,1.4852021319869433
3960,1.1339091397356627,27.729327877703636,10.078232627141501,2.4362765129165416
3961,1.1367693400314829,25.862055266621198,10.922062076954658,1.4465314912370844
3962,1.153541672923605,25.568274717248173,10.79187349287139,2.252371563895945
3963,1.1656212510003174,31.594331237021343,10.546316929730676,0.8679170333043759
4000,1.198633097206595,29.862888243925884,9.643837155295243,2.028014148480244
4001,1.162854961661284,32.161765928778905,10.962718251758973,2.5223550480449557
4002,1.1515144970954285,34.68582334050536,11.710167754380118,1.5237270406942023
4003,1.1467578511309289,31.41307240106845,10.896524261365315,2.1496984939642507
4004,1.1364408026431265,32.68030906236052,11.133453281294203,2.3212129299841253
4005,1.1386439845280063,30.669155946810776,10.28012296697125,1.611906450920736
4006,1.1340117285722149,32.224662716430714,11.075938826450257,1.676607325190179
4007,1.131488256276362,34.714437521425445,10.838157363848044,2.025430020995563
4008,1.1299303660826492,30.670650537906983,11.001370650788866,1.3979890694574177
4009,1.1288423091040394,36.13087977184202,11.80802044758274,1.5301676829334392
4010,1.1287202740180273,32.709751140049626,11.671129930265648,1.7574380804104925
4011,1.1223506602908955,34.33691730826011,11.862738826689133,1.6383441317731062
4012,1.1245856964930492,32.532979491562905,10.972630916621734,1.378601312747998
4013,1.1230070208606882,33.11982118093651,11.409617866099588,2.17808437025021
4014,1.1237508040177995,35.13983861331134,11.380138573545935,1.709418914605977
4015,1.1270606356476764,32.66954685154913,11.027452295201787,2.1345979398713846
4016,1.127753870306659,33.73672993408148,10.914659902805969,1.1734158131626784
4017,1.1244067805318496,35.149297947108685,11.417589710604195,3.1587875481859102
4018,1.1275638203708547,32.14848215869354,11.006933298352577,1.6228173515918034
4019,1.1288120711198195,36.23426126324746,11.630879979211413,1.2478981890669132
4020,1.1301306452195354,34.60091481169111,11.147902714916489,1.4608959660035463
4021,1.1290779876728176,30.698464634379423,11.11683714807706,1.4579887391852853
4022,1.1323949233751984,34.782745852584775,10.844207617759409,1.903118864692959
4023,1.1271580218271329,34.514514176483004,11.67594949080499,1.443495909232663
4024,1.1285671156484658,35.46209206706663,11.194510128428952,4.53129948676923
4025,1.1307154826876884,36.10377167485049,11.275027565312767,1.5056855112425998
4026,1.1336270734657294,36.78410558765109,11.401272157057685,2.0695022599119235
4027,1.1296607870990711,35.91486164480045,11.21376609374748,1.7287899266365643
4028,1.1320193177749873,34.25534590904521,11.16474778400878,1.8053415495739653
4029,1.1251036263410785,36.413875970385405,11.290810470959642,1.975424159179673
4030,1.1313544635550417,35.92462676757771,11.81904263400282,2.081657451227071
4033,1.1268467972539453,30.24528657479197,10.920336210624493,2.2610432947471693
4034,1.1283069398076238,32.22669415757197,10.80269657201687,2.373604814546661
4035,1.1291346199864476,32.398985638958194,10.894965450288982,3.214713337619959
4036,1.1244584001682574,29.935484995276532,11.846441731012192,2.216725790159786
4037,1.1233985797222867,34.43554717306996,10.902369369678302,2.165411084571891
4038,1.1298206770296402,33.56785587969825,10.047248115657126,2.3249910464171286
4039,1.125065927703573,30.642108270745343,11.13120397793745,2.970026936665677
4040,1.1249891161497354,30.976132503527037,10.737607469792676,2.490722299302136
4041,1.1203807222984714,33.71112927843306,11.18571324647841,2.4039916499368816
4042,1.124668966882506,29.952525906389145,10.605918865855308,1.5674616801405699
4043,1.118823363066958,34.05525338454804,10.971747211102624,2.1661810701757425
4044,1.1045199535308876,33.38347479179569,11.902205981963233,2.0183740283882496
4046,1.1157050181174757,31.308407535303555,11.730715235580952,1.6803861254730472
4047,1.1196600915359687,31.0643116571197,11.158074220190526,1.363353960973958
4048,1.1180627578229434,31.641006016139666,11.045001068868313,2.178226654016891
4049,1.1181480411513036,33.1238482467577,11.532762270721737,1.115400477270739
4050,1.1154556406123493,33.602812536513916,11.233938714453759,2.419211927263738
4051,1.1109181233616252,30.23493421495786,11.42739768359248,1.1364152569545698
4052,1.1160961447419926,32.025001878660774,10.720653256792199,1.796975474799023
4053,1.112842923317633,30.82870400156814,11.721047895864034,2.021326241389786
4054,1.1160676840246462,27.75219075990375,11.984249172268047,1.5362298854943965
4055,1.1166833049805955,30.79649651327767,11.440281692610846,2.125780929425062
4056,1.1200973918714552,32.65797493164849,10.464299077138117,2.295343927221598
4057,1.1246931746457847,34.09655436979203,10.719075948988092,1.6881334541916637
4058,1.12290274691783,29.659062610824666,12.391713622696408,2.024365629639798
4059,1.126430632039776,31.423251911387275,12.413466510849492,2.007045882329877
4060,1.1387781941386685,31.253673266135106,10.366664016665528,1.7031228636298483
4061,1.1387571447661342,29.600697456578672,11.471808569537457,2.8565823041181053
4062,1.1562713100231632,28.986947092745126,10.612969185019718,1.9109904283194765
4063,1.166318058967396,35.99716600011648,10.779282395655416,1.0705027715917481
4100,1.200381176503941,26.62373262797445,9.107829741143343,2.701260824074813
4101,1.1658783744099146,28.352595025980296,10.585201211658557,2.3839384937025465
4102,1.1518926175227153,30.8903557936668,11.132957057768243,1.9144625351886433
4103,1.1469778443433811,27.663552164523455,10.40005470199066,1.7996877631486918
4104,1.1375932460147402,28.842325548013353,10.766369059684996,2.708344936912649
4105,1.1386723085158352,26.905681735806997,10.139025640013447,1.7578184156469214
4106,1.1327855085718976,28.82787387235027,10.758100739538198,1.16964805635624
4107,1.1304179090792987,31.01752661600567,10.731642134297198,1.6881060333673858
4108,1.128320787356323,27.358802873883462,10.873750130018305,1.4123782171302621
4109,1.1276779164521566,32.42270993489166,11.738306231385595,1.6502976675838512
4110,1.1248754949211226,28.96860729704219,11.507460495098794,1.220318195644831
4111,1.121950479691474,30.300784210297763,11.2744479278662,1.66340908183534
4112,1.1218405499360082,28.551901454975816,10.577407583806652,1.8324944017260631
4113,1.1204644765925817,29.491734220043327,11.285092449267717,1.4372584207198447
4114,1.1210334251500813,31.524975452740037,11.195945470277048,1.4721277982771637
4115,1.1256517512380746,28.680770413470103,10.61445045976086,1.9408792854977384
4116,1.1254459054101413,30.115565845569822,10.754018086641539,1.4014753221700187
4117,1.1225333136212954,31.738666666926907,10.937412309085055,5.2598958127258895
4118,1.1252606928605078,28.57308630298026,10.36057875501274,1.8401438048547232
4119,1.126878898549809,32.71640547443899,10.94036940418631,1.7636340305393223
4120,1.1285955981327689,30.61271896540557,10.71923604036306,1.2785730206955468
4121,1.125963577023046,27.248563813653405,10.524853320706846,1.40969967698343
4122,1.1316776999098193,30.794785630047393,10.962314927135935,1.5571335014027383
4123,1.1251553246138142,31.04490659416985,11.277662599067076,1.950585396256481
4124,1.1271181921396112,31.73617037468995,10.974207342792896,6.038659553369513
4125,1.1281656466597745,32.312474301940355,11.016450669164795,1.7849468625230533
4126,1.131493645347668,33.188623757207964,11.597395785955536,1.226077218493049
4127,1.1305826176529143,32.332903111115336,10.83334359696141,1.4591283854892583
4128,1.1307517013476716,31.021177658034457,10.933921750399849,2.4669702642661515
4129,1.1255276291914436,32.64157223607565,10.857361300467742,1.4354583240006806
4130,1.1308076615950182,32.2293953670801,11.395059442955425,1.2135070241430173
4133,1.1263721021435922,26.391221879089414,10.359422833705029,2.539336951851586
4134,1.1261814164476598,28.759783535293963,10.887959400439204,1.957960951354053
4135,1.1269824558007915,28.8417525864557,10.524921124990055,2.6107211642696653
4136,1.1220191244502893,26.429509430297486,11.971604681699626,1.9959978214482568
4137,1.121028833624865,30.881322949723707,10.245464971060763,2.48280265021648
4138,1.1294156400717987,29.257439547294236,9.695957202838919,2.0900422323294827
4139,1.1206899515155564,27.308919889702025,11.025185315511889,2.52780244153214
4140,1.1224054441110651,27.35386197404282,10.672848079996514,2.559015618241282
4141,1.1202120661309922,29.821709478726596,11.125627460957297,1.9425316748931591
4142,1.1234789033510497,25.975621798282912,10.384851263457056,1.0275459524933566
4143,1.1152119173531765,30.615539113676732,10.53956925052366,1.6596903385095196
4144,1.1042507968565412,29.36570811934822,11.60120625038667,2.1577290040849295
4146,1.112896702021219,27.948373602256556,11.273862690636106,2.053923483780436
4147,1.1162775739571793,27.536845357094325,10.693879508510603,1.5498551816781043
4148,1.1137817158219532,28.213427506115192,11.096822810879123,2.7431294184783774
4149,1.1161907282843018,28.996777222210312,11.158114597870712,2.179132658500028
4150,1.1136830158010727,30.10727184442466,10.820707471523543,3.1997479293469313
4151,1.1103606148133818,26.125563668685185,11.31918310297033,1.0186164573953105
4152,1.114911762818626,28.205735124781445,10.562278807195975,1.744788446044367
4153,1.1125072167004604,27.21008106421295,11.485608950853834,2.126555708608554
4154,1.1135055429636886,23.603709664774435,11.716951486213631,1.578574568920924
4155,1.1160442104555637,27.221271753906937,10.886220812577228,2.1518617894658076
4156,1.117596550243177,28.567614351140143,10.532342976531261,2.224750641891506
4157,1.1220846901374113,30.42941230974987,10.562656545295665,2.5364206623015146
4158,1.120520760234704,26.32551774018297,12.390381516854823,2.4789960096453765
4159,1.1266144308542947,27.561406271452874,12.093865439587336,1.9111159214874027
4160,1.1360463574571977,27.615691832589217,9.682128400842323,2.0741612237211764
4161,1.1384410869510662,25.488254650352534,10.94394975509075,2.47083417412285
4162,1.1543724151336452,25.718720963966966,10.481031358338443,2.464261185172368
4163,1.1819183472016466,30.11759013898384,10.343619481369156,0.9067432094647586
4200,1.205741513047998,26.65408427971082,10.42297834398529,3.0013750242678063
4201,1.169800779314324,27.52692107050671,10.394809549158504,3.851925754009966
4202,1.1620234451678657,29.891029594027998,10.830803237941467,2.9366129458915307
4203,1.1535488964459555,26.84461455963544,10.331148114309046,3.059914732296736
4204,1.143622813544835,28.216855947589394,10.471722985122888,3.2247081340797314
4205,1.1446192073735788,26.094063482311157,10.070170049841003,2.4666960760400136
4206,1.1400025776372102,28.129505861956794,10.34045525472655,1.8540329948308671
4207,1.1357493737850333,30.44001452390626,10.6421490300111,2.5683425753632463
4208,1.1351008870573065,26.446421679861867,10.32732954937624,2.505437885090027
4209,1.1340947208064334,31.71349711166423,11.013984543625886,1.7664981239796536
4210,1.1291919523030551,28.769663971485233,11.244843215506691,1.7554541581209233
4211,1.1281454887149385,29.945884693144635,10.720493060611558,2.043561097588892
4212,1.1276703640658863,28.435593785875774,10.129587226401846,2.2805970721615147
4213,1.1276700223200686,29.066901171380007,10.847258612470274,2.1086696793224307
4214,1.127061897564925,30.83505187231737,10.914056062982654,1.7692469880626078
4215,1.1318767513240031,28.329204360381798,10.068560667658549,3.0220719733570838
4216,1.132056089786111,29.63086436080782,10.305513834419672,2.1785040375710425
4217,1.1298785558107145,31.5171211216184,10.488724679357185,6.1636310244131485
4218,1.1316660487199324,28.245706855109916,10.214381183135723,2.4269354610350113
4219,1.132582743983615,31.97359333896753,10.390837809808987,1.7079517315025923
4220,1.133911895331322,29.96417168153327,10.438729133578894,2.350570979788286
4221,1.1302154739328878,26.815368884922794,10.293941700581673,2.0438776072915044
4222,1.1347024223403583,30.29717552722376,10.42771605021721,1.5140688573239922
4223,1.1298213983046395,30.796122181809217,10.5328179941981,1.833293353590039
4224,1.1325613524790952,31.48878371645393,10.624794054367497,4.178814326962097
4225,1.1344208278541543,31.758449039570074,10.527681584513031,2.015229348598
4226,1.134769190193575,33.16797983766045,10.841140068523396,2.726308466527165
4227,1.1352913894004053,31.766952324351163,10.706424348833721,2.0326757344369533
4228,1.1355379994042092,30.497248738185693,10.18998608348096,2.3179247004659795
4229,1.130656012807398,32.1746766942883,10.2437921102035,2.4744803683073733
4230,1.1338456780736947,32.001932657204335,11.008271262414588,2.088934052255722
4233,1.1309161666569767,26.198372825089628,9.912422999002784,3.3676704282690433
4234,1.1338072949864437,28.13108188842642,10.371384302854882,3.580458863460158
4235,1.1315565358784372,28.513573698886532,10.592032728679209,3.742819367945462
4236,1.1293680626966565,25.68985410569268,11.212881546880634,3.011435780499818
4237,1.1278209730753712,30.263041874915118,10.127999430240932,3.247998974425221
4238,1.1358696622157367,28.778444533417268,9.73659089933319,3.608619360373342
4239,1.1281615982363808,26.69323352386934,10.559999497882284,4.302809088781727
4240,1.1275800227781099,27.02254804274005,10.135458667142615,3.0947032012069076
4241,1.1232335560035651,29.765701935706275,11.019284164032676,3.3865109336570707
4242,1.1296700166402123,25.488260236667173,9.819775219409577,2.376596674549182
4243,1.1234965765520084,29.881040088042067,10.60720289788174,2.7724348405091894
4244,1.109829844219246,29.13920453201946,11.141131620863598,2.7955013709711194
4246,1.1207962020150855,27.278314027275737,11.011090673808013,3.182157672872564
4247,1.1232150511113186,27.069267090908532,10.172776386016874,2.380562850870113
4248,1.119073571200521,27.97328638090827,10.671446345948281,3.288524588078614
4249,1.1225309849413767,28.361367544104176,10.766332206762023,2.4123596314231257
4250,1.1182991921403178,29.718089495931558,10.819822994360454,5.030633762539567
4251,1.1158020475293313,25.348408328991216,11.445251067875983,1.5683331227208215
4252,1.1184445232218256,27.85896637494686,9.906477646408604,2.1858375729752964
4253,1.1162417631252763,26.701063964263724,11.084797062743256,2.5244607474330985
4254,1.1193775456526176,23.069374953194682,11.710214572830894,2.3969757225007764
4255,1.123656427826703,26.402400250274564,10.541282707663784,2.8142847927165944
4256,1.123703094561671,28.249833005215628,10.124204949720841,3.654112594294461
4257,1.1292851886367727,29.792576104481466,9.896397946366601,3.6309878021084003
4258,1.1276144714493614,25.751268485885213,11.86437997834583,3.654575194849404
4259,1.1316027219991873,26.91391351286359,11.682952135266598,2.526921933438137
4260,1.143225539541597,26.87979427829514,9.725917796465895,3.720360901370163
4261,1.1431611260352794,24.82355250928284,10.926735406051147,3.7131991186451576
4262,1.1553294113279828,24.817591645566967,10.627760519911039,3.2641380693885313
4263,1.1658165655832489,35.09361615596843,11.478323404926723,1.362728777829174
4300,1.1964994253013903,22.89882800882501,10.977585946773717,2.1657789360381594
4301,1.1488401702301934,23.937143546409363,12.069315270012353,3.601361517060049
4302,1.1288009080686663,25.69393866181593,13.126417411448926,2.4272218455608474
4303,1.1199375055423622,22.03763145927242,12.675024080231701,2.316150945671448
4304,1.1078092409587827,23.40308247928285,12.71417323841834,3.116957857817262
4305,1.1094779470661464,21.25515483471204,12.125502689614994,2.0652811921760397
4306,1.1029271800709142,23.34576746609659,12.632382410637144,2.367576306950915
4307,1.0998911037165044,25.769709327646233,12.484958571563233,2.2953674812628493
4308,1.0983082446062271,21.62695665188542,12.849890640916568,2.120249352352581
4309,1.095821645736676,27.739185889511422,13.193877861785449,1.689854940255114
4310,1.0933856227111172,23.775291463671692,13.109215933567633,1.8475340446613202
4311,1.0924565159611548,25.194643886261982,13.022800525723067,1.849408031258687
4312,1.0923512013849417,23.40537620657634,12.842938278803086,2.3075095302159934
4313,1.0923954895307482,24.277696027923405,12.877445068479032,2.270342718856926
4314,1.0917645571403503,26.08940691361402,12.779190980573206,1.373698410475668
4315,1.094695183373137,23.556487616830754,12.73773104556306,2.467567639687071
4316,1.095144357644224,24.80858931085513,12.677159560010749,2.1387151012043755
4317,1.091887416736993,26.591049857423176,12.974973437749469,5.981808719240488
4318,1.0946721981752114,23.45977554261736,12.61775456988491,2.480935814318009
4319,1.0960386996193527,27.29274369467113,12.89442515931636,1.3224426362242043
4320,1.096403494757069,25.474679762842737,12.897000912385579,2.157115198107448
4321,1.0947974852736944,21.946350210470097,12.628690852927281,1.505043264051883
4322,1.096930650812606,25.758468645018553,12.79441374765458,2.2058854193113944
4323,1.0950519447181877,25.68029955342435,13.225958878844432,1.811688418206741
4324,1.0939153580276078,26.599884184796316,13.128516923409546,6.595028321821074
4325,1.0962169592751942,27.17620805524175,13.15656867825175,2.2686472719642174
4326,1.0972893034563231,28.02854703561253,13.159066125514556,1.9867320653244214
4327,1.097045618130372,27.14599888303823,13.11988518293799,2.994975310810291
4328,1.0984742671682002,25.738626689555122,12.919551717531403,2.5840709717228716
4329,1.092916336417237,27.357427845411685,12.918272221293678,4.1215858767908635
4330,1.096666210270762,27.178046117488716,13.0420478437265,2.8245128178134706
4333,1.0956419191101237,21.068077096708272,12.716305133689639,4.462209716990665
4334,1.094339975438717,23.470166061684314,12.431847878326382,3.8437744952864055
4335,1.0950543079778359,23.495663384059107,12.680452847076515,4.982399910993782
4336,1.092779214241818,20.82694742408049,13.68906447896553,2.644375068119034
4337,1.0924184123146166,25.4788582804184,12.62326233215565,3.9028002992574193
4338,1.0993207134338459,24.244622422343152,11.922225985829197,3.7864090970211857
4339,1.0903386866607006,21.807952763413155,12.743125489952671,3.4761436787673166
4340,1.0922206922790885,22.020998681510143,12.63822703410126,2.9049495190270487
4341,1.0874110188768351,24.802275187968007,13.126546765968769,3.3439694333491676
4342,1.0933135302746784,20.70423888193985,12.330512232765123,2.442717552467155
4343,1.0872601595869662,24.961798011146794,12.722304955932518,2.967622375959185
4344,1.0728628717804878,24.265244580103044,13.693873983417115,2.909573522159862
4346,1.0836723757022049,22.557576767485525,13.169873365236366,3.876322785383605
4347,1.0852991585353342,22.402713853035088,12.625303702035469,2.045876087260995
4348,1.084279845043938,23.15311717679921,12.865340408494516,3.1569451238197423
4349,1.084908707860081,23.96037881845656,12.915350669225331,2.691926096073614
4350,1.0822608297720877,24.836764156875752,13.142956225774872,6.296794737321688
4351,1.0807154486673274,20.375479942689903,13.622929832830833,1.6964867785064919
4352,1.085421357649854,22.991603222287445,12.130379623261248,2.6112376193443736
4353,1.0785707103452833,21.81367363950117,13.519159536739936,2.692225509421968
4354,1.082698106124354,18.388620893994062,13.787492303878082,2.512112548724706
4355,1.0854160814242497,21.598839857912782,12.824313016463824,2.697743017963742
4356,1.087052092547917,23.58089342980631,12.327150820735872,3.638729320160196
4357,1.091998941072487,25.207794479258208,12.363818354478584,2.950590671491097
4358,1.0908135297563795,20.89248278965142,14.000149995147602,3.041782576184741
4359,1.0938684554859606,22.44402843401843,13.664719899483542,2.0752392626553213
4360,1.10794446996437,22.525057084637464,11.63408663604681,2.977341762316671
4361,1.1104283357628617,20.942393375911294,12.852703507600928,2.8051403340252037
4362,1.1368779751416596,21.2704331951213,12.366739769252579,3.374688055128207
4363,1.1699677688116734,27.7189241701383,12.008984801831081,1.381731903508971
4500,1.2365990191466278,22.645887121518562,9.329829649741418,1.4918071608846497
4501,1.1838601006551674,25.584199854450052,10.524167925461741,4.38318029528202
4502,1.168724207822437,27.970153072461475,11.3351088637733,2.793110435236842
4503,1.1586175257757485,24.817591129103825,10.42706987804035,3.0045983672748426
4504,1.1478868608098105,26.8219104368129,10.618760654156858,2.6947640587243904
4505,1.148223244788067,24.368245786168313,9.992357020649804,2.4648993074325225
4506,1.1385422514887265,26.399161914461818,10.794224573057056,2.355526104486795
4507,1.1363600453469573,28.63636910398213,10.577464516371068,2.040629944356981
4508,1.1355587758611227,24.868989960920146,10.533295894540723,1.9212116713184122
4509,1.1305257054049498,30.343617429776693,11.836193882498229,2.03845728992018
4510,1.1301240879284764,26.549770332228352,11.241357017990328,1.8785082051988613
4511,1.1261364139016836,27.97381601948103,11.505865507571459,1.7269246365324042
4512,1.1233376461911078,26.806571850455978,10.778067636500367,1.8689299732387747
4513,1.1267648090493685,27.11081126056813,11.081601160197257,2.2017724472404065
4514,1.1241879424432581,28.91198530099429,11.217629192887596,1.4875091442822428
4515,1.1284476021079826,26.637878854053156,10.681481751469498,2.42698331942409
4516,1.1288673333982229,28.111866350611997,10.631418522558253,1.9644347502082018
4517,1.1251078774544792,29.60480331467757,10.974762126183434,4.5289053730803595
4518,1.1268510379114378,26.632404444510943,10.566278561451131,1.81343233585331
4519,1.128475717425571,30.589235822254032,11.117825486343035,1.6915687334948066
4520,1.1306540526562834,28.838542796535457,10.918994902653573,1.5232684947777642
4521,1.128467996535324,24.929362359600752,10.671084949474972,2.1480196544762684
4522,1.1326114120546966,28.71465133501241,10.738812444194355,1.9636428294097843
4523,1.1278641158928027,28.5851923853592,11.241409104788987,2.313091874313131
4524,1.1297620987966772,29.765329649407143,10.640392368040425,5.422531081723169
4525,1.1280224930987823,30.064611676310562,11.194297791041793,2.1578724836179948
4526,1.130312311951634,31.003947198880073,11.404505984070997,1.4129204697595426
4527,1.1286049531930982,30.17596263291981,10.986619515555265,2.1228060309067147
4528,1.1297212280181375,28.5571746736417,11.256447899351997,3.1330327778656915
4529,1.1285900996391447,30.215955196046657,10.781468894460378,3.065543820846058
4530,1.1309834459255683,30.203394488505342,11.17265903060085,1.8328372350455018
4533,1.1279099661211294,24.204497692324214,10.527297442946967,3.088363302519737
4534,1.1275024897927515,26.376940278502797,10.70407393228332,3.9687508002790315
4535,1.1280109385750101,26.495772502517866,10.96021583248156,3.514372096602334
4536,1.1228377320205911,24.14006695353095,11.843203066782182,2.600081925372569
4537,1.1221433630924598,28.690791904332045,10.657121218304457,3.172378936002833
4538,1.1318675284226727,27.260151302092126,9.938423877476529,2.9008971875192393
4539,1.1231803132241616,24.8778374636824,10.941471503174245,2.7576357632028636
4540,1.1224476996467159,25.44779858507455,10.672279546093723,3.506251965128233
4541,1.1187965475743331,27.95368009926469,11.114772976607801,2.1182883597504145
4542,1.124374272625129,24.089911484128532,10.362292465369256,2.7523161983921494
4543,1.1191935797012105,28.018525140903062,10.707496511318086,2.8220729778221134
4544,1.1042241289913641,27.581701956854353,11.562402293269201,2.0328281926103524
4546,1.115455523881651,25.56704930571494,11.389813379962412,3.3000989941209897
4547,1.1174889010508542,25.556808925680986,10.375659918938048,2.373162350611938
4548,1.1161432874592196,26.182145902099613,10.934454114890833,2.682827829879252
4549,1.1173621436877468,27.094931955486192,11.029175966425246,1.7726699269469883
4550,1.11595815358074,27.91142934393344,11.047610115340383,2.9347174786043957
4551,1.1123718561932932,23.88734929369567,11.127049470103552,1.4714982387183282
4552,1.1164247522412,26.090133626743842,10.674800297533608,2.3880887541638627
4553,1.1126360322515423,25.139945180434417,11.686962300267702,2.4036936044887613
4554,1.115705339224076,21.60332588661806,11.760268420575063,1.8046677173038064
4555,1.1179016221281193,25.010358993682193,11.01169878149617,2.351147176101483
4556,1.120801922862744,26.597078512100037,10.339444642557233,3.233189341124652
4557,1.1266097313967032,27.991355355011912,10.437444276743493,3.2944476263128344
4558,1.1249416524983584,23.86069209533877,11.90640102833989,3.1333300705072453
4559,1.128832298833082,25.348585799208035,11.92288830423342,3.1118073641756356
4560,1.1425614563042792,25.09733150870779,9.791547126753981,4.131933691417172
4561,1.1435992291157,23.125362881549794,10.927545815100292,3.138521346246926
4562,1.160802133961869,23.272636994063596,11.025052330791958,2.917858255592323
4563,1.1644582956120735,33.17579076176863,11.830419182747688,2.0024888059290915
4600,1.227154590674698,28.322875769617713,9.357917702694827,1.286014858498241
4601,1.189994602516606,28.324702790239943,9.825850523040822,3.8439570897216795
4602,1.17143096394591,31.432130708004628,10.593496758708433,2.8914527546913082
4603,1.1625230285431039,28.031870598944497,9.615440202559487,2.911214351075399
4604,1.1526099652827828,29.475840168883316,10.231962832803621,2.766083053813275
4605,1.1508560231084577,27.675122834042877,9.573305257125,2.5560662085827994
4606,1.14255806570081,29.892790515569967,10.219540244884957,1.6543187744153474
4607,1.1400214596053704,31.76903353321961,9.977629703716845,2.5783092456683727
4608,1.1368645109603819,28.49493475626544,9.821122765514328,1.546763050893458
4609,1.1354659821212592,33.41575343422579,10.823837526334664,1.9255530832137757
4610,1.1294402020348862,30.38903447961352,10.821337895131451,1.7548074738343813
4611,1.124882651726616,31.639559240612375,10.755897870374064,1.912518495966513
4612,1.125252115940027,30.060949103556556,10.379107665037207,2.5507897538237656
4613,1.1266604265359246,30.61624406328376,10.473973230834666,2.4095820466652866
4614,1.1255499458831153,32.45862700414045,10.486220443306934,1.4443981314251255
4615,1.1294643295805251,29.938550320523102,10.05928478870622,2.2683033509627095
4616,1.128114275762643,31.67581083852551,10.186663981798992,1.9605662256365775
4617,1.1257849601222705,33.17628628511715,10.034822316920247,6.461671738179149
4618,1.1273423202262685,29.633969103315525,10.273447172519491,2.1419669041579183
4619,1.1295190115388107,33.730470285455816,10.600243902100592,1.9139969518247397
4620,1.1311838767266145,31.90549904251925,10.271940907504286,1.8061864739376923
4621,1.1291599569887116,28.31624538824153,10.015302014814635,2.654960040337697
4622,1.1320012251462206,32.332218193601996,10.22215222216338,1.5093171483077168
4623,1.1277547292346055,31.963224515160825,11.049797143151078,1.7648828615840273
4624,1.1269359475705947,33.40747164955258,10.362974720610469,5.58694049404881
4625,1.1266628881321745,33.9766853094597,10.87525053211098,2.7669426708088434
4626,1.1298224794264187,34.367891308625346,10.88373225004785,1.8935922015727227
4627,1.130740290906257,33.56197886864658,10.611033008179996,2.040285045081003
4628,1.1320354872318261,32.21140754404572,10.611008654547378,3.2057332730638364
4629,1.128648475498457,33.57425738450287,10.137227053649756,2.6396543675532653
4630,1.1325755622005165,33.26240388814918,10.834813451071984,1.5491514556054309
4633,1.128533627368815,27.345536348861092,9.95856138999381,3.8293019711107523
4634,1.1295766004802883,29.557176646679117,10.282544954413488,2.7601861859149244
4635,1.1296150547119923,30.01722724065452,10.312652665405729,3.417874853465441
4636,1.1253446106844296,27.34902215482012,11.26093099551457,3.127192241591658
4637,1.1237668349842107,31.81619660949634,10.264094544826706,2.67817134214341
4638,1.131215678572865,30.488369774070396,9.49373229514978,2.1955332464802275
4639,1.1214582904776078,28.432967885052005,10.311431040144353,3.311663380084657
4640,1.124433434145121,28.443116726754095,10.327908957667933,3.458424910905938
4641,1.1194883192395728,31.334547670681495,10.607330061722749,2.755700188712326
4642,1.1235811169379502,27.3923301651821,10.073492391817862,2.539538727359172
4643,1.1179275367617711,31.524158356238157,10.170576789857938,2.270414166966628
4644,1.1047724741656875,30.882456267337925,11.257194038386155,2.1704701306630505
4646,1.1152821023989847,29.076898291387682,10.854939775708898,2.8439258210705285
4647,1.1186630481418571,28.416551559540533,10.107652092277291,2.1515077962614844
4648,1.1169333527153684,29.521908930045015,10.584598250937201,2.881662769932416
4649,1.118859590846149,30.172688334321908,10.856159855806915,2.224169977809287
4650,1.1159435152633057,31.54260141392358,10.5682587962178,5.160501259570342
4651,1.113708003182863,27.065233982536583,11.125533883586314,1.5630659470724027
4652,1.1177572227169281,29.620974083862443,9.773859727978769,2.20567891027989
4653,1.1146124422201975,28.259990637743833,10.994131104776743,2.6732047176170486
4654,1.1160907269236726,25.21042938196805,11.153905703208501,1.1346982198166469
4655,1.1199851778247714,28.370368423159466,10.452200641485216,2.4683079920088105
4656,1.12114502303335,29.952543196407664,10.172832915432199,2.8489988702312075
4657,1.1280609599436908,31.313331337495264,10.274548456102675,3.4173519503857523
4658,1.1263437836511458,27.140774042816243,11.484880161793841,2.472154871939528
4659,1.1320844555005722,28.747766452730716,11.234470911574741,1.9492577217504208
4660,1.142658442277884,28.31032522426265,9.474571355276613,3.179081452430874
4661,1.1458355721933677,26.78231761942605,10.275737085282293,2.932396988485817
4662,1.1617629088697015,26.165541508498524,10.345799295709526,3.6642606668258604
4663,1.1582311123069717,38.64381300579909,10.496323690655924,1.1808320759992559
4700,1.2226025644724194,29.67894254841552,9.286478350130599,1.0562205828522844
4701,1.1932868361750462,28.825843059899544,10.124539643929719,3.882770090507921
4702,1.1709929212431496,31.612899573409905,10.640478293641655,3.2696947006957267
4703,1.1623839756058378,28.134600185305473,10.211887856627548,2.539709459586416
4704,1.1473406349497894,29.59977093767176,10.60853059303678,3.0870724585251086
4705,1.1473104988836702,27.774754444998646,9.642696713597564,2.2008212617208778
4706,1.139230141863334,29.615455410867824,10.298201561767074,2.1601679945354157
4707,1.1345391115612173,32.1626656516544,10.518803984013923,1.511700152297466
4708,1.1310641831941137,28.60934459309836,10.52876465470826,1.2876109577675812
4709,1.131036993537014,33.84333015726762,11.188975297954745,1.633867164138547
4710,1.1273487507523254,30.319400938413505,11.162694392173918,1.458839458593887
4711,1.1201844072618339,32.10226647726061,11.166982267446553,2.0203099272128835
4712,1.1222075710238029,30.21093797078369,10.378308522943529,1.6964700344795443
4713,1.12124867904277,31.087425281978447,11.415961177348048,2.558049731039161
4714,1.1227599115446611,32.523947438247426,10.965490277881996,1.3579821763481845
4715,1.1245460621441772,30.022071433030927,10.385538668538569,1.7582706771993268
4716,1.124072043906996,31.59986380854955,10.410316712280677,1.5773911182109646
4717,1.122332453225541,33.458636086397455,10.71511894080651,4.930931226203367
4718,1.1227261783471303,30.215524279902993,10.322015847116132,1.5592153371525534
4719,1.125385440666709,34.08144985868501,10.865408417184332,1.0864082655635818
4720,1.1256361762733489,31.934773103064025,10.738140112938742,1.809631462106155
4721,1.124280792790058,28.653985687882184,10.52959914574032,2.5812697309168375
4722,1.126844176387834,32.379562761050614,10.5251429830802,1.3355879997822184
4723,1.1215668854327263,32.44021134019316,11.36044642235489,1.2396396937841052
4724,1.1259489255214927,33.25312468519941,10.789558379594935,5.931341631221516
4725,1.1215643641860609,34.02619814766814,11.15451873204685,1.1964419203512844
4726,1.1279359456552869,34.42716302703155,11.27097759470691,1.888807400255742
4727,1.1255274344168489,33.55968088102057,10.67535991717219,2.0079487649787975
4728,1.1260800417397727,32.3239353644657,10.953602509331128,1.8973309776020728
4729,1.1243711182751426,33.61421723742693,10.672134504283466,2.171762251639719
4730,1.125443244524216,33.62477570707372,11.37967905508209,1.7014158530864636
4733,1.1237431949173773,27.845357527294837,10.282701045589002,3.5013789847189303
4734,1.1242561129130375,29.953177555616616,10.153297852776662,3.1905981368366074
4735,1.1227653643427782,30.280693709524293,10.822700701279254,2.822005769900893
4736,1.1199147654576598,27.81165807252912,11.424078017117173,1.9223111893353824
4737,1.1202216054408374,31.75455436394538,10.416701932473766,2.348526188777922
4738,1.1260683990474256,30.719446984191997,9.851386904116458,2.703935283698197
4739,1.1197674958178896,28.27008109717659,10.671500735501496,2.700193361427317
4740,1.1198069853902584,28.83471395882861,10.386052061166481,2.9601673996976388
4741,1.1122940381348962,31.57532872776971,11.162195994767687,2.2942569249587503
4742,1.1207121239595488,27.265007285031945,10.595285506324538,1.5123257180428613
4743,1.1154431180689046,31.518508489687875,10.943988763165885,2.4637919561081474
4744,1.099581937770071,31.05512277048535,11.5741065975498,1.900329026199381
4746,1.1123288953741262,28.933316856597127,11.39687207245745,2.33063959426027
4747,1.1147336184285812,29.069365233407122,10.522371098823443,1.8309861160451488
4748,1.1131522663416518,29.672886546678026,10.601501368332306,2.128369701874876
4749,1.1149234690394205,30.449116986157208,10.869330115913229,1.5629054704722487
4750,1.1096180304152576,31.6003756393685,10.912767696336052,3.0686093942047967
4751,1.1101011862396248,27.46286409395824,11.047001154449685,1.3846907581936678
4752,1.1137265527353277,29.760921505175236,10.371453684636283,1.7182796326339633
4753,1.1127414919841507,28.398527554727554,11.461200681409967,2.6436824403502364
4754,1.112728790882709,25.333982472686753,11.87422777527678,1.5080755238695562
4755,1.1173458447319522,28.625816682630106,10.505986876949933,3.1120561599473366
4756,1.1195916386011169,29.811490084752442,10.28614603796437,2.510134854969334
4757,1.1225609597009254,31.611496254162073,10.456187192584768,2.993769674697682
4758,1.121685633950619,27.32139528090727,11.689576622263157,2.994548645947404
4759,1.1289871608924231,28.952723285765305,11.626412218424946,1.655380437145386
4760,1.1394129166821478,28.61510232623979,9.781872270083568,2.6752553552632206
4761,1.1417727957360653,27.32700784252574,10.961824699972562,2.7230910433965705
4762,1.1614605724831437,26.66514028321795,10.70878252561547,3.804978108441579
4763,1.1543720451343984,38.09571419437172,12.43720795479964,1.5877855818224882
4800,1.2459190381474565,29.331739344706765,9.877148217582446,0.8022411640541878
4801,1.1969730531930198,30.67097024969079,10.394257211915086,4.581526894742202
4802,1.176911897162811,33.503937971919186,10.94385737585339,3.1029777006654626
4803,1.1643169166317304,30.65230923264408,10.516592934060677,2.3047438772922617
4804,1.149673294178118,31.873312260420498,10.473999251328635,4.230035421012564
4805,1.149488764175727,29.92806621361075,9.847095326538845,1.9611561331436287
4806,1.1413008714308248,32.24576952577855,10.560471444519502,1.4964435277811015
4807,1.1336601667876942,34.51151695008598,10.736973818359127,2.8166334378710722
4808,1.1344285102537994,30.656342714745033,10.827738644179666,1.5064385567113687
4809,1.1305041144056915,35.92624895847203,11.85428162954871,1.967028222865224
4810,1.1265515322796218,32.59544936928158,11.727914956972082,1.4269969165016076
4811,1.1250724789596898,34.0900767017145,11.041443569878892,1.6092228449480839
4812,1.124872173188296,32.010219559814445,10.747474044862617,1.8535479469870988
4813,1.1235907532320257,33.09619435824571,11.335419131209774,2.8140365841636883
4814,1.121543607987923,34.98433133042586,11.369556416027853,1.3653912594776483
4815,1.1237553597242447,32.5577822913913,10.843175120888597,2.1349531972670284
4816,1.124142590653881,33.79997404411126,11.040493033663651,1.5265554214347283
4817,1.120101431583545,35.76461990166183,11.005368177284918,3.9870467099658224
4818,1.1241501225597148,32.16915565689079,10.86107724439269,1.694081147683381
4819,1.1230994004548958,36.59050798523357,11.064459040238464,2.5970806306743475
4820,1.126123014687455,34.45803480838001,10.833082550066388,1.1688569259818011
4821,1.1250983184843266,30.479078208000374,10.559784640101098,1.8374037464414652
4822,1.127131469066827,34.729794117767355,10.96828885801132,1.5713850590551544
4823,1.119681620287602,34.86607298916367,11.63560703618996,1.865770793472853
4824,1.1250005786339012,35.111046858297186,11.06507450948456,4.248075840982519
4825,1.1231581445653744,36.3369736267011,11.368291807243315,1.740551503737928
4826,1.1245968403476534,36.975537137424446,11.555885366907077,1.856290824124532
4827,1.1244824420246335,36.05075961172099,10.976023778113777,1.746550123536058
4828,1.1260004151095986,34.56709580548822,11.163329881893523,1.6733560008634007
4829,1.1226793825718482,35.96958445653558,10.84185744556972,2.1425346549224242
4830,1.124865820596482,36.186108648825645,11.722314449524804,1.4619518469286028
4833,1.1213047650876973,30.427855823334617,10.639551035402212,2.8445087858777978
4834,1.1214043768950481,32.480160815659836,10.911691595376626,2.2417363865438276
4835,1.1229119425824035,32.1242466887037,11.082477438897818,4.227959615260448
4836,1.1204953730761906,29.841714235463805,11.857623506707366,2.2585777896585664
4837,1.1173135649324355,34.47366327455558,10.790753839154672,2.397126377126041
4838,1.1250273995621034,32.8874381236317,10.268897429912744,2.1198725090816333
4839,1.1174740580881177,30.445786882031566,11.087398224154612,2.8810388358723
4840,1.1187631971143979,31.121650582258795,10.809097866160675,2.2378668636556123
4841,1.114987347573767,33.61030909344569,11.374107824428599,2.4271323972628194
4842,1.1199595735647123,29.65427006800204,10.385335826237101,1.8226277043271306
4843,1.1145921834292756,33.681398146854136,11.019833037333365,2.0819705342066577
4844,1.099415264439513,33.23081258417899,11.96422804395942,2.1460719303059226
4846,1.1121152093682105,31.52900146792466,11.494444670241876,2.503243958831437
4847,1.1151948056055223,31.203553734369542,10.694212367620198,2.0505119901988724
4848,1.1127104099695944,31.961935989993727,11.116477016096107,2.5211239534549033
4849,1.11381522234954,33.0348734338416,11.113953231576009,2.0174136746694815
4850,1.111085236867014,33.752846712109545,11.397162194578057,5.075388133242994
4851,1.110142380685839,29.634386290495623,11.513243667563199,1.5207313806356988
4852,1.1141416977577905,31.83524289263553,10.458731716611037,2.5512224583654843
4853,1.109812746702816,31.05144977165512,11.875978218909138,1.5848583944872128
4854,1.1142165559002926,26.886123097239196,11.930935878753523,1.9013283561988925
4855,1.1156240025518391,31.01081417531785,10.91653864902841,2.0965024653108055
4856,1.1197921015390515,32.28412249182178,10.636829158518951,2.4861721995766595
4857,1.1240759683072166,33.8904257240742,10.565710948264137,2.68705044513453
4858,1.1231290565009822,29.667684721721784,12.12964864920088,2.9351140749541402
4859,1.1275782262807026,31.301781968720082,11.75782907128559,2.249817961663039
4860,1.1403494138058436,30.98299622281021,9.921620775055274,3.1611244453812426
4861,1.1440120621292438,29.067576708645912,11.054014922144576,2.764468230993697
4862,1.1609258280708408,28.86000959992353,11.12291416639579,2.969727533173046
4863,1.0651167142849935,58.94781793294589,13.025684905252389,1.76356893761096
4900,1.0848236850657056,56.44356748869719,12.095407396835396,0.19303715691230006
4901,1.2099778136531438,22.768184520790477,10.010566056757678,4.4784419711538055
4902,1.1848843332048986,25.868596456224473,10.386220116898839,3.8088340325751706
4903,1.1746594471980865,22.339611793184183,9.733022554869194,3.301434994959905
4904,1.1575725428821768,24.36651685160599,10.313255169626881,4.077453384234637
4905,1.1580708863335927,22.0820712463955,9.681141111088788,2.857914720920995
4906,1.1481694417435,24.05152971226577,10.559668968987928,2.3374322082820975
4907,1.1458247866954647,26.46154490379555,9.891337348580477,2.2633565823223996
4908,1.1422391159993517,22.670748573542717,10.112368809004575,2.0763966417824347
4909,1.1393708210501072,27.825395007603973,10.950558348624558,1.8759346067455063
4910,1.1366936051294567,24.25112206558065,10.561255330357751,2.703006882345762
4911,1.1318259471976653,26.05652467519631,10.582524700584173,1.8815286153113038
4912,1.1316107603144967,24.090685910713585,10.106261797441851,2.635465221964457
4913,1.1293085485495993,24.800796998980843,10.955680425729115,2.195403804059656
4914,1.1286165004545579,27.00624085619848,10.462918733444917,1.458739903320448
4915,1.1322320149699718,24.17810949501383,10.193938038144328,2.25946837727526
4916,1.1298951475377095,25.906681715603234,10.204036226086025,2.006454659048561
4917,1.1287754860678982,27.463246978217963,10.404321855729863,4.562339227633864
4918,1.1302483146791626,24.45379371431725,9.789995349703215,2.2309316564252173
4919,1.130720113332175,28.386949073852932,10.81066108416428,1.4453130642081666
4920,1.1330853709169588,26.201726523732173,10.030824783272896,2.074722501193677
4921,1.1305275067016458,22.800824401377195,10.009569420187164,1.8828015071288537
4922,1.1329582184727918,26.505483061192685,10.501853371286945,1.8409983684955018
4923,1.128653854026005,26.152550827747095,11.06592718299034,1.289423019270705
4924,1.1313302013817719,27.3916677485163,10.371804421544947,6.368955078761885
4925,1.1290715371316338,28.322068845081986,10.659083545755491,1.8283197738499772
4926,1.1303822125859928,28.811084624481733,11.01810183248508,2.081968183295247
4927,1.1317383728722197,27.57195128935131,10.674124544515033,1.62969895287502
4928,1.1315815506359355,26.45063493010774,10.511747497268766,2.2818503574882736
4929,1.1289692890097,28.007396242546648,10.356766845348476,2.3911636156518767
4930,1.1355387673364565,27.40799691673148,10.795498791061851,2.0750893504523056
4933,1.130676211326301,21.79761779287854,10.084091612744453,2.497674189278357
4934,1.1300686971024978,24.08250868525283,10.116487568991252,3.0749013462541064
4935,1.1290297028804595,24.416293638404465,10.618215782418481,3.5817534963590343
4936,1.1248492705594026,21.67891445653161,11.555129596087378,2.7520449916770398
4937,1.1232502565352736,26.51818609011753,10.107550700492228,3.2036890950272583
4938,1.132523581311835,24.699736167704877,9.583218770195009,2.16180800685119
4939,1.1258746534101034,22.446624007442832,10.511613566555129,2.8927781127259062
4940,1.1253257664737844,22.867353627010253,10.139244466840902,2.667817508809482
4941,1.1215339596114016,25.627458639282846,10.492200156746948,2.762617081576575
4942,1.1276198959904569,21.405210521294908,9.634471429945908,2.363146388791978
4943,1.1222552314708703,25.54030554202461,10.167831837302597,2.755116328749335
4944,1.1059967370264785,25.22535729740988,11.291174840470209,1.9399938732707658
4946,1.119208763598191,23.33153369018563,11.011117301646967,3.6566664078666307
4947,1.122399521728523,22.73034326060708,9.95532916895269,1.7004859579380627
4948,1.1180903212360607,23.76034391685853,10.555399367187842,3.813307739840983
4949,1.122269254281011,24.651151355861202,10.767561068662621,1.9359557713895195
4950,1.1195241700265455,25.72605112597894,10.675661095848637,5.562791124239745
4951,1.1172496710307698,21.54885849503562,11.101005188033252,2.06723308900082
4952,1.1232137100549477,23.7121331747318,10.060049323901536,1.9053784781174388
4953,1.1196499068580597,22.64302047591318,10.836809944052852,4.095216696968492
4954,1.1217760706417015,19.35500846036541,11.240544070551877,2.2605432459508257
4955,1.1261268973120844,22.599261065017334,10.024809699374822,3.216482195079882
4956,1.1268843769570296,24.124348583205222,9.966622035223569,3.069715458228067
4957,1.1344697512634405,25.58219304228918,9.717378749037128,3.7461214656958197
4958,1.1304588657498518,21.556408775278243,11.555691057786234,2.8252237462151375
4959,1.1352479850312125,23.079428736798985,11.32651063862566,2.8033654489399864
4960,1.1468640331197737,23.000545437073768,9.185908989051082,4.305825333896163
4961,1.1498201957470384,21.036489770249126,10.113609235185415,3.0254066018536068
4962,1.1653295490359172,20.697229896065846,10.422152989512917,3.507097972113698
4963,1.1992879383368422,24.81227875060896,10.590586217971062,1.2444257938388443
5000,1.2843632738723445,22.234668373378742,8.219770322143548,0.5360977145311069
5001,1.2080676890594386,27.018279901489095,11.019793880485103,4.017872638568561
5002,1.180118760329035,29.48471256550847,11.610221288372923,2.9662722229870853
5003,1.1634488572159125,26.79817921806478,11.217265418799618,2.286100295038856
5004,1.1504255286796863,28.108532544662143,11.208476524895682,2.4863703573128277
5005,1.1483314492618202,26.512219540841492,10.89024695303488,2.375614477049131
5006,1.1421279332570378,28.487765935400272,11.322843048628119,2.2734435279102683
5007,1.1374353774237171,30.85966289968688,11.27533112431842,1.9839484933935603
5008,1.1328151974899265,26.993488039367506,11.665426010790412,1.5211692950406244
5009,1.1306725996433495,32.48843629819363,12.001941565701793,1.4625491980423484
5010,1.126673067210999,28.830605997522664,11.921115104543583,1.184058692898578
5011,1.1226983942202136,30.381500336357195,12.130172536800467,1.6778711515196323
5012,1.121705149986583,28.7308638201266,11.541329633721913,1.5336848009630182
5013,1.1203621007530122,29.748127502346026,12.008956798788795,1.7679738131700693
5014,1.1207268023905097,31.13083077722252,11.74888775314431,1.0298342291420126
5015,1.1202920817624316,28.765417526087482,11.631507429036184,1.5450423091884664
5016,1.1232943700663762,29.77775675252763,11.745871040444662,1.3050694123280124
5017,1.122150084570671,31.652393882042663,11.69348239777193,1.694242063942471
5018,1.1213411271769809,28.575467853792976,11.429533537440577,1.5461446262080027
5019,1.1225521030272865,32.32853398765861,12.016153575741573,1.5494169286779198
5020,1.1243609066195248,30.2280643856665,12.066545671924278,1.3699970873229714
5021,1.1199019065184794,27.296386257705073,11.608280359391449,1.7662203756769863
5022,1.1242606444784493,31.10944302955721,11.621056680060068,1.2962514213557748
5023,1.1186985741885163,30.662778320294983,12.257842945855053,1.5178381285964977
5024,1.122396634113438,31.60054647410116,11.77610607996361,3.0667265710825307
5025,1.122876660818185,32.33036429926461,12.112285300320194,1.4241903372385674
5026,1.123775185867665,33.01979781672016,12.07743674029966,1.800260476453783
5027,1.1226254125871615,31.928727158910927,11.499738120744992,1.5805082099993386
5028,1.1235847171738444,30.816153246865333,11.699548870693205,2.200503885789057
5029,1.1212436504391041,32.07611661412141,11.724799005463362,1.5040528109364377
5030,1.1238183733726113,32.300235290898584,12.01022785666175,1.427039597967674
5033,1.1210183283168504,26.318675595530845,11.338211572852238,2.358602361533663
5034,1.1217266074618077,28.228789464738867,11.33372158096075,2.7353690809779856
5035,1.1209576388505833,28.602393940934196,11.670412449347445,1.8439242674601206
5036,1.1168808257730147,26.30256419727275,12.622430822222665,1.4865538786842638
5037,1.1157743296824474,30.686337373930755,11.794515809111383,1.624677195875827
5038,1.1235293825703259,29.251426196288914,11.068488272298309,2.0642015695162934
5039,1.1157266520472569,26.985268259750356,11.620670409292252,1.6111578461040759
5040,1.1180477790170351,27.26080468917953,11.662998579432827,2.081268493230508
5041,1.1115395866083662,30.05327525133827,12.043335497257994,1.7708572085736847
5042,1.1184218260693095,25.869075583282136,11.392552094552764,1.3373759414087414
5043,1.1130170181641703,29.865001825869655,11.729986650933608,1.2618743529826604
5044,1.0994539129936174,29.503813386786856,12.302390441935245,1.754278349046424
5046,1.1128965966383293,27.216734076818838,11.786525168551043,2.427423979256394
5047,1.1163200752460767,27.16557709022751,11.605240285182143,1.0817753824644787
5048,1.1129274690154436,28.102553093367362,11.98348002416303,2.083761476387455
5049,1.1157356944677181,28.872475847469197,11.771404471390033,1.3464075484888023
5050,1.1125803618500645,30.00446947283545,11.46034392468102,2.879720012393855
5051,1.1113186951518055,25.6812966907984,12.47627952108221,1.5340501509195237
5052,1.1156842438205719,28.089900254116564,11.35359771809209,2.2741958448149435
5053,1.1112111137840435,26.787682761997317,12.402958703214006,1.3628756869678356
5054,1.1147916553315396,23.649744023665228,12.571350343337993,1.497257010667044
5055,1.1177760800601628,26.900349407957496,11.614608647086301,1.8900923462472188
5056,1.120664041665382,28.515745063807483,11.204940011900954,2.189621191646371
5057,1.1258639391614107,30.374442302510378,11.215687333108807,2.1163855805934744
5058,1.122132547426567,26.088366782682343,12.94723808412431,1.67366494052753
5059,1.1298950552738625,27.010848228218105,12.325063121311588,1.7027248694867365
5060,1.1393386723463421,27.276412818443525,10.530846487968562,2.2636998327280033
5061,1.1403916135291479,25.76864214613395,11.564834202229779,2.3589522866341723
5062,1.1614081044906068,25.474875047075177,10.946703906411111,2.824699712194196
5063,1.1779073566982992,31.148296494149353,10.656784190623288,1.438651975248077
5100,1.380409655472616,12.675551598367292,7.074628491264255,0.8403923333137807
5101,1.2176902774763976,27.18707778634356,10.173130042322981,4.920894178183118
5102,1.1882337634302187,30.411862656432596,10.872066342151223,4.072064744795057
5103,1.1767775254007502,27.420852629420082,10.091083681379082,4.15658804436349
5104,1.1624571960815469,28.67166776776121,10.178936734042875,4.00553681779034
5105,1.1617592928005032,26.49159856819324,9.71436382733558,3.336610099128604
5106,1.1518439905447264,28.965479494551666,10.542072922200598,2.4562255888332096
5107,1.1452680708674774,31.546247008231447,10.792540743371653,3.259746703664281
5108,1.1439698304224593,27.571440647522007,10.676054480674917,1.7776162035771303
5109,1.1408482117334418,33.057768567889234,11.24481639051227,2.73121484111576
5110,1.1364962040154762,29.29899438415414,10.917066956309112,1.824908630163891
5111,1.1312082011131002,30.56512322920059,11.144542128944863,2.040924779558638
5112,1.1308034501430746,29.07394537757498,10.610182452996984,2.0614551901619964
5113,1.1296359922476367,30.277897356504294,10.770060217017255,2.365106649998748
5114,1.1284309756782174,31.92759719773153,10.867870610486536,1.8223918951618576
5115,1.130938496855271,29.118319388449702,10.655993549350788,3.168874388251748
5116,1.1315212046895797,30.37726335614869,10.696292743266278,2.2003339118838605
5117,1.1281355334625984,32.18085240392521,10.70849557180801,3.3663916240263005
5118,1.1287279762498639,29.13629565526339,10.640446574723383,2.128785000302834
5119,1.1289059912135577,33.3567392522747,11.256031953225762,1.6209141858088814
5120,1.131897960996454,31.15287876831299,10.41976316062354,1.7930613134652715
5121,1.127870739606661,27.50086512307129,10.653581918215966,1.8976399937355903
5122,1.1327285696464704,31.329643801597932,10.980537577616987,2.2180953435027946
5123,1.1279755498462525,31.19436166690066,11.139953612392826,1.571231142981195
5124,1.1289925507130294,32.2679324869032,10.99148990896982,6.286297953359278
5125,1.1289054147945727,33.01682403610204,11.322087577152837,2.104572396229988
5126,1.1334247731328666,33.45571046926495,11.082894507998594,2.144901529823629
5127,1.1303842425782753,32.91384029318494,10.716845532466964,1.5802390964306456
5128,1.1301411674660575,31.18192912099627,10.94497446929889,1.8676394135261098
5129,1.1282572052580346,32.93951592010897,10.853732909355125,2.703401083100253
5130,1.1322527196951127,32.51214514667821,11.23300014438689,2.044211467974424
5133,1.128097252887298,27.016992753710287,10.193680707777808,3.196184590457655
5134,1.1311365338318478,28.704457079539733,10.612955035413725,2.8127562443479457
5135,1.130502145249232,29.206925949992268,10.62347339426234,4.19758605090407
5136,1.1259520954018012,26.51151523215479,11.99442074117213,3.0769781685420035
5137,1.1243166303982965,31.098827314648773,10.507063953571802,2.841905163761488
5138,1.1307437478172677,29.570765686521693,10.026600881322105,3.001571642457038
5139,1.1245468388054554,27.40661094966159,10.942662552954184,2.660877862766449
5140,1.1238212018265337,28.153578659810204,10.312641469405731,2.419304284580756
5141,1.121346782250544,30.714236817166952,11.22433133420968,2.4107953899035337
5142,1.1273622168737096,26.233449191456543,10.476169535924823,2.752429229421843
5143,1.12057459616444,30.485372017033402,10.921052846754007,2.9588152679638533
5144,1.105726505856401,30.435106221259144,11.681759485958557,3.14007238739137
5146,1.1200731903355263,28.4381911185492,11.305080916460058,3.3651252311810413
5147,1.122747152639642,28.01515788025829,10.610250125513184,2.599838293639108
5148,1.1188558238360313,28.382837084298572,11.00846183352087,3.6867265620793845
5149,1.1220922616519258,29.647862389938126,11.075482390556012,2.265577626580901
5150,1.1212385570219052,30.380193834518668,11.060889864624722,4.736329717471629
5151,1.1185973212077256,26.498137479552224,11.355255512296178,2.3853698180817635
5152,1.1229979260439014,28.80452632964889,10.167474104106715,2.5909414484056703
5153,1.1196462405995988,27.684112641748758,11.416241127714628,2.536728187537469
5154,1.123200747492074,24.213574112614932,11.290953238391122,1.905228141263117
5155,1.1255477894263666,27.80561820075269,10.62287160922922,2.8839590651048668
5156,1.1282516445949327,29.28138248031542,10.436192737832075,3.3714619303211393
5157,1.134239453824485,30.724304392814677,10.609462961378098,3.406322422524358
5158,1.1338944619604572,26.641464836292784,11.925112048911574,2.783260030615609
5159,1.1387911071451768,27.740880463059217,11.5805448556994,2.976665672626776
5160,1.1463236506430206,27.900099735407725,9.787025834676042,4.654473953216242
5161,1.1491542009449267,25.99570700811651,10.971648801619367,3.5237522378860056
5162,1.1629089983262102,25.86397566733062,10.731746151854129,3.5142628477587956
5163,1.2083144054821797,27.03201292485532,11.307263812626156,1.35869922616098
5200,0.5271144620518837,319.99298177984303,29.216040166275047,3.2445189733311826
5201,1.209034853079095,27.813011930707304,10.848569194137895,5.121723056617104
5202,1.1825177600329524,30.514814617846667,11.272446025805174,2.863945372716895
5203,1.168425098320802,27.566665913957902,10.744903412422838,3.0176157159121737
5204,1.1530615685090544,29.323933873862387,11.23221852500876,2.6479843917780745
5205,1.1509622864542974,27.244837611872992,10.625458970773092,2.3183043480316563
5206,1.1444459667831972,29.06504993790854,11.230631288916166,1.8574913995919944
5207,1.1413182430536546,31.65451341048038,11.07760439268857,2.096669161585928
5208,1.1367547474502118,27.696810981084987,11.310844877598178,1.4533518160687333
5209,1.1346670146504272,32.98169087230606,11.674197127574168,1.769374089658961
5210,1.1302266702443957,29.572948506792706,11.822473054731793,1.1508365228809296
5211,1.1238756032782313,31.352166217448882,11.929009300804292,1.8346553688901204
5212,1.1229990444534161,29.819732908204422,11.175891428265318,1.584387835335014
5213,1.1231373957984545,30.057151317898743,11.624873960845544,1.8267858678682378
5214,1.1218738477687336,31.900034365488825,11.686647379956492,1.4295640847438542
5215,1.1228383070602417,29.896830349765942,11.009999613541973,1.8410893545661244
5216,1.1252266295280209,30.79265930014529,11.229517900725968,1.3695693874843409
5217,1.120289979479485,32.44124046056232,11.511589148528694,2.945087558897168
5218,1.1209752472023946,29.513673705327673,11.207272888108058,1.8852003268667021
5219,1.1227626531824706,33.519181561847354,11.761868778833488,1.852288035127422
5220,1.1224163302205674,31.509514976801043,11.375571736102332,1.4444604864779949
5221,1.1205224015819035,28.099439392618383,11.272649112963418,1.6601738183725523
5222,1.1233983095392839,31.859620889530333,11.76264949732762,1.7692571390728313
5223,1.1200405989160465,31.528480717951506,11.67383794337182,1.2638832686203312
5224,1.1206065756036807,32.32484261818569,11.574157937187584,4.88995750775688
5225,1.1220440216431433,33.14355896037933,12.056747501644695,2.4331745057336036
5226,1.1242131769406911,33.97990245958601,12.067816092317445,2.1237504722296463
5227,1.1220005116821852,33.341069561543414,11.209622492089673,1.376980617911307
5228,1.124201117411297,31.46817250991768,11.676604749640537,1.7099399255346448
5229,1.118839959340612,33.50379600536568,11.39935083190853,2.659310480374046
5230,1.1220058139725881,33.15833765255035,11.85720571887464,1.5120349997791407
5233,1.1212928663718364,27.0458519903558,11.137091806351942,2.621856553511305
5234,1.121948727622583,29.480719682471648,11.090257506971817,2.478892639000939
5235,1.1216899591705078,29.817279016664603,11.133617871395767,4.4342686274857055
5236,1.117798057086137,26.997252010826205,12.529786234603186,2.0983718373003213
5237,1.1172732447358475,31.843739106125113,11.111981072629433,1.9195026174385732
5238,1.123931902906579,30.214921583144278,10.483749212227469,2.4719517875678614
5239,1.1170845898148238,27.83486497070013,11.111996649382617,1.494207104761487
5240,1.1185383428019555,27.87138050833291,11.368471079643143,2.277958234564614
5241,1.1152714664754755,30.658163842513925,11.838105165218577,2.0956351639048414
5242,1.1188644326767234,26.922560119452726,10.76406619071513,1.6060164032498054
5243,1.1111911104392376,31.184150873816137,11.410280158198878,2.3300768522119752
5244,1.1009289311845867,30.58073150917236,12.242953078546934,2.312998008332383
5246,1.1129171099906787,28.381693890607494,11.784694716695213,1.8625727500613967
5247,1.1164882658380508,28.405346191693337,11.034780528583756,2.2116654409787238
5248,1.1154097311520454,29.202957740986317,11.335925182460413,1.827859742095011
5249,1.1174148230084622,29.74962363302752,11.82859479979129,1.7464288961137555
5250,1.11627295264281,30.501019568480345,11.556340097712418,3.1038838929271155
5251,1.112668772464223,26.732699688095998,11.883316687357242,1.7195741336393982
5252,1.1191575899094046,28.926581474770533,10.663662932055088,2.0809079444377354
5253,1.1160013033129892,27.89073305759698,12.142388473349992,3.0359599292823627
5254,1.118906719499124,24.636598431891624,12.262802842445211,1.8999656283633144
5255,1.1203559891487243,27.920175284798198,11.454438455438538,2.155386793209656
5256,1.1248680200859833,29.279577324950203,10.930274522492034,2.8686197857627787
5257,1.1287880436638453,30.924610461287493,10.884509268094584,2.0916739518596925
5258,1.126670524314437,26.924756616201844,12.357646088747872,2.8501664811073235
5259,1.1329374942555015,27.877715449432227,12.240542839973694,2.282745387514345
5260,1.139228685173701,28.65090883412658,10.438586443670102,2.556248330215746
5261,1.1410879640915408,26.73638590124427,11.33109233608884,2.7421856084994136
5262,1.1584668341879267,26.259944417355857,10.801130694616319,2.842311994500334
5263,1.1759153076344349,31.55456202744164,11.741310570460062,1.6940451347428858
5301,1.2164026444573777,27.00542748176739,10.242704112658354,5.710939622433885
5302,1.1849991208002506,29.532724740704396,10.937635050297432,4.142192411587261
5303,1.1720514750720297,26.642218156992158,10.71172458635316,3.2990281554697476
5304,1.1561232692951258,28.601806550078386,10.678512104241392,4.447275326969862
5305,1.1550308649573728,26.367525704950566,10.301689826964331,2.6643704613751162
5306,1.1467543655482253,28.51991463388444,10.501426263421441,1.9858671503705874
5307,1.1396753684004126,30.71635971430163,10.96433387966822,1.9874033771339903
5308,1.1388224222747985,27.260236152177775,11.149630625927966,1.5489434783852971
5309,1.1353816926643576,32.42300289525606,11.80478284901897,1.7232697911919501
5310,1.1313952451004097,29.106951687410685,11.022009291718646,1.1106779428339428
5311,1.127127292047965,30.377591393915928,11.157970340867754,1.7458250316548771
5312,1.1245082175562453,28.720532723751834,10.771861205931186,1.4673547829086517
5313,1.1233349861160222,29.524630372243006,11.470601088765308,1.9628540938379393
5314,1.1210001204929492,31.495781357535872,11.433328827767387,1.4014827964345853
5315,1.1241098565021277,29.0867628932168,10.994967165032675,1.8887837512275352
5316,1.124870019256479,29.915366001280532,10.898831539324439,1.5187703816061866
5317,1.1214828185310264,31.878959390596332,11.22808490240562,4.509134759161053
5318,1.120760193918116,28.84396997322555,10.91349168838194,1.8269097223578754
5319,1.1223377331961233,32.620884846430634,11.33203502796034,1.241631777354418
5320,1.1227833594671155,30.80198037271577,11.300659902151368,1.347196908133187
5321,1.1203885580883057,27.08521745270865,10.934527887575028,1.6335863187631172
5322,1.1246030018431437,31.108049669166757,11.294074140797438,1.680439389949094
5323,1.1189358080237273,30.935964085094646,11.643815718983806,1.1790393653192321
5324,1.1216406463257766,31.993779672208646,11.279635095385817,6.3099333475391735
5325,1.1224838617274806,32.49614539228979,11.580268524779498,1.8402052383835874
5326,1.1228405723213768,33.28261693310835,11.361551615782497,1.0413494697066363
5327,1.1242585882578695,32.27826141814244,11.366936868493449,1.634904005052688
5328,1.1247051259070586,30.879221362691908,11.01844299808185,1.1072279051549323
5329,1.1205858346184812,32.25337079870586,11.147605866478207,2.6464377404872286
5330,1.1239530603039523,32.47180694544834,11.640173094547533,1.597488031589581
5333,1.1222698896865697,26.27021496164854,10.793843548152148,2.9740751617230354
5334,1.1221471925938231,28.392952639129028,10.933245944169535,2.437627105436496
5335,1.122741650081011,28.798656127192547,10.771785860952653,2.811190520255447
5336,1.1185066638179557,26.390442680113146,12.560599862685919,2.3193501196435204
5337,1.1163444963919436,30.866321430195732,10.871176158702124,2.7574673012125532
5338,1.1249812629145184,29.475537914195122,10.45196056256557,1.9464640237954027
5339,1.1179922185756819,27.224669970054517,11.182876814914348,2.5642255264837353
5340,1.119205490551604,27.349488094002297,10.661506605890176,2.47679605645036
5341,1.1145902177996487,30.42742869457395,11.33643265280806,1.9092789879726162
5342,1.1210931253291327,26.250726135444893,10.418862015522008,1.592599296579476
5343,1.1171905803532087,30.074479708891285,11.151882205225153,2.548600741380962
5344,1.1020871895964703,29.814114103226796,11.73235244140408,1.8666557133714468
5346,1.1145629837543685,27.866769339300223,11.416732322982536,2.1076428390998814
5347,1.118530710955696,27.46969188807259,10.85212442487555,1.8310361382662432
5348,1.1140762209923176,28.53114884293112,11.387863294197674,2.6528696312257027
5349,1.1179762794743446,29.304207000146793,11.474535706342655,1.505496536968393
5350,1.1167190552228812,30.28003742895329,11.205142679502561,2.7467360406567733
5351,1.1144572466577207,26.116517719168197,11.769194484441709,1.3268498298231954
5352,1.1193525146957022,28.345748066984623,10.569189808458521,1.9334700096380883
5353,1.1183138497080987,26.797144724137247,11.542272277411566,1.7234058156128338
5354,1.1196773681897607,23.68997346989122,11.680637819100935,1.4149514974947746
5355,1.1224213238128553,26.973593615256114,11.06636359846837,2.0064781056415315
5356,1.125065658217418,28.506706001846744,10.380427773233482,2.2951199613461633
5357,1.1301707908493543,30.2554955215607,10.73976729656054,2.7662850913600385
5358,1.1251068721468502,26.438081252166832,12.17959303573751,2.0394145119209375
5359,1.1320371412686432,27.433250194816253,11.852701935324468,2.071605701058687
5360,1.1428744401272395,27.95474526404698,9.472315642908924,2.57145583290991
5361,1.1412042506815498,26.01927230640142,10.980538786294323,3.3501289548163875
5362,1.157348314307495,25.510697765976936,10.519068006146309,2.581851357196447
5363,1.1757305756013574,30.021081678185066,10.824814520409115,2.2836116587119104
5400,1.2902298032182014,19.938550528337526,10.212717828346879,1.7155637518931734
5401,1.2139275679625,24.451895406672858,10.059072681869281,4.23982994851791
5402,1.1855008877492441,27.453697877841968,11.144643419017138,2.862697307540146
5403,1.1708330912559273,24.220912931761422,10.887721074764375,2.528467799238194
5404,1.1570864991880343,25.865497840312837,10.46622056821908,3.041204519431509
5405,1.1554411251994003,24.113974044139997,10.522611593240494,2.3394679129157905
5406,1.1465006407217702,25.824344179903512,11.333119731929866,1.61980921119608
5407,1.1434606352639667,28.005823499803,11.103110435166275,1.9611849887566941
5408,1.1395407594503353,24.69205580399283,11.238885577077813,1.6386545504220869
5409,1.1359850777604381,29.761514678829613,11.974465048613045,1.4429910386402331
5410,1.133795496543585,26.46176943933477,11.510727630246592,1.7331891098540018
5411,1.1261198414524929,27.653808128891335,11.660495061694215,1.723275436184066
5412,1.1267819311323644,26.174481431293845,10.989110927199357,1.174992727613362
5413,1.126832149718329,26.847274992451673,11.534889751671159,1.66159304471562
5414,1.1232199435868444,28.901970736794528,11.549312474884662,1.5263561985956469
5415,1.1260096744327635,26.221229339884943,10.907899163871653,1.6698694734641546
5416,1.1254323107013477,27.34664539329067,11.027639479782453,1.7317928765158561
5417,1.1219209930722123,29.070744193669018,11.37017430295272,4.984724665590161
5418,1.122536006714215,26.145633117083445,10.888612212196922,1.3173369701191424
5419,1.1251669684638024,29.9533450681793,11.584191794357478,2.4676054345663965
5420,1.1229774853153744,28.083106344456024,11.672006211941062,1.6746246787923285
5421,1.1226047099061218,24.61838715696642,10.86778471475126,1.7037087993547508
5422,1.124877910574055,28.287458565090184,11.290142543798014,1.3362793651552924
5423,1.1212022799774142,27.858867684249205,11.785461884477703,1.6260589072930065
5424,1.1244361770678766,28.634176235123803,11.25659733808271,5.9928403623512
5425,1.1215547682072375,29.90129967161756,11.500052902830765,2.1672096519161994
5426,1.1232772540260123,30.95219264493801,11.766237468029342,1.350976660626683
5427,1.1238953666175318,29.556756184404332,10.965859154141183,1.573919916182859
5428,1.124846024526207,28.47451202400769,11.412382488013534,1.220107479673821
5429,1.1211227930780372,29.688167899244192,11.140841127333188,1.8560648052180289
5430,1.1225214778673247,29.737075129948536,11.81151930865965,1.3551335860679146
5433,1.1233998163012324,23.870904777043034,10.924858604074572,2.4318448053829624
5434,1.1214788732623013,26.054041387189386,11.077791241778092,1.863251038425729
5435,1.122278504705999,26.27006412088219,11.048830097744904,3.5644932499994866
5436,1.1200584315575113,24.063929117863083,12.228916321490548,1.7883912958786732
5437,1.1199352009918118,28.113748266222128,10.519905297006797,2.581987036442211
5438,1.1259401893482637,26.708050123468905,10.261253342121684,1.6330186290240598
5439,1.120154149843322,24.8100321868313,11.171986675429844,2.8812328816942023
5440,1.1195292062095716,24.888912105540644,11.03526783288698,1.8315267410040565
5441,1.116903280861726,27.420119600796237,11.274494708012229,2.081249926729178
5442,1.1200692883793073,23.502913883344565,10.562562486580843,1.3748992694034075
5443,1.1186039446110831,27.481500281661656,10.883244904795172,1.3546235091394223
5444,1.1042907445213677,26.93141670923486,12.177607325845884,1.7379574617982134
5446,1.1179400318447383,24.998747507806353,11.469311135587443,1.4755454293584302
5447,1.1202314271658542,24.94143193902533,10.788446766935076,1.6451000179633475
5448,1.1187561115991997,25.315463144528056,11.025026653589883,1.770431755265857
5449,1.1220046475598136,26.77211312344924,11.303508036462318,1.6777538869998199
5450,1.1196479817628051,27.478690381961076,10.935434831595787,3.0926443263574366
5451,1.1192937749902394,23.010709276708123,11.522686923770877,1.293887368605813
5452,1.1215862851463485,25.592900767072702,10.720495482891515,1.7083901792222937
5453,1.118760997107922,24.633441621220438,11.528732265715089,2.4155874889823963
5454,1.1218029144616055,21.087866067123358,12.061299472057042,1.5034993070429952
5455,1.1256373958856611,24.665679989627353,10.713585936655225,1.8872938456909056
5456,1.1263616400753225,26.26232861366678,10.369529161273803,2.0164593403525988
5457,1.1337999547935114,27.84024691985353,10.566817575234468,1.2611405067100419
5458,1.1312825971610245,23.491551727564143,11.882009638043206,1.375579213441239
5459,1.1354736748300325,24.850643868457848,11.667867988177756,2.040221983303309
5460,1.1408322543970304,25.268403575944543,10.193447275088293,1.9679263999926926
5461,1.14305653482074,23.39678989864783,10.857998246375976,2.003101881274359
5462,1.1568406973294914,23.209392416844917,10.573656004958746,2.1053334181326395
5463,1.176693404567128,27.098447919994765,10.712429214544759,1.6365773069027818
5500,1.2320919965448955,32.68433042674492,9.83565806808955,2.2166233905914354
5501,1.2140031724845044,25.995114820196147,10.138560723069588,4.739733287191695
5502,1.187726900629576,28.460061617690634,11.06369195476614,3.912810126904403
5503,1.1766359564759536,25.542550146643446,10.530110014867008,2.930938184051976
5504,1.162077241044012,27.333529343930323,10.618868351085082,3.6972823253255647
5505,1.1614951095716335,24.910400733291237,10.387015572017438,2.488015974212786
5506,1.1528481973297127,27.46367695659216,10.94185002175893,2.4525651391675747
5507,1.1480260308337653,29.552774876454016,10.973141790359657,2.3079048411009153
5508,1.1446891135742914,25.702604767951517,11.101131455894299,1.3301907290063444
5509,1.1434494037986924,30.949520561376378,11.558457479902708,1.454179262793156
5510,1.1386971084106599,27.69534409578468,11.276970294526738,1.5231516144107338
5511,1.1339386031640486,29.066938703248375,11.15791320136535,1.2929395143139932
5512,1.1287222342425178,27.478190730121742,10.840543611138694,1.927767597799423
5513,1.1295819349875225,28.219959351731124,11.190154009084315,1.5408050615617572
5514,1.1302775641703238,29.954942777951352,11.333659669578592,1.2671780608608194
5515,1.13012993455367,27.54156332956212,10.634191495838573,1.7956816692644801
5516,1.1306698688710048,28.888897123316102,10.950318862528382,1.928909213940705
5517,1.1254050723362208,30.450400620711655,11.560604194521462,3.9718949732519837
5518,1.127782902596577,27.361768923599477,11.06340824712608,1.0720953727056677
5519,1.1274940654828014,31.65423224632992,11.326330548752372,1.4213615654785174
5520,1.1300979318466948,29.100794422314998,11.254431011710492,1.6316023268204
5521,1.1247907511493547,25.812304908896525,10.833314846382326,1.682218448729915
5522,1.1293020039126427,29.872478550801286,11.21846702191752,1.183265883906387
5523,1.1231795385312024,29.56623624297762,11.511144630890573,1.1002738802583938
5524,1.1265493082614162,30.238808279841138,11.027068318131482,3.953272605379735
5525,1.1248557094161749,31.110318047564334,11.37025078036809,2.0291478306861674
5526,1.1280357990286003,31.8877968672375,11.604977577510803,1.9044747287783004
5527,1.1260818553219487,30.968713995796232,10.9921810441864,1.2761221950583819
5528,1.1291432282860747,29.62230970561085,11.166484321355446,1.5394214770618624
5529,1.1246900144371086,31.057827417252184,10.991555877390024,2.1965987613337936
5530,1.127843369768313,30.915793113828773,11.809083134173239,1.3318402334202162
5533,1.1250852544165808,25.325988847229986,10.762627282932,1.6364450541273552
5534,1.125148415874657,27.56420184379541,10.952393544307181,1.8772085019721882
5535,1.1260351428232833,27.89933600203283,10.994443804568732,2.2206056048707743
5536,1.1251930161499684,25.12819193602947,12.131277504396559,2.0842052553596973
5537,1.1216769702528544,29.628616015042816,10.977311655590354,1.505252180371058
5538,1.1308962829585452,28.19689696315718,10.164014963143217,1.8850524575700716
5539,1.1238906550593655,25.62558476241163,11.030052300000737,1.872482335675217
5540,1.1229528742445727,26.511380906719705,10.984282803145014,1.724756671549094
5541,1.1216492575870933,28.574242372256247,11.581631420681504,2.579337226152592
5542,1.1273812407937234,24.64440940261684,10.960316938694255,1.9403056830781225
5543,1.1223110346611131,28.983520324379374,10.77298619646446,2.210673619336829
5544,1.1089278979191315,28.394526964755293,11.728890396833897,1.9398103973429328
5546,1.1197458367815207,26.546755697311745,11.45783451837753,1.8458278317588832
5547,1.1251173664565344,26.26800414717566,10.903672037639838,1.2747202205594093
5548,1.1239849606031607,26.791259231389724,11.135631332868352,2.7898846941208504
5549,1.126276321307225,27.767919641594297,11.327553878751003,1.3486642521343972
5550,1.122847469670189,28.950478101565558,11.330075655730969,3.450765183430851
5551,1.123588941054757,24.56178664091821,11.657608675588834,1.1664559581147602
5552,1.1266035053267445,27.02688952099525,10.324928777317012,1.4876312973520605
5553,1.1253611307149693,26.041787422000716,11.568374742595115,2.5262881813037303
5554,1.1286306636913974,22.523038759514066,11.72483871197815,2.078202462393305
5555,1.129681105264774,25.919035347699552,10.861443441480974,1.622667329891717
5556,1.1319106277679456,27.327466658519366,10.495395257062542,2.300049173641149
5557,1.1358631928073835,29.24688946953888,10.62180429148865,2.318118755415964
5558,1.1339536371396917,24.84879637556908,12.283556168971375,2.1532696032297416
5559,1.1396417115829824,26.06936237317547,11.975869672986407,2.1619598911214846
5560,1.145981553754452,26.879443866039612,9.861215149111116,3.155606219001987
5561,1.1452282159368015,24.849106512123203,11.231343195008638,2.6553873212967574
5562,1.157621846266003,24.438582842836464,10.822797859087412,2.622547210790688
5563,1.1834710529303607,28.257753362376118,10.362222572268163,2.571830419298721
5600,1.0654095397816334,65.01173512394296,11.56001109781994,1.5411843411534643
5601,1.2121082432064345,27.287167588329645,10.50512125609284,6.1282248275984355
5602,1.1856919678130537,30.198983626327745,10.814243954828257,3.8301358006863273
5603,1.176158451073805,26.93655006876729,10.26854927054047,3.2321556621340766
5604,1.1626075146086332,28.790991282261306,10.57414762412923,4.077541736658343
5605,1.1610514144071105,26.79645125516282,10.14253521070343,3.3080148526394346
5606,1.1516849959398288,28.922616133732586,10.546534531834599,1.5534215413626389
5607,1.14869960200708,31.204218376037648,10.980139151471564,3.1796924280506595
5608,1.143033281370015,27.749158013332245,10.700993608486911,1.8030363835034249
5609,1.1448814118481039,32.82854504365969,11.286104345682572,1.6822437789559954
5610,1.1374299882689765,29.21432763561837,11.37396433124366,1.5917121322343317
5611,1.1339755148309278,30.847107930140318,11.261120035013228,1.596046981331833
5612,1.1318688526184761,28.839555991999948,10.583883380668803,1.950488975167916
5613,1.1301099937827852,29.783136868988123,11.364079550633797,2.171578287105599
5614,1.1263645409562757,31.96745106493642,11.31737366749309,1.6236040978195618
5615,1.1300894028226285,29.405937862384828,10.720157382287292,1.551892904648533
5616,1.1295812566368846,30.399897886005604,10.958792545652146,1.5048881877013873
5617,1.125601055236765,32.231306933759676,10.762751100629629,3.7511445412264357
5618,1.1260507046734696,29.493545237220616,10.635696919305675,0.8622781890489815
5619,1.1257540195173548,33.29001668655413,11.200746678350841,1.6119722204814328
5620,1.127342893563507,31.23905163692742,10.952401056609114,1.4993180073218249
5621,1.125978305903197,27.686387807347586,10.675952447083121,1.834076681722351
5622,1.1272723695662357,31.41080707211813,10.879034753408565,1.5159076597092047
5623,1.1225321630115603,31.519447841666853,11.640946352291023,1.6804674663455743
5624,1.1248711263016784,32.37291261134959,11.235391751212823,5.6794326550330565
5625,1.1240430713943708,32.856308448226336,11.580548832972587,1.5304315180585557
5626,1.1253007394355277,33.78029617324808,11.58352256687421,1.6769937884702244
5627,1.1254762740464588,32.82655016322641,11.030202284434221,1.625129109945712
5628,1.1271748785185502,31.300782329187527,11.213759051556677,1.5949771325118216
5629,1.1219885593896788,32.96353447235975,11.097033594078962,2.0562802224000953
5630,1.1247072486855543,32.66331105829281,11.303525011674186,1.3100716478736592
5633,1.1240004186452761,26.758455080781708,10.705533947730956,2.1767072355987382
5634,1.1254714086732778,28.811459661323717,10.843983598127693,2.154172320028852
5635,1.1241072904909073,29.44934030585885,11.274389254963133,2.67022969939244
5636,1.1233620582845685,26.431724710427545,11.98057395127176,1.5106950208046155
5637,1.121535588623366,31.05475922123053,10.675669252894043,3.3666281353883227
5638,1.1285559291719534,29.79304086043746,10.264415505316737,1.4146399575402335
5639,1.1233588184099979,27.63699003211402,10.968900348365613,2.4264464298867674
5640,1.124583729364651,28.161059291925877,10.569527288291827,2.4297648855802434
5641,1.1207801745191808,30.494529823113393,11.27341741827373,2.6491978413201362
5642,1.1263552346267556,26.44921776871772,10.358702733731873,1.366293022009728
5643,1.1224299978136805,30.674925191061323,11.23095076851241,1.9060483482374484
5644,1.1060421147090362,30.226003608932885,12.144381181991,3.0019150789932496
5646,1.1221657408034984,28.162472934616797,11.538575152633268,2.7149497385460615
5647,1.124228391200963,27.8922991561156,10.714700523829638,1.7273756359104446
5648,1.1240581531390756,28.4445737533584,11.06599682102932,1.9029757547186115
5649,1.1276850741219342,29.617258013053736,11.196486339654513,2.3373546859542578
5650,1.1239560560820632,30.809328467923418,11.217169445591269,3.7260937973161403
5651,1.122414647795487,26.278510620825664,11.223012004071789,2.0042902888153957
5652,1.1275124392811826,28.754559100999078,10.369088014097837,2.4163832254816353
5653,1.125938673065184,27.360565797418662,11.666240354598944,1.7694175308305173
5654,1.1282739222146843,24.1499708457851,11.635250850348624,1.9206144353131924
5655,1.1316188572917074,27.411497667085076,10.881465092159202,2.8033558237402745
5656,1.1347542098752028,29.041540353408173,10.293947190149558,2.980517990534569
5657,1.135805150542321,31.071127387284545,10.533920818366617,3.2806319265593444
5658,1.1383182582473186,26.47770731286278,12.099028588027684,2.647812082908231
5659,1.1367819681893268,28.374636359474362,11.895072054790985,2.2368278653639027
5660,1.1457311770038223,28.20476944508208,9.770442227925402,3.109798875585257
5661,1.1434217241500482,26.336252427930194,10.69489009729774,3.3406021795471292
5662,1.154992683525214,26.13684910612349,10.791433404772818,3.163003597467223
5663,1.1790113343344653,30.013769681090398,10.812050347797385,2.032019926775607
5701,1.20989271085888,29.52046250768387,10.02476113329822,2.831552674108319
5702,1.1870433861044036,30.441056182587328,10.881024602743912,4.049222829257918
5703,1.1722957669886298,27.029662449751466,10.354471338661254,3.846223422220007
5704,1.1597772684449432,28.68940699210578,10.488996473524114,4.744179546750387
5705,1.1602747016338493,26.939484291439605,10.088387090951743,2.927639216015255
5706,1.1526302165138758,29.050798597165198,10.461518375461154,2.6774933721094625
5707,1.14690218967833,31.390715773892257,10.447998474086365,2.5057059188834585
5708,1.1449618266151496,27.298940481297574,10.446119067832692,1.5534026812302064
5709,1.141633155904861,32.416046230818,11.55456337445763,2.157835103385419
5710,1.138731626336527,29.246126863747218,11.178256390861478,1.508253048703908
5711,1.1344737721717584,30.422343502657785,11.081037927549435,1.8474493683256497
5712,1.1304718477196949,29.035934694823883,10.819851802833925,1.9598590041247435
5713,1.130298156908266,29.841818233292617,11.034619200002554,1.8737170862536798
5714,1.129204709902347,31.30449351767648,11.032791705599873,1.4930638516640484
5715,1.1300097493731018,29.078525427462356,10.405197573214226,1.5695293850099663
5716,1.1298306414373642,30.256523672546706,10.771357160217956,1.7339298161199168
5717,1.1263252779824795,31.98501003597353,10.960932997453686,3.834292125779814
5718,1.1269094790228023,28.78895910143722,10.331298709620544,1.7160172341862578
5719,1.126922842822376,33.075700714285276,10.93073509848786,1.8201745249441286
5720,1.1285359119735159,31.095961754289085,10.43662859400549,1.5757443672643565
5721,1.1252613729224374,27.515972298517667,10.70999264655379,1.754548669398778
5722,1.1265947479037934,31.544153581084615,10.792972827184936,1.183915883412028
5723,1.123465918800886,30.94877197595443,11.159353990759334,1.5460023643871101
5724,1.1245991767646837,31.787729055899398,11.011769190229712,4.947633482307611
5725,1.1249990367723728,32.8179559309499,11.158617794795648,2.1359538135077645
5726,1.1253920993367106,33.386769288207375,11.252933896427297,1.648575487463341
5727,1.1253996150387098,32.74090064963354,10.717933011348824,1.5290468431873783
5728,1.1268179922809218,31.120931403386294,10.873012147236826,2.070917277328845
5729,1.1227443040187772,32.72249052997361,10.907910769923342,2.095046009791372
5730,1.1275110919304472,32.79424503980894,11.31060965821373,1.6780963564238158
5733,1.1225104772714767,27.1673099951384,10.363881760107363,2.6021424168382805
5734,1.1250907979527045,28.985285900419264,10.620895595986056,2.8932332701045187
5735,1.1238676785034978,29.344419753569884,10.87619699957758,3.2440721568878628
5736,1.1249100898193225,26.575058921496343,11.671330125402768,2.6314624638280875
5737,1.1210804617146815,31.12676881577641,10.689942030047495,2.776470308545451
5738,1.1299878441319677,29.562058439978205,9.694471493338742,1.5093607217407314
5739,1.1207200756449602,27.643027959664693,10.940614030226369,2.760541713019174
5740,1.124844550161991,27.915825369502752,10.546319619123919,3.148845677536893
5741,1.1197931000902077,30.65825904175261,11.056876944168408,1.9270673970633612
5742,1.126627568374256,26.452416589897545,10.378043420212874,2.113951448845904
5743,1.120662181076408,30.767692622848234,10.456453233596724,2.343114413334999
5744,1.1089142270217627,29.941162722214898,11.393911916678222,2.3891220982552834
5746,1.1218996463729585,28.236154596913995,11.058997506079269,2.7883332026580434
5747,1.1251227989318469,27.802623496395785,10.28007357141566,1.8263315354564682
5748,1.1260873392175788,28.222716181227035,10.431424587171927,2.929491743254804
5749,1.1276189333947406,29.56658491954051,10.689470200451627,2.036376785968911
5750,1.1275908619828177,30.242239791899515,10.766577189859731,4.0690154112226935
5751,1.1253928874337598,26.16324679442439,10.99707378618109,1.539457695588449
5752,1.1289746660713214,28.598814522169697,10.032064537017565,2.394266572601457
5753,1.1240837083477755,27.833807438477955,11.356577387557435,2.26296119206562
5754,1.1294172407156124,24.136493536983803,11.519003433851948,1.9151728260820038
5755,1.1318563540231008,27.498780143977555,10.558574968914739,2.7152982617264767
5756,1.1356340119613342,28.96569238701298,10.285131683399076,3.7091217281713487
5757,1.139306574807187,30.582219946579492,9.932041410589113,3.025238511809088
5758,1.1354566580066463,26.606330059296578,11.372928185841456,3.2100266597796394
5759,1.138816129942796,27.963658907170053,11.46194062597726,2.47659440939116
5760,1.1467045820638755,28.108263196230833,9.634457274374292,3.5120174126346555
5761,1.1473804358309392,26.274188679177563,10.588150565545204,3.70348562785423
5762,1.1697402235544012,26.53735134218958,10.26647406834989,2.3878646568969626
5802,1.1992384653069055,33.091138632721275,10.980351207101178,4.860222014025598
5803,1.177917724762049,28.92667813701893,10.260763152087755,4.471006808526902
5804,1.1648472909773824,30.722713917846264,10.270945847111577,3.0882168659362628
5805,1.1643882799707632,28.89490037781854,9.777354034805189,2.9675756290465922
5806,1.1571198949324448,30.72952244476264,10.416855143178825,3.2411949556046507
5807,1.1525652476084216,33.17288566655965,10.520489042756134,3.2883413925676552
5808,1.1500616114023883,29.324023524491654,10.59670710103414,2.0555349963137606
5809,1.145706150345716,34.74692106619601,11.14842845160457,2.291953256681783
5810,1.143901662475179,31.205275645152774,10.591003850482561,1.4590154738004903
5811,1.1395317794045003,32.81067734935085,11.08308756577816,2.1557299639159915
5812,1.1368873053348412,30.94261833029263,10.34074877408682,2.3900441514211628
5813,1.1370138605885842,31.6577675575318,10.822218687371581,1.9476401501343088
5814,1.1365170845831534,33.14574435312608,10.75502656141608,1.5748095522308787
5815,1.1362406732659824,31.012802493258416,10.238368169675539,2.4218309991123292
5816,1.135128230519397,32.25244181947789,10.517620185015929,1.8961444249950927
5817,1.131464325915169,34.204790826139906,10.789026181240041,2.767570592193161
5818,1.1309228665104971,31.125639296983092,10.463427958488278,2.4346616719503125
5819,1.1325480988188736,34.85237772796979,10.820615076544216,1.4830271712490892
5820,1.1322393518842149,33.005218811079935,10.602900963296188,1.4478627497118595
5821,1.1314004032255474,29.582634300376046,10.562042492018445,2.452723990273589
5822,1.1339947089063744,33.009284012111415,10.341306552941685,1.730796322365023
5823,1.1264776124544507,33.04484882773714,11.529238035360425,2.0784466528990335
5824,1.1301737343606952,33.98653752518625,10.704918332195957,3.8102393262280323
5825,1.1299152369969476,34.99515649057164,10.918084513201519,1.9932771957752937
5826,1.1321210425963177,35.41508225361915,11.184033248988468,1.914662748990771
5827,1.1316222908206337,34.47035710326612,10.60276323880577,1.5559168643628531
5828,1.1316074215828935,33.1856960807424,10.88751492483112,2.429783356471409
5829,1.1289916921164442,34.34078286327568,10.643678773964552,3.1726561352492104
5830,1.1299018580960007,34.41841389814659,11.232265842499675,2.063088288783324
5833,1.127762474902399,28.926167033433344,10.413946570788827,2.104119963421808
5834,1.1330206355622914,30.66749667465933,10.275015885399448,2.8800372444079283
5835,1.1311042444107373,30.99806285361696,10.606463132089006,4.1332740511677954
5836,1.1280379754354193,28.48815084581169,11.726545332645626,2.652876037011576
5837,1.1266985393216216,33.03156012934434,10.295258775069936,3.0312947521171996
5838,1.1354914980232789,31.522922578239275,9.803831791766987,3.6524552882791843
5839,1.1294990702990526,29.347573553647624,10.710979698467595,3.1422856775556087
5840,1.1294271508657843,29.877228548050354,10.673879234543401,3.370355966874602
5841,1.1275307467159825,32.145484119775,10.793745851896022,2.6798646368485852
5842,1.1311082575240212,28.50402316273057,10.064769739942271,2.7889753373505606
5843,1.1264443032919333,32.931941476891204,10.642808428017554,2.632885310324324
5844,1.1145393472031984,32.10030559177023,11.39545580288559,2.974247933104203
5846,1.128699921381196,29.997807538846963,10.963852318734293,3.7994589869211923
5847,1.1314529181214272,29.95984063196241,10.4235693861725,2.1790382346130617
5848,1.1301798952833215,30.592389417218598,10.859532757386207,3.801980183982485
5849,1.1323799660481644,31.817655967603077,10.67625554469551,2.1712161852763505
5850,1.1304686602549274,32.33317450349266,10.84294083988419,5.189839363507208
5851,1.1320465559631037,28.024751041624487,10.891803151175852,1.9439404426878497
5852,1.1363166314378377,30.215622268204648,10.125904372904943,2.395530941564352
5853,1.1310146261376322,29.75947668537923,10.767455212308999,2.5933503998375866
5854,1.1344509985019722,26.344285012969053,11.624368602682477,2.322613549791662
5855,1.1389608659800894,29.772938955830394,10.413264076233448,2.8444763531816357
5856,1.1394201007030733,31.307850237678792,10.2158322905468,3.7695727353401765
5857,1.1435079800863421,32.71840701827834,10.02598449768891,4.084374295248963
5858,1.138486768469469,29.167601135286425,11.767183264945155,4.0077597526610225
5859,1.1430484351382297,30.013551549637096,11.366706773056796,2.8255892591133733
5860,1.1528707472593853,30.311140419966648,9.629654768756305,4.103537966151937
5861,1.1634552308867705,29.13007285694956,11.055783208160703,4.738067675520583
5902,1.2409764982784515,36.02341730831073,11.067259233234584,0.5411662777259055
5903,1.1909357607318865,27.85189604608035,9.892108872399643,4.59828544696301
5904,1.1644783135087078,28.650860888157784,10.538397142400216,3.1627585706560195
5905,1.163970637671945,26.54842129328056,10.159572720572982,2.8010779188211274
5906,1.1563024791736127,28.748820939075312,10.69463552781678,2.22497720191783
5907,1.1534828111542461,31.001843485703535,10.523049507713655,2.4392665349424485
5908,1.1490191279490285,27.607845315218505,11.028162121558102,1.9401758270366207
5909,1.147489853525197,32.484801819558925,11.24210602257793,1.9524587459348564
5910,1.1440113220750938,29.383213090021975,11.240851963833528,1.763188576136496
5911,1.140412762039435,30.126419057885972,11.269679344029399,1.8080655862235073
5912,1.138322906098346,29.189246320936338,10.454226389706868,1.6320374960995043
5913,1.1382506125020118,29.471469509430325,10.935570238156092,2.092876448009164
5914,1.137612807979736,31.53647743705328,10.725570635206397,1.503084029291152
5915,1.1379802883624497,28.95136798160512,10.761034243782577,1.9746670928807817
5916,1.1378727720376927,29.96454709685261,10.855166162883982,1.4990710441880148
5917,1.131729188833097,32.09876440863186,10.956817265461096,5.125528344625181
5918,1.1329629270583745,29.215081218820714,10.481624438418404,1.2900600884403528
5919,1.13387761095836,32.52647757995769,11.091826463145877,1.6253463934717463
5920,1.133095133803416,30.874655820711407,11.187799463617374,1.4131152402688731
5921,1.1316928278283938,27.37316572413622,10.66326094019932,2.095484891927075
5922,1.1324861848987748,31.36288508726908,10.87666362959754,1.2773115303675322
5923,1.1291330641194006,30.962145392821053,11.37729096946543,1.4859368840136777
5924,1.130244993278746,32.175499572654886,11.14246050827658,4.356534352196888
5925,1.1293475105626256,32.787501175316685,11.12300096343488,1.0868892261061354
5926,1.1327964871039793,33.2665891235519,11.076014209921851,1.7187885692912759
5927,1.1313712681165462,32.44903238113476,11.245145210809078,1.3898034337481855
5928,1.1335903823387232,30.9246274149472,11.019472967411343,1.464995677094093
5929,1.1278653955434408,32.791809625491375,10.559462816065093,2.0180305398847436
5930,1.1333674168665906,32.33901704596677,11.560276334394212,1.850223689761635
5933,1.1297842146891894,26.95646989422118,10.442711723530236,2.1900429243532176
5934,1.130410907154411,28.872577481804576,10.576279744740456,2.228277978848487
5935,1.1324738659049478,29.12700472803581,10.614478029459105,4.388488481712176
5936,1.128861897263987,26.452876678737017,11.918327599872427,1.8047013724832088
5937,1.1293777287307352,31.13243349288919,10.232201283505466,2.816623459634982
5938,1.1357888759200727,29.713115822959743,9.919016273638464,2.047799601388391
5939,1.1292047869759279,27.508715782667892,10.532072590841073,2.2756665108423157
5940,1.1310577516673925,27.541909319336856,10.708058906814719,1.810282442552517
5941,1.127761873820782,30.080031505524587,10.862923953548256,2.117750924504083
5942,1.1342159031206902,26.227725969748086,10.224565287336246,1.2844521200604972
5943,1.1276699606529093,30.859061177424376,10.588125388813154,2.125567241909153
5944,1.1160848299914201,29.909693951445945,11.75753283716787,2.145738453015839
5946,1.1298338082782857,27.669351214579283,10.984503985356232,3.0030580259450743
5947,1.1331053081347828,27.787697377319226,10.379185819692697,2.0386932341783113
5948,1.1317719512252185,28.54672863057672,10.967310202554174,2.658142549970208
5949,1.13286273999869,29.48638603810901,11.174545266121301,1.7379849820661222
5950,1.1335730894661715,30.1749338995927,10.669993704108574,2.989933406471698
5951,1.1304729759090877,26.311034645665096,11.226880269705337,1.4650766952292464
5952,1.1359095602131233,28.212885520995936,10.12350035627678,1.6727431378038469
5953,1.1327121534978497,27.187957339444715,11.095757348237507,1.8361249298293492
5954,1.1362313798813746,24.110058116769856,11.297271565804403,2.1522244405374784
5955,1.1386960112206745,27.431226534103725,10.590043769894674,2.441117983397315
5956,1.1407905064382193,29.039075114126867,10.22797637439588,3.2430309387288165
5957,1.1475804668327885,30.306845878630053,10.235512008265651,2.4126861698608297
5958,1.1409414609892257,26.63758584070289,12.001482162967637,2.0628854844406503
5959,1.1471002437784035,27.79813197739987,11.286018971163996,3.102232178826031
5960,1.1724599999162464,28.875978795952545,9.314638695144335,3.4287044983697954
5961,1.2037776726532192,27.13099928063678,9.798848309528239,0.7703957661340642
6003,1.2222311279521625,29.89654904564615,9.087485137806267,1.258724613780734
6004,1.1807917552063907,30.2364823262068,10.176038469611461,4.379512633553683
6005,1.1717437776302653,27.376411669878078,9.660469387472201,2.7722196254347735
6006,1.1642645643522556,29.41601248703861,10.45847071747646,2.239884061619501
6007,1.162510251450894,31.74018358310852,10.39129784817796,4.043871255588291
6008,1.1593533983896886,28.0951142961431,10.716056085704334,1.544625597364315
6009,1.1596512997529864,32.747288517546664,11.257422444756822,3.5740750323662653
6010,1.1535771848136083,29.74009258368093,10.791915000932683,2.0191057461536484
6011,1.1516999072865943,30.864489957719158,10.815414613486018,2.9082272189829017
6012,1.1488556898512685,29.588065389825342,9.993252755069125,1.749697007695199
6013,1.1490884421195549,30.114504837570948,10.697901873119266,2.28996424459026
6014,1.1457961454831693,31.856826592111894,10.39817732547932,2.080373679187242
6015,1.1480915411697081,29.42812275621041,10.376914183070172,2.7824191564457816
6016,1.1475462255952973,30.716903794280704,10.378504310823011,1.3935217585351294
6017,1.1434884364398754,32.54464141566971,10.491533302431256,2.8510556349745833
6018,1.1448623531224826,29.405342194941465,10.118527388166681,3.0038802252401857
6019,1.1452588093213751,33.26324853871802,10.80940788202754,2.5929845925777544
6020,1.1456966170522498,31.22442246575038,10.555582689689325,1.8797667978684292
6021,1.1413514541195873,27.899747900223822,10.321631242544358,2.067341543328453
6022,1.1443563701538622,31.56993356942754,10.881558067164995,1.568801858877978
6023,1.137073156608455,31.830303755124575,11.04432451446286,2.181558149979823
6024,1.140722228516585,32.4852468544681,10.345116868035339,6.041698359931397
6025,1.1423206463675708,33.12167891820412,10.786009022273724,2.154025164814152
6026,1.1420979655986219,33.99287145994989,11.327220756232174,2.395830844731193
6027,1.140496916906367,33.11817789288559,10.640406963047862,2.2443329100406326
6028,1.143726824710313,31.215257875451133,10.761303268325518,2.4661972770399685
6029,1.1382215772403323,33.6739596842817,10.42958290136776,2.932713137363864
6030,1.1433036543299429,33.05419975886495,11.221547460506082,1.8428813158551227
6033,1.1418594056776075,27.395954099638736,10.08118228793335,2.877994424886014
6034,1.1438175671636708,29.29604798009932,10.080262915015295,3.1461067152343376
6035,1.1412482683316654,29.764622055249074,10.33619800986851,3.6286606580301908
6036,1.140764720522936,27.016420065395465,11.327769776754458,2.547590307304271
6037,1.1380830385136862,31.773160387436484,10.255782708734577,3.2470147434179437
6038,1.1472564588924743,30.177635494784244,9.620640278583151,3.083052298293356
6039,1.1404124568155478,27.769771245986526,10.317159918585947,3.16011908506747
6040,1.1408082638402923,28.455316029472772,10.32084758781204,3.0217438321329038
6041,1.1392226845638442,30.953375773457477,10.465637171730858,2.854132584846002
6042,1.1441318990624028,26.9335178369867,10.117263118169527,3.0403994412878905
6043,1.1392050781510532,30.988886883177763,10.565641872565033,3.8889966656996977
6044,1.128759296968629,30.23894067266474,11.436501045764475,3.223211733487013
6046,1.1403754791180034,28.47671386374975,10.75983515744485,3.0009682204126276
6047,1.1426968812826912,28.547765864204848,10.208713162629444,3.256528934976959
6048,1.1420840404231125,29.215326826305542,10.741190271039263,3.1566064644682412
6049,1.1469455151758285,29.785302455474373,10.323609739661451,2.62267902667135
6050,1.1447653697138507,31.072575472906134,10.4701480653372,3.5371371605125015
6051,1.1425223614189082,26.58638654473289,10.838584141485518,2.115266104387132
6052,1.1454565559310967,29.188887740010276,10.173925746203924,3.0615694341674318
6053,1.142593375278395,28.340115464325155,11.025332351733308,2.6754593518264254
6054,1.1469585403820788,24.650030210724257,11.32412385412742,2.8399614468557925
6055,1.1453183437700132,28.613902530306525,10.336551618498834,3.9532790779640665
6056,1.1506237177472682,29.49484602543491,10.015297992428676,3.5999503288509986
6057,1.1549933243629742,31.111623318971862,9.941803837764024,3.929177147461347
6058,1.1508658285346423,27.331874225714877,11.29183362781748,3.071502530416546
6059,1.1656352844905158,29.309532181461314,11.54204437586847,4.236133374680817
6060,1.2192259930546878,30.4379458168143,10.24874127437587,1.4712434363603295
6104,1.2047994064603995,27.996879722990133,10.805378986183714,1.4540487338512935
6105,1.1816565168547928,25.06809566692669,10.064819106942329,4.482217649031737
6106,1.164501540759222,26.427245890334785,10.488097548980269,3.3399408056884634
6107,1.161104631544808,28.791037938703763,10.451876944033799,2.9633219587937556
6108,1.1583426519713333,25.16863522384091,10.387964804458916,2.0436821387801154
6109,1.1581085599512,30.015957442102934,10.675147842878555,2.91424031183158
6110,1.1562183433651838,26.696469390455118,10.841618769392582,2.0419163231614097
6111,1.154522802343165,27.803669056214208,10.696232397207961,2.5901886972703747
6112,1.1540642608220684,26.27440274742191,9.841680603542178,3.8721608500890374
6113,1.1506354460776869,26.816961775684554,10.631219170850152,2.822459503321696
6114,1.1499237858585656,28.768183761815564,10.448916568694171,1.6449408744340823
6115,1.1529010529542452,25.95040555028134,9.71031410517931,2.867955542412932
6116,1.1506984104095175,27.369997875143447,10.2128403771773,2.281831753230666
6117,1.1440097243297191,29.66522472231254,10.459160328717424,3.1900905299100093
6118,1.144769730913383,26.293167306378376,9.99419664995714,2.181169514999086
6119,1.1490241212798595,29.77103937593021,10.416704075594586,1.752214639704174
6120,1.1472100966593235,28.28443217475936,10.23949805682459,1.7344274138442861
6121,1.1469412588686871,24.863288271354854,10.26670437422786,2.5332994711209103
6122,1.1464688044697509,28.406420216997144,10.485848328343486,2.570983910091838
6123,1.1426382671844013,28.262666276079724,11.045717258857618,2.0604336017437195
6124,1.1416037176332468,29.55770245345049,10.568530281618964,5.204304112793519
6125,1.141596007755814,30.00871105586526,10.644924969456923,2.4481487876415318
6126,1.1457093022467877,30.725785430984782,10.81630751108213,2.4316437512585143
6127,1.1437067319580956,29.77286293175217,10.636143956344984,2.012388369196394
6128,1.1454080125466015,28.125407731424403,10.489331187683225,2.5633553456189624
6129,1.142274043806676,29.71074536789618,10.324414067770814,2.3837262731200384
6130,1.1446953626562313,30.063247382589495,10.859664383317163,2.184389921949907
6133,1.1423069835147377,24.358756748775544,9.907080326538493,3.2042736612120164
6134,1.144959228113002,26.236813409027913,10.052229227707047,3.0009779793903006
6135,1.1438346243863329,26.74554686892756,10.315339161705735,5.167077117345852
6136,1.142453009931014,23.722860829915884,11.127313722293636,2.9595787054748324
6137,1.1434262794816525,28.394186681910256,10.139696071078722,2.73610083121251
6138,1.1493704684640258,27.36322922280778,9.576730160595803,2.7680281667315283
6139,1.1394937320890635,24.986326133889367,10.481933311440242,3.0509839816781352
6140,1.1421842262740414,25.379996236847436,10.128251259810835,2.913741249398271
6141,1.1389218647335644,27.585265980667725,10.889539483192879,2.943075754933276
6142,1.1458902968033928,23.93399707773744,10.032701151067695,2.652341256527979
6143,1.1409918313661636,27.862465616751326,10.130224779019354,3.451440067288417
6144,1.1297822477899435,27.397770734742114,11.088635289136512,3.0372727758211395
6146,1.1426103386086102,25.372939379174902,10.567169518901737,3.429514352387062
6147,1.1472437955537762,25.275043944382077,9.74391371882974,1.8590977635150885
6148,1.1462956958230868,25.690406373952058,10.30632811579428,3.922187982564332
6149,1.1477641921339268,26.720271182667997,10.363931027545728,2.520379561182717
6150,1.1455092924720491,27.89306136598481,9.901755039058651,4.327095356556844
6151,1.1435516729303252,23.826209443852523,10.702853185146537,2.6095244489088016
6152,1.1499130434827591,25.81577986600376,9.473538922738735,3.681254461323406
6153,1.145724313582434,24.92144597035987,10.57573703999448,3.35351772550195
6154,1.1488192175873395,21.68373260541449,10.911982523288286,3.4505271142812783
6155,1.1509592861511877,25.354602237730568,10.131821810561181,3.4713982291142043
6156,1.1518118421183716,26.51525141362976,9.637539090003777,4.201885935238283
6157,1.1558879719471347,28.285468469279884,9.887957849210316,3.9563991689482005
6158,1.169621360494655,24.43819213023416,11.193074157560462,4.749427938753541
6159,1.2144254177743048,26.654077000738585,9.527407982870136,1.1260859954528597
6205,1.2308418749571437,24.850307391789293,10.188626237010448,1.0965455718341761
6206,1.1829089751529398,26.53775686081181,10.133132832785277,5.172668375228419
6207,1.171767039885623,27.898090217273925,10.077244364687981,3.613304258994374
6208,1.1702071818142747,23.971467131777214,10.277385303400305,2.638584534597952
6209,1.1718779987465817,28.907650189517906,10.804621886362712,3.2986275943124315
6210,1.1686935703170085,25.71969624139018,10.625546346059584,3.2265529086978404
6211,1.1673244001678302,26.757531912677724,10.443550974245875,2.696955322571889
6212,1.1640489787087729,25.59966660552118,9.823476438785036,2.747339802306827
6213,1.1644465398213761,26.204451769050383,10.172074904118785,3.3611681424377524
6214,1.1631587198954358,27.87550466597788,10.33611522537023,1.8487110571831802
6215,1.1641504458600527,25.555935818460792,9.90968847634365,3.5918284381462304
6216,1.1642660987424003,26.668334483809147,10.237054689905248,2.6996549294706593
6217,1.159642194984433,28.321734654307697,10.381531828906523,3.1140835656602457
6218,1.1596654905583834,25.285215151784218,9.761289707188993,3.1412564391854723
6219,1.1601395925250082,29.033447896415414,10.284641350940511,2.225732516319009
6220,1.158515394638982,27.892956469540177,10.151138559869747,1.998943365907022
6221,1.1563474120969983,24.199981870446678,9.874796285540622,2.8779855517533828
6222,1.15779849205373,27.68339680508519,10.467923124906326,2.6388308273013545
6223,1.1516489806607269,27.66577791703251,11.104644406081091,2.4317506648788525
6224,1.1536767461654729,28.670943951654504,10.008995089486222,3.121577274549331
6225,1.1536628912613003,28.828418506197483,10.683852143722918,3.4942139363411275
6226,1.1532672936838477,30.272986211348087,10.771947615344516,2.3782604167784505
6227,1.153510412969704,29.03541288622477,10.546590906461171,2.530453309700705
6228,1.1567311679177756,27.813318676621513,10.063418808728674,3.080670309645337
6229,1.153439228566757,29.382015833945356,10.180457778381408,2.828579775354278
6230,1.1548093803572317,29.16436385293992,10.839495573307039,2.4137847811174717
6233,1.155787113639061,23.719368039346026,9.819341327565706,3.42833744023227
6234,1.1557208162761305,25.725331109059436,10.075035923482167,4.261309448632089
6235,1.1578275490566305,25.880279373174794,9.79013993668899,4.217687902988802
6236,1.1548500183698425,22.972297451922064,10.995180937776047,3.7014472571350323
6237,1.1537107261099464,27.76714338575696,9.616872329986297,3.2916556524633234
6238,1.1605748955484612,26.355871202565904,9.43557569715296,3.806578592125877
6239,1.1546372108046061,23.807842793360155,10.112382953543289,2.968727634765766
6240,1.1543778641169677,24.57846223427172,9.980293102343829,3.1288846731071405
6241,1.1505352747553181,26.826155959328222,10.159077130048546,3.1873690566337283
6242,1.1577188517969401,22.93732099306261,9.53334737937813,3.0330962190196007
6243,1.152933809885843,27.030077243967632,9.665167254363105,3.3708303285077594
6244,1.1411234486611437,26.66354921238697,10.933329329169597,3.9449397492748917
6246,1.1540748045504787,24.207367461605664,10.533639348887503,3.7336972784904763
6247,1.1562675414740515,24.935366258977286,9.62782348251489,3.122438058653598
6248,1.1550820150522225,25.204148531336536,10.114272539466254,4.102345386773871
6249,1.1602975670963531,26.001672004537,10.136157414505833,3.6138832286500038
6250,1.1568215299797835,26.90731825760898,10.05450527126905,4.760892866757918
6251,1.15694203126488,22.904465957841506,10.804198232124032,3.050568127563175
6252,1.1613031989937608,25.734547635198044,9.635557571936333,4.0896309598429506
6253,1.157154193089668,24.070012890755958,10.617408968009427,3.180779174282307
6254,1.1607632487989397,20.902588521324805,10.60654420631277,3.7747998189642233
6255,1.1598157540006826,24.238480094683656,9.7478725019995,3.733255369983815
6256,1.1650896773844694,25.751591204893607,9.485220830017099,4.538251065064357
6257,1.1812200043735146,28.072406524693235,10.155223586899552,5.091946906564886
6306,1.3030836407481514,16.690403584543443,8.435865254720728,1.7991339957034092
6307,1.1927269936776466,27.90297723776917,10.270916348555764,4.161797721072735
6308,1.1789676248353327,23.312903232806622,10.5383763919065,2.627006993726095
6309,1.1763040333589674,28.35643330207932,11.150871370151537,3.183879647744937
6310,1.1720753333769216,25.02304454769421,10.945200670981011,2.8529727591150995
6311,1.1700662695593156,26.172203604775458,10.75801331619758,2.659102484030709
6312,1.1685324968757607,24.58951711688783,10.1755258459716,2.8820080903800434
6313,1.1709394795264887,25.281371788208816,10.519341433486106,3.6567582736765836
6314,1.165004901127219,27.203925478811122,10.670833301646955,2.2416516482151723
6315,1.1705251204838834,24.57711407980411,10.13354785948152,3.295213906534173
6316,1.169105625290905,25.81408734096554,10.452229498564046,2.5012383868369037
6317,1.1666265387572088,27.043164683916398,10.630530411831556,2.5147926226397144
6318,1.1652483740606554,24.418056936221262,10.11296225773059,3.1377577202236626
6319,1.1640660045983573,27.846808378066193,10.762194291891303,2.8911730908833966
6320,1.1640247176058818,26.71148235688173,10.113291527691343,2.0256406867089503
6321,1.162780749043998,23.284029603740102,10.020093887774411,2.4544810314280054
6322,1.1613313251718655,26.894138341912463,10.390098223717901,2.4482312415174152
6323,1.1568849777114176,26.30202149768759,10.951651661225913,2.953749781370445
6324,1.1598644353773153,27.60614816652005,10.243769599350232,5.976299916562735
6325,1.1586571496648126,28.186409691867883,10.69377977149165,2.1632580405477624
6326,1.1597703407578146,29.034336182950664,10.979675667776402,2.5245640826698668
6327,1.159206815784057,28.070310936669568,10.850591911427468,2.474374301579995
6328,1.1621573135059657,26.733368535507527,10.412722717716608,2.835087701474775
6329,1.1578689882759416,28.15320231072511,10.714212174143539,2.9585421656000555
6330,1.1603907224074168,28.258662820325153,11.155990647574754,2.1752599436404734
6333,1.1629503397955268,22.355429072976253,9.894638778091275,2.963845642542317
6334,1.1629147657386287,24.206319241723858,9.819405391439382,3.013952351147453
6335,1.1618704588399114,25.04860070598244,10.180294508546007,3.3275807319137747
6336,1.1591295211285886,22.333282576011786,11.467301551198238,3.14197404809754
6337,1.1594845477388107,26.88103663780671,9.868130578785333,2.7265303164723145
6338,1.16728494193542,25.401672408411493,9.575480603328245,3.5645980370378028
6339,1.1597523341749203,23.43751914043947,9.9801417917527,2.759218072236463
6340,1.1601197951201152,23.248473546051414,10.516545662847172,3.49687348007047
6341,1.1572373589950138,25.832733645365195,10.652811059037191,3.8411054611196933
6342,1.1631840720804272,22.399354255741486,9.636174959190951,2.6926943113866697
6343,1.1575894546084733,26.45790404003233,9.999972605951458,2.952210110168107
6344,1.147644433191519,25.710212218116297,11.294287960076115,4.007008771868604
6346,1.1576883431307858,23.527904730524032,10.871770358815969,3.2195680128340265
6347,1.1610719984308164,23.983071378108523,9.942304491417206,3.1531311639468855
6348,1.1605747945753673,24.641140383790955,10.153596442359763,3.138938872906128
6349,1.1659129618832251,25.030221509938855,10.326290968661183,3.6219874065028566
6350,1.160865360465315,26.517585795375787,9.911999975679448,2.9066529021080934
6351,1.1602775653390278,21.589063530289355,10.57399129035858,3.0758537250986366
6352,1.1661308276513134,24.284475522150743,9.506290106859952,3.5494957706082606
6353,1.1618239468725609,23.182812156207127,10.876539402729044,2.914160645481133
6354,1.1646522446859453,20.782532612493096,11.026522080355331,2.6244532438483237
6355,1.1717945490685822,23.93604409401554,10.140389857936345,3.7923293648421974
6356,1.189310311542823,26.369883578473168,9.404129379117082,4.492681779856606
