7,1.1835359500269425,20.980493449008765,10.403733576327907,1.403330550697274
8,1.1756503266115743,17.62719659098544,10.455510194053755,1.3371909010121301
9,1.1675400700343204,20.640859977302526,10.784294137144045,1.3712297424266005
10,1.166053145080896,17.15676983888079,10.569330779796518,1.4099884358430208
11,1.1653506814728238,19.221618315867484,10.597338326315384,1.3699828155813696
12,1.1681179114015383,18.044696918291624,10.521901365237687,1.101679505593359
13,1.164783570732383,17.94416237189974,11.070360424440743,1.3159484254453215
14,1.163106675243891,20.715113625702497,10.846282370184928,1.3125646236681252
15,1.1623301445964311,18.50665028046582,10.685769141724213,1.138730102441556
16,1.1613155827786967,18.572828639319305,10.524569272379706,1.9125685312041356
17,1.1607718233602744,19.55962395572563,10.769672756447388,4.643344428261651
18,1.1620627909029368,18.13040805479073,10.22394244532202,1.6540322541091321
19,1.1587526417805383,19.67532839926029,10.708705222225928,1.765771028846136
20,1.158890265052298,18.591945924064227,11.03498085885651,1.4889611577153326
21,1.156263191736027,18.027095085438937,10.489675811685462,1.8050504990413203
22,1.1581599911884535,19.898327679835685,10.997550498975615,1.3890649572030986
23,1.1557738763664853,18.989000172872245,10.560164393410977,0.8399385864245463
24,1.154718870471731,20.269776951204626,10.378123179205982,7.189748204980087
25,1.1522110423255914,20.75304345997078,11.272913884273434,2.1358255867145353
26,1.1539970158812112,20.152971181056596,11.16565224006986,1.1385519414954437
27,1.1544300943357213,21.44690816748588,10.445362070382533,0.7460641445450203
28,1.1516062318392615,19.28407412108177,10.816484196346137,0.8227086767824399
29,1.1512679037248033,20.85097887880986,10.5526298605722,3.4730310871589425
30,1.149078685217976,19.716006553294015,11.613681742922203,1.4187313149130718
33,1.1480455552460287,17.681563496432066,10.507373133660625,3.6069898981454838
34,1.15065312343877,19.34739500454029,10.224846157912804,1.6176033470668163
35,1.1487453226564548,20.210611386460915,11.166032349736017,3.4804448154046264
36,1.145900948522723,18.445954254848985,12.027210651157716,1.0833681282596794
37,1.1503472432519568,21.729027513136966,10.509795757883468,3.666701096442525
38,1.1547819548930782,20.43936428045821,9.958045760478667,1.6495976803696208
39,1.1489364298204046,19.077150410544302,10.97170886349194,2.631363035768781
40,1.1503485741598332,19.43055566234229,10.58802678541691,1.93195859484301
41,1.1503178618015888,19.499837227147854,11.245313055912227,1.226325364830461
42,1.1529182530600408,18.699298841633144,10.47469570147909,1.4698226977609292
43,1.1533532362178816,20.303093013986686,10.5230124242547,1.4863928052404105
44,1.1569876178969092,18.317387858945246,10.964433365988894,1.129227320478571
45,1.149183423586064,20.608684415626385,10.834850157430154,4.977000935144156
46,1.1523303126927837,21.390981713585646,11.515507519310876,1.7700620622593903
47,1.1555234998392063,19.985909444151737,10.553481826200631,1.349100170792128
48,1.155635175900629,19.053592761279198,11.1294100808271,2.0338754364562255
49,1.1554473861628667,19.70587551111575,11.337203925399367,1.739756461620376
50,1.159730387618654,21.80988186197013,10.805660441348735,3.425786090228135
51,1.1608338342487738,18.145247625729823,11.115520269561433,1.0625004038791659
52,1.1639530093618267,18.779751261143215,10.61526152341787,1.6693981828299154
53,1.1611921329642758,18.676406408244794,11.36932743054435,1.4832907076982669
54,1.161036465118606,17.037067717177685,11.43684766050333,1.387155264136549
55,1.1664379483916325,19.730665235820364,10.681093089273823,1.536555010089923
56,1.1759789509961698,20.198643614559934,10.831915528671578,1.2576042006102575
57,1.2215971916312136,25.245033847923352,9.118199339158298,1.0342747336100033
106,1.1841760423731005,18.054842437919568,9.818839416568425,0.848620077595047
107,1.1636431562622893,18.700313725647153,9.937671973362031,1.126186398734302
108,1.1684035898934109,16.75496796282093,9.56857969568494,1.4791781298704265
109,1.162602573608994,20.065623404093756,11.174464427428095,0.8611046713017945
110,1.1619933946077772,17.2420326304933,10.263925815069083,1.4956502348636211
111,1.1606696950878166,18.49318625832779,10.30997751767308,1.0853290055747444
112,1.1611836784119582,17.802360568213633,10.152947888417847,1.9033392577458512
113,1.1604134929718555,17.691241852508607,10.56324707208037,1.4745821174588711
114,1.1566430130358127,20.676104281962417,10.528054455337784,1.1662539400251453
115,1.1574915048761834,18.328956550407476,10.095415530445884,1.5973419555326558
116,1.1545333090096397,18.691128545753813,10.310816076850356,2.245175813599718
117,1.1564612920818058,19.721597998583707,10.039875815564978,7.5194415941744674
118,1.1560711657820344,18.06260050366317,9.978097710332072,1.082812365241714
119,1.1526090827853641,19.26634120066304,10.727693621952936,2.2318709607683997
120,1.1557339881346906,18.79036773775297,10.176294458538246,1.613458285571015
121,1.1539163275961206,17.703662268274808,9.886653398221698,2.2732273025524483
122,1.1540707517694404,20.125268549041017,10.324027459491168,1.1829066767860776
123,1.1527440241241758,18.527310812406437,10.968461772710766,1.0238559313546842
124,1.1496004740931602,19.939756496052336,10.039936653698865,7.77875857385691
125,1.1525502317761085,20.686048687624616,10.144121951751487,3.365304082938725
126,1.1502192719383122,19.78060856189863,10.936351518545033,1.4477411612789965
127,1.1494426500574368,21.237572064115277,10.449406987846508,1.3198827369797357
128,1.1478311161824282,19.11634595674975,10.331176297405621,1.013874519821278
129,1.147263617325921,20.954164362473115,10.36594935391801,4.665906777897649
130,1.1449703966973697,19.741628339391898,10.797248730150256,1.844142435075417
133,1.1428775919203988,17.449644895828865,9.709102021231026,5.825343491147698
134,1.144468606031225,19.01066210874595,10.470992752759196,1.7330770258788417
135,1.1445565860800662,20.231372695339452,10.536974935353843,5.384042341559121
136,1.1430689091129933,18.73842534579616,11.633763792355625,1.634171941519835
137,1.1468908166008378,21.220500211715848,10.586066912433854,3.6783963110515234
138,1.1508852235836196,20.057783981922146,9.685437612127892,2.294820636511133
139,1.1433700303785503,18.876026318256386,10.787971889411242,2.9762337684880467
140,1.1456868449302693,19.310407435046432,10.676299940120877,1.9835756295707236
141,1.1457771709608753,19.24537071193593,10.827824489010696,1.544377475201104
142,1.1476708198233936,18.54540548524341,10.46812279861762,2.3111097683851995
143,1.1491097309849438,20.44841409813027,9.872961150597447,1.5651204064758129
144,1.1507998704913764,18.285752229688427,10.609933528782058,1.1689351991573609
145,1.1473181320502401,20.170049626401052,10.394581216488927,5.763065240703162
146,1.1508075408107594,20.53861000222367,11.214520050408568,1.3985997164316382
147,1.151609131820597,19.839616203576544,10.068327877445622,1.7280130054315288
148,1.150326302872393,18.351082232714557,11.050887809797826,2.1018786516358805
149,1.152432998356069,19.58405014184912,10.835936250622266,1.9172776418074884
150,1.15251488027319,21.815610617511876,10.674607228427114,3.4639739937189473
151,1.1547161668782597,17.792260123476872,10.936030554531923,2.159525956362022
152,1.1573697136947168,18.6981276489243,9.776670658952959,1.2070510805405246
153,1.1569475387021448,18.62519882818182,11.046057688642533,3.076516801980096
154,1.157220728401944,16.76524671728033,11.08363830628258,1.2837462816419354
155,1.1610138398544783,19.144692277780383,10.177631693553105,1.5622718836334306
156,1.1629673613896232,18.939994414843003,10.092101452776083,2.404742085265249
157,1.178521295710192,20.482120056443854,10.461577375817418,2.6290372239450654
158,1.1977952570658137,19.071541604533895,10.928177422341104,0.7209608797182757
205,1.1754149252116632,12.537721257518328,9.403322660213389,1.3034130932434662
206,1.1567593394294726,14.704809653684704,9.514931065420903,0.7642134148777376
207,1.1486548885504182,15.422418735273778,10.293194928512204,0.9756557606396797
208,1.1547831036564364,13.227066680342306,9.916107222502202,1.4986547820143337
209,1.1485892374364197,16.338243254195323,10.504344108231079,0.9476133233200045
210,1.1469512248862068,13.466985603957964,10.107960114437995,1.6254281317562673
211,1.1461615587289389,15.105051088380995,10.099786463922662,1.0666093989820193
212,1.148632184090902,14.318069188694452,9.93523312183639,0.989653335915604
213,1.145767875216131,14.538315971494894,10.146393344538433,1.3656084084815272
214,1.1412162051863481,16.908501197028418,10.523440362129595,1.8055509560974512
215,1.1412458147421556,15.0043067346519,10.085232203752838,1.2633448583172036
216,1.1432704540199883,14.807239477483893,10.34490227983877,1.8227252468854027
217,1.1432047047187415,15.851943188241972,10.196264980913755,6.831053611272951
218,1.140211494392588,14.38673628917881,9.846245433567905,1.1605968408360552
219,1.1412825994958162,15.631979918479741,10.151367482925743,2.2069511162629225
220,1.1392063588637236,15.081098246361842,10.121891926232841,2.00788537690935
221,1.1390408332839561,13.900319801281462,10.033463720261151,1.9754348443707794
222,1.1409134313463143,16.200757836259758,9.940339461353387,1.040743816772382
223,1.1378091240592347,15.241972194458405,10.758279634306975,1.252761431328722
224,1.136150598747429,16.49377239443417,10.430041391181485,7.412020910437739
225,1.137730249244735,16.836841748965092,10.435505154581337,2.6141078300942855
226,1.1370572009890365,16.449152526453815,10.585286892485849,1.6162999672229368
227,1.1359825222702575,17.63105430200809,10.448012500962184,1.355585891921088
228,1.1351016433103216,15.517034762493214,10.386363360108865,1.32509689900478
229,1.1342314460074383,16.952661672996413,10.661419939329257,3.875299574153832
230,1.1333206266396076,16.227216738504524,10.754995864732688,1.6695666340875759
233,1.130160717110369,13.451717821634565,9.794564027904345,4.856832285129424
234,1.1314532503903794,15.59522769914729,10.292601678039853,1.59627300119891
235,1.127973025520107,16.248126970369775,10.839862049546317,4.719774932205906
236,1.1277199514669238,15.005697351354943,11.726823665712814,1.0776115478319073
237,1.1336896575793023,17.29740991919847,10.417546263294408,3.144979482737137
238,1.1366372603232753,16.065691581114557,10.090350381135002,1.1664699240175194
239,1.1281212316850007,15.489474314217677,10.916684091318418,2.517898165438356
240,1.131711775775547,15.775830255099121,10.64858405189137,1.4951750704196598
241,1.1325739217043826,15.47577940364833,10.572531012912952,1.3470181780474804
242,1.1355657149389884,14.326328560056432,10.433411340434953,1.82203588997613
243,1.134638004601017,16.524924872764608,10.64478403361177,1.4519765959110857
244,1.1355112365669582,14.876358922687126,10.507575831286294,1.344458528847379
245,1.1303725056067846,16.379780103655467,10.503642174402463,5.1195152341364
246,1.1363865420324482,17.149220493957596,10.912183789872428,1.6336012597456957
247,1.1379827052965017,15.725393840978697,10.426705870858074,1.6839544000142115
248,1.1393435835850962,14.304834148166455,11.035754376866945,1.3087094262244718
249,1.1388533164990635,15.66965535218735,10.717183993085007,1.5277778261151116
250,1.1426088252730484,17.623611354552388,10.896876311037376,4.5330469529549475
251,1.1440519704854746,13.792040123608636,11.034427596413169,1.6403711743597251
252,1.1457079546070863,15.043924135996996,9.8394470265806,1.0607044039689335
253,1.1431255689339774,15.20978281668996,11.029900547012032,2.8580667783738303
254,1.1427388724650596,13.185327889892159,11.441450561851903,1.298092298186205
255,1.1470017808812585,15.784519576345136,10.674993713351146,0.8786381298990635
256,1.1503246949115071,15.736320232164092,10.228692800755713,1.9086545067818255
257,1.1544017941536302,16.878197226359582,10.2558798607671,1.4739021163085475
258,1.165102666523272,14.37452158361126,11.628942779888074,1.2457383913220978
259,1.1895938184476713,14.936506673032714,10.864182472657811,1.1070632556755655
304,1.1674174799158492,19.06202841607122,10.03625697698077,3.3967023532077896
305,1.157648973443483,15.228447674933216,9.134049819521008,1.2563932886748832
306,1.1536260983928823,17.73416603248647,9.965495317568227,1.3063755979677691
307,1.147487524971326,18.5857660782434,10.21901805314508,1.1637143709743922
308,1.153124977897813,16.5515594740062,9.732470374994802,1.8803845879425969
309,1.147885759083279,19.99005581721943,11.029597365914784,1.2508537804238005
310,1.1467156715428588,16.794250666559137,10.313543081641921,1.8567545950554465
311,1.143902957622265,18.299146605006648,10.655336027174169,1.0762246619657971
312,1.1466545123839154,17.375460445748168,10.148434188476873,1.0314526854447856
313,1.1442959092180527,17.605509308010234,10.366808382500722,1.0480431277722773
314,1.1392985328336016,20.27394218939361,10.780599953110093,1.8913711371400144
315,1.1415292267422683,18.14110223682,10.332623639732347,1.212767870192267
316,1.141882082059273,17.944833377015847,10.48054473799084,1.757728826338621
317,1.1396751632549584,19.454717735340566,9.951046330715881,7.715156117082058
318,1.1378616099305199,17.697341814014052,10.189356374633922,0.9150703908988632
319,1.1387283791882847,19.026971531977914,10.36073848257766,2.710918127681696
320,1.1391899684198203,18.44335688748181,10.298623184143848,2.1430518186822693
321,1.1357374353955365,17.29791544640432,10.418660764220432,2.5900158400285496
322,1.1400409770311988,19.353582232486847,9.752991614042573,1.2860819079891754
323,1.13648433952901,18.13079788110809,10.692346428249323,1.4319372716804635
324,1.1339342460458348,19.609072383131792,10.629562107697591,8.830852954378443
325,1.136050526012426,20.2471659884464,10.834184611440461,3.057819295957388
326,1.135857059941398,19.51526803350011,11.186910259455235,1.0208298905205608
327,1.1349298269322567,21.130289082016734,10.58999854772222,1.379816154921081
328,1.1329732928008727,18.654096456052475,10.837517942897742,1.445402091277428
329,1.132266183277005,20.346979451269753,10.489405807089616,4.7753570914056205
330,1.131696775748878,19.73661506133818,10.407360633054495,1.5993408568493452
333,1.1280382681220233,16.647767417349826,10.280207961612524,5.014304440512511
334,1.128659046036566,18.57707039816199,10.444446089662346,1.9433160528321733
335,1.1289011552256438,19.26728172373587,10.82288248376309,3.2640421857160193
336,1.1270565049528447,18.281667632128407,11.953535020120304,1.503337516467085
337,1.1289164376383514,21.050232431322442,10.49134231046537,4.15979723746277
338,1.1346852541725614,19.777758374357845,9.631433815976077,1.2416194535168854
339,1.126550636505673,18.755453383586143,11.337633859459757,4.0547186834244
340,1.1312529469371062,18.803190005139218,11.142694873008516,1.5718836649869383
341,1.1300826384286415,19.140887184400874,10.859091622955251,1.6922892878775675
342,1.1322803444384848,18.106389947200796,10.361367275040868,1.5597440912062412
343,1.1336774438413504,19.945984186477332,10.45164673588893,1.1789591935587658
344,1.1338235948679867,17.982219319175986,10.736106921025891,1.0287825015173837
345,1.1311489281624496,19.603714159288142,10.924542070808272,6.242555437928399
346,1.13313065966199,20.618302019598524,11.01992786779035,1.7349356047587174
347,1.1377566323931723,19.04740263733239,10.436565238618336,1.8725851372368416
348,1.1348106120411767,18.225919206597485,10.860617298618411,1.7800642466121304
349,1.137798582815903,18.84056232097771,11.145889244413564,1.8416636806183704
350,1.1390606718912712,21.250537912667102,11.221046359179418,4.826726402963501
351,1.1421464307084674,16.535302034667126,10.936787939989058,1.8006926776635976
352,1.1431882388237926,17.852582525801946,9.861800730021717,1.2376542539889186
353,1.1428809465101883,17.77697194573467,11.216281408952964,3.3804516072077377
354,1.144953928364762,15.678376519429893,11.375487825117723,1.1409703982996042
355,1.1481403983046687,18.57353183045036,10.923080435708508,1.2653946954406532
356,1.1496089868679615,18.71657036451483,10.084661591869537,1.763304250676929
357,1.1506296293998912,20.23095016006538,10.067847140564513,1.964886870498623
358,1.1487415504858216,18.20741655494418,11.613336310665124,1.5006104294127718
359,1.1641736412633878,17.56851157797869,11.393972024868434,1.2553559824019538
360,1.1959802477902854,19.597792206824515,9.777270235892162,1.0254725226399195
403,1.1731683906380856,18.13401659948179,10.076121079129706,1.135810257707555
404,1.1505583604624061,20.982849491726228,10.503181469396685,2.8961127459798863
405,1.1525158463143836,17.51282115432516,9.69207755036006,1.2141344487144352
406,1.153412910467139,19.949595751670525,9.905572963215233,1.2500083969708604
407,1.1486060884404128,20.61255372043923,10.129240240407443,1.6319901595336148
408,1.1537572949981738,18.5735010006805,10.167718792292645,1.8394251943463296
409,1.1479412647750247,21.636803457289346,10.933955466851087,1.2738892203207244
410,1.1458234772344116,19.00198673956813,10.946224927426293,1.7329022129260343
411,1.1432377895680212,20.005990364286028,10.653824135049028,0.9970895118022597
412,1.1439533872686474,19.68590167932292,10.27333455866333,1.4377277124047487
413,1.1421772117100617,19.379596752338138,10.858403842008581,1.2175957053983268
414,1.14155348757456,22.24971394095405,10.625736799299114,1.4772882542870176
415,1.1399120741681217,20.062529192999477,10.369063586037418,0.9219280519642552
416,1.1393675794647806,20.403183245028636,10.393291379031119,2.3610885007940325
417,1.1418260108879572,21.12316883648291,10.234321001165004,6.850410184478386
418,1.1401019267429935,19.57286907591777,10.270541797428594,1.2078189653484839
419,1.1377403804741195,20.92352572169766,10.746479125305736,2.5506090265503722
420,1.1381959157876782,20.30808478765536,10.288068738407855,2.233081383247804
421,1.1365678843464941,18.98014762441558,10.493883703465709,1.6947748667482414
422,1.1404780708847113,21.276013078337286,9.676326432179152,1.0859519434226117
423,1.1366753302083754,20.52513591738587,11.081244388712886,1.4342182066420843
424,1.1353270430133267,21.790685025433373,10.358228640506704,6.1561061957743055
425,1.136479844925726,22.340065134531702,10.584607346011557,4.099928858430727
426,1.1362160456088028,21.78468764829175,11.072714605362096,1.447412145923416
427,1.1364780688590872,22.875676425955493,10.576400401243289,1.3363602571821622
428,1.1345841836374138,20.764866342763646,10.577313632854207,0.8764416059335441
429,1.133422921921648,22.435768381428858,10.405787314645648,3.826128931899895
430,1.130035455513841,21.839731484781854,11.12985596209306,1.7686990851922428
433,1.128856915883563,18.607971183108152,10.772725764153718,5.755285698888272
434,1.1299409661810085,20.693222234300045,10.35675093590389,1.4247534203049022
435,1.1292189921429954,21.75934069084828,11.460842621705867,5.327807445408366
436,1.127133534650149,20.56027475245171,11.680527998543326,1.6205086491463743
437,1.130459548854434,23.003538064950977,10.52362219471234,2.8891303649664977
438,1.1352870128583985,21.37640367518804,10.316713592175883,1.5084712977015786
439,1.1261028683141108,20.74609601393749,11.341816981810638,2.755816835437151
440,1.131210709567525,21.054339449519375,11.087737285889657,1.1440148196232454
441,1.1304988494422512,21.087235302319797,11.307084631468317,1.704089688649831
442,1.1315784869606766,20.446450055409734,10.73785329184902,1.6992773768858815
443,1.1327975672258144,22.024744469897794,10.886332758811415,1.5758827419312023
444,1.134546500352329,20.33066889675092,11.02701153153029,1.3411397596096275
445,1.1325490837992647,21.709558135379247,11.159393152723965,6.095860000960276
446,1.1358505619582742,22.25590060742787,11.295223113348642,1.8934504389142046
447,1.135339370430653,21.218974485435506,10.72180354646138,1.9723173972945054
448,1.1355415462038387,20.055366603352695,11.463999981599148,1.7441463321386617
449,1.137218335988943,20.82719138814292,11.222182984588843,3.0637255212142813
450,1.1394961550961846,22.664309118060515,11.317642246815174,5.569966989256995
451,1.1416801015971034,19.328393137507906,10.80094076410951,1.5145797761305453
452,1.1451937112431316,19.948385835271186,10.271883882628602,1.4818887301615735
453,1.1423809523167916,20.16977139478159,11.408591590008198,2.6999851091191833
454,1.1441980103070237,18.16495059098403,11.672573905846377,1.2194562969806397
455,1.148841012797624,20.31841674408889,10.972848730338635,1.5064367834354244
456,1.149166801922536,20.51577259489982,10.77715433686388,1.9310345462786411
457,1.1527633628283507,22.015307800638475,10.433951484564247,1.656558852119306
458,1.1479337572819341,19.685097160659595,11.963625496481251,1.1110328047076525
459,1.155126274964667,19.450470874934418,11.126305774079466,1.4145305794738003
460,1.1728604649088978,20.124163646276656,9.56008460813757,1.3226944358896355
461,1.1976922053986625,20.489808423232166,10.373943635996689,1.0591191879653614
502,1.1682056766492417,17.745432539084447,10.63053870651149,1.2737999307440195
503,1.1506302995661608,16.284786828937882,9.56873406198969,1.0564905622987055
504,1.1425875792904565,19.001290557656674,10.680367372865904,5.929375799313755
505,1.146367927726376,15.784160730663077,9.543215207304526,0.9076387571678803
506,1.148367998372334,17.789504502308702,9.807662671493368,1.7575041968291225
507,1.1446873992874185,18.63758230780533,9.963987599471,1.0871058469011081
508,1.1486775417649677,16.772630809070453,9.44156230101922,2.0636902049564694
509,1.1446577179624826,19.604009455277954,11.108030434595333,1.1366698605322052
510,1.1412411054365852,16.785594393347985,10.484670419121649,1.9620927595522033
511,1.1395533382035834,18.349232810230667,10.432825268120522,1.056706305505375
512,1.1397974506585558,17.968948980684583,10.142991735952016,1.1294661914944484
513,1.1392180081144925,17.761101321904363,10.659494375093157,1.02893276606469
514,1.1366516441708447,20.523465410028134,10.823035080132586,1.3010245944759598
515,1.1343474678401324,18.25167365529737,10.612152023535364,1.4532306311434087
516,1.1355522115320433,18.28115871174724,10.209098582810247,2.0614251814234454
517,1.1358404259913488,19.191891721274878,9.706990516247958,6.05533943504104
518,1.1348918683740237,17.815812689745357,10.300957999996548,1.3459364274544225
519,1.1328809882159665,19.36599679973956,10.61243119857732,1.5542487570645844
520,1.1348825481471847,18.562602292737544,10.12994906006596,2.76430756001503
521,1.131510385966894,17.458465538532426,10.733517483589605,2.000818807939179
522,1.1333980722469597,20.054724106905564,10.393086047595308,1.5370030212466776
523,1.1325578044526607,18.512960337074535,10.521110390979574,1.2607359140639853
524,1.1304643249031716,20.14776425125574,10.327812340663762,8.269134176457735
525,1.131781632323532,20.27267882548237,10.811626633251048,2.6240911684792265
526,1.1311378045808436,19.940673429827083,10.966734238704504,0.9347770967917359
527,1.131491590369166,21.129019391057636,10.343799723946045,1.1588301848465548
528,1.1288661438299263,18.691948342887347,10.75598119616811,1.5093254463166934
529,1.126994939213827,20.242948802450204,10.687924655162337,2.9335952281423525
530,1.1274026515093247,19.63377688048121,11.051621496338917,1.5112292703626669
533,1.1242720565353708,17.166729722184932,10.467147514214501,5.63041246408696
534,1.1237994959056385,19.09169626817738,11.067082691724568,1.5330591214753984
535,1.123765724423525,19.74856922406785,10.839074983659462,6.1974666968683145
536,1.1235090849663174,18.465985195533957,12.394191198452761,1.528269889711771
537,1.1256456442235638,21.147629481177066,10.997813537324234,3.8769382424744547
538,1.1317422940755062,19.7094791059336,10.013870250953046,1.7783005758149995
539,1.1226568687961418,18.486716519459808,11.358833642717252,3.9691684605910273
540,1.1252056447480385,19.255591660248612,11.028895968321685,1.4044515956479173
541,1.1255844112165654,19.233919734897203,11.487800992979016,1.2759458454884594
542,1.1279740584007714,17.958317777016173,10.727368987661318,2.1497176623578556
543,1.1279352720342806,20.0414300546425,10.781913960264264,1.4213119651244641
544,1.1308474121459002,18.124485880027777,11.079844322446291,1.9533152013337174
545,1.124569968909249,20.150185131815824,11.026407286096527,4.602357868363433
546,1.1293178967926008,20.416480204838567,11.317004847687155,1.7561737649954947
547,1.1315268796772777,19.393110947303814,10.633293825801195,1.3740138201678187
548,1.131678392003645,18.210670965737197,11.376214100247346,1.7030582716621354
549,1.1306214382749584,18.87943656055661,11.649056008008996,2.5514527066179546
550,1.134048187407928,20.852514874332485,11.313750401538694,4.542944096580365
551,1.1344365882845309,17.186567110914048,11.309849507161397,1.8862837443065839
552,1.1379607352990737,18.337626591397928,10.009357250427788,2.322886943403709
553,1.1382500757420397,18.145324692365055,11.266980673827106,1.4981970912230915
554,1.139793388879668,15.825068339035276,11.542241364100011,1.2257656281621494
555,1.1421187430128108,18.526014857397257,11.002878482524237,1.1500494130536747
556,1.1451892400531771,18.489212069523298,10.712304012319784,1.6394923918364739
557,1.146762400387875,20.210648123061556,10.707109641310177,1.3915154183997198
558,1.1444836585535938,18.01227363493223,11.540688016181573,1.842074213931496
559,1.1489748682669156,17.716051035571635,11.764979477085696,1.3656960157439682
560,1.1557329235586815,18.01755691460035,9.436722209516384,1.3298115480217994
561,1.169724929547679,17.241254350872154,10.662945140218206,1.375602170647295
562,1.1998738137722933,17.06836781799311,8.935664084978828,1.2427818988660921
601,1.1713677283744592,13.438859479869967,10.559412263958633,1.9607109060952563
602,1.1503519340475685,14.784055014442846,10.853218280500242,1.414010207628623
603,1.1484751493122536,13.44730265487948,9.905954182552028,0.9994681461360145
604,1.1447841481334455,15.569311818432512,10.95039964149707,1.8242534253763076
605,1.149593059812372,12.466782585780669,9.246219044482803,1.1183378245306383
606,1.1465261554651962,14.696792825472803,10.322865189045233,1.1464775671899325
607,1.1424941536426727,15.092532682683663,10.901052026422107,1.3404619722375224
608,1.151576414217024,12.970220918055498,9.810679874369809,1.7630608037328381
609,1.142759384457809,16.88874193396967,10.811959853295797,1.1937785104123972
610,1.1394235975931877,13.602597691710642,10.95570345157008,1.4727546233929105
611,1.1379616264327832,15.13304270872138,10.567069150624585,1.2534990266384747
612,1.1406716372175496,14.479868996039416,10.152366642428968,1.1824837606380942
613,1.1378737564806796,14.275493430763138,11.007505149884002,0.9556074431697636
614,1.134422541463155,16.909774288169064,10.747451543292481,1.6647214063970797
615,1.133209144759901,14.702893086370398,10.279619098871766,0.9974309590907876
616,1.1353098393674954,14.935069415349814,10.771683900372551,2.2979829949797024
617,1.1369107567769996,15.819645943033352,10.161435358353588,5.950512222662195
618,1.1362272882069202,14.59373535063894,10.161649522672551,1.261442514878833
619,1.1329770502926908,15.845990026103316,10.719305926776723,1.5634999635500924
620,1.1325314403982667,15.016253957302931,10.968737917149845,1.8628950457678914
621,1.1336060128048362,13.626788317208991,10.931749863741715,2.161785143771521
622,1.134879293276108,16.233584747412348,10.647703511464753,1.6831693835098565
623,1.1328664005510285,15.062064062123602,11.101403297797996,1.2216339054011456
624,1.1328704824795188,16.24775648300225,10.351973116478877,5.256002922844307
625,1.1313567794550623,17.239095438874806,10.646000591814845,2.3825074506082875
626,1.1321711184894308,16.44434399835654,10.812374893233496,1.7958656826815727
627,1.1313220223837883,17.61168833969913,10.520402676839216,1.4341859961364762
628,1.1298016547935066,15.060619540231265,11.01933764143431,1.3198059970643925
629,1.1278407055545563,16.941574002366117,10.572466501548606,3.2971857074112365
630,1.128565115455339,16.290139809358894,10.938319843657043,1.4412704329984478
633,1.1239982866184974,13.31497199466511,10.740419693682147,4.728483525871958
634,1.1260349455226422,15.632863548543238,10.891169533171547,1.7154985681484238
635,1.1252647564796452,15.974681417931121,11.03804658622583,4.116810346099969
636,1.1230559621736913,15.068487795497907,12.522977499252079,1.5058163219094371
637,1.1285815116549114,17.30964209828253,10.993706049484798,4.302374894255853
638,1.1312303710888563,16.41267656531055,10.131862668686882,1.440809601994399
639,1.1227672874603127,15.09998932617244,12.008149030908484,2.253925659300732
640,1.126835471689283,15.512425523103014,11.07558249200021,2.020593394607874
641,1.1276976595563757,15.695543917744338,11.23557371792886,1.3876080241494908
642,1.1268206944693708,14.646238425025139,10.632902323003735,2.0779636522797285
643,1.1274685028150657,16.393993354487982,10.69020055474044,2.002009844345191
644,1.1300003000136665,14.792806371611603,10.908961013187472,0.9158895188296448
645,1.1250510255410278,15.938993675628836,11.277281896617742,4.152645788735674
646,1.1304420160488053,16.79598645936933,11.450568660079087,1.5148693867626317
647,1.1305893407091863,15.782902149551687,10.868660649682731,1.50637382135942
648,1.131779137622176,14.566115355009995,11.41315531639097,1.7971873824209252
649,1.1325097686383032,15.493533362518296,11.561592602145124,1.6603207399744022
650,1.134356755787327,17.69570536447705,11.59325826908846,4.4052092222524095
651,1.136944239629898,13.530355231787606,11.372380808782937,1.9142694624760903
652,1.1406608593327565,14.791970236096299,9.982166249154785,1.0756610379041753
653,1.138069756192162,14.75772189271925,11.862903942410517,2.7903084342883417
654,1.1406668036589205,12.572550703184973,11.599924163310838,1.1874158285173575
655,1.142897412186774,15.268418418088677,10.816059396503105,1.291553828146325
656,1.1455150022250138,14.991304195377518,10.633706386082464,1.8791166804744737
657,1.145892717389923,16.358453024487783,10.705882620579702,1.6707260713055598
658,1.1449684670117135,14.128061323941278,12.111663797268239,1.4563831152510358
659,1.1481847248729884,14.232608274360116,11.750879304492745,1.261660660040994
660,1.156018518821462,14.292164863613946,9.893511778584275,1.2520430035301984
661,1.1571619030528117,13.870420988437823,10.80747873846849,1.265223407573072
662,1.1756216030352258,13.739431250747998,10.422499110054835,1.5816271092363743
700,1.1772564560775411,15.258884981680193,9.707929784896978,2.786785119378851
701,1.1470243249628882,15.969201383019943,10.235060511498602,2.7028883506638923
702,1.1428317817739038,17.47734046751756,10.926727707014424,1.587754372285921
703,1.143256374358021,16.244737667745166,10.035660963066762,0.9859390468542385
704,1.1389634004000475,18.742053385770845,10.560063080368055,3.8893940197562937
705,1.1452658259779191,15.157057462933903,9.048375976730576,1.3720718827583456
706,1.1442408174540208,17.428926847733287,9.65503108437875,1.0301812103342172
707,1.1394513502534325,18.172733287949974,10.038428950421462,1.4304931559283933
708,1.1444421026679699,16.027220848629952,9.333900415773577,1.7267390129394797
709,1.1380385082786433,19.73112754880018,10.73149157527308,1.1596869887810042
710,1.1349890133860097,16.35904923712002,10.313768964253056,1.8509815296971945
711,1.1343467004107968,17.777352062999505,10.4628903578678,1.334309633056487
712,1.1366273917890353,17.00672504265715,9.923533491425196,1.1081971218203277
713,1.1331816589385655,17.67157351806835,10.933002025496043,1.3638817068196099
714,1.1307384411911945,19.968355159143687,10.788307568870444,1.728544143012388
715,1.1311544256549217,17.61973730217913,10.426484198497853,1.4973270310302667
716,1.1308720429479615,17.69618714189413,10.469207316711577,1.8565966512772034
717,1.1319579535813593,18.840141758744345,9.903810786463568,8.84237740074053
718,1.1317699400850743,16.957045541664453,10.170735806700229,1.49060026859339
719,1.130876988517474,18.813371023843867,10.509952983750937,3.0095346501208318
720,1.1299643769288534,17.678022193342137,10.508910633895308,1.9256801474785648
721,1.1279265954107935,16.64131333687531,10.446320240148106,1.944420259178374
722,1.1308917063354231,19.33502147840095,9.746164423091107,1.6824171149124163
723,1.1262195890435374,17.90912133421448,10.81774502127049,1.6114066444720088
724,1.1262103045497667,19.056885487589945,10.442203274217452,8.2453401642641
725,1.1270059320840138,19.863114193727096,10.77942507524983,4.020271206403007
726,1.1270968608699807,19.592057916275877,10.57955259876651,1.5017606806803654
727,1.1267272302597224,20.437864733203583,10.334799578640624,1.4641443457332335
728,1.126531845457947,18.42630668656669,10.520547638529756,1.5650589333395473
729,1.1227694520908278,19.83282457426104,10.254676498694593,2.7885500241281465
730,1.1225155117095544,19.230555606953263,11.087460860058465,1.4323747270874476
733,1.1192390754594608,16.53160683391368,10.326336221940927,5.102669116626192
734,1.1219071598280024,18.487585919225015,10.589537952439223,1.3290482389578666
735,1.1193215729590467,19.100774734693424,10.808299448723162,5.525981432719216
736,1.116779670352514,18.30408887713426,11.973314644833883,1.277033080572192
737,1.122148885504046,20.562789936393667,10.771851197482206,3.3377246539648517
738,1.1265729201709582,18.912793456382747,10.030422744329812,1.2572439494144572
739,1.1172528221473252,18.15473040243208,11.738784268207025,2.4544231916842976
740,1.1223135883738777,18.779272063032202,10.865033865947593,1.391358483397235
741,1.1223827424555821,18.583212015911975,11.636458455087288,1.5538959722925108
742,1.1221750676293563,17.7688660250877,10.860371831719933,1.6985461574840932
743,1.1227498472684891,19.219396550405612,10.656146894163248,1.8432427006457743
744,1.1260569168970163,17.739494262479223,10.777421883084925,1.1049180812554726
745,1.1206064097295985,19.820431990475647,10.44668479958883,5.771385317184036
746,1.123964623062184,19.89454003070218,11.420568268552984,1.3041166903065564
747,1.1286908465299927,18.64331461580791,10.42222230813448,1.4374258069239831
748,1.127227006916304,17.622843641622758,11.385908308347785,1.6029105232900287
749,1.127905400835395,18.435949096550484,10.975704609777889,1.7467411118515386
750,1.132164100535555,20.679815166156505,11.121379263379033,5.030785575238396
751,1.1303889674971035,16.831993191263738,11.357152135753987,1.3680429763466195
752,1.1333144740285133,17.608908803098167,10.077151261987115,0.7504967398936759
753,1.132411847426401,17.91963929526043,11.434776626706196,2.55032877199222
754,1.1339512670596001,15.99003503700971,11.387845909658294,1.350528238655136
755,1.1388089630179914,18.08538295954825,10.775744220217954,1.1130589435998957
756,1.140207195778714,17.737666340529756,10.271575552447834,1.4015293449439072
757,1.143959421137296,19.150950563760606,10.787107731640145,1.2663138564666756
758,1.139283755152195,17.334734198154827,12.230657313317936,1.5765404736122794
759,1.14268481857253,17.466558042672165,11.600212407604824,1.0356551915950414
760,1.150758079269364,17.482670668049884,9.63644632366424,1.2257878642845441
761,1.1498341532139047,17.063648001217278,10.564467939501988,1.1137416237161737
762,1.1555002111501602,16.17807073436713,10.499407007204493,1.6319947076673742
763,1.1748096351127637,19.093238828696467,10.729680241982932,1.8165263753941525
800,1.171108921728179,16.9150073351626,9.934637668970115,1.7058979782231458
801,1.146402498940394,17.413603944142938,10.443036761918098,1.601507335066861
802,1.1462823835915168,18.940101558904882,10.712683540558377,1.0568510415660606
803,1.14818362410886,17.452980246802337,10.025588470491778,0.9929364900949978
804,1.1430743670421697,19.883375279623866,10.859750671837634,4.997825041120146
805,1.1481378480546167,16.277520984970543,9.57936634560547,1.2023736092214639
806,1.146150485683446,18.704644359271114,10.203151267869668,1.1612090441611742
807,1.1407542821936718,19.591777983668983,10.374129989997346,1.0245556614378126
808,1.1477024935886768,17.293548844012733,9.966585357062863,2.3091898516554368
809,1.1422775943962025,20.76975151124115,11.152661812089487,1.4936360467228942
810,1.1406995705925334,17.548429619513264,10.595724745028425,1.8815266499568761
811,1.1374613204696162,19.242141395105197,10.814082725542143,1.1341837499732044
812,1.1380073640806454,18.578207512673014,10.274841892853797,0.8941809569036006
813,1.1373523160721462,18.73022829512711,11.298101710253128,0.8819429853187478
814,1.1334834834760246,21.357451345952832,10.71223577982465,2.121703623919818
815,1.1325236962399734,19.206093115441192,10.38552635482363,1.0080418198915009
816,1.1332130708942714,19.32271598283736,10.325970884651019,2.342405913014091
817,1.1368247074342297,20.047264297693324,10.238035569223156,7.1292061943401865
818,1.1364789174502912,18.43583686658279,10.212089107098931,1.2868525862564986
819,1.134224710159695,20.25583084937848,10.357180171109245,1.743911211254592
820,1.1338155356016422,19.22396455136706,10.373905703733135,2.21483719220512
821,1.1317546430342238,18.225656512494293,10.711606418327012,2.5125338834448967
822,1.1356035360887728,20.44597402122546,10.090540394087355,1.4553899053211121
823,1.1325724119428113,19.618778191608175,10.545788867649172,1.5174295142084695
824,1.128498202563003,20.58238562142084,10.71150507705626,8.44602782491275
825,1.1325547678674788,21.50738934699215,10.790366312458833,2.9090077678113264
826,1.1299789013620571,20.666224379483918,11.170036261145963,1.2404088861864082
827,1.1317177194480383,21.95799784988888,10.361223977758502,1.356697914032277
828,1.1298456219821988,19.701792492191437,10.835874660599346,1.020112410853829
829,1.128355068452846,21.038394902075037,11.196548012675837,3.6951324180753318
830,1.1314133087337679,20.371000023112728,10.939879991813946,1.5772311119669988
833,1.124071666225,18.02378681642535,10.574874009208798,4.420190629050915
834,1.1250936181787545,19.921821985807533,10.730058697385088,1.8113825024918304
835,1.123578577871576,20.3558624026776,11.370344029214838,5.104793558085432
836,1.1226373641460852,19.311182429139663,12.214602631309756,1.4916543059968936
837,1.1255088491065006,22.02074381309482,11.19723143769999,4.2960426275251775
838,1.1303672693122835,20.675278385426992,10.13714292334323,1.7166382388039059
839,1.123932235434429,19.66298429450068,11.543262376166862,2.7409041654513877
840,1.125017917325459,20.126340663500354,11.288860260687192,1.578631603112471
841,1.1263684097729039,20.272599353361667,11.627093496050172,1.3655366124411688
842,1.1274550095786304,18.91126218477484,10.709623435506472,2.028034088158324
843,1.1299451751049334,21.238262262543696,10.643434086007636,0.9401525617208503
844,1.1294890033181866,19.40839003715161,10.345082333278294,1.2319947132450157
845,1.1241498457057288,20.884179508630947,11.067409092030912,6.065897442947456
846,1.1317629757154555,21.339352590380873,11.192716405377567,1.2734218581698256
847,1.1303062320436317,20.324627679000123,10.81836976156173,1.4498183570631291
848,1.1311698228756606,19.417844313405556,11.356551381475873,1.909584366912253
849,1.1295783256031973,20.178938835440185,11.03662198983866,2.043878377200975
850,1.1346504903081185,21.734669912246098,11.290895939694238,5.948074787764593
851,1.134522341860033,18.192446552901735,11.637579352773516,1.1651290617246908
852,1.1376317501057494,19.111102375716545,10.125305673297277,1.462512964113349
853,1.1361217338877214,18.9675719899569,11.729898231450209,2.3632803385940466
854,1.1380970139513988,16.944326987644622,11.454312941750208,0.9094395582712418
855,1.1411095106856552,19.585456927109053,10.826987110668243,1.3967541459501265
856,1.1427094713292278,18.985011212260282,10.368717947097673,1.5356960499819823
857,1.1460944126336428,20.95543134160835,10.611367718851572,1.299336778264164
858,1.1423123807109916,18.666818631693197,12.350872498603719,1.6136151078311067
859,1.1466878088367987,18.9961972515647,11.61042336792223,1.3684436032336191
860,1.1514929614273703,19.067440850026312,10.004177043407685,1.6124204055943847
861,1.1531574706262628,18.327057865554647,10.962308634908384,1.5992839209359817
862,1.1551913931770574,17.626159327936875,10.470720815485702,1.0036770341519334
863,1.1647787335218103,21.396587742299072,11.129216275374127,1.2529193085930748
900,1.1652902826597396,16.27397132246388,9.5528351996093,1.4429048448013166
901,1.1427523158076802,16.64730378270469,10.41513005648722,2.428015105969921
902,1.1412039061984662,17.31416612178421,11.004541999114705,0.8712009903879526
903,1.1420252526802634,16.329741093969798,9.51183511666864,1.280285444150529
904,1.1362410829454581,18.644955670221286,10.546657373014035,3.6799139920935673
905,1.140855213925119,15.065726599197339,9.460661019640218,0.8921579967976371
906,1.141945764366198,17.428667880833018,9.54472447583115,0.9029447095559056
907,1.134409830846637,18.111635281477817,10.293868350141103,1.0317701292231474
908,1.1407331249135058,16.149541847856163,9.550928688575773,2.5142793262085164
909,1.1354696724534572,19.32883462830566,11.089453247207857,1.1567655559567842
910,1.1343931864279704,16.217452310432172,10.201236168417527,1.6976907516159843
911,1.1312733966672306,18.06318329277552,10.21339631789004,1.2698600716177462
912,1.1336059085879684,17.393073983054865,10.24625302705022,1.058482874228989
913,1.1317913345363577,17.33971959135147,10.750768254415682,1.4922464167991225
914,1.127135052720179,20.157079893338594,10.576066449143145,1.4477938982096181
915,1.127345891942853,18.164118680772013,10.182071422919623,1.003853104387757
916,1.128533069335675,18.201395690798996,9.88858150194225,2.222524361119603
917,1.1303242510234974,18.759578954191397,9.80641858410886,9.76217565043584
918,1.1273121793447654,17.287100544424646,10.138936296269225,1.3689161235394658
919,1.1291069065514918,19.007288899822168,10.217881390120999,2.3496524661390774
920,1.1281118192124577,18.181545227988256,9.932993066441485,2.216907460714057
921,1.1261198147178866,16.768443933401844,10.343080357363329,2.3507641222620865
922,1.1295238539088472,19.153413775185456,10.131782486510321,1.4711125694181808
923,1.127318863957963,18.20462194322261,10.603089947332636,1.0468452348785695
924,1.126135504931761,19.421495944841542,10.413593706175295,9.101118666260094
925,1.1248630578141916,20.183065681597977,10.649899323407539,2.5816347294763835
926,1.125122153540514,19.44809335854056,11.142107856071878,1.337217848720791
927,1.1249278761876975,20.61395189074829,10.5341872664112,1.2660307196640905
928,1.1235127845250554,18.482111040770334,10.63488089398455,0.9126267049897497
929,1.1219515981750192,19.939854104537915,10.514975224052716,4.702431396040476
930,1.1246358154382219,19.302691396946962,10.450426437889755,2.021221505758591
933,1.1185624328553185,16.66854360640537,10.241792617780233,5.340971593352754
934,1.1186034703535557,18.978549513430348,10.95363440055342,1.755532532944295
935,1.1182992103024356,19.13121710080224,11.23088771402814,4.705532574738857
936,1.1185749194620196,17.805083677860793,11.746824437260452,1.4265242437037309
937,1.1198243070903187,20.78157170889812,10.816694089937325,2.6341940346704424
938,1.1228725968521704,19.351530984138552,10.236279294698514,1.797465577027726
939,1.1175034600885052,18.17505027357355,11.7126824358282,3.2444662964236435
940,1.1198184766332204,18.87551586479948,11.061973211484558,1.531871794457553
941,1.11769203546948,19.076753346778133,11.36205512571271,1.546920171403801
942,1.1221629048604327,17.823548809753945,10.003681621250523,1.6028097332493543
943,1.1220909200883424,19.47769550566188,10.635630781415587,1.2538124464461236
944,1.1248585016930126,18.055684469943383,10.373233987052364,1.5354246972227068
945,1.1194352643093912,19.8162486446874,10.81951344535679,4.412246543754809
946,1.1210479662335404,20.143678895398473,11.49484362168597,1.0765869684004903
947,1.125481888479815,19.183817235292675,10.827225057974866,1.7621956397050331
948,1.1227117697709905,17.720087862321687,11.93722546635257,1.4923743392967674
949,1.1244550828203266,18.392385342985964,11.481951869388732,1.911116298739573
950,1.12807736168856,20.713951760408975,10.94741039174169,4.70787008759782
951,1.1287072318044253,16.839371802286347,10.99595694880971,2.779142367414504
952,1.1319216559132719,17.80156795758812,10.376072960809458,1.2702871261588466
953,1.131136999736843,17.762753518209525,11.432445345207093,2.841465190465269
954,1.132278299619727,15.351622936411198,11.906981262412616,1.559655423614498
955,1.1345906566481492,18.156792916345665,10.893480403260364,1.6280230626170722
956,1.1371062390942508,17.793640636600585,10.423956080418618,1.7989603207555196
957,1.1404201188884757,19.427116749444412,10.654824922341245,1.3568627198990995
958,1.1354974508781495,17.433720799332164,11.755359685004741,1.714517424703396
959,1.1378226499759339,17.51388394246242,11.709392349575733,1.437411349267636
960,1.1465457206295093,17.41507612241002,9.540184496128093,1.125059099649941
961,1.1451310772667977,17.303978088933054,11.24588881157294,1.7980227067430787
962,1.1483416378323208,16.652239776028548,10.870981452862855,1.551987563470391
963,1.1626442176205658,19.56463565526688,11.087915161092635,1.5327414453746933
1000,1.1642399777016357,16.53601254870157,9.520496669980972,1.8743119348395307
1001,1.1418227495353768,16.36269527910912,10.7464953207145,2.0072263124198093
1002,1.140462288320713,17.473400887533657,11.261178559776415,1.1615151668672918
1003,1.141246367242899,16.455582462547433,10.133269045890204,1.190446052199139
1004,1.1366588981130326,18.77449059002815,10.684124436666988,4.139356794520918
1005,1.1417061512389775,14.689383482066225,9.936448539522535,1.0741521179810356
1006,1.1403889240309775,17.537824023236634,10.18047892737724,1.1949479958690845
1007,1.1328363806727957,18.460330907144904,10.771910522120645,1.6138853763030738
1008,1.1404298184475665,15.995352827274635,9.807621524530592,2.2206198301619384
1009,1.1344278148580091,19.288699572998926,11.276215828938556,1.1217689547044596
1010,1.1326903863917532,16.534977948199845,10.652347019886466,1.9908819110127258
1011,1.1321975107748143,17.733724440748762,10.587401637125222,1.1706109996409169
1012,1.13254193542437,17.385696344311697,10.452943298409405,1.4221268480716005
1013,1.1311609781238334,17.415276614846206,11.178804630694554,1.2442629649634271
1014,1.1282938192003757,19.835019479424776,10.74660233208424,1.1483746109504591
1015,1.128721948430019,17.644604978085308,10.458678838401056,1.352294605972867
1016,1.1294178234168233,17.41741471863002,10.608422827353094,1.7572562743452138
1017,1.1305683389671932,18.705730898048284,10.143217572156177,5.276221139741765
1018,1.1285240327097175,17.526787978895804,10.383498438150678,0.801787567068596
1019,1.1293696967132427,18.913903636393783,10.489926341119261,1.6444796743115375
1020,1.1299924630213416,17.896592769086848,10.149041163084327,2.8741585241200354
1021,1.126355138244516,16.774918998112152,10.4764640853909,2.2823118439177463
1022,1.1298030251660696,18.848016751044618,10.053598647012215,1.235756989718189
1023,1.1292746065354877,18.174884846743975,10.32143960504145,1.7046210114838871
1024,1.1265966163450665,19.59072241425068,10.402407696428371,6.571851856541061
1025,1.1260217058135462,19.866924349239177,10.783639124350858,2.917323321275607
1026,1.1273646230216476,19.329007203573504,11.421814952980295,1.5405045723128126
1027,1.127395786914762,20.395550736159336,10.678454350280457,1.564198004378185
1028,1.1240224490239668,18.2112502503711,10.769517408581022,1.4615642388693255
1029,1.1229994722196661,19.472979729061336,10.367779957000424,4.5990851211407096
1030,1.1232655321802312,19.05621499575053,11.113667839549446,1.8516546493867823
1033,1.1189602261161662,16.656257727791395,10.28036103781199,3.139105315872537
1034,1.1198722769420033,18.132100771026575,11.002716081129522,1.7023885408573611
1035,1.1196818732214595,19.283918241722457,11.018738994217559,3.525666349182661
1036,1.1192054284621087,17.922775625712465,12.263351889930384,1.2928891321486717
1037,1.119561217037289,20.6813532601248,10.708005754543109,3.7711691357276496
1038,1.1237804254089165,19.522046817285098,9.814961478577173,1.6439922590050344
1039,1.1171652180393643,18.306292784048136,11.717325340685637,2.2572070795969372
1040,1.120515879413698,18.672813253175292,10.805106873758099,1.6620981403603778
1041,1.1211506383949592,18.866216800307203,11.657867208690877,1.840998756030318
1042,1.1193162639309833,18.036260613514614,10.282849710486666,2.5654502051942356
1043,1.1217381889561262,19.702230698639866,10.779334323099482,1.9260643200208183
1044,1.1249246821326429,17.99938097586676,10.975358853882694,1.4728086807387748
1045,1.119490477808488,19.57551477390631,11.220500465077691,4.769316135390528
1046,1.1220762633712764,20.212175916725098,11.542999610591279,1.3149942545568605
1047,1.125300700076238,19.02458235585038,10.73751383051702,1.3681295556451156
1048,1.122415450210168,17.679686890300808,11.578599886222827,1.9279341839918815
1049,1.1248639545624157,18.47174247007719,11.38448121962109,2.573159877546007
1050,1.1288466676298292,20.564904330485177,11.003356268517965,4.123180693496729
1051,1.1278346332780322,16.819341150739717,11.061636008894226,1.6330197513203182
1052,1.1324377687480143,17.459237854949727,9.89543722389854,1.3945081381229916
1053,1.131845638497303,17.586718330719165,11.586702583755978,3.240778204037157
1054,1.1289265938813013,15.97691435731939,11.85657250156564,1.7834204908298308
1055,1.1333294281518984,18.498813151938123,11.01186965276572,1.602770697433467
1056,1.1375695599417712,17.675842261548077,10.815607026967266,1.6629762166058293
1057,1.1380553958391522,19.435526626622405,10.918085059487685,1.381787205141625
1058,1.1361777805938047,17.16178045680783,12.155884675646195,1.3811157519014772
1059,1.1400333055042808,17.479929897255563,11.715628366327053,1.0171844374246195
1060,1.145194806096389,17.503636250789146,9.98466576017649,1.1207463919255825
1061,1.1434908585601327,17.220448438082965,11.007393522008552,1.503881161697958
1062,1.14176698410968,17.710654859527555,11.146122372471854,1.068448116622861
1063,1.1603034003734611,19.835210736942766,11.485341196466644,1.0810484019335622
1100,1.1649012948126032,17.743796841288113,9.97942214149713,2.000498761147204
1101,1.142716907138325,18.066915284586013,10.511558528197298,1.2990043939130123
1102,1.1410665410041512,19.312022707839574,10.78487187015335,1.6435803847048676
1103,1.1434048587180918,17.83132530251221,10.212605738413522,0.9397239057022281
1104,1.137760423021534,20.440674210281376,10.750533202158868,2.3482670061832716
1105,1.144235497586751,16.769134510239272,9.125306649636746,1.2074819659539417
1106,1.1415447293813168,19.14810162849082,9.932842472581,1.1373291944138428
1107,1.1369043521609536,19.63700273242491,10.460523288831602,0.7392472529051881
1108,1.1446218186964905,17.7454354850881,9.462421252699993,1.8935109508260577
1109,1.1359298417478527,21.033930907983247,11.01197652426521,1.0234939315091123
1110,1.134954513471545,17.922579493058983,10.94561668032969,1.7563829205032895
1111,1.1337586909113264,19.613905856496746,10.7643341323922,1.016745337225363
1112,1.1336113145793625,18.853074348850058,10.237045148171214,1.0327349757039395
1113,1.1322854361392058,19.197327812013768,10.804871044599338,1.431627994452314
1114,1.1297375545824395,22.05057172456485,10.703397439236166,1.1950092944964128
1115,1.1303746174518154,19.698788909150906,10.181330622361706,1.0618556214310857
1116,1.133622187309433,19.574759542982175,10.352655597364642,1.858479261532092
1117,1.1313588245814479,20.48279775635683,10.1648579195734,5.574068124545708
1118,1.1306650549504835,19.206745308204976,9.817881561020291,1.0999400086483107
1119,1.130971781000695,20.320136544045564,10.36242969903013,1.989995444276096
1120,1.1322146717736998,19.593102036022565,10.617014738647708,2.5703267973794137
1121,1.1300541265908204,18.417714187645494,10.619589867148019,2.1408568438389293
1122,1.1320694120825532,20.874247064995206,10.193200856202203,1.072227407161179
1123,1.1280583389385952,19.796681404070636,10.739883832067395,0.932078509120599
1124,1.1272097871686462,21.197832564381915,10.892472905889866,6.740741826661865
1125,1.1297460634839667,21.80768014696397,10.903244274021068,2.2416458851487677
1126,1.1297699566576163,20.999119351101374,10.730743573956165,1.2833893201046103
1127,1.130645328009044,22.20229739396603,10.511927408765043,1.0798217801719692
1128,1.1262349587085576,20.20354273340007,10.523200541621431,1.0347833390332695
1129,1.127847228979361,21.239257511577247,10.41521367221328,3.1630915691817343
1130,1.1279010361094965,20.746953687582266,10.724287950595382,1.4899682723512981
1133,1.1220047424701134,18.383275792589934,10.682569805967569,4.1825911100900415
1134,1.1226635069947521,20.131610779970934,11.121052511237005,1.0703066447948621
1135,1.1202944909185404,21.133008958115838,11.077055946071777,3.067175610441945
1136,1.1212589603218057,19.601109497769237,12.249490032035576,0.9237011478996672
1137,1.1234886842003442,21.996337917474424,10.958513767442685,2.706891678505993
1138,1.126857250179952,20.982032941005468,10.212867873811325,1.6673630838736246
1139,1.120369758275503,20.203507822084934,11.589342681215081,3.411168868509634
1140,1.12070082857577,20.28320620366837,11.31739527204794,1.4738787330823007
1141,1.122491897369858,20.426431645140106,11.423541523862074,1.6956184430676824
1142,1.1241451534394498,19.406881669581157,10.405210439270485,1.7014303624766958
1143,1.1245694703668907,21.154583486526015,10.986435500326984,1.220745693744731
1144,1.1269431461112636,19.604012487216504,10.590774611694053,0.9813057978893848
1145,1.1230719628929013,21.114089816121464,11.05507985194636,3.997892703477428
1146,1.1260696914122095,21.983720346885473,11.609672993751248,1.6784714844252622
1147,1.1293027716472694,20.267259702505196,11.022457915932652,1.396426360492829
1148,1.1268342969013068,19.318598806517656,11.52193949301358,1.4891031783487643
1149,1.1278288781878396,20.25303672099431,11.538907674722122,1.9882826842866115
1150,1.1305078039806027,22.118352111918167,11.236943302026715,3.813361991929043
1151,1.1298299402427316,18.517649783511576,11.148905940486172,1.7406537199161114
1152,1.1350104238292724,18.766895599456298,10.557578732986943,1.2936677908454308
1153,1.1346560989360719,19.209696622466968,11.368467027669,2.5926852335475687
1154,1.1334628580472115,16.906012463888857,11.65449262924206,1.007644089527102
1155,1.1351515321709829,20.126861797884022,10.894127159099384,1.5867290333800022
1156,1.1383767018083455,19.58239343340295,10.620281960191855,2.4373287149853757
1157,1.1406962879587068,21.06787652107332,10.740050116310423,2.2132783543231933
1158,1.1378959754930216,19.070214084399968,12.21286100784743,0.9931992286415054
1159,1.1402492591533542,19.001358269230202,11.87041516340172,1.056270624569782
1160,1.1473438063569164,19.089380734240024,9.707540933486193,1.2943813470046919
1161,1.1473951866172332,18.476613588300506,11.368461903024544,1.0616239325807215
1162,1.1484588314176374,18.55782247423027,10.943898664223486,1.385139059552709
1163,1.1613519407373514,21.389326711708442,11.375389785337632,0.837458425370866
1200,1.1641245969912106,14.604961805361883,10.134237642546386,2.565667954565041
1201,1.1427886950422856,13.934248727231365,10.867161510536368,2.67091788974717
1202,1.1399241883078786,15.65999699610278,11.41166451726255,1.7127568516725813
1203,1.141429715629516,14.088162498499296,9.998715536948898,0.9626971053351849
1204,1.1355066764550041,16.77640216996963,10.876756596364862,3.844922096026723
1205,1.1410434503257636,13.119096278489064,9.263171622171738,1.279489474695119
1206,1.1405903778759225,14.928753599042695,10.243515476083502,1.2728011388146445
1207,1.1353634727796833,16.171097888784313,10.478402040609359,1.6153961774104186
1208,1.1413259500201365,13.76021419518172,9.531180592128862,2.0336074951846466
1209,1.134257766874357,17.370507381805975,11.19465954141269,1.19047052887849
1210,1.135016195017898,14.2468986081064,10.370400204408405,1.959338087424111
1211,1.1316590900960737,15.618027999191701,10.849074690742814,1.050798934689732
1212,1.1340272912094447,15.259426775035282,10.17250003887633,1.3437297908345105
1213,1.1297543485515362,15.325906724464437,10.841025147483014,1.3247826226587638
1214,1.1300091308276878,17.64352193158953,10.624093974815867,1.4856233076187753
1215,1.1278079503507104,15.62874100133949,10.4822007203507,1.244609866833441
1216,1.1302204130251885,15.901932953720609,10.377185256602782,2.657808773839451
1217,1.1308965854466544,16.65334727975761,10.103649279325703,8.628539896566341
1218,1.1297922564917215,15.06287366352626,10.498653847935241,1.282102062161501
1219,1.1282279807272186,16.299550330390062,10.746039087576992,2.1238536984334595
1220,1.130299125565919,15.697173715739535,10.405435025701237,2.972191489937108
1221,1.1273478857346964,15.194324479752943,10.579322870098464,2.033995461402987
1222,1.1304644902673244,17.215164537331468,10.289063578745205,1.66452217291543
1223,1.1292561341083935,15.903629484805503,10.894163777961548,1.1139957520938757
1224,1.126967186556809,17.180019292149908,10.761505592079779,8.933925311580495
1225,1.1295683114523045,18.005925197848484,10.443967115698936,3.269206105332778
1226,1.127583909482136,17.378232318867394,11.05006265445677,1.657538812529913
1227,1.129419245643357,18.575381879035792,10.54118074483868,1.3059609928461748
1228,1.125382666486478,16.353923610544143,10.588141946983832,1.5518659653262512
1229,1.1260311625803627,17.696440790956895,10.69453689470408,4.228358723176236
1230,1.1238648572229553,17.107286228203048,10.924986864641651,1.8268719300843512
1233,1.1217237508017324,14.254362553740973,10.64359051396617,4.021885186296665
1234,1.1215721697393397,16.798692148271698,10.964947545382879,0.99920613714089
1235,1.1199679577774093,17.110757357284573,10.915492624162155,4.390338325608899
1236,1.1207335659371198,15.800982571649229,12.053224762136674,1.1745808018950805
1237,1.1236499842582874,17.929895580369077,10.820581840923944,3.6182537471500202
1238,1.1257521511597302,17.335321113574675,10.202079666422634,1.173120243782967
1239,1.1187569787275462,16.079095475330238,11.668145577669955,3.262680692449852
1240,1.1219047621847347,16.66119620515424,10.928934305830294,1.2460060492752059
1241,1.1218567520813578,17.04665401070678,11.49306724059756,1.8919703758922077
1242,1.1238794365284075,15.75115274955352,10.565308051164624,1.6670546367963837
1243,1.123370306207805,17.502087763058572,10.634191638030554,1.971587574279799
1244,1.125090370105611,15.869651785544324,10.514507575820877,1.671815062487698
1245,1.1222524844337491,17.366653985317072,10.875859884011867,6.427837009659283
1246,1.1242137052441448,17.648995097796316,11.74362642529309,1.505939521232995
1247,1.1261375461219878,16.548869814703085,10.732421592701684,1.7794913148210252
1248,1.1270994790270998,15.418336542084415,11.463662452587315,1.82994745788992
1249,1.1265629261205372,16.39233853223401,11.329215655244607,1.8669020554052438
1250,1.1302113666942983,18.490982933188207,10.863107802943428,5.950995457896978
1251,1.1312182375327107,14.585170581084636,10.913860320918223,1.76272173533632
1252,1.1322539693958924,15.565450979759218,10.079130110089642,1.0090562895133832
1253,1.1308441273521557,15.52121979864771,11.880414714506673,2.9709545121344987
1254,1.1307888907611672,13.815782476039248,11.67820814105179,1.299850290250448
1255,1.1340776194039166,16.144218709502844,11.41777261447959,1.2619831433512492
1256,1.1356138549116328,15.482595449961417,10.779559939695403,1.6956765082724385
1257,1.1384290166987296,17.470216883591263,10.925356813194325,1.4028456979383686
1258,1.1345719880351404,14.963528619560797,12.239877899622183,1.5849744727006605
1259,1.1388007180266595,15.219353279089717,12.099047083448507,1.679074176365453
1260,1.1442210087375098,15.32370241590295,10.032306230769699,1.5227564859133214
1261,1.1439045012471631,14.882439670961391,11.30220070287617,1.1594780079257898
1262,1.146323215008449,14.885221458646273,10.877126917220725,1.2979491901337326
1263,1.159129373230492,17.965244705260158,11.204590527663987,1.253181057023565
1300,1.1625072782670558,17.134768806320043,9.882819194910704,1.9441237094535668
1301,1.1413344483522896,17.125449105354345,10.645456165375595,1.958374235708715
1302,1.1406012155267298,18.085211392635824,11.049998216189914,1.1856197323360558
1303,1.1401778859617784,17.153227236470855,10.000647180523144,0.9635537756831173
1304,1.1366917471761946,19.04093729457725,10.713848382065716,3.991443034164603
1305,1.139077210341171,15.706382530604953,9.913174278058039,1.6348659073216867
1306,1.1407401454717814,18.102577067386463,10.065368776762872,1.1244201502630862
1307,1.1334198174619876,18.948586944110325,10.24771176957839,1.1734867260255453
1308,1.1407012602288265,16.650487819566326,9.682490789324955,2.085451804104252
1309,1.134715484169821,19.860981760555624,10.973264920368901,1.5848274912910387
1310,1.1311504515223636,17.333188236745517,10.841833231675166,1.6510465345145027
1311,1.1305444443920636,18.46495542741736,10.79790942786555,0.9763650404811623
1312,1.1331808975984194,17.805571262797045,10.373476511279033,1.056575897308785
1313,1.1312068203136583,18.40556570328889,10.837982280820102,0.8820723835338793
1314,1.1276862682139073,20.745773581918154,10.554104055834243,1.5635720752773927
1315,1.1282725598404642,18.48878973402868,10.327463454024693,1.177277741133509
1316,1.1273522586513185,18.556827672128843,10.384314629838094,2.2701351677380988
1317,1.1287493822674985,19.616610572419184,10.023865521803202,6.509714653454181
1318,1.1273744680046867,18.33500274824829,9.965236593451564,1.5110144587537775
1319,1.1265174157062936,19.300366609107932,10.896201463932412,2.1221525382313358
1320,1.1306518619380739,18.572006716095068,10.506655756885275,2.277332514766505
1321,1.1276740918197163,17.71123712967802,10.581491557345936,2.5027704758511753
1322,1.1323247448673128,20.006911499921834,10.014401116862377,1.3183885766485062
1323,1.126564462678043,19.124632814180885,10.820326802635945,1.4400633626488313
1324,1.1266477875472807,20.5001641223897,10.603080037025025,9.238829338054863
1325,1.1287561248456164,20.937810052749054,10.6802814211304,2.3897677893815144
1326,1.1276268877725475,20.22891016011501,11.04219894463742,1.4120771009751507
1327,1.1310087122221497,21.317291340795776,10.12754935665995,1.2657049322337028
1328,1.1250402304675942,19.203492359506217,10.795833961222764,1.3765088737306586
1329,1.1257783305130913,20.716722721382823,10.63986058124565,4.932976922934208
1330,1.1236229300969744,19.82709167991102,10.966820731073113,1.4907536651991677
1333,1.1208387202032326,17.137094763288655,10.681581351316073,4.856275673605509
1334,1.1209478445739716,19.09371584354609,11.048735193879144,1.6676605177625792
1335,1.1189913484617777,20.07722195380778,11.027014209628131,3.8304556318348824
1336,1.1191821967731623,18.67850851603105,12.168500559134865,1.565335463161635
1337,1.122352707697378,21.27081467100366,10.718554956263018,3.7823080672497924
1338,1.1271092845155275,19.651703561411566,10.354529018929208,1.0601571510838133
1339,1.1218168837654119,19.10602366657314,11.323052904013144,2.9578826440972046
1340,1.1211187740581825,19.269573385642683,11.076653734232046,1.3488036961751746
1341,1.1218795294863728,19.852685873942377,11.292905478569121,1.1466801877062027
1342,1.1211919920527909,18.5448704360371,10.575811129108414,1.364646127228266
1343,1.1230774214432473,20.17506983041938,11.166630906908821,1.1677784169563723
1344,1.1253126386040968,18.640854809956117,11.110802735723933,1.4464973089848685
1345,1.120790898162611,20.157243129133498,10.96182454649022,6.16914458965916
1346,1.1237058592325355,20.878729744112093,11.306680953077482,1.2994050423052181
1347,1.1265926835525037,19.47857256915373,10.869702443763543,1.38163641260896
1348,1.123510099339185,18.486775116834703,11.508445179016917,1.7529839360277781
1349,1.1268905469311008,19.1555148409865,11.019415032297788,1.3404771747255095
1350,1.1271106931601242,21.21757924280866,11.576405329390063,3.930880972665054
1351,1.1290005564032455,17.657923611551908,11.256619734773961,1.6204483266884762
1352,1.1316605153603663,18.30522108837444,10.25856939207443,1.4386205636607725
1353,1.1290178274604807,18.485108475119763,11.685375807931196,2.3216528614490954
1354,1.129270000588717,16.719381435852736,11.643558127553618,1.0982293874058247
1355,1.1314137906354527,18.941828554649852,11.125337510960941,0.9486576489154279
1356,1.134876209364071,18.484015683977827,10.688314215018838,2.0205987732668733
1357,1.1363050085145154,19.95013693782823,10.736772065190175,1.8822476970780895
1358,1.134934964775382,17.989359290092708,12.173030214571872,1.3546492141262534
1359,1.1378232151231362,17.999356249041902,11.629189285125225,1.289406333276181
1360,1.1423518417112228,18.091922918614323,10.206957676206603,1.9874927463387473
1361,1.1429844854151083,17.95918750647745,11.307376462063953,1.707502676941955
1362,1.1448129665624627,17.61422759382973,11.117249546732898,1.1541317708915597
1363,1.1597399198808418,20.816320669494736,12.044111980934197,0.8481095165814737
1400,1.1632816263901988,14.737860141309888,9.829611677615542,1.5721195028869002
1401,1.141837510078427,14.562989197035684,10.755238482455816,2.5194076404735903
1402,1.1405343361735734,15.620171315404766,11.18600879373292,1.3871567627513017
1403,1.1402598031856601,14.058848286333804,9.976401273015398,1.2142723838709424
1404,1.1355904844907863,16.429956239526582,10.621406907647751,4.690202255649705
1405,1.1397242808293844,13.083689981562951,9.568431499354253,1.0117763295671915
1406,1.1399854634402247,15.341064215203359,10.046976130039365,1.1461729898612882
1407,1.1350562277937029,16.108672079001725,10.75667907634817,1.246979247058169
1408,1.137359774127658,14.132186443728,10.092715953497276,2.4145014158113915
1409,1.1335970054502196,17.272515058249148,11.240572499606266,1.6087150619055477
1410,1.1321475912029177,14.595123249480956,10.471708417390357,2.694328799716611
1411,1.129206899520488,15.896918307492506,10.723323398846146,1.1326191152229699
1412,1.1306666102084586,15.417008811054105,10.377015424958932,1.2275179088960309
1413,1.1292500194608799,15.308995243909425,10.752614028681041,1.088120881832276
1414,1.1284320783108472,18.057693364658963,10.943600457818976,1.7648179359587906
1415,1.1300569619730862,15.933134248265855,10.253729634542667,1.4089444932581192
1416,1.1286483073778042,15.859936062151743,10.678754639968426,2.7551328642562876
1417,1.1296243325136146,16.96839011882666,9.938864305144715,6.857758590756276
1418,1.1286183973189305,15.437419893211596,10.580002999146556,1.424806696605525
1419,1.128013121093936,16.850799245006407,10.884331869693854,2.0457552283013962
1420,1.1302341858818534,16.194723430726,10.396988092330984,2.3474712745568387
1421,1.1279254024761447,14.936460172519885,10.686079600143021,2.090050143209878
1422,1.1327200648115052,17.091512370792056,9.81570468563912,1.0917922123641621
1423,1.1300966573881568,15.87332180351935,11.010631766225542,1.6414228096172097
1424,1.1254533766971897,17.2884415750859,10.66105013795299,9.519835879855778
1425,1.1291702387451639,18.283183986409377,10.71960163444524,4.444515117048724
1426,1.1268949590002744,17.6901880722686,10.761493534353866,1.4477083875827454
1427,1.129195639780544,18.742946339709096,10.364461865148897,1.0946971126291385
1428,1.1261505422970801,16.808484843711167,10.630742707473505,1.293131881099206
1429,1.1271284015774223,17.619481555405855,10.50240427757971,5.1461580034872965
1430,1.1262421324479719,17.406311024685905,10.93272939450128,1.3803954369484512
1433,1.1213144576917893,14.69740777437571,10.272671324300704,4.764158181034492
1434,1.1219885749230074,16.85270756355849,10.985195083670932,1.9128605346132836
1435,1.1203346612851708,17.543036391520655,10.98743617629098,4.844341363137433
1436,1.117707660609459,16.03189946813974,12.637703900737293,1.0450215800505822
1437,1.122127964920253,18.61608512299338,10.968810785996908,3.1665383165269714
1438,1.1258840321605257,17.58259190067704,9.853631278758407,1.3073349483346666
1439,1.1200509738045121,16.287835604209555,11.313366182075482,2.1257510874397045
1440,1.1212484017860227,17.110295874855904,11.308680586104684,0.9034290289056399
1441,1.1227813152357877,16.597905765255053,11.366268159185735,1.963343572037646
1442,1.121703900989113,15.909785723625,10.93663987764908,2.0165653696146335
1443,1.1228245227831917,17.497103078749785,10.941111206207243,1.403468752528985
1444,1.1254276982922442,16.083155563139194,10.869311368546576,1.5309586387607719
1445,1.1195312096353582,17.686086850947632,11.067306557034499,5.64821475014436
1446,1.1247252177406777,18.094985205702486,11.128878208857609,1.6497618477623601
1447,1.1260364195090962,16.945251328241472,10.901450374047624,1.5700041948301007
1448,1.124905100960257,15.587359435593182,11.046474213194706,1.2999853188702115
1449,1.1248729375128965,16.519141031094478,11.521673012364383,2.0631436673069183
1450,1.1255850882735137,18.898693175042617,11.633149217935674,4.001578707929181
1451,1.1287592285172752,14.716768786185705,11.397131683853782,1.77194833834999
1452,1.1327605423438996,15.289224264090851,10.512845332665318,1.1915033438321232
1453,1.1307748385098522,15.68499031322484,11.75860093584597,2.50131704368487
1454,1.1288627966512028,13.35108557459975,11.983700723319464,1.9251008013501527
1455,1.1341737943309576,15.937840158217469,10.79132675865818,1.2064353151491023
1456,1.1371499574926935,15.710365446047886,10.772503945083878,1.6858213952043792
1457,1.1386806446972768,17.38133967991264,10.611593960759462,1.6498558253526463
1458,1.133439708794745,15.234494680939223,12.583233334497933,1.6659345745040244
1459,1.1367963425373058,15.645440670267808,12.112141757022583,1.9825248647434162
1460,1.1434519738434423,15.560982288038202,9.807329442691339,1.8388272700971338
1461,1.1420256169175376,15.78446215837727,11.306586720685827,1.0280989983081077
1462,1.145537729345153,15.16709867368846,11.014559786853951,1.5651710935236138
1463,1.1577135300663426,18.519720258111473,11.941615477555999,1.4076892481999792
1500,1.1565374192227664,17.49945406915521,9.460422871644573,2.33850895659732
1501,1.1346720259756415,17.265384790067294,10.853978955100999,2.2358460125861015
1502,1.1319683349168221,18.664359211661605,11.509738552426697,1.571607449895741
1503,1.1321986784614357,17.18915555694732,9.841481171471676,1.341479630790713
1504,1.129041226238137,19.631768759264656,10.635961248570599,3.5290686605877686
1505,1.130616869587341,16.021640856299115,9.613339521158432,1.8785627064100061
1506,1.130333230762996,18.149811434593737,10.164518476843558,1.3551477398650154
1507,1.1268970423237796,19.054061274390644,10.881400683091224,1.1977481062838988
1508,1.13175864485925,17.124329924799024,9.603512534160341,2.5726967893767623
1509,1.1259173155760342,20.468954522916025,11.428128364679646,1.4606080405345245
1510,1.1249446606272808,17.43049128619981,10.729141742041465,1.907204153186659
1511,1.1215977333346376,18.972410911793602,10.682794810070499,1.209113569960927
1512,1.1241280892504972,18.30499615591215,10.46963937461889,1.2472270762817412
1513,1.1218097366486681,18.175908957439958,11.479071464637036,1.0624124703956694
1514,1.12117312824151,20.768458617890428,10.629056708134055,2.7977726042818705
1515,1.1197162728893761,18.75603151625528,10.295591481032318,1.2226778622944692
1516,1.1224631603472564,18.778669644793606,10.445882429855105,2.215693953293776
1517,1.1229759053569695,19.76602047509746,10.519025184373548,9.17105843756999
1518,1.1212177576298747,18.443461232060628,10.218483515416082,1.5509949820689148
1519,1.1226440133925086,19.691656104743643,10.577813467807314,2.2693099960121694
1520,1.12436528575385,18.792125538637936,10.669756213593432,2.1346976370197583
1521,1.119490279586297,17.65522936772853,11.084119050403435,2.1423769443711906
1522,1.1248891281725169,20.181164527759524,10.142886685257213,0.8992223635863927
1523,1.1231424365420888,19.206983445476702,10.748533766949254,1.769830141862306
1524,1.1189392584870876,20.540888444866855,10.532472418480607,8.17680315984468
1525,1.1208121972630882,20.72840658368493,11.052251284324319,4.883882445664033
1526,1.1229197522645098,20.380557818784766,10.60585312634626,1.18859711961129
1527,1.1237430498119767,21.537884351456277,10.153230259555029,1.4876513196675427
1528,1.1204164710572528,19.187508404702452,11.061279199260863,1.2926146680558204
1529,1.1206439755990931,21.007699969668323,11.008181863567811,4.2099805583063405
1530,1.118870346640533,20.248610102854492,10.569400675732632,1.8419894635595395
1533,1.1143469680645157,17.50776035975704,10.516516957972184,5.181520542478946
1534,1.1153252571302752,19.412172883988124,10.782289763277463,1.092373226366321
1535,1.1140419379889372,20.350902269206376,10.972660265292047,5.0828835035484765
1536,1.1138431897631729,19.071299374825987,12.257580237241521,1.590657395373505
1537,1.1159394369264268,21.694745891070994,10.909206633259805,4.208954420409061
1538,1.1199407682312312,19.98592053393941,10.286264132923023,1.6427072909112104
1539,1.112182703825869,19.6076702001163,11.441068614759775,3.3432374191726244
1540,1.113256027334434,19.902919437415115,11.288665825248088,1.5716689196729896
1541,1.11541241496234,19.952014211050745,11.415535212443475,1.676398814094347
1542,1.1168769247443693,18.783145995424622,10.679689432259536,1.9850144321006846
1543,1.118294973952372,20.768975511765536,10.6809585547113,1.2257964697873014
1544,1.118816975693935,18.56868655431946,11.016975831992557,1.160445546983063
1545,1.115285740647147,20.53617392488984,10.97294048723775,5.663304122467815
1546,1.1155634289230514,20.91132239966916,11.782675292083033,1.151370442957036
1547,1.1206167120806623,19.784072918483133,11.107983579964317,1.2206172582714583
1548,1.1170521256446144,19.01513131041139,11.361403801772925,1.8256130091645306
1549,1.1184752247427177,19.70350274833176,11.464486943037379,1.5218468230480906
1550,1.121281275371918,21.549407437545394,11.278454382901911,5.207418248642398
1551,1.121143257866153,17.82999782637748,11.587706495911942,1.7741310772682921
1552,1.121807652896357,18.662008202484028,10.399013531157092,1.2223803399348019
1553,1.1225785851040944,18.55289687418668,11.797364998793133,4.113163620105185
1554,1.1244216621235332,16.427523210343146,12.020641535500099,1.3366056793452126
1555,1.1263199420135968,18.8832278069321,11.218325297145125,1.4806185779974546
1556,1.128434819312296,18.899304928050928,11.01440212013527,2.0773499603324073
1557,1.1288888507207304,20.642740670842546,10.69623477816457,1.1103338286705817
1558,1.1277541642245683,18.053238769844686,12.818965293190777,1.6050897964990982
1559,1.1315156503999892,18.491348015766473,12.212865080726537,1.9248078497026333
1560,1.1355946824205767,18.61694865010347,10.019245026480537,1.139099271912005
1561,1.1306460069128357,19.216428756762586,11.642267053940067,1.4067332846187892
1562,1.1386237437834543,17.836181112642905,10.709787993764401,1.2256884054818473
1563,1.1525803506669867,21.290117636386185,11.525523726133295,0.9476031131871119
1600,1.1585995034112597,19.182278932768174,9.819016294494824,1.4857034437118715
1601,1.1385622483216509,18.959635883939033,11.061173989305384,1.7198273666188175
1602,1.1368408963608256,20.08588206564343,11.097655557274017,1.4060576294414926
1603,1.1387523225237628,18.758575685297103,10.05598791549262,1.1186904306846968
1604,1.1327423200198736,21.084832904434172,11.271152609454493,4.090607693050902
1605,1.1370757222062822,17.700263407138504,9.524338455956356,1.3604138022876333
1606,1.1354698192666284,19.827447803282606,10.522993294089684,1.0991775827089023
1607,1.131209878742009,21.003522327868197,10.381564190684225,1.0947708965081606
1608,1.1375453427058673,18.742653117376967,9.759841350920793,2.2395086839809637
1609,1.1324093392919437,22.07971360590868,11.429979957018979,1.2376681065288626
1610,1.1300942323222358,19.192087026945494,10.645273613679683,2.3899350655985057
1611,1.1278400141262008,20.241545074804733,10.649605435896069,1.0012282932233831
1612,1.1291219863170192,20.316222451163554,10.645640375904037,1.3258866276056769
1613,1.1294708716074353,20.273080580525047,11.336576586477394,1.2508679797107964
1614,1.1286254039965897,22.202032689538907,10.523660120563811,1.5664509959195154
1615,1.125993132633902,20.595761408693342,10.197677647406744,1.1813692024177505
1616,1.1277965236519456,20.642166124996933,10.619089276663653,2.3057003340863815
1617,1.1286971093222533,21.517371359090543,9.99632427272353,6.460071985951887
1618,1.1288079032834475,20.19979984758904,10.022504841126292,1.3531090742760692
1619,1.129639336262029,21.443447904334242,10.558461621917688,1.7527431463202177
1620,1.1301015777135923,20.714419625086414,10.50743175733439,2.1309801805118367
1621,1.126594573762695,19.781165309336846,10.744860743265942,1.8472829783873763
1622,1.1311336078145051,21.97905384305582,9.896229244588111,1.3013047452448803
1623,1.1300563249383415,20.918090451180518,11.05791438047418,1.5294718633502287
1624,1.1274818514345486,22.026664197719036,10.63547878951746,6.8997670325581115
1625,1.129850945148915,22.69977018511131,10.593303295792094,2.8947012002312067
1626,1.1291891690592004,22.108715278605796,11.043885589438418,1.4557681448582989
1627,1.1290769418687787,23.199319930126425,10.503337231020842,1.6846432484261875
1628,1.1260698696803753,21.408792843847547,10.873399470933476,1.4526293141096152
1629,1.126262995043955,22.70592604414917,10.409221986319722,3.4996913386909045
1630,1.1255826091238719,21.759692646734468,11.15721793919477,1.690033560567367
1633,1.1218586257685252,19.573730047766233,10.19609347003717,4.686356345081439
1634,1.1213998354783052,21.73386409792179,10.80974113354686,1.3735210016340533
1635,1.1207667795961056,21.882395047221458,11.08749951237218,5.181083547471018
1636,1.1202967347433541,20.525305240362332,12.587973293224492,1.6250541402210752
1637,1.1229460952510288,23.05356760381342,11.189850390363043,4.056546057880165
1638,1.127684733625729,21.90303798270455,10.127567684009636,1.4849925332106497
1639,1.118859855599931,21.223136277211296,11.308780401068306,2.607835243052729
1640,1.1226588458547717,21.795189859129156,11.17467937847612,1.4270378803381856
1641,1.1218805646673708,21.85114971804558,11.465635581968478,1.4606088515186109
1642,1.123618228073079,20.43994035497932,10.43184841394106,2.2595164570117023
1643,1.1250164258480757,22.372019602381457,10.75983376703637,1.846325063871606
1644,1.12454568597345,20.59838703260675,10.854790889283334,1.1110311668359802
1645,1.1214130603939076,22.37264639539444,10.99158274020826,6.723959231158305
1646,1.1245512499022137,22.751051526512274,11.587311688394418,1.3961277884403025
1647,1.1271517919839174,21.62858878664621,11.087888024197706,1.959866476868615
1648,1.124469594284071,20.452576186212642,11.770021732855914,1.592904693020081
1649,1.126442746856039,21.557502753930425,11.070774062136586,2.2438175006191514
1650,1.1282550311164874,23.350631927121896,11.051522451322251,4.426465057069969
1651,1.1268154409407307,19.363533281112172,11.381409453600028,1.404222439913256
1652,1.1325586479628647,20.160528995513104,10.286763332050896,1.0178811196611388
1653,1.1290843122433538,20.562565307497007,11.845629063228847,3.3731133116015446
1654,1.1291212052741975,18.293411469374,12.20812019463445,1.4806977447394905
1655,1.1325475637162576,20.5486736094492,11.37209702944567,1.31878873556339
1656,1.1340169946054661,20.557782702381537,10.847198192499272,1.5117331738491155
1657,1.1367768391735795,22.137267522053662,10.925193366374199,1.4477863282637666
1658,1.131026930875955,19.552463669032672,12.623909246213257,1.7360766396428233
1659,1.1376190604942165,20.099726837172536,11.774560342300475,1.5540580666578225
1660,1.1436809631517244,20.17244164358165,10.009267379182868,2.009136671796286
1661,1.1367042364393138,21.27201637320782,11.203945933620375,1.9937863058368936
1662,1.139375838051176,20.489888906365934,10.883755642324578,0.9787493368336796
1663,1.1555475377788316,23.119904993663816,11.591577147962298,1.1182951527027676
1700,1.1663478630741826,15.772237865047302,9.660573422837484,2.903498455780904
1701,1.146313618956456,15.950613046639731,10.674342214326373,2.1842155343170266
1702,1.1467245757400697,17.459251704908215,10.708887699004322,2.061931234181221
1703,1.1488539431998266,16.04426074027361,10.057948237374543,1.0885419292801188
1704,1.1423560072099617,18.488130110869758,11.148977891010098,5.782308632667292
1705,1.1466929017356065,15.219379866813696,9.468085990436823,1.47241211743324
1706,1.1462502757873934,17.426834487875155,9.839525928973632,1.7457371671538853
1707,1.1386001861679724,18.568615369453276,10.585051413158709,1.3781363534376272
1708,1.1463149248127864,15.851323177919987,10.366287942441126,3.1961015757909697
1709,1.1402564133584652,19.343421993515026,11.089497949121489,1.614668489101966
1710,1.139569879541054,16.26089146458352,11.160522942425095,2.5254913763697497
1711,1.1375433976222271,17.945868155832333,10.733753493824343,1.8178538115694878
1712,1.1395272842457917,17.393853267063605,10.5394047657963,1.6869523578523644
1713,1.1399768921175597,17.21450209569249,11.393723501620444,1.2398347859640164
1714,1.1383802041762547,20.147096374425278,10.374615069639376,1.8211729110029962
1715,1.135098278775107,17.882479525543864,10.681322049945615,1.147753167507848
1716,1.1378841114972296,18.11260884958023,10.585402536557877,3.18792012690803
1717,1.1397235206718874,18.804381856884977,10.24970905912778,9.195765099691165
1718,1.1365066023979504,17.55864012368552,10.42659525435202,1.8761164986930468
1719,1.1383074116866851,18.96044382574611,10.948326483216906,2.6476636622208503
1720,1.1394084571477183,18.132136644483868,10.483809771520082,3.6162694240159494
1721,1.136707792744372,16.994212998390665,10.572410484167502,2.0948290197432082
1722,1.1406048454094506,19.481064254527674,10.215467310190094,1.5529288306534292
1723,1.1393133331233591,18.065389572753578,10.832850408861447,1.3283317439822886
1724,1.1370774662241752,19.414070078826022,10.612036512159058,10.560983218640471
1725,1.1376902635743185,20.48196929009736,10.841610249168557,4.40712315846657
1726,1.1386777181000733,19.462298829098764,11.023587730659502,1.4796788794270401
1727,1.1382206741507646,20.52476212270558,10.314274766220102,1.6193468038269834
1728,1.135799240853389,18.739946292878287,10.521978658600343,1.3482459482611868
1729,1.1352186073247554,20.07882535270673,10.53260000988399,6.497087686685314
1730,1.1344500409553995,19.26137407561319,11.156770283775954,1.9542618847074045
1733,1.1311043590332435,16.50238758734119,10.431253592477463,7.477058529395094
1734,1.1322956275579477,18.48277129497141,11.129842248465279,1.6557865880700284
1735,1.1301398512828147,19.323759020202992,11.140124023061894,6.619361883036169
1736,1.1308945842649138,18.214390553992303,12.369930869864685,1.5528523089275947
1737,1.131777832869556,20.530417704815466,11.309178943993787,5.209894825241087
1738,1.1357507630588708,19.384268158913297,9.976719512088529,1.5136584588641304
1739,1.1290161921497561,18.493842177824316,11.413177287120378,3.265051965615993
1740,1.1306854871821126,18.889406653396943,11.323132372959208,2.2263104443176824
1741,1.131392470097332,18.873013983959044,11.574819616568975,2.05799683095839
1742,1.1334000027103897,17.541203634988985,10.597663842620351,2.5381584337641985
1743,1.1347119467386615,19.48348649167698,10.93345250921347,2.080348984382954
1744,1.136041815992055,17.835430458246314,10.858640299317381,1.6479126199737677
1745,1.1281796663744972,19.48811196516546,11.00617703502121,6.982499186192076
1746,1.1345176969291493,20.189209413719365,11.382728959058028,1.343878771750848
1747,1.136136773986974,18.798062902510804,10.632126632885843,1.7964146919012756
1748,1.1338162572220298,17.943656337881347,11.555216254047219,1.817310948713515
1749,1.1343860235387124,18.488266298989153,11.672726144691268,2.265306034935527
1750,1.1352055282585454,20.757090783506758,11.438697908735678,5.0403902478758535
1751,1.1374003814397948,16.734092253063253,11.24996117244985,2.42871251269773
1752,1.1390201702384322,17.446271212390226,10.407363014417665,1.5433879963758712
1753,1.1363477676202545,17.60979243049494,11.710214383191529,4.4782362151810435
1754,1.1401819779596056,15.92233448737289,11.988351516459844,1.6632136287733805
1755,1.1402276565256786,18.222116214015042,11.103130574019707,1.5972481782206447
1756,1.1414348619133121,17.691818964133383,10.735511027934145,2.4258447671652994
1757,1.1458394997382968,19.581971835349474,10.74264789783069,1.5234714080401763
1758,1.141838745988589,17.488325570163557,12.329918730967,1.6226530040435092
1759,1.1468640389953515,17.39184924924333,11.958780533833785,2.1255295881839675
1760,1.1519343946241989,17.013165130199102,10.133987022673466,1.6812894706278636
1761,1.1450786264334816,18.861383951974094,11.268492612423064,1.2251054440554265
1762,1.1490067307564036,17.681271914883794,11.29033850798007,1.7034218159873522
1763,1.1635144612660204,19.538813445389415,11.383058136682768,1.5342920346912827
1800,1.1658311146422926,12.476538269811416,9.81812067695451,2.6367277383956442
1801,1.1446146260189383,12.919319081293674,10.20990852762733,3.648650510004284
1802,1.1447126206112446,14.168460162305651,10.498940467085204,1.9681510724761764
1803,1.142913393486326,12.759027530226899,10.052821843809953,1.7766015694940647
1804,1.140246689587081,15.430195809518066,10.689219805705807,5.43334991632008
1805,1.1440749699670003,11.81572527666577,9.555503173916714,1.1089773957157172
1806,1.1430220248787177,14.216498739096288,10.638836646545215,1.8352102191807684
1807,1.1371613572289276,14.889480552364507,10.587972056175662,1.3131685922709633
1808,1.1442336198709229,12.790403324177008,9.77975321736071,1.9052991811824898
1809,1.1396635100104222,16.089829276608757,11.11473789978295,1.323639777937777
1810,1.1367757806219467,13.246792174477266,11.025537807608877,3.617176593804299
1811,1.136781802638882,14.547001180752458,10.771169952773272,1.5577373805863244
1812,1.1369707340818365,14.065266981880098,10.676581893666794,1.400839596642098
1813,1.1367507005496238,13.978781578546055,11.449256802020422,1.0555581123226963
1814,1.1349349886073543,16.84812494599837,10.426403082472621,3.0075471306846464
1815,1.1347050971828632,14.492190565534099,10.688295501581514,1.731917472409403
1816,1.1364206144167588,14.835477098241514,10.167510546695649,4.121027660044495
1817,1.1359465763813452,15.463240296621114,10.256408575471719,6.97543741339572
1818,1.135750370464312,14.164067887706649,10.15786530984361,1.168900893492962
1819,1.1362420792787447,15.71138974419217,10.67839479791069,2.650060829830529
1820,1.1380331096323342,14.530848402811431,10.513215898866266,3.645139034451986
1821,1.1370254839430656,13.642867558425019,10.67064027919351,2.717177021463267
1822,1.139615760531637,16.03883714896753,10.176059523116404,1.729448010880683
1823,1.136093097535563,15.002539155066891,10.72041363939576,1.2991010810505614
1824,1.131808677984365,16.075218945476866,11.024340387536908,9.219616825455352
1825,1.1350846506330365,16.941323769852417,10.93828297372143,5.014256841299594
1826,1.136647725952529,16.404353415883236,10.630898470571884,1.2332659353555437
1827,1.1375628465050323,17.33445514301151,10.244439314797763,1.608449548151586
1828,1.1349088068964155,15.07354689061789,10.382966193581735,1.5494830344029886
1829,1.134312846609021,16.816432814539063,10.364094846556412,4.240649632076039
1830,1.1363083700545755,15.73085541889423,10.754246593177546,1.5850021721866618
1833,1.130007365863684,13.194494235848836,10.959001682573772,5.685818591337799
1834,1.1309285894726842,15.328390075653095,11.039448751221443,1.76575458631194
1835,1.1313459654589657,16.048712776326497,11.361790650214697,4.613339430685569
1836,1.1291078651450226,14.944157090239726,12.130393854775544,1.7798025866856244
1837,1.1321248853642416,17.3663571688371,10.908211521718156,4.615188196381245
1838,1.1351598773839484,16.168955683301174,10.212549865843515,1.6425137754959496
1839,1.1272632923625088,14.96544840466867,11.624329794885147,3.5460370248194057
1840,1.1295031615449806,15.770087769285707,11.235119554107875,2.1728117751227067
1841,1.1319432252327168,15.278459488758102,11.442503537142825,1.5254005562071806
1842,1.1281351389036736,14.536841081784322,10.734026543777556,3.0200770003950703
1843,1.1319392148267264,16.409880945531444,10.69242046997427,1.4924847756340196
1844,1.1332206507162998,14.811835278528534,10.723347075273244,1.70616528496593
1845,1.12873302888717,16.301638848616136,10.580383737377034,6.893694542168031
1846,1.1314470342156826,16.670496235793482,11.439371278719522,1.6484366582144265
1847,1.1360635756241968,15.471603618810958,10.692855948785784,1.9000955736965726
1848,1.1319986359510839,14.493525192968402,11.810576027305736,2.0327750726201375
1849,1.1328277559563797,15.196209294119749,11.32223851428515,2.131270820027377
1850,1.1337365183470185,17.552349520195932,11.52748102262511,5.269834442541995
1851,1.135075446856662,13.439049187961544,11.615297963154076,1.8741359755121005
1852,1.1375315971316589,14.489290992502832,10.511761228191496,1.685465044706163
1853,1.1336601818832972,14.760819942034667,11.657182493982425,2.5756120509444957
1854,1.135375769213303,12.077521567908729,12.059595967863158,1.6053433947248295
1855,1.137880925625756,15.023998217626989,10.962018316969225,1.329207140525958
1856,1.14004506102846,14.69979455697373,10.557347832949658,1.7640089306226356
1857,1.1427543381095093,16.23734647151513,10.858406579983816,1.5261221731503283
1858,1.1386532756930308,14.099054729423026,12.460743099926779,1.862745043601198
1859,1.1440184533479776,13.88289513160676,11.977691307767829,1.5576713682463534
1860,1.1515033995502826,14.087375044759108,9.933539848321665,1.7148589534071246
1861,1.1455443503627896,15.219571508198786,11.488748383293538,1.2897435943532283
1862,1.1468737450369944,14.1435767106185,10.878801881931615,1.662956741529314
1863,1.1606230599378993,16.519421899395166,11.518886993212131,0.8523745183604474
1900,1.1572651174788817,18.4235171871855,9.570218038728965,2.200292832975287
1901,1.1353418927395849,18.607318454452503,10.919389343086761,1.4979072019750501
1902,1.1326409567499909,19.197453437810196,11.615192716127781,1.5528161962207014
1903,1.1335325858285434,17.780663540063323,10.216836402750257,1.3488899536935706
1904,1.1304647002849966,20.188675797191667,10.658749768204117,4.615812301999516
1905,1.1323750887937754,17.08478783304528,9.849031440661546,1.2909389415234864
1906,1.1294247022623791,19.208513450715902,10.425297700485626,1.189406152668533
1907,1.1261639916396904,20.000409423262518,10.553458956499579,0.8637265111520178
1908,1.1317493713130409,17.806794873236587,9.828101177467017,2.8625925355079094
1909,1.1295987151739246,21.017877942834335,11.382225106612314,1.4906406912647294
1910,1.127050514866945,18.01385079960117,10.695446261608437,2.130740541700713
1911,1.1246982003459016,19.641629445933987,10.986560132699461,1.1084402809032305
1912,1.127052775425186,19.07901157585025,10.386967301094378,1.0987719501598536
1913,1.1272872958390407,18.85609885786723,10.990721616005958,1.3596276826807778
1914,1.1238987804404756,21.60467386346492,10.626920340558488,1.7556419237270489
1915,1.1233559140825315,19.5310379966636,10.55645346661661,1.8454472559769803
1916,1.1253990757801395,19.893241362085465,10.416756569562425,2.962042998015365
1917,1.1270095382057443,20.376614906727355,10.41305295060801,9.060901057458986
1918,1.125975464243048,19.106878544836594,10.231752063928608,1.5085764265463772
1919,1.123690514677283,20.65959640797368,10.808052574061715,2.5094273891573073
1920,1.1268084219104162,20.083547774849464,10.512880835880004,2.758799555008417
1921,1.124235172161714,18.510095421639647,10.937081583157775,2.3356078477998
1922,1.1294794741086862,21.137191781178682,10.43762112021559,1.933695384533697
1923,1.1268205503850004,20.09409516721556,10.89838950862912,1.0603224535805222
1924,1.1241692560525767,21.085573399146558,10.689645469874465,8.123934287170584
1925,1.126033363794172,22.138657673984028,10.464966903760242,2.9929549381104885
1926,1.1269889720468809,21.709157651850596,11.09369561757221,1.324436867259545
1927,1.1274032462277923,22.24326515434877,10.342930716574797,1.067561931883656
1928,1.1244365567423789,20.345099351360393,10.741617551216011,1.8461968387339724
1929,1.1240533732743208,22.13265819619188,10.842452304926375,4.216688257806655
1930,1.122837879721877,21.296894246647764,11.050093038775636,1.53446301691666
1933,1.1198092903996733,18.45202252375248,10.48079887644361,4.323630450627225
1934,1.1200358819209837,20.53233031607374,11.113890668261678,1.5317907149757184
1935,1.1176627278961948,21.25537331929934,11.297032687773651,5.023678009919385
1936,1.1169166277238625,20.258280976958375,11.990910163130625,1.6176480345583084
1937,1.1212748174587253,22.627657531095124,11.434445709407518,3.9648350513252324
1938,1.1255727918875562,21.12701599356197,9.805049580127312,1.9926956289592113
1939,1.1150199994051222,20.549643925722318,11.54202988054984,2.4616627188928524
1940,1.1190987904946206,20.836605508113998,10.691095710659898,1.517417803333018
1941,1.1194609520007521,21.065643279156458,11.660991014545214,1.2873069207466816
1942,1.1222889008316408,19.320263096464725,10.54121651135966,1.6565397708438256
1943,1.1211644547743433,21.591938100425992,10.873382838256,1.7335918784353523
1944,1.1227755434629858,19.576293484552618,11.357592187706757,1.1988493163034015
1945,1.11920057707606,21.383293170892014,10.989173110236104,5.367210390863863
1946,1.1222874617301934,22.04448143588577,11.83147873710517,1.7724408364859174
1947,1.1236257596921584,21.068442967622534,10.597700560887594,1.4971242631800437
1948,1.1215659384719134,19.759805536670378,11.493021259952492,1.5934817640636025
1949,1.1221780157195778,20.57601830300625,11.056472569036591,2.9476662647546674
1950,1.1234291844348987,22.218835426292564,11.506978738421711,3.973498634228471
1951,1.1232628511450693,18.61746439766205,11.29768842475503,2.236776139493663
1952,1.1274802072094972,19.499830943879246,10.369432619342309,1.201823540365042
1953,1.1249071242432314,19.682011777088377,12.037912312113207,3.733544039335056
1954,1.1266439835848958,17.772560193633634,11.928152741755193,1.8593212438002553
1955,1.127213010351593,20.128959222289296,11.090834180485958,1.6982937962894504
1956,1.1286018512924667,19.569046152672907,10.88615741477145,2.208689001718611
1957,1.1318939178578977,21.444351271284436,11.273322776276155,2.011145041555592
1958,1.1268271551174665,19.061043346474815,12.722054993522747,1.258067783766192
1959,1.1319551970739747,18.894419063724495,11.989762380658401,1.4864991008279638
1960,1.1368929898482347,19.504550174574746,10.090399065642519,1.4748450176947068
1961,1.1392054237011187,19.03042155543491,11.46051329780054,1.2076673868564616
1962,1.1375999624573796,19.11446378593561,11.10048871894958,1.634601646328473
1963,1.1519052670766532,22.2048592745812,11.760388070508471,0.8968278012134929
2000,1.161938245207911,16.506613471189233,9.36481629874976,1.5848265356903513
2001,1.1401449331703364,16.561184198139266,10.820980871911209,3.1426984906202318
2002,1.139751988189146,17.7331267775489,11.230622475302686,2.6976402910454484
2003,1.1406526274708564,16.65970032947995,10.304228792146654,2.017704938100958
2004,1.1365891092776417,19.227010990008054,10.881532461791906,4.035009786963757
2005,1.1402490870548887,15.188939998158183,10.007814012710233,1.3901718621138888
2006,1.139773741501658,17.85377548061879,9.862430516398492,1.5817686242159448
2007,1.135964535231332,18.304740292823897,10.487761287392155,1.381730374077202
2008,1.140663209950129,16.44138130482747,10.034624945459838,2.8032970270504323
2009,1.1360363889006742,19.694086225102815,11.262098874486407,1.6896065490346053
2010,1.1338394302259687,16.82785246947033,11.11299247835249,2.271493760827378
2011,1.1350619072505723,18.073832251465035,10.594506209070067,1.5553967520240648
2012,1.13341676862859,17.634793238063253,10.737714681124277,1.3105428213031023
2013,1.1325977128620681,17.694898147864865,11.524670728733698,1.3163294273670634
2014,1.1311866631683487,20.290325570098428,10.58499988495051,2.2627214750386706
2015,1.1321779172521718,18.101206444465003,10.823007171686385,1.0366031587810636
2016,1.1339410159527583,18.492412023744038,10.508491113053907,2.8454136634251856
2017,1.1359670349113755,19.189230657645226,10.512464204716096,9.307728929551397
2018,1.1346919080267979,17.82929313970228,9.98511083728281,1.1792033151003503
2019,1.1327706215987832,19.326543286059035,10.85815464957274,2.4628795354291135
2020,1.1348901695491194,18.60126241822326,10.209686578536713,3.465126422421848
2021,1.1320187845789973,17.61879852883172,10.676536875438686,2.5093933027118913
2022,1.1377176164683624,19.49932849303963,10.663113995745396,1.7227288702931416
2023,1.1361995432197125,18.35297156718181,10.661464866704636,1.4734256155168994
2024,1.1326208304529604,19.70059033634065,10.702311142585465,10.337750901775681
2025,1.132054175064851,20.60945475615185,11.364113522626234,4.227144300099338
2026,1.1337354371464246,20.274817546683437,10.920284958805878,1.4719121377555187
2027,1.1359366826796609,21.102170070778563,10.551551151183629,1.664383611423894
2028,1.1330692116787386,18.928943240982854,11.170165109293293,1.6612367883001498
2029,1.1312691367924184,20.63838468309495,10.405204308035445,4.135125096907209
2030,1.131370312505092,19.83354322054119,10.861512818005046,1.8158401753774558
2033,1.1274831704766697,17.40332067782415,10.465926763687962,4.462884624041254
2034,1.1286712141988193,19.145594469942807,11.379608581410187,1.6113214443243327
2035,1.1282034275647561,19.950030903483288,11.212097227060728,7.263894052040988
2036,1.126828560575842,18.879495083814327,12.281569871077709,1.8521088894760742
2037,1.1304072316561566,20.97582245009836,11.011207430433489,4.883043015808414
2038,1.1334983610251441,19.621736911636994,10.393303081438345,1.98050989194072
2039,1.1255330402251786,18.84709218329583,12.11541446651489,3.722223251490649
2040,1.1266707499244293,19.471112336706575,11.407229716664801,1.4706754628239307
2041,1.1280170220431804,19.241449932445718,11.633363742026518,1.8089270483098099
2042,1.1287489556072001,18.244624155205525,10.567473245834423,2.241312913464944
2043,1.1295788042727084,20.032620381484474,10.813696371748103,1.6327806917804588
2044,1.131276663011668,18.32560007471446,10.936044431524405,1.7844007343957407
2045,1.1272595468765145,20.11160444693162,10.924120077371898,6.128766393682824
2046,1.1297691524782236,20.389685950481375,11.570409660547373,1.9122668175596464
2047,1.1319073939399467,19.267538170504025,10.66132087759944,2.3373289110907427
2048,1.1281380618455186,18.23923886318664,11.764562865935678,2.0079051363264147
2049,1.1302179605644482,18.79553034005413,11.781191116979327,2.4591700675321837
2050,1.1320371866166308,21.180431912778754,11.358417375012422,5.975479779437095
2051,1.1316422418601204,17.299143730261584,11.424868848400054,1.4229039400927999
2052,1.1344683548981203,17.985642391327897,10.746076390832119,1.5652993612008106
2053,1.1329477876134837,18.43750676452761,11.872549950840162,3.1363120943279186
2054,1.1323411204055913,15.94298534020677,11.803887662100182,1.6544807346966275
2055,1.1345869404830244,18.75728241490471,11.662783295108895,1.551916126801007
2056,1.1384314115766716,18.323400282189166,10.890453333665876,2.6533179231355084
2057,1.1393247000418443,19.960687318514257,10.963949761064985,1.6451585869105454
2058,1.1361879314918975,17.146174107464226,12.98418859271198,1.6569442592800485
2059,1.141090032360981,17.626728501261347,11.919466088587049,1.4016405397804907
2060,1.1441712387596115,17.9936101485842,10.008267222827381,1.7407606077430324
2061,1.14431042450885,17.291675032200764,11.3865056188299,1.406795750334101
2062,1.1454477736653728,16.907091770491018,11.010650613065039,1.4946277668536103
2063,1.1582299533064824,19.895933240236438,11.68707217118464,1.1792378819024523
2100,1.1573729136364515,18.819291731245777,9.583466113818806,2.2185425070049787
2101,1.1373698406467199,18.649907742918955,10.582894568926147,3.132936310203711
2102,1.1373305202682684,20.125545210133563,10.796837286618347,1.3610626195841093
2103,1.1390098828668023,18.800996231441037,10.061954938595022,1.2062566421090641
2104,1.1320436774555551,21.113614903667223,10.757929597818151,5.110047697160677
2105,1.139339613804741,17.640506093852395,9.621082357197645,1.6214395479973438
2106,1.1385104302731541,20.03663305968183,9.967377666961461,2.150833061680285
2107,1.131028709746609,21.031944644446938,10.415988429122937,1.040252860102861
2108,1.1387886777072005,18.80735382060273,9.571598370311232,2.9415167565000058
2109,1.134036720342914,22.160801506199327,10.876408649199623,1.2942561238881494
2110,1.1332955734907766,18.8249972428494,10.919440983166783,1.6749716297217991
2111,1.1305515506607942,20.684303957382806,10.697380638834495,1.22560199473215
2112,1.1330967135202576,20.245646155639108,10.302617397550794,1.7852055597980028
2113,1.132667433378301,19.96138385321069,11.310604055234691,1.3118193202518018
2114,1.129996520841719,22.398572960358052,10.794190675338879,2.266736546141952
2115,1.1303577190835192,20.59702186296354,10.584466974396609,1.294284209451768
2116,1.131679229875079,20.900197440530306,10.541206951798573,3.0808494931488
2117,1.1323772600201754,21.678935910225338,10.162211293327884,7.3414410290289025
2118,1.1318622431154222,20.455819252884183,10.262684289422337,1.4316167536098023
2119,1.1317424378330494,21.942376919209735,10.823939637810824,2.767069832412311
2120,1.1343366199275777,20.634554807139743,10.6356435041456,2.518145835122825
2121,1.1311906674757073,19.722511793244287,10.96539809069747,2.6858985617755784
2122,1.1380311882842216,21.803072321510523,10.308957924496218,1.1790253199717353
2123,1.13327759684858,20.79030716474054,10.662225799844784,1.2489374322190048
2124,1.130250101814867,22.3696425789086,10.504528637624492,13.264772836767689
2125,1.1322830914928992,22.707109818402785,11.093864684763496,5.20833344162284
2126,1.1325898070141518,22.59150161043233,10.656015521754107,1.0615560505510275
2127,1.1325016595712012,23.396449862357482,10.7201660719384,1.3292780560236745
2128,1.1326895073783234,21.379259493070492,10.621340602619341,1.3619832456839573
2129,1.1306955305209796,22.95776257600309,10.693224844853672,3.929699618228899
2130,1.1309118305666486,21.98923969766955,11.175026246187235,1.6761858790588766
2133,1.1255601884914286,19.59693924337314,10.314322605378178,2.8863588297581413
2134,1.1269877323628277,21.494096106148138,11.25372556349569,1.5437119026103636
2135,1.1265079525456771,22.311547793450206,11.120489558597692,4.8263638000822535
2136,1.1236141577144703,21.129752608637247,12.309215648042295,1.8642625009023928
2137,1.1287550710652672,23.33157415314757,11.57038658789797,4.328966933661649
2138,1.1324102855478992,22.22599476748634,10.08610526176974,1.1980131767373146
2139,1.1247159705189738,21.5022329273906,11.484366047432934,3.6828788324325585
2140,1.1266063963379174,21.91141050562116,11.145628155624841,1.7999941360153624
2141,1.1277677917606859,21.71862982811687,11.21134013987932,1.6001189639865725
2142,1.128942778805345,20.391071482150547,10.931335077377279,1.8096260141912142
2143,1.1275351453570803,22.21106376516278,11.192348810803978,1.6155449916864717
2144,1.1280124713337847,20.654805270136315,11.001309214771155,1.5430547895347975
2145,1.125089028119101,22.588130096341434,10.760799851955207,7.010125208405274
2146,1.1298368696282264,22.831062438569177,11.525924201970973,2.243175467595272
2147,1.1301184072035264,21.660296310602337,10.772492938797228,2.041098820724896
2148,1.1270357262926356,20.423262122194245,11.582312976017198,2.201440593178538
2149,1.1291056158523405,21.18845168215522,11.465020997525913,2.5208561964548357
2150,1.131305917722349,23.45244630330623,11.40454986754823,4.798191003057109
2151,1.132216976660909,19.658720706255046,11.361783294186303,1.8075156589275596
2152,1.133291254225858,20.209977961186965,10.56716183214546,1.7326378921071595
2153,1.1312718181531367,20.72416857348735,11.674591674664226,3.7458055164316275
2154,1.1330947482207891,18.118690488925324,11.815391911720509,1.835132650161753
2155,1.1347841116263802,20.842401367891107,11.246275777544493,1.4387908484229928
2156,1.1350571711691955,20.642239316489245,10.8127594268772,1.9198717694213816
2157,1.1377973205565604,22.003999993104514,10.924058109017842,1.344634712179555
2158,1.1341711853856182,19.712695644604313,12.416062160285291,1.51296492551886
2159,1.14022930526395,19.664590804910844,12.041037236896337,1.633079522161216
2160,1.1403247360845974,20.38811685015808,10.423286428745376,1.9764511477568205
2161,1.1414548230985369,19.488658255162456,11.661717632434685,1.3765344086778533
2162,1.1427667855198833,18.856541163026428,11.147748371904648,1.2878567430808625
2163,1.1540487102731904,22.46698053028754,11.636550800222807,1.2139907645461783
2200,1.1618211104473992,19.517507909126117,9.096521451744453,2.386480102568742
2201,1.1388292947091143,19.410535993954834,10.907232066502242,2.828169375017921
2202,1.1376072122981509,20.808605143841394,11.011578535373733,1.4632437906942606
2203,1.1393750604921746,19.736346985594217,9.981173076879363,1.1935970816228212
2204,1.1349876375339611,22.338025996021653,11.131489486720406,4.826634574000887
2205,1.1374942230327911,18.807312053994327,9.620122851797323,1.4349572779547495
2206,1.1384025756176543,20.937019121744846,10.009164471429541,1.5503833412231542
2207,1.1337400951354124,21.608500299822346,10.437579621206556,1.6922536966163606
2208,1.1403034165441372,19.859340842689434,9.663773374003611,3.270969881967634
2209,1.133563219911822,23.52075762945576,10.988726323707736,1.603678185384939
2210,1.1325864408806998,19.99813615359686,10.802952412480407,2.1296034070951353
2211,1.132649081406437,21.081727421881805,10.718759352956479,1.6572486143972085
2212,1.133666277836016,20.667250938463233,10.620646734284593,1.2560991088813485
2213,1.1311204357286146,20.711477016381284,11.516355359600572,1.291131017151331
2214,1.1284786479650224,23.5258324707439,11.008809780488043,2.4931331029703734
2215,1.131011108142982,21.349672627632216,10.627337210250502,1.4478259710466657
2216,1.133396867476819,21.47737779205645,10.697750859570288,3.279933326899863
2217,1.1323992208511338,22.721193140350387,10.344968258847267,8.0626851136523
2218,1.1333765808240372,21.069637729525784,10.13728958805855,1.2424432069459201
2219,1.132496131356134,22.71829611227966,10.814111884475764,2.0628172721764257
2220,1.1344602342657897,21.5199746912886,10.36279090654499,2.2463302680837853
2221,1.1323183542546982,20.5446405916086,10.504574764334578,2.4268494772813196
2222,1.13572689693421,22.709727417957232,10.400707757305522,1.5569105699226364
2223,1.1341922710643755,22.00852383398167,11.014504150077848,1.9992851265238103
2224,1.1337075791707638,22.90833982188173,10.745699093242989,11.417012723159747
2225,1.1341661136411005,23.92938441051747,10.645248755168677,4.522375153564889
2226,1.135555439812687,23.12793485752493,10.654242244884918,1.4613963438669075
2227,1.135915403135472,24.547899305150402,10.565663542141957,1.048025455549511
2228,1.1338285932337424,21.976577172432798,10.905503766077102,1.709487863998736
2229,1.131014465083878,23.723005092131807,10.50439733756268,5.075503497049607
2230,1.1324922166865339,22.85388525800826,10.72769049383391,1.4692442417396152
2233,1.127792851122085,20.3526900378328,10.383063013191238,4.641904143723046
2234,1.1278011379666588,22.490951577518057,11.132382512084911,1.1857892658417335
2235,1.1288520661310681,22.74696180653237,11.472951339300197,5.68015391056551
2236,1.12712243016553,21.975346761085202,12.463079392258502,1.204616260415776
2237,1.1300398771504714,24.49810986932213,11.227526985128844,3.539796798093768
2238,1.1341205948138489,23.144186583470393,9.685901863335252,1.6408323917448486
2239,1.125452190179139,22.0930768299581,11.675307364099393,3.3486447620375235
2240,1.1276681908543433,22.6764199105762,11.157486130243743,1.1113421514667974
2241,1.127939874910744,22.430922648066602,11.677357948191695,1.4219610656271982
2242,1.1288447220213054,21.260830120486066,10.804543416687785,1.9464236591605426
2243,1.1295458490662673,23.226027485174367,11.2154669386906,2.0778372250316153
2244,1.1300548804141415,21.31937442930756,11.049916626250768,0.9290142243626901
2245,1.1266492471668481,23.337528926039752,11.078814400298311,6.902695952891368
2246,1.1289534002010795,23.514518576593268,11.464892818611382,1.419657730973071
2247,1.1313336643904464,22.703811476582263,10.595721721428296,2.242689199284716
2248,1.128034649602339,21.630184733072227,11.358279881773042,1.9496646742126562
2249,1.1305370926903842,22.384419613058594,11.381789671005015,2.033732034522181
2250,1.131165953032385,24.455067087629594,11.462177798821845,4.135750198517413
2251,1.1311138968551133,20.341236526140367,11.225428772828884,2.2457566041264747
2252,1.1326413130738235,21.14488201467629,10.46605188928517,1.600810049706418
2253,1.1302746462924536,21.543399292531443,11.963349232244635,3.963278239381426
2254,1.1329166482158812,19.30244266566873,11.673648940115156,1.7161306999749366
2255,1.1329366506722085,21.865327960957128,11.143520331785476,1.9928243643460184
2256,1.1371100568627166,21.178131363217343,11.028628695291847,1.5882210544861237
2257,1.1379864838492306,23.00211817429764,10.822309142318066,1.4308209331593371
2258,1.1360442398143067,20.88100984211954,12.427153529156133,1.8301578175899997
2259,1.1400726727428963,20.63623925950299,11.843358077068158,1.3348933579065547
2260,1.1405163874516344,21.546385893519115,9.978272170151456,1.9555798150398118
2261,1.1428555421262554,20.498923665417568,11.272805920618389,1.4629492509325113
2262,1.1436423269435565,20.2384436266162,10.778544934865081,1.7562574665412565
2263,1.1577079982874658,23.3453284637674,11.746287253812502,1.3422232504312361
2300,1.1549332357914897,18.582459227756395,9.358939115597062,1.8403869450600587
2301,1.1328737892579934,18.224534118635205,10.872395761081647,2.7943019124545287
2302,1.1299038041872034,19.360927254624762,11.179132721923402,1.7522050957425355
2303,1.1318786271216703,18.04001315580966,10.113422961153482,1.3136006010023795
2304,1.127346612820878,20.491971227759148,11.01112147677544,4.7528530026482745
2305,1.1328835642450048,16.940023897318497,9.733531191975363,1.6954479737525185
2306,1.1329733947524214,19.42308769502561,10.00099936094246,1.524352591871945
2307,1.1267906187112202,19.99068674684049,10.558162693135818,1.3412358526528645
2308,1.130660879043545,17.799103918392134,10.134772293638836,2.614213042237884
2309,1.1265964917943023,21.809159602691874,11.271562470767062,1.044495910679112
2310,1.1259183188135773,18.214498071925977,10.808994509691102,1.7330893267858412
2311,1.1247292055574485,19.799299642880523,10.831695554644938,1.6891507459308055
2312,1.1265909614105811,19.437228223829816,10.327312065801417,1.2772989831663673
2313,1.126049099053612,19.211205697420834,10.822659957674047,1.3671492568169143
2314,1.1221848971310957,22.30405071986749,11.003566530420281,2.320976525933747
2315,1.1239087399286063,19.669462495879444,10.443932779635464,0.9799364516441259
2316,1.1269466683398024,19.618184153717166,10.773617810183026,2.2147290011507397
2317,1.1275413176664568,20.837801340050422,10.629074913708957,7.3829968830249255
2318,1.127116893835601,19.55642123401722,9.990896694183736,1.3292431266144562
2319,1.12622282031198,21.130880464417643,10.464686905840956,2.8423138070896647
2320,1.1288657626681682,20.165076359957812,10.099186535926643,2.41338751693229
2321,1.126028992908118,19.05887142885266,10.360942654519615,2.2528714633684657
2322,1.1298757628894258,21.42378341598466,10.061379515445987,1.4133045696756894
2323,1.1289116947131035,20.285573097986198,10.917946914195436,1.42731078821429
2324,1.1272688646334514,21.422167279459995,10.671701418334342,11.52892219720906
2325,1.1287841964445633,22.266166068624873,10.682952072484966,3.7708185693696574
2326,1.1279446629455705,21.706074632581082,10.937896427455064,1.4097257159059535
2327,1.1289173244207589,22.73251027893651,10.372792147726472,1.1596696639991997
2328,1.1244626002133398,20.82246877784676,10.888057685862597,1.2790768940748152
2329,1.1249852295155593,22.242330014836398,10.729607643013999,3.9537708198558343
2330,1.1273410050926729,21.4643181062396,10.650080350758971,1.1234936978538939
2333,1.1211555902355714,18.810325360920288,10.458244342617162,4.761022603082328
2334,1.121206499661528,20.60523547613178,11.402367729130448,1.722758048557416
2335,1.1212986807435643,21.368075600106952,11.55679041186863,4.9910302433477165
2336,1.1196120076914093,20.420179896331412,12.593311730647951,1.5889269323153843
2337,1.1217454417418846,23.14661784501627,11.102015569892641,3.143560112994154
2338,1.1284814493881599,21.23075506088705,10.246352007082871,1.3239472941675152
2339,1.1184027642137244,20.454365630953404,11.575242512466568,3.707482763098094
2340,1.1220189493123498,20.98540717572269,11.407932410890501,2.099385632998818
2341,1.122673731018549,21.20640944842923,11.517868951773076,1.322840185602228
2342,1.1204079499836392,20.212872416343334,10.514957568904306,1.4678420774328669
2343,1.1237054130920021,21.64972057632594,10.543870744685877,1.5001755602563378
2344,1.1246164724358862,20.059017470207877,11.171008177607279,1.4339136336724352
2345,1.118252445456716,21.863496838807237,10.81385251286175,7.038980927769361
2346,1.124033255730142,22.16851095024675,11.717039277655598,1.3259880672760247
2347,1.1268369829279574,21.06698372016224,10.517765461887883,1.3929528074370776
2348,1.1222312880648668,20.091337717220167,11.354643306763663,2.14398253064924
2349,1.1238841512430786,20.410709632377742,11.433254972673865,1.9875420484747977
2350,1.1230502456800548,22.9477221249583,11.861387496133474,4.6943666945855735
2351,1.122717308296782,19.15007693253364,11.284580112371701,2.982805005949752
2352,1.1270561477453864,19.5191775767292,10.693955272039242,1.9977266396293833
2353,1.125017976534981,19.771933086823495,11.666960354823319,2.561402514704086
2354,1.1241090827776785,17.74699872489211,11.930837906174249,1.2266928474833505
2355,1.128331806678884,20.063868784710213,11.282010106745195,1.3556444915252408
2356,1.129148967896838,19.605501498277537,10.948118717918627,1.5156158375274373
2357,1.13340942962405,21.600469548082224,10.744446631524402,1.4770247287562108
2358,1.1280531327472645,19.000758749121474,12.456092600316184,1.5171668949352115
2359,1.1322434676748403,19.257601304645117,11.98918946178718,1.6972022955175312
2360,1.1314675458955152,20.096665416328374,9.934530169810415,1.8876074758618717
2361,1.1354211209560754,19.052657917720335,11.26756458150895,1.6415871630491539
2362,1.1375916946163118,18.39707186441976,10.825149638555427,1.2441161403438623
2363,1.15033897658224,22.010542059436375,11.7131185274677,1.4852291531665778
2400,1.1576031442785413,19.315188702141974,9.77179235495345,1.9715396931987488
2401,1.1381856328515596,19.21012719577975,10.527564940456006,3.4302627631291163
2402,1.1351777783589925,20.28247537637571,10.823179936044692,1.6632491196827452
2403,1.136617306129457,19.1465569194903,10.031144514430324,1.6291916272064038
2404,1.1301539046085782,21.477060205641187,10.748467313506525,6.221337378966276
2405,1.1375588985299092,17.97195627486008,9.385936390065993,1.384139242645245
2406,1.1353525104448057,20.312963301645603,9.609032956859753,1.9466875793998217
2407,1.1296392001196516,21.359146926268487,10.177817005634022,1.3255067292172888
2408,1.1375774166714852,18.701368583476846,9.951167441998928,2.401836870487899
2409,1.1310095360141925,22.409582069827508,10.983739894077626,1.0482926168259077
2410,1.1301763833161644,19.37241360246698,10.467970545036902,1.9759650478371633
2411,1.1277019608687895,20.55819282168161,10.788237211716083,1.5219134700320223
2412,1.1303486488898187,20.243689161157434,10.442055066904365,1.1063904364149297
2413,1.1287247067971498,20.097445077251948,10.945395526727104,1.44553494968731
2414,1.1285966717939035,22.694386962061603,10.422083154707451,3.2468696281274094
2415,1.1270889231672323,20.773622489181427,10.559553416203213,1.3764225998770725
2416,1.1290346228245831,20.91810562764255,10.567580328118908,2.8758872403270686
2417,1.131841112181375,21.64261899911217,10.24875689669375,7.784094948513342
2418,1.129495436819879,20.517544124020063,10.17506257947442,1.829639471659394
2419,1.1301834312568844,21.905105231575792,10.81308138410211,2.9942059267958263
2420,1.1326449606219902,21.037417370120945,10.276512782668663,3.252465732301888
2421,1.1289827858599066,20.013693662120513,10.570319460511143,1.9088939661048627
2422,1.1348561065807046,22.012773905575646,9.90465808425987,1.6847664522611963
2423,1.1326787002860341,20.906548398419766,10.770103574623043,1.4054999843719416
2424,1.1301464277174598,22.535760385581906,10.466919356875215,9.426782144327156
2425,1.1318604411126405,23.10421592402747,10.775509600067924,3.019924854596116
2426,1.1336447775432175,22.56290955440107,10.343520783032998,1.1273617718371032
2427,1.1337898233564097,23.48595204431921,10.743518673340713,2.017536819225972
2428,1.1304929785809976,21.235425246667326,10.693155409353897,0.7693888296647929
2429,1.1309096816963828,22.74440563638519,10.476325872107335,4.154887721948749
2430,1.1320471445659395,22.24032875501123,10.538789860255037,1.8728462231846374
2433,1.1256378514258456,20.0894650854541,10.56744262775713,3.7405058999642518
2434,1.1254679474531253,21.85561975392687,10.659857986314563,1.5248911385715584
2435,1.125860754259014,22.40205503283068,10.879082054803384,5.556411235142941
2436,1.12424470885613,21.19072494363946,12.498692800819518,1.1995117500823111
2437,1.1274771597067366,23.669607378100014,11.029148823858666,3.94705522445492
2438,1.1317696167720785,22.46377039049679,9.943091340402487,1.0901266924038215
2439,1.1229279029235486,21.517170777577785,11.774654772184531,3.4007216249451053
2440,1.124547962615814,21.875907075109332,10.988218988044794,1.6353534125661475
2441,1.1247012258560425,22.1605732747796,11.319139209664623,1.8648557508412305
2442,1.126756475143151,20.91690845567925,10.520492576616157,2.0148656865406007
2443,1.1285415522902809,22.37344219541417,10.761209204266667,1.6235252409905354
2444,1.1269709830095833,20.960188548784007,10.858878517218892,1.1228530085189625
2445,1.1250664532547168,22.490401419205636,11.080656028689146,6.61287049479984
2446,1.126740138302181,23.058069312305307,11.466533167874234,1.8346507323209753
2447,1.1283824837575176,21.98663235953896,10.730678966527938,1.8515567338002978
2448,1.1276504269757284,20.979155097155093,11.61252533279994,1.7120180460584213
2449,1.1281070203195371,21.379863658222487,11.43652155232579,1.755907698475494
2450,1.130223540857003,23.446427138729284,11.486896989243736,6.333501014068511
2451,1.1287385999819912,19.736059717706564,11.398884554656982,2.5357487074666545
2452,1.1273629895185917,20.765240142952276,10.663816766061649,1.396349929557252
2453,1.1281749580506863,20.56728551815689,11.637446203563286,3.4856871342129105
2454,1.1305207929498733,18.643612683337565,11.570193954830007,1.7265257148069675
2455,1.1311548946622387,20.85756555099369,10.985420141550568,1.7277381989135885
2456,1.1314709439440638,20.681073643798182,10.666634012308213,1.6052889133765662
2457,1.1362200784468734,22.052791550167047,10.627369929253751,1.5750142295544842
2458,1.1319992938969026,19.819026996254216,12.29800873595549,1.5488486213586106
2459,1.1327880948665576,20.27413494381326,11.874647990994115,1.4630640213543167
2460,1.1379992602537414,20.442996484267187,10.227967381557823,2.367833887773398
2461,1.1389084584767108,19.91574762759836,11.215868278928033,1.3317433679253547
2462,1.1417352223310662,19.38622683728898,10.990927311799316,2.08056345314176
2463,1.1571636825959537,22.673980752108793,11.570005851460524,1.019126547044135
2500,1.1589136645115112,15.597488628759644,10.091980309842898,2.8042743851398817
2501,1.1344924731538768,15.675329845006587,10.970466680937571,2.1685379178646436
2502,1.1342239823123967,16.790215359571675,11.508304546361705,1.9507158546266383
2503,1.135479026308682,15.004029439305588,10.39367089060608,1.4713237938928705
2504,1.1295412267435974,17.66736181498286,10.623546725926499,5.173713064035383
2505,1.1343064132003613,14.01247590511965,9.62533892550864,1.2918667398733095
2506,1.133612297902863,16.481059733228868,10.004723865543252,1.2844824597014075
2507,1.1317103128542276,17.075614977511297,10.381144780885473,1.4309059014540841
2508,1.1335125366606236,14.76585705223131,10.005439180077202,1.8553229807052485
2509,1.1289204392525993,18.159656372199525,11.080426751866174,1.8579510074212875
2510,1.1271078280226008,15.513581475614707,10.965059811828235,1.6633168349493894
2511,1.1259414265372085,16.892863963267537,10.826315662345596,1.609402982672188
2512,1.1263465894689393,16.384523747469327,10.632885913076406,1.4520136344065533
2513,1.1273909785983498,16.239935772103603,11.212029386940255,1.2359102763513752
2514,1.1242228792196314,19.150405148633062,10.694216187447102,2.3399622165921192
2515,1.1262685238346442,16.841424689912987,10.464377903228737,1.3285931940606908
2516,1.1281859281920323,16.7461805648152,10.73905692986779,2.2906192771187173
2517,1.1301262374165204,17.54173613680776,10.838340501482891,8.350855859628812
2518,1.1279210225812981,16.29333080774557,10.355190133074899,1.3028985697976223
2519,1.1267397287377556,18.004486618322744,10.805076447136194,2.3110625156185964
2520,1.1298320412500922,17.210267597578163,10.280299612816822,2.3682828011296486
2521,1.1286495387563327,16.15726427242125,10.67230029820918,1.8367820751298851
2522,1.1324795758535429,18.338279027292632,10.084266393090289,1.5085073071046342
2523,1.1310390038153797,17.074392429144236,10.836548070459683,1.5933411960136399
2524,1.1292174146338383,18.464855045829978,11.013366708596585,9.003819859502727
2525,1.1302693879550345,19.40822602786079,10.976561422130178,2.9072576345538703
2526,1.1299591830213318,18.837218373684795,10.982357390211916,1.3812031151699586
2527,1.1327039868384823,19.733543863270796,10.615253008147295,1.5600098098695603
2528,1.1301284523277657,17.604629775630556,10.5364961884206,1.2950922898109571
2529,1.1280117252529107,19.009740193331325,10.702875234827493,3.928308692400414
2530,1.1287832024718794,18.216551041686248,11.121540324718842,1.2160131810152388
2533,1.124472351941725,15.826402779595774,10.531596754325493,3.1220113034624823
2534,1.1244903960610861,17.821723153842196,11.290600016189392,1.9825559201098888
2535,1.123786481334433,18.416118927868386,11.270002126313711,3.786275092083356
2536,1.121007845152157,17.57259855675569,12.585661944705747,0.921104047170371
2537,1.1248614300989683,19.607115383365258,11.268308065668435,2.313122824782564
2538,1.1284179361577802,18.48573651231899,10.725612483789575,1.7663385130255238
2539,1.1215608275452291,17.29457916316368,11.721647448347142,3.3147554773847663
2540,1.1212083557661479,18.207711208454832,11.325203446297953,1.3485487835680017
2541,1.1257931098882028,17.844139793887308,11.354664413584914,1.5542136360129333
2542,1.125172856046685,16.74476075323435,10.967705141164464,1.8141160276563446
2543,1.124494963914232,18.773907957472165,10.973473972475126,1.2689999099345157
2544,1.1250297419969122,17.09624159260727,10.976300087636814,1.3592089168777546
2545,1.1218153211434614,18.908033543190026,11.260472320423276,5.341651904155622
2546,1.1246215550506449,18.97274253926922,11.673439787346997,1.5686620691025386
2547,1.1265144374805778,17.856233398155783,10.64416412719041,2.073415375484373
2548,1.1243334116852797,17.210885144771538,11.557213470372341,1.8578565738092438
2549,1.1264021751336366,17.780209577022543,11.079635779386852,3.05922112709881
2550,1.127455030256576,20.01727925070609,11.51446698359177,5.397946002960396
2551,1.1275544717165908,16.026384081897792,11.165875235709048,1.7901412784765312
2552,1.1291650643406228,16.644095681588734,10.694272707164009,1.3331510980107804
2553,1.1278182011865665,16.72837445813595,11.746998003109468,2.5335082627894283
2554,1.1273563725698479,14.471315930033473,12.059616824768636,1.2818237365263059
2555,1.1281421889239054,17.245477998952655,11.282833088578538,1.3713484451589044
2556,1.1314766741091598,16.75097391466656,11.127074174557885,1.8819609819244014
2557,1.1321253664853663,18.17367768307996,11.210189588400565,1.361751617414114
2558,1.1304314137622513,16.146737512716758,12.20306698297986,2.0111463844845643
2559,1.1328187722524587,16.722418487172444,12.219618060407438,1.7466573818062092
2560,1.1366607442639507,16.350212567512102,9.96085562996604,1.6953032753030293
2561,1.1358709413636474,16.227091774768976,11.789929914373033,2.7687644949658385
2562,1.1379622630919968,15.790667954613768,11.140774019152808,1.9980439777020067
2563,1.1535600316767303,19.53261435078287,11.780309752240177,1.5510962172973517
2600,1.1588811018262415,17.986109528241453,9.326441030225281,2.656697792280178
2601,1.1381723040526686,18.28083381890425,10.921000883788839,3.497006658875199
2602,1.1358832197236033,19.767302953864814,11.111626344972187,1.0647516483732418
2603,1.1383511152491206,18.548823074042183,9.956817992526533,1.683067545617488
2604,1.1342746940745567,20.699735449867024,11.327446003446394,5.924205307256964
2605,1.1381702916969836,16.885229832019974,9.790744887363438,1.5678877219609364
2606,1.138983414855439,19.691301508257038,10.186908312802199,1.8155450545243315
2607,1.1334282985942146,20.317394325087147,10.97375522762619,1.7468661025146905
2608,1.1368541365426967,18.57020240316918,10.178987796216493,2.7053964900988974
2609,1.1351391938855586,21.581767054706923,11.275178029139058,1.3999895318015179
2610,1.1297602452290867,18.7135005412716,10.810801059676711,2.4000353930895013
2611,1.13291536317436,20.25549533810018,10.723103363884258,1.7808431933636897
2612,1.1327509542966125,19.351874402096378,10.958644911630113,1.4907062413449845
2613,1.1316950383705866,19.656152286385474,11.208957117328996,1.9817967958614129
2614,1.1292628616261677,22.33375247699115,10.899873537142875,1.8421704816307853
2615,1.1304775655356374,20.450674344175734,10.625862519332019,1.6523740520677306
2616,1.1330318502971652,20.401269587911646,10.789142706635547,3.4667731042352883
2617,1.1347651502069043,21.07929170964055,10.713320085971207,9.913442599090438
2618,1.1327270309843112,19.80911919633391,10.795007464527743,1.2641979835420274
2619,1.134346469878877,21.148219314282333,11.014335415646869,3.198596206965934
2620,1.1355486623120195,20.43390201304096,10.581988717712976,3.2919458294251256
2621,1.1303243446242826,19.60725421417765,11.073559877920037,2.555422830342771
2622,1.1359840723887302,21.684881154035306,10.417984755695567,1.7262712384601526
2623,1.134894544376488,20.690811006176983,10.64918384505182,1.3280836101777078
2624,1.13357528094886,21.910284534948627,10.712034561123977,9.197203111835298
2625,1.1337052597469683,22.28367883640392,11.005673874695017,3.5776807118309604
2626,1.1357774565091745,22.114581684936258,10.778235652433084,1.1637101809703723
2627,1.136792634258748,22.96437275482675,10.65487194068224,1.451235205235045
2628,1.135075569164529,21.243909128093158,10.636363744339405,1.048050359594579
2629,1.1312312428861508,22.775481494786163,10.846342341476104,4.619805923454532
2630,1.1337970745692028,21.573640598763202,11.385788300709796,2.0009122102135812
2633,1.1297631257429455,19.32895997375659,10.691470237027703,4.71158571448531
2634,1.1285463233009345,21.165176713522357,11.44626552776124,1.5999443386825636
2635,1.1293563954267116,21.850150916250946,11.58651499010194,4.75939545146604
2636,1.1269000737715476,20.508799891460413,12.504494217521264,1.5138695918324188
2637,1.1300163480894247,23.160236518225297,11.570596173093286,4.040057277821677
2638,1.1361007946561912,21.932589714326053,10.227279147604245,2.281810921048367
2639,1.1258323844425289,20.71403402228179,12.102798771152028,3.8694795387542578
2640,1.1273578105900914,21.437135379928968,11.342855835135914,1.8920263101273305
2641,1.1269519421638194,21.568508746421223,11.6475744612928,0.9344481216517178
2642,1.130085677747263,20.33813850079835,11.064815542982757,1.9082142036731073
2643,1.1288043089239796,21.98478975025271,11.022856787941942,1.5795168757319766
2644,1.129720396739678,20.24609006465184,11.321825870083702,1.5603305964647014
2645,1.1265512347503914,22.016005587376387,11.420916916343819,6.966228922746625
2646,1.1283358117140065,22.71611314303472,11.307711638730362,3.6531227827169044
2647,1.132015126059834,21.307489571734315,10.73986869295728,2.3842765805381236
2648,1.1289992774814777,20.209381463259447,11.87576924130693,2.355665417649169
2649,1.1301280771593778,21.025417916441402,11.407451838314444,1.8487036781764512
2650,1.1322360116001517,22.90888020922636,11.411473457738653,5.561059047092085
2651,1.132532906916588,19.332359437499726,11.453517362456235,2.3235903434669885
2652,1.1340723378681465,19.870425172770172,10.83248941045029,1.8384542025670036
2653,1.132011455095163,20.24270225541691,11.57650838136575,2.7162091602570686
2654,1.1311386087336335,17.76253355661605,11.88769696927514,2.1837568259175044
2655,1.1316857880735363,20.471085176207755,11.693195497533646,1.4268735409885354
2656,1.1338573154409857,20.00616339473206,11.023741592867017,2.2766606276426504
2657,1.1378526302594323,21.613290505002112,11.32362997894704,1.459446470434073
2658,1.13390569099789,19.52064262839141,12.63843552501814,2.053626196279765
2659,1.1365947220811465,19.29907376616013,11.900625817572577,1.4839084009693493
2660,1.1418858021250518,19.434794113075057,10.041218759040202,2.307364031133214
2661,1.1403524152194249,19.42620633724375,11.71396487655303,1.6182161033197078
2662,1.143273774688656,18.83609189377673,10.914220536178478,1.594068429965879
2663,1.1563586834148927,21.666011376473207,11.74398471271357,1.0719352397890147
2700,1.155871432960104,17.360985334937368,10.103876111878604,2.3615839883151994
2701,1.1324506434123522,17.49540558073578,10.969737221364387,2.722278173364848
2702,1.1293990119663837,18.52032657275747,11.779758608571775,2.555314252950637
2703,1.1324997925643863,16.64847814664922,10.544109156028385,1.6179637207097877
2704,1.1259866257946185,19.82783572464091,11.213050579206257,2.9422537137953193
2705,1.1306391446133892,15.970146479303066,9.838433600266164,1.4775685316946987
2706,1.1291768332496017,18.33359819350886,10.085663478412611,1.0675578010703017
2707,1.1232524061825444,18.911432909392595,10.720454527743408,1.4373590439292634
2708,1.1304238093415822,16.78683216349113,10.100985713085064,2.778042453410097
2709,1.127264202355565,20.298510382982162,11.326566881958374,1.6927301449088983
2710,1.1241665135621823,16.957315172498387,11.24883931206471,2.7348217114760454
2711,1.1234664850449039,18.38915404593983,10.745912651020516,1.219776929048031
2712,1.1243259753630783,17.973103081450787,10.653398296917743,1.7092918654366427
2713,1.12498923430499,17.904028277641856,10.841547039105976,1.3106041419117318
2714,1.121591144336391,21.19347088884996,10.85216830663798,1.5045937131668659
2715,1.1232439390559408,18.563423875004045,10.631459166537319,1.4757292626059966
2716,1.125140927560922,18.760152691020377,10.603680920312286,2.3070463260816445
2717,1.1273679190613297,19.357728583907672,10.492439980080407,7.975084352558103
2718,1.1269417358681644,18.266301726906562,10.41331877225331,1.1045460110750218
2719,1.1243248306350655,19.798743746885222,11.364753031120015,2.0638151140805205
2720,1.1288488394819107,18.834056193536828,10.332576885698579,1.7176972119761367
2721,1.1246006263965873,18.00798212513175,10.825232132503,1.9401877501018645
2722,1.130679207843262,19.863848978887596,10.151291238151527,1.4610158892171388
2723,1.1275458048598048,19.144966869437376,10.666789411275557,1.5219677809119614
2724,1.126919194881792,20.312258548051805,10.893937398470314,7.844734595785308
2725,1.1283640915707887,21.02911024908908,10.985488883498608,3.3329854904322183
2726,1.1290273677009215,20.449140190312296,10.926941162470134,1.1925665175912392
2727,1.1296157077916775,21.728516862470908,10.58319370568484,1.436331645684323
2728,1.1257070556603241,19.29994585185211,11.10612629253225,1.5056755929187944
2729,1.1272064233927837,20.91383291604098,10.529746032860885,3.7720219479101535
2730,1.127785580662928,20.27995631745868,10.948193698946005,2.0733079200635847
2733,1.121178072091047,17.678311957662483,10.663757321139885,4.943400126412837
2734,1.1218007115105881,19.728742336201584,11.079996654513918,1.313486060180485
2735,1.1220725119101338,20.41559602886352,11.239928823436461,4.221577445727307
2736,1.1222066709614322,19.466461821050245,12.113581975699562,1.2987226054875154
2737,1.1225207151745906,21.40390504452911,11.278793427119453,3.524328170592597
2738,1.1268490842216465,20.27792667983238,10.085173711485274,1.6496240484685156
2739,1.1185559173619346,19.575923129665043,11.620480853058778,3.2281110135583995
2740,1.1198720102767106,20.15432115011055,11.356990700534627,1.4131792723234673
2741,1.1208852575584907,20.014289639761817,11.5050772945725,1.112527888603773
2742,1.123068720226477,18.63287947518657,10.939800256092822,1.9047883584336016
2743,1.1229359652725823,20.943422824913625,10.942960663849806,1.750300728937475
2744,1.1235606201390025,18.973879955375423,11.018428871560213,1.0314346492605044
2745,1.1209844432687415,20.31280027620375,11.1751679799033,3.9428590490709454
2746,1.1210384280588779,20.96393449512859,11.80390853175432,1.506834568629082
2747,1.1235412110680711,19.759986062745313,10.810893161238946,1.4064343088367823
2748,1.1209968154238872,18.567678815266184,12.017003184424514,1.9069908917676532
2749,1.1211232778207885,19.674220517374465,11.49508599116341,2.171589951142135
2750,1.124880501868579,21.565587514438327,11.666025781621231,5.093293785511954
2751,1.1230541108803413,17.808729380121072,11.956409612991166,2.0153148233222824
2752,1.1272610259401212,18.388335387230665,10.322829580599807,1.6444173205280845
2753,1.1260628516764808,18.80298781750956,11.998607354708897,3.686697759105658
2754,1.125153944545828,16.727229009178128,11.532983293427078,1.7010331273178174
2755,1.126986274993336,19.088676057656734,11.421082861100805,1.5320846841618616
2756,1.126957176583902,18.49399026472265,11.01930966118307,2.2099937247690935
2757,1.1296620269966107,20.518951353486194,11.115852491158057,1.965000060833821
2758,1.1271952246486414,18.07571563956739,12.499088541986639,1.9127789406345044
2759,1.129233257352316,18.321194699053603,11.910917298709732,1.50685949890883
2760,1.1317723589124253,18.43811882211625,10.575247039436071,1.7849220882019428
2761,1.1346091867363397,17.991025200391228,11.477522409812204,1.511382585437695
2762,1.1370705144565811,17.58331462759746,11.313921903415297,1.5567934065273303
2763,1.150771350266972,21.094820321168886,12.008471331057867,1.4274479541638327
2800,1.1576954336988292,16.76608824379186,9.778742428764584,2.238151485600405
2801,1.1376967676138074,16.782605422710326,11.004093784069852,2.5740892375527276
2802,1.135636679246565,18.53489483551719,11.395602398060657,1.4543179636899386
2803,1.138456129437084,17.139251659214114,10.390798940030349,1.265689868092247
2804,1.13213129560848,19.592493745397643,11.345493380191883,6.381298030028908
2805,1.1357659631092887,15.75589245941753,10.166346562535452,2.2623559404524536
2806,1.135568092755562,18.24332560611623,10.487929855649867,1.9209456637546816
2807,1.1310926920092366,19.24745197189246,10.714401430158192,1.6247964123318595
2808,1.1365225355678115,16.89054855759606,10.354974036126022,2.9217007410327684
2809,1.130188722649264,20.278959834058607,11.852677396490279,1.5866352586232293
2810,1.1298716593978466,17.476084930675764,10.809530390914405,2.908780945099183
2811,1.1285798976230055,18.80534500845713,11.018937323529514,1.4727530613944877
2812,1.1313824250994045,18.331575664693336,10.942701063502533,1.9033099684994308
2813,1.130853600502273,18.18643984138238,11.107035611926468,1.2051933500983694
2814,1.1272429596166813,21.079417239092695,11.275210177141698,2.227938387822811
2815,1.1301243305667026,18.865560670342152,11.015969916354058,1.238658316521533
2816,1.1316276770627745,19.0152767889154,10.974331417761608,4.491754823815403
2817,1.1318925414225816,20.133859704805,10.756798066401016,10.232141793400586
2818,1.1304453617568613,18.34044579638487,11.09398649175428,1.0930313559630154
2819,1.1324261104663724,20.210661597003792,10.641664930574791,2.97994037111683
2820,1.132922143103784,19.11234919879008,10.925049801836568,3.0297596926747503
2821,1.1321743279308671,18.160080829978206,11.136179488084625,2.7049292048342477
2822,1.1359554683697424,20.445550761354383,10.463364958950393,1.6913384327703673
2823,1.1351030457944904,19.531757957582904,11.116232254796092,1.5969601087816336
2824,1.1301212634765092,20.83239633721449,10.934058261007308,9.716499184156852
2825,1.1339778223274442,21.402063564891638,11.082267602833424,4.351483872994751
2826,1.1347876871871334,20.808829515932022,11.007357742337037,1.4222399476192336
2827,1.1355142911960603,21.798927088300047,11.092033418886166,1.3898099147427616
2828,1.1348070429008374,19.743749172487476,11.158665398277916,1.6040975072942405
2829,1.1301826726397153,21.359882483578783,10.979175371632783,4.140706239409761
2830,1.1323911098449588,20.18331711851262,11.422576696763189,2.012946321567845
2833,1.1283813433842103,17.927412214183146,10.88748620896275,5.236574102576971
2834,1.1279427323498363,19.98889697529819,11.347132310091789,1.8782912583244356
2835,1.128188928487454,20.576021040836203,11.685486609038644,6.182884981927329
2836,1.12582093595742,19.153747253392485,12.230773634508305,1.7076161438042008
2837,1.1280168049699297,21.91968462894787,11.164686487707439,3.514819161744679
2838,1.1334201242487514,20.741684943506538,10.2805956497659,2.161616700118546
2839,1.1242079781776302,19.69543889731991,11.976018704881529,3.2516855586015043
2840,1.1282534611708903,20.173566574794357,11.353157206902411,1.9245440097444027
2841,1.127964473890953,20.228026054492815,12.137468187535612,1.6151257717264234
2842,1.1286358358646709,19.09478526453969,11.322698095893713,2.0815056017704716
2843,1.1287830162289294,20.5514062213591,11.724305341501378,2.078537912646109
2844,1.1308532304999188,18.932491911169283,11.303388151739549,1.3251722930036256
2845,1.1247227930086263,20.519980179139747,11.62728537556413,5.731347980306153
2846,1.126985435110944,21.188140631238785,12.028455570542576,1.749890229218507
2847,1.1314250810429969,20.181786688027874,11.32370908700782,1.7339630088074722
2848,1.1260953076293863,18.822586793275327,12.162812188974243,1.9752683265100892
2849,1.1292967485503822,19.634020578246233,11.851168262627768,2.147784887735284
2850,1.129830883160364,21.660337959812107,11.945105705458792,5.259534995141175
2851,1.1301829432993695,17.75629677262997,11.96327590194586,2.059823403110823
2852,1.1329651204700324,18.632944117615203,10.9207522570437,1.7058788575251314
2853,1.1319435396344029,18.8598714918989,12.111239963852952,3.1293828199048765
2854,1.1322140413151667,16.73480255270408,11.710656122873843,1.7319439320992136
2855,1.1313230932122744,19.391116929256363,11.664579910742368,1.812340734012351
2856,1.1344925169114097,18.522505776911913,10.87391345738551,2.2337484791110818
2857,1.136559862534665,20.501321941845898,11.339286551228334,2.204404703447596
2858,1.1313579611716258,18.30517387465399,12.367706389928772,1.7672106315201426
2859,1.134371402528137,18.66790552933231,11.843474345614885,1.8241152943263754
2860,1.1401201685718054,18.24989611628884,10.401276331316192,1.6473291687378073
2861,1.1390649020286012,17.746735812249145,11.695735586958317,1.697066912649907
2862,1.140197345047921,16.80394495052173,11.16917746408922,1.9125565849333805
2863,1.1555433428553155,20.256465478778026,12.103097644735833,1.2833841474911425
2900,1.1393150344977996,26.146997772787103,12.66065693464058,1.9170684526732924
2901,1.1206648736350917,26.027715123745075,13.395662544489138,1.8669158113903832
2902,1.1177439970235974,26.981215867237015,14.161719552003179,1.445867219007956
2903,1.1182760532243885,25.780718198438258,13.246528528308906,1.700506645687427
2904,1.1135301056955649,28.262661756823974,13.793649164737818,2.391043622696876
2905,1.1161283276344436,24.604850392073857,12.967488201238178,1.2105847108544798
2906,1.118078989720343,26.43868496410941,12.857502285233867,1.4654129716681932
2907,1.1120150931981143,28.003628122048756,13.64378979666518,1.721113631297755
2908,1.118433750248473,25.300681148283786,12.887000538396693,1.2308073789647116
2909,1.1129731101702685,28.709620245586372,14.13311834899101,1.2416436611419561
2910,1.1116616962197592,25.575609380302648,13.568314628817706,1.327270222841132
2911,1.110047765445343,27.32500807003116,13.631952181804607,0.8235519518001629
2912,1.113130968902852,26.652811181086694,13.457459576362245,1.255916990864599
2913,1.1134585583654772,26.93294822359412,13.584364643704198,1.676128766157488
2914,1.110524527039573,29.222528531586978,13.12239720220601,1.301889869912774
2915,1.1106045072888435,27.165028500128706,13.370951081817596,1.4241898055427786
2916,1.112374352060752,27.19966375289753,13.719266816321124,1.5549536806113873
2917,1.1139626791097053,27.949406982702836,13.635526296060338,3.4861096024886686
2918,1.1113352105279337,26.97122862747494,13.567074140432043,1.3209153005629195
2919,1.1125966407184722,28.601707146336025,13.495876491364587,1.3424813425428703
2920,1.1152945762920896,27.31620379782552,13.245330460997206,1.6502558572147565
2921,1.1116258897596645,26.38531164563859,13.41117866608803,1.2094134801801697
2922,1.1186101859879818,28.388141204057465,13.21540562882754,1.2923409307375788
2923,1.11520975923917,27.96329371635933,13.61248906616228,1.2133859308739494
2924,1.1137262386604492,29.02222618315297,13.63281045265083,2.5861723951405176
2925,1.1152637424231058,29.445187803186638,13.787577722912774,1.4218834812356012
2926,1.1167663992572627,29.151795674256295,13.635451149886869,1.1191490806781315
2927,1.1162123969962572,30.155816588942795,13.323833798147481,1.1736777712655426
2928,1.114888065964452,28.04755951489644,13.548660521101457,1.4715699084731928
2929,1.1147573848809145,29.42648284643664,13.710008179265696,1.6318345800921552
2930,1.1142940940457484,28.811247090676815,14.27420014265037,1.2590369664974028
2933,1.109349145142341,26.351097312680558,13.590917356310491,2.401727545019118
2934,1.1091672991326926,28.794757427595343,13.712038902318826,1.6191908861740367
2935,1.1100942018631654,29.167253545256568,13.771216724939075,3.1953108788652167
2936,1.108033043372723,28.15658037211299,15.028520361662377,1.4659487646171854
2937,1.1130249452780911,30.208922158714614,14.11846792325715,2.1640965695835974
2938,1.1155935243248654,29.00942342161404,13.340893957979855,1.5986848818532875
2939,1.1057108735264523,28.3881584291075,14.508648815952744,1.437450643156285
2940,1.1094070786471257,29.067386476715882,13.913260757299136,1.6507684034848216
2941,1.1076540302945206,28.89318418138485,14.548750808234539,1.588650880121411
2942,1.1103390214787374,27.403352145961822,13.803873135880902,1.2663017616993317
2943,1.1077563754516215,29.241901305778438,14.24863444713126,2.027381100516087
2944,1.1110802727714781,27.58684374552541,13.616212978609548,1.5414311163227263
2945,1.105401018117053,29.50025924805658,14.213605441360603,2.874590164139351
2946,1.109567321012855,30.258118291083996,14.174682947801225,1.603127354970229
2947,1.111832111341255,28.96557455933251,13.963328311306594,1.610617718407633
2948,1.110427056887094,27.496246582657136,14.204762791746225,1.3842014268175051
2949,1.1113979071411701,28.033631791481067,14.33647154358667,1.7649165527823347
2950,1.1119769926325396,30.144354964965828,13.922916066952864,3.1189888112415716
2951,1.1129533979073334,26.108892405240017,14.041891997755716,1.1631562001138973
2952,1.1140489280629422,27.332593676707038,13.53325002687941,1.7602989433647618
2953,1.112565404868855,27.213778872232098,14.73018435459965,2.0020225774895
2954,1.1114008356497613,25.328199786616025,14.278540341135452,1.3670179801157643
2955,1.1123133759324846,27.365094413710732,14.104094008953044,1.5329010657431676
2956,1.1154779892497877,27.123046927191243,13.789350386582633,1.768775015530645
2957,1.1180592811913834,28.599117159629703,13.541193470326586,1.1201456935649872
2958,1.112523430984234,27.108780833257686,14.68175603028476,1.380115969888124
2959,1.1153204939557995,26.856781690824313,14.649962849619559,1.050881190727661
2960,1.121865094199871,26.770110504336284,13.07134230787317,1.6926364454488945
2961,1.1197432216163605,26.288352439377334,14.556180198708743,1.2765505890732827
2962,1.1245742785724082,26.19751257419433,13.77761206952105,1.1845271978109855
2963,1.1381602719039912,29.658983735279534,14.638485832082969,1.0660636875256324
3000,1.1539391750614802,18.52066096525446,9.814124803357418,2.053871057951935
3001,1.1309787397301154,18.770752781226207,10.92259765411684,2.018689313727336
3002,1.129088369914542,19.537853498717546,11.233182729975796,1.98746378354088
3003,1.1315048235048955,18.288087760453386,10.34449392772665,1.7832078532594657
3004,1.12597310323103,20.768155587497482,10.907238984696766,5.485678843161035
3005,1.13059783611457,17.2804965635504,9.753364401918798,1.3687946623479224
3006,1.1283757672580574,19.61328670504818,10.163295770063987,1.3053146646526672
3007,1.1253565156352763,20.42463505159342,11.018142676061203,1.4741535866988893
3008,1.130911674187896,18.342506500141702,10.031486967061324,2.9063274115951905
3009,1.125496718627422,21.474957402168204,11.752315126283804,1.3918826537140838
3010,1.1232590450337465,18.308364407190783,11.460252872980544,2.102590887783739
3011,1.123377768482465,19.900611369568505,11.196339557734895,2.012899993008355
3012,1.1261279858789661,19.590259379364124,10.525915522268365,1.4631287639788741
3013,1.1253552438448482,19.22326462480282,11.238932949804177,1.295429533778988
3014,1.1210829562633382,22.38470990788478,11.118393938991717,2.1738192828931733
3015,1.1216119653188188,20.153686748675817,10.459412531166995,1.6175113204665996
3016,1.1249136736914196,20.10317418603685,10.657547632892607,3.062322777230408
3017,1.1274613401737463,20.773533414380086,10.095560290034829,8.944392529414031
3018,1.125824247120003,19.586138629746735,10.501939182184266,1.8665856199685726
3019,1.1251100039776156,21.125833200891748,10.75830215523139,2.7000536956788332
3020,1.1281096624926048,20.386374471677776,10.441175149553947,2.844937862025189
3021,1.1267359572600537,19.26571552852714,10.736366184832553,2.0123832318050305
3022,1.13009080133988,21.373305267567336,10.321575265527539,1.4714674437375062
3023,1.1299817735331381,20.391743177719476,10.594447787366068,1.68198827210518
3024,1.124975380588562,21.966420071601505,10.742849629243231,9.52237782040824
3025,1.1284681538841457,22.4636008832339,10.769744641339797,3.3015170232648803
3026,1.1288128597813496,21.6794254770027,11.305039977784071,1.398019106271992
3027,1.1313731806130665,22.85086093901102,10.398542403557931,1.05589852015998
3028,1.128329136212982,20.986962644757273,10.515059578947703,1.4642571123882233
3029,1.1259272670869953,22.329572495859967,11.089261483326316,5.054702288363422
3030,1.1270987866979718,21.66820629405798,11.185821418523828,1.2395825043282738
3033,1.122263951453504,19.043215097346415,10.628048333645607,3.6456327855865247
3034,1.122252497418947,21.176014352652004,11.356600032958248,1.3697727776312096
3035,1.1218054917384976,21.899047436418897,11.363207192795208,3.8042847298149702
3036,1.1207754976992517,20.58010111915162,12.570017847237178,1.5248596269237542
3037,1.1235766855716083,22.626407890892487,11.033731474365418,2.069731835327581
3038,1.1266774197134244,21.654440389569313,10.01296318932044,1.4301119115994365
3039,1.1204772309454003,20.464524307795234,11.524853005815332,2.455170759465271
3040,1.1208531170265799,21.390141223251575,11.136952041770966,1.693373196944377
3041,1.1209284521727683,21.436191935458734,11.758316798841316,1.1822722629254303
3042,1.123382670736935,19.94443189995821,10.662830263474945,1.4713106260513567
3043,1.1233030370005117,22.13565533466435,10.919078379083418,1.4234285480507314
3044,1.1232457173928714,20.24549336028869,11.079551410484026,1.5061168190125453
3045,1.1181876879710118,21.843923541327374,11.408618607417234,5.418518820450682
3046,1.1228225139667913,22.27483658622983,11.613658390279447,1.5245244818559973
3047,1.123605201354995,20.944007683051428,10.744070045671991,1.503449460152504
3048,1.1216688598434987,20.13036572837818,11.721118892489264,1.7379296310386754
3049,1.1240587687723382,20.429554748555468,11.576213907540334,1.7565893355355446
3050,1.123975060473693,23.12158024352389,11.582345631745879,5.565353781291095
3051,1.1243273872832764,19.23031568224657,11.630165308526482,1.654368877840616
3052,1.1260669677630881,20.040987588451525,10.459070987454014,1.4438734790796124
3053,1.1231255981164308,20.19896521681655,12.026097102577689,3.361128853656654
3054,1.1254429277717146,17.370446065357957,11.555964897748133,2.0481075540248077
3055,1.126069460895228,20.00714333660033,11.522792196284849,1.772449411400711
3056,1.1286201818572252,19.611555359221477,10.947409185287306,1.4729885814023873
3057,1.1281429018537819,21.463399543719227,11.545008873020718,1.5355085488407194
3058,1.1253865303873554,19.605213179068528,12.342077376872766,1.36495895492583
3059,1.1288309824544398,19.600976035404557,12.012096397965452,1.2599408385454065
3060,1.1334083596023985,19.515796368423995,9.978789039570557,1.5367130723852918
3061,1.1327318952916974,18.915944115666573,11.644258208505189,1.4872137310677649
3062,1.1359260213201388,18.40850611451085,11.413316935071885,1.9440601090383158
3063,1.15210485952929,22.264562243899984,11.693972622637627,1.112113206460018
3100,1.1557026563821688,18.732290596242102,9.553590230739495,2.4964792091731627
3101,1.1333521038227987,18.745035935177263,10.792438581724232,2.94113947681446
3102,1.129720643690167,19.502971786504894,11.120949343044963,1.737584461892652
3103,1.132426528672423,18.542109060742035,10.366014428991216,1.5897185158092462
3104,1.1291142134349852,20.88624296625384,10.656105678009284,2.930186295618016
3105,1.1313281295215312,17.354711457473382,10.011878945149258,0.9178380856668894
3106,1.1304057847451154,19.686070582285307,10.099946167146749,1.4586508620341734
3107,1.126449278442664,20.099320650300204,10.6230939995098,1.069970142938229
3108,1.1342455932299578,18.252377077760766,9.711055891481488,2.064817783293524
3109,1.1277197468822813,21.32862670866101,11.371248135598783,1.3811081524376034
3110,1.1245870481898863,18.331903518527547,11.018777869369398,2.3741069522042384
3111,1.1254750121737576,19.94286519402482,11.136861388458504,1.2280542564381132
3112,1.1271601546853545,19.318443784394905,10.765753721597925,1.2032662634175535
3113,1.125563638319521,19.08750957247308,11.362885005767199,1.0487050329011158
3114,1.125379145354572,22.10890582989049,10.96325702446182,1.3887331556543003
3115,1.1234896184063428,20.229558968338544,10.926883976673723,1.82413204812251
3116,1.1281070065964645,20.053629504570495,10.710552295966393,3.5079352203662832
3117,1.1278977936995347,21.05186109607028,10.301063039965833,8.690051613181126
3118,1.126989387559777,19.68105184822312,10.661809371894979,1.192864861742204
3119,1.1285147257406691,20.966876378656394,10.459884615054117,1.6049905573713086
3120,1.1279736880517237,20.17936435824829,10.50872365498036,2.8150674363774377
3121,1.126665711341746,19.4418433981919,10.481019172913886,2.836027806190632
3122,1.1341696120147904,21.339079069544102,10.065084753312334,1.809646108330118
3123,1.130521026993288,20.711553208857683,10.77900658287355,1.281876271420052
3124,1.1263352429840623,21.51815310528865,10.484106135990944,6.36806889242433
3125,1.1290424363975595,22.31440057088674,11.099862297891114,3.001691888279836
3126,1.1309656169663431,21.675921390453784,11.325559277833305,1.2164755077966096
3127,1.1306178863483727,22.67446284955468,10.829036627690968,1.2349716343175157
3128,1.1286451742787154,20.756577867655675,11.08176561131425,1.085499774975166
3129,1.1287887205517342,22.583367824084526,10.486607308583336,2.8922472159231116
3130,1.1278563867211109,21.541155314933654,11.375679121826318,1.2787928043802221
3133,1.124325935753537,18.903528559121952,10.564367861005403,4.9390908684511174
3134,1.124844394459546,21.20033301923911,11.263776413850412,1.5281925625310548
3135,1.1230679434242161,21.860013382613857,11.359913098874811,3.784741652544153
3136,1.121617149185606,20.257837799153535,12.612676260336867,0.9413719397962933
3137,1.1251077869024284,22.908502114862284,11.08912067128214,3.32420881118682
3138,1.1279504467612362,21.614108469290528,9.894757011964122,1.2807306451326197
3139,1.1198357187517003,20.75761574907526,11.603344614932253,2.3219440530621083
3140,1.1216976449448535,21.19732930351775,11.27382829926556,1.5273611385248513
3141,1.1235535902989762,21.182781510652088,11.955878353477441,1.0426375969718156
3142,1.1224751134969024,20.09538658987719,10.714942175135883,1.5155420079168356
3143,1.1243364768060329,21.86821096084491,11.27364856270828,1.0447959374979434
3144,1.1246490259203301,20.316631909855815,10.828752087579685,1.4105440598777785
3145,1.1198525516345623,22.204419486099198,10.834927326675809,7.014722314493058
3146,1.123445610530792,21.90726213944369,11.855181646463878,1.5639443996653057
3147,1.1261190971454222,21.01753400500281,10.863818520021509,1.5565280724488255
3148,1.1217239640762298,19.94342909462515,11.839082017753507,1.405351422581856
3149,1.124675312730378,20.710690695311264,11.533516385566907,1.7795033927361625
3150,1.1250189950403877,22.669064199453718,11.409309329002596,4.40709627701759
3151,1.1261193582872326,18.952179003988313,11.383204739249466,1.8842655161627289
3152,1.1271282451853992,19.71992921882941,10.537211755034729,1.0543167042737482
3153,1.1258022791586735,20.003632802010635,11.807986087450603,2.706956825773759
3154,1.1257828067960332,18.09375930118756,11.749186184713574,1.5820031263604875
3155,1.1295260725343506,20.197638700339247,11.065399196710029,1.8949909984227133
3156,1.131433555894274,19.77760343296764,10.927224391386261,2.173363624324026
3157,1.1302710580235995,21.62329286055902,11.034995771986157,1.5307529759910636
3158,1.1266102600948538,19.607668144897403,12.445189190432801,1.2942470257037482
3159,1.1308036228802252,19.523910784508555,12.040682351421696,1.0783154534811779
3160,1.1340012047900647,19.372054851651793,10.186257737293914,1.9044146606113483
3161,1.1352021866331952,19.13979967722217,11.422826678059554,1.4261772070858525
3162,1.1374809283083938,18.621113334332414,10.9581247527807,1.283883422025651
3163,1.152534251865272,22.178117888759978,11.823382785602266,1.0637492721346002
3200,1.163207963229318,22.44923471369964,10.622870080456542,2.263773244785084
3201,1.1400502594415227,22.818617786712263,11.371274185999635,1.9877211009536828
3202,1.1407585632945278,23.830341415445375,11.367172490310057,1.4788180591596438
3203,1.140602635317968,22.62238019028135,10.324680864857452,1.2627230889593262
3204,1.137202021906286,25.248921494796974,10.905006538273886,4.523730875512903
3205,1.1404255048823835,21.57119534759279,10.056881735358038,1.561268376121679
3206,1.1374871198326635,23.770441518741357,10.612985208075282,1.3959457349398132
3207,1.1360756747843423,24.455219046632628,10.867442456962545,1.083823936853041
3208,1.1396642927069258,22.08281962160806,10.443644690322474,2.077079270372444
3209,1.1357135914784267,25.542726343400734,11.408512811582204,1.121775416683353
3210,1.1334222851004307,22.5971162081489,11.176044358708582,1.5043768341665147
3211,1.134032230591725,24.307242059491777,11.058172731352089,1.379312872112626
3212,1.1351503180282714,23.731763980708994,10.59385858440839,1.6220741669506464
3213,1.1352467898725531,23.481825231438883,11.681727037879362,1.1631021612516927
3214,1.1335371319089038,26.093399739455247,10.877723958435112,1.9623830491145369
3215,1.133116141123464,24.263480796120252,10.844897316041203,1.6985556756257765
3216,1.1335803169714906,24.453362895793838,10.778602303952747,2.58312767135937
3217,1.136894421892982,25.399281682512736,10.505777087650555,6.625682435326565
3218,1.1357507937128248,23.861923388234064,10.391876385958298,1.4270757809388952
3219,1.137227751487684,25.10037657984929,10.467253418355975,2.700626415855108
3220,1.1377102873066585,24.4439193176306,10.686937668549,2.4814906593470196
3221,1.1351771191461895,23.386367657026707,10.911902072716485,1.9340208859978716
3222,1.142272472393241,25.6723051208814,10.233637483616297,1.4817731541318087
3223,1.1381646978081277,24.509427794227708,11.184504766352806,1.074442164730836
3224,1.136524536308199,26.078829538326385,11.012348464582672,8.228029862980755
3225,1.1402762189813918,26.55298580446104,10.952495261478735,2.928140336935454
3226,1.139493517730943,26.288320253934273,10.95161334879188,1.4187547154413482
3227,1.1409074373720516,27.049175151787114,10.880789303401562,1.187201829635466
3228,1.1365596600939967,24.931752621270455,11.114477571909353,1.6028124925823213
3229,1.1357454623850196,26.43285069416791,11.22955805998776,3.457941381962349
3230,1.1363844098675548,26.044148749820238,11.038537354597729,1.1927989278060456
3233,1.133146897577563,23.287045918186323,10.903371037019669,4.0562239897423655
3234,1.1337096986413782,25.423805399309614,11.630508095789047,1.1306849190163233
3235,1.1330281026030802,26.16863884858076,11.344434627317208,6.301902047492544
3236,1.1301467148325828,24.919985570725483,12.566521376177198,1.3270365707214202
3237,1.1330547234212867,27.40299181874944,11.072544378089487,2.890894131483774
3238,1.1394003625411948,25.687552277772248,10.736724749251758,1.6830852486994974
3239,1.128080328352979,25.478939090549623,11.816739379459301,2.064131578695787
3240,1.1320947740892975,25.561433523720073,11.262978918773006,2.1199243102713523
3241,1.1327788073047584,25.541279143112888,11.76584811276394,1.9790830506248576
3242,1.1339315135422317,24.20547819268271,10.97084255411924,1.796788767744091
3243,1.1343597895532072,26.346630244307054,11.006636598469804,1.333442206573896
3244,1.1345654107833762,24.41820787489937,11.121948621795013,1.3894943437107923
3245,1.1293923997447746,26.13454888473651,11.31569005850217,4.9756485262261405
3246,1.1312084234962556,26.446893242837888,11.874057327212233,1.9875897393781046
3247,1.135069764599691,25.385952860918707,10.806984820239462,1.7121283515756123
3248,1.1324594531977006,24.357457998908796,11.818646411340895,1.8208343531180973
3249,1.1321944994877415,24.89147514038425,11.795902083130022,1.6758583326164538
3250,1.1335147854799388,27.512204511405155,11.619229115844234,5.856522400040503
3251,1.1336314307105635,23.14056272917882,11.672734462043467,1.9636060271409363
3252,1.135813454336824,24.054583249391786,10.572981521532407,1.4062590572983293
3253,1.1350349539242013,24.028641091315734,12.16670412149211,2.0824767284869603
3254,1.1353254487306872,22.1362191601896,12.018499470907027,1.5424779282815555
3255,1.1364657323562657,24.336195669990108,11.722894664426628,1.6351852259667243
3256,1.1380706492104575,24.083378661956377,11.160248234110378,1.741742423259715
3257,1.1405477512997304,25.16101737046209,11.322485483332528,1.653802928289977
3258,1.1364186424454998,23.66405827115524,12.616310475941145,1.0892059679343982
3259,1.1396139556658411,23.166343182976092,12.287606644705495,1.26622309259434
3260,1.1448426309989188,23.37662496969104,10.285639275065597,2.182656251592545
3261,1.144932816265521,23.30003660563268,11.466316194209437,1.9205561646497884
3262,1.145156098231899,23.040133097003864,11.36393668897948,1.3234278757525855
3263,1.159902718656459,26.00127226065364,12.533131629212257,1.571111496058574
3300,1.164680147325153,21.344347645336864,10.130525695424954,1.5364822162569398
3301,1.1425164467480546,21.575395789250496,10.913474215144216,3.1505870191478165
3302,1.1411696825034352,22.860780084087764,10.919327175486316,2.343978352888756
3303,1.1451610393602667,21.508993545832183,10.068985135573614,1.2572948625735427
3304,1.137389640833839,24.13725865767486,10.977346112240769,5.738200866053814
3305,1.142920874397821,20.778074956728105,9.633937788532204,1.5803837754319952
3306,1.1421885643186287,23.003718653587473,10.178972528034997,1.3207052828948662
3307,1.138409972201195,23.58742816945344,10.655367815406503,1.4313970501674165
3308,1.1426255174198339,21.68368813109691,9.880912981375118,1.9195051121358515
3309,1.137564578681891,24.639170310204456,11.263393804169631,1.3128736374381864
3310,1.13691666468563,22.053499194441603,11.187046213174845,1.7971596071256173
3311,1.1361771601283261,23.21232813752023,10.569139345276778,1.7692792756171023
3312,1.1365537902126892,22.750235840568212,11.041793687375575,1.3592993700144107
3313,1.1362707329554131,22.672288649888937,10.935195753484914,1.3799525563609776
3314,1.1341930073058677,25.697813172925486,10.682160827538237,2.0862733132009836
3315,1.1354296168532783,23.72403228678319,10.512721449785662,1.750382913070912
3316,1.1368161861184807,23.510970408844567,10.394367314502983,3.062127572664889
3317,1.1382560037904665,24.407989426843212,10.27059894702708,8.978822569006628
3318,1.1369915300633224,23.104887633572854,10.59331756055363,1.5100923677635494
3319,1.1376757202806744,24.40068061964553,10.461956125327571,2.3634268302891073
3320,1.1401559641224213,23.7373953003142,10.614158684506794,3.2036082901205076
3321,1.1375492262300475,22.644311509169793,10.552977321665308,1.8838572024865423
3322,1.1443153653257099,24.74509622186405,9.800140575757773,1.4621077337262827
3323,1.141725941585579,23.8229349337875,10.598422331868436,1.083255550071492
3324,1.1368812116358493,25.453264528822,10.823970527404622,11.976150126414716
3325,1.140808244519944,25.65996945432633,10.863283229123741,3.741508160280088
3326,1.1411860291364662,25.407614837831584,10.744376022399594,1.1749082718490707
3327,1.1423515146722358,26.586408310880977,10.083103586755358,1.6303613649283664
3328,1.1402042794868097,24.30470101407473,10.62452375106708,1.2855375935856115
3329,1.1386013552098428,26.037348205569785,10.756318989660123,4.747438847323442
3330,1.1409491920154555,25.001116619091043,10.845231115849332,1.189197337695315
3333,1.1344552494835698,22.298814559642633,10.536590271889535,6.7151482126704325
3334,1.133241127381441,24.580782019418262,11.023616839045989,2.0294218922125635
3335,1.1354758497613484,25.24917942021608,10.892008387348064,6.135253873367749
3336,1.1312937889311037,23.913196152856578,12.18657547140928,1.2936010122681108
3337,1.135071497732207,26.449936926837836,10.988113840289213,3.6059849143134484
3338,1.1406384325669687,25.132266458837506,9.934225210631105,1.3882460512904469
3339,1.1305783741018913,24.282217805513007,11.646065248024495,2.858342688089486
3340,1.1338177039024713,24.43855720576063,11.227603861739505,1.8694244936555
3341,1.13550126586495,24.09291802304826,11.460487624076922,1.7070352386819334
3342,1.1354268249198367,23.578024756864437,10.788600387927488,2.247339455374187
3343,1.1354933054438854,25.40553256753206,11.214726297369472,1.3445029347317727
3344,1.1355563780244848,23.47119186400088,11.11379941078341,1.5774904846419178
3345,1.1306412750606263,25.521209464312243,11.016065886877008,7.405032204732677
3346,1.1347107783941128,25.548857293200083,11.618153836364955,1.5889482641475243
3347,1.136759566940274,24.282653091169433,10.809271413521287,2.1789654985710794
3348,1.1349039708114195,23.53563978256811,11.474441058267933,2.076925253219316
3349,1.1355042835327962,23.705565966882,11.542790486745114,1.986552404220391
3350,1.1361388373014363,26.11013625043946,11.244435341874572,4.979139656710648
3351,1.136163808850379,22.170449884417675,11.002024687798205,2.4798326105321618
3352,1.1387476802199044,23.084083717948356,10.274326818063667,1.99639442958206
3353,1.1368408856565009,23.13815674144341,11.665217397906543,3.316191899030914
3354,1.1374596783954856,21.079228717121676,12.114580681173132,1.8076989094864184
3355,1.138572618763978,23.51537181589724,11.253897979992821,1.898189107555395
3356,1.1418846653931563,23.173956070858686,10.813219131286349,2.2740288819914674
3357,1.1430767227017595,24.612063901116368,10.720788525225485,1.9237004831423434
3358,1.141204366834212,22.746298449685273,12.499289954027674,1.336825390976146
3359,1.140627974127312,22.626941516973613,12.224728155458667,1.723437928881072
3360,1.146492151607096,22.614198485628375,10.340704062657666,1.9100726961877061
3361,1.146697856542589,22.425482712776073,11.30577040238041,1.604159202636176
3362,1.1464244494555675,21.52013080462949,11.420544929945494,2.2263342984897814
3363,1.162051124812818,25.18326069878553,12.221587425335443,1.3607948058061432
3400,1.1629564545101938,21.527207487137826,10.164592744919613,2.2755654667818694
3401,1.1417557387224666,21.592317164742617,10.985591742697737,2.8677817937190704
3402,1.1414766708484338,23.004934135713274,11.37250912017062,1.7316633775606083
3403,1.144127316936533,21.389055922354906,10.05832548721534,1.1789037123559858
3404,1.1380799305254856,24.117042440641974,11.220977107615711,4.137009466597379
3405,1.1425820698376206,20.804203071345036,9.356304128180344,1.6486029186403017
3406,1.1445402856853477,22.792485116195667,10.155829383336657,1.4178165470470616
3407,1.1367105489155827,23.493409322765235,10.84288907883002,1.388453460369398
3408,1.1445759439683854,21.53758916024597,9.984595026745517,2.2577461682988993
3409,1.1383303108019411,24.613241905057528,11.265311141963064,1.4727912874470228
3410,1.138210168292998,21.92234380318172,10.75247070462337,2.2637602632150364
3411,1.1347655308649838,23.386920809758177,10.933707264556885,1.2374577420745612
3412,1.1390423396028835,22.49386025684326,10.544612732908226,1.3709149600841442
3413,1.1383728510263371,22.541360643907165,11.13912839113801,1.822843345261896
3414,1.1326560257783003,25.570212645013047,10.99079499353884,2.6115044496349142
3415,1.136074239201658,23.39299480116019,10.881256407442098,1.5483805640886195
3416,1.1374698031797383,23.184964333098087,10.822841765340415,3.0519497765718384
3417,1.1377660141705315,24.22140534451547,10.477380253587596,7.648151769353893
3418,1.1367983608064902,22.985615905484188,10.283302221260827,1.5207757889907767
3419,1.1367584991695299,24.41713622523372,10.74261367754149,2.276199370204336
3420,1.1400151108426289,23.863683913091805,10.587878232773095,4.057199805433005
3421,1.1374988782810216,22.67637076356869,11.05957321254925,1.9016732287677878
3422,1.1428549328643127,24.847788384301953,10.276617238223983,1.3789598543748343
3423,1.1422323332667474,23.910281721497675,10.816602330724686,1.2646899720998819
3424,1.1371212191582938,25.386613661597462,10.580243821967038,9.844395918652669
3425,1.1408139775575705,25.762219373125372,11.074895249580408,3.313521512210346
3426,1.1417981967456041,25.20287049928953,10.883009443238615,1.0855922026534204
3427,1.1405437572012709,26.488003034052213,10.574133424459408,1.3524132613728317
3428,1.1386392424551999,23.8625963908711,11.009349154179805,1.44011010718603
3429,1.1392182869178067,25.850889958087443,10.605023028317053,5.721293175984618
3430,1.1398569822107967,24.93926154728063,11.150358397796937,1.5132037462679788
3433,1.1332739324101684,22.355779556740867,10.843036310224342,4.998478126421001
3434,1.1349098926307357,24.875772680964914,11.164200025494882,1.927315521435095
3435,1.13403997062505,25.261072180047265,11.124508141331566,5.839117468428303
3436,1.1342746184652595,23.779938853053554,12.106571016081187,1.5093914689085104
3437,1.1350912302363554,26.391472032573304,11.090707987520343,3.9143991617407474
3438,1.1407834713696077,24.94642354675646,10.457826357207063,1.3034192489154852
3439,1.1310296387910834,24.175268814771552,11.929471596902397,2.9455261150597805
3440,1.1334200500914922,24.69265643558644,11.065920213823103,1.6871499769408345
3441,1.13226053793744,24.240860070427683,11.776503355713281,1.6060856426331391
3442,1.1352271842877932,23.28324682729839,10.782769665544247,2.027013143243825
3443,1.1354230981852238,25.32835889791998,10.813630210602765,1.354654677671951
3444,1.1357534514632637,23.630109123851486,10.888141061882829,1.6805738370448386
3445,1.131540224180055,25.334597746476998,11.1343214076295,8.32568707705587
3446,1.1337423629752168,25.606379251708663,11.287572131474436,1.1968568787747078
3447,1.1364023648085204,24.34003676473068,11.040762701352763,2.217681411918648
3448,1.133290284068843,23.673220038343107,11.23495211951805,2.2940938181880774
3449,1.1347411488817347,23.80785078114169,12.075132759042042,1.4802647328138003
3450,1.1355638050376862,26.12725014285882,11.839746132782908,5.655759363220022
3451,1.1369188154408174,22.22756940807602,11.22743169979103,2.598651033777286
3452,1.1385375198196135,23.10460993897834,10.778628836878163,1.5439044127118549
3453,1.1373366230602808,23.219867736599646,12.009369366196577,3.3984120951526724
3454,1.138126588979057,21.221015699728135,11.718935449051937,1.796480930781053
3455,1.1396350594403302,23.34858037827196,11.092136578191061,1.7761442099873477
3456,1.1424186720881073,23.08392574214179,11.038291678497563,2.720314166829677
3457,1.1406797150760526,25.021543928795186,11.33369812736397,1.7002431344028213
3458,1.1370088313468778,22.582507945968455,12.608231361042797,1.8840438038419107
3459,1.141865806167539,22.7566861696598,11.87267364190161,1.8270042656064822
3460,1.146783198618013,22.39030456729966,10.169989842271283,1.7782740924064742
3461,1.1460102442934212,22.308760788218773,11.306144306792227,1.4804608794719334
3462,1.1479152942450945,21.77599203245162,11.262950117814652,1.811168411072734
3463,1.1602720609864932,25.091633457379974,12.01226731424119,1.1954700553090405
3500,1.1679867453146306,20.974434692947703,9.718330713863008,2.4612835703267186
3501,1.1478580231369986,20.9106205963784,10.504554054013875,3.073716033239045
3502,1.1476534078497185,22.206696266069763,11.323744209416407,1.4552905713774935
3503,1.14811639285986,21.387720189115118,10.296405329512636,1.8979586535726543
3504,1.1452620583225444,23.660826175970982,10.832155872608089,5.462128863976086
3505,1.1487570571500314,19.765754957903127,9.866158039270568,2.355616485991565
3506,1.1460544351744124,22.622923309187787,9.865624523546336,1.5279600630029413
3507,1.1426912495889379,23.208990763488735,10.827814508243671,1.181890872135785
3508,1.1470401295992885,21.065856157057517,10.215862149754496,2.961659676367141
3509,1.143832297377755,24.422954748847065,11.10037617338536,1.7546610025385152
3510,1.1407027919760537,21.26490468059794,10.812667042386712,1.646886642070808
3511,1.1412667794776203,23.033946290512556,10.211159887391224,1.6000619918625019
3512,1.1429599618060442,22.206476404488193,10.759982778074635,1.6376231337751848
3513,1.1410231920277665,22.278020456591154,11.009366101450183,1.5344106083989497
3514,1.1379551797979712,24.972978455030194,11.364335723199488,2.811028947592842
3515,1.1393306008348507,23.07219093724048,10.78994623789872,1.7296954278301147
3516,1.140664425762842,23.328876228574313,10.660386638819332,2.781527431711998
3517,1.142256952065109,23.891512823873718,10.586632089449436,11.156799378590867
3518,1.1428073827345704,22.900811243808956,10.637961769048575,1.6123394002639275
3519,1.1422414907116345,23.677549039985934,11.173933702673667,3.913806299382092
3520,1.1447744572095289,23.090741920829878,10.37350106177244,3.0523126869707795
3521,1.1421906557821255,22.30895900528696,11.002232416397996,3.0615826348267947
3522,1.1475090137496688,24.064479011249173,10.717722775461793,1.66417124977113
3523,1.1455173027320151,23.35638294446579,10.471337245920777,1.4168104239324069
3524,1.1441150127964215,24.560245853322044,11.252840872757746,12.721985032615036
3525,1.1461792147423961,25.115530890515757,11.04085713994585,3.5620484569120348
3526,1.1478901892083597,24.82251110605296,11.012664009548672,1.4204598474587964
3527,1.146641869138906,25.727572838047564,10.538853969207942,1.478516846724076
3528,1.146265905469813,23.53560732747687,10.709132688677846,1.8272122975507428
3529,1.1411893043448806,25.322104054313666,10.737638894756879,4.393038419794356
3530,1.1435423821158563,24.342790688503154,11.115253895257181,1.6487610938214685
3533,1.139322738665319,22.16146162929019,10.780404976345736,5.668754982731469
3534,1.139319576782841,24.252554998113848,11.251739171903713,1.833329046304208
3535,1.1383254648890713,24.67660229137411,11.453956221115213,3.6976069560353593
3536,1.1395734550358168,23.274812709939923,11.998749935875113,0.987330650288278
3537,1.1404172612736423,25.841221757377113,11.154559796033604,3.1546243953207127
3538,1.1445229074053025,24.71958204346424,10.217423098223955,1.9973505868800172
3539,1.1355229129903712,23.568761469966372,11.679340895808497,4.28103909899005
3540,1.1384126936722887,24.236467305866878,11.402883026803824,1.4698403977796803
3541,1.1406656921830103,23.950640680171254,11.459170071140512,1.6863473883581694
3542,1.1399290787763792,22.870454025963763,11.07795897537506,1.9458272494702589
3543,1.1385365881390264,24.759123333450702,11.325723108897842,1.9356295427035997
3544,1.1421991191210124,23.10810098364278,11.185871401275378,1.542620661458832
3545,1.136030645226276,25.063569656055492,11.021796859780364,5.641004635167209
3546,1.139445204326524,24.980645528820613,11.951156482893476,1.3964798682889838
3547,1.1418056405701986,23.849921174013023,11.059368944638926,1.9650523731075764
3548,1.1371932651813474,22.843140307835018,12.088782674404557,2.14258825829457
3549,1.1395620325915725,23.59056876049934,11.67856591601898,2.434252619302928
3550,1.1410410659329646,25.695366445899587,11.464196708371375,6.848437725822316
3551,1.1412757909184175,21.75993674616728,11.523979512359205,2.4136079128783994
3552,1.143673649524537,22.553195023115993,10.629786696709004,2.050814637846082
3553,1.1408773425680134,22.97403952116989,11.82289944810431,2.78531959357813
3554,1.143829740615952,20.54071360395087,11.52669802974383,1.72776367727617
3555,1.142489754881572,23.048031608390964,11.431866629441664,1.646677835091729
3556,1.1450188288450345,22.812339307253406,10.907331286410196,1.7296725987038648
3557,1.1482817213800487,24.399563063563818,11.139937951819801,1.9336839547919122
3558,1.1426044888188513,22.28025645643802,12.615271716092519,1.182019946689657
3559,1.146220830175023,21.999149906551708,11.888529904353172,1.7816254679775003
3560,1.150551128147992,22.16831342452534,10.0781924110544,2.325126148362401
3561,1.1487083800037123,21.738728519947063,11.533823898776195,1.4827786723882193
3562,1.1505383256249033,21.165188739236793,11.099424224385835,2.42023649284685
3563,1.1649012822886453,24.565857962389618,12.219836553664056,1.4308068337185573
3600,1.161628227902734,20.88122526464282,10.491899437877667,2.3675526173600554
3601,1.138956010346853,21.18184301244611,11.543328052010455,2.5520265385704155
3602,1.1390913357968806,22.235835366514834,11.48511464381951,1.598654833496348
3603,1.1396758351945937,20.549348172028907,10.739022044387193,1.3293704336337318
3604,1.1374177271029462,23.435065820983855,11.075269655211622,3.518379964966273
3605,1.1416081365694632,19.760038213855,9.818431668381072,1.5188460669923098
3606,1.1405947896398931,22.08005233084283,10.361277155885912,1.112741814836017
3607,1.1346665722700948,22.936954908955478,11.03432692842303,1.327453942898961
3608,1.1411289556455995,20.613911646781233,10.331548258147373,2.1078385649711584
3609,1.1353941890058477,24.067415580835522,11.324044902065499,1.5373330879045335
3610,1.1341099328054134,21.185103608619016,11.261635451457654,2.0420831606059817
3611,1.1325167948829598,22.567807043288276,11.027888844195104,1.8045558482646058
3612,1.1355738726116682,21.715403277071516,10.492813653164127,1.2319948527688576
3613,1.134588560093995,21.827050564670802,11.542455099127864,0.7887288560236442
3614,1.132340177692161,25.007662150423233,10.940476489516232,1.2509020038908558
3615,1.13180405420039,22.64089781858716,11.027299307683393,1.2408312667059826
3616,1.1351712861472802,22.77375855470976,10.60673230692733,2.0432906623837144
3617,1.1334933053094403,23.504038422421775,10.833039378382683,7.595564313274933
3618,1.1353933362718316,22.383255522731545,10.60301552624495,1.7007399148440956
3619,1.1346884502251646,23.595295490641433,11.014524936203603,1.8560932653742654
3620,1.1365677765011801,22.74931332058022,10.488577749434677,2.8878655814471634
3621,1.1345654303849813,22.02604505405654,10.870247696883805,1.6919253595914088
3622,1.1388190646468592,23.741969072021867,10.847779549977833,1.4217581511418802
3623,1.137984134611424,23.023399448181458,10.674667549061429,1.30838661676691
3624,1.1339146222375718,24.252334553941314,10.958461481651783,9.015267217074694
3625,1.137911270858518,24.629802299206432,11.02916212904086,4.218368946976349
3626,1.1385293996947852,24.31429570571007,11.453641226172012,1.2714857528753003
3627,1.1390904671153188,25.300638425755768,10.440818718272181,1.2535588677228222
3628,1.1372126419927784,23.31011298422009,10.855516082807652,1.5027128476175051
3629,1.134176045421285,24.88344190031498,10.88239286097394,3.765386900097125
3630,1.136978815970981,24.09373259478852,11.0567933280501,1.2500211329012494
3633,1.1315859394033083,21.49350197368445,10.909919255037313,4.541673219346174
3634,1.1320541683476526,23.653554450786196,11.240115133048548,1.363188730670106
3635,1.129773617749481,24.465424679063723,11.678101569207808,4.169176009577806
3636,1.1297387937883467,22.934171224303395,12.310898388109747,1.6430431926291913
3637,1.1329922130082404,25.314584024625898,11.144984202289951,2.850339570209972
3638,1.1378420716542237,24.213155579603537,9.918002575017928,1.4715330124778034
3639,1.128906082046741,23.108793575846228,11.571235331698592,3.341250105071091
3640,1.1312178532999217,23.880915684982593,11.08331597879978,1.5216675876168813
3641,1.1310360405972375,23.979960140082948,11.63874813234867,1.3337619896170754
3642,1.1314791851136239,22.371495724223184,10.95939768318931,1.8020746266204362
3643,1.1339418822527962,24.128642994265345,11.124277437845892,1.688032979864802
3644,1.1322035453152077,22.883890720518618,10.953679569915968,1.2960889015066521
3645,1.127022670143196,24.362618458670262,11.467826874914905,6.956072130092959
3646,1.1324145021496759,24.746666972170907,12.089552981189843,1.2918020314260688
3647,1.1320908420538485,23.55902225168378,11.087187072138764,2.0478607034534995
3648,1.1304911403379667,22.54863744505162,11.554735183399641,1.710152033593317
3649,1.1334093172142925,23.181856534227094,11.618212963880914,2.8964298316089963
3650,1.133527627000292,25.563193977352373,11.786623681412186,3.6877125740425476
3651,1.1327204888985336,21.590305665548403,11.333909822347827,2.1908727883230323
3652,1.1345792435056838,22.371288450479568,11.003740716693335,1.3419785186563464
3653,1.1359917962289139,22.821648161693066,11.850599829466285,2.952581865963404
3654,1.1346152304544106,20.27140126830164,11.923610385962645,1.5936676533661303
3655,1.1374040503373044,22.712298329198273,11.264210560394817,1.5762729217126537
3656,1.1356417341771634,22.456617540003926,11.29248617095513,1.8061092055114847
3657,1.1376220684301772,23.919773934925864,11.405419890715436,1.97556468261254
3658,1.1362868205479024,21.928484475150437,12.610926387553661,2.0196251515415433
3659,1.1401178278093467,22.002424595817622,12.154513605270674,1.3360681928246105
3660,1.1418578257263228,22.28931174659872,10.559655898656164,2.102074862448462
3661,1.1418990991497737,21.7234653220817,11.773035773584416,1.6364613783704973
3662,1.1441676620516148,21.476012910094767,11.503379674050915,1.6599242258473457
3663,1.1595278782723923,25.03939050715574,12.206170319583512,0.933419855794896
3700,1.1709610343218988,17.78518180296095,9.52231950761997,2.3126955242006515
3701,1.1482563985502803,18.41539555082934,10.375008271080018,2.9843916723077855
3702,1.1480233999577114,19.475064205661607,11.292506378056595,1.773660402046127
3703,1.152662309989654,18.17120855781709,9.995290897921121,1.7875515279291998
3704,1.1481149631698202,20.5154138083129,11.271411465714035,6.531721926872251
3705,1.1517220059851276,17.18111795366079,10.182905340844647,1.8915081390694894
3706,1.1495804660895963,19.399600467284394,10.272821516433858,1.8540382121461443
3707,1.1459822269084492,20.48272943917026,10.675736475736517,1.524494814084938
3708,1.14920626185231,18.239567685315265,10.140492631826271,3.726958976391694
3709,1.1460024749845579,21.70695028255401,11.01586103156193,1.2541236931992763
3710,1.1431705346588483,18.396426655617276,10.73434119404652,2.477676927597973
3711,1.143089670549418,19.798165575035227,10.929941606523247,1.45884266674754
3712,1.147010486332062,19.13842722101133,10.534915111443048,2.1583020904342978
3713,1.1432909372422184,19.169916897039844,11.433227097565723,1.3041758084789534
3714,1.140566418664179,22.264199403436347,10.86108313572136,2.416928061793357
3715,1.1439797715937212,20.038033629580212,10.503801355930165,2.0231169067136756
3716,1.1439943666424766,20.199407696575623,10.796669324668589,2.6224822156843044
3717,1.1453359561787975,21.09190728723613,10.531428317587135,8.016987714739264
3718,1.1452385532441145,19.81153628553754,10.65543493779293,1.3169706447510476
3719,1.1459738393904657,21.149580843072265,10.877269550943588,4.5171325926440495
3720,1.1470074494175766,20.149614412909845,10.387788906177486,3.131994946887806
3721,1.1434364940162645,19.292652066371875,10.840148143926708,2.868253123195874
3722,1.149949650603535,21.193537612112188,10.617098754146298,1.647844057515178
3723,1.1444714860712026,20.46481669432079,11.135846311495623,1.4404746925191152
3724,1.1444773985846588,21.920314819174482,10.696324416533065,9.610290899840017
3725,1.146703819574164,22.35921936752275,10.462841527102956,4.241214846770545
3726,1.1477577611927408,21.90214317618375,11.279801474726392,1.9707853248524552
3727,1.14895397180532,22.802536909110657,10.647520983949816,1.5784339781600742
3728,1.1454873910739387,20.59398989218115,10.438821619633954,1.3002719993451661
3729,1.143685231288655,22.310442551370706,10.687837594853193,4.169527570422766
3730,1.1472408743434392,21.322216374388255,11.315348239988857,2.1520604046365497
3733,1.141966957285122,18.842913453695086,10.826257649541091,6.049212064401043
3734,1.140165748912014,21.261512545246067,11.120974385577028,1.643662591953678
3735,1.1407136478310804,21.540978381648603,11.995262723658293,7.068727929488839
3736,1.1397513983519645,20.73872347889602,12.393117345360041,1.8017640154799772
3737,1.1425024438974956,22.752721691877895,11.278846512756543,3.7415991297258557
3738,1.146031035912966,21.375296701204924,10.434400729525366,2.0077912203186106
3739,1.1389261782211144,20.470338387452504,11.511077655114718,2.673896708534211
3740,1.140316981011892,20.962595054353642,11.686835875129242,2.031032607721593
3741,1.1409161008392443,21.076372830430515,11.997747632333203,1.6990308577119568
3742,1.1405472851295695,19.875121732403368,11.160446980193067,2.2456225521539803
3743,1.1408254095825845,21.64918175577559,11.189574039508903,1.5760936046292515
3744,1.1413385226166595,20.020313577860385,11.174080779492144,1.8304036533087285
3745,1.1388434502749711,21.697438845905314,11.415724411454747,4.8381565575147665
3746,1.141914233946031,22.267945985167223,11.5571456337088,1.7229281082519627
3747,1.1438080273654714,20.90099907638008,11.082645764428884,2.4875825948387913
3748,1.1408610472072338,20.111529957716925,11.715756147286822,1.6948142158440163
3749,1.1423316739116767,20.597599007141497,11.614721989101113,2.827033302350209
3750,1.1443743409361744,22.94238874771691,11.636739538051918,7.420741328184423
3751,1.145198896855148,18.674482684110565,11.586020491810013,2.4573852945075036
3752,1.1467475907933729,19.611091729194776,10.638129167829616,2.19496677748534
3753,1.1437439283404394,19.64904390853809,12.06452063899755,4.686638079903289
3754,1.1438933633850443,17.69573734215243,12.002113706998765,1.3793126812122884
3755,1.1475943296947289,20.146219526470695,11.123325471952878,1.3189831578967168
3756,1.1494038997656317,19.5458010163225,11.34409549236846,1.8402037018300899
3757,1.1519182603816482,21.215466522642124,10.905284293488709,1.9987265320057408
3758,1.146417933882261,19.447784781262786,12.497296712078366,1.7251361529711118
3759,1.1497251201614704,19.154571506996103,12.345799167128703,1.9171472835936805
3760,1.154768434438015,19.166462544617435,10.351347548114687,2.176167101555243
3761,1.1544660849340072,18.647777811510764,11.238676729837048,1.446947472588496
3762,1.1555715259867747,17.924677811367754,10.678391804319086,1.5479084926529754
3763,1.1712057668771256,21.488034011030393,11.690765143443718,1.3880517424313956
3800,1.1661808419141686,20.066423507700424,10.304726399890146,2.6573531975789475
3801,1.1437958179316303,20.708651608364626,10.511546475051796,2.3672937269733576
3802,1.144237628376624,21.89889155372015,11.107409888391848,1.7272824913285387
3803,1.1473016798571578,20.486725821710372,9.995835403017725,1.5647196882953962
3804,1.1425593896265747,23.229528436812405,10.711365517489433,4.984152298713182
3805,1.145558914156474,19.554666505618226,9.666457550073126,1.2019915934393886
3806,1.1453024437294768,21.601864333465095,10.266336054268454,1.6720962721665733
3807,1.1397087748747878,22.549672054103194,10.573255050153268,1.2581045241290973
3808,1.1466361584685683,20.282827195681314,9.940012635428033,3.404088392405251
3809,1.1412727884941574,23.721121097880246,11.467547592072895,1.4765618031007033
3810,1.136538082438305,20.766505745246242,10.733013681908533,2.040545505419297
3811,1.13766531586529,22.39464781231549,10.871091948493701,1.9204180703913016
3812,1.1400541263840438,21.416057857164976,10.542847139474128,1.3296615147040478
3813,1.140168064367472,21.535715045762018,10.875249902076199,1.0439406904951543
3814,1.1346456719111258,24.671110434388638,10.906628494274864,2.453591498319187
3815,1.1364596122580637,22.331497045184683,10.61617422189638,1.3188147677490738
3816,1.139548175620274,22.305919033750136,10.23496331582391,2.6769771916163245
3817,1.1394668317997598,23.54339909772822,10.302363955497361,8.754647023940993
3818,1.1374661776902872,22.272076946736114,10.266829026351466,1.7034869746793035
3819,1.1375660009354946,23.429639404318884,10.927867408401445,2.4691861210373958
3820,1.141911971091239,22.195523497308773,10.352614813131392,3.134777134024355
3821,1.1382843174051804,21.575343950285788,10.881141204376057,2.5254284433279
3822,1.1426456404131333,23.969981786419137,10.21202584014569,1.3086201731260318
3823,1.141180559713119,22.752821922204784,11.08486000306559,1.1945201580056717
3824,1.137988919798112,23.853464933612344,10.631017857385265,9.017151848646906
3825,1.1427359683421126,24.80649604373337,10.636248436348883,3.9536003274593083
3826,1.143012554667413,23.857785492133225,10.799934842751657,1.358687209180061
3827,1.1411035851036062,25.118529944550904,10.420722325192504,1.3414475465350113
3828,1.1392685637077848,23.153693843387725,11.045589114055113,1.1049287901897575
3829,1.1407189127140516,24.75648801721921,10.69407101814365,3.089488247829138
3830,1.1404619982383244,23.743132056790152,10.88180897658209,1.2650843644502032
3833,1.135740429657421,21.196012639478397,10.208266478701747,6.3401365211318055
3834,1.1362572807735538,23.35147728361625,11.03536715650107,1.315488063602638
3835,1.1358761610535755,24.303339732114164,10.963685191143561,5.807338000446864
3836,1.1351287990649257,22.712613644502053,12.087767829541077,1.403655607447681
3837,1.138773428284116,25.228331778949535,10.798926438334899,3.2022137772399337
3838,1.141247075470399,23.53364524536778,10.0385580355568,1.5706711191604668
3839,1.1329646055564144,22.993666344042655,11.658771520018242,3.726569424146808
3840,1.1382222030362377,23.36748017470914,10.917106964930168,1.3133747414383938
3841,1.1363126875731357,23.098338916906012,11.678050429400582,1.284173691999724
3842,1.1382403756205262,22.294726333930814,10.686237434146795,1.924332295574839
3843,1.136780053373052,24.089124028302862,10.86881037001687,1.5072050519365112
3844,1.1397020825991284,22.532180466284387,11.074573046921074,1.5780866517702108
3845,1.1330623525927417,24.062579367430363,11.313362331877562,6.01315511590109
3846,1.1395794665882222,24.347698799558003,11.265271598926983,1.7339139671544772
3847,1.1383654634026448,23.175873424226168,10.47943223098059,2.5287548396747006
3848,1.1372555741394215,22.233079227590416,11.270395508187583,1.7700594926855684
3849,1.137178143568649,23.068584048363203,11.643362887344022,1.8961826387682577
3850,1.1398160496226006,25.280393018931946,11.70511636295556,5.078531375176391
3851,1.1402238370552549,21.009298201258115,11.647257820278817,2.3849918434692485
3852,1.1425045468699506,22.00640587096199,10.679117958088849,1.5657489171316725
3853,1.1398984898060975,22.272032108964083,11.367820551923252,3.162560473405385
3854,1.1406837811822204,19.888125275905328,12.094568724676598,1.9504182596908919
3855,1.141742772973407,22.46819854447818,11.071135367271632,2.0456497122621258
3856,1.1448390090107183,22.273845814806013,10.795931530580274,2.5375099503657816
3857,1.1448427966856611,23.413983779599615,11.01745965741129,1.704009079311565
3858,1.1410135086503825,21.46247860109086,12.465893548947424,1.5187205613770343
3859,1.144274490855634,21.71149770745846,11.903925976673774,1.2943432289277377
3860,1.149649067906367,21.561923089168566,10.112278185643747,1.860270406157633
3861,1.1468943396037279,21.394496281922205,11.54413265576767,1.7316825030257041
3862,1.1496664842983209,20.731015611518817,11.054046586964825,2.26909516066263
3863,1.1634781976452366,24.20630206623153,11.979148283625848,1.5266414393715775
3900,1.1661065361193559,20.87692039007484,10.172876246327256,2.4513337135277737
3901,1.1428860956146485,21.289224295088825,10.873203471857344,3.685338732701171
3902,1.1437239503793009,22.283749894824723,11.279335953367928,1.6870052881745827
3903,1.144584372250316,20.923427667190307,9.885484311531322,1.4165236927306746
3904,1.1399698031267131,23.811334160635763,10.784711935958155,4.684600133199774
3905,1.1450712234724674,20.012429221260813,9.671410380684241,1.2281192026873302
3906,1.1451915088485387,22.194410313922265,9.951182820338554,1.675123212466884
3907,1.1381338424466205,22.97796837306245,10.533694218037251,1.4513031230223312
3908,1.1438548147186929,21.029100989978584,9.80639302605613,2.56287068852078
3909,1.1370427800277305,23.996930367844453,11.269044391010075,1.2128163004654977
3910,1.1372064097901164,21.123051253982783,10.41750154949126,2.197430576881485
3911,1.1347947314871438,22.68536424837614,10.66122578821626,1.3968394315840655
3912,1.137263841635508,21.909874354177564,10.476277611363548,1.178928602510627
3913,1.1356300288744587,22.14213739709975,10.924498506256525,1.7296849086559534
3914,1.1322766204235295,25.025144097367146,10.792488589948206,2.241074386985308
3915,1.1357674440762933,22.401570517290917,10.78299004318593,1.1880646267451291
3916,1.1365503824492915,22.410411878242215,10.49032178983939,2.6470735150088904
3917,1.1383415490296063,23.487547234805145,10.217402931745497,9.935516741348316
3918,1.1376982149487775,22.599045729766633,10.309197636801507,1.1937494417329464
3919,1.1369454086367545,23.732376967639393,10.686774051677816,3.5987271143369197
3920,1.1394894229475643,23.011947249732025,9.727978199664948,2.465611241354734
3921,1.136548524474277,21.75164929415636,10.772275023521559,1.9706957493141615
3922,1.1416819912882907,23.867354257490515,10.04534002124959,1.0638528472057303
3923,1.1399737417320037,22.810587032267865,10.78772939715683,1.316176680192756
3924,1.1353656079628567,24.471898712588008,10.336042969282826,9.674965528428523
3925,1.1399304624952193,24.995086734875116,10.873172167829578,3.27713140443764
3926,1.1394308013628593,24.093293698166402,10.922266968796352,1.5348196764066842
3927,1.1402999242622889,25.693702976519475,9.889773001315653,1.2727223640874734
3928,1.1381261075910045,23.394301685633305,10.696068370891426,1.199759344676454
3929,1.1356004017863195,25.184059110809038,10.371045724156392,3.7462864676829173
3930,1.1402902828234251,23.895240588913055,10.52479090893298,1.6443793240477127
3933,1.131392081798625,21.86383044162662,10.381372355843304,3.90378549112619
3934,1.1334661135677815,23.934764119699867,10.940326452081923,2.0597942923274375
3935,1.1336698058418344,23.8866394889815,10.931223928638717,5.131039245805306
3936,1.1309627895047685,22.61331168719332,12.024425341710693,1.3591543218908968
3937,1.136363366807177,25.288914099675846,10.781030405713736,3.7493675520471346
3938,1.1385397670421562,24.170727781073115,9.864010988268694,1.2004619617627872
3939,1.1312073063462353,23.152382502690635,11.179933203091588,2.8749057675621517
3940,1.1328069429693015,23.910288412205077,11.216869479397632,2.3418939829669156
3941,1.134187077395906,23.77383302170087,11.316277200576415,1.4089085364620864
3942,1.134261722591216,22.589827443514157,10.622650292587505,2.0242933032790504
3943,1.1336941670740048,24.449378405663076,10.813959016086757,1.663812201722625
3944,1.1358032966598113,22.92459935813991,11.001219385147927,1.3030157875497546
3945,1.130154564961174,24.567994331133775,11.036093400867427,5.945127818777695
3946,1.1347459818176209,25.00649685312772,11.475547437677012,1.6342125804839456
3947,1.1370125939299347,23.777668875027597,10.726343344818178,1.647393485904703
3948,1.1327241839050561,22.64485648452169,11.521968386161303,1.6138142199992367
3949,1.135498012374226,23.879330887292607,11.1594168832951,2.4873886628392468
3950,1.1347180784522184,25.84598106773125,11.194166207619611,4.701738308903797
3951,1.1362213742613674,21.948313879910724,11.138418143486255,1.6671730859639766
3952,1.1391506783721381,22.57233254585424,10.23744376853942,1.464835697300725
3953,1.1370673287277044,22.864935263164124,11.777233602295308,3.253406095816721
3954,1.1361920635787888,20.40860588360378,11.621794238132148,1.4126958066050765
3955,1.1375320268176827,22.98881774683551,11.146250964826741,1.079060514273796
3956,1.1402470233088748,22.653189999093854,10.480030891532486,2.006750479916959
3957,1.1433287502948746,24.04720780366172,10.996319874172936,1.6726359150394499
3958,1.1378279291800633,22.093873877576243,12.671302485735598,1.8257928959712497
3959,1.1414126435229162,22.001994669543155,11.76094599794041,1.755188096022788
3960,1.1475830575310928,21.785988513128274,9.97493176727265,1.6662609702321298
3961,1.147018805246694,21.715231203240833,11.338670838585436,1.6757485556928529
3962,1.1476233414848542,21.329167263844564,11.004627212020727,1.7369037980257418
3963,1.1628328568784612,24.735006543596512,11.462208108618487,1.4057916815216138
4000,1.1661028670063731,22.67283241513449,10.217124678242202,3.087754647774651
4001,1.145209955139566,23.27611300873728,10.60367258658584,2.827041249577024
4002,1.1440431981337031,24.219655611705342,11.415609170491212,1.7400862742272594
4003,1.146612713136625,23.08931419578831,10.11578112812058,1.199560835369938
4004,1.1394186120660468,25.522306938410843,11.1917243578346,3.123821739934577
4005,1.1452245126919784,21.891878993042265,9.647794424008843,1.3505105273238398
4006,1.1439664483766818,24.115321382977307,10.268574902677381,1.0483681683664183
4007,1.1387614097079217,24.830674749810314,10.5034560075232,0.9724967235275994
4008,1.1430464718189461,22.989514582832232,9.968862776251738,1.919613299813911
4009,1.1373528657572265,26.191098191934355,11.279681496831083,1.2927013671023209
4010,1.136566138662516,23.03434424324979,10.620711016716378,1.6072113279985043
4011,1.1363601267001018,24.742597696408918,10.691537520641509,1.5545075060351687
4012,1.1380546455551293,24.169607507709564,10.266951378814799,1.1848657492674781
4013,1.1373706869824918,24.23585053525026,10.782790527866657,1.122111678005492
4014,1.1329876100565288,26.7959647843851,10.985106376059186,1.9686053857008383
4015,1.1342404217005941,24.65076700257625,10.711888127100018,1.505071242606658
4016,1.136182767591974,25.030824712403817,10.612346824812668,3.22474393504869
4017,1.1363874677781365,25.69104968116511,10.3822540654848,10.450271508962071
4018,1.1368660682491694,24.309499488733376,10.475427584218128,1.3278766029546958
4019,1.1367846895158003,25.629268049069704,10.601843142839128,2.1622543584243155
4020,1.1378934703594614,24.912843513811733,10.47707147616103,2.522344352203696
4021,1.1356549035650982,23.864496094284025,11.080193566696247,2.1548366008769357
4022,1.1426247312777058,26.165896594478216,9.813130525346018,0.9100486667074167
4023,1.1392382782631232,24.96093495303967,10.73781430583011,1.126723235589233
4024,1.1354054013049997,26.5931141583787,10.73927818176405,7.674107580869382
4025,1.1409936678734705,26.923254684679435,10.566851863067594,4.239198845037999
4026,1.1395611997462023,26.49427436210163,10.674390000536249,1.7644094559540282
4027,1.1398034017527348,27.464268800045296,10.624367508164934,1.5387328723476865
4028,1.1379598983120167,25.416777148188338,10.79773319645519,1.23510335266675
4029,1.134886403499625,27.196444165210963,10.583566723808627,4.0927508113695446
4030,1.1380306573680372,26.205664365351545,10.935415790904894,1.5754420206267068
4033,1.1332941370705905,23.577812410150155,10.085118821340075,5.217175953308094
4034,1.132327846806018,25.721335599882263,11.332078819278907,1.8210389069246495
4035,1.1308388211221942,26.836640692224872,11.067872477295158,6.193856251541207
4036,1.1312706393679157,25.329424348591456,12.04389439927028,1.4466913513379045
4037,1.1354790647731676,27.563330147029664,11.040951738431865,3.3313147539708217
4038,1.1399817770158378,25.882953506853493,10.225447591687942,1.8328433779532616
4039,1.1314562871499079,25.298792525044156,11.452949536861233,3.1338645690655182
4040,1.132058734549387,26.006130573188898,11.113894266873677,1.604843358177896
4041,1.1355774791140878,25.413969334173757,11.545636045655845,1.330446201287597
4042,1.1342928944781092,24.521562619062127,10.825409849009764,1.6210209595775595
4043,1.1326049078465563,26.38395355971158,11.02310292661702,1.1765530275837224
4044,1.1354130586140763,24.786559650535438,10.968266705082154,1.5514208968885455
4045,1.1312344151136937,26.558702757704012,10.978784537695946,5.181266823938555
4046,1.1347720523025313,26.78722489754639,11.615208658348601,1.8955751453100738
4047,1.1347047027468038,25.843919335525623,10.993263053962833,1.9966452229134255
4048,1.1295222987375024,25.761175333538027,11.646372926057627,1.9053173965211574
4049,1.1318144186006553,26.043139400103826,11.632791381715844,2.0630144132973407
4050,1.1366383569970686,27.75985311168603,11.515146742729208,4.996444348790742
4051,1.1367149508460423,23.733607886134656,11.357654246161385,2.1957609525379187
4052,1.1401768118943734,24.276788274226046,10.604961342984748,1.6680811428527176
4053,1.1389800589442616,24.50601143995297,12.091343893671572,4.070477058725119
4054,1.1365120941722096,22.337368194675886,12.08580151271613,0.968759787141499
4055,1.1393634761845242,24.89421485354227,10.837613770712732,1.7135373756246535
4056,1.1398852683068261,24.44079509081621,11.328053862315146,2.178584918045458
4057,1.14238082503908,25.72293194948467,11.162064228567223,1.9048955434879125
4058,1.1386209743427051,23.79895062029608,12.615245044154443,1.5667185790907798
4059,1.1399251368625345,24.519686123014598,11.894265359876673,1.4703306457129244
4060,1.1455526145300856,24.19657838220902,10.455693354640825,1.876908178148496
4061,1.1459839607058402,23.66827766883488,11.16943850286553,1.5202156274523204
4062,1.1475404135846556,23.42987526048418,11.01211873759886,1.4782916985640016
4063,1.1612387109580324,26.87151403192918,12.37867245643579,0.9989341997700819
4100,1.1646099525802975,21.38728109300264,10.15513382970437,3.2990680145429083
4101,1.1451565309779619,22.24249184335193,10.446601881927938,2.6237231301098274
4102,1.142605335963724,23.286245016766124,11.111692012787522,1.7586202325968694
4103,1.1467204155456359,21.731203087947122,9.773989595270825,1.7824536565629816
4104,1.14138324507158,24.55471102796192,10.562298607569858,3.954001933549173
4105,1.1462083314578364,20.775622539071648,9.40135145608649,1.0438049011705028
4106,1.1447081627211304,22.910662162959504,9.964539858686733,1.0271946409541093
4107,1.139809426564659,23.823985480931224,10.530036365939552,1.5409574035333804
4108,1.1450865009709053,21.762957615875266,9.56950546437919,2.4472597738092166
4109,1.1400052358370312,25.120099060251835,11.167363412618975,1.6706943176297748
4110,1.137260589592954,21.6907079278437,10.951499061384697,1.67738407737606
4111,1.1363432192893366,23.327811713856274,10.631887059306319,1.409174423035198
4112,1.1378544158232855,22.328338513750147,10.705780685737611,1.3106908913684878
4113,1.1363860665058132,22.8121762257364,11.359242574129583,1.3609977009665215
4114,1.1361026755369377,25.655620107197073,10.575262014314905,2.383011094899894
4115,1.134495142959246,23.251564473028402,10.679841549082983,1.225207318418077
4116,1.1367769380587471,23.378250480176543,10.251898198625296,3.3190641429914858
4117,1.137420621662419,24.459246625587802,10.155640285681288,8.841775911820216
4118,1.137202007531575,23.124938086430088,9.881733424123375,1.4696874060798786
4119,1.1373834699514658,24.424603792267554,10.453809343252129,2.260967262989705
4120,1.1382299733445773,23.59156176773602,10.038419969004103,2.9614281416966115
4121,1.1367943296507523,22.832106816751697,10.655011125269942,2.48719237530473
4122,1.1422171173504327,24.790601889961493,9.76409406549602,1.322949357436042
4123,1.1387873680773923,23.931170376427982,10.888599634705228,1.3569994744955716
4124,1.134363566067392,25.398668153293084,10.60884051248569,7.468509366620336
4125,1.140159861801886,25.572523847419287,10.934896489535442,3.867434402431879
4126,1.1397199688298103,25.167271351796305,10.64596390893741,1.2756499370534273
4127,1.1402733798141997,26.505971688574782,10.562067618444006,1.254891682418158
4128,1.137257608467851,23.946170109974343,11.172107234656735,1.5018005365777172
4129,1.1331792763532003,26.188630676406582,10.212687791532002,3.6638579153893764
4130,1.136648327328141,25.050680817599343,10.447057723714908,1.4675964459823518
4133,1.1325019141163013,22.519623952800366,10.532988626991791,4.949109475013095
4134,1.1332215141322302,24.285373768224026,11.316055941550749,1.822904270382812
4135,1.1317752383576183,25.283877049132855,11.092903675701224,5.171240955572051
4136,1.1311317884557983,23.832267231319378,12.351472279610462,1.2742177616976473
4137,1.1347604579494661,26.453295097479714,10.779376147228298,4.418515649425046
4138,1.1388607103112023,24.853086802496474,9.836726474073542,1.3985237913757387
4139,1.1301832365287856,23.965164211540365,11.478110168826197,3.284434299289624
4140,1.1314016800115005,24.658069834314198,11.078725292594775,1.9028111552586993
4141,1.1338186626506195,24.721039903841785,11.193247615879187,1.2727138907108693
4142,1.1353442883458316,23.223199195328437,10.884565961331594,2.0935076693489165
4143,1.1347894367408304,25.17666253091718,10.808041425107977,1.1904976537368985
4144,1.1371598163668422,23.505534578410213,10.953218344242359,1.325788786516496
4145,1.1313659411578145,25.52344372400525,10.992032790833239,8.945923376090073
4146,1.1338691084810413,25.44640026046245,11.70326837431829,1.8834906197723913
4147,1.1395132673961055,24.249882159134472,10.511466545185623,1.406527500635442
4148,1.1287570045919522,24.67281655787526,11.422857780946982,1.9467166673570673
4149,1.1343748943221685,24.66595293257575,11.202422719492867,2.786300203851845
4150,1.1358844803820036,26.696929205184823,11.339183556984029,5.722690537593921
4151,1.1382845427017931,22.55490442432647,10.886327135332847,1.6818470139061785
4152,1.1405329461890674,23.162691617835833,10.232043494220271,1.4684767031259378
4153,1.1378797646398109,23.2716763641149,11.672319541535245,2.955835747664062
4154,1.1377427048571938,20.80579789561629,11.908010470465532,1.8633201178660665
4155,1.1396123281139203,23.792543992171865,11.018065749415824,1.9188702275001492
4156,1.1413548428953464,23.562360856157305,10.679700546766574,1.671369527589404
4157,1.144453850753408,24.72169151505558,11.317655465137202,2.190010414767177
4158,1.1399598852956268,22.46081656242533,12.349833431020963,1.7120850789518067
4159,1.1423634600349823,23.010322465021073,11.924658341861685,1.2337982959395557
4160,1.1462587923950223,22.873643527513824,9.960457746111768,1.9596642805744098
4161,1.1454733643795016,22.969771871850448,11.073536502837255,1.1977143881253276
4162,1.149227506329066,21.764182364141988,11.123415674338927,1.4857665734732226
4163,1.163327821265399,25.045813040680116,11.704350938427407,0.9989728700968128
4200,1.1783077075327149,18.33841678558578,9.754181374069805,3.5272118763541886
4201,1.155048847349097,19.25868469060916,10.534026030949812,2.362959158737033
4202,1.1530762565420674,20.554433391026983,10.701340276719353,1.3594797821107347
4203,1.1572089135011336,19.331967725998684,10.17554267216774,1.1912689886940608
4204,1.1507985259584546,21.808925851471308,10.910910470074414,4.379996364307826
4205,1.1578166393760319,18.19922085413876,9.365052678327453,1.3844185211565745
4206,1.1541722413008575,20.485265524629003,10.081233700079926,1.573732944163909
4207,1.148323518106116,21.301771544519593,10.700618991551952,1.6386752022295983
4208,1.1538806569994657,19.31098387346638,9.605688084062924,3.1827761660948473
4209,1.1506119985412122,22.443550027411096,11.304511531699342,1.8378871191158535
4210,1.14616350984019,19.341840423593595,10.937142187855693,3.4319810543728626
4211,1.1467453365365103,21.00427441401544,10.81547061381564,1.3820316288361545
4212,1.1481994759599772,20.394237032448576,10.335371373104087,1.8547129457203682
4213,1.148678465177763,20.28448820764994,11.07523035903516,1.5004450907950964
4214,1.1444168094252598,23.019323355721824,10.774400449893166,2.083803362723966
4215,1.1445451465447734,21.04773821168689,10.327308221349115,1.412527811862726
4216,1.1465588628289503,20.908454519624378,10.73576729532912,3.5571774605775475
4217,1.1465959419231886,21.91911137742965,10.174915783231564,9.283656394411592
4218,1.1468453228429576,20.63506685820718,10.021971759012578,1.809904801645433
4219,1.1461932577671565,21.790800943011085,10.391538486303714,2.7205863368619125
4220,1.1479500268806893,21.4234538343154,10.387431237855663,3.350660217832284
4221,1.1444986992098898,20.166210285956943,10.713797392244636,2.901113986931992
4222,1.1509484076162209,22.139635801713474,10.203040607242809,1.4401685220408318
4223,1.149010824121224,21.583394817919405,10.41342536060238,1.9314759732631654
4224,1.1456259709957337,22.495465179828937,10.823747628357143,10.361634814644518
4225,1.1490312065044577,23.15301185732876,10.752467938661278,4.637524897340423
4226,1.1484595217936555,22.63900466613358,11.347493312552086,2.022350133940033
4227,1.1501077560263904,23.810147823232448,10.015601259616572,1.2676252817024398
4228,1.148682002472163,21.834007099687106,10.682895210420593,1.3843240728211201
4229,1.1458794887114145,23.56277692179771,10.488737603576407,6.97116928066637
4230,1.146380217915539,22.58171631679771,10.92597965902953,1.7359641709931963
4233,1.1440325098205764,19.518083519538983,10.46740016690836,5.5895272452413405
4234,1.1431686884122612,21.67698597307143,11.276632245813808,1.9905591395174946
4235,1.1421516818031583,22.53592271625697,11.55463089931465,6.893108675592505
4236,1.140275470400366,21.072498160485573,12.219049380635072,1.82773992501804
4237,1.1458160171813345,23.709805824489656,11.127602097162999,5.211895959986811
4238,1.1489906128915046,22.212180942248313,9.996295600808649,2.0708320833816436
4239,1.139807320713741,21.607524239336833,11.711402149067572,3.0008421544069432
4240,1.143570192809419,21.612786282649783,10.83300032290985,1.631558168650386
4241,1.142766976080891,21.733713447231708,11.634491246813429,1.827049020904666
4242,1.145134905972106,20.83325956100438,10.863156871410245,2.5972629146074624
4243,1.143528966603138,22.827550139681914,10.919276813504728,1.4485981260703134
4244,1.1470064681519483,21.221635133637292,10.731722184743704,1.5048635393966718
4245,1.1418637845465884,22.910629731919286,11.108006875183728,7.804296467363214
4246,1.1467884278243285,23.282680814845797,11.354932159615123,1.8862942748630864
4247,1.1473162635861391,22.398910390495796,10.47765326941944,2.3904323416520983
4248,1.14265910263634,21.571070413150313,11.333273857474566,1.591888192312366
4249,1.1433487476350732,22.006295905431646,11.37666624147859,2.308019866290503
4250,1.145418509666224,24.266471751852343,11.215337417555428,6.435099341833567
4251,1.146023144991528,20.179932717595417,11.126741861741296,2.849538992981449
4252,1.1484128838462027,20.590443389726218,10.680901448028196,1.542825178949595
4253,1.1479090029522079,20.98397579885464,11.636200191036348,4.7935056851771645
4254,1.147447031826193,18.318821049338013,11.924131858892965,2.1101743067990135
4255,1.1502943828226009,20.92798769317093,11.171594067378974,1.1412135189125936
4256,1.1521405689998898,20.449074302996454,10.789663724244281,2.3192328645385065
4257,1.153642661985306,22.067739002302673,10.91966336150221,2.3127261350588117
4258,1.149047498768174,19.943905311745155,12.573262758585113,1.5355692608305715
4259,1.154027299072164,19.95424034089574,11.487781071112588,1.763578694580262
4260,1.1590847994254059,20.027372968167192,9.767522518504602,1.9919610366819658
4261,1.1547373621733352,19.85864528024938,11.296445806066401,1.712273685489011
4262,1.156512191872397,19.561336250878952,10.778896068556648,1.6611673017545776
4263,1.1711830015284985,22.022782779621792,11.639878029680895,2.264973875288353
4300,1.1769283303776321,17.325712958055316,9.61485595322151,4.748014885115192
4301,1.1576113808371296,17.90564065482983,10.472735899415145,2.7135055095353984
4302,1.1584659844174816,19.630506923013453,10.80414795920472,1.465257050384061
4303,1.157768258433836,18.473363689498225,10.217069772208086,1.606050507394702
4304,1.1529400068086308,21.467550275423978,10.945566761261574,6.09940849914231
4305,1.1588400492004172,17.379082489334863,9.7644819525785,1.478486015188622
4306,1.1562945639198758,20.11821578106044,10.469172334932814,2.4528490911441097
4307,1.1505128182033841,20.528281767637107,11.036195927566594,1.4340250871966242
4308,1.1556254800966759,18.423909947992033,10.235246281605308,3.3621837999151327
4309,1.1510573899631376,21.71243433456523,11.738429097675326,2.1074073294867617
4310,1.1499547925056128,18.74790301570716,11.038096255476926,2.6642302779932905
4311,1.1474204282135625,20.362202652116835,10.761933969839633,1.988050836980545
4312,1.1493367941986392,19.93465193539727,10.446866134815687,2.3010149411875496
4313,1.1491517951473442,19.70167888792011,10.954424300891901,1.7976291426064253
4314,1.1460533045690953,22.127774092158507,11.245495745547782,2.5353056136671612
4315,1.1459468965972184,20.230369668853058,10.713883670598994,1.5907237826547351
4316,1.1476790809386657,20.3942675517478,11.120189246141535,4.499318907247036
4317,1.1477692931663304,21.365179651274353,10.379878440397565,8.31302435532756
4318,1.1492096769905717,20.4386997454873,10.407429438038394,1.6836234159257404
4319,1.1466505674537204,21.351076504529733,11.676346586893711,4.027734417048848
4320,1.148588184762849,20.405129597798656,10.820022383345634,3.274701643256772
4321,1.1468057274300811,19.472318022175877,11.12676533262432,3.145105640131566
4322,1.1522866243483478,21.517151990204045,10.783205275149488,2.037328516819764
4323,1.1495710377497674,20.860679495576665,11.31764618103859,2.0353001726585993
4324,1.1460114948983615,22.047293211146233,10.654433628975706,9.916470389786065
4325,1.147924527946223,22.360137195862453,11.415342400068653,6.061928266008201
4326,1.1478992474797307,21.73523447534198,11.310600776245645,1.6207420433572028
4327,1.1516130515692269,23.030333289224963,10.325911133953163,1.7576509363833361
4328,1.1476062489884526,20.96575835958592,11.105295632936752,2.0309978136132405
4329,1.1468019083824308,22.941582995558612,10.925974838412586,5.9008334782313865
4330,1.1476470838169306,21.721967817630077,11.296257995155573,1.906958116632526
4333,1.1440999411854818,19.540016316954432,10.781923507564684,5.303871144944843
4334,1.1450641971638493,20.866279359133607,11.258580120830244,1.5229821240508739
4335,1.1445523636469612,21.597545309090677,11.374785351568507,5.806125263535807
4336,1.1426468057391803,20.76073315809524,12.452781209043918,1.839741505771991
4337,1.145934507553487,22.950156343119012,11.11162590995848,4.956547177704404
4338,1.151069614726706,21.630274076793437,10.092468213977579,2.20723911309141
4339,1.1421537915315167,20.630119650134276,11.826602223828594,4.192636172090699
4340,1.141913332462974,21.092405224940947,11.589922362429588,1.9210362099437912
4341,1.144292152421662,21.116907132102913,12.003762532116724,2.1350804706782283
4342,1.145498655235756,20.22960001903077,10.808299841079252,3.699948961017377
4343,1.144359564393965,22.346055539158407,11.177577367891185,1.8466543093067582
4344,1.1474477048454266,20.497738229214363,11.116935164534324,2.0922465015066747
4345,1.1418969785555209,22.17446436030833,11.309202006080467,9.870716770700506
4346,1.147838228055711,22.525947022644672,12.018899258881707,1.8654435607530033
4347,1.148219341743994,21.91418909231463,11.033342487551325,1.9633438809460506
4348,1.1467653540853282,20.380006766272842,11.906120665319678,2.1863182548697377
4349,1.1460880717618203,21.36240001314239,11.536150406281072,1.8973358514247403
4350,1.1478688528938228,22.81583455350844,11.70715606548643,6.659353246383804
4351,1.149300485662907,19.299757506969705,11.472744445465795,3.041433756431608
4352,1.1515279973039634,19.796297633753927,10.54784193883654,1.893753151060111
4353,1.1503935792887277,20.35487485126889,11.708064181426188,4.0851135748206095
4354,1.1512295844960383,17.833897321919874,12.057111683566456,2.152145469074872
4355,1.1504691554163837,20.26494985177937,11.143105745379259,2.32659736313318
4356,1.1522937751392792,20.208881011594272,10.874407902882105,1.9234244323380667
4357,1.1562634605456013,21.619289613298967,11.071724152984817,2.8942190167333184
4358,1.154677271595471,19.590416507285383,12.404965063117535,1.9047924073069578
4359,1.1549061187054843,19.373260657696477,11.604310191500021,2.1769355398269354
4360,1.1605897870346655,19.279122837344133,9.869937385728125,2.286955167803164
4361,1.1600226095756427,18.712894078162616,11.359630906314678,1.8965091498455335
4362,1.1603100622085745,18.02768388778857,11.215617850601685,2.0880381742224854
4363,1.1719668112063515,21.62134940633322,12.332406765865548,1.850202715289887
4400,1.1717880902752988,21.151892944058773,10.116058961654645,2.5371703088577187
4401,1.1502033455826224,21.542917114303407,10.321347597683303,3.3323177353172375
4402,1.1497631821475784,22.644167614641365,11.255014874582923,1.7263694845369493
4403,1.1526902647182717,21.588160460939477,9.705659268145244,1.6056616799064982
4404,1.1452075370580332,24.46105184142905,10.663181851896029,4.019367302664462
4405,1.1511315462766234,20.280938015458926,9.80852309115961,1.1437852419429253
4406,1.1517011153672259,22.688708991336963,9.777148826366801,1.6835634934875234
4407,1.14440244407754,23.594252394944967,10.420214546152607,1.256741248867513
4408,1.149493942932209,21.346464835341013,9.979663735180944,2.873770170562895
4409,1.1471245886676604,24.75382277611058,11.215946230947889,1.1085883202608444
4410,1.1429412348372812,21.869567091244594,10.893664872089593,2.312607826889257
4411,1.1421990199397918,23.091120036960046,10.469161720279052,1.37962835818067
4412,1.1443925911861683,22.659461704160986,10.186811239167314,1.1752851345627007
4413,1.1426463798894966,22.62748655256261,11.095075710782178,1.8399191884571957
4414,1.1404654769551383,25.41852733880572,10.491958712686701,1.660631890953023
4415,1.141259915089743,23.079402820117167,10.366997657723445,1.393682205932899
4416,1.1432578523606416,23.364619171181644,10.694739230427302,4.413379784642342
4417,1.1430887242840435,24.27242581633803,10.413535462455707,7.082684063139112
4418,1.1408128187015225,22.968693609387547,10.177680728956721,1.6812839578029928
4419,1.1435328274687189,24.27026674197875,10.660264100549535,3.1850140618050595
4420,1.1431204589599113,23.21543949887334,10.273134240263136,2.9565410758665194
4421,1.1406769214524282,22.64678586454893,10.143846890745142,1.7749612338156777
4422,1.1468216103392188,24.370816583225718,9.956080262670339,1.264466601540358
4423,1.143738112057276,23.76265252811428,10.408803442872568,1.3650022529312777
4424,1.1413386404735406,25.02129896892997,10.40889666525939,8.53330384801454
4425,1.1439840282819087,25.26403440867978,10.496571039416477,5.093451707252515
4426,1.144134632946586,24.602790133861895,11.31076948337766,1.6362798442425373
4427,1.1423319445075497,26.168358057407822,10.033742005343184,1.5117087273089007
4428,1.141445080596952,24.192555190975266,10.52982719163093,1.6838720616154512
4429,1.1394110121570595,25.668357174274206,10.852399473964716,5.727411482155859
4430,1.1427791592625214,24.79425564186589,10.996768101154546,1.9466352038958286
4433,1.137319676706936,22.32202906431372,10.060981605344313,3.7084497963818177
4434,1.137306249513937,24.159530971752876,10.813382251541467,1.4574141615153322
4435,1.1380374636718162,24.694357300848544,11.455301787563961,6.025497420336684
4436,1.1367944594289998,23.573739212639364,11.999417252700555,1.5294587748729425
4437,1.1404865631201302,25.881694470857116,10.433710154661178,3.7330946551409485
4438,1.143854189857723,24.864727652761037,9.97960534631837,1.5965997034423778
4439,1.1358344047265931,23.60028452478904,11.299197075707207,3.150864270714409
4440,1.1386935961133489,24.21823509585271,11.15967628011985,1.6797418603666823
4441,1.1389533560790042,24.148285888034764,11.334165570338977,1.6260762374455466
4442,1.141227859976008,22.879543362295472,10.604915624125727,1.9190077544276407
4443,1.1400922703788283,24.969707742222425,10.633270283238144,1.4065619129756874
4444,1.1424982562789352,23.38210614185197,10.670589502259563,1.9060556018182262
4445,1.1372051849963143,24.838303374716816,11.309434302583131,7.501307110109538
4446,1.1417458183393854,25.257415955347287,11.445078314925036,1.6045278129311766
4447,1.1392840024102058,24.677922089426584,10.722076840609947,1.4628926671141744
4448,1.1378221215101836,23.311933828044744,11.557396437112887,1.7492258793140445
4449,1.1419928271289865,24.22183272057815,11.46025601687492,2.321468443629471
4450,1.1427283937959096,26.385407833812526,11.338632911430757,5.472627962702585
4451,1.1409777798267247,22.344634404951293,11.395416043222417,2.0159482541713265
4452,1.1459504341554163,22.919468077076754,10.07799494556911,2.1936979379210224
4453,1.1430888846687646,23.377564541068065,11.407145099225739,3.8221646894988366
4454,1.1425397795212129,20.78036979258502,11.76338382238251,1.4200219730990096
4455,1.1472928673389207,23.571152019878372,11.02224141360925,1.7788572057956826
4456,1.1463896650106444,23.212139779033418,10.693238295733329,1.6167126199846695
4457,1.1506459799858226,24.480854997436722,10.86548722118898,1.8131838947533607
4458,1.1465964505094342,22.191493555479845,12.12663468982254,1.4496014013458476
4459,1.1480904028865895,22.60271664556304,11.744687583898301,1.4455196273607933
4460,1.154051494735959,22.453672719432046,10.321942665326903,2.4353640575226088
4461,1.15570426722368,21.83453477770609,11.069749639087014,1.2976589819261706
4462,1.155098684256804,21.5149251427132,10.920869243249287,1.4053290101233922
4463,1.1703321703056782,25.144356072033585,11.83295259891933,1.305519477890366
4500,1.177393359860451,18.93388064566276,10.146843288220387,4.112405793736749
4501,1.1542189624424346,19.231270158381108,10.630580743732708,3.605852092754018
4502,1.155074508401711,20.555050789602646,10.75266650322555,1.3955811470832575
4503,1.1559883064577472,19.412011141207877,9.989433280349724,1.720997279837313
4504,1.14938893341536,22.30686490370656,10.682511469452164,6.301665123093791
4505,1.1566776977332105,18.14866367479581,9.20214669575808,1.3981674609606085
4506,1.1534990886845093,20.57716701695622,10.242030663562327,1.9542157530597766
4507,1.1500357881322707,21.02877232084522,10.2394950321353,1.2718544709552615
4508,1.1529214803569816,19.32664209044169,9.47916953958158,2.6327110458549603
4509,1.1468923816122816,22.615988786161306,11.032399488081026,1.8780370127395818
4510,1.146368728571499,19.67002484468251,10.91350901839252,2.4962289413012355
4511,1.1445881325411968,21.06726747799798,10.967326063319899,1.013760304071281
4512,1.1478768776606354,20.278889378433764,10.176619200075683,1.3878433365761191
4513,1.1460154605275563,20.237359330644097,10.92398932302443,1.6144767163471754
4514,1.1434819375827698,23.320351203570528,10.718939039910182,2.223583998629862
4515,1.143893861183014,21.10016628309158,10.216648413318001,1.9301509285361405
4516,1.1440750941671636,21.355010221680228,10.271728866880226,3.411739122601539
4517,1.1438001244765765,22.29193436062158,10.19056532392898,7.625061631538649
4518,1.1436850660920665,20.838018629797638,10.623873728801861,1.2553993506889811
4519,1.1456216665375207,21.975099523408915,10.763128650479086,3.257008181973469
4520,1.1455707033551277,21.32991160736377,10.17748619538249,3.4299182842785623
4521,1.144721339491066,20.048010739359867,10.50869981639143,2.621071431046767
4522,1.1477009766297377,22.24838435193969,9.90500653296718,1.4140556954580417
4523,1.1457214500081911,21.481272330030762,10.587504461492626,1.6385831894519614
4524,1.1437764874190952,22.700846906636798,10.513716085611852,11.639958875319081
4525,1.1485135816120902,23.543523179801603,10.260609532529418,4.370957258456755
4526,1.1456306909023708,22.899722641804033,10.81839824298368,1.881094523070593
4527,1.1460862471492763,24.029514082731776,10.312670840139212,1.5524976599189093
4528,1.1455607245555968,21.857386856722712,10.290066214807622,1.4800886370023858
4529,1.1437174696057382,23.305308652922545,10.695807385534827,4.953223829196858
4530,1.1447588115701717,22.602424331941734,11.073635049965832,2.3287804796513454
4533,1.1403441833603176,19.726471529708576,10.215197994408191,5.293125053731351
4534,1.1401224728866233,21.920769423572715,10.581389570589211,2.2442678799527984
4535,1.138987577772839,22.731776180828458,11.174708550571525,6.352506513702178
4536,1.1386570994060838,21.371166637455616,12.215540755636699,1.7433679833269575
4537,1.1407109744564994,24.079452229404747,10.720759987000504,6.014521885863342
4538,1.1462373274839122,22.663534550010336,10.018928776156912,1.8779006452051639
4539,1.1391952081871126,21.708957426502735,11.411163561631746,3.629304113684878
4540,1.1422881447319788,22.166560695295537,10.876285039195697,1.8890161803833556
4541,1.1415508739019156,21.985511393713786,11.430880088225418,1.1901066685506683
4542,1.1420959432787126,20.884933681022193,10.328026006332946,2.2016707148775954
4543,1.1416776576965122,23.115183801304326,10.669298418422015,1.7558187596213148
4544,1.1441180609534087,21.10292449598663,11.00379750694449,0.6244340848870338
4545,1.139582740699991,23.13277039895307,10.88275299448687,8.549622339986016
4546,1.144986648474674,23.25012045274839,11.62715500879281,2.2642947823261648
4547,1.1448351960840581,22.54462377830089,10.51094678444895,1.630997003682508
4548,1.1422902546337155,21.259585378318185,11.478079461653232,2.0375989586687973
4549,1.1448349801551916,21.572411604654253,11.211294730044703,3.2209647691318617
4550,1.145434294476662,23.945704200845512,11.343374098740687,7.352427024241634
4551,1.1435442981381627,20.12485814838535,11.435733296273865,2.6426105018339814
4552,1.1490616784874252,20.84806681419779,10.336011460043034,2.267527410481474
4553,1.1468398057587554,21.109024881465327,11.810925910375293,5.302368902523736
4554,1.1455572835985053,18.987094068773803,11.66025601047369,1.5898946457526648
4555,1.147815619084009,21.29463220567747,10.868543857800892,1.4481383441424431
4556,1.1521296582270355,20.66426458834344,10.963716272692075,2.2446064170806475
4557,1.1538309318395474,22.188748343886523,11.06429562937097,1.7615375872475607
4558,1.1493354149676,20.144886155931154,12.34740320326033,1.6902013030883376
4559,1.1522867521066906,20.242428851690278,11.776681269182836,1.3492090410066244
4560,1.1582222740119585,20.143682295581318,9.740324277370206,1.9277791129850808
4561,1.155715838699743,19.962725910843524,11.297568469550713,1.3621317062009406
4562,1.1575294883412721,19.285813413606878,10.929833548090656,1.3367268461642543
4563,1.173422910417197,22.734958588881305,11.911643016398205,1.3198396998529365
4600,1.1778030476498382,20.711790754010874,9.237678638082366,3.6010523032735904
4601,1.1549253496734428,20.86938454302075,10.671651793861898,2.876611213265963
4602,1.1522031663738643,22.84667796627046,11.010438818895553,1.371491783606997
4603,1.1568241570346316,21.3062781415403,9.825048295846981,1.8202831781972852
4604,1.1523662881266203,24.107507776841288,10.637165659544214,4.766497823378415
4605,1.1564687211370692,20.346586263188787,9.57638824658422,1.2717590165541255
4606,1.1561291521088102,22.562975933226333,9.982488275345709,1.2078518632627981
4607,1.1511253393779488,23.613342867541075,10.266771415879928,1.359880139249463
4608,1.1547402358205519,21.207519323812154,9.78061920184667,2.438085500901245
4609,1.151227095398865,24.948875173242524,10.886283460043098,1.8282234116211074
4610,1.1474450226035442,21.66418546615327,11.044192948174134,2.813983021531213
4611,1.145659507917994,23.061656032188942,10.79065271809615,1.7753881730872267
4612,1.147651621020024,22.261928513937512,10.714712024128632,2.003702195611695
4613,1.145398992101813,22.420288391819987,10.990838756357418,1.875121843876048
4614,1.1451100332324986,25.42556542853261,10.395580600289989,3.157972844675888
4615,1.1436090805750203,23.08471202866273,10.19371864719608,1.6827484332149647
4616,1.1453226841001891,23.33157351648306,10.774321863389822,3.5762944587060383
4617,1.1462968833631013,24.108375149465292,10.012369175820272,10.832273004716505
4618,1.1447616582690872,22.84580887132598,10.490368245030004,2.0229778231718734
4619,1.1446025530311759,24.11082125910747,10.568367428646,3.3792046041410906
4620,1.1481470104019593,23.283838388940456,10.27243667714292,3.940616045355594
4621,1.1442536430505137,22.158690239429774,10.835635409209578,2.78701482990241
4622,1.1492024195046953,24.499517394848898,10.306839013683561,1.719417976122751
4623,1.1469785569025552,23.22122756049083,10.45273050068641,1.624549387809088
4624,1.1442142522618015,25.085844766378987,10.496785013380908,11.495278777995376
4625,1.1475879403609224,25.139004042265185,10.885395468132074,3.649979931898311
4626,1.1459520546900606,24.576265441543764,11.179130435610714,1.5837547394766447
4627,1.1481464755162076,25.965732473804792,10.081266526814643,1.2279615640322588
4628,1.1442684710378364,23.66591706873012,11.19099116537977,1.4827049832185633
4629,1.1427865924036336,25.409277907863068,10.643820418351119,4.7999507960862475
4630,1.145196817323505,24.288922107794942,10.88694972415051,2.2663453160760527
4633,1.1399029650422876,21.814333074679688,10.66669068763137,5.375907743778408
4634,1.1400368731924269,23.86399975221579,11.431803370959823,1.4273619220648925
4635,1.1400574174673177,24.267629283986043,11.269983409782862,5.259270504615595
4636,1.1398317741887913,23.241534691436375,12.177503546869195,1.0452745820866989
4637,1.1442324164446342,25.638544107775424,11.142490084684809,3.825617549892856
4638,1.1447353194821095,24.29553066153137,10.041450432657669,1.604280432192037
4639,1.1373132246057844,23.85085757071951,11.22445253739782,3.1684463636541715
4640,1.1415387281421276,23.809721257934452,11.132243336115636,1.3030355167850978
4641,1.1422415494731122,23.812368557459756,11.621344180804616,1.8230024302427472
4642,1.1435848483362625,22.971670177675264,10.5080459933862,2.70832555993308
4643,1.142276429668556,24.846609792797384,10.90697751776216,2.119462289425796
4644,1.144662802701394,23.112017221138505,10.5739283802184,1.7459161094409306
4645,1.142936043064436,24.687237446815285,11.022884714883267,8.165767064599715
4646,1.143547321320097,25.051841783555464,11.543574959310465,1.941735646517913
4647,1.1444982356999474,24.36666663077908,10.88362111126961,2.6562413124177975
4648,1.1433456931876211,22.90338602421707,11.246519322834304,1.6315332006665835
4649,1.146193947966193,23.70867889982931,11.410910236733425,2.4731447470563945
4650,1.1466499613083745,25.74926819317772,11.247133158117968,7.476848493002902
4651,1.1464362050117614,21.905564571759847,11.054368244606717,2.3261236199608097
4652,1.1479506966347943,22.65858096998706,10.176511292398208,2.0026215921438943
4653,1.1486566113930015,23.241378298096386,11.388422965715165,3.4755165210638097
4654,1.148538175056995,20.449016377113953,11.76189394589075,1.880080298675007
4655,1.1498297054140647,23.157762525971854,11.358190175281502,1.7794705573823035
4656,1.1535956227169448,22.81338380057677,10.651186457694223,1.9663799941789724
4657,1.1564499772002421,24.035210333515376,10.788816021968096,1.6764612167304462
4658,1.152070069022707,22.116231754291704,11.872621306488814,2.0440030654561836
4659,1.1542645328182668,22.32921401296907,11.46606746759237,1.798645793608622
4660,1.158550095869483,22.202282851739998,9.938897535663976,1.7709595371380575
4661,1.1573516455948267,21.684900008047933,11.385601686479276,2.141496930123631
4662,1.160218830543434,21.089295608927557,10.896408848104047,1.5622593833535687
4663,1.1744660386502799,23.984752190995668,11.476484304484472,1.2426150085602243
4700,1.1776936338297508,20.815302864609546,9.333914976213142,1.731489157093953
4701,1.1572027142258823,21.220045523570892,10.10719903236939,2.6935393614771774
4702,1.1569773039161064,22.395522294023873,11.082974451695318,1.3865245842487173
4703,1.1584858592441256,21.26904441877723,9.88644104626378,1.0397151832427414
4704,1.152484049739103,23.830034713875538,10.608987048330114,3.975352684801223
4705,1.1567516726645064,20.220306487167683,9.074091140887013,1.206665034549197
4706,1.155057218159725,22.358659440544464,9.87458532937841,1.5347390568306003
4707,1.1476495470425763,23.510333949989953,10.43833662108787,1.3069927825154009
4708,1.1536250649087718,21.308733586470677,9.641901730140427,2.097706803753104
4709,1.149865270908275,24.404786325490655,10.865148003108395,2.0301050019410782
4710,1.146948264906839,21.484219182101224,10.345279442975643,2.2189533417399505
4711,1.1479987055948648,22.533509142735,10.628657256709088,1.4156279072290585
4712,1.1464896972695713,22.18131143518647,10.316061278838891,1.259241393998813
4713,1.147488222918087,22.1905720602476,10.601821072647704,1.8313419750842035
4714,1.143516796339971,25.070693596417282,10.655100346445728,2.662771229303023
4715,1.143989002188241,22.955169227845868,10.449843884654104,1.6429920983847843
4716,1.1467629095886895,22.89589782448411,10.24652253435489,2.158717114848272
4717,1.1469140922246692,23.785115981191833,10.141338295896022,8.529957820388
4718,1.1458335841351253,22.553592313473533,10.31030312451022,1.6305154420872845
4719,1.1439997897009635,24.041506272667398,10.460021539686903,2.899980387670036
4720,1.1465390847751238,23.099505602957223,10.164517856035117,3.951886979528147
4721,1.1428965293235607,22.23650885800918,10.75540170121688,3.0943105380767433
4722,1.147812260402595,24.125071836186468,9.997165255921084,1.4207718243483263
4723,1.146959719060416,23.331242243313852,10.622520267443559,1.2103558969653454
4724,1.1433357263990271,24.511194275846876,10.275223972527497,10.56592838336159
4725,1.1468171926907278,24.986353035239212,10.340357874887573,4.368013767195033
4726,1.1469023860752996,24.539829522612376,10.675379025073397,1.3486932928211244
4727,1.1462807431592743,25.763460590546885,10.244022303668325,1.0864419427628371
4728,1.144307201662693,23.363550307931625,10.465173333637813,1.5458153831549268
4729,1.142468121000391,25.3870525674855,10.322265800697792,6.468128015259187
4730,1.1444758711821132,24.33846188728827,10.435856633418897,1.3480345306156856
4733,1.1414532281676952,21.45110473457603,10.095468279022638,5.842664060304718
4734,1.1402568883011288,23.496156598166387,10.856712212168135,2.0747822664414817
4735,1.13909874008428,24.81773621651587,10.912833088334526,6.926990975640825
4736,1.1379709941259712,23.410418457823592,12.118465550974346,2.0220772346449216
4737,1.1397562721849754,25.600987864719123,10.866046841639198,5.426977142369479
4738,1.146674707538849,24.22740713224493,9.851026525505528,1.6743442456232065
4739,1.1376389945332024,23.528069513328784,11.261038347852464,3.389401550517271
4740,1.142535010226299,23.715829984683275,10.9207294725015,2.0528378655237116
4741,1.1411524389896257,23.916749507446266,11.740975004273615,1.247216842211987
4742,1.1438700651855236,23.004854532544915,10.521686997485869,2.165066338906201
4743,1.1433296299283615,24.706975923802517,10.65230064099677,1.6221127925195442
4744,1.1445718769642432,22.708570305191788,10.779207554842703,1.5827370386601003
4745,1.1396964013229258,24.602014904849835,11.218996314864974,6.08304848018001
4746,1.1441951349879607,24.909805906693038,11.60488259689225,1.675169077999217
4747,1.1438672702045014,24.28591720875509,10.685687906628527,1.9221027454523427
4748,1.1446615206985613,22.627860426558467,11.393648860668467,1.8554110613164052
4749,1.1446296648256982,23.190910693863895,11.438355366717635,2.1185603709391354
4750,1.1454025960501235,25.86400110422531,11.031960407814235,5.104767203517801
4751,1.1456772925376262,21.808169440265367,11.258148027193203,2.4572474373060142
4752,1.1479799704260445,22.66971527666075,10.1757733109804,2.2397753228332036
4753,1.1473342354835632,22.743508889877408,11.647430728175575,3.0345618463213953
4754,1.1475178347565462,20.790716541912133,11.56195507857713,1.8208343889052008
4755,1.1483190659069786,23.016562490434918,10.612145325002396,1.3552838202897104
4756,1.152776229232693,22.682183758364257,10.429244343313202,1.9529471357268509
4757,1.1544984814929549,23.853450520622314,10.783148039127246,1.72570833203962
4758,1.1498602932531454,21.782107278233852,12.4272221124964,1.9674560824889664
4759,1.1552385040261395,22.066106298055516,11.699263663599622,1.7724285289007662
4760,1.1568208026925522,22.343096843259218,9.731934933556976,1.5062968000634245
4761,1.1576143070538871,21.886678529400996,10.628578426077572,1.6503643813101843
4762,1.1590278373842058,21.443467537640036,10.314666136838339,1.2514821552304678
4763,1.1750336223204751,24.398362023753155,11.745395829748801,1.2336839869406784
4800,1.1772853495829518,22.017123689291104,9.915370344705584,2.9836809596816374
4801,1.1570319993159415,22.327958378619055,10.385616015201709,1.629968280704731
4802,1.154584950518224,23.677056045568982,11.0517828368034,1.962921574151752
4803,1.156969362685905,22.526642411217953,9.893946416341683,1.5355675134145317
4804,1.1522043997734042,25.094120553414555,10.884885575530353,5.830538117617245
4805,1.1586996285319344,21.36210605919451,9.636522277428572,2.404620393006595
4806,1.1553401055389998,23.480491925136377,9.847595527645794,0.9556772160253696
4807,1.1501358229982594,24.55615631644794,9.962196958209187,1.3990315099948216
4808,1.1541367342097044,22.36851313102841,9.673572204835077,2.4370522532214984
4809,1.1497608330887283,25.487985470436033,11.123146208950025,1.7364264047549223
4810,1.1483757243435018,22.546963431965633,10.646874938501924,2.359087780907359
4811,1.1454424439946902,24.167029644247158,10.618173440926203,1.4525629488919038
4812,1.148087106484309,23.458966909746003,10.362058383056135,1.5320116779265731
4813,1.1444101879153599,23.621876050593222,10.917570816424668,1.8888322988154456
4814,1.1452557997561956,26.21822535034803,10.469727552130577,1.6979303432865922
4815,1.1433807371616147,23.972119275795848,10.508043393981206,1.4238225247386258
4816,1.1462588329150407,24.210722083285397,10.385768479729698,3.029122968015396
4817,1.1436843073024885,25.203421404064667,10.0890403803243,9.084015258300779
4818,1.1431827931407528,23.920498731606678,9.987922670046805,1.662771483294973
4819,1.1446767861632579,25.122803878870574,10.588503863272098,2.4846566769922585
4820,1.1451242393577215,24.458837212520177,10.34203227591271,4.464804602710319
4821,1.1420202491370717,23.194421131420587,10.588776308403233,2.051223777647788
4822,1.1473356499711078,25.49589355368138,9.921016951825486,1.2379145974742778
4823,1.1453198610231585,24.250185971338293,10.894207553657989,1.725754920430931
4824,1.1434443994408034,25.597865726438897,10.514716834002563,10.007002564185026
4825,1.14335712705353,26.36311063786929,10.922620841476222,3.9717995643297703
4826,1.1456698584333112,25.693154106207654,11.035972896984777,1.3345542298065043
4827,1.1455619518291689,26.776313053783056,10.427689850830886,1.6034319660057874
4828,1.1454747316950578,24.568868078015946,10.399519074677212,1.3608054892756762
4829,1.1402892201334216,26.41903748244739,10.668873892466427,4.425539354079758
4830,1.143084067499755,25.635595386830804,10.419938518295512,1.5644678432747108
4833,1.1388533914185979,23.126568697183803,10.516691679578942,6.090731187134142
4834,1.1409154273973143,24.92221703817676,10.743821256006207,1.7660548683762942
4835,1.1375213797642625,25.840083922763167,11.243596296034102,5.969398981545172
4836,1.1376729512891575,24.59466883401553,11.793946347358048,2.0828455878975634
4837,1.140422728431956,26.95671090268213,11.267226230509097,4.62505036369555
4838,1.144652341573675,25.826913005405242,9.992280003855997,1.478865497006375
4839,1.1378553075371352,24.64350738082047,11.33250354482497,3.275844152529898
4840,1.1410686986726548,25.154775197608696,10.796887892615011,2.1993621792115112
4841,1.1406380728805354,25.03083106509659,11.261691422961126,1.2237145312094024
4842,1.1423251829730106,24.04084697283159,10.683853816945177,2.567916152586518
4843,1.14245933023721,25.84715918947126,10.93531737576381,1.9136890118946668
4844,1.14423118880742,24.221748667610928,10.604537966798318,1.4195750936569027
4845,1.1377144287314365,25.94972280505656,10.668616416212199,7.150516877481403
4846,1.14554140527604,25.97884405054961,11.454638086806934,1.4180095613107309
4847,1.1437308707488016,25.692913908545695,10.806049073977228,1.41847704013137
4848,1.143803422784638,24.12758061259455,11.284120748481463,1.839900240673559
4849,1.1451036956374252,24.701726147800244,11.131377420444876,1.6020914283623358
4850,1.1447297289781377,26.867306576063832,11.576373276861386,4.342892232061208
4851,1.1456732963781067,23.2129173048301,10.98539711599874,1.7912877564362368
4852,1.1490976002972866,23.758588309701647,10.163973859216979,1.2948809740870955
4853,1.148067309216677,24.199832259126833,11.661279657204034,4.1156922734590236
4854,1.1468745774889393,21.817329274223923,11.604934857769209,1.8015207706725531
4855,1.150317732949394,24.389002864728642,11.26057475131463,1.2425143887545005
4856,1.1536036102867457,23.895177490474545,10.669430181074834,2.8998581207521665
4857,1.1553252846977002,25.421278172285003,10.69771296815575,1.8361860385839257
4858,1.1521341943104586,22.975913466371193,13.029129890895014,1.665693453532232
4859,1.1556243117898133,23.425703825404465,11.38652709452272,1.198747246220806
4860,1.1581727989877035,23.115951182743043,9.866641340796953,2.0093992221618686
4861,1.1560486273486985,23.12821549849535,11.441822720170208,1.110410606475063
4862,1.1590882071224602,22.10394335226778,10.942231915369517,1.8330990930118365
4863,1.173819477040957,25.745474241942535,11.909443766893707,1.6423130116348523
4900,1.180860291464041,18.95319979241274,9.527778619724607,3.0563582412778554
4901,1.1588931438884438,19.701476185371764,10.529259003292667,3.814298287137307
4902,1.1570293798554232,21.21403967425464,10.914782482099264,2.041564854075831
4903,1.1601824179873796,19.944811413974406,9.79357842562297,1.1649305219385302
4904,1.1545155321812002,22.52584364251753,10.591611041238098,5.219245277562689
4905,1.1592508015487264,18.888794805347448,9.783861468265469,1.7028922002328177
4906,1.1568838121772316,21.114615950493263,10.420028684157062,1.4250108414844571
4907,1.1514872076807612,22.221542627733335,10.658648102135334,1.5918952802195345
4908,1.1580013904645297,19.98750264264428,9.612316386035408,2.909653164723173
4909,1.1508590928333962,23.175961962331996,11.267523285023668,1.568739544603072
4910,1.149361142322293,19.945792306273862,11.231185869598505,3.4073214885808283
4911,1.1474186480237014,22.04941805342313,10.486640208240091,1.7798662354353234
4912,1.1509748381025413,21.143511115029057,9.980363800764968,1.5168220379272508
4913,1.148124300318828,20.842335733882447,11.113411801243025,1.8160927163326046
4914,1.1453458479773666,23.8527409142257,10.775102433471401,1.9227276080082532
4915,1.14666751010822,21.835991357761337,10.493786799380274,2.0245678252456307
4916,1.1470553854958179,21.839549684609285,10.298464380851613,4.722982813567166
4917,1.14762218085839,22.947546660521002,10.33373606255469,11.157379888932505
4918,1.1477937169367478,21.54153581017816,10.110319764573006,1.760596765281292
4919,1.1460409846467818,22.616797531609613,10.633744774296497,3.1492826355394885
4920,1.1498073551947956,21.88709703964847,10.13708248314539,3.653525164343641
4921,1.1463806419695894,21.006609994707482,10.583008244553723,2.70726652889877
4922,1.1501562622402486,22.898881439925674,10.208737714420545,1.3155758540373497
4923,1.1475536425012733,22.238746654084043,10.583390118731607,2.2207144380797983
4924,1.145461614040631,23.43066529974407,10.613686573173922,10.690018562323749
4925,1.147650362537741,24.18918685731028,10.597131256742545,5.221393683134725
4926,1.1467141742414142,23.233560280275203,10.901155608297321,1.79249694880257
4927,1.1482692762558508,24.393577197916954,10.461742693985887,1.1651734568481404
4928,1.1481065096202316,22.017527677116533,10.742178159626505,1.126308028845525
4929,1.1442201270294106,23.65898146333992,10.691819989484424,5.172649040025533
4930,1.1453086267173094,23.157471940868,10.922649127017307,1.9313839982669632
4933,1.141654111242777,20.52040886051033,10.453242885390587,5.9232811532412555
4934,1.140750516450717,22.495492909954464,10.771390995062122,1.7933192911473728
4935,1.1414964267066106,23.192475141496903,11.394518793218381,5.018703567251794
4936,1.1408583988048413,21.876414322426555,12.314016336748585,1.6862803720045663
4937,1.1444797165938763,24.256057577514138,11.006859397025782,3.9487433805640735
4938,1.1487911717047634,22.859155200002842,10.04307991048129,1.936607769005624
4939,1.1406754313711027,22.01582244815147,11.685397421966623,4.306646451741836
4940,1.143315544921424,22.381552136904336,11.105148088282698,1.5201156214376317
4941,1.1421403114412088,22.33214100706806,11.390908961935482,1.661420457836237
4942,1.1447792661195522,21.380296996316698,10.526073362038264,3.0602880650484754
4943,1.1460512743800055,23.229651665357725,11.128318613910116,1.5927401902319385
4944,1.1472307602961287,21.83680729040305,10.783226741811665,1.6749708898057982
4945,1.1414804803517857,23.4114763263978,11.037564259691504,7.17697725231327
4946,1.1458435205508364,23.864816717386812,11.504980382172498,1.9414927314934687
4947,1.1463657782733914,23.16792751251982,10.814323059928963,2.363877956457817
4948,1.1441645641388318,22.07379181055381,11.53882435783303,1.66078575819511
4949,1.146865735104905,22.12898602100554,11.655774794954173,3.031545438179755
4950,1.1460288315063172,24.73330446378716,11.402258639219058,6.286514134259059
4951,1.1499794576500835,20.661904088179956,11.11138435088098,2.677873331117445
4952,1.1520476502509354,21.21112768965034,10.322861616960518,1.7237928495774493
4953,1.150921495158733,21.47104245106978,11.768659892472792,3.6160180302712845
4954,1.1503114641396763,19.339527834178366,11.576933281484896,1.8614971564893632
4955,1.1523057487392738,21.58035598597247,11.139158041557305,1.7966685881908562
4956,1.1562339945118418,21.49846850073067,11.016393908389533,2.3821541454687227
4957,1.1568684362254387,23.059751827816235,10.633166878736759,2.259488015436911
4958,1.1547073573077196,20.59557130269143,12.454241831726383,1.8495224357169238
4959,1.1560040895195216,21.248571992461525,11.854981044943289,1.6688040712819758
4960,1.1619643650683267,21.014136944692986,10.439884369558856,2.024062497102513
4961,1.1607836438333043,20.504100525286468,11.113437183675625,1.3052990000138958
4962,1.1629455724269555,19.49360362751428,10.719698557088606,1.9332238190514204
4963,1.1782316574150093,22.571938229631087,11.194079061119952,1.3973814833138956
5000,1.1717270606894647,21.939130828061128,10.16955111979582,2.664793804195548
5001,1.1486877978681127,22.09038425616515,11.360243136069384,1.7012076927945998
5002,1.1495010380270054,23.104931032389477,11.02461041015145,1.4135752135857733
5003,1.1532816442811924,21.507825648477883,10.136685137351048,1.1315171458136641
5004,1.1477696913848205,24.124238619697294,10.679730150692144,3.026530540656549
5005,1.1506309379667727,20.404958138885295,9.654133427931283,1.362712713789775
5006,1.1500901655263729,22.62147188378657,10.353341693106902,1.6368659351807597
5007,1.1439669679287037,23.73799824738841,10.556010764642062,1.4655685022708949
5008,1.151144368302343,21.497701734592717,9.378341591640174,1.7463207409298642
5009,1.1440886512243957,25.099625194080357,10.804847741994745,1.1282339620414228
5010,1.1411096052420027,21.978257927180756,10.327883114104456,1.973618216542962
5011,1.1391338221424037,23.294325545979472,10.916268463770074,1.234352914858816
5012,1.141269885517951,22.35180183783677,11.04371748529745,1.4489938041855317
5013,1.1394383823933034,22.743807619286997,11.026716424794559,1.4815498057820344
5014,1.1364800314838994,25.39163328385448,11.066911203568894,2.566836085972838
5015,1.136243344579654,23.631531183609972,10.37811002238751,1.121172222321264
5016,1.1383755179764206,23.295670161982986,10.686066926599521,1.9723402007999544
5017,1.1380320830448152,24.638418810109506,10.223036490668987,7.120552144880215
5018,1.136338461325954,23.124100252424665,10.378248730125215,1.0101093896537194
5019,1.139360612397808,24.077737560975237,10.987428479928887,2.11887458195993
5020,1.1398527544082304,23.575619914185033,10.513701564135555,2.8548110481119093
5021,1.1356665411895153,22.547766049802686,10.658205254242548,2.461906804795629
5022,1.1431767609965908,24.803693741532626,9.830294660283247,1.0810437347733979
5023,1.1413662606615849,23.692853954860677,10.651868758416052,1.3447798885613975
5024,1.1349227836935243,24.800907619207635,10.942831106021488,8.543945004923975
5025,1.141307889393462,25.414570309981652,10.497092117424435,2.1744494272285366
5026,1.1402070230363792,24.845379328467917,11.011995294258668,1.5172183988141754
5027,1.1397284536490455,25.999028740070152,10.390462846497485,1.1909103770745768
5028,1.1388930518874516,23.8387127109556,10.466602074860774,1.3051996726269353
5029,1.135670516228628,25.676321718290374,10.57939652986658,3.7369517310483187
5030,1.1349549209937113,24.97197974644548,10.461309840582684,1.157676793209852
5033,1.1323750148616167,21.995228207348024,10.66880593725938,5.772709254848296
5034,1.1336151384345527,24.129459914016746,10.884402039133233,1.6800100792411083
5035,1.1338057810658,24.985676514581538,10.936583078270889,2.833289215717631
5036,1.1324901784441208,23.47048341935508,12.364376067647223,1.5171275471094972
5037,1.1368986092003595,25.70193153209356,11.280945556534718,2.3639108715891166
5038,1.1386994780265496,24.52115127792506,9.981182811556575,1.7134198530195566
5039,1.1311262002067282,23.571179698851804,11.575719242782402,2.421474621400921
5040,1.1324182785943786,24.04452124206348,11.42447190878942,2.0992538422901563
5041,1.1342429439872277,24.077020844462137,11.52589851487531,1.4832570989384233
5042,1.1359246638583669,23.312538546698605,10.62884719675658,1.9304644445500303
5043,1.1372835244763904,25.104740938329783,11.23970340264714,1.3273704718995423
5044,1.136793088708603,23.410968416110805,10.91625006849824,1.4722041765768028
5045,1.1342763672942835,25.085683383870215,11.208153432021833,7.588089730726824
5046,1.137254249574688,25.320319800645855,11.728703380853652,1.2636731123483111
5047,1.1392604241576296,24.553610610398163,10.824724078925472,1.445107515193004
5048,1.138141836999163,23.21480409559424,11.478446341162,1.7798979189302375
5049,1.1399774342021955,23.79128120362657,11.54585882475087,2.350789717071639
5050,1.1415436424703302,26.207645391145917,11.179610643435787,3.9106009670732047
5051,1.1394545238393219,22.23960891908992,11.198549142026776,1.8837139598420767
5052,1.1442109450701934,22.48663191431215,10.281447828258711,1.442165762261678
5053,1.141182322425058,23.100700019870818,11.72654372753012,2.1889894944554467
5054,1.1407930584348431,20.932901617417315,11.781776995628482,1.7192504773210457
5055,1.1458212607258702,23.473990248656385,10.945209937575106,1.6829379520537842
5056,1.1465407097765214,23.307504673690914,10.59882301721117,1.6844074891953718
5057,1.1505641701887113,24.826248107979406,10.678651663178291,1.8051404232855361
5058,1.144197768760813,22.50786610310233,12.48646058109645,1.6279560708658702
5059,1.149841567037205,22.438106948701897,11.986113419847099,1.5862267328903745
5060,1.1538200682160886,22.84865775963445,10.028025198399458,1.6426429916566074
5061,1.1521210879358876,22.61650186053949,11.359653958504222,1.368492871605249
5062,1.154881841716636,22.147534546784502,11.172463624973004,1.1325562326457237
5063,1.1686578400928516,25.401113601488827,12.483583609401128,1.881593198013935
5100,1.184369597095568,20.23724441100336,9.827981029522546,2.2737327731475276
5101,1.1597868419682895,20.82465544811657,10.40849033760962,2.320931780463016
5102,1.1613088191643441,22.51692518204448,11.185017032372029,1.6811735837164585
5103,1.1649023199397366,21.024729826363664,10.03158465769823,1.6403207607806158
5104,1.1568509384079277,23.59770636269677,10.932138331604044,5.4589135052277875
5105,1.163509404926316,20.06840302318101,9.530137095500507,1.5354952503838912
5106,1.1611359993882446,22.201638647738797,10.311204445542197,1.499565414818173
5107,1.15463645445807,23.284144187107056,10.66474948654576,1.3444615853139523
5108,1.161125007859146,20.928839324495254,10.267339230855447,2.3745169734103015
5109,1.1552262078973194,24.588685235765343,11.044396321939574,1.51692351089609
5110,1.1542026361339333,21.267822425365427,10.785468779575568,2.1045943457562934
5111,1.151091969140622,22.611208561615708,11.078087417023896,1.749685915216127
5112,1.1529605775118619,22.15228935624621,10.543114526508335,1.7210934960034092
5113,1.1519015343940082,22.15572291634437,11.493564431545465,1.643401682911453
5114,1.1498300618948711,24.8948342946116,10.85407181470008,2.1890692011484547
5115,1.1502944644929207,22.75872356016788,10.796412196482816,1.990644991760144
5116,1.1499553552583621,23.022809677437106,10.747908247468448,3.694219480552031
5117,1.1501836658587334,23.758204283719962,10.179615738511295,7.571627186211031
5118,1.150495795677167,22.611979732127768,10.430184972825057,1.3806386114886888
5119,1.1492592687311036,23.770761233492287,10.7819005185208,3.613288183830275
5120,1.1501450564865885,22.76091106084802,10.782633132932336,3.1417552030663853
5121,1.1480953905076114,21.99821402222651,10.880651379342765,3.457274247335656
5122,1.1520986313314343,23.85438171986944,10.360432673959657,1.992260678797362
5123,1.1517498640104444,23.05285328446054,10.881655635946666,2.1768707572130697
5124,1.1497347668354547,24.204324487608236,10.710661368339196,11.974670060946377
5125,1.1485394871603327,25.04527812026376,10.920170619392977,5.197167565027546
5126,1.1479880764106647,24.224972605263115,11.188472545835376,1.4761071261011123
5127,1.152029470711625,25.755909065003113,10.398735813638412,1.6282630502319526
5128,1.1479545288812307,23.260938296709277,11.043814467394586,1.9853474562392577
5129,1.1485442870616607,24.95401158609398,10.942519754176248,5.15813731350721
5130,1.1461500418544008,23.999951556538917,11.315594662078043,1.8128054677662995
5133,1.1440413864625332,21.25584176196272,10.70304687860634,5.148017255785746
5134,1.1443683821092434,23.100503726032635,11.133382359783372,2.2650681208399206
5135,1.1430723339908562,23.985936259478684,11.530723826070478,6.2666036785221175
5136,1.1435614322722265,22.844323075915877,12.037344108993093,1.7798197034088572
5137,1.145295207876238,25.461543061467353,11.160099048756273,3.9682854377429972
5138,1.1509398034175884,24.014786235436354,10.16447225375243,1.5380306055222968
5139,1.1412758002191286,23.37888038384658,11.944952476285026,3.273767389384292
5140,1.1448120085099225,23.294111220405036,11.483031438178884,2.1747845434931152
5141,1.1468992900252954,23.44970520516795,11.454515962909788,2.015797571940858
5142,1.1463171612073975,22.430668451196095,10.72529103005966,2.311099236360613
5143,1.1464936345596053,24.635821707782732,10.944638606576353,1.6727828371545088
5144,1.1481592382339614,22.796136727475695,10.974664526314465,1.7497953681526786
5145,1.145955747670787,24.478575697768562,10.981736456206377,5.337174184459345
5146,1.1482728161696776,25.022986519592234,11.787586825480629,1.504769833325594
5147,1.148269425246642,24.1611885847382,10.79372390502549,2.315540549657541
5148,1.1471443792641836,22.779971049618446,11.329950276920421,1.5971557060351058
5149,1.1522392636279633,23.087926187706483,11.31153736273028,2.4212314332079328
5150,1.1518851137368729,25.451075936909394,11.909705750301693,5.139435910950746
5151,1.1516646731538822,21.81784617913483,11.723756897470343,3.3152751615539886
5152,1.1556326508448813,22.457512714966885,10.825675118396273,2.0004623165371465
5153,1.1531203937503698,22.806873745749616,12.033986609809798,2.8239351784755296
5154,1.152802799554605,20.49697658763534,11.579440650341063,1.5269613902649724
5155,1.1560960757654148,22.90598408188541,11.314156171735592,1.5117458118827518
5156,1.160075879154537,22.493396347755343,10.77938647605703,2.0034083590715097
5157,1.1622971883730682,23.851175104379145,10.952074385833624,2.0406742653847187
5158,1.1593376001261624,22.13260417350755,12.271573574618445,1.6853916526534927
5159,1.162864682563,22.23421190967852,11.839454249060443,1.6941206209407684
5160,1.163945288086979,21.834384914571324,10.316589010647807,1.4494923216495577
5161,1.1639065192472715,21.29954388650647,11.377150228259358,2.4424306747897386
5162,1.1654459913218727,20.69721401991798,10.913227690459772,1.4859986446401474
5163,1.1802674577255374,23.64309849693894,11.760798673774259,1.5965915408046587
5200,1.175781995424223,21.01828605012362,10.456301191983584,2.6780053010089593
5201,1.1527254582848374,21.819835624878696,10.570522416662882,2.7809204816685837
5202,1.1508351642367562,23.154277264468618,11.323100582416464,1.5766159558106752
5203,1.1570298060871136,21.492562077336864,9.939997444657452,1.7877318478023305
5204,1.1519813754801553,24.0055685843504,10.752103423897191,5.02984891278071
5205,1.1557749842156448,20.12898573445319,9.475330443779184,1.3157056059157433
5206,1.1545351101267887,22.58802810204715,9.893104054114366,1.2938326484038274
5207,1.1492619436447877,23.318182534919767,10.372288165381704,1.0373536061157225
5208,1.1543877930548885,20.737426888827446,10.089816470566465,2.0065324895099788
5209,1.1478695626829925,24.45271387148,10.957682255181055,1.167087274035477
5210,1.145676920307366,21.547054321095185,10.75250128182179,2.5397590679168167
5211,1.144110526957764,22.723741198210927,10.732410813148501,1.3399339849996297
5212,1.1452309117850052,22.332885874460974,10.339083843197978,1.1321763247249612
5213,1.1438788920251728,22.35289868117695,10.855436795319669,1.293338306254923
5214,1.1411065689596216,25.051713635701308,10.531966418435248,2.261678998159158
5215,1.1400196558228481,22.83134106196872,10.404178090673193,1.260658974437825
5216,1.140805371539463,22.988806476143676,10.666673988028254,3.0850482919323308
5217,1.143109817676311,23.87826194945146,10.063628495956042,8.839718429554958
5218,1.1421236513894315,22.647776248128757,10.439356812733267,1.662762988307616
5219,1.1422029041792519,23.882456648963377,10.533040958355356,2.260547263660282
5220,1.142326228407769,22.99238117440494,10.601571935344756,3.499704584228558
5221,1.1393997916624075,22.145684158781602,10.588645522221801,2.1325492002705246
5222,1.1447219989964805,24.116746555848383,10.125204553404616,1.3630657416474217
5223,1.1424712609711531,22.818680676884462,10.50139753464113,0.9612039131655844
5224,1.1387748025164453,24.379195351804082,10.878347704236708,7.8793626093365114
5225,1.1415792764117603,25.259197610028316,10.913125356783985,3.2873620996032837
5226,1.1405512974748628,24.414333835160814,10.72657489797975,1.9273366561085752
5227,1.142394079211736,25.920655291045833,10.16631449843547,1.2417832666192001
5228,1.1406987934862864,23.636899893677406,10.424370281773738,1.1293356198812634
5229,1.139238381371292,24.930352778861664,11.027643028465102,3.3886505605383035
5230,1.1401973889655572,24.140000906042644,11.27007303068582,1.6987800441733047
5233,1.1353591546295787,21.8088390483169,10.736751139114668,6.062557206676805
5234,1.1368049657538994,23.623199154443324,11.07326781190536,1.7897424907578519
5235,1.136569148343588,24.291197656683902,11.27516122933884,5.108666279302523
5236,1.1354737238117705,22.838497119106083,11.955691612082735,2.0583140308923618
5237,1.1390043036806778,25.47864418654158,10.875111674786902,3.717432657695592
5238,1.1426071287945458,24.12376389360102,10.268208826947218,1.246269860682781
5239,1.1329931984509252,23.474617334209555,11.584316412546707,2.6866450605608185
5240,1.1379432441595658,23.7795551328108,10.984436832913957,1.6652435760533426
5241,1.1370949444426033,23.933401593702897,11.406946508972403,1.464737359120568
5242,1.1374143115897526,22.779444746781596,10.855919659978325,2.087549771266944
5243,1.1393982851768518,24.460805104459286,10.589119441442774,1.3339853379695101
5244,1.1416969042622407,22.790660512127833,10.549322176877066,1.7897631061190828
5245,1.1362174716219353,24.74698201849498,11.234003679113737,4.5479787940062035
5246,1.1420037844847724,24.956226233805527,11.46545228575967,1.287436417464372
5247,1.1425059523084964,24.052107550128017,10.802369328840234,1.4502170807879926
5248,1.1397045024733063,23.092314132142207,11.408316330170912,1.9173200456120605
5249,1.1432600187732262,23.532525880038833,11.34273191018603,1.001358984208588
5250,1.1456171297423499,25.77796470240297,11.24438759366772,5.966174298764719
5251,1.1446967685437572,21.975057978981013,11.426139370972667,1.850582112432847
5252,1.1481336662464265,22.890760504552635,10.37707803514445,2.10238596128345
5253,1.1478548957070682,22.945129980237255,11.741534163160317,3.02632071398258
5254,1.1496001913924252,20.683947665353127,11.592325450834982,1.6215172882657392
5255,1.1481075955370488,23.23857707423153,10.757001382172213,1.633495605420146
5256,1.1508290634693452,22.999517203236724,10.795763819112697,1.6610156200381292
5257,1.154071628357901,24.259554132006983,10.972706523943957,1.3586586724957317
5258,1.1506756978883435,22.39428906521136,12.009320684921006,1.8027454506785776
5259,1.1519709903598765,22.37560482716365,11.778406704832058,1.0927431728846329
5260,1.1580264090313133,22.18538289993588,9.920624015699278,1.8319080570248631
5261,1.1555634591432817,22.130348092615936,10.936023016975541,1.2519265021883075
5262,1.1585414956044118,21.673307883225057,10.578973076442388,1.3298491888813062
5263,1.1716466364973883,24.715923229231137,11.98967969349666,1.443597013956382
5300,1.1793188394035343,21.104466823251723,9.813209204083261,2.069624311366214
5301,1.155920495355091,22.080372456988982,10.605284741213813,2.7580745746388673
5302,1.1581230588123028,22.81948410396945,11.019240276189121,1.5053544065828273
5303,1.1588396376060315,21.36001255723124,9.876317889724103,1.0177374978570626
5304,1.1517754911808318,24.0082241321021,10.76719507515473,3.7169590320244517
5305,1.1592299939764306,20.13869144015531,9.494753117871397,1.2759203727699848
5306,1.1591338285874784,22.46486703713875,9.916949923670305,1.4587111550266867
5307,1.1506778107302487,23.75739263487686,10.272339067438233,1.3257764573206678
5308,1.1568158204861896,21.408642894191956,9.638008266555488,2.859455409973103
5309,1.1510879516592807,24.611327531113886,11.05056907091808,1.2580527599498275
5310,1.1473354172632066,21.930154078554256,10.451725565422334,1.878567098014947
5311,1.1476877706697977,23.307644406870345,10.18391033705124,0.855405380567296
5312,1.1489051469806326,22.265297080480114,10.284162696043898,0.9313056778362093
5313,1.1504637635247845,22.298941914749907,10.728493709123418,1.1583180034739513
5314,1.143404628962426,25.31071341674584,10.654685543934935,2.043763598788048
5315,1.1464035491571327,23.02106893650337,10.638104181612201,1.3384433830685014
5316,1.1464817041140996,22.93732050169005,10.505513384981649,2.5579379393467905
5317,1.1444526053258015,24.130634633167094,10.303044409813646,6.89418445271615
5318,1.1442715437697106,22.8360407509353,9.893312761661308,1.0831140165117168
5319,1.1449968948684328,24.096453394673805,10.27675592433858,2.4171733016178356
5320,1.1457765786151453,23.07921208139981,10.304450261155687,2.6178512814443446
5321,1.142447664667948,22.258403255073855,10.594355149316952,2.5874407382737097
5322,1.149069275355433,24.32900775362854,10.155370147789466,1.5300961316874777
5323,1.1477620603391934,23.442928277547153,10.464269566285765,1.5448881048006218
5324,1.145128763261563,24.442958320413897,10.274668758076624,10.59949442375517
5325,1.1461071807384104,25.221353043197183,10.748350578449008,4.14433019582505
5326,1.1454241758994521,24.668777955727013,10.820129648377039,1.3821711724442192
5327,1.1445327857388485,25.642244246964964,10.375047561470014,2.120923777951504
5328,1.1439304989453105,23.58954225749141,10.645584553579805,1.179271753802473
5329,1.1390308696935603,25.39496536965325,10.424350340976499,4.685148944406395
5330,1.142608806923416,24.64106923100688,10.340301157889693,1.5707736765781002
5333,1.1391309251758832,21.77090709759087,10.657826151701059,5.922449020742566
5334,1.139216635140837,23.793374059791038,10.911067338040356,1.5252370149496088
5335,1.1378055116923669,24.47080784513909,11.314928564454977,3.78659309329361
5336,1.1401046068620528,22.894295978260818,12.285682091854031,1.8900371748020732
5337,1.1410026139780995,25.443192092180993,10.95863143531857,4.193418134060079
5338,1.1445582857657126,24.414243506320755,9.983869566125545,1.7671573691715248
5339,1.1374448485059891,23.48373226746793,11.53811439495669,2.383970716824164
5340,1.140077782708434,24.220813594065174,11.026353278595803,1.2722921105395393
5341,1.1413711648330673,24.275223375296243,11.258291602100174,1.504442784741158
5342,1.142763575541073,22.772201284492247,10.482892333880194,2.4908217153655814
5343,1.1428651722040941,24.53690380295689,10.875315700562647,1.5612599552155413
5344,1.1433791610185684,23.154082954699838,10.89454841070127,1.3106407236378927
5345,1.1424193563240683,24.736866209057688,10.79150201536049,5.677825960342208
5346,1.1444210547805775,24.743646708463785,11.8098294080332,1.8628393016870544
5347,1.1462561138045557,24.029650129196238,10.761637121945064,1.7156820127764238
5348,1.1442263886996094,22.942229701081104,11.622346757406222,1.5837465564289837
5349,1.1458635755051017,23.49351342847709,11.384674228341119,2.007142413200261
5350,1.146654527399462,25.6579308725342,11.235905664184088,5.033089275339679
5351,1.1490663106561858,22.08521179656134,11.196022130707899,2.7205061837225446
5352,1.1519073278470457,22.68350700510924,10.53818511268456,0.8029147894537677
5353,1.1512413091262956,22.766576371062683,11.24567819436451,2.696623217108958
5354,1.1512494253014949,20.760113712702637,12.006958481531719,1.2869783467135263
5355,1.1538048108682233,23.239038306241714,10.942733627847712,1.4450793824096428
5356,1.156572365269385,22.937552786891644,10.71047532136197,1.9783287204865854
5357,1.158505192372602,24.453120627986106,10.407976964518038,1.732821946352434
5358,1.155040134219488,22.087622266537313,12.06545907935192,1.6435162540499866
5359,1.1583010028086076,22.57670897585113,11.749946678659986,1.594441213377031
5360,1.1628386615299555,22.257580498126785,10.070309596071585,1.473904254008763
5361,1.159253327420195,22.223048855605164,11.084870767947754,1.1482399283662375
5362,1.1640483064083285,21.851085983332982,10.711963421626749,1.329746586689792
5363,1.1782282599654859,24.464820928058714,11.368827696597346,1.296977530681026
5400,1.1764777426418331,21.588657503017977,9.99683325384868,2.9101221651073184
5401,1.15043212607463,22.433271329626283,11.041863822474916,2.6544387589660383
5402,1.149090507247072,23.47323852797744,11.402104037145005,1.7532543181805378
5403,1.1520205145731515,22.05114887551569,10.295042396627414,1.5790156565246505
5404,1.1473506539956386,24.658247741323237,11.119012244485138,3.5197183848963647
5405,1.1511339285012605,20.96917092014307,9.636314178930629,1.1442000634749432
5406,1.1492680439306415,23.591888000304646,10.381245361887155,1.4317538365342646
5407,1.144702998946256,24.083173584999386,11.020202190719777,0.8795949768711324
5408,1.1501181583076678,21.843322972333578,10.151623327981698,1.243675896801638
5409,1.1456568566935172,25.30401549081551,10.87049389098353,1.5106073710754357
5410,1.1415440650457394,22.175396348950645,11.202579060508926,1.985506178575886
5411,1.142451264870988,23.625639258458403,10.647721946569838,1.145183966127345
5412,1.1409685971477952,22.85952127816631,10.830719183328405,1.1706497147354402
5413,1.1391136760462224,22.989629871912403,11.31210980037193,1.4601655515696381
5414,1.1380252030214466,25.87470322236433,10.566630376855722,1.708114711624213
5415,1.1370084840564887,23.452394560563437,10.620125811426238,1.259257250736033
5416,1.1379872824104875,23.882994939275683,10.82919909071846,1.9867692034364615
5417,1.1383064144265482,24.66693910279797,10.69734312372317,6.213188562834952
5418,1.1370890094085304,23.548043623044023,10.554528413899824,0.8279671749972406
5419,1.1380733977795743,24.53605355821681,11.126599095104968,1.2466482363210036
5420,1.1391648144787503,23.786033893285648,10.666466857302597,3.0455433620648535
5421,1.136956744859537,22.91878069257999,10.801780750554256,2.470128090608265
5422,1.1401323108965926,24.922690317942962,10.338885418649243,1.6186442626986477
5423,1.1374288771046495,24.0038710326101,11.351988255675748,1.222016310413076
5424,1.1347924390877966,25.531766548490054,10.85144018124159,8.04600403103035
5425,1.136755570020489,26.17349636388324,11.131318353270993,2.7142000979170016
5426,1.1375224461573241,25.31601071403649,10.894723316429808,1.5247080550448247
5427,1.1380013724210516,26.54621244895585,10.402443002250365,1.2632712766752245
5428,1.1349259184186553,24.022969299801392,11.221111694060918,1.0257538722594626
5429,1.1329779371190238,26.099713927121076,10.958098398646925,3.461920097375733
5430,1.1343542644391313,25.050447862730348,11.218820809071298,1.7620382528475478
5433,1.129790461299205,22.53567187199638,10.816367454808441,3.342873301664346
5434,1.1303888120299148,24.61829721375228,11.060061094779625,1.2095304901863766
5435,1.1303096335584844,24.967269984745514,11.331842374354798,6.941330058139829
5436,1.129448861105254,23.730609114153243,12.387026658893866,2.0139018324245206
5437,1.1345942631326764,26.283709787779017,11.080618187185602,3.1429206590291128
5438,1.1366461029943482,24.902868721901783,10.629274311055557,1.3691598749979927
5439,1.129947374011437,24.271728490057765,12.130758332585737,3.190443677191004
5440,1.1336248818808374,24.582235682402445,11.693422441968577,1.9444483014681044
5441,1.1332205236849278,24.42060887302386,11.92140302471871,1.6606068497707709
5442,1.135874942495124,23.679211895714285,10.591602809467519,1.7825555553680572
5443,1.1376369423594654,25.195728333647857,10.829186499325715,1.3344084551080673
5444,1.136995771231209,23.57836847971542,11.037729616500066,1.3132449395420205
5445,1.1330567155741134,25.123831138346404,11.285955992601336,5.731295860653508
5446,1.1345827192131872,25.974515692087813,11.919811747332503,1.5455622322174434
5447,1.1389934311311627,24.739806400828968,10.927632039082113,1.5495590836048585
5448,1.1372222332376885,23.74079464298324,11.633303185034254,1.5486204110625248
5449,1.1387015796936035,24.200443974227465,11.57123806651154,2.0858563176927483
5450,1.1412123420624383,26.32262327471898,11.52468354066469,4.188810623707735
5451,1.142300837346859,22.51835965765859,11.51680465791901,1.6055295260363238
5452,1.1463662115524555,23.410523920499408,10.335441301029514,1.8126255545023886
5453,1.1436803272519545,23.676136167977436,11.72277602861691,2.7986298734188586
5454,1.1433380159180953,21.022008700765006,11.843854761587295,1.5031810059865942
5455,1.1457581586058343,23.833106171897185,11.19909151472536,1.2002136952521014
5456,1.1490303222644933,23.4892451263337,10.940760890777215,1.620143165902635
5457,1.1509827927051668,25.196715563966166,11.077587915019345,1.4990291793111865
5458,1.1464550995949676,22.96624656378851,12.264347010462325,1.6748201618920604
5459,1.1494428048953578,23.34041394359828,11.917026858865029,1.4446856458280835
5460,1.1554387054074478,23.1049358784482,10.078406099641661,1.1727239929297535
5461,1.15534265457339,22.97040045849406,11.225236458138307,1.448693975513513
5462,1.154418512514579,22.781140976157687,11.156288212487851,1.358791678570339
5463,1.17363810705343,25.446952262497476,11.976459104921824,1.691613228674736
5500,1.1807773873849214,21.62558410270442,10.203250246957387,1.6197709392435586
5501,1.1573560858406886,21.98993505032217,10.777644996179855,2.8245709809288093
5502,1.1571821369868716,23.462205327592812,11.246490411889292,1.2099562715367191
5503,1.1607886404460637,22.07291172538085,9.58808852642208,1.457994708543164
5504,1.1546649011254086,24.740116014803153,10.64370518193582,4.712903326082658
5505,1.1594893221940639,21.028551481059868,9.63626538990633,1.0860078705123337
5506,1.1574128225290907,23.131650294890775,10.314572268640568,1.5733729639416507
5507,1.1512181542074427,24.03181374482669,10.725237400589995,1.0706591946075283
5508,1.1584386842006456,22.22676545381407,9.802212940643274,1.7376502169155592
5509,1.1529042378904013,25.11147277683596,11.043973968644101,0.900956866542423
5510,1.1513455904006684,22.349925907955217,10.537883443196526,2.037278348035397
5511,1.1487818530643665,23.50382467867775,10.566491456041229,1.2865009579104976
5512,1.1505210195104827,23.05706002405908,10.43393810545143,0.9778307340429531
5513,1.1482031431197945,23.120664869195256,10.978183971185695,1.1299495117963552
5514,1.1444505021803142,25.70974583150546,11.031176123471667,1.6728278936063223
5515,1.146108774851752,23.555384615301982,10.422110470308738,1.268007781106092
5516,1.1452449976976575,23.96008099718101,10.681644768912285,2.567364693882542
5517,1.1471463531239097,24.738955984767145,10.188598746384459,8.050499399434983
5518,1.147774300363109,23.384941062196994,9.881182679157442,1.4275466900150793
5519,1.1442836307276232,24.688132367661222,10.988639241890013,2.330228689575698
5520,1.147338073396065,23.63579455505734,10.407425972419391,2.3992398139096998
5521,1.1430597981777342,23.150212751559607,10.567263793723605,1.5538521645151804
5522,1.1471498893132444,25.195073925448586,10.37277060833274,1.5620606485685276
5523,1.1462938526729942,24.098896173765986,10.644528082293695,1.6415095533987232
5524,1.142201081401725,25.17036699475169,10.866112535948483,8.782123267478825
5525,1.1464800721973876,25.980378457843162,10.485811639358568,4.280481442868898
5526,1.1448861450564696,25.24850772395855,10.95286438151328,1.1836250403876079
5527,1.144775708714325,26.816289075525354,10.368557829721045,1.1423512833884595
5528,1.1441184822000325,24.354293074306696,10.692007238805187,1.3338211330585534
5529,1.141091690324768,26.09095907102704,10.703326380247935,4.272514847307778
5530,1.1421165781347997,24.9722979105995,11.046972429191495,1.305880742198715
5533,1.1388903477511794,22.45379107401581,10.858219389211492,4.5096739784648845
5534,1.1382339677092175,24.380411914905327,11.175688819719538,1.984377840571352
5535,1.1368475739385298,24.908054626918638,11.013639836157774,5.143438311616224
5536,1.139726808884996,23.486093688906863,12.093958062983434,1.135362150387711
5537,1.142446209632362,26.36914880976996,11.061153556384031,3.580426633096942
5538,1.142774147078407,25.224989815507552,10.720790700932248,1.4561183711564811
5539,1.1372396916939376,24.198725037711245,11.295624474330356,3.367885366179075
5540,1.1398979737605428,24.714379202491507,11.084730726446647,1.5417416503893775
5541,1.1412871951414933,24.738289461837237,11.346423636384808,1.59429082438539
5542,1.142536087857065,23.47720667619192,10.621371313074373,2.065363735642009
5543,1.1432992182175037,25.42088381652046,10.754973097018393,1.3824580474768267
5544,1.1436054100573505,23.709976072803688,11.218950319727576,1.2351049418318087
5545,1.1384811080806578,25.68889909382996,11.39285785902436,5.905462055488045
5546,1.1464278582725802,25.50810803351409,11.221418318250048,1.679064584302968
5547,1.1478315744394112,24.376635985956018,10.72012288273091,1.8001964468003133
5548,1.1441857891304221,23.72346977026329,11.112784083982577,2.2509845232382473
5549,1.1454248057330478,24.26564920530969,11.908078497385834,2.3279018432331298
5550,1.1480017037018575,26.245955804030988,11.714208601884348,5.1911316709701705
5551,1.1481892561335576,22.638824688216573,11.38692149322594,1.913247331465359
5552,1.1523051686573897,23.315018721971715,10.679959272657324,1.8056402144943862
5553,1.1499695863649226,23.785729119821777,11.591140105938441,3.4601180522043102
5554,1.1511959796566227,21.90106143574013,11.647085359222103,1.4168235090996122
5555,1.1545031529200536,23.75410347675002,11.187274762743165,2.155573730696588
5556,1.1558254027478216,23.589526271832916,10.934822119698383,2.104998263565082
5557,1.161319071189256,24.65615695309204,10.83058431034446,1.6772240055425507
5558,1.154496135639937,22.92934656807998,12.268188549547933,1.3208518975859835
5559,1.1573197695577904,23.149943525121763,11.521888549777724,1.3752045462936138
5560,1.1650277861438607,23.073164985849953,10.159187673799465,2.496618162281766
5561,1.162630381781776,22.466523653823238,10.790124216469033,1.0699800686174263
5562,1.1640821656448,22.11216092146796,11.041655430684335,1.621776138957574
5563,1.181784877452592,24.69305521151028,11.436742054501456,2.10207931951152
5600,1.1895062878671936,20.539527260982275,9.934323106499368,2.4135481325311
5601,1.1574468840692322,21.795090303769083,10.183579324853056,1.8351725707741844
5602,1.15643863460351,23.088489404185374,11.218771669429943,1.5570149600352916
5603,1.1605485347096978,22.050739492212177,10.065730857706585,0.9391298585354297
5604,1.1544347229587817,24.319572079659494,11.04364569382448,4.121539665132493
5605,1.158376553424829,20.92882857960698,9.391863127793814,1.6714100749396312
5606,1.1575590999579657,23.102912144515773,10.517015819430206,1.607591612866749
5607,1.1508212065379615,24.257841145605294,10.740137814533186,1.017557626642298
5608,1.157696089490369,21.84125708120961,9.860245492416412,1.3974114297621578
5609,1.1523467869348933,25.160788517781658,11.003861443530711,1.6337574354987174
5610,1.1478645489822512,22.262757734175715,10.664337390459592,1.241302881290521
5611,1.1482712589730246,23.694366134893375,10.82512310148581,1.088404222490832
5612,1.1479099124956433,22.97488644136522,10.666779208178545,1.267201861377119
5613,1.1469807786088497,23.06817394234757,11.070066448512712,1.3110157660579302
5614,1.1439148732327784,25.86867392468296,10.57215602880332,1.5457057850319154
5615,1.1458746451412472,23.603695599422252,10.556657243940737,1.044106893601057
5616,1.146263418898615,23.708132856754847,10.474870035448703,2.4736382985178005
5617,1.1446696550679036,24.649807556541507,10.453546582717829,7.192681141650418
5618,1.143408465416206,23.35342029539651,10.475066864833888,1.262309181867374
5619,1.1440317095872998,24.447490174188886,10.683764967579307,2.775053695977244
5620,1.1446180960243453,23.982105290088956,10.259367237441527,2.326305504910278
5621,1.1437950380631223,22.692336302970862,10.62575547437587,1.7893834599178653
5622,1.146403850498814,24.961168079897032,10.35756443976116,1.0934390341778513
5623,1.142922294881394,24.19586173112356,10.897253158076474,1.515793012153079
5624,1.1419758580659396,25.249051822416554,10.78158333858006,9.614017552801482
5625,1.143721536904695,25.78061996603686,10.92253146761516,3.289443274086149
5626,1.1428879749902632,25.421226293808957,10.817983473727695,1.168899949562121
5627,1.144230938277998,26.53166324067211,10.368497139260915,1.1713938076264085
5628,1.1398418253166218,24.288504994711502,11.036112193069126,1.3357806464005824
5629,1.1397712759887806,25.879439696835913,10.745036941865315,4.759615745765482
5630,1.1393135480674597,25.36013259991094,11.239682120895234,1.5257912539135021
5633,1.1359890171014453,22.193496388522085,10.531792767689911,4.115898885802352
5634,1.1376306258746711,24.58837128302852,10.97738127431816,1.6206042456281862
5635,1.1377883674772395,24.725974078800547,11.328029607894468,5.4709585665768055
5636,1.1366260205051768,23.311409286780272,12.193039510303647,1.2811062154824573
5637,1.140480236794111,26.109503177713997,10.74578075927885,3.291413465717477
5638,1.1422181587761793,24.928351930973765,10.460163918201122,1.622186801416308
5639,1.1353400808929208,23.936868867426604,11.560866015565344,3.5794937502402018
5640,1.136990320877608,24.65490581153644,11.337336996616665,1.8973864242476262
5641,1.138132535270806,24.700722280767692,11.326921419078475,1.5208234640644178
5642,1.1419976115193637,23.190879149723077,10.802101745323446,2.089158454994315
5643,1.1424872298993363,25.463285973819858,10.836775108305693,2.0774706887800996
5644,1.1429440649854694,23.906647502136256,11.229419864035556,1.5574157441462126
5645,1.1394945673572994,25.501511849777707,11.26892585529093,7.925869463352708
5646,1.1418250267188725,25.81736395161948,11.715281832838635,1.6451806717889879
5647,1.1452913312880448,24.95108132917233,10.59616855764425,1.81411762413694
5648,1.1446606137643887,23.675782752178804,11.176340484848264,1.478280850552585
5649,1.1451796364016136,24.18039185539476,11.477358926597425,1.433613486559528
5650,1.14911228421473,26.52611612149428,10.971194489159958,4.225602409124301
5651,1.149205584175663,22.828371663186964,11.025398303535715,1.3949260224451625
5652,1.1532399402676767,23.159587338819243,10.122475040442188,1.2151498822260411
5653,1.154135218681387,23.23372521509353,11.714397294705151,2.9779587002722243
5654,1.1528339280558229,21.28356528903703,11.911454126882177,0.8962104210704381
5655,1.1539904797512124,24.200717369622005,11.096347448438824,1.4136192347341612
5656,1.1564155021500229,23.78255438239433,10.883730555357422,1.8148545919986552
5657,1.1594756017452865,25.05585662112656,10.856085074868744,1.6358633920295136
5658,1.1558086188447798,22.824179728554856,12.258031616522658,1.4371062296870925
5659,1.1565892585848325,23.15261574341364,12.232677867312567,1.586992606578026
5660,1.1631503989325154,23.20735532181047,9.888068421820252,2.3133795033482496
5661,1.1614109290754329,22.656558410824694,10.870090230839555,1.3560483178040408
5662,1.1631054261710625,21.97122495256457,10.66089301120369,1.3877922687062478
5663,1.1849143514094747,24.0861421404497,11.063721793025598,1.6825990058806681
5701,1.1803180241398925,20.167155839727943,10.339525554180787,1.7316635787096974
5702,1.1652797381219318,21.65634170903444,10.462428613133186,1.6262247098696303
5703,1.166507891593085,20.675673241835238,10.245527405945758,1.1935149075105564
5704,1.1603016523389136,23.712521731593213,10.85889823525873,5.255753611986866
5705,1.1660489307533657,19.49336239983431,9.53123609037768,1.8129684866557267
5706,1.16373506219135,22.06636904919907,9.990388525188564,1.3754431800065416
5707,1.157643621444288,23.220025907407408,10.387737097191138,1.2393607959898858
5708,1.1673579767223254,20.795181604492385,9.431297462769871,1.5495694747323283
5709,1.1590884942796076,24.204654129723476,11.012578618214755,1.2797829816342448
5710,1.158997969757235,21.096375855599142,10.48336021271165,1.7228483905979142
5711,1.1539160135455602,22.812159510057636,10.669871342802901,1.3479703018949405
5712,1.1564250412340806,21.812734531538137,10.578698763729756,1.0501322921969385
5713,1.1558157150406019,21.49827349845857,11.343482202554434,1.3813216021468353
5714,1.1533525897035821,24.45972381403065,10.790038875963255,2.088442985719061
5715,1.1518293473394976,22.660395200170615,10.712110097775932,1.510909413465317
5716,1.1541257215186707,22.614593136300478,10.471718208122688,3.0161609199265316
5717,1.1519604318089574,23.02761660296134,10.828449058819798,7.446514373231155
5718,1.1534085886385645,22.21198478011865,9.785432151727196,1.3519662459788997
5719,1.1520729832803844,23.338181495047806,10.422625953586246,2.2849762989757734
5720,1.1537151630944933,22.71981492447049,10.339457164483232,3.246399559042765
5721,1.151018211138839,21.78447782869263,10.732151202605445,2.1964799726630257
5722,1.1561183665929204,23.615571778469324,9.737587229585547,1.09000749450716
5723,1.1502802796654368,22.501403521655924,11.103861085492744,1.7038732270155565
5724,1.1496598601040857,24.075081130983655,10.287711044596822,11.233567359869895
5725,1.1517859818892793,24.655753563174507,10.706473544231539,3.465615238228447
5726,1.1522857426293562,23.99758199918609,10.87076778270268,1.3029597144285343
5727,1.1495129187535607,25.222894968463585,10.293931140216761,1.2604840575996306
5728,1.1493265726899025,22.828323323274844,10.841431521235085,1.3457247395543586
5729,1.1477474274910962,24.32756978297982,10.43218721933425,4.232698370278009
5730,1.1483624965099182,23.700729363990714,10.923501156332936,2.2307964615378233
5733,1.1451588899680842,21.152117858648772,10.225777116207558,4.922319846633738
5734,1.1473093077033747,22.95743535435049,10.766508566432185,1.7205136434925645
5735,1.1439219076312268,23.502841254275452,11.092981806451508,5.90805043995789
5736,1.1447732436401281,22.549888690423977,11.90649624948125,1.6495552871608024
5737,1.1479570947487532,25.126506928154047,10.677363465979974,2.9309167469500457
5738,1.1516925571702321,23.980647369727247,10.193077640764072,1.8749958303712215
5739,1.1427713570633937,22.884712901641684,11.31437797400386,2.78849287284957
5740,1.1467026897904946,22.89492666377746,11.173781147581787,1.9427507991290422
5741,1.1468955821729727,23.376988539764522,10.95750902238389,1.3890766810893662
5742,1.1488149127797729,21.95252378957113,10.689001985633032,2.60169742783825
5743,1.1507042701518422,23.877744479919066,10.978335580554209,1.5835777284043804
5744,1.1524280395422444,22.034131837425168,10.977567338168432,1.612843673726604
5745,1.1476482373882073,24.44294615655854,10.57385491868053,5.0312733310859965
5746,1.1511829202161343,24.552003237070064,11.694033302708032,1.8586742373461045
5747,1.1533209308183507,23.377189527427923,10.839628182839625,1.7847080815691183
5748,1.153771471012039,22.37662429959165,11.237619170088678,2.0223924865899066
5749,1.1547270274086534,23.439831742893286,11.371570435789772,2.2077867284002384
5750,1.1584147550223554,25.171537090638214,11.141593525031551,5.43338506076436
5751,1.1569963609112803,21.48166989713198,11.138677173943321,2.068456126001333
5752,1.1613731577091218,22.110417583642562,10.368093813671411,1.321099733746697
5753,1.1583512303154102,22.621809427169076,11.561759595546187,2.7867096484334493
5754,1.161719917499682,20.383207483952706,11.901922894047868,1.1714873978396865
5755,1.1619092113561977,22.60639511839474,11.181077278441022,1.6006069040101802
5756,1.1656102464842233,22.642092039120367,10.782028088837272,2.1001975989056323
5757,1.1697009919765393,23.545439105254594,10.758902204983961,2.2472732204453787
5758,1.1625684385911939,21.662537089848367,12.401064956222374,1.7067288727860352
5759,1.1633195017057754,21.91988307091418,11.722907130581062,1.497907901034607
5760,1.1710122649704664,21.957225313705575,9.319125936864381,1.5397264730023958
5761,1.1712353470241252,21.131552666752743,10.617422634673277,1.300862076559975
5762,1.1885634616222427,20.20459571855827,10.503751418177458,1.622491355981199
5802,1.1842158947215287,20.996398036332756,10.484014339692722,1.2451706839667587
5803,1.1737175903517565,20.443673296208974,9.487206527228905,1.1124695977575167
5804,1.1656905143110614,23.343553020024796,10.729903291899523,5.03055952828794
5805,1.1727186766747224,19.780151663953884,9.635257107629105,1.2706094597289928
5806,1.1703383179032292,22.465198192109426,10.255511586823035,1.1436676167026802
5807,1.1647606259124854,23.203899317257072,10.686437517871951,1.3524227808867761
5808,1.1712202653708028,20.99899661315686,10.036033366914605,2.3174770751388905
5809,1.1645822154658998,24.494455978770414,10.883799783570316,1.3268468257074746
5810,1.1642803376281954,21.418435190571245,10.668859157524572,2.0082866280041944
5811,1.1608013782868334,23.00110365298169,10.726859342226168,1.162980982621115
5812,1.1628362223929212,22.100041335723585,10.331093475578207,1.9593249867022815
5813,1.1628158593103621,21.86591662448249,11.121186967156248,1.6903405568812109
5814,1.1585604183717937,24.906527172646765,10.877311809141952,1.554960503695478
5815,1.1562775699200238,22.644623532874583,10.834281821009485,1.4331869047986976
5816,1.1570244035492885,22.96694377789313,10.61640813906686,3.032960618740676
5817,1.158648996903203,23.988241222553427,10.416833447075229,7.174111884284355
5818,1.1578837457351931,22.359828504312453,10.303523533755618,1.4365883557229588
5819,1.1576469426106515,23.71409862403706,11.089795898028692,2.4481101233709017
5820,1.1596043442933253,22.906092524084755,10.320040002002806,2.8892359642938104
5821,1.1560676281031261,21.900882062072352,10.902711451310877,1.7819971978305567
5822,1.160918701211315,24.106766545861426,10.311664046389351,1.0364905905063797
5823,1.1582687597678372,23.184929697413214,10.493567906070226,1.5162158105679202
5824,1.1537382684036757,24.53508050763571,10.504908933147538,9.005705944641747
5825,1.1576499166448195,24.61939645023554,10.772523145771046,4.615458199615119
5826,1.1586065090078592,24.14736331253019,11.162647168339268,1.22738103658692
5827,1.1563898815132938,25.61720392904665,10.584767089020271,1.369054997243403
5828,1.153293741523992,23.0623250095793,11.114466875613559,1.197694798699976
5829,1.1518565797058922,25.189668842674223,10.782026889929986,7.076843570508633
5830,1.155630724302319,24.534991655552602,10.796171268302421,2.2464982264932996
5833,1.1501707216528494,21.486088856997007,10.38361189528671,5.406832620423535
5834,1.1506442691818877,23.46997476842407,10.895865802405588,1.4773658728813477
5835,1.152256443802592,23.908976774369236,11.03029351854072,7.853417526300713
5836,1.1513636171078592,22.649168215959826,11.96850983798764,1.3786002067146685
5837,1.1533160377779201,25.201719872010976,10.853976046817236,4.949999507467919
5838,1.1583876639042265,24.171763790648303,10.029209442965504,2.252073227670442
5839,1.1501657016490783,23.06211554835552,11.484361726229519,4.131872100539256
5840,1.152729440617558,23.677073752392612,11.384887945238994,2.056833518970159
5841,1.1563702325536735,23.34125898105919,11.374003384443276,1.8067108511727898
5842,1.1535708695811295,22.619024833972407,10.738697756828168,2.629933383603853
5843,1.154968315579358,24.269902296958367,10.869555340248883,1.2379088597349326
5844,1.1589861062730857,22.65902032600914,10.816660816677754,1.8342408488027209
5845,1.1530896665899535,24.846386876007,10.998313674080674,8.190836430344
5846,1.158318240074805,24.43017217935197,11.601622379402627,1.6669815514345945
5847,1.1597089124941014,24.005370691315527,10.779149809106428,2.144222456914642
5848,1.1602403263877428,23.012470340119737,11.1324634407784,1.782155834337491
5849,1.1611479347704368,23.234761097662698,10.902876987397404,1.9427182739013116
5850,1.1612126498225697,25.805090450484645,10.8910812089402,4.88886925162985
5851,1.1621606304127878,21.611500185515947,11.626755062021289,2.2962845401396126
5852,1.165313900777611,22.62264613449676,10.483416263642841,1.7971739898687995
5853,1.165992891202436,22.676531109932963,11.697201228385335,2.0121910783649404
5854,1.1664863466000717,20.484362337599585,11.636422610271762,1.5536832470617319
5855,1.1685439361312102,23.262151537624852,11.135683759928659,2.1331164121002186
5856,1.1712336934863106,22.968645461949286,10.531663681588244,1.9890910521182137
5857,1.172616261481524,24.344387293842008,10.86730424875041,1.7254490061349088
5858,1.1695409392772842,22.273493111559336,12.083772282472342,1.1345801671652247
5859,1.170479538641783,21.726223073531123,11.417876130132946,1.4535402307637668
5860,1.1773071096678007,21.924161382859825,9.281800959719954,1.7203981508872206
5861,1.1923523770018924,20.618659207263182,10.38853198019693,1.4709929975229032
5902,1.2094043727213677,23.17880467258757,11.359899317042464,1.0201791816783672
5903,1.1758818298606655,22.450686753042305,10.020742315654564,1.605413067281916
5904,1.1576870254432374,25.31028465154938,10.507693678522449,3.2962969815266265
5905,1.1618426315174555,22.05070663982391,9.414820622342146,1.221868345146756
5906,1.1618024556846034,23.99583230085375,10.166471354246813,1.2145099409784146
5907,1.156067610628121,25.05810275584722,10.263051899092853,1.6206481937221435
5908,1.1616686930610731,22.89272685300283,10.09196976793593,1.6560611426208103
5909,1.1563413401016454,26.201044899964927,11.058790503166758,1.5354909933809215
5910,1.1540445056161517,23.26883471905,10.729313197468159,2.288362329550554
5911,1.150927861128309,24.484207091081945,10.584152933576316,1.2231218259026067
5912,1.1536086598245845,23.98252972746357,10.324443147604347,1.1489380126046054
5913,1.1525988668374565,23.955736484279193,11.023527773432354,1.067317256416807
5914,1.1487878756274124,26.476128637163818,10.91728096029798,1.409891493844734
5915,1.1497084957721895,24.624858543719306,10.509315130643285,1.6652096318823146
5916,1.1514857019238947,24.701844554878065,10.309305965185132,2.306233646599494
5917,1.1503047876601986,25.656007520404536,10.108001372605539,6.741901516300244
5918,1.149460736108635,24.194420045955948,10.264122726549449,1.0458175052309988
5919,1.150237255146701,25.439738063579718,10.635382572690773,2.3126972668013015
5920,1.1503238133838556,24.80920991897959,10.211966246873054,3.5084398299162705
5921,1.1472123536819294,23.80809278485076,10.506847539676755,2.0511466526427715
5922,1.1526528097836681,26.09293289216099,10.235600789484275,1.6566845639048269
5923,1.1502332781346691,24.61347390875922,10.75803207262871,1.3444568526440197
5924,1.1464614067976342,26.23664986832893,10.531062979632505,9.859288170194999
5925,1.1471549695939716,26.826447816369665,10.847266572871714,3.6833608539360387
5926,1.148107979734565,26.256832347196998,10.44572365156576,1.4712303520448102
5927,1.147886152218128,27.54435181848046,10.369116358044122,1.3250534634788242
5928,1.1468287901446454,25.024066285257547,10.454490171062837,1.4059076087344784
5929,1.1455209029976083,26.542231814315198,10.46658658397352,4.233030231514643
5930,1.1451878818176993,25.71520220359036,10.855852996845936,1.2359306579016296
5933,1.1425585723719145,23.05433651887017,10.370374653449506,4.237787551263792
5934,1.1431599469026725,25.406178571865798,10.878432327889014,1.8353823136085206
5935,1.1416113030900585,26.015358113602645,11.119761896061405,3.7242237024275897
5936,1.1415744982904026,24.585692585907697,12.299482702024186,1.3529510544226315
5937,1.1462590275754219,26.977655096511896,10.726864841170928,3.116608571574493
5938,1.1483384258370704,25.866110093476934,10.192955423154107,1.2549380793110656
5939,1.1407342358602475,24.894347590328934,11.327205159807802,2.1144058072965484
5940,1.1455718333579186,25.19624435781068,10.692540107183799,1.7600374486996517
5941,1.1447335215163519,25.347858065951677,11.471946667090611,1.6175107133466047
5942,1.1460847413123567,24.363393544326243,10.382533069178946,2.374018979884374
5943,1.1479174014766491,26.034865372126543,10.462009462285138,1.4292299950637968
5944,1.1493753024014821,24.468260599620237,10.690132005028369,1.2792292348647802
5945,1.1456810895591267,26.347666621208372,10.703468046246153,5.604112542649721
5946,1.1505839912584865,26.40071887392526,11.382141409634754,1.3606631767109063
5947,1.1524851615135945,25.594378163255882,10.45565981110219,1.6088050571828785
5948,1.1496291346012435,24.484913430535553,10.991454636570094,1.1747192276949665
5949,1.1514531370320844,25.288165792795166,11.209991356308143,1.461866879058021
5950,1.153249399767217,27.4616665522729,11.037070455655725,5.377436388493572
5951,1.157537091749684,23.46472279601691,11.110435140495712,2.0509596728726236
5952,1.1594586973633485,24.093177090291743,10.141989544159093,1.615416989449213
5953,1.1560486868329558,24.938110667377597,11.049813203449578,2.422352893207739
5954,1.1598890660993368,22.573023050125727,11.519002861521848,0.9852796331255136
5955,1.1625503784997588,24.713421656027357,10.76060356243576,2.3915855886291415
5956,1.1624203353337368,24.6430885338885,10.488567623267077,1.5568812100023197
5957,1.1674242316521328,25.94862216296399,10.413336646934757,1.8585097667047734
5958,1.1611104331627018,23.945445788890417,12.096769769188663,1.3347622171610218
5959,1.1644530609176942,23.641841342686522,11.608505103356121,1.658042404712778
5960,1.1853265994880728,24.074605169496873,9.560443029728118,1.0912428188025887
5961,1.209943155593973,24.392608510770966,10.645882200262541,1.1297506403535398
6003,1.2218970260049944,20.53743364521239,9.283626072909922,0.8016886609853898
6004,1.1792919025369437,23.503755427358957,10.07522726444987,3.0111595174037418
6005,1.1729546230469083,20.335901869874153,9.267991108564754,1.3217290338487055
6006,1.170292235550668,22.720133477581985,9.896500556319811,1.3439841417424758
6007,1.1649393347133097,23.811786726787115,10.389742596336209,1.7459236417168813
6008,1.1712261520458198,21.680584059053842,9.925231127410694,2.501315689027816
6009,1.166490831412111,25.425623021072838,10.72371388514459,1.346015794990246
6010,1.165921827418649,22.15975534774014,10.69341184602411,1.956049614463702
6011,1.1616621511293141,23.50630866542799,10.334359878740866,1.1872172979650824
6012,1.1641220223116127,23.074496508209766,10.40870121489717,1.6091664291739243
6013,1.1620629523204715,23.087284205228947,11.103043922983316,1.7581976072534713
6014,1.1592112501957264,25.860233982416652,10.37788094118821,1.9989451524432256
6015,1.1599997879013701,23.57011567307892,10.089243436922118,1.4211674519782036
6016,1.1618782453549044,23.641537517439865,10.508190090430373,2.8773719281171695
6017,1.1606659829756405,25.033161410492763,10.406642457896671,8.028662183319694
6018,1.1598090925605793,23.571589555284703,10.212851671210242,1.2936658485113186
6019,1.1590046128250464,24.506323292133704,10.94716508844604,2.090722989460096
6020,1.1598401348293563,23.749932454732328,10.70378188638711,3.3458096845613086
6021,1.1603126053295594,22.966171456135978,10.252313230835172,3.1112909783403317
6022,1.1635068183458661,24.907367448259325,10.226082838606409,1.5212015575513913
6023,1.1582738033511084,23.967791234641332,10.557169723281639,1.9149367564033375
6024,1.1589413611277612,25.27495047005424,10.453711946824967,11.726083061147412
6025,1.160333568480535,25.910891157883754,10.634113737070326,3.0022478036661138
6026,1.159234543056287,24.90695870397496,11.0277241097722,1.3922387772810056
6027,1.1581220957097267,26.463749031144694,10.533492601625536,1.065641317158737
6028,1.1561731009165612,24.337493347172614,10.860531969248234,1.2092447251220735
6029,1.1530480733397896,26.117377682647074,10.727159327622699,5.266372245018418
6030,1.155306482051681,25.154417323706483,10.73284822655121,1.7129749752462804
6033,1.151461071426097,22.59541499443974,10.390875751615573,6.156335948963768
6034,1.1535456264706243,24.560151205405685,10.67589068920571,1.762259582033395
6035,1.1515904668592654,25.235078682917667,11.084127026821243,7.503759018343321
6036,1.1532590518916181,23.623251576863257,11.862975673757717,1.3448822611054854
6037,1.1559597808914246,26.19657270888415,10.336967835853846,3.776644010036678
6038,1.1600038428656116,25.088830257964087,10.005981946368138,2.3303803066924726
6039,1.1524026062186454,23.814175925366705,11.165146476435975,3.621887665548102
6040,1.155196598108115,24.031848374956933,11.069115876848429,1.8101128102242483
6041,1.1563334471623283,24.086210207816848,11.333479617015449,1.7480868200220796
6042,1.1577272550525466,23.387729360950907,10.490467793414666,2.2452209325531527
6043,1.1587349622135232,25.312398387182803,10.7428981225122,1.7259927742326175
6044,1.1602910431398865,23.164377435316524,10.81162353295329,1.3219633888882707
6045,1.1565231788441532,25.571045914439054,10.561975649520035,4.814682769232112
6046,1.1608727252830473,25.71003275212253,11.254743696457153,1.2363799436995413
6047,1.163306138274228,24.472373129808368,10.709920385154582,1.8959037488378474
6048,1.1640055888919465,23.30430101867779,10.972254984948236,1.8622422750109064
6049,1.1636140213994923,24.311170735985645,11.229334869816086,1.8429582725953588
6050,1.165750811482985,26.403573826922194,10.76667458733451,4.286980346524549
6051,1.166403463113008,22.886734894246878,11.009431649209073,1.681312130032089
6052,1.169662055547133,23.577341514872824,10.269913119430234,1.7767619243702681
6053,1.1687047337896417,23.889769900600296,11.308226780381869,3.6146884646551114
6054,1.1700723603917076,21.21092352248933,11.215290276079806,1.2573446863224316
6055,1.1714843611977452,24.067317787563514,10.43531526575253,1.0683141413186568
6056,1.1730363012405618,23.952488960106045,10.59410310382557,1.9381028926747448
6057,1.1769728833591446,24.893065579037778,10.361625240678757,2.3603736546630643
6058,1.1714789198756075,22.784521287358057,12.003858166776535,1.4753325580990002
6059,1.1884955172208194,21.770030157039226,11.222958174140624,1.9311790694858515
6060,1.2172692817771171,22.748394794958482,10.392333280187882,0.7098760534613625
6104,1.2080402329639601,24.01083750342693,9.213548197957417,0.9890984994620836
6105,1.184114512426858,19.563862049842605,9.580304856366801,1.3518448661089322
6106,1.1718053403398478,22.06413989467284,9.69252191611804,1.2832478819530913
6107,1.1647518079954997,23.37732100287905,10.183470649452758,1.2914343370962504
6108,1.1717589988491768,21.726903573923884,9.662800074850928,2.483209979058547
6109,1.1660373803905166,24.6411496467816,11.198676379879792,1.1750041606700832
6110,1.1646986686961944,21.55069631130967,10.871872422148302,2.1021486344038682
6111,1.1644971164774052,23.108076316480933,10.856298829262508,1.038480053356978
6112,1.164705548920245,22.598863970344265,10.270608026714953,1.2552011063227462
6113,1.1650947416305228,22.265083161387274,10.882457762654996,1.5933048419678948
6114,1.1613472055891974,25.42271577468601,10.640805782033844,1.4667413676683483
6115,1.161725523633697,23.020386324015224,10.67943232236569,1.2607737370237033
6116,1.1642677354953974,23.049584302068702,10.594546359010423,2.039583733571906
6117,1.163886112852195,24.179624909160083,9.986600596771519,6.509035106525794
6118,1.1633685256629704,23.037775623169058,10.263979929585183,1.4495752030418665
6119,1.1622279806937412,24.02985925770111,10.793866551784044,2.757603303411059
6120,1.16293260442652,23.358310819534058,10.245970651953987,2.896087554503483
6121,1.1596389005745478,22.174904849365543,10.521407885470284,2.5229582855420194
6122,1.1647621955255087,24.17958873208551,10.132754523217525,1.2619275195992823
6123,1.1608200006319078,23.340635220340776,10.727937128247856,1.3431818855036783
6124,1.15782633742672,24.634241679208568,10.881157662853822,7.442665141157732
6125,1.160305852309932,25.488954553250213,10.60932443793776,2.7006894781377233
6126,1.1601524418091889,24.550651329302617,10.924918058507494,1.6990806037170607
6127,1.1602946904256117,25.997372550023616,10.478313272354749,1.6071464106400997
6128,1.1571424817421914,23.566518077687928,10.484941256061772,1.372195456238692
6129,1.1550286622791577,25.158423174549714,10.477348849899451,4.61450596089694
6130,1.156648921370413,24.268461540592657,10.958145954445323,1.723034090095462
6133,1.1535491375114428,21.514999023251956,10.552391565473194,5.220141777997134
6134,1.1541921336390497,23.506040098770498,10.676117539510383,1.8896362753454548
6135,1.153653538760631,24.504067314117606,10.787370091353033,5.225051347524502
6136,1.154088032310315,22.633451945640758,11.562707026202943,1.9105769758444031
6137,1.1550016233595417,25.694487856996233,10.68094218917393,4.935854278419188
6138,1.162190262418034,24.344808636950575,10.32291821699825,2.038168843191662
6139,1.1539067871019058,23.463624383023333,11.2190310419367,3.6337769164593388
6140,1.155700555544056,23.63261603037745,10.632620849410014,1.681377504382778
6141,1.156724708180312,23.5259672653893,11.027155905803937,1.5944438054571757
6142,1.1604980674380414,22.948833256025882,10.219870680244961,1.707421810689403
6143,1.1585655449689225,24.480840531137034,10.787467913253977,1.5420853565963109
6144,1.1621329772673148,22.97903210245151,10.854094133817128,1.1957460339113084
6145,1.1565256822361145,24.86416541339529,10.820554919558488,6.71425923635549
6146,1.1633855680716456,24.888618763842473,11.073785049483941,1.826074931311953
6147,1.1660753310367753,24.455941848575776,10.10566475972221,2.170031894891756
6148,1.163713352571678,22.85938545255108,11.233706430293434,1.9857081962297325
6149,1.1652898464596844,23.830306108729598,10.956746201963268,1.6672229058837944
6150,1.1674502998921308,26.019007576881606,11.070174287270548,3.8828150975111044
6151,1.16719639045187,22.079482232910856,10.70987760343757,1.887528471693031
6152,1.1735046095869948,22.91850019640329,10.59293987540083,2.2698844215950262
6153,1.1717958432152813,22.87605112775596,11.326604219565716,2.3672095820621712
6154,1.170593302461843,20.906883357983226,11.506178736515883,1.365139296348211
6155,1.1716503886992324,23.406106810219807,10.861873234270425,1.6275573038401645
6156,1.175056708549169,23.022451026968504,10.312491086136601,2.302984492535556
6157,1.178733917409237,23.90427256814099,10.330578396143354,1.8560233974096827
6158,1.1857336059005679,21.22746993501587,11.560212449737842,1.5156563692520246
6159,1.2211624672132537,21.54681097986167,11.626737113376707,1.1509007377192857
6205,1.2447211395843618,17.82146162215313,9.287645364062252,0.8158366536046318
6206,1.1891940534140233,21.001143397371976,9.778607786710696,0.9442766162655769
6207,1.1713114939022014,22.48836799944249,10.363618439619719,1.2219500243086499
6208,1.1772240326904744,20.674719487063946,10.215898791709177,2.826973450059474
6209,1.1723253604470951,23.696834219429515,11.241425807400063,2.014100474763902
6210,1.171760527434709,21.497732999766914,10.623612337760749,1.7156518856194583
6211,1.1710570042172423,22.802661238650227,10.990198893897109,1.5757171420820844
6212,1.1734931484790674,22.250597312355787,10.362642083107811,1.5234547915973766
6213,1.1736795824119444,21.907496195295238,10.557226188016704,1.0650771541493178
6214,1.1696111000767102,24.657852282515133,10.872800804404283,1.3044306690562162
6215,1.1727069787811184,22.49330780412275,10.157432130956723,1.011750469830893
6216,1.1714779711320946,22.767289823640805,10.818645183984096,3.633353694666202
6217,1.1715807442727932,23.645989474021878,10.509712732943852,9.54515434540086
6218,1.1710197296187022,22.85584891752242,10.14480196073346,1.705147845018604
6219,1.169940201692012,23.797881600003507,11.060453619569826,2.132896542492472
6220,1.170312358223551,22.895889823496137,10.370596003101005,3.250369755683614
6221,1.1704050202195602,22.13658736206362,10.383302572695964,3.8763248615303807
6222,1.173539843674634,23.703050234445033,10.432524150250062,1.7327286473712646
6223,1.169689692611438,22.828584894847605,10.76339266889275,1.3309814706952543
6224,1.1667635650725594,24.23447111066985,10.466594950889927,7.843822394536293
6225,1.1685447021102227,24.91257108487044,10.496670355177164,2.9465156341667518
6226,1.1697161555401416,24.217880911251072,11.070850024476828,1.4524196070681246
6227,1.1672752896742342,25.366556944967495,10.558971872702966,1.2400045474511359
6228,1.1655859812453822,23.19826132701685,10.795667284666829,1.803742865723578
6229,1.162353520695464,24.850395568358728,10.462697953182877,5.923449563216456
6230,1.1646798437444579,23.3780964314865,11.224933002719675,1.2759967390359173
6233,1.1612388743614186,21.27263172383155,10.446186222188246,5.9477964166068205
6234,1.1632046024700542,23.184591871044102,11.177235418262226,2.0796091256785627
6235,1.1611501735694572,23.97891954698543,10.784680822410243,5.7252299568025435
6236,1.1625817670545993,22.030091908972143,12.105395332401123,1.533961731013658
6237,1.1655455152486118,25.139864652282906,10.496041609948996,3.974123876105755
6238,1.171584587728645,24.053761763238146,9.739939463071886,1.8713414969073077
6239,1.1625959088748825,22.915812426592066,11.295600248966286,3.9443997019436274
6240,1.1662212398762384,23.28416797559869,10.830144006371667,1.7771775210869916
6241,1.1668436774073665,23.058886963885904,11.06215177992962,1.707918187943674
6242,1.1672494719605566,22.202486162295155,10.622767025240908,3.052001206247876
6243,1.167802699089152,24.139546413074147,10.983142621417755,2.6174211825186338
6244,1.1712205941575393,22.54525515379379,11.196358745875692,1.9908889321732772
6245,1.1676443957171763,24.145749339138774,11.012537626378817,6.66267548916068
6246,1.1710262720177331,24.726469671624805,11.577314591259007,2.1726981306173814
6247,1.175101548385271,23.543592481367533,10.521556790088567,2.1467263674629757
6248,1.1747045037746708,22.395281914092855,10.862735811887276,1.9839160812979149
6249,1.1762120206181417,23.208298199886045,10.60263782945841,1.9908572020167972
6250,1.1775566068399612,25.51553956839747,10.662534317570698,6.417802391750645
6251,1.177191560245074,21.8091307809119,11.003999147998156,1.5610223261450855
6252,1.181932667124359,22.464012849921726,10.27690723827813,1.846021145027673
6253,1.1780527845646809,22.352845588717674,11.206645288359516,3.039894089532525
6254,1.1802301485728728,20.423034415618563,11.466358531069737,1.6685149033240638
6255,1.1806319132600587,22.729037681679166,10.639982433428903,1.6478746359253316
6256,1.1831771931608328,21.940720330700703,10.289737310735708,1.839937886268348
6257,1.197516237276912,23.294022121307453,10.593479923116856,1.9738912975911656
6258,1.23458231462125,22.98987758617281,8.010710050561897,0.6650663124690697
6307,1.1837574637606734,23.967249340759004,10.627392260432227,1.16379775458702
6308,1.1782270054998583,21.297228527731857,10.625631605330105,1.6055613012744654
6309,1.1729250039872918,24.291455895405537,11.492810184484036,1.3539324113688997
6310,1.1708047335294405,21.373458391223746,10.946471474787216,2.026327498583677
6311,1.1712365093280903,22.728174594599935,10.91478345503206,1.0825010986336385
6312,1.1741785154952995,22.124970444491588,10.611411248128684,1.5129865800018663
6313,1.1740910117091827,22.072661142719106,10.941016952690468,1.1495751239484868
6314,1.171974260577663,24.781561675972977,11.369769422919486,1.8160754306241094
6315,1.1706127036532303,22.804839941631815,10.765648962415865,1.5785875764298147
6316,1.1715391349024782,22.916048368374227,10.633276924893844,2.319252066696683
6317,1.1729450520651858,23.660495495222307,10.97885047774013,5.090720259419667
6318,1.1704129324717842,23.10701375318814,10.372308463661764,1.2340017412489541
6319,1.1714665501634396,24.137923817509066,10.584424712351606,1.4993182106050913
6320,1.1711669239440459,23.485213709045627,10.92117987409878,1.9482428501874973
6321,1.16963390975522,22.58728498706338,10.541707133321118,1.8442676625695822
6322,1.1729052282782608,24.154404220734452,10.693121089330983,1.608138642489041
6323,1.1695461428674345,22.97912708885404,11.381509465566818,0.9297833053184084
6324,1.166554815261739,24.83981166012184,10.521781616248507,6.422759903211226
6325,1.1670278765237656,24.86950587526927,11.327637970259591,3.1364363724259703
6326,1.1687079359771395,24.34588403669934,11.187701691801895,1.113902553406375
6327,1.1676800574439616,25.516118692694906,10.983077667608063,1.2210539098240938
6328,1.1655792021707327,23.64159049359488,10.90958554811881,1.3862222309099435
6329,1.165456522908217,24.889693997670403,10.914333401308586,3.2745731292497413
6330,1.1633438164352472,23.87394308588038,11.58694396861383,0.9697528297881716
6333,1.1647186251002524,21.499674180880284,10.336776404583567,3.4407958619088563
6334,1.1629298615565724,23.50447168211813,10.741619101156322,1.2516640021863252
6335,1.1632617087847568,24.184056495859437,11.2439570419959,5.648664579139008
6336,1.1631893702494425,22.49007710548599,12.092381229951668,1.5358065332247912
6337,1.1675361883196924,25.401141072782,10.724104700785531,3.4230705216792
6338,1.1709435444076044,24.41128832303418,9.740587575880511,1.3412741097153886
6339,1.1634416253465483,23.151929816154194,11.18924452652435,3.0725555268922764
6340,1.164831828134419,23.498101461978305,10.793666608409422,1.825242831478068
6341,1.167190584175366,23.385439657775137,11.015693968273911,1.4507387330804802
6342,1.1688115777910348,22.805579668123084,10.734530061485753,2.902304449020984
6343,1.1703868918479767,24.461277050563254,10.915824570553633,1.4520956864724908
6344,1.1710672145850027,22.45019449731891,10.733325483893138,1.074462527565295
6345,1.1692468653836363,24.40917911124071,10.582922052792336,5.745470372389389
6346,1.1736140050325443,24.369717424035098,11.643910826224774,1.9590872081674344
6347,1.1761601080696342,23.8630794296114,10.822415184968156,1.450316192272761
6348,1.174445565722105,22.67232628010066,11.226825498797242,1.7175966511964584
6349,1.1771514646089505,23.061833734529944,11.262930191269364,2.2800364732344742
6350,1.1796456784518252,25.636354323674063,10.940800527708596,3.711347616536217
6351,1.1792228845328605,21.795022938173968,11.041129135656677,2.1604508787536725
6352,1.1812335650599013,23.029130358158163,10.436402761887937,1.7499578607225876
6353,1.1792870040345687,22.699867288219156,11.58180924017028,2.0256826269620745
6354,1.1792884677097188,20.93910266949476,11.878163123868815,1.6519444275220816
6355,1.1846314711671593,22.7644939722588,10.95350059383762,1.5255829825530969
6356,1.196079521893996,23.97144562086862,10.719892417065438,1.7664073038777814
